epoch,mode,request,kind,country,lower,upper,budget,online_ms,truth,error,within_budget,estimate,fidelity,attempts,bound,raw_count,parameter_transfer,fallback
0,adaptive,0,node,DE,8499,19664,0.05,1527.5902000139467,2178,0.00030609121518205466,True,2178.6666666666665,0.75,1,0.04094846061906214,1634,True,False
0,adaptive,0,edge,DE,8499,19664,0.05,458.5378000047058,697,0.0,True,697.0,1.0,1,0.0,697,True,True
0,adaptive,1,node,DE,4318,17183,0.1,28.46620004856959,2515,0.006494367130550093,True,2498.6666666666665,0.75,1,0.03823655993138301,1874,True,False
0,adaptive,1,edge,DE,4318,17183,0.1,51.83740000938997,955,0.0,True,955.0,1.0,1,0.0,955,True,True
0,adaptive,2,node,FR,4726,19625,0.2,21.031000011134893,4452,0.022461814914645103,True,4552.0,0.25,1,0.08632978711768131,1138,True,False
0,adaptive,2,edge,FR,4726,19625,0.2,441.96059997193515,3099,0.007923702986626542,True,3123.5555555555557,0.75,1,0.053276149609507974,1757,True,False
0,adaptive,3,node,FR,8995,12430,0.05,137.57070002611727,1029,0.0,True,1029.0,1.0,2,0.0,1029,True,True
0,adaptive,3,edge,FR,8995,12430,0.05,19.03409999795258,144,0.0,True,144.0,1.0,1,0.0,144,True,True
0,adaptive,4,node,DE,3584,11024,0.1,16.58970001153648,1456,0.016483516483516484,True,1432.0,0.75,1,0.05050815043686422,1074,True,False
0,adaptive,4,edge,DE,3584,11024,0.1,21.748200000729412,285,0.0,True,285.0,1.0,1,0.0,285,True,True
0,adaptive,5,node,DE,4667,18301,0.2,14.318799949251115,2677,0.00037355248412401944,True,2676.0,0.25,1,0.11259490585525461,669,True,False
0,adaptive,5,edge,DE,4667,18301,0.2,31.702899956144392,1058,0.015332913253518122,True,1041.7777777777778,0.75,1,0.09225074934207517,586,True,False
0,adaptive,6,node,DE,210,14107,0.05,17.101399949751794,2751,0.0049678904640736155,True,2737.3333333333335,0.75,1,0.03653163680955592,2053,True,False
0,adaptive,6,edge,DE,210,14107,0.05,36.1329999868758,1125,0.0,True,1125.0,1.0,1,0.0,1125,True,True
0,adaptive,7,node,FR,10493,16613,0.1,19.213200022932142,1826,0.007667031763417305,True,1812.0,0.75,1,0.04490077919052168,1359,True,False
0,adaptive,7,edge,FR,10493,16613,0.1,22.107400000095367,561,0.0,True,561.0,1.0,1,0.0,561,True,True
0,adaptive,8,node,FR,8115,17718,0.2,16.747599991504103,2864,0.018156424581005588,True,2916.0,0.25,1,0.10786189271805903,729,True,False
0,adaptive,8,edge,FR,8115,17718,0.2,36.37909999815747,1270,0.025721784776902946,True,1237.3333333333333,0.75,1,0.08464749117024636,696,True,False
0,adaptive,9,node,DE,13581,18896,0.05,25.359999970532954,1049,0.0,True,1049.0,1.0,2,0.0,1049,True,True
0,adaptive,9,edge,DE,13581,18896,0.05,14.14640003349632,160,0.0,True,160.0,1.0,1,0.0,160,True,True
0,adaptive,10,node,DE,7027,14299,0.1,70.66960004158318,1432,0.0018621973929237028,True,1429.3333333333333,0.75,1,0.05055524429365615,1072,True,False
0,adaptive,10,edge,DE,7027,14299,0.1,18.335399974603206,290,0.0,True,290.0,1.0,1,0.0,290,True,True
0,adaptive,11,node,FR,3329,10665,0.2,12.912400008644909,2212,0.04159132007233273,True,2304.0,0.25,1,0.12134462930781639,576,True,False
0,adaptive,11,edge,FR,3329,10665,0.2,24.997300002723932,815,0.06448534423994545,True,867.5555555555555,0.75,1,0.101090140366892,488,True,False
0,adaptive,12,node,FR,907,6480,0.05,18.907099962234497,1732,0.014626635873748994,True,1757.3333333333333,0.75,1,0.04559381165775038,1318,True,False
0,adaptive,12,edge,FR,907,6480,0.05,18.69459997396916,425,0.0,True,425.0,1.0,1,0.0,425,True,True
0,adaptive,13,node,DE,5438,12855,0.1,15.81449998775497,1427,0.004905395935529082,True,1420.0,0.75,1,0.05072111617595816,1065,True,False
0,adaptive,13,edge,DE,5438,12855,0.1,20.7941000116989,273,0.0,True,273.0,1.0,1,0.0,273,True,True
0,adaptive,14,node,FR,9466,19627,0.2,10.217600036412477,3038,0.017774851876234364,True,3092.0,0.25,1,0.10474711109538272,773,True,False
0,adaptive,14,edge,FR,9466,19627,0.2,23.21989997290075,1439,0.0017759246390240838,True,1436.4444444444443,0.75,1,0.078562090298767,808,True,False
0,adaptive,15,node,DE,749,13385,0.05,16.262500023003668,2480,0.0016129032258064516,True,2476.0,0.75,1,0.03841118045531568,1857,True,False
0,adaptive,15,edge,DE,749,13385,0.05,70.67270000698045,926,0.0,True,926.0,1.0,1,0.0,926,True,True
0,adaptive,16,node,FR,12795,15855,0.1,18.79089995054528,896,0.01041666666666671,True,905.3333333333334,0.75,1,0.06352266629932878,679,True,False
0,adaptive,16,edge,FR,12795,15855,0.1,22.249499976169318,136,0.0,True,136.0,1.0,1,0.0,136,True,True
0,adaptive,17,node,DE,3904,11539,0.2,14.893499959725887,1489,0.006044325050369375,True,1480.0,0.25,1,0.1514017653118047,370,True,False
0,adaptive,17,edge,DE,3904,11539,0.2,18.171400006394833,305,0.07905282331511831,True,280.8888888888889,0.75,1,0.17766020835451818,158,True,False
0,adaptive,18,node,DE,12229,16842,0.05,27.327199990395457,906,0.0,True,906.0,1.0,2,0.0,906,True,True
0,adaptive,18,edge,DE,12229,16842,0.05,18.78079999005422,125,0.0,True,125.0,1.0,1,0.0,125,True,True
0,adaptive,19,node,FR,759,15578,0.1,17.987500003073364,4477,0.009604645968282331,True,4520.0,0.75,1,0.02842914227222589,3390,True,False
0,adaptive,19,edge,FR,759,15578,0.1,47.67770000034943,3072,0.0,True,3072.0,1.0,1,0.0,3072,True,True
0,adaptive,20,node,DE,5406,18992,0.2,10.316899977624416,2650,0.018867924528301886,True,2700.0,0.25,1,0.11209336703293303,675,True,False
0,adaptive,20,edge,DE,5406,18992,0.2,20.58830001624301,1013,0.004935834155972359,True,1008.0,0.75,1,0.09378366078314206,567,True,False
0,adaptive,21,node,FR,3473,13175,0.05,14.211899950169027,2948,0.011307100859339716,True,2981.3333333333335,0.75,1,0.03500480852372383,2236,True,False
0,adaptive,21,edge,FR,3473,13175,0.05,25.320300017483532,1414,0.0,True,1414.0,1.0,1,0.0,1414,True,True
0,adaptive,22,node,FR,7948,16504,0.1,17.066999978851527,2542,0.0007867820613690008,True,2544.0,0.75,1,0.037894346404585534,1908,True,False
0,adaptive,22,edge,FR,7948,16504,0.1,36.36139997979626,1015,0.0,True,1015.0,1.0,1,0.0,1015,True,True
0,adaptive,23,node,DE,13954,18897,0.2,11.263500025961548,967,0.02998965873836608,True,996.0,0.25,1,0.1845576822318397,249,True,False
0,adaptive,23,edge,DE,13954,18897,0.2,31.22510004322976,140,0.0,True,140.0,1.0,2,0.0,140,True,True
0,adaptive,24,node,DE,977,11859,0.05,13.436199980787933,2149,0.00604932526756631,True,2136.0,0.75,1,0.04135541184096067,1602,True,False
0,adaptive,24,edge,DE,977,11859,0.05,24.230599985457957,676,0.0,True,676.0,1.0,1,0.0,676,True,True
0,adaptive,25,node,FR,6445,12446,0.1,13.508200005162507,1780,0.007490636704119808,True,1793.3333333333333,0.75,1,0.04513385858703547,1345,True,False
0,adaptive,25,edge,FR,6445,12446,0.1,19.829099997878075,472,0.0,True,472.0,1.0,1,0.0,472,True,True
0,adaptive,26,node,FR,7069,12150,0.2,11.205100046936423,1507,0.0696748506967485,True,1612.0,0.25,1,0.14507055680146072,403,True,False
0,adaptive,26,edge,FR,7069,12150,0.2,18.984200025442988,336,0.015873015873015817,True,341.3333333333333,0.75,1,0.16116402168330374,192,True,False
0,adaptive,27,node,DE,5517,18859,0.05,13.605399988591671,2605,0.0021753039027510614,True,2610.6666666666665,0.75,1,0.037407377489205654,1958,True,False
0,adaptive,27,edge,DE,5517,18859,0.05,25.65980004146695,969,0.0,True,969.0,1.0,1,0.0,969,True,True
0,adaptive,28,node,FR,8974,14300,0.1,13.815199956297874,1586,0.008827238335435058,True,1600.0,0.75,1,0.04778295269439565,1200,True,False
0,adaptive,28,edge,FR,8974,14300,0.1,18.86650000233203,395,0.0,True,395.0,1.0,1,0.0,395,True,True
0,adaptive,29,node,FR,4033,18193,0.2,12.09580001886934,4248,0.0160075329566855,True,4316.0,0.25,1,0.08865864277899128,1079,True,False
0,adaptive,29,edge,FR,4033,18193,0.2,32.000399951357394,2846,0.0038260326384008036,True,2856.8888888888887,0.75,1,0.05570712843097378,1607,True,False
0,adaptive,30,node,DE,5480,15447,0.05,14.50500002829358,1944,0.008916323731138508,True,1926.6666666666667,0.75,1,0.04354413647482616,1445,True,False
0,adaptive,30,edge,DE,5480,15447,0.05,22.760799969546497,520,0.0,True,520.0,1.0,1,0.0,520,True,True
0,adaptive,31,node,DE,13265,16602,0.1,14.84570000320673,658,0.007092198581560226,True,653.3333333333334,0.75,1,0.07477657444263644,490,True,False
0,adaptive,31,edge,DE,13265,16602,0.1,14.735200034920126,66,0.0,True,66.0,1.0,1,0.0,66,True,True
0,adaptive,32,node,FR,726,13594,0.2,13.563700020313263,3936,0.036585365853658534,True,4080.0,0.25,1,0.09118674535833309,1020,True,False
0,adaptive,32,edge,FR,726,13594,0.2,98.3111999812536,2390,0.023523942352394214,True,2446.222222222222,0.75,1,0.06020180235863652,1376,True,False
0,adaptive,33,node,FR,2053,12831,0.05,14.908200013451278,3283,0.008427251497613924,True,3310.6666666666665,0.75,1,0.03321813503647639,2483,True,False
0,adaptive,33,edge,FR,2053,12831,0.05,32.275900011882186,1677,0.0,True,1677.0,1.0,1,0.0,1677,True,True
0,adaptive,34,node,FR,1667,10976,0.1,15.99400001578033,2816,0.016098484848484904,True,2861.3333333333335,0.75,1,0.035731294233775066,2146,True,False
0,adaptive,34,edge,FR,1667,10976,0.1,28.426599979866296,1218,0.0,True,1218.0,1.0,1,0.0,1218,True,True
0,adaptive,35,node,DE,8535,14087,0.2,11.727899953257293,1101,0.035422343324250684,True,1140.0,0.25,1,0.17250805198218747,285,True,False
0,adaptive,35,edge,DE,8535,14087,0.2,33.8253999943845,171,0.0,True,171.0,1.0,2,0.0,171,True,True
0,adaptive,36,node,DE,4477,17070,0.05,12.566099991090596,2469,0.007965438099095388,True,2449.3333333333335,0.75,1,0.03861971174040869,1837,True,False
0,adaptive,36,edge,DE,4477,17070,0.05,30.73599998606369,920,0.0,True,920.0,1.0,1,0.0,920,True,True
0,adaptive,37,node,FR,8769,18381,0.1,11.47500000661239,2865,0.0029086678301338516,True,2873.3333333333335,0.75,1,0.03565660325717188,2155,True,False
0,adaptive,37,edge,FR,8769,18381,0.1,27.70289999898523,1271,0.0,True,1271.0,1.0,1,0.0,1271,True,True
0,adaptive,38,node,DE,5388,19453,0.2,8.802999975159764,2744,0.023323615160349854,True,2808.0,0.25,1,0.10991658958562378,702,True,False
0,adaptive,38,edge,DE,5388,19453,0.2,30.758900044020265,1079,0.011430336731541481,True,1066.6666666666667,0.75,1,0.09116813809244788,600,True,False
0,adaptive,39,node,DE,2194,16904,0.05,10.928099974989891,2879,0.006599513720041681,True,2860.0,0.75,1,0.03573962223627337,2145,True,False
0,adaptive,39,edge,DE,2194,16904,0.05,26.270000031217933,1256,0.0,True,1256.0,1.0,1,0.0,1256,True,True
0,cost_guard,0,node,DE,8499,19664,0.05,10.534000000916421,2178,0.00030609121518205466,True,2178.6666666666665,0.75,1,0.04094846061906214,1634,True,False
0,cost_guard,0,edge,DE,8499,19664,0.05,22.215700009837747,697,0.0,True,697.0,1.0,1,0.0,697,True,True
0,cost_guard,1,node,DE,4318,17183,0.1,10.678499995265156,2515,0.006494367130550093,True,2498.6666666666665,0.75,1,0.03823655993138301,1874,True,False
0,cost_guard,1,edge,DE,4318,17183,0.1,25.450199958868325,955,0.0,True,955.0,1.0,1,0.0,955,True,True
0,cost_guard,2,node,FR,4726,19625,0.2,10.028499993495643,4452,0.022461814914645103,True,4552.0,0.25,1,0.08632978711768131,1138,True,False
0,cost_guard,2,edge,FR,4726,19625,0.2,31.880799971986562,3099,0.007923702986626542,True,3123.5555555555557,0.75,1,0.053276149609507974,1757,True,False
0,cost_guard,3,node,FR,8995,12430,0.05,21.973299968522042,1029,0.0,True,1029.0,1.0,2,0.0,1029,True,True
0,cost_guard,3,edge,FR,8995,12430,0.05,12.87959999172017,144,0.0,True,144.0,1.0,1,0.0,144,True,True
0,cost_guard,4,node,DE,3584,11024,0.1,12.132700008805841,1456,0.016483516483516484,True,1432.0,0.75,1,0.05050815043686422,1074,True,False
0,cost_guard,4,edge,DE,3584,11024,0.1,16.739699989557266,285,0.0,True,285.0,1.0,1,0.0,285,True,True
0,cost_guard,5,node,DE,4667,18301,0.2,9.058299998287112,2677,0.00037355248412401944,True,2676.0,0.25,1,0.11259490585525461,669,True,False
0,cost_guard,5,edge,DE,4667,18301,0.2,20.117999985814095,1058,0.015332913253518122,True,1041.7777777777778,0.75,1,0.09225074934207517,586,True,False
0,cost_guard,6,node,DE,210,14107,0.05,10.91640000231564,2751,0.0049678904640736155,True,2737.3333333333335,0.75,1,0.03653163680955592,2053,True,False
0,cost_guard,6,edge,DE,210,14107,0.05,24.595000024419278,1125,0.0,True,1125.0,1.0,1,0.0,1125,True,True
0,cost_guard,7,node,FR,10493,16613,0.1,13.088200008496642,1826,0.007667031763417305,True,1812.0,0.75,1,0.04490077919052168,1359,True,False
0,cost_guard,7,edge,FR,10493,16613,0.1,17.518999986350536,561,0.0,True,561.0,1.0,1,0.0,561,True,True
0,cost_guard,8,node,FR,8115,17718,0.2,9.673700027633458,2864,0.018156424581005588,True,2916.0,0.25,1,0.10786189271805903,729,True,False
0,cost_guard,8,edge,FR,8115,17718,0.2,23.43020000262186,1270,0.025721784776902946,True,1237.3333333333333,0.75,1,0.08464749117024636,696,True,False
0,cost_guard,9,node,DE,13581,18896,0.05,22.826600004918873,1049,0.0,True,1049.0,1.0,2,0.0,1049,True,True
0,cost_guard,9,edge,DE,13581,18896,0.05,14.781299978494644,160,0.0,True,160.0,1.0,1,0.0,160,True,True
0,cost_guard,10,node,DE,7027,14299,0.1,10.880500019993633,1432,0.0018621973929237028,True,1429.3333333333333,0.75,1,0.05055524429365615,1072,True,False
0,cost_guard,10,edge,DE,7027,14299,0.1,16.365199990104884,290,0.0,True,290.0,1.0,1,0.0,290,True,True
0,cost_guard,11,node,FR,3329,10665,0.2,9.750999975949526,2212,0.04159132007233273,True,2304.0,0.25,1,0.12134462930781639,576,True,False
0,cost_guard,11,edge,FR,3329,10665,0.2,18.79850000841543,815,0.06448534423994545,True,867.5555555555555,0.75,1,0.101090140366892,488,True,False
0,cost_guard,12,node,FR,907,6480,0.05,11.726199998520315,1732,0.014626635873748994,True,1757.3333333333333,0.75,1,0.04559381165775038,1318,True,False
0,cost_guard,12,edge,FR,907,6480,0.05,16.882299969438463,425,0.0,True,425.0,1.0,1,0.0,425,True,True
0,cost_guard,13,node,DE,5438,12855,0.1,9.438999986741692,1427,0.004905395935529082,True,1420.0,0.75,1,0.05072111617595816,1065,True,False
0,cost_guard,13,edge,DE,5438,12855,0.1,15.457900008186698,273,0.0,True,273.0,1.0,1,0.0,273,True,True
0,cost_guard,14,node,FR,9466,19627,0.2,10.330299963243306,3038,0.017774851876234364,True,3092.0,0.25,1,0.10474711109538272,773,True,False
0,cost_guard,14,edge,FR,9466,19627,0.2,23.74720002990216,1439,0.0017759246390240838,True,1436.4444444444443,0.75,1,0.078562090298767,808,True,False
0,cost_guard,15,node,DE,749,13385,0.05,10.881599970161915,2480,0.0016129032258064516,True,2476.0,0.75,1,0.03841118045531568,1857,True,False
0,cost_guard,15,edge,DE,749,13385,0.05,22.170000011101365,926,0.0,True,926.0,1.0,1,0.0,926,True,True
0,cost_guard,16,node,FR,12795,15855,0.1,10.910300014074892,896,0.01041666666666671,True,905.3333333333334,0.75,1,0.06352266629932878,679,True,False
0,cost_guard,16,edge,FR,12795,15855,0.1,12.046499992720783,136,0.0,True,136.0,1.0,1,0.0,136,True,True
0,cost_guard,17,node,DE,3904,11539,0.2,7.488899980671704,1489,0.006044325050369375,True,1480.0,0.25,1,0.1514017653118047,370,True,False
0,cost_guard,17,edge,DE,3904,11539,0.2,16.96869998704642,305,0.07905282331511831,True,280.8888888888889,0.75,1,0.17766020835451818,158,True,False
0,cost_guard,18,node,DE,12229,16842,0.05,23.246800003107637,906,0.0,True,906.0,1.0,2,0.0,906,True,True
0,cost_guard,18,edge,DE,12229,16842,0.05,14.078800042625517,125,0.0,True,125.0,1.0,1,0.0,125,True,True
0,cost_guard,19,node,FR,759,15578,0.1,12.24260003073141,4477,0.009604645968282331,True,4520.0,0.75,1,0.02842914227222589,3390,True,False
0,cost_guard,19,edge,FR,759,15578,0.1,36.216899985447526,3072,0.0,True,3072.0,1.0,1,0.0,3072,True,True
0,cost_guard,20,node,DE,5406,18992,0.2,8.008799981325865,2650,0.018867924528301886,True,2700.0,0.25,1,0.11209336703293303,675,True,False
0,cost_guard,20,edge,DE,5406,18992,0.2,19.917799974791706,1013,0.004935834155972359,True,1008.0,0.75,1,0.09378366078314206,567,True,False
0,cost_guard,21,node,FR,3473,13175,0.05,13.479699962772429,2948,0.011307100859339716,True,2981.3333333333335,0.75,1,0.03500480852372383,2236,True,False
0,cost_guard,21,edge,FR,3473,13175,0.05,24.686799966730177,1414,0.0,True,1414.0,1.0,1,0.0,1414,True,True
0,cost_guard,22,node,FR,7948,16504,0.1,11.600600031670183,2542,0.0007867820613690008,True,2544.0,0.75,1,0.037894346404585534,1908,True,False
0,cost_guard,22,edge,FR,7948,16504,0.1,24.19759996701032,1015,0.0,True,1015.0,1.0,1,0.0,1015,True,True
0,cost_guard,23,node,DE,13954,18897,0.2,9.154199971817434,967,0.02998965873836608,True,996.0,0.25,1,0.1845576822318397,249,True,False
0,cost_guard,23,edge,DE,13954,18897,0.2,27.783399971667677,140,0.0,True,140.0,1.0,2,0.0,140,True,True
0,cost_guard,24,node,DE,977,11859,0.05,12.54749996587634,2149,0.00604932526756631,True,2136.0,0.75,1,0.04135541184096067,1602,True,False
0,cost_guard,24,edge,DE,977,11859,0.05,21.962200000416487,676,0.0,True,676.0,1.0,1,0.0,676,True,True
0,cost_guard,25,node,FR,6445,12446,0.1,11.72100001713261,1780,0.007490636704119808,True,1793.3333333333333,0.75,1,0.04513385858703547,1345,True,False
0,cost_guard,25,edge,FR,6445,12446,0.1,16.65619999403134,472,0.0,True,472.0,1.0,1,0.0,472,True,True
0,cost_guard,26,node,FR,7069,12150,0.2,8.83180001983419,1507,0.0696748506967485,True,1612.0,0.25,1,0.14507055680146072,403,True,False
0,cost_guard,26,edge,FR,7069,12150,0.2,17.163200012873858,336,0.015873015873015817,True,341.3333333333333,0.75,1,0.16116402168330374,192,True,False
0,cost_guard,27,node,DE,5517,18859,0.05,11.525099980644882,2605,0.0021753039027510614,True,2610.6666666666665,0.75,1,0.037407377489205654,1958,True,False
0,cost_guard,27,edge,DE,5517,18859,0.05,22.388799989130348,969,0.0,True,969.0,1.0,1,0.0,969,True,True
0,cost_guard,28,node,FR,8974,14300,0.1,12.219699972774833,1586,0.008827238335435058,True,1600.0,0.75,1,0.04778295269439565,1200,True,False
0,cost_guard,28,edge,FR,8974,14300,0.1,15.720200026407838,395,0.0,True,395.0,1.0,1,0.0,395,True,True
0,cost_guard,29,node,FR,4033,18193,0.2,8.360799984075129,4248,0.0160075329566855,True,4316.0,0.25,1,0.08865864277899128,1079,True,False
0,cost_guard,29,edge,FR,4033,18193,0.2,28.925799997523427,2846,0.0038260326384008036,True,2856.8888888888887,0.75,1,0.05570712843097378,1607,True,False
0,cost_guard,30,node,DE,5480,15447,0.05,10.946899943519384,1944,0.008916323731138508,True,1926.6666666666667,0.75,1,0.04354413647482616,1445,True,False
0,cost_guard,30,edge,DE,5480,15447,0.05,33.7260999949649,520,0.0,True,520.0,1.0,1,0.0,520,True,True
0,cost_guard,31,node,DE,13265,16602,0.1,15.533500001765788,658,0.007092198581560226,True,653.3333333333334,0.75,1,0.07477657444263644,490,True,False
0,cost_guard,31,edge,DE,13265,16602,0.1,31.115999969188124,66,0.0,True,66.0,1.0,1,0.0,66,True,True
0,cost_guard,32,node,FR,726,13594,0.2,11.724299984052777,3936,0.036585365853658534,True,4080.0,0.25,1,0.09118674535833309,1020,True,False
0,cost_guard,32,edge,FR,726,13594,0.2,30.256700003519654,2390,0.023523942352394214,True,2446.222222222222,0.75,1,0.06020180235863652,1376,True,False
0,cost_guard,33,node,FR,2053,12831,0.05,10.849899961613119,3283,0.008427251497613924,True,3310.6666666666665,0.75,1,0.03321813503647639,2483,True,False
0,cost_guard,33,edge,FR,2053,12831,0.05,25.29850002611056,1677,0.0,True,1677.0,1.0,1,0.0,1677,True,True
0,cost_guard,34,node,FR,1667,10976,0.1,11.502499983180314,2816,0.016098484848484904,True,2861.3333333333335,0.75,1,0.035731294233775066,2146,True,False
0,cost_guard,34,edge,FR,1667,10976,0.1,20.65640001092106,1218,0.0,True,1218.0,1.0,1,0.0,1218,True,True
0,cost_guard,35,node,DE,8535,14087,0.2,8.063799992669374,1101,0.035422343324250684,True,1140.0,0.25,1,0.17250805198218747,285,True,False
0,cost_guard,35,edge,DE,8535,14087,0.2,28.70470000198111,171,0.0,True,171.0,1.0,2,0.0,171,True,True
0,cost_guard,36,node,DE,4477,17070,0.05,9.184599970467389,2469,0.007965438099095388,True,2449.3333333333335,0.75,1,0.03861971174040869,1837,True,False
0,cost_guard,36,edge,DE,4477,17070,0.05,22.885400045197457,920,0.0,True,920.0,1.0,1,0.0,920,True,True
0,cost_guard,37,node,FR,8769,18381,0.1,13.345299987122416,2865,0.0029086678301338516,True,2873.3333333333335,0.75,1,0.03565660325717188,2155,True,False
0,cost_guard,37,edge,FR,8769,18381,0.1,22.898599971085787,1271,0.0,True,1271.0,1.0,1,0.0,1271,True,True
0,cost_guard,38,node,DE,5388,19453,0.2,9.602100006304681,2744,0.023323615160349854,True,2808.0,0.25,1,0.10991658958562378,702,True,False
0,cost_guard,38,edge,DE,5388,19453,0.2,18.03570002084598,1079,0.011430336731541481,True,1066.6666666666667,0.75,1,0.09116813809244788,600,True,False
0,cost_guard,39,node,DE,2194,16904,0.05,10.56240004254505,2879,0.006599513720041681,True,2860.0,0.75,1,0.03573962223627337,2145,True,False
0,cost_guard,39,edge,DE,2194,16904,0.05,23.24520004913211,1256,0.0,True,1256.0,1.0,1,0.0,1256,True,True
0,exact,0,node,DE,8499,19664,0.05,43.33060001954436,2178,0.0,True,2178,1.0,1,0.0,2178,False,False
0,exact,0,edge,DE,8499,19664,0.05,57.09369998658076,697,0.0,True,697,1.0,1,0.0,697,False,False
0,exact,1,node,DE,4318,17183,0.1,16.428500006441027,2515,0.0,True,2515,1.0,1,0.0,2515,False,False
0,exact,1,edge,DE,4318,17183,0.1,25.087499991059303,955,0.0,True,955,1.0,1,0.0,955,False,False
0,exact,2,node,FR,4726,19625,0.2,18.09030002914369,4452,0.0,True,4452,1.0,1,0.0,4452,False,False
0,exact,2,edge,FR,4726,19625,0.2,32.73420000914484,3099,0.0,True,3099,1.0,1,0.0,3099,False,False
0,exact,3,node,FR,8995,12430,0.05,8.80820001475513,1029,0.0,True,1029,1.0,1,0.0,1029,False,False
0,exact,3,edge,FR,8995,12430,0.05,12.450300040654838,144,0.0,True,144,1.0,1,0.0,144,False,False
0,exact,4,node,DE,3584,11024,0.1,10.426900000311434,1456,0.0,True,1456,1.0,1,0.0,1456,False,False
0,exact,4,edge,DE,3584,11024,0.1,14.58499999716878,285,0.0,True,285,1.0,1,0.0,285,False,False
0,exact,5,node,DE,4667,18301,0.2,17.35859998734668,2677,0.0,True,2677,1.0,1,0.0,2677,False,False
0,exact,5,edge,DE,4667,18301,0.2,23.87450000969693,1058,0.0,True,1058,1.0,1,0.0,1058,False,False
0,exact,6,node,DE,210,14107,0.05,14.439499995205551,2751,0.0,True,2751,1.0,1,0.0,2751,False,False
0,exact,6,edge,DE,210,14107,0.05,25.574299972504377,1125,0.0,True,1125,1.0,1,0.0,1125,False,False
0,exact,7,node,FR,10493,16613,0.1,9.789700037799776,1826,0.0,True,1826,1.0,1,0.0,1826,False,False
0,exact,7,edge,FR,10493,16613,0.1,17.877699981909245,561,0.0,True,561,1.0,1,0.0,561,False,False
0,exact,8,node,FR,8115,17718,0.2,13.407999998889863,2864,0.0,True,2864,1.0,1,0.0,2864,False,False
0,exact,8,edge,FR,8115,17718,0.2,26.68680000351742,1270,0.0,True,1270,1.0,1,0.0,1270,False,False
0,exact,9,node,DE,13581,18896,0.05,10.283100011292845,1049,0.0,True,1049,1.0,1,0.0,1049,False,False
0,exact,9,edge,DE,13581,18896,0.05,16.284499957691878,160,0.0,True,160,1.0,1,0.0,160,False,False
0,exact,10,node,DE,7027,14299,0.1,35.58119997614995,1432,0.0,True,1432,1.0,1,0.0,1432,False,False
0,exact,10,edge,DE,7027,14299,0.1,17.83719996456057,290,0.0,True,290,1.0,1,0.0,290,False,False
0,exact,11,node,FR,3329,10665,0.2,16.5358999511227,2212,0.0,True,2212,1.0,1,0.0,2212,False,False
0,exact,11,edge,FR,3329,10665,0.2,19.699800002854317,815,0.0,True,815,1.0,1,0.0,815,False,False
0,exact,12,node,FR,907,6480,0.05,12.494499969761819,1732,0.0,True,1732,1.0,1,0.0,1732,False,False
0,exact,12,edge,FR,907,6480,0.05,16.557900002226233,425,0.0,True,425,1.0,1,0.0,425,False,False
0,exact,13,node,DE,5438,12855,0.1,14.415300043765455,1427,0.0,True,1427,1.0,1,0.0,1427,False,False
0,exact,13,edge,DE,5438,12855,0.1,17.020000028423965,273,0.0,True,273,1.0,1,0.0,273,False,False
0,exact,14,node,FR,9466,19627,0.2,15.126200043596327,3038,0.0,True,3038,1.0,1,0.0,3038,False,False
0,exact,14,edge,FR,9466,19627,0.2,24.068300030194223,1439,0.0,True,1439,1.0,1,0.0,1439,False,False
0,exact,15,node,DE,749,13385,0.05,17.083900049328804,2480,0.0,True,2480,1.0,1,0.0,2480,False,False
0,exact,15,edge,DE,749,13385,0.05,18.96019995911047,926,0.0,True,926,1.0,1,0.0,926,False,False
0,exact,16,node,FR,12795,15855,0.1,9.078900038730353,896,0.0,True,896,1.0,1,0.0,896,False,False
0,exact,16,edge,FR,12795,15855,0.1,10.945799993351102,136,0.0,True,136,1.0,1,0.0,136,False,False
0,exact,17,node,DE,3904,11539,0.2,12.455099960789084,1489,0.0,True,1489,1.0,1,0.0,1489,False,False
0,exact,17,edge,DE,3904,11539,0.2,15.64569998299703,305,0.0,True,305,1.0,1,0.0,305,False,False
0,exact,18,node,DE,12229,16842,0.05,8.801100018899888,906,0.0,True,906,1.0,1,0.0,906,False,False
0,exact,18,edge,DE,12229,16842,0.05,10.443300008773804,125,0.0,True,125,1.0,1,0.0,125,False,False
0,exact,19,node,FR,759,15578,0.1,16.378600033931434,4477,0.0,True,4477,1.0,1,0.0,4477,False,False
0,exact,19,edge,FR,759,15578,0.1,28.709899983368814,3072,0.0,True,3072,1.0,1,0.0,3072,False,False
0,exact,20,node,DE,5406,18992,0.2,14.812899986281991,2650,0.0,True,2650,1.0,1,0.0,2650,False,False
0,exact,20,edge,DE,5406,18992,0.2,22.40489999530837,1013,0.0,True,1013,1.0,1,0.0,1013,False,False
0,exact,21,node,FR,3473,13175,0.05,10.95349999377504,2948,0.0,True,2948,1.0,1,0.0,2948,False,False
0,exact,21,edge,FR,3473,13175,0.05,20.815800002310425,1414,0.0,True,1414,1.0,1,0.0,1414,False,False
0,exact,22,node,FR,7948,16504,0.1,11.159099987708032,2542,0.0,True,2542,1.0,1,0.0,2542,False,False
0,exact,22,edge,FR,7948,16504,0.1,20.999100001063198,1015,0.0,True,1015,1.0,1,0.0,1015,False,False
0,exact,23,node,DE,13954,18897,0.2,9.647500002756715,967,0.0,True,967,1.0,1,0.0,967,False,False
0,exact,23,edge,DE,13954,18897,0.2,12.721900013275445,140,0.0,True,140,1.0,1,0.0,140,False,False
0,exact,24,node,DE,977,11859,0.05,28.46750000026077,2149,0.0,True,2149,1.0,1,0.0,2149,False,False
0,exact,24,edge,DE,977,11859,0.05,17.907100031152368,676,0.0,True,676,1.0,1,0.0,676,False,False
0,exact,25,node,FR,6445,12446,0.1,9.330800035968423,1780,0.0,True,1780,1.0,1,0.0,1780,False,False
0,exact,25,edge,FR,6445,12446,0.1,14.363800000865012,472,0.0,True,472,1.0,1,0.0,472,False,False
0,exact,26,node,FR,7069,12150,0.2,8.958899998106062,1507,0.0,True,1507,1.0,1,0.0,1507,False,False
0,exact,26,edge,FR,7069,12150,0.2,13.771799975074828,336,0.0,True,336,1.0,1,0.0,336,False,False
0,exact,27,node,DE,5517,18859,0.05,33.78220001468435,2605,0.0,True,2605,1.0,1,0.0,2605,False,False
0,exact,27,edge,DE,5517,18859,0.05,19.91430000634864,969,0.0,True,969,1.0,1,0.0,969,False,False
0,exact,28,node,FR,8974,14300,0.1,9.687100013252348,1586,0.0,True,1586,1.0,1,0.0,1586,False,False
0,exact,28,edge,FR,8974,14300,0.1,17.017000005580485,395,0.0,True,395,1.0,1,0.0,395,False,False
0,exact,29,node,FR,4033,18193,0.2,14.813699992373586,4248,0.0,True,4248,1.0,1,0.0,4248,False,False
0,exact,29,edge,FR,4033,18193,0.2,26.881599973421544,2846,0.0,True,2846,1.0,1,0.0,2846,False,False
0,exact,30,node,DE,5480,15447,0.05,10.750300018116832,1944,0.0,True,1944,1.0,1,0.0,1944,False,False
0,exact,30,edge,DE,5480,15447,0.05,16.17489999625832,520,0.0,True,520,1.0,1,0.0,520,False,False
0,exact,31,node,DE,13265,16602,0.1,23.918699997011572,658,0.0,True,658,1.0,1,0.0,658,False,False
0,exact,31,edge,DE,13265,16602,0.1,10.401199979241937,66,0.0,True,66,1.0,1,0.0,66,False,False
0,exact,32,node,FR,726,13594,0.2,13.380900025367737,3936,0.0,True,3936,1.0,1,0.0,3936,False,False
0,exact,32,edge,FR,726,13594,0.2,27.806100028101355,2390,0.0,True,2390,1.0,1,0.0,2390,False,False
0,exact,33,node,FR,2053,12831,0.05,12.723000021651387,3283,0.0,True,3283,1.0,1,0.0,3283,False,False
0,exact,33,edge,FR,2053,12831,0.05,24.803100037388504,1677,0.0,True,1677,1.0,1,0.0,1677,False,False
0,exact,34,node,FR,1667,10976,0.1,10.589799960143864,2816,0.0,True,2816,1.0,1,0.0,2816,False,False
0,exact,34,edge,FR,1667,10976,0.1,20.385100040584803,1218,0.0,True,1218,1.0,1,0.0,1218,False,False
0,exact,35,node,DE,8535,14087,0.2,10.752199974376708,1101,0.0,True,1101,1.0,1,0.0,1101,False,False
0,exact,35,edge,DE,8535,14087,0.2,15.600999991875142,171,0.0,True,171,1.0,1,0.0,171,False,False
0,exact,36,node,DE,4477,17070,0.05,11.248499969951808,2469,0.0,True,2469,1.0,1,0.0,2469,False,False
0,exact,36,edge,DE,4477,17070,0.05,17.56129995919764,920,0.0,True,920,1.0,1,0.0,920,False,False
0,exact,37,node,FR,8769,18381,0.1,10.481300007086247,2865,0.0,True,2865,1.0,1,0.0,2865,False,False
0,exact,37,edge,FR,8769,18381,0.1,19.067500019446015,1271,0.0,True,1271,1.0,1,0.0,1271,False,False
0,exact,38,node,DE,5388,19453,0.2,12.240800017025322,2744,0.0,True,2744,1.0,1,0.0,2744,False,False
0,exact,38,edge,DE,5388,19453,0.2,19.57670005504042,1079,0.0,True,1079,1.0,1,0.0,1079,False,False
0,exact,39,node,DE,2194,16904,0.05,13.011800008825958,2879,0.0,True,2879,1.0,1,0.0,2879,False,False
0,exact,39,edge,DE,2194,16904,0.05,21.798299974761903,1256,0.0,True,1256,1.0,1,0.0,1256,False,False
1,exact,0,node,DE,9011,15363,0.05,10.487699997611344,1248,0.0,True,1248,1.0,1,0.0,1248,False,False
1,exact,0,edge,DE,9011,15363,0.05,13.735399988945574,222,0.0,True,222,1.0,1,0.0,222,False,False
1,exact,1,node,FR,4640,10891,0.1,10.59210003586486,1880,0.0,True,1880,1.0,1,0.0,1880,False,False
1,exact,1,edge,FR,4640,10891,0.1,16.649299999698997,573,0.0,True,573,1.0,1,0.0,573,False,False
1,exact,2,node,DE,3763,12711,0.2,11.10330002848059,1755,0.0,True,1755,1.0,1,0.0,1755,False,False
1,exact,2,edge,DE,3763,12711,0.2,15.887600020505488,452,0.0,True,452,1.0,1,0.0,452,False,False
1,exact,3,node,DE,3551,16846,0.05,13.391299988143146,2616,0.0,True,2616,1.0,1,0.0,2616,False,False
1,exact,3,edge,DE,3551,16846,0.05,22.062100004404783,1022,0.0,True,1022,1.0,1,0.0,1022,False,False
1,exact,4,node,FR,7913,17763,0.1,10.623599984683096,2938,0.0,True,2938,1.0,1,0.0,2938,False,False
1,exact,4,edge,FR,7913,17763,0.1,23.09249999234453,1336,0.0,True,1336,1.0,1,0.0,1336,False,False
1,exact,5,node,DE,10421,17552,0.2,9.73260001046583,1388,0.0,True,1388,1.0,1,0.0,1388,False,False
1,exact,5,edge,DE,10421,17552,0.2,13.29590001842007,306,0.0,True,306,1.0,1,0.0,306,False,False
1,exact,6,node,DE,6872,14558,0.05,9.219300001859665,1506,0.0,True,1506,1.0,1,0.0,1506,False,False
1,exact,6,edge,DE,6872,14558,0.05,13.736099994275719,312,0.0,True,312,1.0,1,0.0,312,False,False
1,exact,7,node,DE,2125,13436,0.1,11.39939995482564,2208,0.0,True,2208,1.0,1,0.0,2208,False,False
1,exact,7,edge,DE,2125,13436,0.1,17.722399963531643,747,0.0,True,747,1.0,1,0.0,747,False,False
1,exact,8,node,FR,12067,18137,0.2,8.4762999904342,1806,0.0,True,1806,1.0,1,0.0,1806,False,False
1,exact,8,edge,FR,12067,18137,0.2,14.150200004223734,525,0.0,True,525,1.0,1,0.0,525,False,False
1,exact,9,node,DE,10626,19278,0.05,10.002699971664697,1695,0.0,True,1695,1.0,1,0.0,1695,False,False
1,exact,9,edge,DE,10626,19278,0.05,16.722300031688064,435,0.0,True,435,1.0,1,0.0,435,False,False
1,exact,10,node,DE,4869,16247,0.1,11.380800046026707,2219,0.0,True,2219,1.0,1,0.0,2219,False,False
1,exact,10,edge,DE,4869,16247,0.1,19.26249999087304,721,0.0,True,721,1.0,1,0.0,721,False,False
1,exact,11,node,DE,13050,19009,0.2,8.670499955769628,1176,0.0,True,1176,1.0,1,0.0,1176,False,False
1,exact,11,edge,DE,13050,19009,0.2,11.734900006558746,203,0.0,True,203,1.0,1,0.0,203,False,False
1,exact,12,node,DE,2870,15585,0.05,14.785999956075102,2484,0.0,True,2484,1.0,1,0.0,2484,False,False
1,exact,12,edge,DE,2870,15585,0.05,19.05670005362481,914,0.0,True,914,1.0,1,0.0,914,False,False
1,exact,13,node,FR,2514,5855,0.1,7.258599973283708,1044,0.0,True,1044,1.0,1,0.0,1044,False,False
1,exact,13,edge,FR,2514,5855,0.1,10.618500004056841,156,0.0,True,156,1.0,1,0.0,156,False,False
1,exact,14,node,DE,5497,18590,0.2,12.934600003063679,2559,0.0,True,2559,1.0,1,0.0,2559,False,False
1,exact,14,edge,DE,5497,18590,0.2,18.012299959082156,942,0.0,True,942,1.0,1,0.0,942,False,False
1,exact,15,node,FR,246,11872,0.05,10.651999968104064,3529,0.0,True,3529,1.0,1,0.0,3529,False,False
1,exact,15,edge,FR,246,11872,0.05,36.741600022651255,1893,0.0,True,1893,1.0,1,0.0,1893,False,False
1,exact,16,node,FR,5675,19175,0.1,12.43380003143102,4017,0.0,True,4017,1.0,1,0.0,4017,False,False
1,exact,16,edge,FR,5675,19175,0.1,27.132100018206984,2511,0.0,True,2511,1.0,1,0.0,2511,False,False
1,exact,17,node,FR,6369,18696,0.2,14.094799989834428,3658,0.0,True,3658,1.0,1,0.0,3658,False,False
1,exact,17,edge,FR,6369,18696,0.2,22.224899963475764,2096,0.0,True,2096,1.0,1,0.0,2096,False,False
1,exact,18,node,FR,4940,18743,0.05,14.31509997928515,4124,0.0,True,4124,1.0,1,0.0,4124,False,False
1,exact,18,edge,FR,4940,18743,0.05,28.659400006290525,2678,0.0,True,2678,1.0,1,0.0,2678,False,False
1,exact,19,node,FR,6502,12325,0.1,8.112300012726337,1723,0.0,True,1723,1.0,1,0.0,1723,False,False
1,exact,19,edge,FR,6502,12325,0.1,14.573800028301775,447,0.0,True,447,1.0,1,0.0,447,False,False
1,exact,20,node,DE,7921,18243,0.2,10.489099950063974,2008,0.0,True,2008,1.0,1,0.0,2008,False,False
1,exact,20,edge,DE,7921,18243,0.2,19.605200039222836,593,0.0,True,593,1.0,1,0.0,593,False,False
1,exact,21,node,DE,9461,19946,0.05,11.0141999903135,2030,0.0,True,2030,1.0,1,0.0,2030,False,False
1,exact,21,edge,DE,9461,19946,0.05,17.622199957259,612,0.0,True,612,1.0,1,0.0,612,False,False
1,exact,22,node,DE,5649,8920,0.1,7.03169999178499,624,0.0,True,624,1.0,1,0.0,624,False,False
1,exact,22,edge,DE,5649,8920,0.1,8.687700028531253,45,0.0,True,45,1.0,1,0.0,45,False,False
1,exact,23,node,FR,4632,13483,0.2,11.195600032806396,2697,0.0,True,2697,1.0,1,0.0,2697,False,False
1,exact,23,edge,FR,4632,13483,0.2,18.494299962185323,1161,0.0,True,1161,1.0,1,0.0,1161,False,False
1,exact,24,node,FR,1021,14477,0.05,12.017600005492568,4062,0.0,True,4062,1.0,1,0.0,4062,False,False
1,exact,24,edge,FR,1021,14477,0.05,35.86190001806244,2538,0.0,True,2538,1.0,1,0.0,2538,False,False
1,exact,25,node,FR,6888,14202,0.1,8.981799997854978,2170,0.0,True,2170,1.0,1,0.0,2170,False,False
1,exact,25,edge,FR,6888,14202,0.1,15.688600018620491,732,0.0,True,732,1.0,1,0.0,732,False,False
1,exact,26,node,DE,6374,11599,0.2,9.021700010634959,1008,0.0,True,1008,1.0,1,0.0,1008,False,False
1,exact,26,edge,DE,6374,11599,0.2,12.34630000544712,119,0.0,True,119,1.0,1,0.0,119,False,False
1,exact,27,node,DE,5828,15894,0.05,11.135999986436218,1966,0.0,True,1966,1.0,1,0.0,1966,False,False
1,exact,27,edge,DE,5828,15894,0.05,15.465600008610636,534,0.0,True,534,1.0,1,0.0,534,False,False
1,exact,28,node,FR,5746,19556,0.1,12.829400016926229,4102,0.0,True,4102,1.0,1,0.0,4102,False,False
1,exact,28,edge,FR,5746,19556,0.1,29.499800002668053,2622,0.0,True,2622,1.0,1,0.0,2622,False,False
1,exact,29,node,DE,6165,15183,0.2,10.735100018791854,1781,0.0,True,1781,1.0,1,0.0,1781,False,False
1,exact,29,edge,DE,6165,15183,0.2,15.113400004338473,429,0.0,True,429,1.0,1,0.0,429,False,False
1,exact,30,node,FR,7896,16558,0.05,10.127299989107996,2577,0.0,True,2577,1.0,1,0.0,2577,False,False
1,exact,30,edge,FR,7896,16558,0.05,18.972299993038177,1049,0.0,True,1049,1.0,1,0.0,1049,False,False
1,exact,31,node,FR,11105,15586,0.1,7.516700017731637,1354,0.0,True,1354,1.0,1,0.0,1354,False,False
1,exact,31,edge,FR,11105,15586,0.1,13.053600036073476,305,0.0,True,305,1.0,1,0.0,305,False,False
1,exact,32,node,DE,5473,13795,0.2,9.813899989239872,1618,0.0,True,1618,1.0,1,0.0,1618,False,False
1,exact,32,edge,DE,5473,13795,0.2,13.388099963776767,363,0.0,True,363,1.0,1,0.0,363,False,False
1,exact,33,node,FR,8785,12553,0.05,6.2886999803595245,1132,0.0,True,1132,1.0,1,0.0,1132,False,False
1,exact,33,edge,FR,8785,12553,0.05,10.413400013931096,181,0.0,True,181,1.0,1,0.0,181,False,False
1,exact,34,node,DE,7212,15753,0.1,8.874299994204193,1657,0.0,True,1657,1.0,1,0.0,1657,False,False
1,exact,34,edge,DE,7212,15753,0.1,14.918200031388551,378,0.0,True,378,1.0,1,0.0,378,False,False
1,exact,35,node,DE,70,9751,0.2,9.67619998846203,1910,0.0,True,1910,1.0,1,0.0,1910,False,False
1,exact,35,edge,DE,70,9751,0.2,15.63239999813959,532,0.0,True,532,1.0,1,0.0,532,False,False
1,exact,36,node,DE,4335,14160,0.05,10.400199971627444,1944,0.0,True,1944,1.0,1,0.0,1944,False,False
1,exact,36,edge,DE,4335,14160,0.05,17.009800008963794,560,0.0,True,560,1.0,1,0.0,560,False,False
1,exact,37,node,FR,5732,12072,0.1,9.247099980711937,1890,0.0,True,1890,1.0,1,0.0,1890,False,False
1,exact,37,edge,FR,5732,12072,0.1,14.754500007256866,549,0.0,True,549,1.0,1,0.0,549,False,False
1,exact,38,node,DE,5152,17869,0.2,12.1060999808833,2473,0.0,True,2473,1.0,1,0.0,2473,False,False
1,exact,38,edge,DE,5152,17869,0.2,21.637800033204257,888,0.0,True,888,1.0,1,0.0,888,False,False
1,exact,39,node,FR,6239,15701,0.05,10.130600014235824,2810,0.0,True,2810,1.0,1,0.0,2810,False,False
1,exact,39,edge,FR,6239,15701,0.05,21.910500014200807,1242,0.0,True,1242,1.0,1,0.0,1242,False,False
1,adaptive,0,node,DE,9011,15363,0.05,21.500199974980205,1248,0.0,True,1248.0,1.0,2,0.0,1248,True,True
1,adaptive,0,edge,DE,9011,15363,0.05,13.065599952824414,222,0.0,True,222.0,1.0,1,0.0,222,True,True
1,adaptive,1,node,FR,4640,10891,0.1,9.013800008688122,1880,0.022695035460992947,True,1922.6666666666667,0.75,1,0.043589408505568666,1442,True,False
1,adaptive,1,edge,FR,4640,10891,0.1,14.647700008936226,573,0.0,True,573.0,1.0,1,0.0,573,True,True
1,adaptive,2,node,DE,3763,12711,0.2,6.043700035661459,1755,0.037037037037037035,True,1820.0,0.25,1,0.13652937517213345,455,True,False
1,adaptive,2,edge,DE,3763,12711,0.2,13.989499944727868,452,0.0068829891838740834,True,455.1111111111111,0.75,1,0.13957213695380713,256,True,False
1,adaptive,3,node,DE,3551,16846,0.05,9.276499971747398,2616,0.0015290519877675841,True,2612.0,0.75,1,0.037397828700922654,1959,True,False
1,adaptive,3,edge,DE,3551,16846,0.05,22.285200015176088,1022,0.0,True,1022.0,1.0,1,0.0,1022,True,True
1,adaptive,4,node,FR,7913,17763,0.1,10.710300004575402,2938,0.0038574994327207233,True,2949.3333333333335,0.75,1,0.035194195704935205,2212,True,False
1,adaptive,4,edge,FR,7913,17763,0.1,19.78390000294894,1336,0.0,True,1336.0,1.0,1,0.0,1336,True,True
1,adaptive,5,node,DE,10421,17552,0.2,6.584299961104989,1388,0.0,True,1388.0,0.25,1,0.1563389042024506,347,True,False
1,adaptive,5,edge,DE,10421,17552,0.2,11.38310000533238,306,0.06899055918663753,True,327.1111111111111,0.75,1,0.16463031117750826,184,True,False
1,adaptive,6,node,DE,6872,14558,0.05,8.03009996889159,1506,0.012837538733953026,True,1525.3333333333333,0.75,1,0.04893849323880038,1144,True,False
1,adaptive,6,edge,DE,6872,14558,0.05,15.02799999434501,312,0.0,True,312.0,1.0,1,0.0,312,True,True
1,adaptive,7,node,DE,2125,13436,0.1,7.828000001609325,2208,0.0024154589371981365,True,2213.3333333333335,0.75,1,0.04062651429491971,1660,True,False
1,adaptive,7,edge,DE,2125,13436,0.1,17.47690001502633,747,0.0,True,747.0,1.0,1,0.0,747,True,True
1,adaptive,8,node,FR,12067,18137,0.2,6.743900012224913,1806,0.036544850498338874,True,1740.0,0.25,1,0.13963271180506978,435,True,False
1,adaptive,8,edge,FR,12067,18137,0.2,15.058599994517863,525,0.02137566137566128,True,513.7777777777778,0.75,1,0.131362011250642,289,True,False
1,adaptive,9,node,DE,10626,19278,0.05,8.482000033836812,1695,0.0009832841691249218,True,1693.3333333333333,0.75,1,0.046447436058458434,1270,True,False
1,adaptive,9,edge,DE,10626,19278,0.05,14.553100045304745,435,0.0,True,435.0,1.0,1,0.0,435,True,True
1,adaptive,10,node,DE,4869,16247,0.1,7.81850004568696,2219,0.0010515247108307728,True,2221.3333333333335,0.75,1,0.04055329131987987,1666,True,False
1,adaptive,10,edge,DE,4869,16247,0.1,20.544600032735616,721,0.0,True,721.0,1.0,1,0.0,721,True,True
1,adaptive,11,node,DE,13050,19009,0.2,7.282699982170016,1176,0.034013605442176874,True,1136.0,0.25,1,0.17281149645941854,284,True,False
1,adaptive,11,edge,DE,13050,19009,0.2,27.153100003488362,203,0.0,True,203.0,1.0,2,0.0,203,True,True
1,adaptive,12,node,DE,2870,15585,0.05,8.26140004210174,2484,0.0005367686527107427,True,2482.6666666666665,0.75,1,0.038359573310614486,1862,True,False
1,adaptive,12,edge,DE,2870,15585,0.05,18.673799990210682,914,0.0,True,914.0,1.0,1,0.0,914,True,True
1,adaptive,13,node,FR,2514,5855,0.1,9.571500006131828,1044,0.005108556832694691,True,1049.3333333333333,0.75,1,0.059003291552421934,787,True,False
1,adaptive,13,edge,FR,2514,5855,0.1,24.651599989738315,156,0.0,True,156.0,1.0,1,0.0,156,True,True
1,adaptive,14,node,DE,5497,18590,0.2,11.298400000669062,2559,0.016021883548261038,True,2600.0,0.25,1,0.11422867065419792,650,True,False
1,adaptive,14,edge,DE,5497,18590,0.2,41.02260002400726,942,0.015333805142722354,True,956.4444444444445,0.75,1,0.0962781136650677,538,True,False
1,adaptive,15,node,FR,246,11872,0.05,16.590299957897514,3529,0.011806933031075805,True,3570.6666666666665,0.75,1,0.03198588118464553,2678,True,False
1,adaptive,15,edge,FR,246,11872,0.05,29.422799998428673,1893,0.0,True,1893.0,1.0,1,0.0,1893,True,True
1,adaptive,16,node,FR,5675,19175,0.1,10.478700045496225,4017,0.012032196498215953,True,4065.3333333333335,0.75,1,0.029976774008204057,3049,True,False
1,adaptive,16,edge,FR,5675,19175,0.1,24.299299984704703,2511,0.0,True,2511.0,1.0,1,0.0,2511,True,True
1,adaptive,17,node,FR,6369,18696,0.2,8.519800030626357,3658,0.04975396391470749,True,3476.0,0.25,1,0.09879203074661806,869,True,False
1,adaptive,17,edge,FR,6369,18696,0.2,21.088199981022626,2096,0.0008481764206955287,True,2094.222222222222,0.75,1,0.06506479493437639,1178,True,False
1,adaptive,18,node,FR,4940,18743,0.05,9.91040002554655,4124,0.013255738764953194,True,4178.666666666667,0.75,1,0.029567466262947473,3134,True,False
1,adaptive,18,edge,FR,4940,18743,0.05,25.66149999620393,2678,0.0,True,2678.0,1.0,1,0.0,2678,True,True
1,adaptive,19,node,FR,6502,12325,0.1,9.278499986976385,1723,0.016831108531630876,True,1752.0,0.75,1,0.0456631558980612,1314,True,False
1,adaptive,19,edge,FR,6502,12325,0.1,13.058600015938282,447,0.0,True,447.0,1.0,1,0.0,447,True,True
1,adaptive,20,node,DE,7921,18243,0.2,6.383600004483014,2008,0.03187250996015936,True,2072.0,0.25,1,0.12795784612668007,518,True,False
1,adaptive,20,edge,DE,7921,18243,0.2,12.464999977964908,593,0.043282743114108985,True,618.6666666666666,0.75,1,0.11970963003381921,348,True,False
1,adaptive,21,node,DE,9461,19946,0.05,7.715900021139532,2030,0.014121510673234736,True,2058.6666666666665,0.75,1,0.042125004280636785,1544,True,False
1,adaptive,21,edge,DE,9461,19946,0.05,16.44879998639226,612,0.0,True,612.0,1.0,1,0.0,612,True,True
1,adaptive,22,node,DE,5649,8920,0.1,7.942600001115352,624,0.00641025641025641,True,620.0,0.75,1,0.07676038239234464,465,True,False
1,adaptive,22,edge,DE,5649,8920,0.1,7.903099991381168,45,0.0,True,45.0,1.0,1,0.0,45,True,True
1,adaptive,23,node,FR,4632,13483,0.2,6.6791000426746905,2697,0.025583982202447165,True,2628.0,0.25,1,0.1136185169622083,657,True,False
1,adaptive,23,edge,FR,4632,13483,0.2,19.352100032847375,1161,0.025935496219733924,True,1191.111111111111,0.75,1,0.08627427317491572,670,True,False
1,adaptive,24,node,FR,1021,14477,0.05,10.834599961526692,4062,0.012309207287050714,True,4112.0,0.75,1,0.029806186965104665,3084,True,False
1,adaptive,24,edge,FR,1021,14477,0.05,27.85249997396022,2538,0.0,True,2538.0,1.0,1,0.0,2538,True,True
1,adaptive,25,node,FR,6888,14202,0.1,8.583799994084984,2170,0.018125960061444003,True,2209.3333333333335,0.75,1,0.040663274834150685,1657,True,False
1,adaptive,25,edge,FR,6888,14202,0.1,16.195999982301146,732,0.0,True,732.0,1.0,1,0.0,732,True,True
1,adaptive,26,node,DE,6374,11599,0.2,6.335799989756197,1008,0.015873015873015872,True,1024.0,0.25,1,0.18201694396172458,256,True,False
1,adaptive,26,edge,DE,6374,11599,0.2,23.288400028832257,119,0.0,True,119.0,1.0,2,0.0,119,True,True
1,adaptive,27,node,DE,5828,15894,0.05,7.393500010948628,1966,0.0023736859952526667,True,1970.6666666666667,0.75,1,0.04305527713215662,1478,True,False
1,adaptive,27,edge,DE,5828,15894,0.05,15.017099969554693,534,0.0,True,534.0,1.0,1,0.0,534,True,True
1,adaptive,28,node,FR,5746,19556,0.1,9.322100027929991,4102,0.01218917601170161,True,4152.0,0.75,1,0.029662264410193175,3114,True,False
1,adaptive,28,edge,FR,5746,19556,0.1,24.651700048707426,2622,0.0,True,2622.0,1.0,1,0.0,2622,True,True
1,adaptive,29,node,DE,6165,15183,0.2,5.635400011669844,1781,0.026389668725435148,True,1828.0,0.25,1,0.13623029622549368,457,True,False
1,adaptive,29,edge,DE,6165,15183,0.2,12.526200036518276,429,0.07329707329707333,True,460.44444444444446,0.75,1,0.13876144972683935,259,True,False
1,adaptive,30,node,FR,7896,16558,0.05,9.265700005926192,2577,0.0009054456085888572,True,2574.6666666666665,0.75,1,0.037667991966181036,1931,True,False
1,adaptive,30,edge,FR,7896,16558,0.05,18.752100004348904,1049,0.0,True,1049.0,1.0,1,0.0,1049,True,True
1,adaptive,31,node,FR,11105,15586,0.1,9.74449998466298,1354,0.011324470704086601,True,1369.3333333333333,0.75,1,0.05165095837735014,1027,True,False
1,adaptive,31,edge,FR,11105,15586,0.1,12.219699972774833,305,0.0,True,305.0,1.0,1,0.0,305,True,True
1,adaptive,32,node,DE,5473,13795,0.2,6.669500027783215,1618,0.023485784919653894,True,1656.0,0.25,1,0.14313031611228247,414,True,False
1,adaptive,32,edge,DE,5473,13795,0.2,12.211699970066547,363,0.048056320783593544,True,380.44444444444446,0.75,1,0.15265527780221042,214,True,False
1,adaptive,33,node,FR,8785,12553,0.05,14.802300021983683,1132,0.0,True,1132.0,1.0,2,0.0,1132,True,True
1,adaptive,33,edge,FR,8785,12553,0.05,9.868399996776134,181,0.0,True,181.0,1.0,1,0.0,181,True,True
1,adaptive,34,node,DE,7212,15753,0.1,8.653900003992021,1657,0.007443170388251815,True,1669.3333333333333,0.75,1,0.04678013185412153,1252,True,False
1,adaptive,34,edge,DE,7212,15753,0.1,14.30769998114556,378,0.0,True,378.0,1.0,1,0.0,378,True,True
1,adaptive,35,node,DE,70,9751,0.2,7.3939000139944255,1910,0.028272251308900525,True,1964.0,0.25,1,0.13142895504138985,491,True,False
1,adaptive,35,edge,DE,70,9751,0.2,13.96430004388094,532,0.00417710944026724,True,529.7777777777778,0.75,1,0.1293631489328891,298,True,False
1,adaptive,36,node,DE,4335,14160,0.05,7.208900002297014,1944,0.00205761316872428,True,1948.0,0.75,1,0.043305045380373205,1461,True,False
1,adaptive,36,edge,DE,4335,14160,0.05,15.185800031758845,560,0.0,True,560.0,1.0,1,0.0,560,True,True
1,adaptive,37,node,FR,5732,12072,0.1,8.918299979995936,1890,0.02433862433862434,True,1936.0,0.75,1,0.043439047903996046,1452,True,False
1,adaptive,37,edge,FR,5732,12072,0.1,14.336200023535639,549,0.0,True,549.0,1.0,1,0.0,549,True,True
1,adaptive,38,node,DE,5152,17869,0.2,6.666200002655387,2473,0.022240194096239386,True,2528.0,0.25,1,0.11584392448972454,632,True,False
1,adaptive,38,edge,DE,5152,17869,0.2,13.02920002490282,888,0.025025025025024968,True,910.2222222222222,0.75,1,0.09869240450473454,512,True,False
1,adaptive,39,node,FR,6239,15701,0.05,10.10010001482442,2810,0.013523131672597865,True,2848.0,0.75,1,0.035814837238239715,2136,True,False
1,adaptive,39,edge,FR,6239,15701,0.05,19.362600054591894,1242,0.0,True,1242.0,1.0,1,0.0,1242,True,True
1,cost_guard,0,node,DE,9011,15363,0.05,16.56439999351278,1248,0.0,True,1248.0,1.0,2,0.0,1248,True,True
1,cost_guard,0,edge,DE,9011,15363,0.05,11.43660000525415,222,0.0,True,222.0,1.0,1,0.0,222,True,True
1,cost_guard,1,node,FR,4640,10891,0.1,7.7797999838367105,1880,0.022695035460992947,True,1922.6666666666667,0.75,1,0.043589408505568666,1442,True,False
1,cost_guard,1,edge,FR,4640,10891,0.1,14.108600036706775,573,0.0,True,573.0,1.0,1,0.0,573,True,True
1,cost_guard,2,node,DE,3763,12711,0.2,6.173500034492463,1755,0.037037037037037035,True,1820.0,0.25,1,0.13652937517213345,455,True,False
1,cost_guard,2,edge,DE,3763,12711,0.2,11.662899982184172,452,0.0068829891838740834,True,455.1111111111111,0.75,1,0.13957213695380713,256,True,False
1,cost_guard,3,node,DE,3551,16846,0.05,7.77399999788031,2616,0.0015290519877675841,True,2612.0,0.75,1,0.037397828700922654,1959,True,False
1,cost_guard,3,edge,DE,3551,16846,0.05,19.46400001179427,1022,0.0,True,1022.0,1.0,1,0.0,1022,True,True
1,cost_guard,4,node,FR,7913,17763,0.1,8.014900027774274,2938,0.0038574994327207233,True,2949.3333333333335,0.75,1,0.035194195704935205,2212,True,False
1,cost_guard,4,edge,FR,7913,17763,0.1,18.20280001265928,1336,0.0,True,1336.0,1.0,1,0.0,1336,True,True
1,cost_guard,5,node,DE,10421,17552,0.2,5.940000002738088,1388,0.0,True,1388.0,0.25,1,0.1563389042024506,347,True,False
1,cost_guard,5,edge,DE,10421,17552,0.2,9.83329996233806,306,0.06899055918663753,True,327.1111111111111,0.75,1,0.16463031117750826,184,True,False
1,cost_guard,6,node,DE,6872,14558,0.05,8.588099968619645,1506,0.012837538733953026,True,1525.3333333333333,0.75,1,0.04893849323880038,1144,True,False
1,cost_guard,6,edge,DE,6872,14558,0.05,12.49269995605573,312,0.0,True,312.0,1.0,1,0.0,312,True,True
1,cost_guard,7,node,DE,2125,13436,0.1,8.302500005811453,2208,0.0024154589371981365,True,2213.3333333333335,0.75,1,0.04062651429491971,1660,True,False
1,cost_guard,7,edge,DE,2125,13436,0.1,24.993499973788857,747,0.0,True,747.0,1.0,1,0.0,747,True,True
1,cost_guard,8,node,FR,12067,18137,0.2,6.69250002829358,1806,0.036544850498338874,True,1740.0,0.25,1,0.13963271180506978,435,True,False
1,cost_guard,8,edge,FR,12067,18137,0.2,14.17159999255091,525,0.02137566137566128,True,513.7777777777778,0.75,1,0.131362011250642,289,True,False
1,cost_guard,9,node,DE,10626,19278,0.05,7.698300003539771,1695,0.0009832841691249218,True,1693.3333333333333,0.75,1,0.046447436058458434,1270,True,False
1,cost_guard,9,edge,DE,10626,19278,0.05,13.932800036855042,435,0.0,True,435.0,1.0,1,0.0,435,True,True
1,cost_guard,10,node,DE,4869,16247,0.1,7.517300022300333,2219,0.0010515247108307728,True,2221.3333333333335,0.75,1,0.04055329131987987,1666,True,False
1,cost_guard,10,edge,DE,4869,16247,0.1,17.750800005160272,721,0.0,True,721.0,1.0,1,0.0,721,True,True
1,cost_guard,11,node,DE,13050,19009,0.2,6.05980004183948,1176,0.034013605442176874,True,1136.0,0.25,1,0.17281149645941854,284,True,False
1,cost_guard,11,edge,DE,13050,19009,0.2,21.50559995789081,203,0.0,True,203.0,1.0,2,0.0,203,True,True
1,cost_guard,12,node,DE,2870,15585,0.05,7.5150999473407865,2484,0.0005367686527107427,True,2482.6666666666665,0.75,1,0.038359573310614486,1862,True,False
1,cost_guard,12,edge,DE,2870,15585,0.05,19.641400023829192,914,0.0,True,914.0,1.0,1,0.0,914,True,True
1,cost_guard,13,node,FR,2514,5855,0.1,8.905399998184294,1044,0.005108556832694691,True,1049.3333333333333,0.75,1,0.059003291552421934,787,True,False
1,cost_guard,13,edge,FR,2514,5855,0.1,10.41420002002269,156,0.0,True,156.0,1.0,1,0.0,156,True,True
1,cost_guard,14,node,DE,5497,18590,0.2,6.788300001062453,2559,0.016021883548261038,True,2600.0,0.25,1,0.11422867065419792,650,True,False
1,cost_guard,14,edge,DE,5497,18590,0.2,15.189199999440461,942,0.015333805142722354,True,956.4444444444445,0.75,1,0.0962781136650677,538,True,False
1,cost_guard,15,node,FR,246,11872,0.05,8.922899956814945,3529,0.011806933031075805,True,3570.6666666666665,0.75,1,0.03198588118464553,2678,True,False
1,cost_guard,15,edge,FR,246,11872,0.05,24.94259999366477,1893,0.0,True,1893.0,1.0,1,0.0,1893,True,True
1,cost_guard,16,node,FR,5675,19175,0.1,9.364500001538545,4017,0.012032196498215953,True,4065.3333333333335,0.75,1,0.029976774008204057,3049,True,False
1,cost_guard,16,edge,FR,5675,19175,0.1,24.45840003201738,2511,0.0,True,2511.0,1.0,1,0.0,2511,True,True
1,cost_guard,17,node,FR,6369,18696,0.2,6.8292999640107155,3658,0.04975396391470749,True,3476.0,0.25,1,0.09879203074661806,869,True,False
1,cost_guard,17,edge,FR,6369,18696,0.2,20.84169996669516,2096,0.0008481764206955287,True,2094.222222222222,0.75,1,0.06506479493437639,1178,True,False
1,cost_guard,18,node,FR,4940,18743,0.05,9.637700044550002,4124,0.013255738764953194,True,4178.666666666667,0.75,1,0.029567466262947473,3134,True,False
1,cost_guard,18,edge,FR,4940,18743,0.05,26.527100009843707,2678,0.0,True,2678.0,1.0,1,0.0,2678,True,True
1,cost_guard,19,node,FR,6502,12325,0.1,9.542500018142164,1723,0.016831108531630876,True,1752.0,0.75,1,0.0456631558980612,1314,True,False
1,cost_guard,19,edge,FR,6502,12325,0.1,14.151299954392016,447,0.0,True,447.0,1.0,1,0.0,447,True,True
1,cost_guard,20,node,DE,7921,18243,0.2,6.657399993855506,2008,0.03187250996015936,True,2072.0,0.25,1,0.12795784612668007,518,True,False
1,cost_guard,20,edge,DE,7921,18243,0.2,12.92549999197945,593,0.043282743114108985,True,618.6666666666666,0.75,1,0.11970963003381921,348,True,False
1,cost_guard,21,node,DE,9461,19946,0.05,8.862599963322282,2030,0.014121510673234736,True,2058.6666666666665,0.75,1,0.042125004280636785,1544,True,False
1,cost_guard,21,edge,DE,9461,19946,0.05,32.02519996557385,612,0.0,True,612.0,1.0,1,0.0,612,True,True
1,cost_guard,22,node,DE,5649,8920,0.1,8.167400024831295,624,0.00641025641025641,True,620.0,0.75,1,0.07676038239234464,465,True,False
1,cost_guard,22,edge,DE,5649,8920,0.1,8.789899991825223,45,0.0,True,45.0,1.0,1,0.0,45,True,True
1,cost_guard,23,node,FR,4632,13483,0.2,7.632100023329258,2697,0.025583982202447165,True,2628.0,0.25,1,0.1136185169622083,657,True,False
1,cost_guard,23,edge,FR,4632,13483,0.2,19.405199971515685,1161,0.025935496219733924,True,1191.111111111111,0.75,1,0.08627427317491572,670,True,False
1,cost_guard,24,node,FR,1021,14477,0.05,8.804999990388751,4062,0.012309207287050714,True,4112.0,0.75,1,0.029806186965104665,3084,True,False
1,cost_guard,24,edge,FR,1021,14477,0.05,30.078399984631687,2538,0.0,True,2538.0,1.0,1,0.0,2538,True,True
1,cost_guard,25,node,FR,6888,14202,0.1,13.164500007405877,2170,0.018125960061444003,True,2209.3333333333335,0.75,1,0.040663274834150685,1657,True,False
1,cost_guard,25,edge,FR,6888,14202,0.1,18.112100020516664,732,0.0,True,732.0,1.0,1,0.0,732,True,True
1,cost_guard,26,node,DE,6374,11599,0.2,5.627000005915761,1008,0.015873015873015872,True,1024.0,0.25,1,0.18201694396172458,256,True,False
1,cost_guard,26,edge,DE,6374,11599,0.2,22.297099989373237,119,0.0,True,119.0,1.0,2,0.0,119,True,True
1,cost_guard,27,node,DE,5828,15894,0.05,7.603899983223528,1966,0.0023736859952526667,True,1970.6666666666667,0.75,1,0.04305527713215662,1478,True,False
1,cost_guard,27,edge,DE,5828,15894,0.05,16.41739998012781,534,0.0,True,534.0,1.0,1,0.0,534,True,True
1,cost_guard,28,node,FR,5746,19556,0.1,8.603100024629384,4102,0.01218917601170161,True,4152.0,0.75,1,0.029662264410193175,3114,True,False
1,cost_guard,28,edge,FR,5746,19556,0.1,25.011499994434416,2622,0.0,True,2622.0,1.0,1,0.0,2622,True,True
1,cost_guard,29,node,DE,6165,15183,0.2,6.152499991003424,1781,0.026389668725435148,True,1828.0,0.25,1,0.13623029622549368,457,True,False
1,cost_guard,29,edge,DE,6165,15183,0.2,11.472500045783818,429,0.07329707329707333,True,460.44444444444446,0.75,1,0.13876144972683935,259,True,False
1,cost_guard,30,node,FR,7896,16558,0.05,7.920799951534718,2577,0.0009054456085888572,True,2574.6666666666665,0.75,1,0.037667991966181036,1931,True,False
1,cost_guard,30,edge,FR,7896,16558,0.05,16.016899957321584,1049,0.0,True,1049.0,1.0,1,0.0,1049,True,True
1,cost_guard,31,node,FR,11105,15586,0.1,8.29710002290085,1354,0.011324470704086601,True,1369.3333333333333,0.75,1,0.05165095837735014,1027,True,False
1,cost_guard,31,edge,FR,11105,15586,0.1,12.511599983554333,305,0.0,True,305.0,1.0,1,0.0,305,True,True
1,cost_guard,32,node,DE,5473,13795,0.2,5.987500015180558,1618,0.023485784919653894,True,1656.0,0.25,1,0.14313031611228247,414,True,False
1,cost_guard,32,edge,DE,5473,13795,0.2,11.222100001759827,363,0.048056320783593544,True,380.44444444444446,0.75,1,0.15265527780221042,214,True,False
1,cost_guard,33,node,FR,8785,12553,0.05,14.399999985471368,1132,0.0,True,1132.0,1.0,2,0.0,1132,True,True
1,cost_guard,33,edge,FR,8785,12553,0.05,9.406099969055504,181,0.0,True,181.0,1.0,1,0.0,181,True,True
1,cost_guard,34,node,DE,7212,15753,0.1,7.467099989298731,1657,0.007443170388251815,True,1669.3333333333333,0.75,1,0.04678013185412153,1252,True,False
1,cost_guard,34,edge,DE,7212,15753,0.1,12.726300046779215,378,0.0,True,378.0,1.0,1,0.0,378,True,True
1,cost_guard,35,node,DE,70,9751,0.2,5.514999967999756,1910,0.028272251308900525,True,1964.0,0.25,1,0.13142895504138985,491,True,False
1,cost_guard,35,edge,DE,70,9751,0.2,12.144900043495,532,0.00417710944026724,True,529.7777777777778,0.75,1,0.1293631489328891,298,True,False
1,cost_guard,36,node,DE,4335,14160,0.05,7.2169000050053,1944,0.00205761316872428,True,1948.0,0.75,1,0.043305045380373205,1461,True,False
1,cost_guard,36,edge,DE,4335,14160,0.05,14.957100036554039,560,0.0,True,560.0,1.0,1,0.0,560,True,True
1,cost_guard,37,node,FR,5732,12072,0.1,8.336599974427372,1890,0.02433862433862434,True,1936.0,0.75,1,0.043439047903996046,1452,True,False
1,cost_guard,37,edge,FR,5732,12072,0.1,13.227400020696223,549,0.0,True,549.0,1.0,1,0.0,549,True,True
1,cost_guard,38,node,DE,5152,17869,0.2,6.049000017810613,2473,0.022240194096239386,True,2528.0,0.25,1,0.11584392448972454,632,True,False
1,cost_guard,38,edge,DE,5152,17869,0.2,12.883800023701042,888,0.025025025025024968,True,910.2222222222222,0.75,1,0.09869240450473454,512,True,False
1,cost_guard,39,node,FR,6239,15701,0.05,8.901699970010668,2810,0.013523131672597865,True,2848.0,0.75,1,0.035814837238239715,2136,True,False
1,cost_guard,39,edge,FR,6239,15701,0.05,17.86800002446398,1242,0.0,True,1242.0,1.0,1,0.0,1242,True,True
2,cost_guard,0,node,DE,2146,14572,0.05,8.374699973501265,2442,0.0390390390390391,True,2346.6666666666665,0.75,1,0.039455474630457454,1760,True,False
2,cost_guard,0,edge,DE,2146,14572,0.05,16.94189995760098,887,0.0,True,887.0,1.0,1,0.0,887,True,True
2,cost_guard,1,node,FR,2037,6140,0.1,8.037200022954494,1296,0.01337448559670776,True,1313.3333333333333,0.75,1,0.05274065155773908,985,True,False
2,cost_guard,1,edge,FR,2037,6140,0.1,10.308900033123791,237,0.0,True,237.0,1.0,1,0.0,237,True,True
2,cost_guard,2,node,FR,514,14818,0.2,6.64800003869459,4316,0.004633920296570899,True,4296.0,0.25,1,0.08886477800907316,1074,True,False
2,cost_guard,2,edge,FR,514,14818,0.2,21.002399967983365,2868,0.01131256779792341,True,2835.5555555555557,0.75,1,0.055916292352376884,1595,True,False
2,cost_guard,3,node,FR,4802,8989,0.05,17.609500035177916,1263,0.0,True,1263.0,1.0,2,0.0,1263,True,True
2,cost_guard,3,edge,FR,4802,8989,0.05,11.748200049623847,272,0.0,True,272.0,1.0,1,0.0,272,True,True
2,cost_guard,4,node,FR,9116,19917,0.1,8.416600001510233,3222,0.002689840678667447,True,3230.6666666666665,0.75,1,0.03362690515407195,2423,True,False
2,cost_guard,4,edge,FR,9116,19917,0.1,20.564100006595254,1607,0.0,True,1607.0,1.0,1,0.0,1607,True,True
2,cost_guard,5,node,DE,886,7676,0.2,5.792799987830222,1356,0.011799410029498525,True,1340.0,0.25,1,0.1591143677633654,335,True,False
2,cost_guard,5,edge,DE,886,7676,0.2,9.97280003502965,267,0.00790678318768197,True,264.8888888888889,0.75,1,0.18294711969218233,149,True,False
2,cost_guard,6,node,FR,11866,17951,0.05,10.851800034288317,1817,0.0075215556778573155,True,1830.6666666666667,0.75,1,0.04467127388748967,1373,True,False
2,cost_guard,6,edge,FR,11866,17951,0.05,15.122500015422702,530,0.0,True,530.0,1.0,1,0.0,530,True,True
2,cost_guard,7,node,FR,9645,15681,0.1,8.548600017093122,1814,0.0025725836089673334,True,1818.6666666666667,0.75,1,0.0448184074844063,1364,True,False
2,cost_guard,7,edge,FR,9645,15681,0.1,12.623499962501228,523,0.0,True,523.0,1.0,1,0.0,523,True,True
2,cost_guard,8,node,FR,1970,8779,0.2,5.72790001751855,2088,0.0038314176245210726,True,2080.0,0.25,1,0.12771153628111095,520,True,False
2,cost_guard,8,edge,FR,1970,8779,0.2,14.2176000517793,668,0.016633399866932762,True,679.1111111111111,0.75,1,0.1142581082157973,382,True,False
2,cost_guard,9,node,DE,4950,16506,0.05,7.278600009158254,2261,0.041721951938670274,True,2166.6666666666665,0.75,1,0.04106169977997518,1625,True,False
2,cost_guard,9,edge,DE,4950,16506,0.05,17.314299999270588,744,0.0,True,744.0,1.0,1,0.0,744,True,True
2,cost_guard,10,node,DE,3768,17618,0.1,7.7262999839149415,2703,0.04155876186952774,True,2590.6666666666665,0.75,1,0.0375514927429358,1943,True,False
2,cost_guard,10,edge,DE,3768,17618,0.1,18.00459995865822,1084,0.0,True,1084.0,1.0,1,0.0,1084,True,True
2,cost_guard,11,node,DE,976,15422,0.2,7.20059999730438,2852,0.016830294530154277,True,2804.0,0.25,1,0.10999496149546385,701,True,False
2,cost_guard,11,edge,DE,976,15422,0.2,14.646100054960698,1195,0.028544862854486264,True,1160.888888888889,0.75,1,0.08739007658406847,653,True,False
2,cost_guard,12,node,DE,1567,7988,0.05,13.670500018633902,1260,0.0,True,1260.0,1.0,2,0.0,1260,True,True
2,cost_guard,12,edge,DE,1567,7988,0.05,10.442800004966557,229,0.0,True,229.0,1.0,1,0.0,229,True,True
2,cost_guard,13,node,FR,5421,19204,0.1,6.923500041011721,4100,0.002926829268292683,True,4088.0,0.75,1,0.029893552624776384,3066,True,False
2,cost_guard,13,edge,FR,5421,19204,0.1,23.28800002578646,2624,0.0,True,2624.0,1.0,1,0.0,2624,True,True
2,cost_guard,14,node,FR,4132,15323,0.2,6.006599985994399,3369,0.0050460077174235675,True,3352.0,0.25,1,0.10060273593139073,838,True,False
2,cost_guard,14,edge,FR,4132,15323,0.2,15.801600005943328,1800,0.014320987654321016,True,1774.2222222222222,0.75,1,0.07068926074812511,998,True,False
2,cost_guard,15,node,DE,5531,19526,0.05,6.665499997325242,2726,0.04035216434336023,True,2616.0,0.75,1,0.037369226150886746,1962,True,False
2,cost_guard,15,edge,DE,5531,19526,0.05,18.49799999035895,1062,0.0,True,1062.0,1.0,1,0.0,1062,True,True
2,cost_guard,16,node,FR,1762,16365,0.1,8.068099967204034,4415,0.003699509248773053,True,4398.666666666667,0.75,1,0.028818571410621354,3299,True,False
2,cost_guard,16,edge,FR,1762,16365,0.1,24.134200008120388,3031,0.0,True,3031.0,1.0,1,0.0,3031,True,True
2,cost_guard,17,node,DE,5475,10170,0.2,6.278600019868463,905,0.01878453038674033,True,888.0,0.25,1,0.19545883854634113,222,True,False
2,cost_guard,17,edge,DE,5475,10170,0.2,17.458899994380772,97,0.0,True,97.0,1.0,2,0.0,97,True,True
2,cost_guard,18,node,FR,2076,9679,0.05,7.555799966212362,2307,0.0015893656985984028,True,2310.6666666666665,0.75,1,0.039761643272460255,1733,True,False
2,cost_guard,18,edge,FR,2076,9679,0.05,16.00449997931719,844,0.0,True,844.0,1.0,1,0.0,844,True,True
2,cost_guard,19,node,FR,4283,18070,0.1,7.870799978263676,4146,0.001447178002894356,True,4140.0,0.75,1,0.029705222092962266,3105,True,False
2,cost_guard,19,edge,FR,4283,18070,0.1,22.328199993353337,2713,0.0,True,2713.0,1.0,1,0.0,2713,True,True
2,cost_guard,20,node,DE,772,13270,0.2,6.599400017876178,2458,0.012205044751830757,True,2428.0,0.25,1,0.11820543770002999,607,True,False
2,cost_guard,20,edge,DE,772,13270,0.2,12.759000004734844,910,0.023199023199023172,True,888.8888888888889,0.75,1,0.09986969151795942,500,True,False
2,cost_guard,21,node,DE,4184,7949,0.05,12.31070002540946,741,0.0,True,741.0,1.0,2,0.0,741,True,True
2,cost_guard,21,edge,DE,4184,7949,0.05,7.973600004334003,83,0.0,True,83.0,1.0,1,0.0,83,True,True
2,cost_guard,22,node,DE,4973,9388,0.1,6.1375999939627945,881,0.052591751797200194,True,834.6666666666666,0.75,1,0.0661570969177003,626,True,False
2,cost_guard,22,edge,DE,4973,9388,0.1,8.469299995340407,106,0.0,True,106.0,1.0,1,0.0,106,True,True
2,cost_guard,23,node,FR,4592,9996,0.2,5.246699962299317,1635,0.031192660550458717,True,1584.0,0.25,1,0.1463471293595601,396,True,False
2,cost_guard,23,edge,FR,4592,9996,0.2,11.470000026747584,439,0.04024297646165532,True,421.3333333333333,0.75,1,0.14505895268837152,237,True,False
2,cost_guard,24,node,DE,3707,18229,0.05,7.214599987491965,2841,0.03930540889358202,True,2729.3333333333335,0.75,1,0.03658513691653582,2047,True,False
2,cost_guard,24,edge,DE,3707,18229,0.05,17.74950005346909,1199,0.0,True,1199.0,1.0,1,0.0,1199,True,True
2,cost_guard,25,node,DE,3494,12672,0.1,7.0463999873027205,1804,0.045084996304508455,True,1722.6666666666667,0.75,1,0.0460502878460851,1292,True,False
2,cost_guard,25,edge,DE,3494,12672,0.1,13.04839999647811,471,0.0,True,471.0,1.0,1,0.0,471,True,True
2,cost_guard,26,node,FR,255,10291,0.2,6.542499992065132,3058,0.001962066710268149,True,3064.0,0.25,1,0.10522463214951389,766,True,False
2,cost_guard,26,edge,FR,255,10291,0.2,16.42980001633987,1436,0.004642525533890489,True,1429.3333333333333,0.75,1,0.07875727591710698,804,True,False
2,cost_guard,27,node,DE,2917,17410,0.05,7.178099942393601,2822,0.03756201275690999,True,2716.0,0.75,1,0.03667482848756024,2037,True,False
2,cost_guard,27,edge,DE,2917,17410,0.05,22.900699987076223,1202,0.0,True,1202.0,1.0,1,0.0,1202,True,True
2,cost_guard,28,node,FR,3662,17699,0.1,9.438899985980242,4235,0.00448642266824085,True,4216.0,0.75,1,0.029436262912732252,3162,True,False
2,cost_guard,28,edge,FR,3662,17699,0.1,26.3474999810569,2850,0.0,True,2850.0,1.0,1,0.0,2850,True,True
2,cost_guard,29,node,DE,4587,11696,0.2,5.470700038131326,1398,0.027181688125894134,True,1360.0,0.25,1,0.1579400759374784,340,True,False
2,cost_guard,29,edge,DE,4587,11696,0.2,9.480600012466311,267,0.12775697045359968,True,232.88888888888889,0.75,1,0.19511158760542602,131,True,False
2,cost_guard,30,node,DE,308,13060,0.05,7.82440003240481,2509,0.02696957619237406,True,2441.3333333333335,0.75,1,0.03868293641314374,1831,True,False
2,cost_guard,30,edge,DE,308,13060,0.05,16.507199965417385,944,0.0,True,944.0,1.0,1,0.0,944,True,True
2,cost_guard,31,node,FR,7815,13995,0.1,7.708500022999942,1861,0.01200071646068418,True,1838.6666666666667,0.75,1,0.04457398606117735,1379,True,False
2,cost_guard,31,edge,FR,7815,13995,0.1,13.130900042597204,521,0.0,True,521.0,1.0,1,0.0,521,True,True
2,cost_guard,32,node,DE,7007,14880,0.2,6.316000013612211,1537,0.03188028627195836,True,1488.0,0.25,1,0.15099422280861052,372,True,False
2,cost_guard,32,edge,DE,7007,14880,0.2,12.795599992386997,329,0.10840932117527868,True,293.3333333333333,0.75,1,0.17385081800465016,165,True,False
2,cost_guard,33,node,DE,5004,18623,0.05,7.552199997007847,2670,0.0436953807740324,True,2553.3333333333335,0.75,1,0.037825024400937275,1915,True,False
2,cost_guard,33,edge,DE,5004,18623,0.05,20.283999969251454,1033,0.0,True,1033.0,1.0,1,0.0,1033,True,True
2,cost_guard,34,node,DE,8080,19390,0.1,6.729300017468631,2208,0.03985507246376811,True,2120.0,0.75,1,0.041511176655412575,1590,True,False
2,cost_guard,34,edge,DE,8080,19390,0.1,16.80570002645254,716,0.0,True,716.0,1.0,1,0.0,716,True,True
2,cost_guard,35,node,DE,4424,18632,0.2,5.94259996432811,2802,0.027837259100642397,True,2724.0,0.25,1,0.11159847116323417,681,True,False
2,cost_guard,35,edge,DE,4424,18632,0.2,13.755999971181154,1165,0.04625655698617074,True,1111.111111111111,0.75,1,0.08932616765043656,625,True,False
2,cost_guard,36,node,DE,5371,17429,0.05,7.281300029717386,2335,0.04296930763740192,True,2234.6666666666665,0.75,1,0.040432127943850704,1676,True,False
2,cost_guard,36,edge,DE,5371,17429,0.05,17.502499977126718,787,0.0,True,787.0,1.0,1,0.0,787,True,True
2,cost_guard,37,node,DE,11730,18642,0.1,6.966700020711869,1364,0.03812316715542522,True,1312.0,0.75,1,0.05276744386404312,984,True,False
2,cost_guard,37,edge,DE,11730,18642,0.1,13.111900014337152,278,0.0,True,278.0,1.0,1,0.0,278,True,True
2,cost_guard,38,node,FR,14809,18452,0.2,5.851399968378246,1095,0.0027397260273972603,True,1092.0,0.25,1,0.17625866543659238,273,True,False
2,cost_guard,38,edge,FR,14809,18452,0.2,20.322799973655492,189,0.0,True,189.0,1.0,2,0.0,189,True,True
2,cost_guard,39,node,DE,8779,18110,0.05,7.128199969884008,1817,0.04237754540451293,True,1740.0,0.75,1,0.04582034450714974,1305,True,False
2,cost_guard,39,edge,DE,8779,18110,0.05,14.708300004713237,494,0.0,True,494.0,1.0,1,0.0,494,True,True
2,adaptive,0,node,DE,2146,14572,0.05,9.298999968450516,2442,0.0390390390390391,True,2346.6666666666665,0.75,1,0.039455474630457454,1760,True,False
2,adaptive,0,edge,DE,2146,14572,0.05,17.361699952743948,887,0.0,True,887.0,1.0,1,0.0,887,True,True
2,adaptive,1,node,FR,2037,6140,0.1,7.769900024868548,1296,0.01337448559670776,True,1313.3333333333333,0.75,1,0.05274065155773908,985,True,False
2,adaptive,1,edge,FR,2037,6140,0.1,11.063599959015846,237,0.0,True,237.0,1.0,1,0.0,237,True,True
2,adaptive,2,node,FR,514,14818,0.2,6.099999998696148,4316,0.004633920296570899,True,4296.0,0.25,1,0.08886477800907316,1074,True,False
2,adaptive,2,edge,FR,514,14818,0.2,19.955000025220215,2868,0.01131256779792341,True,2835.5555555555557,0.75,1,0.055916292352376884,1595,True,False
2,adaptive,3,node,FR,4802,8989,0.05,15.410399995744228,1263,0.0,True,1263.0,1.0,2,0.0,1263,True,True
2,adaptive,3,edge,FR,4802,8989,0.05,10.923599998932332,272,0.0,True,272.0,1.0,1,0.0,272,True,True
2,adaptive,4,node,FR,9116,19917,0.1,7.954400032758713,3222,0.002689840678667447,True,3230.6666666666665,0.75,1,0.03362690515407195,2423,True,False
2,adaptive,4,edge,FR,9116,19917,0.1,19.904299988411367,1607,0.0,True,1607.0,1.0,1,0.0,1607,True,True
2,adaptive,5,node,DE,886,7676,0.2,5.793599993921816,1356,0.011799410029498525,True,1340.0,0.25,1,0.1591143677633654,335,True,False
2,adaptive,5,edge,DE,886,7676,0.2,10.030100005678833,267,0.00790678318768197,True,264.8888888888889,0.75,1,0.18294711969218233,149,True,False
2,adaptive,6,node,FR,11866,17951,0.05,8.179600001312792,1817,0.0075215556778573155,True,1830.6666666666667,0.75,1,0.04467127388748967,1373,True,False
2,adaptive,6,edge,FR,11866,17951,0.05,13.941699988208711,530,0.0,True,530.0,1.0,1,0.0,530,True,True
2,adaptive,7,node,FR,9645,15681,0.1,10.787200008053333,1814,0.0025725836089673334,True,1818.6666666666667,0.75,1,0.0448184074844063,1364,True,False
2,adaptive,7,edge,FR,9645,15681,0.1,14.954999962355942,523,0.0,True,523.0,1.0,1,0.0,523,True,True
2,adaptive,8,node,FR,1970,8779,0.2,6.198899995069951,2088,0.0038314176245210726,True,2080.0,0.25,1,0.12771153628111095,520,True,False
2,adaptive,8,edge,FR,1970,8779,0.2,15.547199989669025,668,0.016633399866932762,True,679.1111111111111,0.75,1,0.1142581082157973,382,True,False
2,adaptive,9,node,DE,4950,16506,0.05,8.780200034379959,2261,0.041721951938670274,True,2166.6666666666665,0.75,1,0.04106169977997518,1625,True,False
2,adaptive,9,edge,DE,4950,16506,0.05,18.05459999013692,744,0.0,True,744.0,1.0,1,0.0,744,True,True
2,adaptive,10,node,DE,3768,17618,0.1,8.09999997727573,2703,0.04155876186952774,True,2590.6666666666665,0.75,1,0.0375514927429358,1943,True,False
2,adaptive,10,edge,DE,3768,17618,0.1,21.338899969123304,1084,0.0,True,1084.0,1.0,1,0.0,1084,True,True
2,adaptive,11,node,DE,976,15422,0.2,5.904399964492768,2852,0.016830294530154277,True,2804.0,0.25,1,0.10999496149546385,701,True,False
2,adaptive,11,edge,DE,976,15422,0.2,15.512800018768758,1195,0.028544862854486264,True,1160.888888888889,0.75,1,0.08739007658406847,653,True,False
2,adaptive,12,node,DE,1567,7988,0.05,14.938800013624132,1260,0.0,True,1260.0,1.0,2,0.0,1260,True,True
2,adaptive,12,edge,DE,1567,7988,0.05,12.047800002619624,229,0.0,True,229.0,1.0,1,0.0,229,True,True
2,adaptive,13,node,FR,5421,19204,0.1,8.71919997734949,4100,0.002926829268292683,True,4088.0,0.75,1,0.029893552624776384,3066,True,False
2,adaptive,13,edge,FR,5421,19204,0.1,24.635000037960708,2624,0.0,True,2624.0,1.0,1,0.0,2624,True,True
2,adaptive,14,node,FR,4132,15323,0.2,6.625300040468574,3369,0.0050460077174235675,True,3352.0,0.25,1,0.10060273593139073,838,True,False
2,adaptive,14,edge,FR,4132,15323,0.2,17.193299951031804,1800,0.014320987654321016,True,1774.2222222222222,0.75,1,0.07068926074812511,998,True,False
2,adaptive,15,node,DE,5531,19526,0.05,7.922700024209917,2726,0.04035216434336023,True,2616.0,0.75,1,0.037369226150886746,1962,True,False
2,adaptive,15,edge,DE,5531,19526,0.05,20.926399971358478,1062,0.0,True,1062.0,1.0,1,0.0,1062,True,True
2,adaptive,16,node,FR,1762,16365,0.1,8.947799971792847,4415,0.003699509248773053,True,4398.666666666667,0.75,1,0.028818571410621354,3299,True,False
2,adaptive,16,edge,FR,1762,16365,0.1,26.943500037305057,3031,0.0,True,3031.0,1.0,1,0.0,3031,True,True
2,adaptive,17,node,DE,5475,10170,0.2,6.193600012920797,905,0.01878453038674033,True,888.0,0.25,1,0.19545883854634113,222,True,False
2,adaptive,17,edge,DE,5475,10170,0.2,19.862900022417307,97,0.0,True,97.0,1.0,2,0.0,97,True,True
2,adaptive,18,node,FR,2076,9679,0.05,8.967000001575798,2307,0.0015893656985984028,True,2310.6666666666665,0.75,1,0.039761643272460255,1733,True,False
2,adaptive,18,edge,FR,2076,9679,0.05,15.190399950370193,844,0.0,True,844.0,1.0,1,0.0,844,True,True
2,adaptive,19,node,FR,4283,18070,0.1,7.775300007779151,4146,0.001447178002894356,True,4140.0,0.75,1,0.029705222092962266,3105,True,False
2,adaptive,19,edge,FR,4283,18070,0.1,26.619300013408065,2713,0.0,True,2713.0,1.0,1,0.0,2713,True,True
2,adaptive,20,node,DE,772,13270,0.2,5.818000005092472,2458,0.012205044751830757,True,2428.0,0.25,1,0.11820543770002999,607,True,False
2,adaptive,20,edge,DE,772,13270,0.2,11.736600019503385,910,0.023199023199023172,True,888.8888888888889,0.75,1,0.09986969151795942,500,True,False
2,adaptive,21,node,DE,4184,7949,0.05,12.955799989867955,741,0.0,True,741.0,1.0,2,0.0,741,True,True
2,adaptive,21,edge,DE,4184,7949,0.05,8.275100030004978,83,0.0,True,83.0,1.0,1,0.0,83,True,True
2,adaptive,22,node,DE,4973,9388,0.1,6.665499997325242,881,0.052591751797200194,True,834.6666666666666,0.75,1,0.0661570969177003,626,True,False
2,adaptive,22,edge,DE,4973,9388,0.1,9.541700012050569,106,0.0,True,106.0,1.0,1,0.0,106,True,True
2,adaptive,23,node,FR,4592,9996,0.2,6.205399986356497,1635,0.031192660550458717,True,1584.0,0.25,1,0.1463471293595601,396,True,False
2,adaptive,23,edge,FR,4592,9996,0.2,12.610199977643788,439,0.04024297646165532,True,421.3333333333333,0.75,1,0.14505895268837152,237,True,False
2,adaptive,24,node,DE,3707,18229,0.05,6.5475000301375985,2841,0.03930540889358202,True,2729.3333333333335,0.75,1,0.03658513691653582,2047,True,False
2,adaptive,24,edge,DE,3707,18229,0.05,18.596199981402606,1199,0.0,True,1199.0,1.0,1,0.0,1199,True,True
2,adaptive,25,node,DE,3494,12672,0.1,8.03470000391826,1804,0.045084996304508455,True,1722.6666666666667,0.75,1,0.0460502878460851,1292,True,False
2,adaptive,25,edge,DE,3494,12672,0.1,13.165099953766912,471,0.0,True,471.0,1.0,1,0.0,471,True,True
2,adaptive,26,node,FR,255,10291,0.2,6.308900017756969,3058,0.001962066710268149,True,3064.0,0.25,1,0.10522463214951389,766,True,False
2,adaptive,26,edge,FR,255,10291,0.2,16.26359997317195,1436,0.004642525533890489,True,1429.3333333333333,0.75,1,0.07875727591710698,804,True,False
2,adaptive,27,node,DE,2917,17410,0.05,7.688899990171194,2822,0.03756201275690999,True,2716.0,0.75,1,0.03667482848756024,2037,True,False
2,adaptive,27,edge,DE,2917,17410,0.05,20.547400054056197,1202,0.0,True,1202.0,1.0,1,0.0,1202,True,True
2,adaptive,28,node,FR,3662,17699,0.1,8.59759998274967,4235,0.00448642266824085,True,4216.0,0.75,1,0.029436262912732252,3162,True,False
2,adaptive,28,edge,FR,3662,17699,0.1,26.066899998113513,2850,0.0,True,2850.0,1.0,1,0.0,2850,True,True
2,adaptive,29,node,DE,4587,11696,0.2,7.205699977930635,1398,0.027181688125894134,True,1360.0,0.25,1,0.1579400759374784,340,True,False
2,adaptive,29,edge,DE,4587,11696,0.2,12.130799994338304,267,0.12775697045359968,True,232.88888888888889,0.75,1,0.19511158760542602,131,True,False
2,adaptive,30,node,DE,308,13060,0.05,8.114399970509112,2509,0.02696957619237406,True,2441.3333333333335,0.75,1,0.03868293641314374,1831,True,False
2,adaptive,30,edge,DE,308,13060,0.05,19.418300013057888,944,0.0,True,944.0,1.0,1,0.0,944,True,True
2,adaptive,31,node,FR,7815,13995,0.1,8.802800031844527,1861,0.01200071646068418,True,1838.6666666666667,0.75,1,0.04457398606117735,1379,True,False
2,adaptive,31,edge,FR,7815,13995,0.1,14.531900000292808,521,0.0,True,521.0,1.0,1,0.0,521,True,True
2,adaptive,32,node,DE,7007,14880,0.2,5.837800039444119,1537,0.03188028627195836,True,1488.0,0.25,1,0.15099422280861052,372,True,False
2,adaptive,32,edge,DE,7007,14880,0.2,11.153700004797429,329,0.10840932117527868,True,293.3333333333333,0.75,1,0.17385081800465016,165,True,False
2,adaptive,33,node,DE,5004,18623,0.05,6.435799994505942,2670,0.0436953807740324,True,2553.3333333333335,0.75,1,0.037825024400937275,1915,True,False
2,adaptive,33,edge,DE,5004,18623,0.05,20.006400009151548,1033,0.0,True,1033.0,1.0,1,0.0,1033,True,True
2,adaptive,34,node,DE,8080,19390,0.1,7.1721000131219625,2208,0.03985507246376811,True,2120.0,0.75,1,0.041511176655412575,1590,True,False
2,adaptive,34,edge,DE,8080,19390,0.1,17.751900013536215,716,0.0,True,716.0,1.0,1,0.0,716,True,True
2,adaptive,35,node,DE,4424,18632,0.2,6.471199973020703,2802,0.027837259100642397,True,2724.0,0.25,1,0.11159847116323417,681,True,False
2,adaptive,35,edge,DE,4424,18632,0.2,15.62650001142174,1165,0.04625655698617074,True,1111.111111111111,0.75,1,0.08932616765043656,625,True,False
2,adaptive,36,node,DE,5371,17429,0.05,7.985500036738813,2335,0.04296930763740192,True,2234.6666666666665,0.75,1,0.040432127943850704,1676,True,False
2,adaptive,36,edge,DE,5371,17429,0.05,29.07809999305755,787,0.0,True,787.0,1.0,1,0.0,787,True,True
2,adaptive,37,node,DE,11730,18642,0.1,11.199200002010912,1364,0.03812316715542522,True,1312.0,0.75,1,0.05276744386404312,984,True,False
2,adaptive,37,edge,DE,11730,18642,0.1,26.102499978151172,278,0.0,True,278.0,1.0,1,0.0,278,True,True
2,adaptive,38,node,FR,14809,18452,0.2,9.433499944861978,1095,0.0027397260273972603,True,1092.0,0.25,1,0.17625866543659238,273,True,False
2,adaptive,38,edge,FR,14809,18452,0.2,25.490599975455552,189,0.0,True,189.0,1.0,2,0.0,189,True,True
2,adaptive,39,node,DE,8779,18110,0.05,8.226800011470914,1817,0.04237754540451293,True,1740.0,0.75,1,0.04582034450714974,1305,True,False
2,adaptive,39,edge,DE,8779,18110,0.05,18.02979997592047,494,0.0,True,494.0,1.0,1,0.0,494,True,True
2,exact,0,node,DE,2146,14572,0.05,12.55959999980405,2442,0.0,True,2442,1.0,1,0.0,2442,False,False
2,exact,0,edge,DE,2146,14572,0.05,20.212499948684126,887,0.0,True,887,1.0,1,0.0,887,False,False
2,exact,1,node,FR,2037,6140,0.1,7.531800016295165,1296,0.0,True,1296,1.0,1,0.0,1296,False,False
2,exact,1,edge,FR,2037,6140,0.1,11.69740001205355,237,0.0,True,237,1.0,1,0.0,237,False,False
2,exact,2,node,FR,514,14818,0.2,12.208600004669279,4316,0.0,True,4316,1.0,1,0.0,4316,False,False
2,exact,2,edge,FR,514,14818,0.2,28.071700013242662,2868,0.0,True,2868,1.0,1,0.0,2868,False,False
2,exact,3,node,FR,4802,8989,0.05,7.107699988409877,1263,0.0,True,1263,1.0,1,0.0,1263,False,False
2,exact,3,edge,FR,4802,8989,0.05,11.609000037424266,272,0.0,True,272,1.0,1,0.0,272,False,False
2,exact,4,node,FR,9116,19917,0.1,10.426900000311434,3222,0.0,True,3222,1.0,1,0.0,3222,False,False
2,exact,4,edge,FR,9116,19917,0.1,21.911800024099648,1607,0.0,True,1607,1.0,1,0.0,1607,False,False
2,exact,5,node,DE,886,7676,0.2,7.507200003601611,1356,0.0,True,1356,1.0,1,0.0,1356,False,False
2,exact,5,edge,DE,886,7676,0.2,12.855399982072413,267,0.0,True,267,1.0,1,0.0,267,False,False
2,exact,6,node,FR,11866,17951,0.05,8.004799950867891,1817,0.0,True,1817,1.0,1,0.0,1817,False,False
2,exact,6,edge,FR,11866,17951,0.05,14.989799994509667,530,0.0,True,530,1.0,1,0.0,530,False,False
2,exact,7,node,FR,9645,15681,0.1,8.176399976946414,1814,0.0,True,1814,1.0,1,0.0,1814,False,False
2,exact,7,edge,FR,9645,15681,0.1,15.478000044822693,523,0.0,True,523,1.0,1,0.0,523,False,False
2,exact,8,node,FR,1970,8779,0.2,8.358700026292354,2088,0.0,True,2088,1.0,1,0.0,2088,False,False
2,exact,8,edge,FR,1970,8779,0.2,16.190199996344745,668,0.0,True,668,1.0,1,0.0,668,False,False
2,exact,9,node,DE,4950,16506,0.05,10.425600048620254,2261,0.0,True,2261,1.0,1,0.0,2261,False,False
2,exact,9,edge,DE,4950,16506,0.05,16.158699989318848,744,0.0,True,744,1.0,1,0.0,744,False,False
2,exact,10,node,DE,3768,17618,0.1,12.51069997670129,2703,0.0,True,2703,1.0,1,0.0,2703,False,False
2,exact,10,edge,DE,3768,17618,0.1,21.562200039625168,1084,0.0,True,1084,1.0,1,0.0,1084,False,False
2,exact,11,node,DE,976,15422,0.2,12.563700031023473,2852,0.0,True,2852,1.0,1,0.0,2852,False,False
2,exact,11,edge,DE,976,15422,0.2,21.37060003587976,1195,0.0,True,1195,1.0,1,0.0,1195,False,False
2,exact,12,node,DE,1567,7988,0.05,7.840900041628629,1260,0.0,True,1260,1.0,1,0.0,1260,False,False
2,exact,12,edge,DE,1567,7988,0.05,12.183599988929927,229,0.0,True,229,1.0,1,0.0,229,False,False
2,exact,13,node,FR,5421,19204,0.1,12.052599980961531,4100,0.0,True,4100,1.0,1,0.0,4100,False,False
2,exact,13,edge,FR,5421,19204,0.1,25.684199994429946,2624,0.0,True,2624,1.0,1,0.0,2624,False,False
2,exact,14,node,FR,4132,15323,0.2,10.327999945729971,3369,0.0,True,3369,1.0,1,0.0,3369,False,False
2,exact,14,edge,FR,4132,15323,0.2,23.098499979823828,1800,0.0,True,1800,1.0,1,0.0,1800,False,False
2,exact,15,node,DE,5531,19526,0.05,11.119800037704408,2726,0.0,True,2726,1.0,1,0.0,2726,False,False
2,exact,15,edge,DE,5531,19526,0.05,20.235100004356354,1062,0.0,True,1062,1.0,1,0.0,1062,False,False
2,exact,16,node,FR,1762,16365,0.1,11.638399970252067,4415,0.0,True,4415,1.0,1,0.0,4415,False,False
2,exact,16,edge,FR,1762,16365,0.1,26.56670002033934,3031,0.0,True,3031,1.0,1,0.0,3031,False,False
2,exact,17,node,DE,5475,10170,0.2,6.837099965196103,905,0.0,True,905,1.0,1,0.0,905,False,False
2,exact,17,edge,DE,5475,10170,0.2,8.777700015343726,97,0.0,True,97,1.0,1,0.0,97,False,False
2,exact,18,node,FR,2076,9679,0.05,8.568299992475659,2307,0.0,True,2307,1.0,1,0.0,2307,False,False
2,exact,18,edge,FR,2076,9679,0.05,15.36570000462234,844,0.0,True,844,1.0,1,0.0,844,False,False
2,exact,19,node,FR,4283,18070,0.1,18.602000025566667,4146,0.0,True,4146,1.0,1,0.0,4146,False,False
2,exact,19,edge,FR,4283,18070,0.1,24.97520000906661,2713,0.0,True,2713,1.0,1,0.0,2713,False,False
2,exact,20,node,DE,772,13270,0.2,13.091200031340122,2458,0.0,True,2458,1.0,1,0.0,2458,False,False
2,exact,20,edge,DE,772,13270,0.2,24.356500012800097,910,0.0,True,910,1.0,1,0.0,910,False,False
2,exact,21,node,DE,4184,7949,0.05,8.006200019735843,741,0.0,True,741,1.0,1,0.0,741,False,False
2,exact,21,edge,DE,4184,7949,0.05,9.222199965734035,83,0.0,True,83,1.0,1,0.0,83,False,False
2,exact,22,node,DE,4973,9388,0.1,12.899999972432852,881,0.0,True,881,1.0,1,0.0,881,False,False
2,exact,22,edge,DE,4973,9388,0.1,14.040699985343963,106,0.0,True,106,1.0,1,0.0,106,False,False
2,exact,23,node,FR,4592,9996,0.2,10.366000002250075,1635,0.0,True,1635,1.0,1,0.0,1635,False,False
2,exact,23,edge,FR,4592,9996,0.2,14.502799953334033,439,0.0,True,439,1.0,1,0.0,439,False,False
2,exact,24,node,DE,3707,18229,0.05,14.23369999974966,2841,0.0,True,2841,1.0,1,0.0,2841,False,False
2,exact,24,edge,DE,3707,18229,0.05,21.340000035706908,1199,0.0,True,1199,1.0,1,0.0,1199,False,False
2,exact,25,node,DE,3494,12672,0.1,8.960600011050701,1804,0.0,True,1804,1.0,1,0.0,1804,False,False
2,exact,25,edge,DE,3494,12672,0.1,15.129900013562292,471,0.0,True,471,1.0,1,0.0,471,False,False
2,exact,26,node,FR,255,10291,0.2,11.832299991510808,3058,0.0,True,3058,1.0,1,0.0,3058,False,False
2,exact,26,edge,FR,255,10291,0.2,20.91849996941164,1436,0.0,True,1436,1.0,1,0.0,1436,False,False
2,exact,27,node,DE,2917,17410,0.05,12.128499976824969,2822,0.0,True,2822,1.0,1,0.0,2822,False,False
2,exact,27,edge,DE,2917,17410,0.05,24.262199993245304,1202,0.0,True,1202,1.0,1,0.0,1202,False,False
2,exact,28,node,FR,3662,17699,0.1,13.210700009949505,4235,0.0,True,4235,1.0,1,0.0,4235,False,False
2,exact,28,edge,FR,3662,17699,0.1,26.327600004151464,2850,0.0,True,2850,1.0,1,0.0,2850,False,False
2,exact,29,node,DE,4587,11696,0.2,8.12060001771897,1398,0.0,True,1398,1.0,1,0.0,1398,False,False
2,exact,29,edge,DE,4587,11696,0.2,12.367399991489947,267,0.0,True,267,1.0,1,0.0,267,False,False
2,exact,30,node,DE,308,13060,0.05,10.380699997767806,2509,0.0,True,2509,1.0,1,0.0,2509,False,False
2,exact,30,edge,DE,308,13060,0.05,19.00279999244958,944,0.0,True,944,1.0,1,0.0,944,False,False
2,exact,31,node,FR,7815,13995,0.1,7.9641000484116375,1861,0.0,True,1861,1.0,1,0.0,1861,False,False
2,exact,31,edge,FR,7815,13995,0.1,17.302600026596338,521,0.0,True,521,1.0,1,0.0,521,False,False
2,exact,32,node,DE,7007,14880,0.2,8.036699960939586,1537,0.0,True,1537,1.0,1,0.0,1537,False,False
2,exact,32,edge,DE,7007,14880,0.2,13.409000006504357,329,0.0,True,329,1.0,1,0.0,329,False,False
2,exact,33,node,DE,5004,18623,0.05,12.382999993860722,2670,0.0,True,2670,1.0,1,0.0,2670,False,False
2,exact,33,edge,DE,5004,18623,0.05,19.818199973087758,1033,0.0,True,1033,1.0,1,0.0,1033,False,False
2,exact,34,node,DE,8080,19390,0.1,10.566299955826253,2208,0.0,True,2208,1.0,1,0.0,2208,False,False
2,exact,34,edge,DE,8080,19390,0.1,17.22510001854971,716,0.0,True,716,1.0,1,0.0,716,False,False
2,exact,35,node,DE,4424,18632,0.2,12.742099992465228,2802,0.0,True,2802,1.0,1,0.0,2802,False,False
2,exact,35,edge,DE,4424,18632,0.2,21.84180001495406,1165,0.0,True,1165,1.0,1,0.0,1165,False,False
2,exact,36,node,DE,5371,17429,0.05,12.181200028862804,2335,0.0,True,2335,1.0,1,0.0,2335,False,False
2,exact,36,edge,DE,5371,17429,0.05,16.48890000069514,787,0.0,True,787,1.0,1,0.0,787,False,False
2,exact,37,node,DE,11730,18642,0.1,7.515600009355694,1364,0.0,True,1364,1.0,1,0.0,1364,False,False
2,exact,37,edge,DE,11730,18642,0.1,11.56399998581037,278,0.0,True,278,1.0,1,0.0,278,False,False
2,exact,38,node,FR,14809,18452,0.2,5.677200038917363,1095,0.0,True,1095,1.0,1,0.0,1095,False,False
2,exact,38,edge,FR,14809,18452,0.2,9.884400002192706,189,0.0,True,189,1.0,1,0.0,189,False,False
2,exact,39,node,DE,8779,18110,0.05,8.540800015907735,1817,0.0,True,1817,1.0,1,0.0,1817,False,False
2,exact,39,edge,DE,8779,18110,0.05,12.776500021573156,494,0.0,True,494,1.0,1,0.0,494,False,False
3,adaptive,0,node,DE,2878,9984,0.05,15.706800040788949,1376,0.0,True,1376.0,1.0,2,0.0,1376,True,True
3,adaptive,0,edge,DE,2878,9984,0.05,13.13450001180172,276,0.0,True,276.0,1.0,1,0.0,276,True,True
3,adaptive,1,node,DE,3213,17913,0.1,6.38869998510927,2879,0.0026629616765079943,True,2886.6666666666665,0.75,1,0.035574160133547895,2165,True,False
3,adaptive,1,edge,DE,3213,17913,0.1,21.824600000400096,1245,0.0,True,1245.0,1.0,1,0.0,1245,True,True
3,adaptive,2,node,FR,5226,19258,0.2,5.259500001557171,4173,0.029954469206805657,True,4048.0,0.25,1,0.09154645778203079,1012,True,False
3,adaptive,2,edge,FR,5226,19258,0.2,18.38969998061657,2736,0.027290448343079865,True,2661.3333333333335,0.75,1,0.05771753970915266,1497,True,False
3,adaptive,3,node,FR,3649,10610,0.05,7.261599996127188,2113,0.020034705789556784,True,2070.6666666666665,0.75,1,0.042002764771431264,1553,True,False
3,adaptive,3,edge,FR,3649,10610,0.05,13.310799957253039,758,0.0,True,758.0,1.0,1,0.0,758,True,True
3,adaptive,4,node,FR,3969,18107,0.1,7.048400002531707,4255,0.009792401096748993,True,4213.333333333333,0.75,1,0.029445576712336538,3160,True,False
3,adaptive,4,edge,FR,3969,18107,0.1,24.17809999315068,2867,0.0,True,2867.0,1.0,1,0.0,2867,True,True
3,adaptive,5,node,DE,1647,6957,0.2,5.870599998161197,1050,0.047619047619047616,True,1100.0,0.25,1,0.1756165552314721,275,True,False
3,adaptive,5,edge,DE,1647,6957,0.2,19.393700000364333,150,0.0,True,150.0,1.0,2,0.0,150,True,True
3,adaptive,6,node,DE,3902,13917,0.05,6.9549999898299575,1970,0.014551607445008498,True,1998.6666666666667,0.75,1,0.042752625407203794,1499,True,False
3,adaptive,6,edge,DE,3902,13917,0.05,14.887500030454248,569,0.0,True,569.0,1.0,1,0.0,569,True,True
3,adaptive,7,node,DE,14369,18694,0.1,6.764499994460493,831,0.018050541516245487,True,816.0,0.75,1,0.06690951701401476,612,True,False
3,adaptive,7,edge,DE,14369,18694,0.1,9.213800018187612,97,0.0,True,97.0,1.0,1,0.0,97,True,True
3,adaptive,8,node,DE,11477,19039,0.2,5.806300032418221,1489,0.0167897918065816,True,1464.0,0.25,1,0.15222684916116666,366,True,False
3,adaptive,8,edge,DE,11477,19039,0.2,10.73430001270026,335,0.05008291873963514,True,318.22222222222223,0.75,1,0.16691378100744755,179,True,False
3,adaptive,9,node,DE,7866,18587,0.05,7.007200038060546,2096,0.008269720101781243,True,2078.6666666666665,0.75,1,0.04192186049451105,1559,True,False
3,adaptive,9,edge,DE,7866,18587,0.05,15.96709998557344,648,0.0,True,648.0,1.0,1,0.0,648,True,True
3,adaptive,10,node,FR,8452,12830,0.1,8.250700018834323,1326,0.03368526897938668,True,1281.3333333333333,0.75,1,0.05339516245313125,961,True,False
3,adaptive,10,edge,FR,8452,12830,0.1,11.098399991169572,260,0.0,True,260.0,1.0,1,0.0,260,True,True
3,adaptive,11,node,FR,4801,15409,0.2,6.211900035850704,3180,0.04779874213836478,True,3028.0,0.25,1,0.10584829364552961,757,True,False
3,adaptive,11,edge,FR,4801,15409,0.2,16.89480000641197,1599,0.04940587867417136,True,1520.0,0.75,1,0.07637226190339759,855,True,False
3,adaptive,12,node,DE,8930,13187,0.05,12.985399982426316,825,0.0,True,825.0,1.0,2,0.0,825,True,True
3,adaptive,12,edge,DE,8930,13187,0.05,9.17839998146519,106,0.0,True,106.0,1.0,1,0.0,106,True,True
3,adaptive,13,node,FR,5681,15639,0.1,8.206199971027672,2970,0.01818181818181818,True,2916.0,0.75,1,0.03539477977362641,2187,True,False
3,adaptive,13,edge,FR,5681,15639,0.1,20.56040003662929,1388,0.0,True,1388.0,1.0,1,0.0,1388,True,True
3,adaptive,14,node,DE,3568,7587,0.2,5.040899966843426,803,0.07098381070983811,True,860.0,0.25,1,0.19861524075137688,215,True,False
3,adaptive,14,edge,DE,3568,7587,0.2,16.56869996804744,92,0.0,True,92.0,1.0,2,0.0,92,True,True
3,adaptive,15,node,FR,5533,14589,0.05,7.990499958395958,2693,0.023146429013491825,True,2630.6666666666665,0.75,1,0.03726490885876843,1973,True,False
3,adaptive,15,edge,FR,5533,14589,0.05,17.931200040038675,1135,0.0,True,1135.0,1.0,1,0.0,1135,True,True
3,adaptive,16,node,DE,10536,15894,0.1,7.901799981482327,1053,0.01107945552390004,True,1041.3333333333333,0.75,1,0.059229503084516064,781,True,False
3,adaptive,16,edge,DE,10536,15894,0.1,10.840200004167855,180,0.0,True,180.0,1.0,1,0.0,180,True,True
3,adaptive,17,node,FR,3129,7818,0.2,6.1984999920241535,1440,0.07222222222222222,True,1544.0,0.25,1,0.14823069629957544,386,True,False
3,adaptive,17,edge,FR,3129,7818,0.2,11.799400032032281,334,0.04324683965402532,True,348.44444444444446,0.75,1,0.1595110136614939,196,True,False
3,adaptive,18,node,DE,5958,16411,0.05,6.946499983314425,2051,0.003738013976921753,True,2058.6666666666665,0.75,1,0.042125004280636785,1544,True,False
3,adaptive,18,edge,DE,5958,16411,0.05,14.63659998262301,595,0.0,True,595.0,1.0,1,0.0,595,True,True
3,adaptive,19,node,FR,12633,18288,0.1,7.6003000140190125,1681,0.009716438627800868,True,1697.3333333333333,0.75,1,0.04639267388253862,1273,True,False
3,adaptive,19,edge,FR,12633,18288,0.1,12.085299997124821,451,0.0,True,451.0,1.0,1,0.0,451,True,True
3,adaptive,20,node,DE,2264,5281,0.2,10.51639998331666,592,0.04391891891891892,True,618.0,0.5,2,0.1947817260520074,309,True,False
3,adaptive,20,edge,DE,2264,5281,0.2,17.56269996985793,51,0.0,True,51.0,1.0,2,0.0,51,True,True
3,adaptive,21,node,FR,5025,9250,0.05,13.02479999139905,1261,0.0,True,1261.0,1.0,2,0.0,1261,True,True
3,adaptive,21,edge,FR,5025,9250,0.05,10.36090002162382,273,0.0,True,273.0,1.0,1,0.0,273,True,True
3,adaptive,22,node,FR,14711,19242,0.1,8.00070003606379,1344,0.023809523809523808,True,1376.0,0.75,1,0.05152568300885392,1032,True,False
3,adaptive,22,edge,FR,14711,19242,0.1,11.122700001578778,288,0.0,True,288.0,1.0,1,0.0,288,True,True
3,adaptive,23,node,DE,7347,18506,0.2,5.66119997529313,2178,0.030303030303030304,True,2112.0,0.25,1,0.1267403317963065,528,True,False
3,adaptive,23,edge,DE,7347,18506,0.2,12.20689999172464,700,0.03746031746031739,True,673.7777777777778,0.75,1,0.11470942573921299,379,True,False
3,adaptive,24,node,FR,6012,17031,0.05,8.11910000629723,3283,0.016346837242359583,True,3229.3333333333335,0.75,1,0.033633846408177064,2422,True,False
3,adaptive,24,edge,FR,6012,17031,0.05,21.976199990604073,1697,0.0,True,1697.0,1.0,1,0.0,1697,True,True
3,adaptive,25,node,DE,3456,10918,0.1,7.2746999794617295,1467,0.017041581458759374,True,1492.0,0.75,1,0.04948215014579277,1119,True,False
3,adaptive,25,edge,DE,3456,10918,0.1,12.411900039296597,294,0.0,True,294.0,1.0,1,0.0,294,True,True
3,adaptive,26,node,DE,1403,15980,0.2,5.195199977606535,2854,0.006306937631394534,True,2872.0,0.25,1,0.10868499228608416,718,True,False
3,adaptive,26,edge,DE,1403,15980,0.2,13.543099979870021,1216,0.007309941520467857,True,1224.888888888889,0.75,1,0.0850763990470509,689,True,False
3,adaptive,27,node,FR,8361,15908,0.05,7.63180002104491,2242,0.02408563782337199,True,2188.0,0.75,1,0.040861030528666416,1641,True,False
3,adaptive,27,edge,FR,8361,15908,0.05,14.97750001726672,793,0.0,True,793.0,1.0,1,0.0,793,True,True
3,adaptive,28,node,FR,3213,14983,0.1,7.588099979329854,3539,0.02156918150136578,True,3462.6666666666665,0.75,1,0.0324808683467876,2597,True,False
3,adaptive,28,edge,FR,3213,14983,0.1,21.487299993168563,1984,0.0,True,1984.0,1.0,1,0.0,1984,True,True
3,adaptive,29,node,DE,11447,17514,0.2,5.3595000063069165,1181,0.009314140558848433,True,1192.0,0.25,1,0.16870333537862786,298,True,False
3,adaptive,29,edge,DE,11447,17514,0.2,20.386099989991635,216,0.0,True,216.0,1.0,2,0.0,216,True,True
3,adaptive,30,node,DE,9746,15432,0.05,14.331999991554767,1115,0.0,True,1115.0,1.0,2,0.0,1115,True,True
3,adaptive,30,edge,DE,9746,15432,0.05,10.078499966766685,187,0.0,True,187.0,1.0,1,0.0,187,True,True
3,adaptive,31,node,DE,4402,18771,0.1,6.488500046543777,2830,0.0016489988221436449,True,2825.3333333333335,0.75,1,0.03595821523603121,2119,True,False
3,adaptive,31,edge,DE,4402,18771,0.1,18.96300003863871,1187,0.0,True,1187.0,1.0,1,0.0,1187,True,True
3,adaptive,32,node,DE,5713,16030,0.2,5.7057999656535685,2002,0.012987012987012988,True,1976.0,0.25,1,0.1310292715359576,494,True,False
3,adaptive,32,edge,DE,5713,16030,0.2,11.284700012765825,562,0.028865164096480732,True,545.7777777777778,0.75,1,0.12745284165812176,307,True,False
3,adaptive,33,node,DE,2915,10042,0.05,14.389899966772646,1385,0.0,True,1385.0,1.0,2,0.0,1385,True,True
3,adaptive,33,edge,DE,2915,10042,0.05,11.822799977380782,281,0.0,True,281.0,1.0,1,0.0,281,True,True
3,adaptive,34,node,FR,3862,16750,0.1,7.915199967101216,3883,0.015194437290754571,True,3824.0,0.75,1,0.0309082226821639,2868,True,False
3,adaptive,34,edge,FR,3862,16750,0.1,22.110900026746094,2408,0.0,True,2408.0,1.0,1,0.0,2408,True,True
3,adaptive,35,node,DE,9541,18316,0.2,5.891100037842989,1711,0.06721215663354763,True,1596.0,0.25,1,0.14579591410767384,399,True,False
3,adaptive,35,edge,DE,9541,18316,0.2,9.95029998011887,443,0.05292199648858794,True,419.55555555555554,0.75,1,0.14536595610626044,236,True,False
3,adaptive,36,node,DE,11344,19120,0.05,6.568600016180426,1533,0.015438138725810008,True,1509.3333333333333,0.75,1,0.049197200732601365,1132,True,False
3,adaptive,36,edge,DE,11344,19120,0.05,11.633100046310574,354,0.0,True,354.0,1.0,1,0.0,354,True,True
3,adaptive,37,node,FR,932,14490,0.1,7.033600006252527,4093,0.020115644596465546,True,4010.6666666666665,0.75,1,0.030180379054361918,3008,True,False
3,adaptive,37,edge,FR,932,14490,0.1,22.45670004049316,2582,0.0,True,2582.0,1.0,1,0.0,2582,True,True
3,adaptive,38,node,FR,5592,15502,0.2,5.573900009039789,2953,0.0653572637995259,True,2760.0,0.25,1,0.11086826612805463,690,True,False
3,adaptive,38,edge,FR,5592,15502,0.2,14.832899963948876,1377,0.048495118211893846,True,1310.2222222222222,0.75,1,0.08225929188663669,737,True,False
3,adaptive,39,node,DE,8072,18363,0.05,6.830299971625209,2017,0.010411502231036193,True,1996.0,0.75,1,0.04278117474287777,1497,True,False
3,adaptive,39,edge,DE,8072,18363,0.05,18.854199966881424,601,0.0,True,601.0,1.0,1,0.0,601,True,True
3,cost_guard,0,node,DE,2878,9984,0.05,15.397600014694035,1376,0.0,True,1376.0,1.0,2,0.0,1376,True,True
3,cost_guard,0,edge,DE,2878,9984,0.05,11.572099989280105,276,0.0,True,276.0,1.0,1,0.0,276,True,True
3,cost_guard,1,node,DE,3213,17913,0.1,6.1218999908305705,2879,0.0026629616765079943,True,2886.6666666666665,0.75,1,0.035574160133547895,2165,True,False
3,cost_guard,1,edge,DE,3213,17913,0.1,26.067900005728006,1245,0.0,True,1245.0,1.0,1,0.0,1245,True,True
3,cost_guard,2,node,FR,5226,19258,0.2,5.535900010727346,4173,0.029954469206805657,True,4048.0,0.25,1,0.09154645778203079,1012,True,False
3,cost_guard,2,edge,FR,5226,19258,0.2,19.05940001597628,2736,0.027290448343079865,True,2661.3333333333335,0.75,1,0.05771753970915266,1497,True,False
3,cost_guard,3,node,FR,3649,10610,0.05,8.609900018200278,2113,0.020034705789556784,True,2070.6666666666665,0.75,1,0.042002764771431264,1553,True,False
3,cost_guard,3,edge,FR,3649,10610,0.05,22.439300024416298,758,0.0,True,758.0,1.0,1,0.0,758,True,True
3,cost_guard,4,node,FR,3969,18107,0.1,7.069799990858883,4255,0.009792401096748993,True,4213.333333333333,0.75,1,0.029445576712336538,3160,True,False
3,cost_guard,4,edge,FR,3969,18107,0.1,31.164899992290884,2867,0.0,True,2867.0,1.0,1,0.0,2867,True,True
3,cost_guard,5,node,DE,1647,6957,0.2,7.803499989677221,1050,0.047619047619047616,True,1100.0,0.25,1,0.1756165552314721,275,True,False
3,cost_guard,5,edge,DE,1647,6957,0.2,19.726999977137893,150,0.0,True,150.0,1.0,2,0.0,150,True,True
3,cost_guard,6,node,DE,3902,13917,0.05,6.741999997757375,1970,0.014551607445008498,True,1998.6666666666667,0.75,1,0.042752625407203794,1499,True,False
3,cost_guard,6,edge,DE,3902,13917,0.05,16.03669999167323,569,0.0,True,569.0,1.0,1,0.0,569,True,True
3,cost_guard,7,node,DE,14369,18694,0.1,7.719899993389845,831,0.018050541516245487,True,816.0,0.75,1,0.06690951701401476,612,True,False
3,cost_guard,7,edge,DE,14369,18694,0.1,9.621200035326183,97,0.0,True,97.0,1.0,1,0.0,97,True,True
3,cost_guard,8,node,DE,11477,19039,0.2,5.1815000479109585,1489,0.0167897918065816,True,1464.0,0.25,1,0.15222684916116666,366,True,False
3,cost_guard,8,edge,DE,11477,19039,0.2,11.515800026245415,335,0.05008291873963514,True,318.22222222222223,0.75,1,0.16691378100744755,179,True,False
3,cost_guard,9,node,DE,7866,18587,0.05,6.779099989216775,2096,0.008269720101781243,True,2078.6666666666665,0.75,1,0.04192186049451105,1559,True,False
3,cost_guard,9,edge,DE,7866,18587,0.05,16.042000032030046,648,0.0,True,648.0,1.0,1,0.0,648,True,True
3,cost_guard,10,node,FR,8452,12830,0.1,8.079899998847395,1326,0.03368526897938668,True,1281.3333333333333,0.75,1,0.05339516245313125,961,True,False
3,cost_guard,10,edge,FR,8452,12830,0.1,11.422300012782216,260,0.0,True,260.0,1.0,1,0.0,260,True,True
3,cost_guard,11,node,FR,4801,15409,0.2,5.592300032731146,3180,0.04779874213836478,True,3028.0,0.25,1,0.10584829364552961,757,True,False
3,cost_guard,11,edge,FR,4801,15409,0.2,15.818000014405698,1599,0.04940587867417136,True,1520.0,0.75,1,0.07637226190339759,855,True,False
3,cost_guard,12,node,DE,8930,13187,0.05,13.560699997469783,825,0.0,True,825.0,1.0,2,0.0,825,True,True
3,cost_guard,12,edge,DE,8930,13187,0.05,9.257300000172108,106,0.0,True,106.0,1.0,1,0.0,106,True,True
3,cost_guard,13,node,FR,5681,15639,0.1,8.20219999877736,2970,0.01818181818181818,True,2916.0,0.75,1,0.03539477977362641,2187,True,False
3,cost_guard,13,edge,FR,5681,15639,0.1,17.64439995167777,1388,0.0,True,1388.0,1.0,1,0.0,1388,True,True
3,cost_guard,14,node,DE,3568,7587,0.2,4.807499994058162,803,0.07098381070983811,True,860.0,0.25,1,0.19861524075137688,215,True,False
3,cost_guard,14,edge,DE,3568,7587,0.2,16.041700029745698,92,0.0,True,92.0,1.0,2,0.0,92,True,True
3,cost_guard,15,node,FR,5533,14589,0.05,7.815100019797683,2693,0.023146429013491825,True,2630.6666666666665,0.75,1,0.03726490885876843,1973,True,False
3,cost_guard,15,edge,FR,5533,14589,0.05,15.701299998909235,1135,0.0,True,1135.0,1.0,1,0.0,1135,True,True
3,cost_guard,16,node,DE,10536,15894,0.1,7.638100010808557,1053,0.01107945552390004,True,1041.3333333333333,0.75,1,0.059229503084516064,781,True,False
3,cost_guard,16,edge,DE,10536,15894,0.1,10.191300010774285,180,0.0,True,180.0,1.0,1,0.0,180,True,True
3,cost_guard,17,node,FR,3129,7818,0.2,6.197799986694008,1440,0.07222222222222222,True,1544.0,0.25,1,0.14823069629957544,386,True,False
3,cost_guard,17,edge,FR,3129,7818,0.2,12.709999980870634,334,0.04324683965402532,True,348.44444444444446,0.75,1,0.1595110136614939,196,True,False
3,cost_guard,18,node,DE,5958,16411,0.05,6.732199981343001,2051,0.003738013976921753,True,2058.6666666666665,0.75,1,0.042125004280636785,1544,True,False
3,cost_guard,18,edge,DE,5958,16411,0.05,14.824800018686801,595,0.0,True,595.0,1.0,1,0.0,595,True,True
3,cost_guard,19,node,FR,12633,18288,0.1,8.480999968014657,1681,0.009716438627800868,True,1697.3333333333333,0.75,1,0.04639267388253862,1273,True,False
3,cost_guard,19,edge,FR,12633,18288,0.1,13.536299986299127,451,0.0,True,451.0,1.0,1,0.0,451,True,True
3,cost_guard,20,node,DE,2264,5281,0.2,9.796499973163009,592,0.04391891891891892,True,618.0,0.5,2,0.1947817260520074,309,True,False
3,cost_guard,20,edge,DE,2264,5281,0.2,14.719399972818792,51,0.0,True,51.0,1.0,2,0.0,51,True,True
3,cost_guard,21,node,FR,5025,9250,0.05,15.582699968945235,1261,0.0,True,1261.0,1.0,2,0.0,1261,True,True
3,cost_guard,21,edge,FR,5025,9250,0.05,11.098299990408123,273,0.0,True,273.0,1.0,1,0.0,273,True,True
3,cost_guard,22,node,FR,14711,19242,0.1,7.069200044497848,1344,0.023809523809523808,True,1376.0,0.75,1,0.05152568300885392,1032,True,False
3,cost_guard,22,edge,FR,14711,19242,0.1,11.725599993951619,288,0.0,True,288.0,1.0,1,0.0,288,True,True
3,cost_guard,23,node,DE,7347,18506,0.2,5.059899995103478,2178,0.030303030303030304,True,2112.0,0.25,1,0.1267403317963065,528,True,False
3,cost_guard,23,edge,DE,7347,18506,0.2,12.16240000212565,700,0.03746031746031739,True,673.7777777777778,0.75,1,0.11470942573921299,379,True,False
3,cost_guard,24,node,FR,6012,17031,0.05,7.568300003185868,3283,0.016346837242359583,True,3229.3333333333335,0.75,1,0.033633846408177064,2422,True,False
3,cost_guard,24,edge,FR,6012,17031,0.05,22.48320000944659,1697,0.0,True,1697.0,1.0,1,0.0,1697,True,True
3,cost_guard,25,node,DE,3456,10918,0.1,6.4359999960288405,1467,0.017041581458759374,True,1492.0,0.75,1,0.04948215014579277,1119,True,False
3,cost_guard,25,edge,DE,3456,10918,0.1,11.420700000599027,294,0.0,True,294.0,1.0,1,0.0,294,True,True
3,cost_guard,26,node,DE,1403,15980,0.2,5.362599971704185,2854,0.006306937631394534,True,2872.0,0.25,1,0.10868499228608416,718,True,False
3,cost_guard,26,edge,DE,1403,15980,0.2,14.299400034360588,1216,0.007309941520467857,True,1224.888888888889,0.75,1,0.0850763990470509,689,True,False
3,cost_guard,27,node,FR,8361,15908,0.05,7.506199995987117,2242,0.02408563782337199,True,2188.0,0.75,1,0.040861030528666416,1641,True,False
3,cost_guard,27,edge,FR,8361,15908,0.05,14.615300053264946,793,0.0,True,793.0,1.0,1,0.0,793,True,True
3,cost_guard,28,node,FR,3213,14983,0.1,7.436499989125878,3539,0.02156918150136578,True,3462.6666666666665,0.75,1,0.0324808683467876,2597,True,False
3,cost_guard,28,edge,FR,3213,14983,0.1,22.59730000514537,1984,0.0,True,1984.0,1.0,1,0.0,1984,True,True
3,cost_guard,29,node,DE,11447,17514,0.2,4.7147999866865575,1181,0.009314140558848433,True,1192.0,0.25,1,0.16870333537862786,298,True,False
3,cost_guard,29,edge,DE,11447,17514,0.2,18.405200040433556,216,0.0,True,216.0,1.0,2,0.0,216,True,True
3,cost_guard,30,node,DE,9746,15432,0.05,12.252999993506819,1115,0.0,True,1115.0,1.0,2,0.0,1115,True,True
3,cost_guard,30,edge,DE,9746,15432,0.05,9.54009999986738,187,0.0,True,187.0,1.0,1,0.0,187,True,True
3,cost_guard,31,node,DE,4402,18771,0.1,6.0529999900609255,2830,0.0016489988221436449,True,2825.3333333333335,0.75,1,0.03595821523603121,2119,True,False
3,cost_guard,31,edge,DE,4402,18771,0.1,17.003899964038283,1187,0.0,True,1187.0,1.0,1,0.0,1187,True,True
3,cost_guard,32,node,DE,5713,16030,0.2,4.963899962604046,2002,0.012987012987012988,True,1976.0,0.25,1,0.1310292715359576,494,True,False
3,cost_guard,32,edge,DE,5713,16030,0.2,10.938899999018759,562,0.028865164096480732,True,545.7777777777778,0.75,1,0.12745284165812176,307,True,False
3,cost_guard,33,node,DE,2915,10042,0.05,13.12700001290068,1385,0.0,True,1385.0,1.0,2,0.0,1385,True,True
3,cost_guard,33,edge,DE,2915,10042,0.05,12.222099991049618,281,0.0,True,281.0,1.0,1,0.0,281,True,True
3,cost_guard,34,node,FR,3862,16750,0.1,7.086000056006014,3883,0.015194437290754571,True,3824.0,0.75,1,0.0309082226821639,2868,True,False
3,cost_guard,34,edge,FR,3862,16750,0.1,21.109000022988766,2408,0.0,True,2408.0,1.0,1,0.0,2408,True,True
3,cost_guard,35,node,DE,9541,18316,0.2,5.312099994625896,1711,0.06721215663354763,True,1596.0,0.25,1,0.14579591410767384,399,True,False
3,cost_guard,35,edge,DE,9541,18316,0.2,10.136700002476573,443,0.05292199648858794,True,419.55555555555554,0.75,1,0.14536595610626044,236,True,False
3,cost_guard,36,node,DE,11344,19120,0.05,6.037100043613464,1533,0.015438138725810008,True,1509.3333333333333,0.75,1,0.049197200732601365,1132,True,False
3,cost_guard,36,edge,DE,11344,19120,0.05,12.921999965328723,354,0.0,True,354.0,1.0,1,0.0,354,True,True
3,cost_guard,37,node,FR,932,14490,0.1,7.152200036216527,4093,0.020115644596465546,True,4010.6666666666665,0.75,1,0.030180379054361918,3008,True,False
3,cost_guard,37,edge,FR,932,14490,0.1,24.876799958292395,2582,0.0,True,2582.0,1.0,1,0.0,2582,True,True
3,cost_guard,38,node,FR,5592,15502,0.2,5.287700041662902,2953,0.0653572637995259,True,2760.0,0.25,1,0.11086826612805463,690,True,False
3,cost_guard,38,edge,FR,5592,15502,0.2,14.713599986862391,1377,0.048495118211893846,True,1310.2222222222222,0.75,1,0.08225929188663669,737,True,False
3,cost_guard,39,node,DE,8072,18363,0.05,6.7619000328704715,2017,0.010411502231036193,True,1996.0,0.75,1,0.04278117474287777,1497,True,False
3,cost_guard,39,edge,DE,8072,18363,0.05,14.273099950514734,601,0.0,True,601.0,1.0,1,0.0,601,True,True
3,exact,0,node,DE,2878,9984,0.05,7.831500028260052,1376,0.0,True,1376,1.0,1,0.0,1376,False,False
3,exact,0,edge,DE,2878,9984,0.05,11.2556999665685,276,0.0,True,276,1.0,1,0.0,276,False,False
3,exact,1,node,DE,3213,17913,0.1,10.72069996735081,2879,0.0,True,2879,1.0,1,0.0,2879,False,False
3,exact,1,edge,DE,3213,17913,0.1,21.290200005751103,1245,0.0,True,1245,1.0,1,0.0,1245,False,False
3,exact,2,node,FR,5226,19258,0.2,11.202900030184537,4173,0.0,True,4173,1.0,1,0.0,4173,False,False
3,exact,2,edge,FR,5226,19258,0.2,24.8390999622643,2736,0.0,True,2736,1.0,1,0.0,2736,False,False
3,exact,3,node,FR,3649,10610,0.05,7.717100030276924,2113,0.0,True,2113,1.0,1,0.0,2113,False,False
3,exact,3,edge,FR,3649,10610,0.05,15.262899978552014,758,0.0,True,758,1.0,1,0.0,758,False,False
3,exact,4,node,FR,3969,18107,0.1,10.616299987304956,4255,0.0,True,4255,1.0,1,0.0,4255,False,False
3,exact,4,edge,FR,3969,18107,0.1,27.826500008814037,2867,0.0,True,2867,1.0,1,0.0,2867,False,False
3,exact,5,node,DE,1647,6957,0.2,7.467399991583079,1050,0.0,True,1050,1.0,1,0.0,1050,False,False
3,exact,5,edge,DE,1647,6957,0.2,9.406899975147098,150,0.0,True,150,1.0,1,0.0,150,False,False
3,exact,6,node,DE,3902,13917,0.05,9.030499961227179,1970,0.0,True,1970,1.0,1,0.0,1970,False,False
3,exact,6,edge,DE,3902,13917,0.05,20.904399978462607,569,0.0,True,569,1.0,1,0.0,569,False,False
3,exact,7,node,DE,14369,18694,0.1,10.281599999871105,831,0.0,True,831,1.0,1,0.0,831,False,False
3,exact,7,edge,DE,14369,18694,0.1,11.090500047430396,97,0.0,True,97,1.0,1,0.0,97,False,False
3,exact,8,node,DE,11477,19039,0.2,18.148999952245504,1489,0.0,True,1489,1.0,1,0.0,1489,False,False
3,exact,8,edge,DE,11477,19039,0.2,17.653899965807796,335,0.0,True,335,1.0,1,0.0,335,False,False
3,exact,9,node,DE,7866,18587,0.05,10.572200000751764,2096,0.0,True,2096,1.0,1,0.0,2096,False,False
3,exact,9,edge,DE,7866,18587,0.05,16.734300006646663,648,0.0,True,648,1.0,1,0.0,648,False,False
3,exact,10,node,FR,8452,12830,0.1,6.667600013315678,1326,0.0,True,1326,1.0,1,0.0,1326,False,False
3,exact,10,edge,FR,8452,12830,0.1,11.480599991045892,260,0.0,True,260,1.0,1,0.0,260,False,False
3,exact,11,node,FR,4801,15409,0.2,10.654000041540712,3180,0.0,True,3180,1.0,1,0.0,3180,False,False
3,exact,11,edge,FR,4801,15409,0.2,23.628099996130913,1599,0.0,True,1599,1.0,1,0.0,1599,False,False
3,exact,12,node,DE,8930,13187,0.05,6.053199991583824,825,0.0,True,825,1.0,1,0.0,825,False,False
3,exact,12,edge,DE,8930,13187,0.05,9.21849999576807,106,0.0,True,106,1.0,1,0.0,106,False,False
3,exact,13,node,FR,5681,15639,0.1,9.478199994191527,2970,0.0,True,2970,1.0,1,0.0,2970,False,False
3,exact,13,edge,FR,5681,15639,0.1,20.519600016996264,1388,0.0,True,1388,1.0,1,0.0,1388,False,False
3,exact,14,node,DE,3568,7587,0.2,6.204099976457655,803,0.0,True,803,1.0,1,0.0,803,False,False
3,exact,14,edge,DE,3568,7587,0.2,8.42299999203533,92,0.0,True,92,1.0,1,0.0,92,False,False
3,exact,15,node,FR,5533,14589,0.05,8.607199997641146,2693,0.0,True,2693,1.0,1,0.0,2693,False,False
3,exact,15,edge,FR,5533,14589,0.05,17.32889999402687,1135,0.0,True,1135,1.0,1,0.0,1135,False,False
3,exact,16,node,DE,10536,15894,0.1,6.747599982190877,1053,0.0,True,1053,1.0,1,0.0,1053,False,False
3,exact,16,edge,DE,10536,15894,0.1,11.557000048924237,180,0.0,True,180,1.0,1,0.0,180,False,False
3,exact,17,node,FR,3129,7818,0.2,7.100899994838983,1440,0.0,True,1440,1.0,1,0.0,1440,False,False
3,exact,17,edge,FR,3129,7818,0.2,11.97880000108853,334,0.0,True,334,1.0,1,0.0,334,False,False
3,exact,18,node,DE,5958,16411,0.05,9.964800032321364,2051,0.0,True,2051,1.0,1,0.0,2051,False,False
3,exact,18,edge,DE,5958,16411,0.05,15.949199965689331,595,0.0,True,595,1.0,1,0.0,595,False,False
3,exact,19,node,FR,12633,18288,0.1,6.986899999901652,1681,0.0,True,1681,1.0,1,0.0,1681,False,False
3,exact,19,edge,FR,12633,18288,0.1,12.403800035826862,451,0.0,True,451,1.0,1,0.0,451,False,False
3,exact,20,node,DE,2264,5281,0.2,6.271600024774671,592,0.0,True,592,1.0,1,0.0,592,False,False
3,exact,20,edge,DE,2264,5281,0.2,7.421200047247112,51,0.0,True,51,1.0,1,0.0,51,False,False
3,exact,21,node,FR,5025,9250,0.05,5.894700007047504,1261,0.0,True,1261,1.0,1,0.0,1261,False,False
3,exact,21,edge,FR,5025,9250,0.05,11.684499972034246,273,0.0,True,273,1.0,1,0.0,273,False,False
3,exact,22,node,FR,14711,19242,0.1,6.047000002581626,1344,0.0,True,1344,1.0,1,0.0,1344,False,False
3,exact,22,edge,FR,14711,19242,0.1,11.567100009415299,288,0.0,True,288,1.0,1,0.0,288,False,False
3,exact,23,node,DE,7347,18506,0.2,10.060500004328787,2178,0.0,True,2178,1.0,1,0.0,2178,False,False
3,exact,23,edge,DE,7347,18506,0.2,17.40890002110973,700,0.0,True,700,1.0,1,0.0,700,False,False
3,exact,24,node,FR,6012,17031,0.05,9.977400011848658,3283,0.0,True,3283,1.0,1,0.0,3283,False,False
3,exact,24,edge,FR,6012,17031,0.05,19.13640002021566,1697,0.0,True,1697,1.0,1,0.0,1697,False,False
3,exact,25,node,DE,3456,10918,0.1,10.030100005678833,1467,0.0,True,1467,1.0,1,0.0,1467,False,False
3,exact,25,edge,DE,3456,10918,0.1,12.96389999333769,294,0.0,True,294,1.0,1,0.0,294,False,False
3,exact,26,node,DE,1403,15980,0.2,12.246099999174476,2854,0.0,True,2854,1.0,1,0.0,2854,False,False
3,exact,26,edge,DE,1403,15980,0.2,18.87729996815324,1216,0.0,True,1216,1.0,1,0.0,1216,False,False
3,exact,27,node,FR,8361,15908,0.05,8.58730002073571,2242,0.0,True,2242,1.0,1,0.0,2242,False,False
3,exact,27,edge,FR,8361,15908,0.05,15.359000011812896,793,0.0,True,793,1.0,1,0.0,793,False,False
3,exact,28,node,FR,3213,14983,0.1,9.884300001431257,3539,0.0,True,3539,1.0,1,0.0,3539,False,False
3,exact,28,edge,FR,3213,14983,0.1,20.776999997906387,1984,0.0,True,1984,1.0,1,0.0,1984,False,False
3,exact,29,node,DE,11447,17514,0.2,6.841399997938424,1181,0.0,True,1181,1.0,1,0.0,1181,False,False
3,exact,29,edge,DE,11447,17514,0.2,10.343500005546957,216,0.0,True,216,1.0,1,0.0,216,False,False
3,exact,30,node,DE,9746,15432,0.05,6.806799967307597,1115,0.0,True,1115,1.0,1,0.0,1115,False,False
3,exact,30,edge,DE,9746,15432,0.05,9.417599998414516,187,0.0,True,187,1.0,1,0.0,187,False,False
3,exact,31,node,DE,4402,18771,0.1,12.089299969375134,2830,0.0,True,2830,1.0,1,0.0,2830,False,False
3,exact,31,edge,DE,4402,18771,0.1,18.49049999145791,1187,0.0,True,1187,1.0,1,0.0,1187,False,False
3,exact,32,node,DE,5713,16030,0.2,9.168699965812266,2002,0.0,True,2002,1.0,1,0.0,2002,False,False
3,exact,32,edge,DE,5713,16030,0.2,15.7922999933362,562,0.0,True,562,1.0,1,0.0,562,False,False
3,exact,33,node,DE,2915,10042,0.05,7.773699995595962,1385,0.0,True,1385,1.0,1,0.0,1385,False,False
3,exact,33,edge,DE,2915,10042,0.05,11.105400044471025,281,0.0,True,281,1.0,1,0.0,281,False,False
3,exact,34,node,FR,3862,16750,0.1,9.814499993808568,3883,0.0,True,3883,1.0,1,0.0,3883,False,False
3,exact,34,edge,FR,3862,16750,0.1,23.715500021353364,2408,0.0,True,2408,1.0,1,0.0,2408,False,False
3,exact,35,node,DE,9541,18316,0.2,9.572099952492863,1711,0.0,True,1711,1.0,1,0.0,1711,False,False
3,exact,35,edge,DE,9541,18316,0.2,12.820200005080551,443,0.0,True,443,1.0,1,0.0,443,False,False
3,exact,36,node,DE,11344,19120,0.05,7.861900026910007,1533,0.0,True,1533,1.0,1,0.0,1533,False,False
3,exact,36,edge,DE,11344,19120,0.05,12.622199952602386,354,0.0,True,354,1.0,1,0.0,354,False,False
3,exact,37,node,FR,932,14490,0.1,10.183900012634695,4093,0.0,True,4093,1.0,1,0.0,4093,False,False
3,exact,37,edge,FR,932,14490,0.1,22.046700003556907,2582,0.0,True,2582,1.0,1,0.0,2582,False,False
3,exact,38,node,FR,5592,15502,0.2,8.29850003356114,2953,0.0,True,2953,1.0,1,0.0,2953,False,False
3,exact,38,edge,FR,5592,15502,0.2,19.21060000313446,1377,0.0,True,1377,1.0,1,0.0,1377,False,False
3,exact,39,node,DE,8072,18363,0.05,8.99629999184981,2017,0.0,True,2017,1.0,1,0.0,2017,False,False
3,exact,39,edge,DE,8072,18363,0.05,17.51869998406619,601,0.0,True,601,1.0,1,0.0,601,False,False
4,exact,0,node,FR,1512,6708,0.05,7.484500005375594,1629,0.0,True,1629,1.0,1,0.0,1629,False,False
4,exact,0,edge,FR,1512,6708,0.05,14.155100041534752,372,0.0,True,372,1.0,1,0.0,372,False,False
4,exact,1,node,FR,12746,18489,0.1,7.050100015476346,1699,0.0,True,1699,1.0,1,0.0,1699,False,False
4,exact,1,edge,FR,12746,18489,0.1,13.213900034315884,457,0.0,True,457,1.0,1,0.0,457,False,False
4,exact,2,node,FR,9836,18659,0.2,10.40219998685643,2631,0.0,True,2631,1.0,1,0.0,2631,False,False
4,exact,2,edge,FR,9836,18659,0.2,18.080999958328903,1094,0.0,True,1094,1.0,1,0.0,1094,False,False
4,exact,3,node,DE,9917,15807,0.05,7.246199995279312,1159,0.0,True,1159,1.0,1,0.0,1159,False,False
4,exact,3,edge,DE,9917,15807,0.05,13.239099993370473,210,0.0,True,210,1.0,1,0.0,210,False,False
4,exact,4,node,DE,5708,15701,0.1,8.968999958597124,1939,0.0,True,1939,1.0,1,0.0,1939,False,False
4,exact,4,edge,DE,5708,15701,0.1,14.916899963282049,520,0.0,True,520,1.0,1,0.0,520,False,False
4,exact,5,node,FR,2819,12945,0.2,9.58320003701374,3089,0.0,True,3089,1.0,1,0.0,3089,False,False
4,exact,5,edge,FR,2819,12945,0.2,22.223500011023134,1512,0.0,True,1512,1.0,1,0.0,1512,False,False
4,exact,6,node,DE,13230,16881,0.05,6.441700039431453,723,0.0,True,723,1.0,1,0.0,723,False,False
4,exact,6,edge,DE,13230,16881,0.05,8.402900013606995,83,0.0,True,83,1.0,1,0.0,83,False,False
4,exact,7,node,DE,5219,12289,0.1,7.562999962829053,1374,0.0,True,1374,1.0,1,0.0,1374,False,False
4,exact,7,edge,DE,5219,12289,0.1,16.948600008618087,260,0.0,True,260,1.0,1,0.0,260,False,False
4,exact,8,node,FR,1952,15806,0.2,11.738200031686574,4184,0.0,True,4184,1.0,1,0.0,4184,False,False
4,exact,8,edge,FR,1952,15806,0.2,24.853199953213334,2721,0.0,True,2721,1.0,1,0.0,2721,False,False
4,exact,9,node,DE,12973,19463,0.05,7.601899967994541,1283,0.0,True,1283,1.0,1,0.0,1283,False,False
4,exact,9,edge,DE,12973,19463,0.05,11.634199996478856,244,0.0,True,244,1.0,1,0.0,244,False,False
4,exact,10,node,FR,2200,11458,0.1,8.964799984823912,2819,0.0,True,2819,1.0,1,0.0,2819,False,False
4,exact,10,edge,FR,2200,11458,0.1,18.49019998917356,1222,0.0,True,1222,1.0,1,0.0,1222,False,False
4,exact,11,node,FR,2355,16077,0.2,12.022299983073026,4133,0.0,True,4133,1.0,1,0.0,4133,False,False
4,exact,11,edge,FR,2355,16077,0.2,23.903099994640797,2699,0.0,True,2699,1.0,1,0.0,2699,False,False
4,exact,12,node,FR,143,7881,0.05,8.109100046567619,2377,0.0,True,2377,1.0,1,0.0,2377,False,False
4,exact,12,edge,FR,143,7881,0.05,16.023900010623038,845,0.0,True,845,1.0,1,0.0,845,False,False
4,exact,13,node,FR,4099,13356,0.1,10.224899975582957,2820,0.0,True,2820,1.0,1,0.0,2820,False,False
4,exact,13,edge,FR,4099,13356,0.1,17.572399985510856,1278,0.0,True,1278,1.0,1,0.0,1278,False,False
4,exact,14,node,DE,890,15593,0.2,11.547400034032762,2894,0.0,True,2894,1.0,1,0.0,2894,False,False
4,exact,14,edge,DE,890,15593,0.2,21.084200008772314,1234,0.0,True,1234,1.0,1,0.0,1234,False,False
4,exact,15,node,DE,5401,18361,0.05,10.994199954438955,2531,0.0,True,2531,1.0,1,0.0,2531,False,False
4,exact,15,edge,DE,5401,18361,0.05,19.225600000936538,924,0.0,True,924,1.0,1,0.0,924,False,False
4,exact,16,node,FR,13240,16824,0.1,5.825100000947714,1039,0.0,True,1039,1.0,1,0.0,1039,False,False
4,exact,16,edge,FR,13240,16824,0.1,8.955799974501133,183,0.0,True,183,1.0,1,0.0,183,False,False
4,exact,17,node,DE,1907,15266,0.2,10.123000014573336,2628,0.0,True,2628,1.0,1,0.0,2628,False,False
4,exact,17,edge,DE,1907,15266,0.2,19.007200025953352,1022,0.0,True,1022,1.0,1,0.0,1022,False,False
4,exact,18,node,FR,3882,6906,0.05,5.426099989563227,951,0.0,True,951,1.0,1,0.0,951,False,False
4,exact,18,edge,FR,3882,6906,0.05,8.24949995148927,144,0.0,True,144,1.0,1,0.0,144,False,False
4,exact,19,node,FR,3087,16343,0.1,10.459699959028512,3999,0.0,True,3999,1.0,1,0.0,3999,False,False
4,exact,19,edge,FR,3087,16343,0.1,23.586699971929193,2541,0.0,True,2541,1.0,1,0.0,2541,False,False
4,exact,20,node,FR,4912,18612,0.2,10.586899996269494,4092,0.0,True,4092,1.0,1,0.0,4092,False,False
4,exact,20,edge,FR,4912,18612,0.2,22.423700022045523,2639,0.0,True,2639,1.0,1,0.0,2639,False,False
4,exact,21,node,FR,9979,13416,0.05,5.73680002707988,1060,0.0,True,1060,1.0,1,0.0,1060,False,False
4,exact,21,edge,FR,9979,13416,0.05,9.021899953950197,181,0.0,True,181,1.0,1,0.0,181,False,False
4,exact,22,node,FR,2406,6964,0.1,6.365799985360354,1406,0.0,True,1406,1.0,1,0.0,1406,False,False
4,exact,22,edge,FR,2406,6964,0.1,11.279899976216257,293,0.0,True,293,1.0,1,0.0,293,False,False
4,exact,23,node,DE,15165,18883,0.2,6.171100016217679,719,0.0,True,719,1.0,1,0.0,719,False,False
4,exact,23,edge,DE,15165,18883,0.2,8.029399963561445,67,0.0,True,67,1.0,1,0.0,67,False,False
4,exact,24,node,FR,2732,10836,0.05,8.598699991125613,2465,0.0,True,2465,1.0,1,0.0,2465,False,False
4,exact,24,edge,FR,2732,10836,0.05,16.68460003565997,972,0.0,True,972,1.0,1,0.0,972,False,False
4,exact,25,node,DE,5985,12742,0.1,7.459699991159141,1320,0.0,True,1320,1.0,1,0.0,1320,False,False
4,exact,25,edge,DE,5985,12742,0.1,11.7655000067316,233,0.0,True,233,1.0,1,0.0,233,False,False
4,exact,26,node,DE,5752,10525,0.2,6.811499944888055,923,0.0,True,923,1.0,1,0.0,923,False,False
4,exact,26,edge,DE,5752,10525,0.2,9.429500030819327,88,0.0,True,88,1.0,1,0.0,88,False,False
4,exact,27,node,DE,362,5771,0.05,6.938000035006553,1086,0.0,True,1086,1.0,1,0.0,1086,False,False
4,exact,27,edge,DE,362,5771,0.05,12.15820002835244,171,0.0,True,171,1.0,1,0.0,171,False,False
4,exact,28,node,DE,919,10748,0.1,8.746800012886524,1939,0.0,True,1939,1.0,1,0.0,1939,False,False
4,exact,28,edge,DE,919,10748,0.1,14.778900018427521,531,0.0,True,531,1.0,1,0.0,531,False,False
4,exact,29,node,FR,3672,17990,0.2,12.11650000186637,4307,0.0,True,4307,1.0,1,0.0,4307,False,False
4,exact,29,edge,FR,3672,17990,0.2,28.902499994728714,2937,0.0,True,2937,1.0,1,0.0,2937,False,False
4,exact,30,node,DE,6627,9951,0.05,5.793799995444715,638,0.0,True,638,1.0,1,0.0,638,False,False
4,exact,30,edge,DE,6627,9951,0.05,7.726399984676391,42,0.0,True,42,1.0,1,0.0,42,False,False
4,exact,31,node,FR,9790,18689,0.1,8.639500010758638,2657,0.0,True,2657,1.0,1,0.0,2657,False,False
4,exact,31,edge,FR,9790,18689,0.1,16.91259996732697,1113,0.0,True,1113,1.0,1,0.0,1113,False,False
4,exact,32,node,DE,7346,11503,0.2,6.592099962290376,790,0.0,True,790,1.0,1,0.0,790,False,False
4,exact,32,edge,DE,7346,11503,0.2,7.959800015669316,79,0.0,True,79,1.0,1,0.0,79,False,False
4,exact,33,node,FR,1912,16562,0.05,11.050999979488552,4428,0.0,True,4428,1.0,1,0.0,4428,False,False
4,exact,33,edge,FR,1912,16562,0.05,24.443899979814887,3055,0.0,True,3055,1.0,1,0.0,3055,False,False
4,exact,34,node,FR,7021,13217,0.1,7.188199961092323,1869,0.0,True,1869,1.0,1,0.0,1869,False,False
4,exact,34,edge,FR,7021,13217,0.1,13.408099999651313,540,0.0,True,540,1.0,1,0.0,540,False,False
4,exact,35,node,FR,4732,16365,0.2,11.788600008003414,3489,0.0,True,3489,1.0,1,0.0,3489,False,False
4,exact,35,edge,FR,4732,16365,0.2,22.165700036566705,1926,0.0,True,1926,1.0,1,0.0,1926,False,False
4,exact,36,node,DE,4518,16312,0.05,9.92520002182573,2306,0.0,True,2306,1.0,1,0.0,2306,False,False
4,exact,36,edge,DE,4518,16312,0.05,16.081899986602366,805,0.0,True,805,1.0,1,0.0,805,False,False
4,exact,37,node,FR,5216,19541,0.1,11.195399973075837,4261,0.0,True,4261,1.0,1,0.0,4261,False,False
4,exact,37,edge,FR,5216,19541,0.1,25.583399983588606,2863,0.0,True,2863,1.0,1,0.0,2863,False,False
4,exact,38,node,DE,4624,14944,0.2,9.521700034383684,2036,0.0,True,2036,1.0,1,0.0,2036,False,False
4,exact,38,edge,DE,4624,14944,0.2,15.125500038266182,603,0.0,True,603,1.0,1,0.0,603,False,False
4,exact,39,node,FR,10699,19768,0.05,8.663699962198734,2701,0.0,True,2701,1.0,1,0.0,2701,False,False
4,exact,39,edge,FR,10699,19768,0.05,16.815799986943603,1164,0.0,True,1164,1.0,1,0.0,1164,False,False
4,cost_guard,0,node,FR,1512,6708,0.05,9.03469999320805,1629,0.014528340495191371,True,1605.3333333333333,0.75,1,0.047703512984105995,1204,True,False
4,cost_guard,0,edge,FR,1512,6708,0.05,12.141500017605722,372,0.0,True,372.0,1.0,1,0.0,372,True,True
4,cost_guard,1,node,FR,12746,18489,0.1,8.335199963767081,1699,0.022954679223072396,True,1660.0,0.75,1,0.04691145792881614,1245,True,False
4,cost_guard,1,edge,FR,12746,18489,0.1,12.189599976409227,457,0.0,True,457.0,1.0,1,0.0,457,True,True
4,cost_guard,2,node,FR,9836,18659,0.2,5.597400013357401,2631,0.010262257696693273,True,2604.0,0.25,1,0.11414090370258864,651,True,False
4,cost_guard,2,edge,FR,9836,18659,0.2,13.638600008562207,1094,0.008734511476741917,True,1084.4444444444443,0.75,1,0.0904177702861464,610,True,False
4,cost_guard,3,node,DE,9917,15807,0.05,14.41900001373142,1159,0.0,True,1159.0,1.0,2,0.0,1159,True,True
4,cost_guard,3,edge,DE,9917,15807,0.05,10.661099979188293,210,0.0,True,210.0,1.0,1,0.0,210,True,True
4,cost_guard,4,node,DE,5708,15701,0.1,6.884099973831326,1939,0.007392126525700494,True,1953.3333333333333,0.75,1,0.04324588545469139,1465,True,False
4,cost_guard,4,edge,DE,5708,15701,0.1,18.803399987518787,520,0.0,True,520.0,1.0,1,0.0,520,True,True
4,cost_guard,5,node,FR,2819,12945,0.2,5.250499991234392,3089,0.026222078342505666,True,3008.0,0.25,1,0.10619959993379884,752,True,False
4,cost_guard,5,edge,FR,2819,12945,0.2,16.18779997806996,1512,0.014697236919459108,True,1489.7777777777778,0.75,1,0.07714303147676428,838,True,False
4,cost_guard,6,node,DE,13230,16881,0.05,12.82770000398159,723,0.0,True,723.0,1.0,2,0.0,723,True,True
4,cost_guard,6,edge,DE,13230,16881,0.05,8.10590002220124,83,0.0,True,83.0,1.0,1,0.0,83,True,True
4,cost_guard,7,node,DE,5219,12289,0.1,6.692499970085919,1374,0.011159631246967436,True,1389.3333333333333,0.75,1,0.05127784278876138,1042,True,False
4,cost_guard,7,edge,DE,5219,12289,0.1,12.5030999770388,260,0.0,True,260.0,1.0,1,0.0,260,True,True
4,cost_guard,8,node,FR,1952,15806,0.2,5.6791999959386885,4184,0.009560229445506692,True,4144.0,0.25,1,0.09047986070220028,1036,True,False
4,cost_guard,8,edge,FR,1952,15806,0.2,19.571600016206503,2721,0.01931479439748462,True,2668.4444444444443,0.75,1,0.05764058295531463,1501,True,False
4,cost_guard,9,node,DE,12973,19463,0.05,14.375699975062162,1283,0.0,True,1283.0,1.0,2,0.0,1283,True,True
4,cost_guard,9,edge,DE,12973,19463,0.05,12.810899992473423,244,0.0,True,244.0,1.0,1,0.0,244,True,True
4,cost_guard,10,node,FR,2200,11458,0.1,8.180100005120039,2819,0.0008277166844035066,True,2821.3333333333335,0.75,1,0.035983696435805845,2116,True,False
4,cost_guard,10,edge,FR,2200,11458,0.1,18.113099969923496,1222,0.0,True,1222.0,1.0,1,0.0,1222,True,True
4,cost_guard,11,node,FR,2355,16077,0.2,5.5970000103116035,4133,0.007016694894749577,True,4104.0,0.25,1,0.09091972649707282,1026,True,False
4,cost_guard,11,edge,FR,2355,16077,0.2,20.58959996793419,2699,0.017907867111275837,True,2650.6666666666665,0.75,1,0.05783355498141358,1491,True,False
4,cost_guard,12,node,FR,143,7881,0.05,8.294799947179854,2377,0.004908147524891256,True,2365.3333333333335,0.75,1,0.03929947948565213,1774,True,False
4,cost_guard,12,edge,FR,143,7881,0.05,14.673899975605309,845,0.0,True,845.0,1.0,1,0.0,845,True,True
4,cost_guard,13,node,FR,4099,13356,0.1,7.4121999787166715,2820,0.0070921985815602835,True,2840.0,0.75,1,0.03586524519737071,2130,True,False
4,cost_guard,13,edge,FR,4099,13356,0.1,18.840599979739636,1278,0.0,True,1278.0,1.0,1,0.0,1278,True,True
4,cost_guard,14,node,DE,890,15593,0.2,5.090399994514883,2894,0.033863165169315826,True,2992.0,0.25,1,0.10648317747448195,748,True,False
4,cost_guard,14,edge,DE,890,15593,0.2,16.04420004878193,1234,0.018908698001080436,True,1210.6666666666667,0.75,1,0.08557465454592963,681,True,False
4,cost_guard,15,node,DE,5401,18361,0.05,6.877999985590577,2531,0.011457921770051362,True,2560.0,0.75,1,0.037775740960592455,1920,True,False
4,cost_guard,15,edge,DE,5401,18361,0.05,16.92020002519712,924,0.0,True,924.0,1.0,1,0.0,924,True,True
4,cost_guard,16,node,FR,13240,16824,0.1,6.898000021465123,1039,0.040102662816811,True,997.3333333333334,0.75,1,0.06052193531983303,748,True,False
4,cost_guard,16,edge,FR,13240,16824,0.1,8.688299974892288,183,0.0,True,183.0,1.0,1,0.0,183,True,True
4,cost_guard,17,node,DE,1907,15266,0.2,5.08619996253401,2628,0.0273972602739726,True,2700.0,0.25,1,0.11209336703293303,675,True,False
4,cost_guard,17,edge,DE,1907,15266,0.2,12.245799996890128,1022,0.032833224614046516,True,988.4444444444445,0.75,1,0.0947068331647968,556,True,False
4,cost_guard,18,node,FR,3882,6906,0.05,12.390999996569008,951,0.0,True,951.0,1.0,2,0.0,951,True,True
4,cost_guard,18,edge,FR,3882,6906,0.05,8.309900003951043,144,0.0,True,144.0,1.0,1,0.0,144,True,True
4,cost_guard,19,node,FR,3087,16343,0.1,7.700600021053106,3999,0.007751937984496124,True,3968.0,0.75,1,0.030342205303161715,2976,True,False
4,cost_guard,19,edge,FR,3087,16343,0.1,24.07429995946586,2541,0.0,True,2541.0,1.0,1,0.0,2541,True,True
4,cost_guard,20,node,FR,4912,18612,0.2,5.832800001371652,4092,0.011730205278592375,True,4044.0,0.25,1,0.09159172179358861,1011,True,False
4,cost_guard,20,edge,FR,4912,18612,0.2,19.319399958476424,2639,0.009725906277630357,True,2613.3333333333335,0.75,1,0.05824518690194327,1470,True,False
4,cost_guard,21,node,FR,9979,13416,0.05,12.268300051800907,1060,0.0,True,1060.0,1.0,2,0.0,1060,True,True
4,cost_guard,21,edge,FR,9979,13416,0.05,10.032800026237965,181,0.0,True,181.0,1.0,1,0.0,181,True,True
4,cost_guard,22,node,FR,2406,6964,0.1,7.04939995193854,1406,0.020388809862494126,True,1377.3333333333333,0.75,1,0.05150073714294788,1033,True,False
4,cost_guard,22,edge,FR,2406,6964,0.1,11.783100024331361,293,0.0,True,293.0,1.0,1,0.0,293,True,True
4,cost_guard,23,node,DE,15165,18883,0.2,9.38429997768253,719,0.006954102920723227,True,724.0,0.5,2,0.1799588314521064,362,True,False
4,cost_guard,23,edge,DE,15165,18883,0.2,14.964500034693629,67,0.0,True,67.0,1.0,2,0.0,67,True,True
4,cost_guard,24,node,FR,2732,10836,0.05,6.482400000095367,2465,0.00040567951318458417,True,2464.0,0.75,1,0.03850460057008243,1848,True,False
4,cost_guard,24,edge,FR,2732,10836,0.05,18.50519998697564,972,0.0,True,972.0,1.0,1,0.0,972,True,True
4,cost_guard,25,node,DE,5985,12742,0.1,6.137099990155548,1320,0.0141414141414142,True,1338.6666666666667,0.75,1,0.05223922792401734,1004,True,False
4,cost_guard,25,edge,DE,5985,12742,0.1,10.838999995030463,233,0.0,True,233.0,1.0,1,0.0,233,True,True
4,cost_guard,26,node,DE,5752,10525,0.2,4.989199980627745,923,0.014084507042253521,True,936.0,0.25,1,0.19038111775699654,234,True,False
4,cost_guard,26,edge,DE,5752,10525,0.2,17.78400002513081,88,0.0,True,88.0,1.0,2,0.0,88,True,True
4,cost_guard,27,node,DE,362,5771,0.05,12.09289999678731,1086,0.0,True,1086.0,1.0,2,0.0,1086,True,True
4,cost_guard,27,edge,DE,362,5771,0.05,10.185700026340783,171,0.0,True,171.0,1.0,1,0.0,171,True,True
4,cost_guard,28,node,DE,919,10748,0.1,7.465299975592643,1939,0.014956162970603403,True,1968.0,0.75,1,0.04308443749928692,1476,True,False
4,cost_guard,28,edge,DE,919,10748,0.1,16.528400010429323,531,0.0,True,531.0,1.0,1,0.0,531,True,True
4,cost_guard,29,node,FR,3672,17990,0.2,5.960699985735118,4307,0.017413512885999537,True,4232.0,0.25,1,0.08953420199386941,1058,True,False
4,cost_guard,29,edge,FR,3672,17990,0.2,19.728800049051642,2937,0.0175916468051299,True,2885.3333333333335,0.75,1,0.05543185989818619,1623,True,False
4,cost_guard,30,node,DE,6627,9951,0.05,13.228100026026368,638,0.0,True,638.0,1.0,2,0.0,638,True,True
4,cost_guard,30,edge,DE,6627,9951,0.05,7.90740002412349,42,0.0,True,42.0,1.0,1,0.0,42,True,True
4,cost_guard,31,node,FR,9790,18689,0.1,7.357400027103722,2657,0.005896374357044229,True,2641.3333333333335,0.75,1,0.03718958809685368,1981,True,False
4,cost_guard,31,edge,FR,9790,18689,0.1,16.900099988561124,1113,0.0,True,1113.0,1.0,1,0.0,1113,True,True
4,cost_guard,32,node,DE,7346,11503,0.2,11.703900003340095,790,0.0,True,790.0,0.5,2,0.17227763527555348,395,True,False
4,cost_guard,32,edge,DE,7346,11503,0.2,17.938400036655366,79,0.0,True,79.0,1.0,2,0.0,79,True,True
4,cost_guard,33,node,FR,1912,16562,0.05,8.285799995064735,4428,0.008130081300813009,True,4392.0,0.75,1,0.028840435135343206,3294,True,False
4,cost_guard,33,edge,FR,1912,16562,0.05,27.315400016959757,3055,0.0,True,3055.0,1.0,1,0.0,3055,True,True
4,cost_guard,34,node,FR,7021,13217,0.1,9.391700034029782,1869,0.01658640984483681,True,1900.0,0.75,1,0.04384864463554845,1425,True,False
4,cost_guard,34,edge,FR,7021,13217,0.1,14.07229999313131,540,0.0,True,540.0,1.0,1,0.0,540,True,True
4,cost_guard,35,node,FR,4732,16365,0.2,5.627600010484457,3489,0.018629979936944683,True,3424.0,0.25,1,0.09953937709781735,856,True,False
4,cost_guard,35,edge,FR,4732,16365,0.2,19.340099999681115,1926,0.010499596169378074,True,1905.7777777777778,0.75,1,0.06820580167707502,1072,True,False
4,cost_guard,36,node,DE,4518,16312,0.05,6.694500043522567,2306,0.0014455044810639571,True,2309.3333333333335,0.75,1,0.03977312015053804,1732,True,False
4,cost_guard,36,edge,DE,4518,16312,0.05,19.61660000961274,805,0.0,True,805.0,1.0,1,0.0,805,True,True
4,cost_guard,37,node,FR,5216,19541,0.1,8.13259999267757,4261,0.006492998513651014,True,4233.333333333333,0.75,1,0.029375937883952468,3175,True,False
4,cost_guard,37,edge,FR,5216,19541,0.1,29.54010001849383,2863,0.0,True,2863.0,1.0,1,0.0,2863,True,True
4,cost_guard,38,node,DE,4624,14944,0.2,5.43739995919168,2036,0.025540275049115914,True,2088.0,0.25,1,0.1274666433687577,522,True,False
4,cost_guard,38,edge,DE,4624,14944,0.2,12.604799994733185,603,0.06836189423254091,True,561.7777777777778,0.75,1,0.1256247380744947,316,True,False
4,cost_guard,39,node,FR,10699,19768,0.05,8.832900028210133,2701,0.021103295075897817,True,2644.0,0.75,1,0.03717082916093287,1983,True,False
4,cost_guard,39,edge,FR,10699,19768,0.05,19.94530000956729,1164,0.0,True,1164.0,1.0,1,0.0,1164,True,True
4,adaptive,0,node,FR,1512,6708,0.05,8.119000005535781,1629,0.014528340495191371,True,1605.3333333333333,0.75,1,0.047703512984105995,1204,True,False
4,adaptive,0,edge,FR,1512,6708,0.05,13.864099979400635,372,0.0,True,372.0,1.0,1,0.0,372,True,True
4,adaptive,1,node,FR,12746,18489,0.1,7.6926000183448195,1699,0.022954679223072396,True,1660.0,0.75,1,0.04691145792881614,1245,True,False
4,adaptive,1,edge,FR,12746,18489,0.1,14.828700048383325,457,0.0,True,457.0,1.0,1,0.0,457,True,True
4,adaptive,2,node,FR,9836,18659,0.2,5.935100023634732,2631,0.010262257696693273,True,2604.0,0.25,1,0.11414090370258864,651,True,False
4,adaptive,2,edge,FR,9836,18659,0.2,14.485299994703382,1094,0.008734511476741917,True,1084.4444444444443,0.75,1,0.0904177702861464,610,True,False
4,adaptive,3,node,DE,9917,15807,0.05,14.001500036101788,1159,0.0,True,1159.0,1.0,2,0.0,1159,True,True
4,adaptive,3,edge,DE,9917,15807,0.05,10.939400002826005,210,0.0,True,210.0,1.0,1,0.0,210,True,True
4,adaptive,4,node,DE,5708,15701,0.1,6.761099968571216,1939,0.007392126525700494,True,1953.3333333333333,0.75,1,0.04324588545469139,1465,True,False
4,adaptive,4,edge,DE,5708,15701,0.1,15.33149997703731,520,0.0,True,520.0,1.0,1,0.0,520,True,True
4,adaptive,5,node,FR,2819,12945,0.2,5.9621999971568584,3089,0.026222078342505666,True,3008.0,0.25,1,0.10619959993379884,752,True,False
4,adaptive,5,edge,FR,2819,12945,0.2,16.433700046036392,1512,0.014697236919459108,True,1489.7777777777778,0.75,1,0.07714303147676428,838,True,False
4,adaptive,6,node,DE,13230,16881,0.05,12.639000022318214,723,0.0,True,723.0,1.0,2,0.0,723,True,True
4,adaptive,6,edge,DE,13230,16881,0.05,8.683899999596179,83,0.0,True,83.0,1.0,1,0.0,83,True,True
4,adaptive,7,node,DE,5219,12289,0.1,7.250199967529625,1374,0.011159631246967436,True,1389.3333333333333,0.75,1,0.05127784278876138,1042,True,False
4,adaptive,7,edge,DE,5219,12289,0.1,12.737999961245805,260,0.0,True,260.0,1.0,1,0.0,260,True,True
4,adaptive,8,node,FR,1952,15806,0.2,6.302100024186075,4184,0.009560229445506692,True,4144.0,0.25,1,0.09047986070220028,1036,True,False
4,adaptive,8,edge,FR,1952,15806,0.2,21.040499967057258,2721,0.01931479439748462,True,2668.4444444444443,0.75,1,0.05764058295531463,1501,True,False
4,adaptive,9,node,DE,12973,19463,0.05,14.953100006096065,1283,0.0,True,1283.0,1.0,2,0.0,1283,True,True
4,adaptive,9,edge,DE,12973,19463,0.05,12.284900003578514,244,0.0,True,244.0,1.0,1,0.0,244,True,True
4,adaptive,10,node,FR,2200,11458,0.1,9.66889999108389,2819,0.0008277166844035066,True,2821.3333333333335,0.75,1,0.035983696435805845,2116,True,False
4,adaptive,10,edge,FR,2200,11458,0.1,19.74239997798577,1222,0.0,True,1222.0,1.0,1,0.0,1222,True,True
4,adaptive,11,node,FR,2355,16077,0.2,6.143999984487891,4133,0.007016694894749577,True,4104.0,0.25,1,0.09091972649707282,1026,True,False
4,adaptive,11,edge,FR,2355,16077,0.2,20.499799982644618,2699,0.017907867111275837,True,2650.6666666666665,0.75,1,0.05783355498141358,1491,True,False
4,adaptive,12,node,FR,143,7881,0.05,8.214300032705069,2377,0.004908147524891256,True,2365.3333333333335,0.75,1,0.03929947948565213,1774,True,False
4,adaptive,12,edge,FR,143,7881,0.05,17.907299974467605,845,0.0,True,845.0,1.0,1,0.0,845,True,True
4,adaptive,13,node,FR,4099,13356,0.1,7.9592999536544085,2820,0.0070921985815602835,True,2840.0,0.75,1,0.03586524519737071,2130,True,False
4,adaptive,13,edge,FR,4099,13356,0.1,18.78499996382743,1278,0.0,True,1278.0,1.0,1,0.0,1278,True,True
4,adaptive,14,node,DE,890,15593,0.2,5.696300009731203,2894,0.033863165169315826,True,2992.0,0.25,1,0.10648317747448195,748,True,False
4,adaptive,14,edge,DE,890,15593,0.2,21.798299974761903,1234,0.018908698001080436,True,1210.6666666666667,0.75,1,0.08557465454592963,681,True,False
4,adaptive,15,node,DE,5401,18361,0.05,11.86319999396801,2531,0.011457921770051362,True,2560.0,0.75,1,0.037775740960592455,1920,True,False
4,adaptive,15,edge,DE,5401,18361,0.05,32.907199987675995,924,0.0,True,924.0,1.0,1,0.0,924,True,True
4,adaptive,16,node,FR,13240,16824,0.1,12.925999995786697,1039,0.040102662816811,True,997.3333333333334,0.75,1,0.06052193531983303,748,True,False
4,adaptive,16,edge,FR,13240,16824,0.1,12.542999989818782,183,0.0,True,183.0,1.0,1,0.0,183,True,True
4,adaptive,17,node,DE,1907,15266,0.2,5.4148000199347734,2628,0.0273972602739726,True,2700.0,0.25,1,0.11209336703293303,675,True,False
4,adaptive,17,edge,DE,1907,15266,0.2,14.359199965838343,1022,0.032833224614046516,True,988.4444444444445,0.75,1,0.0947068331647968,556,True,False
4,adaptive,18,node,FR,3882,6906,0.05,15.291500021703541,951,0.0,True,951.0,1.0,2,0.0,951,True,True
4,adaptive,18,edge,FR,3882,6906,0.05,10.214400012046099,144,0.0,True,144.0,1.0,1,0.0,144,True,True
4,adaptive,19,node,FR,3087,16343,0.1,8.673700038343668,3999,0.007751937984496124,True,3968.0,0.75,1,0.030342205303161715,2976,True,False
4,adaptive,19,edge,FR,3087,16343,0.1,25.62889998080209,2541,0.0,True,2541.0,1.0,1,0.0,2541,True,True
4,adaptive,20,node,FR,4912,18612,0.2,6.121399987023324,4092,0.011730205278592375,True,4044.0,0.25,1,0.09159172179358861,1011,True,False
4,adaptive,20,edge,FR,4912,18612,0.2,20.405000017490238,2639,0.009725906277630357,True,2613.3333333333335,0.75,1,0.05824518690194327,1470,True,False
4,adaptive,21,node,FR,9979,13416,0.05,13.928299944382161,1060,0.0,True,1060.0,1.0,2,0.0,1060,True,True
4,adaptive,21,edge,FR,9979,13416,0.05,10.451600013766438,181,0.0,True,181.0,1.0,1,0.0,181,True,True
4,adaptive,22,node,FR,2406,6964,0.1,7.5659999856725335,1406,0.020388809862494126,True,1377.3333333333333,0.75,1,0.05150073714294788,1033,True,False
4,adaptive,22,edge,FR,2406,6964,0.1,12.542899989057332,293,0.0,True,293.0,1.0,1,0.0,293,True,True
4,adaptive,23,node,DE,15165,18883,0.2,11.248799972236156,719,0.006954102920723227,True,724.0,0.5,2,0.1799588314521064,362,True,False
4,adaptive,23,edge,DE,15165,18883,0.2,17.17299997108057,67,0.0,True,67.0,1.0,2,0.0,67,True,True
4,adaptive,24,node,FR,2732,10836,0.05,7.2401000070385635,2465,0.00040567951318458417,True,2464.0,0.75,1,0.03850460057008243,1848,True,False
4,adaptive,24,edge,FR,2732,10836,0.05,16.187400033231825,972,0.0,True,972.0,1.0,1,0.0,972,True,True
4,adaptive,25,node,DE,5985,12742,0.1,6.264399969950318,1320,0.0141414141414142,True,1338.6666666666667,0.75,1,0.05223922792401734,1004,True,False
4,adaptive,25,edge,DE,5985,12742,0.1,11.552500014659017,233,0.0,True,233.0,1.0,1,0.0,233,True,True
4,adaptive,26,node,DE,5752,10525,0.2,5.107200006023049,923,0.014084507042253521,True,936.0,0.25,1,0.19038111775699654,234,True,False
4,adaptive,26,edge,DE,5752,10525,0.2,17.452200001571327,88,0.0,True,88.0,1.0,2,0.0,88,True,True
4,adaptive,27,node,DE,362,5771,0.05,13.46490002470091,1086,0.0,True,1086.0,1.0,2,0.0,1086,True,True
4,adaptive,27,edge,DE,362,5771,0.05,10.04229998216033,171,0.0,True,171.0,1.0,1,0.0,171,True,True
4,adaptive,28,node,DE,919,10748,0.1,6.7263999953866005,1939,0.014956162970603403,True,1968.0,0.75,1,0.04308443749928692,1476,True,False
4,adaptive,28,edge,DE,919,10748,0.1,14.67230002162978,531,0.0,True,531.0,1.0,1,0.0,531,True,True
4,adaptive,29,node,FR,3672,17990,0.2,6.091899995226413,4307,0.017413512885999537,True,4232.0,0.25,1,0.08953420199386941,1058,True,False
4,adaptive,29,edge,FR,3672,17990,0.2,19.0874999971129,2937,0.0175916468051299,True,2885.3333333333335,0.75,1,0.05543185989818619,1623,True,False
4,adaptive,30,node,DE,6627,9951,0.05,11.543500004336238,638,0.0,True,638.0,1.0,2,0.0,638,True,True
4,adaptive,30,edge,DE,6627,9951,0.05,7.862999977078289,42,0.0,True,42.0,1.0,1,0.0,42,True,True
4,adaptive,31,node,FR,9790,18689,0.1,8.042600005865097,2657,0.005896374357044229,True,2641.3333333333335,0.75,1,0.03718958809685368,1981,True,False
4,adaptive,31,edge,FR,9790,18689,0.1,18.463000014889985,1113,0.0,True,1113.0,1.0,1,0.0,1113,True,True
4,adaptive,32,node,DE,7346,11503,0.2,10.927300027105957,790,0.0,True,790.0,0.5,2,0.17227763527555348,395,True,False
4,adaptive,32,edge,DE,7346,11503,0.2,17.28450000518933,79,0.0,True,79.0,1.0,2,0.0,79,True,True
4,adaptive,33,node,FR,1912,16562,0.05,8.56349995592609,4428,0.008130081300813009,True,4392.0,0.75,1,0.028840435135343206,3294,True,False
4,adaptive,33,edge,FR,1912,16562,0.05,28.097800037357956,3055,0.0,True,3055.0,1.0,1,0.0,3055,True,True
4,adaptive,34,node,FR,7021,13217,0.1,7.63619999634102,1869,0.01658640984483681,True,1900.0,0.75,1,0.04384864463554845,1425,True,False
4,adaptive,34,edge,FR,7021,13217,0.1,14.453800045885146,540,0.0,True,540.0,1.0,1,0.0,540,True,True
4,adaptive,35,node,FR,4732,16365,0.2,5.7410000008530915,3489,0.018629979936944683,True,3424.0,0.25,1,0.09953937709781735,856,True,False
4,adaptive,35,edge,FR,4732,16365,0.2,17.581299995072186,1926,0.010499596169378074,True,1905.7777777777778,0.75,1,0.06820580167707502,1072,True,False
4,adaptive,36,node,DE,4518,16312,0.05,7.0038000121712685,2306,0.0014455044810639571,True,2309.3333333333335,0.75,1,0.03977312015053804,1732,True,False
4,adaptive,36,edge,DE,4518,16312,0.05,15.185699972789735,805,0.0,True,805.0,1.0,1,0.0,805,True,True
4,adaptive,37,node,FR,5216,19541,0.1,7.213099976070225,4261,0.006492998513651014,True,4233.333333333333,0.75,1,0.029375937883952468,3175,True,False
4,adaptive,37,edge,FR,5216,19541,0.1,26.213000004645437,2863,0.0,True,2863.0,1.0,1,0.0,2863,True,True
4,adaptive,38,node,DE,4624,14944,0.2,5.594699992798269,2036,0.025540275049115914,True,2088.0,0.25,1,0.1274666433687577,522,True,False
4,adaptive,38,edge,DE,4624,14944,0.2,12.93879997683689,603,0.06836189423254091,True,561.7777777777778,0.75,1,0.1256247380744947,316,True,False
4,adaptive,39,node,FR,10699,19768,0.05,8.057800005190074,2701,0.021103295075897817,True,2644.0,0.75,1,0.03717082916093287,1983,True,False
4,adaptive,39,edge,FR,10699,19768,0.05,22.5380000192672,1164,0.0,True,1164.0,1.0,1,0.0,1164,True,True
5,exact,0,node,FR,15901,19795,0.05,6.391100003384054,1163,0.0,True,1163,1.0,1,0.0,1163,False,False
5,exact,0,edge,FR,15901,19795,0.05,12.271500017959625,212,0.0,True,212,1.0,1,0.0,212,False,False
5,exact,1,node,FR,1232,7337,0.1,6.085900007747114,1875,0.0,True,1875,1.0,1,0.0,1875,False,False
5,exact,1,edge,FR,1232,7337,0.1,12.73000001674518,520,0.0,True,520,1.0,1,0.0,520,False,False
5,exact,2,node,FR,7562,18515,0.2,10.337000014260411,3252,0.0,True,3252,1.0,1,0.0,3252,False,False
5,exact,2,edge,FR,7562,18515,0.2,19.987099978607148,1630,0.0,True,1630,1.0,1,0.0,1630,False,False
5,exact,3,node,FR,6859,15130,0.05,7.309699954930693,2440,0.0,True,2440,1.0,1,0.0,2440,False,False
5,exact,3,edge,FR,6859,15130,0.05,14.637199987191707,940,0.0,True,940,1.0,1,0.0,940,False,False
5,exact,4,node,DE,2178,16503,0.1,11.632199981249869,2799,0.0,True,2799,1.0,1,0.0,2799,False,False
5,exact,4,edge,DE,2178,16503,0.1,17.258500040043145,1187,0.0,True,1187,1.0,1,0.0,1187,False,False
5,exact,5,node,FR,1287,14249,0.2,9.2022999888286,3919,0.0,True,3919,1.0,1,0.0,3919,False,False
5,exact,5,edge,FR,1287,14249,0.2,20.714699989184737,2365,0.0,True,2365,1.0,1,0.0,2365,False,False
5,exact,6,node,FR,8613,17403,0.05,7.562000013422221,2633,0.0,True,2633,1.0,1,0.0,2633,False,False
5,exact,6,edge,FR,8613,17403,0.05,16.40419999603182,1084,0.0,True,1084,1.0,1,0.0,1084,False,False
5,exact,7,node,FR,5600,13627,0.1,6.925300054717809,2428,0.0,True,2428,1.0,1,0.0,2428,False,False
5,exact,7,edge,FR,5600,13627,0.1,15.351500012911856,921,0.0,True,921,1.0,1,0.0,921,False,False
5,exact,8,node,DE,12121,17968,0.2,6.712400005199015,1135,0.0,True,1135,1.0,1,0.0,1135,False,False
5,exact,8,edge,DE,12121,17968,0.2,9.306400024797767,194,0.0,True,194,1.0,1,0.0,194,False,False
5,exact,9,node,FR,5326,18589,0.05,11.545599962119013,3946,0.0,True,3946,1.0,1,0.0,3946,False,False
5,exact,9,edge,FR,5326,18589,0.05,23.09380000224337,2451,0.0,True,2451,1.0,1,0.0,2451,False,False
5,exact,10,node,DE,4760,12872,0.1,7.55909999134019,1576,0.0,True,1576,1.0,1,0.0,1576,False,False
5,exact,10,edge,DE,4760,12872,0.1,12.84109998960048,357,0.0,True,357,1.0,1,0.0,357,False,False
5,exact,11,node,DE,4468,17638,0.2,10.593699989840388,2568,0.0,True,2568,1.0,1,0.0,2568,False,False
5,exact,11,edge,DE,4468,17638,0.2,18.012699962127954,980,0.0,True,980,1.0,1,0.0,980,False,False
5,exact,12,node,DE,5725,18095,0.05,10.171000030823052,2404,0.0,True,2404,1.0,1,0.0,2404,False,False
5,exact,12,edge,DE,5725,18095,0.05,17.6843999652192,833,0.0,True,833,1.0,1,0.0,833,False,False
5,exact,13,node,DE,6033,17848,0.1,10.636999970301986,2308,0.0,True,2308,1.0,1,0.0,2308,False,False
5,exact,13,edge,DE,6033,17848,0.1,15.30209998600185,757,0.0,True,757,1.0,1,0.0,757,False,False
5,exact,14,node,FR,3591,13336,0.2,11.028000037185848,2977,0.0,True,2977,1.0,1,0.0,2977,False,False
5,exact,14,edge,FR,3591,13336,0.2,20.052399951964617,1447,0.0,True,1447,1.0,1,0.0,1447,False,False
5,exact,15,node,DE,5385,10717,0.05,6.605100003071129,1032,0.0,True,1032,1.0,1,0.0,1032,False,False
5,exact,15,edge,DE,5385,10717,0.05,8.475099981296808,125,0.0,True,125,1.0,1,0.0,125,False,False
5,exact,16,node,FR,4707,13254,0.1,8.145100029651076,2593,0.0,True,2593,1.0,1,0.0,2593,False,False
5,exact,16,edge,FR,4707,13254,0.1,19.00319999549538,1071,0.0,True,1071,1.0,1,0.0,1071,False,False
5,exact,17,node,DE,4476,13908,0.2,8.993699972052127,1858,0.0,True,1858,1.0,1,0.0,1858,False,False
5,exact,17,edge,DE,4476,13908,0.2,14.486700005363673,502,0.0,True,502,1.0,1,0.0,502,False,False
5,exact,18,node,FR,2067,7612,0.05,6.438800017349422,1714,0.0,True,1714,1.0,1,0.0,1714,False,False
5,exact,18,edge,FR,2067,7612,0.05,11.506900016684085,438,0.0,True,438,1.0,1,0.0,438,False,False
5,exact,19,node,FR,6006,18484,0.1,10.739399993326515,3712,0.0,True,3712,1.0,1,0.0,3712,False,False
5,exact,19,edge,FR,6006,18484,0.1,21.58529998268932,2145,0.0,True,2145,1.0,1,0.0,2145,False,False
5,exact,20,node,FR,9620,19378,0.2,8.81410000147298,2912,0.0,True,2912,1.0,1,0.0,2912,False,False
5,exact,20,edge,FR,9620,19378,0.2,17.790699959732592,1316,0.0,True,1316,1.0,1,0.0,1316,False,False
5,exact,21,node,FR,11435,17016,0.05,5.93089999165386,1661,0.0,True,1661,1.0,1,0.0,1661,False,False
5,exact,21,edge,FR,11435,17016,0.05,12.686399975791574,482,0.0,True,482,1.0,1,0.0,482,False,False
5,exact,22,node,FR,1747,14379,0.1,10.070800024550408,3820,0.0,True,3820,1.0,1,0.0,3820,False,False
5,exact,22,edge,FR,1747,14379,0.1,20.7634000107646,2250,0.0,True,2250,1.0,1,0.0,2250,False,False
5,exact,23,node,DE,14379,17847,0.2,6.025400012731552,651,0.0,True,651,1.0,1,0.0,651,False,False
5,exact,23,edge,DE,14379,17847,0.2,7.284699997399002,63,0.0,True,63,1.0,1,0.0,63,False,False
5,exact,24,node,DE,7306,16138,0.05,8.069499977864325,1722,0.0,True,1722,1.0,1,0.0,1722,False,False
5,exact,24,edge,DE,7306,16138,0.05,12.634099985007197,425,0.0,True,425,1.0,1,0.0,425,False,False
5,exact,25,node,DE,6281,19634,0.1,9.878899960312992,2601,0.0,True,2601,1.0,1,0.0,2601,False,False
5,exact,25,edge,DE,6281,19634,0.1,17.212299979291856,961,0.0,True,961,1.0,1,0.0,961,False,False
5,exact,26,node,DE,8678,18441,0.2,10.043300047982484,1914,0.0,True,1914,1.0,1,0.0,1914,False,False
5,exact,26,edge,DE,8678,18441,0.2,15.746899996884167,538,0.0,True,538,1.0,1,0.0,538,False,False
5,exact,27,node,FR,4381,17091,0.05,11.054000002332032,3823,0.0,True,3823,1.0,1,0.0,3823,False,False
5,exact,27,edge,FR,4381,17091,0.05,22.586199978832155,2318,0.0,True,2318,1.0,1,0.0,2318,False,False
5,exact,28,node,FR,8043,18850,0.1,10.249000042676926,3211,0.0,True,3211,1.0,1,0.0,3211,False,False
5,exact,28,edge,FR,8043,18850,0.1,18.426300026476383,1574,0.0,True,1574,1.0,1,0.0,1574,False,False
5,exact,29,node,FR,1846,13108,0.2,9.433600003831089,3432,0.0,True,3432,1.0,1,0.0,3432,False,False
5,exact,29,edge,FR,1846,13108,0.2,20.0934000313282,1824,0.0,True,1824,1.0,1,0.0,1824,False,False
5,exact,30,node,FR,9856,13197,0.05,5.144700000528246,1026,0.0,True,1026,1.0,1,0.0,1026,False,False
5,exact,30,edge,FR,9856,13197,0.05,8.776500006206334,169,0.0,True,169,1.0,1,0.0,169,False,False
5,exact,31,node,DE,8221,18860,0.1,9.455799998249859,2084,0.0,True,2084,1.0,1,0.0,2084,False,False
5,exact,31,edge,DE,8221,18860,0.1,14.358399959746748,635,0.0,True,635,1.0,1,0.0,635,False,False
5,exact,32,node,DE,3010,12029,0.2,7.837399956770241,1771,0.0,True,1771,1.0,1,0.0,1771,False,False
5,exact,32,edge,DE,3010,12029,0.2,12.632400030270219,457,0.0,True,457,1.0,1,0.0,457,False,False
5,exact,33,node,FR,781,14641,0.05,11.321300000417978,4181,0.0,True,4181,1.0,1,0.0,4181,False,False
5,exact,33,edge,FR,781,14641,0.05,21.60469995578751,2684,0.0,True,2684,1.0,1,0.0,2684,False,False
5,exact,34,node,DE,1652,12778,0.1,9.006400010548532,2175,0.0,True,2175,1.0,1,0.0,2175,False,False
5,exact,34,edge,DE,1652,12778,0.1,13.49899999331683,713,0.0,True,713,1.0,1,0.0,713,False,False
5,exact,35,node,FR,3620,15630,0.2,10.447900043800473,3626,0.0,True,3626,1.0,1,0.0,3626,False,False
5,exact,35,edge,FR,3620,15630,0.2,22.92159997159615,2107,0.0,True,2107,1.0,1,0.0,2107,False,False
5,exact,36,node,DE,952,12489,0.05,8.912599994800985,2274,0.0,True,2274,1.0,1,0.0,2274,False,False
5,exact,36,edge,DE,952,12489,0.05,14.540000003762543,767,0.0,True,767,1.0,1,0.0,767,False,False
5,exact,37,node,FR,10192,19512,0.1,8.243399963248521,2755,0.0,True,2755,1.0,1,0.0,2755,False,False
5,exact,37,edge,FR,10192,19512,0.1,14.897199987899512,1202,0.0,True,1202,1.0,1,0.0,1202,False,False
5,exact,38,node,FR,4864,19063,0.2,9.71050001680851,4241,0.0,True,4241,1.0,1,0.0,4241,False,False
5,exact,38,edge,FR,4864,19063,0.2,23.219300026539713,2816,0.0,True,2816,1.0,1,0.0,2816,False,False
5,exact,39,node,DE,3439,9589,0.05,6.091399991419166,1216,0.0,True,1216,1.0,1,0.0,1216,False,False
5,exact,39,edge,DE,3439,9589,0.05,9.384799981489778,211,0.0,True,211,1.0,1,0.0,211,False,False
5,adaptive,0,node,FR,15901,19795,0.05,14.979699975810945,1163,0.0,True,1163.0,1.0,2,0.0,1163,True,True
5,adaptive,0,edge,FR,15901,19795,0.05,8.645399997476488,212,0.0,True,212.0,1.0,1,0.0,212,True,True
5,adaptive,1,node,FR,1232,7337,0.1,6.319999985862523,1875,0.012266666666666667,True,1852.0,0.75,1,0.04441324271014345,1389,True,False
5,adaptive,1,edge,FR,1232,7337,0.1,11.727300006896257,520,0.0,True,520.0,1.0,1,0.0,520,True,True
5,adaptive,2,node,FR,7562,18515,0.2,5.447499977890402,3252,0.023370233702337023,True,3328.0,0.25,1,0.10096483453188516,832,True,False
5,adaptive,2,edge,FR,7562,18515,0.2,16.799099976196885,1630,0.008588957055214725,True,1616.0,0.75,1,0.07406904905926404,909,True,False
5,adaptive,3,node,FR,6859,15130,0.05,7.110600010491908,2440,0.009836065573770493,True,2464.0,0.75,1,0.03850460057008243,1848,True,False
5,adaptive,3,edge,FR,6859,15130,0.05,14.551600033883005,940,0.0,True,940.0,1.0,1,0.0,940,True,True
5,adaptive,4,node,DE,2178,16503,0.1,5.94580004690215,2799,0.017744432535429264,True,2749.3333333333335,0.75,1,0.03645182490907225,2062,True,False
5,adaptive,4,edge,DE,2178,16503,0.1,19.768199999816716,1187,0.0,True,1187.0,1.0,1,0.0,1187,True,True
5,adaptive,5,node,FR,1287,14249,0.2,5.131400015670806,3919,0.007399846899719316,True,3948.0,0.25,1,0.09269861056584006,987,True,False
5,adaptive,5,edge,FR,1287,14249,0.2,16.107000003103167,2365,0.013013859525487453,True,2334.222222222222,0.75,1,0.06162917407108482,1313,True,False
5,adaptive,6,node,FR,8613,17403,0.05,6.567200005520135,2633,0.012786428661855873,True,2666.6666666666665,0.75,1,0.03701251600360224,2000,True,False
5,adaptive,6,edge,FR,8613,17403,0.05,14.95550002437085,1084,0.0,True,1084.0,1.0,1,0.0,1084,True,True
5,adaptive,7,node,FR,5600,13627,0.1,6.306099996436387,2428,0.00274574409665013,True,2434.6666666666665,0.75,1,0.038735861511657206,1826,True,False
5,adaptive,7,edge,FR,5600,13627,0.1,15.388100000564009,921,0.0,True,921.0,1.0,1,0.0,921,True,True
5,adaptive,8,node,DE,12121,17968,0.2,4.75579994963482,1135,0.03612334801762115,True,1176.0,0.25,1,0.1698470999036133,294,True,False
5,adaptive,8,edge,DE,12121,17968,0.2,17.81210000626743,194,0.0,True,194.0,1.0,2,0.0,194,True,True
5,adaptive,9,node,FR,5326,18589,0.05,7.0380999823100865,3946,0.01537421861800976,True,4006.6666666666665,0.75,1,0.030195440377292777,3005,True,False
5,adaptive,9,edge,FR,5326,18589,0.05,20.64309996785596,2451,0.0,True,2451.0,1.0,1,0.0,2451,True,True
5,adaptive,10,node,DE,4760,12872,0.1,5.375500011723489,1576,0.015228426395939087,True,1552.0,0.75,1,0.048516237777015754,1164,True,False
5,adaptive,10,edge,DE,4760,12872,0.1,12.808800034690648,357,0.0,True,357.0,1.0,1,0.0,357,True,True
5,adaptive,11,node,DE,4468,17638,0.2,4.820299975108355,2568,0.017133956386292833,True,2524.0,0.25,1,0.11593568206806303,631,True,False
5,adaptive,11,edge,DE,4468,17638,0.2,11.71370001975447,980,0.016780045351473937,True,963.5555555555555,0.75,1,0.09592218596366701,542,True,False
5,adaptive,12,node,DE,5725,18095,0.05,6.529899954330176,2404,0.0016638935108153079,True,2400.0,0.75,1,0.03901461750160532,1800,True,False
5,adaptive,12,edge,DE,5725,18095,0.05,17.95579999452457,833,0.0,True,833.0,1.0,1,0.0,833,True,True
5,adaptive,13,node,DE,6033,17848,0.1,6.281799986027181,2308,0.0011554015020218869,True,2305.3333333333335,0.75,1,0.03980761050546617,1729,True,False
5,adaptive,13,edge,DE,6033,17848,0.1,20.361400034744292,757,0.0,True,757.0,1.0,1,0.0,757,True,True
5,adaptive,14,node,FR,3591,13336,0.2,4.9144999939017,2977,0.009069533087000335,True,3004.0,0.25,1,0.10627028187169607,751,True,False
5,adaptive,14,edge,FR,3591,13336,0.2,13.427499972749501,1447,0.009751977270982091,True,1432.888888888889,0.75,1,0.07865950148348581,806,True,False
5,adaptive,15,node,DE,5385,10717,0.05,11.198699998203665,1032,0.0,True,1032.0,1.0,2,0.0,1032,True,True
5,adaptive,15,edge,DE,5385,10717,0.05,10.170599969569594,125,0.0,True,125.0,1.0,1,0.0,125,True,True
5,adaptive,16,node,FR,4707,13254,0.1,7.428299984894693,2593,0.005784805244890089,True,2608.0,0.75,1,0.03742649702916562,1956,True,False
5,adaptive,16,edge,FR,4707,13254,0.1,14.950199984014034,1071,0.0,True,1071.0,1.0,1,0.0,1071,True,True
5,adaptive,17,node,DE,4476,13908,0.2,4.390700021758676,1858,0.02045209903121636,True,1820.0,0.25,1,0.13652937517213345,455,True,False
5,adaptive,17,edge,DE,4476,13908,0.2,10.991799994371831,502,0.06861443116423199,True,467.55555555555554,0.75,1,0.13770218652839297,263,True,False
5,adaptive,18,node,FR,2067,7612,0.05,6.6627999767661095,1714,0.002722676001555859,True,1709.3333333333333,0.75,1,0.04622954227172845,1282,True,False
5,adaptive,18,edge,FR,2067,7612,0.05,11.246300011407584,438,0.0,True,438.0,1.0,1,0.0,438,True,True
5,adaptive,19,node,FR,6006,18484,0.1,6.93979999050498,3712,0.015445402298850615,True,3769.3333333333335,0.75,1,0.031131546959176172,2827,True,False
5,adaptive,19,edge,FR,6006,18484,0.1,18.911999999545515,2145,0.0,True,2145.0,1.0,1,0.0,2145,True,True
5,adaptive,20,node,FR,9620,19378,0.2,4.522099974565208,2912,0.01098901098901099,True,2944.0,0.25,1,0.10734773708421186,736,True,False
5,adaptive,20,edge,FR,9620,19378,0.2,15.440099989064038,1316,0.013171225937183326,True,1333.3333333333333,0.75,1,0.08154326166272059,750,True,False
5,adaptive,21,node,FR,11435,17016,0.05,6.521300005260855,1661,0.02107164358819988,True,1696.0,0.75,1,0.04641090641375243,1272,True,False
5,adaptive,21,edge,FR,11435,17016,0.05,12.595699983648956,482,0.0,True,482.0,1.0,1,0.0,482,True,True
5,adaptive,22,node,FR,1747,14379,0.1,6.3931000186130404,3820,0.0,True,3820.0,0.75,1,0.030924400763712508,2865,True,False
5,adaptive,22,edge,FR,1747,14379,0.1,19.298499973956496,2250,0.0,True,2250.0,1.0,1,0.0,2250,True,True
5,adaptive,23,node,DE,14379,17847,0.2,9.991099999751896,651,0.013824884792626729,True,660.0,0.5,2,0.18848225966173537,330,True,False
5,adaptive,23,edge,DE,14379,17847,0.2,14.796499977819622,63,0.0,True,63.0,1.0,2,0.0,63,True,True
5,adaptive,24,node,DE,7306,16138,0.05,6.226100027561188,1722,0.003484320557491289,True,1716.0,0.75,1,0.046139653906943676,1287,True,False
5,adaptive,24,edge,DE,7306,16138,0.05,12.785699975211173,425,0.0,True,425.0,1.0,1,0.0,425,True,True
5,adaptive,25,node,DE,6281,19634,0.1,5.7292000274173915,2601,0.0008970908624888447,True,2598.6666666666665,0.75,1,0.03749364702015731,1949,True,False
5,adaptive,25,edge,DE,6281,19634,0.1,17.556400038301945,961,0.0,True,961.0,1.0,1,0.0,961,True,True
5,adaptive,26,node,DE,8678,18441,0.2,4.417899996042252,1914,0.00522466039707419,True,1904.0,0.25,1,0.13348372717070486,476,True,False
5,adaptive,26,edge,DE,8678,18441,0.2,11.980000010225922,538,0.05080545229244121,True,565.3333333333334,0.75,1,0.12522906862530597,318,True,False
5,adaptive,27,node,FR,4381,17091,0.05,8.615700004156679,3823,0.00898073066527164,True,3857.3333333333335,0.75,1,0.030774385460892926,2893,True,False
5,adaptive,27,edge,FR,4381,17091,0.05,22.052999993320554,2318,0.0,True,2318.0,1.0,1,0.0,2318,True,True
5,adaptive,28,node,FR,8043,18850,0.1,6.923299981281161,3211,0.014014325755216444,True,3256.0,0.75,1,0.033495832504682514,2442,True,False
5,adaptive,28,edge,FR,8043,18850,0.1,18.45930004492402,1574,0.0,True,1574.0,1.0,1,0.0,1574,True,True
5,adaptive,29,node,FR,1846,13108,0.2,4.7512000310234725,3432,0.005827505827505828,True,3452.0,0.25,1,0.09913486126480021,863,True,False
5,adaptive,29,edge,FR,1846,13108,0.2,16.001700016204268,1824,0.0068226120857699255,True,1811.5555555555557,0.75,1,0.06995707110641648,1019,True,False
5,adaptive,30,node,FR,9856,13197,0.05,11.070100008510053,1026,0.0,True,1026.0,1.0,2,0.0,1026,True,True
5,adaptive,30,edge,FR,9856,13197,0.05,7.7797999838367105,169,0.0,True,169.0,1.0,1,0.0,169,True,True
5,adaptive,31,node,DE,8221,18860,0.1,6.2064999947324395,2084,0.0006397952655151079,True,2085.3333333333335,0.75,1,0.041854796205057485,1564,True,False
5,adaptive,31,edge,DE,8221,18860,0.1,13.867700006812811,635,0.0,True,635.0,1.0,1,0.0,635,True,True
5,adaptive,32,node,DE,3010,12029,0.2,4.677200049627572,1771,0.05815923207227555,True,1668.0,0.25,1,0.1426145295118314,417,True,False
5,adaptive,32,edge,DE,3010,12029,0.2,10.182199999690056,457,0.050814490639435946,True,433.77777777777777,0.75,1,0.14296304752905856,244,True,False
5,adaptive,33,node,FR,781,14641,0.05,6.686599983368069,4181,0.00374710994180028,True,4165.333333333333,0.75,1,0.029614751542258032,3124,True,False
5,adaptive,33,edge,FR,781,14641,0.05,20.78820002498105,2684,0.0,True,2684.0,1.0,1,0.0,2684,True,True
5,adaptive,34,node,DE,1652,12778,0.1,7.056100002955645,2175,0.012413793103448275,True,2148.0,0.75,1,0.04123973214068287,1611,True,False
5,adaptive,34,edge,DE,1652,12778,0.1,13.370200002100319,713,0.0,True,713.0,1.0,1,0.0,713,True,True
5,adaptive,35,node,FR,3620,15630,0.2,4.968799999915063,3626,0.01709873138444567,True,3688.0,0.25,1,0.0959105409488683,922,True,False
5,adaptive,35,edge,FR,3620,15630,0.2,17.0147999888286,2107,0.005220692928334125,True,2096.0,0.75,1,0.06503719586847534,1179,True,False
5,adaptive,36,node,DE,952,12489,0.05,5.8391999918967485,2274,0.013778950454412263,True,2242.6666666666665,0.75,1,0.04035994913959171,1682,True,False
5,adaptive,36,edge,DE,952,12489,0.05,14.77899996098131,767,0.0,True,767.0,1.0,1,0.0,767,True,True
5,adaptive,37,node,FR,10192,19512,0.1,6.984799983911216,2755,0.016333938294010888,True,2800.0,0.75,1,0.03612051706792417,2100,True,False
5,adaptive,37,edge,FR,10192,19512,0.1,15.57909999974072,1202,0.0,True,1202.0,1.0,1,0.0,1202,True,True
5,adaptive,38,node,FR,4864,19063,0.2,4.807499994058162,4241,0.021457203489742987,True,4332.0,0.25,1,0.0884947634470524,1083,True,False
5,adaptive,38,edge,FR,4864,19063,0.2,20.11010004207492,2816,0.02146464646464643,True,2876.4444444444443,0.75,1,0.05551744256439898,1618,True,False
5,adaptive,39,node,DE,3439,9589,0.05,11.372200038749725,1216,0.0,True,1216.0,1.0,2,0.0,1216,True,True
5,adaptive,39,edge,DE,3439,9589,0.05,9.760100045241416,211,0.0,True,211.0,1.0,1,0.0,211,True,True
5,cost_guard,0,node,FR,15901,19795,0.05,11.952499975450337,1163,0.0,True,1163.0,1.0,2,0.0,1163,True,True
5,cost_guard,0,edge,FR,15901,19795,0.05,9.379399998579174,212,0.0,True,212.0,1.0,1,0.0,212,True,True
5,cost_guard,1,node,FR,1232,7337,0.1,7.512099982704967,1875,0.012266666666666667,True,1852.0,0.75,1,0.04441324271014345,1389,True,False
5,cost_guard,1,edge,FR,1232,7337,0.1,12.721300008706748,520,0.0,True,520.0,1.0,1,0.0,520,True,True
5,cost_guard,2,node,FR,7562,18515,0.2,5.696999956853688,3252,0.023370233702337023,True,3328.0,0.25,1,0.10096483453188516,832,True,False
5,cost_guard,2,edge,FR,7562,18515,0.2,14.911499980371445,1630,0.008588957055214725,True,1616.0,0.75,1,0.07406904905926404,909,True,False
5,cost_guard,3,node,FR,6859,15130,0.05,6.6503999987617135,2440,0.009836065573770493,True,2464.0,0.75,1,0.03850460057008243,1848,True,False
5,cost_guard,3,edge,FR,6859,15130,0.05,14.639200002420694,940,0.0,True,940.0,1.0,1,0.0,940,True,True
5,cost_guard,4,node,DE,2178,16503,0.1,6.456200033426285,2799,0.017744432535429264,True,2749.3333333333335,0.75,1,0.03645182490907225,2062,True,False
5,cost_guard,4,edge,DE,2178,16503,0.1,18.540200020652264,1187,0.0,True,1187.0,1.0,1,0.0,1187,True,True
5,cost_guard,5,node,FR,1287,14249,0.2,19.24729999154806,3919,0.007399846899719316,True,3948.0,0.25,1,0.09269861056584006,987,True,False
5,cost_guard,5,edge,FR,1287,14249,0.2,16.23560005100444,2365,0.013013859525487453,True,2334.222222222222,0.75,1,0.06162917407108482,1313,True,False
5,cost_guard,6,node,FR,8613,17403,0.05,7.064000004902482,2633,0.012786428661855873,True,2666.6666666666665,0.75,1,0.03701251600360224,2000,True,False
5,cost_guard,6,edge,FR,8613,17403,0.05,22.965300013311207,1084,0.0,True,1084.0,1.0,1,0.0,1084,True,True
5,cost_guard,7,node,FR,5600,13627,0.1,7.060499978251755,2428,0.00274574409665013,True,2434.6666666666665,0.75,1,0.038735861511657206,1826,True,False
5,cost_guard,7,edge,FR,5600,13627,0.1,15.533400001004338,921,0.0,True,921.0,1.0,1,0.0,921,True,True
5,cost_guard,8,node,DE,12121,17968,0.2,5.179200030397624,1135,0.03612334801762115,True,1176.0,0.25,1,0.1698470999036133,294,True,False
5,cost_guard,8,edge,DE,12121,17968,0.2,22.60359999490902,194,0.0,True,194.0,1.0,2,0.0,194,True,True
5,cost_guard,9,node,FR,5326,18589,0.05,8.035599952563643,3946,0.01537421861800976,True,4006.6666666666665,0.75,1,0.030195440377292777,3005,True,False
5,cost_guard,9,edge,FR,5326,18589,0.05,27.715900039765984,2451,0.0,True,2451.0,1.0,1,0.0,2451,True,True
5,cost_guard,10,node,DE,4760,12872,0.1,7.331300002988428,1576,0.015228426395939087,True,1552.0,0.75,1,0.048516237777015754,1164,True,False
5,cost_guard,10,edge,DE,4760,12872,0.1,13.746600016020238,357,0.0,True,357.0,1.0,1,0.0,357,True,True
5,cost_guard,11,node,DE,4468,17638,0.2,5.613500019535422,2568,0.017133956386292833,True,2524.0,0.25,1,0.11593568206806303,631,True,False
5,cost_guard,11,edge,DE,4468,17638,0.2,12.326000025495887,980,0.016780045351473937,True,963.5555555555555,0.75,1,0.09592218596366701,542,True,False
5,cost_guard,12,node,DE,5725,18095,0.05,5.682300019543618,2404,0.0016638935108153079,True,2400.0,0.75,1,0.03901461750160532,1800,True,False
5,cost_guard,12,edge,DE,5725,18095,0.05,15.626800013706088,833,0.0,True,833.0,1.0,1,0.0,833,True,True
5,cost_guard,13,node,DE,6033,17848,0.1,6.271000020205975,2308,0.0011554015020218869,True,2305.3333333333335,0.75,1,0.03980761050546617,1729,True,False
5,cost_guard,13,edge,DE,6033,17848,0.1,16.6293999645859,757,0.0,True,757.0,1.0,1,0.0,757,True,True
5,cost_guard,14,node,FR,3591,13336,0.2,4.969700006768107,2977,0.009069533087000335,True,3004.0,0.25,1,0.10627028187169607,751,True,False
5,cost_guard,14,edge,FR,3591,13336,0.2,14.347399992402643,1447,0.009751977270982091,True,1432.888888888889,0.75,1,0.07865950148348581,806,True,False
5,cost_guard,15,node,DE,5385,10717,0.05,12.315700005274266,1032,0.0,True,1032.0,1.0,2,0.0,1032,True,True
5,cost_guard,15,edge,DE,5385,10717,0.05,9.252999967429787,125,0.0,True,125.0,1.0,1,0.0,125,True,True
5,cost_guard,16,node,FR,4707,13254,0.1,7.445700000971556,2593,0.005784805244890089,True,2608.0,0.75,1,0.03742649702916562,1956,True,False
5,cost_guard,16,edge,FR,4707,13254,0.1,15.212900005280972,1071,0.0,True,1071.0,1.0,1,0.0,1071,True,True
5,cost_guard,17,node,DE,4476,13908,0.2,4.942299972753972,1858,0.02045209903121636,True,1820.0,0.25,1,0.13652937517213345,455,True,False
5,cost_guard,17,edge,DE,4476,13908,0.2,10.10610000230372,502,0.06861443116423199,True,467.55555555555554,0.75,1,0.13770218652839297,263,True,False
5,cost_guard,18,node,FR,2067,7612,0.05,6.7885000025853515,1714,0.002722676001555859,True,1709.3333333333333,0.75,1,0.04622954227172845,1282,True,False
5,cost_guard,18,edge,FR,2067,7612,0.05,11.274199991021305,438,0.0,True,438.0,1.0,1,0.0,438,True,True
5,cost_guard,19,node,FR,6006,18484,0.1,8.59779998427257,3712,0.015445402298850615,True,3769.3333333333335,0.75,1,0.031131546959176172,2827,True,False
5,cost_guard,19,edge,FR,6006,18484,0.1,22.20049995230511,2145,0.0,True,2145.0,1.0,1,0.0,2145,True,True
5,cost_guard,20,node,FR,9620,19378,0.2,4.954300005920231,2912,0.01098901098901099,True,2944.0,0.25,1,0.10734773708421186,736,True,False
5,cost_guard,20,edge,FR,9620,19378,0.2,24.543499981518835,1316,0.013171225937183326,True,1333.3333333333333,0.75,1,0.08154326166272059,750,True,False
5,cost_guard,21,node,FR,11435,17016,0.05,11.058000032790005,1661,0.02107164358819988,True,1696.0,0.75,1,0.04641090641375243,1272,True,False
5,cost_guard,21,edge,FR,11435,17016,0.05,22.77540002251044,482,0.0,True,482.0,1.0,1,0.0,482,True,True
5,cost_guard,22,node,FR,1747,14379,0.1,11.770899989642203,3820,0.0,True,3820.0,0.75,1,0.030924400763712508,2865,True,False
5,cost_guard,22,edge,FR,1747,14379,0.1,22.523599967826158,2250,0.0,True,2250.0,1.0,1,0.0,2250,True,True
5,cost_guard,23,node,DE,14379,17847,0.2,10.537999973166734,651,0.013824884792626729,True,660.0,0.5,2,0.18848225966173537,330,True,False
5,cost_guard,23,edge,DE,14379,17847,0.2,14.66340001206845,63,0.0,True,63.0,1.0,2,0.0,63,True,True
5,cost_guard,24,node,DE,7306,16138,0.05,6.338000006508082,1722,0.003484320557491289,True,1716.0,0.75,1,0.046139653906943676,1287,True,False
5,cost_guard,24,edge,DE,7306,16138,0.05,12.473199982196093,425,0.0,True,425.0,1.0,1,0.0,425,True,True
5,cost_guard,25,node,DE,6281,19634,0.1,5.686999997124076,2601,0.0008970908624888447,True,2598.6666666666665,0.75,1,0.03749364702015731,1949,True,False
5,cost_guard,25,edge,DE,6281,19634,0.1,21.356099983677268,961,0.0,True,961.0,1.0,1,0.0,961,True,True
5,cost_guard,26,node,DE,8678,18441,0.2,4.895499965641648,1914,0.00522466039707419,True,1904.0,0.25,1,0.13348372717070486,476,True,False
5,cost_guard,26,edge,DE,8678,18441,0.2,11.000300000887364,538,0.05080545229244121,True,565.3333333333334,0.75,1,0.12522906862530597,318,True,False
5,cost_guard,27,node,FR,4381,17091,0.05,8.354200050234795,3823,0.00898073066527164,True,3857.3333333333335,0.75,1,0.030774385460892926,2893,True,False
5,cost_guard,27,edge,FR,4381,17091,0.05,24.475400045048445,2318,0.0,True,2318.0,1.0,1,0.0,2318,True,True
5,cost_guard,28,node,FR,8043,18850,0.1,9.106400015298277,3211,0.014014325755216444,True,3256.0,0.75,1,0.033495832504682514,2442,True,False
5,cost_guard,28,edge,FR,8043,18850,0.1,20.131099969148636,1574,0.0,True,1574.0,1.0,1,0.0,1574,True,True
5,cost_guard,29,node,FR,1846,13108,0.2,5.651499959640205,3432,0.005827505827505828,True,3452.0,0.25,1,0.09913486126480021,863,True,False
5,cost_guard,29,edge,FR,1846,13108,0.2,18.165200017392635,1824,0.0068226120857699255,True,1811.5555555555557,0.75,1,0.06995707110641648,1019,True,False
5,cost_guard,30,node,FR,9856,13197,0.05,11.505000002216548,1026,0.0,True,1026.0,1.0,2,0.0,1026,True,True
5,cost_guard,30,edge,FR,9856,13197,0.05,9.051300003193319,169,0.0,True,169.0,1.0,1,0.0,169,True,True
5,cost_guard,31,node,DE,8221,18860,0.1,7.277800003066659,2084,0.0006397952655151079,True,2085.3333333333335,0.75,1,0.041854796205057485,1564,True,False
5,cost_guard,31,edge,DE,8221,18860,0.1,14.714299992192537,635,0.0,True,635.0,1.0,1,0.0,635,True,True
5,cost_guard,32,node,DE,3010,12029,0.2,5.014299997128546,1771,0.05815923207227555,True,1668.0,0.25,1,0.1426145295118314,417,True,False
5,cost_guard,32,edge,DE,3010,12029,0.2,10.570099984761328,457,0.050814490639435946,True,433.77777777777777,0.75,1,0.14296304752905856,244,True,False
5,cost_guard,33,node,FR,781,14641,0.05,7.4133999878540635,4181,0.00374710994180028,True,4165.333333333333,0.75,1,0.029614751542258032,3124,True,False
5,cost_guard,33,edge,FR,781,14641,0.05,23.89990002848208,2684,0.0,True,2684.0,1.0,1,0.0,2684,True,True
5,cost_guard,34,node,DE,1652,12778,0.1,7.379499962553382,2175,0.012413793103448275,True,2148.0,0.75,1,0.04123973214068287,1611,True,False
5,cost_guard,34,edge,DE,1652,12778,0.1,15.830799995455891,713,0.0,True,713.0,1.0,1,0.0,713,True,True
5,cost_guard,35,node,FR,3620,15630,0.2,5.350899999029934,3626,0.01709873138444567,True,3688.0,0.25,1,0.0959105409488683,922,True,False
5,cost_guard,35,edge,FR,3620,15630,0.2,17.945600033272058,2107,0.005220692928334125,True,2096.0,0.75,1,0.06503719586847534,1179,True,False
5,cost_guard,36,node,DE,952,12489,0.05,6.023299996741116,2274,0.013778950454412263,True,2242.6666666666665,0.75,1,0.04035994913959171,1682,True,False
5,cost_guard,36,edge,DE,952,12489,0.05,16.105999995488673,767,0.0,True,767.0,1.0,1,0.0,767,True,True
5,cost_guard,37,node,FR,10192,19512,0.1,7.556499971542507,2755,0.016333938294010888,True,2800.0,0.75,1,0.03612051706792417,2100,True,False
5,cost_guard,37,edge,FR,10192,19512,0.1,17.04149995930493,1202,0.0,True,1202.0,1.0,1,0.0,1202,True,True
5,cost_guard,38,node,FR,4864,19063,0.2,5.2195999887771904,4241,0.021457203489742987,True,4332.0,0.25,1,0.0884947634470524,1083,True,False
5,cost_guard,38,edge,FR,4864,19063,0.2,19.06550000421703,2816,0.02146464646464643,True,2876.4444444444443,0.75,1,0.05551744256439898,1618,True,False
5,cost_guard,39,node,DE,3439,9589,0.05,13.272700016386807,1216,0.0,True,1216.0,1.0,2,0.0,1216,True,True
5,cost_guard,39,edge,DE,3439,9589,0.05,9.979299968108535,211,0.0,True,211.0,1.0,1,0.0,211,True,True
