scenario,epoch,initial_sample_seed,mode,index,node_fidelity,edge_fidelity,node_error,edge_error,violation,candidate_violation,audited,audit_ms,quarantined,reason,state,timing_ratio,profile_epoch,online_ms,build_ms,count_calls
healthy,0,25000,exact,1,1.0,1.0,0.0,0.0,False,False,False,0.0,False,,active,,0,32.104900004924275,0.0,2
healthy,0,25000,exact,2,1.0,1.0,0.0,0.0,False,False,False,0.0,False,,active,,0,54.2874000093434,0.0,2
healthy,0,25000,exact,3,1.0,1.0,0.0,0.0,False,False,False,0.0,False,,active,,0,39.8338000086369,0.0,2
healthy,0,25000,exact,4,1.0,1.0,0.0,0.0,False,False,False,0.0,False,,active,,0,46.75699998915661,0.0,2
healthy,0,25000,exact,5,1.0,1.0,0.0,0.0,False,False,False,0.0,False,,active,,0,43.67439998895861,0.0,2
healthy,0,25000,exact,6,1.0,1.0,0.0,0.0,False,False,False,0.0,False,,active,,0,43.68329999851994,0.0,2
healthy,0,25000,exact,7,1.0,1.0,0.0,0.0,False,False,False,0.0,False,,active,,0,27.090800009318627,0.0,2
healthy,0,25000,exact,8,1.0,1.0,0.0,0.0,False,False,False,0.0,False,,active,,0,25.394299998879433,0.0,2
healthy,0,25000,exact,9,1.0,1.0,0.0,0.0,False,False,False,0.0,False,,active,,0,46.00620000564959,0.0,2
healthy,0,25000,exact,10,1.0,1.0,0.0,0.0,False,False,False,0.0,False,,active,,0,51.05609999736771,0.0,2
healthy,0,25000,exact,11,1.0,1.0,0.0,0.0,False,False,False,0.0,False,,active,,0,67.60120000399183,0.0,2
healthy,0,25000,exact,12,1.0,1.0,0.0,0.0,False,False,False,0.0,False,,active,,0,20.5197000032058,0.0,2
healthy,0,25000,exact,13,1.0,1.0,0.0,0.0,False,False,False,0.0,False,,active,,0,28.30730000277981,0.0,2
healthy,0,25000,exact,14,1.0,1.0,0.0,0.0,False,False,False,0.0,False,,active,,0,51.219799992395565,0.0,2
healthy,0,25000,exact,15,1.0,1.0,0.0,0.0,False,False,False,0.0,False,,active,,0,51.87560000922531,0.0,2
healthy,0,25000,exact,16,1.0,1.0,0.0,0.0,False,False,False,0.0,False,,active,,0,44.826800003647804,0.0,2
healthy,0,25000,exact,17,1.0,1.0,0.0,0.0,False,False,False,0.0,False,,active,,0,43.345700003555976,0.0,2
healthy,0,25000,exact,18,1.0,1.0,0.0,0.0,False,False,False,0.0,False,,active,,0,56.62570000276901,0.0,2
healthy,0,25000,exact,19,1.0,1.0,0.0,0.0,False,False,False,0.0,False,,active,,0,53.47829998936504,0.0,2
healthy,0,25000,exact,20,1.0,1.0,0.0,0.0,False,False,False,0.0,False,,active,,0,44.74110000592191,0.0,2
healthy,0,25000,exact,21,1.0,1.0,0.0,0.0,False,False,False,0.0,False,,active,,0,56.82950001209974,0.0,2
healthy,0,25000,exact,22,1.0,1.0,0.0,0.0,False,False,False,0.0,False,,active,,0,74.64720000280067,0.0,2
healthy,0,25000,exact,23,1.0,1.0,0.0,0.0,False,False,False,0.0,False,,active,,0,39.08590000355616,0.0,2
healthy,0,25000,exact,24,1.0,1.0,0.0,0.0,False,False,False,0.0,False,,active,,0,87.58160000434145,0.0,2
healthy,0,25000,exact,25,1.0,1.0,0.0,0.0,False,False,False,0.0,False,,active,,0,26.07170000555925,0.0,2
healthy,0,25000,exact,26,1.0,1.0,0.0,0.0,False,False,False,0.0,False,,active,,0,41.94460000144318,0.0,2
healthy,0,25000,exact,27,1.0,1.0,0.0,0.0,False,False,False,0.0,False,,active,,0,27.24820000003092,0.0,2
healthy,0,25000,exact,28,1.0,1.0,0.0,0.0,False,False,False,0.0,False,,active,,0,13.809199997922406,0.0,2
healthy,0,25000,exact,29,1.0,1.0,0.0,0.0,False,False,False,0.0,False,,active,,0,17.98370000324212,0.0,2
healthy,0,25000,exact,30,1.0,1.0,0.0,0.0,False,False,False,0.0,False,,active,,0,18.472099996870384,0.0,2
healthy,0,25000,exact,31,1.0,1.0,0.0,0.0,False,False,False,0.0,False,,active,,0,16.001199997845106,0.0,2
healthy,0,25000,exact,32,1.0,1.0,0.0,0.0,False,False,False,0.0,False,,active,,0,57.24059999920428,0.0,2
healthy,0,25000,exact,33,1.0,1.0,0.0,0.0,False,False,False,0.0,False,,active,,0,34.694100002525374,0.0,2
healthy,0,25000,exact,34,1.0,1.0,0.0,0.0,False,False,False,0.0,False,,active,,0,36.298499995609745,0.0,2
healthy,0,25000,exact,35,1.0,1.0,0.0,0.0,False,False,False,0.0,False,,active,,0,40.1036999974167,0.0,2
healthy,0,25000,exact,36,1.0,1.0,0.0,0.0,False,False,False,0.0,False,,active,,0,37.29899998870678,0.0,2
healthy,0,25000,exact,37,1.0,1.0,0.0,0.0,False,False,False,0.0,False,,active,,0,32.541299995500594,0.0,2
healthy,0,25000,exact,38,1.0,1.0,0.0,0.0,False,False,False,0.0,False,,active,,0,31.691900003352202,0.0,2
healthy,0,25000,exact,39,1.0,1.0,0.0,0.0,False,False,False,0.0,False,,active,,0,35.23429999768268,0.0,2
healthy,0,25000,exact,40,1.0,1.0,0.0,0.0,False,False,False,0.0,False,,active,,0,28.91059999819845,0.0,2
healthy,0,25000,exact,41,1.0,1.0,0.0,0.0,False,False,False,0.0,False,,active,,0,42.71860000153538,0.0,2
healthy,0,25000,exact,42,1.0,1.0,0.0,0.0,False,False,False,0.0,False,,active,,0,38.680900004692376,0.0,2
healthy,0,25000,exact,43,1.0,1.0,0.0,0.0,False,False,False,0.0,False,,active,,0,30.752599996048957,0.0,2
healthy,0,25000,exact,44,1.0,1.0,0.0,0.0,False,False,False,0.0,False,,active,,0,23.368399997707456,0.0,2
healthy,0,25000,exact,45,1.0,1.0,0.0,0.0,False,False,False,0.0,False,,active,,0,29.50109999801498,0.0,2
healthy,0,25000,exact,46,1.0,1.0,0.0,0.0,False,False,False,0.0,False,,active,,0,33.679099986329675,0.0,2
healthy,0,25000,exact,47,1.0,1.0,0.0,0.0,False,False,False,0.0,False,,active,,0,24.844200001098216,0.0,2
healthy,0,25000,exact,48,1.0,1.0,0.0,0.0,False,False,False,0.0,False,,active,,0,30.880300007993355,0.0,2
healthy,0,25000,exact,49,1.0,1.0,0.0,0.0,False,False,False,0.0,False,,active,,0,45.37969999364577,0.0,2
healthy,0,25000,exact,50,1.0,1.0,0.0,0.0,False,False,False,0.0,False,,active,,0,36.59489999699872,0.0,2
healthy,0,25000,exact,51,1.0,1.0,0.0,0.0,False,False,False,0.0,False,,active,,0,22.482500004116446,0.0,2
healthy,0,25000,exact,52,1.0,1.0,0.0,0.0,False,False,False,0.0,False,,active,,0,21.387599990703166,0.0,2
healthy,0,25000,exact,53,1.0,1.0,0.0,0.0,False,False,False,0.0,False,,active,,0,22.216299999854527,0.0,2
healthy,0,25000,exact,54,1.0,1.0,0.0,0.0,False,False,False,0.0,False,,active,,0,23.243199990247376,0.0,2
healthy,0,25000,exact,55,1.0,1.0,0.0,0.0,False,False,False,0.0,False,,active,,0,23.56250000593718,0.0,2
healthy,0,25000,exact,56,1.0,1.0,0.0,0.0,False,False,False,0.0,False,,active,,0,24.47740000206977,0.0,2
healthy,0,25000,exact,57,1.0,1.0,0.0,0.0,False,False,False,0.0,False,,active,,0,22.412300007999875,0.0,2
healthy,0,25000,exact,58,1.0,1.0,0.0,0.0,False,False,False,0.0,False,,active,,0,22.683899995172396,0.0,2
healthy,0,25000,exact,59,1.0,1.0,0.0,0.0,False,False,False,0.0,False,,active,,0,29.946800001198426,0.0,2
healthy,0,25000,exact,60,1.0,1.0,0.0,0.0,False,False,False,0.0,False,,active,,0,34.068199995090254,0.0,2
healthy,0,25000,audited,1,1.0,0.5,0.0,0.006532253426194006,False,False,True,22.959599999012426,False,,active,0.8445562076712626,0,4642.077199998312,4583.241200001794,6
healthy,0,25000,audited,2,1.0,0.5,0.0,0.006532253426194006,False,False,False,0.0,False,,active,0.8178219443162228,0,24.1292999999132,0.0,2
healthy,0,25000,audited,3,1.0,0.5,0.0,0.006532253426194006,False,False,False,0.0,False,,active,0.810940358343423,0,23.912000004202127,0.0,2
healthy,0,25000,audited,4,1.0,0.5,0.0,0.006532253426194006,False,False,False,0.0,False,,active,0.7935694648188704,0,23.402300008456223,0.0,2
healthy,0,25000,audited,5,1.0,0.5,0.0,0.006532253426194006,False,False,False,0.0,False,,active,0.8313909319221817,0,24.511199997505173,0.0,2
healthy,0,25000,audited,6,1.0,0.5,0.0,0.006532253426194006,False,False,False,0.0,False,,active,0.8696927475165002,0,25.637400001869537,0.0,2
healthy,0,25000,audited,7,1.0,0.5,0.0,0.006532253426194006,False,False,False,0.0,False,,active,0.819842132586461,0,24.17619999323506,0.0,2
healthy,0,25000,audited,8,1.0,0.5,0.0,0.006532253426194006,False,False,False,0.0,False,,active,0.7375015755006975,0,21.756300004199147,0.0,2
healthy,0,25000,audited,9,1.0,0.5,0.0,0.006532253426194006,False,False,False,0.0,False,,active,2.176011882568113,0,63.98780000745319,0.0,2
healthy,0,25000,audited,10,1.0,0.5,0.0,0.006532253426194006,False,False,True,23.111300004529767,False,,active,0.8632370025064839,0,48.577499997918494,0.0,4
healthy,0,25000,audited,11,1.0,0.5,0.0,0.006532253426194006,False,False,False,0.0,False,,active,0.7514282695352242,0,22.174900004756637,0.0,2
healthy,0,25000,audited,12,1.0,0.5,0.0,0.006532253426194006,False,False,False,0.0,False,,active,0.7436609351133656,0,21.94259999669157,0.0,2
healthy,0,25000,audited,13,1.0,0.5,0.0,0.006532253426194006,False,False,False,0.0,False,,active,0.6972647399278462,0,20.58779999788385,0.0,2
healthy,0,25000,audited,14,1.0,0.5,0.0,0.006532253426194006,False,False,False,0.0,False,,active,0.7438959994794941,0,22.016499991877936,0.0,2
healthy,0,25000,audited,15,1.0,0.5,0.0,0.006532253426194006,False,False,False,0.0,False,,active,1.0077741477596067,0,29.75860000879038,0.0,2
healthy,0,25000,audited,16,1.0,0.5,0.0,0.006532253426194006,False,False,False,0.0,False,,active,0.7212276475308464,0,21.3474999909522,0.0,2
healthy,0,25000,audited,17,1.0,0.5,0.0,0.006532253426194006,False,False,False,0.0,False,,active,0.5848223561354022,0,17.267100003664382,0.0,2
healthy,0,25000,audited,18,1.0,0.5,0.0,0.006532253426194006,False,False,False,0.0,False,,active,0.5597181957039706,0,16.53259999875445,0.0,2
healthy,0,25000,audited,19,1.0,0.5,0.0,0.006532253426194006,False,False,False,0.0,False,,active,0.9029287618056104,0,26.617499999701977,0.0,2
healthy,0,25000,audited,20,1.0,0.5,0.0,0.006532253426194006,False,False,True,39.910200008307584,False,,active,0.7145913461786692,0,61.05139999999665,0.0,4
healthy,0,25000,audited,21,1.0,0.5,0.0,0.006532253426194006,False,False,False,0.0,False,,active,0.6358959859298242,0,18.815799994627014,0.0,2
healthy,0,25000,audited,22,1.0,0.5,0.0,0.006532253426194006,False,False,False,0.0,False,,active,0.8083103665124863,0,23.84340000571683,0.0,2
healthy,0,25000,audited,23,1.0,0.5,0.0,0.006532253426194006,False,False,False,0.0,False,,active,0.9452879876978951,0,27.92799999588169,0.0,2
healthy,0,25000,audited,24,1.0,0.5,0.0,0.006532253426194006,False,False,False,0.0,False,,active,0.8630939199350568,0,25.530400002026,0.0,2
healthy,0,25000,audited,25,1.0,0.5,0.0,0.006532253426194006,False,False,False,0.0,False,,active,1.1603818258391885,0,34.26549999858253,0.0,2
healthy,0,25000,audited,26,1.0,0.5,0.0,0.006532253426194006,False,False,False,0.0,False,,active,0.9915445070634854,0,29.279399997903965,0.0,2
healthy,0,25000,audited,27,1.0,0.5,0.0,0.006532253426194006,False,False,False,0.0,False,,active,0.6649962356280024,0,19.690600005560555,0.0,2
healthy,0,25000,audited,28,1.0,0.5,0.0,0.006532253426194006,False,False,False,0.0,False,,active,0.5657004057259757,0,16.71530000749044,0.0,2
healthy,0,25000,audited,29,1.0,0.5,0.0,0.006532253426194006,False,False,False,0.0,False,,active,0.7467644624280574,0,22.027400002116337,0.0,2
healthy,0,25000,audited,30,1.0,0.5,0.0,0.006532253426194006,False,False,True,23.470200001611374,False,,active,0.5372304000974839,0,39.35720000299625,0.0,4
healthy,0,25000,audited,31,1.0,0.5,0.0,0.006532253426194006,False,False,False,0.0,False,,active,0.6360629152659932,0,18.79200000257697,0.0,2
healthy,0,25000,audited,32,1.0,0.5,0.0,0.006532253426194006,False,False,False,0.0,False,,active,0.618620480455727,0,18.27190000039991,0.0,2
healthy,0,25000,audited,33,1.0,0.5,0.0,0.006532253426194006,False,False,False,0.0,False,,active,0.604049915345522,0,17.878600003314205,0.0,2
healthy,0,25000,audited,34,1.0,0.5,0.0,0.006532253426194006,False,False,False,0.0,False,,active,0.9867205841231453,0,29.084300011163577,0.0,2
healthy,0,25000,audited,35,1.0,0.5,0.0,0.006532253426194006,False,False,False,0.0,False,,active,0.9184702441523236,0,27.14689999993425,0.0,2
healthy,0,25000,audited,36,1.0,0.5,0.0,0.006532253426194006,False,False,False,0.0,False,,active,1.0439569797859896,0,30.773300008149818,0.0,2
healthy,0,25000,audited,37,1.0,0.5,0.0,0.006532253426194006,False,False,False,0.0,False,,active,1.2279780744798379,0,36.26919999078382,0.0,2
healthy,0,25000,audited,38,1.0,0.5,0.0,0.006532253426194006,False,False,False,0.0,False,,active,1.2048736613139128,0,35.56679999746848,0.0,2
healthy,0,25000,audited,39,1.0,0.5,0.0,0.006532253426194006,False,False,False,0.0,False,,active,1.2486739316877313,0,36.87690000515431,0.0,2
healthy,0,25000,audited,40,1.0,0.5,0.0,0.006532253426194006,False,False,True,38.86459999193903,False,,active,1.1242228405775474,0,72.09010000224225,0.0,4
healthy,0,25000,audited,41,1.0,0.5,0.0,0.006532253426194006,False,False,False,0.0,False,,active,1.2445756413632771,0,36.74429999955464,0.0,2
healthy,0,25000,audited,42,1.0,0.5,0.0,0.006532253426194006,False,False,False,0.0,False,,active,1.2578823110868675,0,37.13540000899229,0.0,2
healthy,0,25000,audited,43,1.0,0.5,0.0,0.006532253426194006,False,False,False,0.0,False,,active,1.2402627266859383,0,36.6206000035163,0.0,2
healthy,0,25000,audited,44,1.0,0.5,0.0,0.006532253426194006,False,False,False,0.0,False,,active,0.9351495725759703,0,27.679600010742433,0.0,2
healthy,0,25000,audited,45,1.0,0.5,0.0,0.006532253426194006,False,False,False,0.0,False,,active,1.1251460632930839,0,33.1953999993857,0.0,2
healthy,0,25000,audited,46,1.0,0.5,0.0,0.006532253426194006,False,False,False,0.0,False,,active,1.3228724146613224,0,39.024800003971905,0.0,2
healthy,0,25000,audited,47,1.0,0.5,0.0,0.006532253426194006,False,False,False,0.0,False,,active,1.2271025457895293,0,36.14370001014322,0.0,2
healthy,0,25000,audited,48,1.0,0.5,0.0,0.006532253426194006,False,False,False,0.0,False,,active,1.1527064727162872,0,34.009399998467416,0.0,2
healthy,0,25000,audited,49,1.0,0.5,0.0,0.006532253426194006,False,False,False,0.0,False,,active,0.8718355778491778,0,25.7597000017995,0.0,2
healthy,0,25000,audited,50,1.0,0.5,0.0,0.006532253426194006,False,False,True,22.61020000150893,False,,active,0.7259698094267227,0,44.08059999695979,0.0,4
healthy,0,25000,audited,51,1.0,0.5,0.0,0.006532253426194006,False,False,False,0.0,False,,active,0.5995598510775202,0,17.716700007440522,0.0,2
healthy,0,25000,audited,52,1.0,0.5,0.0,0.006532253426194006,False,False,False,0.0,False,,active,0.7040952246281764,0,20.777199999429286,0.0,2
healthy,0,25000,audited,53,1.0,0.5,0.0,0.006532253426194006,False,False,False,0.0,False,,active,0.5398126983989366,0,15.951399996993132,0.0,2
healthy,0,25000,audited,54,1.0,0.5,0.0,0.006532253426194006,False,False,False,0.0,False,,active,0.5987013561447012,0,17.679800002952106,0.0,2
healthy,0,25000,audited,55,1.0,0.5,0.0,0.006532253426194006,False,False,False,0.0,False,,active,0.6333102808768734,0,18.93259999633301,0.0,2
healthy,0,25000,audited,56,1.0,0.5,0.0,0.006532253426194006,False,False,False,0.0,False,,active,0.5293881181341575,0,15.643499995348975,0.0,2
healthy,0,25000,audited,57,1.0,0.5,0.0,0.006532253426194006,False,False,False,0.0,False,,active,0.514040819631341,0,15.199499990558252,0.0,2
healthy,0,25000,audited,58,1.0,0.5,0.0,0.006532253426194006,False,False,False,0.0,False,,active,0.576475878420583,0,17.07999999052845,0.0,2
healthy,0,25000,audited,59,1.0,0.5,0.0,0.006532253426194006,False,False,False,0.0,False,,active,0.568231602754959,0,16.85850000649225,0.0,2
healthy,0,25000,audited,60,1.0,0.5,0.0,0.006532253426194006,False,False,True,43.40589999628719,False,,active,0.7705911009626264,0,66.20809999003541,0.0,4
healthy,0,25000,unaudited,1,1.0,0.5,0.0,0.006532253426194006,False,False,False,0.0,False,,active,,0,3174.7226000006776,3146.8037000013283,4
healthy,0,25000,unaudited,2,1.0,0.5,0.0,0.006532253426194006,False,False,False,0.0,False,,active,,0,16.256900009466335,0.0,2
healthy,0,25000,unaudited,3,1.0,0.5,0.0,0.006532253426194006,False,False,False,0.0,False,,active,,0,24.534299998776987,0.0,2
healthy,0,25000,unaudited,4,1.0,0.5,0.0,0.006532253426194006,False,False,False,0.0,False,,active,,0,25.344599998788908,0.0,2
healthy,0,25000,unaudited,5,1.0,0.5,0.0,0.006532253426194006,False,False,False,0.0,False,,active,,0,32.70319999137428,0.0,2
healthy,0,25000,unaudited,6,1.0,0.5,0.0,0.006532253426194006,False,False,False,0.0,False,,active,,0,36.74480000336189,0.0,2
healthy,0,25000,unaudited,7,1.0,0.5,0.0,0.006532253426194006,False,False,False,0.0,False,,active,,0,42.993299997760914,0.0,2
healthy,0,25000,unaudited,8,1.0,0.5,0.0,0.006532253426194006,False,False,False,0.0,False,,active,,0,31.043000009958632,0.0,2
healthy,0,25000,unaudited,9,1.0,0.5,0.0,0.006532253426194006,False,False,False,0.0,False,,active,,0,38.96199999144301,0.0,2
healthy,0,25000,unaudited,10,1.0,0.5,0.0,0.006532253426194006,False,False,False,0.0,False,,active,,0,32.765700001618825,0.0,2
healthy,0,25000,unaudited,11,1.0,0.5,0.0,0.006532253426194006,False,False,False,0.0,False,,active,,0,16.896200002520345,0.0,2
healthy,0,25000,unaudited,12,1.0,0.5,0.0,0.006532253426194006,False,False,False,0.0,False,,active,,0,16.14430001063738,0.0,2
healthy,0,25000,unaudited,13,1.0,0.5,0.0,0.006532253426194006,False,False,False,0.0,False,,active,,0,18.21870000276249,0.0,2
healthy,0,25000,unaudited,14,1.0,0.5,0.0,0.006532253426194006,False,False,False,0.0,False,,active,,0,14.359200009494089,0.0,2
healthy,0,25000,unaudited,15,1.0,0.5,0.0,0.006532253426194006,False,False,False,0.0,False,,active,,0,15.11969999410212,0.0,2
healthy,0,25000,unaudited,16,1.0,0.5,0.0,0.006532253426194006,False,False,False,0.0,False,,active,,0,14.414900011615828,0.0,2
healthy,0,25000,unaudited,17,1.0,0.5,0.0,0.006532253426194006,False,False,False,0.0,False,,active,,0,16.7931000032695,0.0,2
healthy,0,25000,unaudited,18,1.0,0.5,0.0,0.006532253426194006,False,False,False,0.0,False,,active,,0,28.29790000396315,0.0,2
healthy,0,25000,unaudited,19,1.0,0.5,0.0,0.006532253426194006,False,False,False,0.0,False,,active,,0,16.85229998838622,0.0,2
healthy,0,25000,unaudited,20,1.0,0.5,0.0,0.006532253426194006,False,False,False,0.0,False,,active,,0,18.778500001644716,0.0,2
healthy,0,25000,unaudited,21,1.0,0.5,0.0,0.006532253426194006,False,False,False,0.0,False,,active,,0,24.24780000001192,0.0,2
healthy,0,25000,unaudited,22,1.0,0.5,0.0,0.006532253426194006,False,False,False,0.0,False,,active,,0,24.521600003936328,0.0,2
healthy,0,25000,unaudited,23,1.0,0.5,0.0,0.006532253426194006,False,False,False,0.0,False,,active,,0,30.070299995713867,0.0,2
healthy,0,25000,unaudited,24,1.0,0.5,0.0,0.006532253426194006,False,False,False,0.0,False,,active,,0,19.471599996904843,0.0,2
healthy,0,25000,unaudited,25,1.0,0.5,0.0,0.006532253426194006,False,False,False,0.0,False,,active,,0,15.197000000625849,0.0,2
healthy,0,25000,unaudited,26,1.0,0.5,0.0,0.006532253426194006,False,False,False,0.0,False,,active,,0,15.864600005443208,0.0,2
healthy,0,25000,unaudited,27,1.0,0.5,0.0,0.006532253426194006,False,False,False,0.0,False,,active,,0,16.59670000663027,0.0,2
healthy,0,25000,unaudited,28,1.0,0.5,0.0,0.006532253426194006,False,False,False,0.0,False,,active,,0,18.064900010358542,0.0,2
healthy,0,25000,unaudited,29,1.0,0.5,0.0,0.006532253426194006,False,False,False,0.0,False,,active,,0,21.757800001068972,0.0,2
healthy,0,25000,unaudited,30,1.0,0.5,0.0,0.006532253426194006,False,False,False,0.0,False,,active,,0,15.849799994612113,0.0,2
healthy,0,25000,unaudited,31,1.0,0.5,0.0,0.006532253426194006,False,False,False,0.0,False,,active,,0,16.672099998686463,0.0,2
healthy,0,25000,unaudited,32,1.0,0.5,0.0,0.006532253426194006,False,False,False,0.0,False,,active,,0,17.309899994870648,0.0,2
healthy,0,25000,unaudited,33,1.0,0.5,0.0,0.006532253426194006,False,False,False,0.0,False,,active,,0,16.594699991401285,0.0,2
healthy,0,25000,unaudited,34,1.0,0.5,0.0,0.006532253426194006,False,False,False,0.0,False,,active,,0,15.703099998063408,0.0,2
healthy,0,25000,unaudited,35,1.0,0.5,0.0,0.006532253426194006,False,False,False,0.0,False,,active,,0,28.313400005572475,0.0,2
healthy,0,25000,unaudited,36,1.0,0.5,0.0,0.006532253426194006,False,False,False,0.0,False,,active,,0,46.54070000106003,0.0,2
healthy,0,25000,unaudited,37,1.0,0.5,0.0,0.006532253426194006,False,False,False,0.0,False,,active,,0,16.810600005555898,0.0,2
healthy,0,25000,unaudited,38,1.0,0.5,0.0,0.006532253426194006,False,False,False,0.0,False,,active,,0,15.42209999752231,0.0,2
healthy,0,25000,unaudited,39,1.0,0.5,0.0,0.006532253426194006,False,False,False,0.0,False,,active,,0,15.74350000009872,0.0,2
healthy,0,25000,unaudited,40,1.0,0.5,0.0,0.006532253426194006,False,False,False,0.0,False,,active,,0,16.201000005821697,0.0,2
healthy,0,25000,unaudited,41,1.0,0.5,0.0,0.006532253426194006,False,False,False,0.0,False,,active,,0,15.85079998767469,0.0,2
healthy,0,25000,unaudited,42,1.0,0.5,0.0,0.006532253426194006,False,False,False,0.0,False,,active,,0,19.937699995352887,0.0,2
healthy,0,25000,unaudited,43,1.0,0.5,0.0,0.006532253426194006,False,False,False,0.0,False,,active,,0,21.69819999835454,0.0,2
healthy,0,25000,unaudited,44,1.0,0.5,0.0,0.006532253426194006,False,False,False,0.0,False,,active,,0,15.293600008590147,0.0,2
healthy,0,25000,unaudited,45,1.0,0.5,0.0,0.006532253426194006,False,False,False,0.0,False,,active,,0,17.44170000893064,0.0,2
healthy,0,25000,unaudited,46,1.0,0.5,0.0,0.006532253426194006,False,False,False,0.0,False,,active,,0,17.258500010939315,0.0,2
healthy,0,25000,unaudited,47,1.0,0.5,0.0,0.006532253426194006,False,False,False,0.0,False,,active,,0,19.908300004317425,0.0,2
healthy,0,25000,unaudited,48,1.0,0.5,0.0,0.006532253426194006,False,False,False,0.0,False,,active,,0,14.882899995427579,0.0,2
healthy,0,25000,unaudited,49,1.0,0.5,0.0,0.006532253426194006,False,False,False,0.0,False,,active,,0,15.260400003171526,0.0,2
healthy,0,25000,unaudited,50,1.0,0.5,0.0,0.006532253426194006,False,False,False,0.0,False,,active,,0,21.794100000988692,0.0,2
healthy,0,25000,unaudited,51,1.0,0.5,0.0,0.006532253426194006,False,False,False,0.0,False,,active,,0,23.19369999167975,0.0,2
healthy,0,25000,unaudited,52,1.0,0.5,0.0,0.006532253426194006,False,False,False,0.0,False,,active,,0,15.260899992426857,0.0,2
healthy,0,25000,unaudited,53,1.0,0.5,0.0,0.006532253426194006,False,False,False,0.0,False,,active,,0,15.573299999232404,0.0,2
healthy,0,25000,unaudited,54,1.0,0.5,0.0,0.006532253426194006,False,False,False,0.0,False,,active,,0,18.55690000229515,0.0,2
healthy,0,25000,unaudited,55,1.0,0.5,0.0,0.006532253426194006,False,False,False,0.0,False,,active,,0,20.52840001124423,0.0,2
healthy,0,25000,unaudited,56,1.0,0.5,0.0,0.006532253426194006,False,False,False,0.0,False,,active,,0,20.616100009647198,0.0,2
healthy,0,25000,unaudited,57,1.0,0.5,0.0,0.006532253426194006,False,False,False,0.0,False,,active,,0,15.04430000204593,0.0,2
healthy,0,25000,unaudited,58,1.0,0.5,0.0,0.006532253426194006,False,False,False,0.0,False,,active,,0,14.467600005446002,0.0,2
healthy,0,25000,unaudited,59,1.0,0.5,0.0,0.006532253426194006,False,False,False,0.0,False,,active,,0,17.17310000094585,0.0,2
healthy,0,25000,unaudited,60,1.0,0.5,0.0,0.006532253426194006,False,False,False,0.0,False,,active,,0,17.382699996232986,0.0,2
healthy,1,25001,exact,1,1.0,1.0,0.0,0.0,False,False,False,0.0,False,,active,,0,70.10779999836814,0.0,2
healthy,1,25001,exact,2,1.0,1.0,0.0,0.0,False,False,False,0.0,False,,active,,0,79.635900008725,0.0,2
healthy,1,25001,exact,3,1.0,1.0,0.0,0.0,False,False,False,0.0,False,,active,,0,79.06079999520443,0.0,2
healthy,1,25001,exact,4,1.0,1.0,0.0,0.0,False,False,False,0.0,False,,active,,0,69.36569999379572,0.0,2
healthy,1,25001,exact,5,1.0,1.0,0.0,0.0,False,False,False,0.0,False,,active,,0,34.89450000051875,0.0,2
healthy,1,25001,exact,6,1.0,1.0,0.0,0.0,False,False,False,0.0,False,,active,,0,94.1302999999607,0.0,2
healthy,1,25001,exact,7,1.0,1.0,0.0,0.0,False,False,False,0.0,False,,active,,0,55.769800004782155,0.0,2
healthy,1,25001,exact,8,1.0,1.0,0.0,0.0,False,False,False,0.0,False,,active,,0,30.82340001128614,0.0,2
healthy,1,25001,exact,9,1.0,1.0,0.0,0.0,False,False,False,0.0,False,,active,,0,32.19410000019707,0.0,2
healthy,1,25001,exact,10,1.0,1.0,0.0,0.0,False,False,False,0.0,False,,active,,0,63.18050000118092,0.0,2
healthy,1,25001,exact,11,1.0,1.0,0.0,0.0,False,False,False,0.0,False,,active,,0,34.59100000327453,0.0,2
healthy,1,25001,exact,12,1.0,1.0,0.0,0.0,False,False,False,0.0,False,,active,,0,51.18100000254344,0.0,2
healthy,1,25001,exact,13,1.0,1.0,0.0,0.0,False,False,False,0.0,False,,active,,0,24.491100004524924,0.0,2
healthy,1,25001,exact,14,1.0,1.0,0.0,0.0,False,False,False,0.0,False,,active,,0,33.95739999541547,0.0,2
healthy,1,25001,exact,15,1.0,1.0,0.0,0.0,False,False,False,0.0,False,,active,,0,23.490399995353073,0.0,2
healthy,1,25001,exact,16,1.0,1.0,0.0,0.0,False,False,False,0.0,False,,active,,0,85.16299999610055,0.0,2
healthy,1,25001,exact,17,1.0,1.0,0.0,0.0,False,False,False,0.0,False,,active,,0,23.570900011691265,0.0,2
healthy,1,25001,exact,18,1.0,1.0,0.0,0.0,False,False,False,0.0,False,,active,,0,22.688400000333786,0.0,2
healthy,1,25001,exact,19,1.0,1.0,0.0,0.0,False,False,False,0.0,False,,active,,0,28.357000002870336,0.0,2
healthy,1,25001,exact,20,1.0,1.0,0.0,0.0,False,False,False,0.0,False,,active,,0,41.34340000746306,0.0,2
healthy,1,25001,exact,21,1.0,1.0,0.0,0.0,False,False,False,0.0,False,,active,,0,30.578699996112846,0.0,2
healthy,1,25001,exact,22,1.0,1.0,0.0,0.0,False,False,False,0.0,False,,active,,0,33.49049999087583,0.0,2
healthy,1,25001,exact,23,1.0,1.0,0.0,0.0,False,False,False,0.0,False,,active,,0,22.482800006400794,0.0,2
healthy,1,25001,exact,24,1.0,1.0,0.0,0.0,False,False,False,0.0,False,,active,,0,23.4033000015188,0.0,2
healthy,1,25001,exact,25,1.0,1.0,0.0,0.0,False,False,False,0.0,False,,active,,0,36.521699992590584,0.0,2
healthy,1,25001,exact,26,1.0,1.0,0.0,0.0,False,False,False,0.0,False,,active,,0,23.120800004107878,0.0,2
healthy,1,25001,exact,27,1.0,1.0,0.0,0.0,False,False,False,0.0,False,,active,,0,26.879400000325404,0.0,2
healthy,1,25001,exact,28,1.0,1.0,0.0,0.0,False,False,False,0.0,False,,active,,0,30.549200004315935,0.0,2
healthy,1,25001,exact,29,1.0,1.0,0.0,0.0,False,False,False,0.0,False,,active,,0,28.047100000549108,0.0,2
healthy,1,25001,exact,30,1.0,1.0,0.0,0.0,False,False,False,0.0,False,,active,,0,33.15560000191908,0.0,2
healthy,1,25001,exact,31,1.0,1.0,0.0,0.0,False,False,False,0.0,False,,active,,0,30.559399994672276,0.0,2
healthy,1,25001,exact,32,1.0,1.0,0.0,0.0,False,False,False,0.0,False,,active,,0,30.4477999889059,0.0,2
healthy,1,25001,exact,33,1.0,1.0,0.0,0.0,False,False,False,0.0,False,,active,,0,25.349999996251427,0.0,2
healthy,1,25001,exact,34,1.0,1.0,0.0,0.0,False,False,False,0.0,False,,active,,0,35.040699993260205,0.0,2
healthy,1,25001,exact,35,1.0,1.0,0.0,0.0,False,False,False,0.0,False,,active,,0,39.741000000503846,0.0,2
healthy,1,25001,exact,36,1.0,1.0,0.0,0.0,False,False,False,0.0,False,,active,,0,28.583099992829375,0.0,2
healthy,1,25001,exact,37,1.0,1.0,0.0,0.0,False,False,False,0.0,False,,active,,0,44.12250001041684,0.0,2
healthy,1,25001,exact,38,1.0,1.0,0.0,0.0,False,False,False,0.0,False,,active,,0,47.258699996746145,0.0,2
healthy,1,25001,exact,39,1.0,1.0,0.0,0.0,False,False,False,0.0,False,,active,,0,29.01399999973364,0.0,2
healthy,1,25001,exact,40,1.0,1.0,0.0,0.0,False,False,False,0.0,False,,active,,0,34.77360001124907,0.0,2
healthy,1,25001,exact,41,1.0,1.0,0.0,0.0,False,False,False,0.0,False,,active,,0,36.72180000285152,0.0,2
healthy,1,25001,exact,42,1.0,1.0,0.0,0.0,False,False,False,0.0,False,,active,,0,40.12700000021141,0.0,2
healthy,1,25001,exact,43,1.0,1.0,0.0,0.0,False,False,False,0.0,False,,active,,0,37.721100001363084,0.0,2
healthy,1,25001,exact,44,1.0,1.0,0.0,0.0,False,False,False,0.0,False,,active,,0,36.14240000024438,0.0,2
healthy,1,25001,exact,45,1.0,1.0,0.0,0.0,False,False,False,0.0,False,,active,,0,28.422700008377433,0.0,2
healthy,1,25001,exact,46,1.0,1.0,0.0,0.0,False,False,False,0.0,False,,active,,0,29.160400008549914,0.0,2
healthy,1,25001,exact,47,1.0,1.0,0.0,0.0,False,False,False,0.0,False,,active,,0,29.879900001105852,0.0,2
healthy,1,25001,exact,48,1.0,1.0,0.0,0.0,False,False,False,0.0,False,,active,,0,20.274399998015724,0.0,2
healthy,1,25001,exact,49,1.0,1.0,0.0,0.0,False,False,False,0.0,False,,active,,0,25.61170000990387,0.0,2
healthy,1,25001,exact,50,1.0,1.0,0.0,0.0,False,False,False,0.0,False,,active,,0,28.512699995189905,0.0,2
healthy,1,25001,exact,51,1.0,1.0,0.0,0.0,False,False,False,0.0,False,,active,,0,30.556899990187958,0.0,2
healthy,1,25001,exact,52,1.0,1.0,0.0,0.0,False,False,False,0.0,False,,active,,0,37.0458000106737,0.0,2
healthy,1,25001,exact,53,1.0,1.0,0.0,0.0,False,False,False,0.0,False,,active,,0,44.13059999933466,0.0,2
healthy,1,25001,exact,54,1.0,1.0,0.0,0.0,False,False,False,0.0,False,,active,,0,30.805099988356233,0.0,2
healthy,1,25001,exact,55,1.0,1.0,0.0,0.0,False,False,False,0.0,False,,active,,0,35.79619999800343,0.0,2
healthy,1,25001,exact,56,1.0,1.0,0.0,0.0,False,False,False,0.0,False,,active,,0,34.8426999989897,0.0,2
healthy,1,25001,exact,57,1.0,1.0,0.0,0.0,False,False,False,0.0,False,,active,,0,24.941399999079295,0.0,2
healthy,1,25001,exact,58,1.0,1.0,0.0,0.0,False,False,False,0.0,False,,active,,0,30.98570001020562,0.0,2
healthy,1,25001,exact,59,1.0,1.0,0.0,0.0,False,False,False,0.0,False,,active,,0,23.683599996729754,0.0,2
healthy,1,25001,exact,60,1.0,1.0,0.0,0.0,False,False,False,0.0,False,,active,,0,38.10229999362491,0.0,2
healthy,1,25001,unaudited,1,1.0,0.5,0.0,0.03609411249759294,False,False,False,0.0,False,,active,,0,3450.8345000067493,3414.659499991103,4
healthy,1,25001,unaudited,2,1.0,0.5,0.0,0.03609411249759294,False,False,False,0.0,False,,active,,0,15.688300001784228,0.0,2
healthy,1,25001,unaudited,3,1.0,0.5,0.0,0.03609411249759294,False,False,False,0.0,False,,active,,0,15.614000003552064,0.0,2
healthy,1,25001,unaudited,4,1.0,0.5,0.0,0.03609411249759294,False,False,False,0.0,False,,active,,0,15.964499994879588,0.0,2
healthy,1,25001,unaudited,5,1.0,0.5,0.0,0.03609411249759294,False,False,False,0.0,False,,active,,0,18.378900000243448,0.0,2
healthy,1,25001,unaudited,6,1.0,0.5,0.0,0.03609411249759294,False,False,False,0.0,False,,active,,0,19.33640000061132,0.0,2
healthy,1,25001,unaudited,7,1.0,0.5,0.0,0.03609411249759294,False,False,False,0.0,False,,active,,0,23.038600003928877,0.0,2
healthy,1,25001,unaudited,8,1.0,0.5,0.0,0.03609411249759294,False,False,False,0.0,False,,active,,0,30.937100003939122,0.0,2
healthy,1,25001,unaudited,9,1.0,0.5,0.0,0.03609411249759294,False,False,False,0.0,False,,active,,0,48.58310001145583,0.0,2
healthy,1,25001,unaudited,10,1.0,0.5,0.0,0.03609411249759294,False,False,False,0.0,False,,active,,0,23.951399998622946,0.0,2
healthy,1,25001,unaudited,11,1.0,0.5,0.0,0.03609411249759294,False,False,False,0.0,False,,active,,0,32.434599997941405,0.0,2
healthy,1,25001,unaudited,12,1.0,0.5,0.0,0.03609411249759294,False,False,False,0.0,False,,active,,0,29.961599997477606,0.0,2
healthy,1,25001,unaudited,13,1.0,0.5,0.0,0.03609411249759294,False,False,False,0.0,False,,active,,0,27.18139998614788,0.0,2
healthy,1,25001,unaudited,14,1.0,0.5,0.0,0.03609411249759294,False,False,False,0.0,False,,active,,0,17.336000004434027,0.0,2
healthy,1,25001,unaudited,15,1.0,0.5,0.0,0.03609411249759294,False,False,False,0.0,False,,active,,0,17.13309998740442,0.0,2
healthy,1,25001,unaudited,16,1.0,0.5,0.0,0.03609411249759294,False,False,False,0.0,False,,active,,0,16.22420000785496,0.0,2
healthy,1,25001,unaudited,17,1.0,0.5,0.0,0.03609411249759294,False,False,False,0.0,False,,active,,0,16.8244000087725,0.0,2
healthy,1,25001,unaudited,18,1.0,0.5,0.0,0.03609411249759294,False,False,False,0.0,False,,active,,0,16.458500002045184,0.0,2
healthy,1,25001,unaudited,19,1.0,0.5,0.0,0.03609411249759294,False,False,False,0.0,False,,active,,0,16.24509999237489,0.0,2
healthy,1,25001,unaudited,20,1.0,0.5,0.0,0.03609411249759294,False,False,False,0.0,False,,active,,0,17.65039999736473,0.0,2
healthy,1,25001,unaudited,21,1.0,0.5,0.0,0.03609411249759294,False,False,False,0.0,False,,active,,0,16.70009999361355,0.0,2
healthy,1,25001,unaudited,22,1.0,0.5,0.0,0.03609411249759294,False,False,False,0.0,False,,active,,0,16.61610000883229,0.0,2
healthy,1,25001,unaudited,23,1.0,0.5,0.0,0.03609411249759294,False,False,False,0.0,False,,active,,0,15.219900000374764,0.0,2
healthy,1,25001,unaudited,24,1.0,0.5,0.0,0.03609411249759294,False,False,False,0.0,False,,active,,0,17.413800000213087,0.0,2
healthy,1,25001,unaudited,25,1.0,0.5,0.0,0.03609411249759294,False,False,False,0.0,False,,active,,0,21.740099997259676,0.0,2
healthy,1,25001,unaudited,26,1.0,0.5,0.0,0.03609411249759294,False,False,False,0.0,False,,active,,0,22.0083999884082,0.0,2
healthy,1,25001,unaudited,27,1.0,0.5,0.0,0.03609411249759294,False,False,False,0.0,False,,active,,0,25.978400008170865,0.0,2
healthy,1,25001,unaudited,28,1.0,0.5,0.0,0.03609411249759294,False,False,False,0.0,False,,active,,0,26.247300003888085,0.0,2
healthy,1,25001,unaudited,29,1.0,0.5,0.0,0.03609411249759294,False,False,False,0.0,False,,active,,0,27.717499993741512,0.0,2
healthy,1,25001,unaudited,30,1.0,0.5,0.0,0.03609411249759294,False,False,False,0.0,False,,active,,0,26.887100000749342,0.0,2
healthy,1,25001,unaudited,31,1.0,0.5,0.0,0.03609411249759294,False,False,False,0.0,False,,active,,0,31.442799998330884,0.0,2
healthy,1,25001,unaudited,32,1.0,0.5,0.0,0.03609411249759294,False,False,False,0.0,False,,active,,0,19.033599994145334,0.0,2
healthy,1,25001,unaudited,33,1.0,0.5,0.0,0.03609411249759294,False,False,False,0.0,False,,active,,0,47.70539999299217,0.0,2
healthy,1,25001,unaudited,34,1.0,0.5,0.0,0.03609411249759294,False,False,False,0.0,False,,active,,0,28.137200002674945,0.0,2
healthy,1,25001,unaudited,35,1.0,0.5,0.0,0.03609411249759294,False,False,False,0.0,False,,active,,0,32.15629998885561,0.0,2
healthy,1,25001,unaudited,36,1.0,0.5,0.0,0.03609411249759294,False,False,False,0.0,False,,active,,0,32.622699989588,0.0,2
healthy,1,25001,unaudited,37,1.0,0.5,0.0,0.03609411249759294,False,False,False,0.0,False,,active,,0,35.68619998986833,0.0,2
healthy,1,25001,unaudited,38,1.0,0.5,0.0,0.03609411249759294,False,False,False,0.0,False,,active,,0,28.502000001026317,0.0,2
healthy,1,25001,unaudited,39,1.0,0.5,0.0,0.03609411249759294,False,False,False,0.0,False,,active,,0,24.845400010235608,0.0,2
healthy,1,25001,unaudited,40,1.0,0.5,0.0,0.03609411249759294,False,False,False,0.0,False,,active,,0,26.709999990998767,0.0,2
healthy,1,25001,unaudited,41,1.0,0.5,0.0,0.03609411249759294,False,False,False,0.0,False,,active,,0,31.195400006254204,0.0,2
healthy,1,25001,unaudited,42,1.0,0.5,0.0,0.03609411249759294,False,False,False,0.0,False,,active,,0,20.150600001215935,0.0,2
healthy,1,25001,unaudited,43,1.0,0.5,0.0,0.03609411249759294,False,False,False,0.0,False,,active,,0,32.57640000083484,0.0,2
healthy,1,25001,unaudited,44,1.0,0.5,0.0,0.03609411249759294,False,False,False,0.0,False,,active,,0,22.23680001043249,0.0,2
healthy,1,25001,unaudited,45,1.0,0.5,0.0,0.03609411249759294,False,False,False,0.0,False,,active,,0,18.081999995047227,0.0,2
healthy,1,25001,unaudited,46,1.0,0.5,0.0,0.03609411249759294,False,False,False,0.0,False,,active,,0,23.36720000312198,0.0,2
healthy,1,25001,unaudited,47,1.0,0.5,0.0,0.03609411249759294,False,False,False,0.0,False,,active,,0,30.40230000624433,0.0,2
healthy,1,25001,unaudited,48,1.0,0.5,0.0,0.03609411249759294,False,False,False,0.0,False,,active,,0,37.04549999383744,0.0,2
healthy,1,25001,unaudited,49,1.0,0.5,0.0,0.03609411249759294,False,False,False,0.0,False,,active,,0,19.03840000159107,0.0,2
healthy,1,25001,unaudited,50,1.0,0.5,0.0,0.03609411249759294,False,False,False,0.0,False,,active,,0,16.00750000216067,0.0,2
healthy,1,25001,unaudited,51,1.0,0.5,0.0,0.03609411249759294,False,False,False,0.0,False,,active,,0,20.467399997869506,0.0,2
healthy,1,25001,unaudited,52,1.0,0.5,0.0,0.03609411249759294,False,False,False,0.0,False,,active,,0,18.13110000512097,0.0,2
healthy,1,25001,unaudited,53,1.0,0.5,0.0,0.03609411249759294,False,False,False,0.0,False,,active,,0,16.204100000322796,0.0,2
healthy,1,25001,unaudited,54,1.0,0.5,0.0,0.03609411249759294,False,False,False,0.0,False,,active,,0,16.958000007434748,0.0,2
healthy,1,25001,unaudited,55,1.0,0.5,0.0,0.03609411249759294,False,False,False,0.0,False,,active,,0,15.186100004939362,0.0,2
healthy,1,25001,unaudited,56,1.0,0.5,0.0,0.03609411249759294,False,False,False,0.0,False,,active,,0,15.659500000765547,0.0,2
healthy,1,25001,unaudited,57,1.0,0.5,0.0,0.03609411249759294,False,False,False,0.0,False,,active,,0,14.975800004322082,0.0,2
healthy,1,25001,unaudited,58,1.0,0.5,0.0,0.03609411249759294,False,False,False,0.0,False,,active,,0,15.118499999516644,0.0,2
healthy,1,25001,unaudited,59,1.0,0.5,0.0,0.03609411249759294,False,False,False,0.0,False,,active,,0,20.978400003514253,0.0,2
healthy,1,25001,unaudited,60,1.0,0.5,0.0,0.03609411249759294,False,False,False,0.0,False,,active,,0,16.71630000055302,0.0,2
healthy,1,25001,audited,1,1.0,0.5,0.0,0.03609411249759294,False,False,True,47.50220000278205,False,,active,0.7574795886038319,0,2837.839100000565,2758.1377000024077,6
healthy,1,25001,audited,2,1.0,0.5,0.0,0.03609411249759294,False,False,False,0.0,False,,active,0.8979379085376137,0,26.569499998004176,0.0,2
healthy,1,25001,audited,3,1.0,0.5,0.0,0.03609411249759294,False,False,False,0.0,False,,active,0.6079199553025875,0,17.98600000620354,0.0,2
healthy,1,25001,audited,4,1.0,0.5,0.0,0.03609411249759294,False,False,False,0.0,False,,active,0.5459856845218529,0,16.124000001582317,0.0,2
healthy,1,25001,audited,5,1.0,0.5,0.0,0.03609411249759294,False,False,False,0.0,False,,active,0.6682053707518998,0,19.719899995834567,0.0,2
healthy,1,25001,audited,6,1.0,0.5,0.0,0.03609411249759294,False,False,False,0.0,False,,active,0.648988031796274,0,19.177200010744855,0.0,2
healthy,1,25001,audited,7,1.0,0.5,0.0,0.03609411249759294,False,False,False,0.0,False,,active,1.054851688287282,0,31.08680000877939,0.0,2
healthy,1,25001,audited,8,1.0,0.5,0.0,0.03609411249759294,False,False,False,0.0,False,,active,0.8079049660586907,0,23.88049999717623,0.0,2
healthy,1,25001,audited,9,1.0,0.5,0.0,0.03609411249759294,False,False,False,0.0,False,,active,0.6731519367461668,0,19.913700001779944,0.0,2
healthy,1,25001,audited,10,1.0,0.5,0.0,0.03609411249759294,False,False,True,36.48020001128316,False,,active,0.7385883208009052,0,58.285400009481236,0.0,4
healthy,1,25001,audited,11,1.0,0.5,0.0,0.03609411249759294,False,False,False,0.0,False,,active,0.6491617751311828,0,19.170099985785782,0.0,2
healthy,1,25001,audited,12,1.0,0.5,0.0,0.03609411249759294,False,False,False,0.0,False,,active,0.6469439967612938,0,19.216400003642775,0.0,2
healthy,1,25001,audited,13,1.0,0.5,0.0,0.03609411249759294,False,False,False,0.0,False,,active,0.8820557545113101,0,26.0604999930365,0.0,2
healthy,1,25001,audited,14,1.0,0.5,0.0,0.03609411249759294,False,False,False,0.0,False,,active,0.8641840719867625,0,25.49179999914486,0.0,2
healthy,1,25001,audited,15,1.0,0.5,0.0,0.03609411249759294,False,False,False,0.0,False,,active,0.7102068907113606,0,20.972600003005937,0.0,2
healthy,1,25001,audited,16,1.0,0.5,0.0,0.03609411249759294,False,False,False,0.0,False,,active,0.9339061176983435,0,27.5751000008313,0.0,2
healthy,1,25001,audited,17,1.0,0.5,0.0,0.03609411249759294,False,False,False,0.0,False,,active,0.7097708294940832,0,20.951999991666526,0.0,2
healthy,1,25001,audited,18,1.0,0.5,0.0,0.03609411249759294,False,False,False,0.0,False,,active,0.8013981202719487,0,23.678099998505786,0.0,2
healthy,1,25001,audited,19,1.0,0.5,0.0,0.03609411249759294,False,False,False,0.0,False,,active,0.6654425166040299,0,19.638799989479594,0.0,2
healthy,1,25001,audited,20,1.0,0.5,0.0,0.03609411249759294,False,False,True,40.11989998980425,False,,active,0.5461969021232395,0,56.269199994858354,0.0,4
healthy,1,25001,audited,21,1.0,0.5,0.0,0.03609411249759294,False,False,False,0.0,False,,active,0.5950834133197664,0,17.587200010893866,0.0,2
healthy,1,25001,audited,22,1.0,0.5,0.0,0.03609411249759294,False,False,False,0.0,False,,active,0.9726882812879254,0,28.699800008325838,0.0,2
healthy,1,25001,audited,23,1.0,0.5,0.0,0.03609411249759294,False,False,False,0.0,False,,active,1.0435243258159541,0,30.85490000376012,0.0,2
healthy,1,25001,audited,24,1.0,0.5,0.0,0.03609411249759294,False,False,False,0.0,False,,active,1.461263826812025,0,43.116300003021024,0.0,2
healthy,1,25001,audited,25,1.0,0.5,0.0,0.03609411249759294,False,False,False,0.0,False,,active,0.5838855069096176,0,17.28789998742286,0.0,2
healthy,1,25001,audited,26,1.0,0.5,0.0,0.03609411249759294,False,False,False,0.0,False,,active,0.5180914159305675,0,15.313400013837963,0.0,2
healthy,1,25001,audited,27,1.0,0.5,0.0,0.03609411249759294,False,False,False,0.0,False,,active,0.47778303956774654,0,14.12940000591334,0.0,2
healthy,1,25001,audited,28,1.0,0.5,0.0,0.03609411249759294,False,False,False,0.0,False,,active,0.5349513006963752,0,15.805999995791353,0.0,2
healthy,1,25001,audited,29,1.0,0.5,0.0,0.03609411249759294,False,False,False,0.0,False,,active,0.7359515154669725,0,21.738399998866953,0.0,2
healthy,1,25001,audited,30,1.0,0.5,0.0,0.03609411249759294,False,False,True,25.91089998895768,False,,active,0.6969956090382257,0,46.49899998912588,0.0,4
healthy,1,25001,audited,31,1.0,0.5,0.0,0.03609411249759294,False,False,False,0.0,False,,active,0.5586484836655089,0,16.526699997484684,0.0,2
healthy,1,25001,audited,32,1.0,0.5,0.0,0.03609411249759294,False,False,False,0.0,False,,active,0.54990341899989,0,16.316399996867403,0.0,2
healthy,1,25001,audited,33,1.0,0.5,0.0,0.03609411249759294,False,False,False,0.0,False,,active,0.508770614723486,0,15.037699995446019,0.0,2
healthy,1,25001,audited,34,1.0,0.5,0.0,0.03609411249759294,False,False,False,0.0,False,,active,0.5397956646414468,0,15.956699993694201,0.0,2
healthy,1,25001,audited,35,1.0,0.5,0.0,0.03609411249759294,False,False,False,0.0,False,,active,0.5451544440967615,0,16.163699998287484,0.0,2
healthy,1,25001,audited,36,1.0,0.5,0.0,0.03609411249759294,False,False,False,0.0,False,,active,0.5758251943376526,0,17.019400009303354,0.0,2
healthy,1,25001,audited,37,1.0,0.5,0.0,0.03609411249759294,False,False,False,0.0,False,,active,0.5608798890413899,0,16.661699992255308,0.0,2
healthy,1,25001,audited,38,1.0,0.5,0.0,0.03609411249759294,False,False,False,0.0,False,,active,0.7284669389407263,0,21.552099991822615,0.0,2
healthy,1,25001,audited,39,1.0,0.5,0.0,0.03609411249759294,False,False,False,0.0,False,,active,0.73637054292676,0,21.74419999937527,0.0,2
healthy,1,25001,audited,40,1.0,0.5,0.0,0.03609411249759294,False,False,True,25.588600008632056,False,,active,0.6576240814054455,0,45.03639999893494,0.0,4
healthy,1,25001,audited,41,1.0,0.5,0.0,0.03609411249759294,False,False,False,0.0,False,,active,0.6580465156167309,0,19.433099994785152,0.0,2
healthy,1,25001,audited,42,1.0,0.5,0.0,0.03609411249759294,False,False,False,0.0,False,,active,0.8616358412002894,0,25.40499999304302,0.0,2
healthy,1,25001,audited,43,1.0,0.5,0.0,0.03609411249759294,False,False,False,0.0,False,,active,1.2917008759161803,0,38.09709999768529,0.0,2
healthy,1,25001,audited,44,1.0,0.5,0.0,0.03609411249759294,False,False,False,0.0,False,,active,1.213063429947057,0,35.792599999695085,0.0,2
healthy,1,25001,audited,45,1.0,0.5,0.0,0.03609411249759294,False,False,False,0.0,False,,active,0.8955668278375474,0,26.444799994351342,0.0,2
healthy,1,25001,audited,46,1.0,0.5,0.0,0.03609411249759294,False,False,False,0.0,False,,active,0.8210549262048622,0,24.22110000043176,0.0,2
healthy,1,25001,audited,47,1.0,0.5,0.0,0.03609411249759294,False,False,False,0.0,False,,active,1.0260682639996959,0,30.299300007754937,0.0,2
healthy,1,25001,audited,48,1.0,0.5,0.0,0.03609411249759294,False,False,False,0.0,False,,active,0.7000650683421938,0,20.711300006951205,0.0,2
healthy,1,25001,audited,49,1.0,0.5,0.0,0.03609411249759294,False,False,False,0.0,False,,active,0.5400954562945491,0,15.952200003084727,0.0,2
healthy,1,25001,audited,50,1.0,0.5,0.0,0.03609411249759294,False,False,True,21.95229999779258,False,,active,0.5165652026615846,0,37.22459998971317,0.0,4
healthy,1,25001,audited,51,1.0,0.5,0.0,0.03609411249759294,False,False,False,0.0,False,,active,0.569778256037186,0,16.845599995576777,0.0,2
healthy,1,25001,audited,52,1.0,0.5,0.0,0.03609411249759294,False,False,False,0.0,False,,active,0.8118261067924819,0,23.976500000571832,0.0,2
healthy,1,25001,audited,53,1.0,0.5,0.0,0.03609411249759294,False,False,False,0.0,False,,active,0.5262982183212015,0,15.582199994241819,0.0,2
healthy,1,25001,audited,54,1.0,0.5,0.0,0.03609411249759294,False,False,False,0.0,False,,active,0.552621986369774,0,16.31920000363607,0.0,2
healthy,1,25001,audited,55,1.0,0.5,0.0,0.03609411249759294,False,False,False,0.0,False,,active,0.5415535350293166,0,15.997899987269193,0.0,2
healthy,1,25001,audited,56,1.0,0.5,0.0,0.03609411249759294,False,False,False,0.0,False,,active,0.5785710147280327,0,17.08270001108758,0.0,2
healthy,1,25001,audited,57,1.0,0.5,0.0,0.03609411249759294,False,False,False,0.0,False,,active,0.5281174097402909,0,15.604400003212504,0.0,2
healthy,1,25001,audited,58,1.0,0.5,0.0,0.03609411249759294,False,False,False,0.0,False,,active,0.6322576030916454,0,18.6732000001939,0.0,2
healthy,1,25001,audited,59,1.0,0.5,0.0,0.03609411249759294,False,False,False,0.0,False,,active,1.1539942153633878,0,34.028599999146536,0.0,2
healthy,1,25001,audited,60,1.0,0.5,0.0,0.03609411249759294,False,False,True,22.275499999523163,False,,active,0.608488878836798,0,40.26359999261331,0.0,4
healthy,2,25002,exact,1,1.0,1.0,0.0,0.0,False,False,False,0.0,False,,active,,0,35.35579999152105,0.0,2
healthy,2,25002,exact,2,1.0,1.0,0.0,0.0,False,False,False,0.0,False,,active,,0,26.533399999607354,0.0,2
healthy,2,25002,exact,3,1.0,1.0,0.0,0.0,False,False,False,0.0,False,,active,,0,29.28760000213515,0.0,2
healthy,2,25002,exact,4,1.0,1.0,0.0,0.0,False,False,False,0.0,False,,active,,0,32.785499992314726,0.0,2
healthy,2,25002,exact,5,1.0,1.0,0.0,0.0,False,False,False,0.0,False,,active,,0,30.678399998578243,0.0,2
healthy,2,25002,exact,6,1.0,1.0,0.0,0.0,False,False,False,0.0,False,,active,,0,38.487500001792796,0.0,2
healthy,2,25002,exact,7,1.0,1.0,0.0,0.0,False,False,False,0.0,False,,active,,0,41.11580000608228,0.0,2
healthy,2,25002,exact,8,1.0,1.0,0.0,0.0,False,False,False,0.0,False,,active,,0,21.91799999854993,0.0,2
healthy,2,25002,exact,9,1.0,1.0,0.0,0.0,False,False,False,0.0,False,,active,,0,22.736299986718222,0.0,2
healthy,2,25002,exact,10,1.0,1.0,0.0,0.0,False,False,False,0.0,False,,active,,0,21.189299994148314,0.0,2
healthy,2,25002,exact,11,1.0,1.0,0.0,0.0,False,False,False,0.0,False,,active,,0,21.57519999309443,0.0,2
healthy,2,25002,exact,12,1.0,1.0,0.0,0.0,False,False,False,0.0,False,,active,,0,35.49850000126753,0.0,2
healthy,2,25002,exact,13,1.0,1.0,0.0,0.0,False,False,False,0.0,False,,active,,0,46.69019998982549,0.0,2
healthy,2,25002,exact,14,1.0,1.0,0.0,0.0,False,False,False,0.0,False,,active,,0,25.425400002859533,0.0,2
healthy,2,25002,exact,15,1.0,1.0,0.0,0.0,False,False,False,0.0,False,,active,,0,23.340699990512803,0.0,2
healthy,2,25002,exact,16,1.0,1.0,0.0,0.0,False,False,False,0.0,False,,active,,0,22.65169999736827,0.0,2
healthy,2,25002,exact,17,1.0,1.0,0.0,0.0,False,False,False,0.0,False,,active,,0,27.842499999678694,0.0,2
healthy,2,25002,exact,18,1.0,1.0,0.0,0.0,False,False,False,0.0,False,,active,,0,30.324299994390458,0.0,2
healthy,2,25002,exact,19,1.0,1.0,0.0,0.0,False,False,False,0.0,False,,active,,0,31.78689999913331,0.0,2
healthy,2,25002,exact,20,1.0,1.0,0.0,0.0,False,False,False,0.0,False,,active,,0,31.498999989707954,0.0,2
healthy,2,25002,exact,21,1.0,1.0,0.0,0.0,False,False,False,0.0,False,,active,,0,22.630999999819323,0.0,2
healthy,2,25002,exact,22,1.0,1.0,0.0,0.0,False,False,False,0.0,False,,active,,0,21.87670000421349,0.0,2
healthy,2,25002,exact,23,1.0,1.0,0.0,0.0,False,False,False,0.0,False,,active,,0,43.67569999885745,0.0,2
healthy,2,25002,exact,24,1.0,1.0,0.0,0.0,False,False,False,0.0,False,,active,,0,44.478399999206886,0.0,2
healthy,2,25002,exact,25,1.0,1.0,0.0,0.0,False,False,False,0.0,False,,active,,0,41.095799999311566,0.0,2
healthy,2,25002,exact,26,1.0,1.0,0.0,0.0,False,False,False,0.0,False,,active,,0,39.378100002068095,0.0,2
healthy,2,25002,exact,27,1.0,1.0,0.0,0.0,False,False,False,0.0,False,,active,,0,41.61990000284277,0.0,2
healthy,2,25002,exact,28,1.0,1.0,0.0,0.0,False,False,False,0.0,False,,active,,0,26.215100006083958,0.0,2
healthy,2,25002,exact,29,1.0,1.0,0.0,0.0,False,False,False,0.0,False,,active,,0,41.61710001062602,0.0,2
healthy,2,25002,exact,30,1.0,1.0,0.0,0.0,False,False,False,0.0,False,,active,,0,34.33949999453034,0.0,2
healthy,2,25002,exact,31,1.0,1.0,0.0,0.0,False,False,False,0.0,False,,active,,0,33.54699999908917,0.0,2
healthy,2,25002,exact,32,1.0,1.0,0.0,0.0,False,False,False,0.0,False,,active,,0,46.946000002208166,0.0,2
healthy,2,25002,exact,33,1.0,1.0,0.0,0.0,False,False,False,0.0,False,,active,,0,58.15419999998994,0.0,2
healthy,2,25002,exact,34,1.0,1.0,0.0,0.0,False,False,False,0.0,False,,active,,0,47.5558999896748,0.0,2
healthy,2,25002,exact,35,1.0,1.0,0.0,0.0,False,False,False,0.0,False,,active,,0,33.37869999813847,0.0,2
healthy,2,25002,exact,36,1.0,1.0,0.0,0.0,False,False,False,0.0,False,,active,,0,29.648099996848032,0.0,2
healthy,2,25002,exact,37,1.0,1.0,0.0,0.0,False,False,False,0.0,False,,active,,0,46.0321999998996,0.0,2
healthy,2,25002,exact,38,1.0,1.0,0.0,0.0,False,False,False,0.0,False,,active,,0,50.598199988598935,0.0,2
healthy,2,25002,exact,39,1.0,1.0,0.0,0.0,False,False,False,0.0,False,,active,,0,31.34860000864137,0.0,2
healthy,2,25002,exact,40,1.0,1.0,0.0,0.0,False,False,False,0.0,False,,active,,0,26.64119999099057,0.0,2
healthy,2,25002,exact,41,1.0,1.0,0.0,0.0,False,False,False,0.0,False,,active,,0,33.586599995032884,0.0,2
healthy,2,25002,exact,42,1.0,1.0,0.0,0.0,False,False,False,0.0,False,,active,,0,29.203100013546646,0.0,2
healthy,2,25002,exact,43,1.0,1.0,0.0,0.0,False,False,False,0.0,False,,active,,0,31.146000008448027,0.0,2
healthy,2,25002,exact,44,1.0,1.0,0.0,0.0,False,False,False,0.0,False,,active,,0,25.126900000032037,0.0,2
healthy,2,25002,exact,45,1.0,1.0,0.0,0.0,False,False,False,0.0,False,,active,,0,25.954400000046007,0.0,2
healthy,2,25002,exact,46,1.0,1.0,0.0,0.0,False,False,False,0.0,False,,active,,0,28.335900002275594,0.0,2
healthy,2,25002,exact,47,1.0,1.0,0.0,0.0,False,False,False,0.0,False,,active,,0,35.057499990216456,0.0,2
healthy,2,25002,exact,48,1.0,1.0,0.0,0.0,False,False,False,0.0,False,,active,,0,42.967199988197535,0.0,2
healthy,2,25002,exact,49,1.0,1.0,0.0,0.0,False,False,False,0.0,False,,active,,0,30.834000004688278,0.0,2
healthy,2,25002,exact,50,1.0,1.0,0.0,0.0,False,False,False,0.0,False,,active,,0,29.771900008199736,0.0,2
healthy,2,25002,exact,51,1.0,1.0,0.0,0.0,False,False,False,0.0,False,,active,,0,28.248300004634075,0.0,2
healthy,2,25002,exact,52,1.0,1.0,0.0,0.0,False,False,False,0.0,False,,active,,0,24.23340000677854,0.0,2
healthy,2,25002,exact,53,1.0,1.0,0.0,0.0,False,False,False,0.0,False,,active,,0,24.91330000339076,0.0,2
healthy,2,25002,exact,54,1.0,1.0,0.0,0.0,False,False,False,0.0,False,,active,,0,24.868699998478405,0.0,2
healthy,2,25002,exact,55,1.0,1.0,0.0,0.0,False,False,False,0.0,False,,active,,0,31.25960000033956,0.0,2
healthy,2,25002,exact,56,1.0,1.0,0.0,0.0,False,False,False,0.0,False,,active,,0,29.357099992921576,0.0,2
healthy,2,25002,exact,57,1.0,1.0,0.0,0.0,False,False,False,0.0,False,,active,,0,28.737999993609264,0.0,2
healthy,2,25002,exact,58,1.0,1.0,0.0,0.0,False,False,False,0.0,False,,active,,0,29.084299996611662,0.0,2
healthy,2,25002,exact,59,1.0,1.0,0.0,0.0,False,False,False,0.0,False,,active,,0,37.23170000012033,0.0,2
healthy,2,25002,exact,60,1.0,1.0,0.0,0.0,False,False,False,0.0,False,,active,,0,22.21290000306908,0.0,2
healthy,2,25002,audited,1,1.0,0.5,0.0,0.05534472936639984,False,False,True,50.237699993886054,False,,active,1.4158662022266455,0,3553.088500004378,3442.7790000045206,6
healthy,2,25002,audited,2,1.0,0.5,0.0,0.05534472936639984,False,False,False,0.0,False,,active,1.2464186800428523,0,36.72859999642242,0.0,2
healthy,2,25002,audited,3,1.0,0.5,0.0,0.05534472936639984,False,False,False,0.0,False,,active,0.6731178692311871,0,19.981200006441213,0.0,2
healthy,2,25002,audited,4,1.0,0.5,0.0,0.05534472936639984,False,False,False,0.0,False,,active,0.578673216777228,0,17.124599995440803,0.0,2
healthy,2,25002,audited,5,1.0,0.5,0.0,0.05534472936639984,False,False,False,0.0,False,,active,0.7058939755382779,0,20.831099987844937,0.0,2
healthy,2,25002,audited,6,1.0,0.5,0.0,0.05534472936639984,False,False,False,0.0,False,,active,0.5949573645058291,0,17.568700000992976,0.0,2
healthy,2,25002,audited,7,1.0,0.5,0.0,0.05534472936639984,False,False,False,0.0,False,,active,0.5249968486681093,0,15.51090000430122,0.0,2
healthy,2,25002,audited,8,1.0,0.5,0.0,0.05534472936639984,False,False,False,0.0,False,,active,0.5283490668591776,0,15.60800000152085,0.0,2
healthy,2,25002,audited,9,1.0,0.5,0.0,0.05534472936639984,False,False,False,0.0,False,,active,0.8255654314775956,0,24.343500001123175,0.0,2
healthy,2,25002,audited,10,1.0,0.5,0.0,0.05534472936639984,False,False,True,26.750799996079877,False,,active,1.6367408536914034,0,74.92619998811278,0.0,4
healthy,2,25002,audited,11,1.0,0.5,0.0,0.05534472936639984,False,False,False,0.0,False,,active,0.6643319240433363,0,19.67069999955129,0.0,2
healthy,2,25002,audited,12,1.0,0.5,0.0,0.05534472936639984,False,False,False,0.0,False,,active,0.6575866076347117,0,19.426400001975708,0.0,2
healthy,2,25002,audited,13,1.0,0.5,0.0,0.05534472936639984,False,False,False,0.0,False,,active,0.9406889078777021,0,27.772000001277775,0.0,2
healthy,2,25002,audited,14,1.0,0.5,0.0,0.05534472936639984,False,False,False,0.0,False,,active,0.9828062563966062,0,29.03639999567531,0.0,2
healthy,2,25002,audited,15,1.0,0.5,0.0,0.05534472936639984,False,False,False,0.0,False,,active,0.6956465453599057,0,20.56330000050366,0.0,2
healthy,2,25002,audited,16,1.0,0.5,0.0,0.05534472936639984,False,False,False,0.0,False,,active,1.2550104413868064,0,36.961499994504265,0.0,2
healthy,2,25002,audited,17,1.0,0.5,0.0,0.05534472936639984,False,False,False,0.0,False,,active,0.8594623501041301,0,25.350099997012876,0.0,2
healthy,2,25002,audited,18,1.0,0.5,0.0,0.05534472936639984,False,False,False,0.0,False,,active,0.9282066655719509,0,27.38019998650998,0.0,2
healthy,2,25002,audited,19,1.0,0.5,0.0,0.05534472936639984,False,False,False,0.0,False,,active,0.9120213126453033,0,26.920999996946193,0.0,2
healthy,2,25002,audited,20,1.0,0.5,0.0,0.05534472936639984,False,False,True,36.8361000000732,False,,active,0.6568098742421001,0,56.24740000348538,0.0,4
healthy,2,25002,audited,21,1.0,0.5,0.0,0.05534472936639984,False,False,False,0.0,False,,active,1.1855439010460855,0,35.00390000408515,0.0,2
healthy,2,25002,audited,22,1.0,0.5,0.0,0.05534472936639984,False,False,False,0.0,False,,active,0.9549256138198251,0,28.178699998534285,0.0,2
healthy,2,25002,audited,23,1.0,0.5,0.0,0.05534472936639984,False,False,False,0.0,False,,active,0.6562920519803591,0,19.376500000362284,0.0,2
healthy,2,25002,audited,24,1.0,0.5,0.0,0.05534472936639984,False,False,False,0.0,False,,active,0.5958942147231014,0,17.608099995413795,0.0,2
healthy,2,25002,audited,25,1.0,0.5,0.0,0.05534472936639984,False,False,False,0.0,False,,active,0.6264457286615636,0,18.500799997127615,0.0,2
healthy,2,25002,audited,26,1.0,0.5,0.0,0.05534472936639984,False,False,False,0.0,False,,active,0.6738435018470729,0,19.891400006599724,0.0,2
healthy,2,25002,audited,27,1.0,0.5,0.0,0.05534472936639984,False,False,False,0.0,False,,active,0.5885425005137885,0,17.386900013661943,0.0,2
healthy,2,25002,audited,28,1.0,0.5,0.0,0.05534472936639984,False,False,False,0.0,False,,active,0.692512357777476,0,20.47040000616107,0.0,2
healthy,2,25002,audited,29,1.0,0.5,0.0,0.05534472936639984,False,False,False,0.0,False,,active,0.6126655244457057,0,18.20209999277722,0.0,2
healthy,2,25002,audited,30,1.0,0.5,0.0,0.05534472936639984,False,False,True,25.29599999252241,False,,active,0.5641639722024988,0,41.97129998647142,0.0,4
healthy,2,25002,audited,31,1.0,0.5,0.0,0.05534472936639984,False,False,False,0.0,False,,active,0.6272599368163965,0,18.537799987825565,0.0,2
healthy,2,25002,audited,32,1.0,0.5,0.0,0.05534472936639984,False,False,False,0.0,False,,active,0.6070580541140144,0,17.953799993847497,0.0,2
healthy,2,25002,audited,33,1.0,0.5,0.0,0.05534472936639984,False,False,False,0.0,False,,active,0.6045575173527691,0,17.97340001212433,0.0,2
healthy,2,25002,audited,34,1.0,0.5,0.0,0.05534472936639984,False,False,False,0.0,False,,active,0.8678905893591569,0,25.616099999751896,0.0,2
healthy,2,25002,audited,35,1.0,0.5,0.0,0.05534472936639984,False,False,False,0.0,False,,active,0.8299805477083859,0,24.47690001281444,0.0,2
healthy,2,25002,audited,36,1.0,0.5,0.0,0.05534472936639984,False,False,False,0.0,False,,active,0.5266865850175072,0,15.576399993733503,0.0,2
healthy,2,25002,audited,37,1.0,0.5,0.0,0.05534472936639984,False,False,False,0.0,False,,active,0.5329174859158889,0,15.744300006190315,0.0,2
healthy,2,25002,audited,38,1.0,0.5,0.0,0.05534472936639984,False,False,False,0.0,False,,active,0.6022409441809266,0,17.786299998988397,0.0,2
healthy,2,25002,audited,39,1.0,0.5,0.0,0.05534472936639984,False,False,False,0.0,False,,active,1.0097398285016213,0,29.78179999627173,0.0,2
healthy,2,25002,audited,40,1.0,0.5,0.0,0.05534472936639984,False,False,True,24.39599999343045,False,,active,0.6987023786493697,0,45.081499993102625,0.0,4
healthy,2,25002,audited,41,1.0,0.5,0.0,0.05534472936639984,False,False,False,0.0,False,,active,0.8000218030773887,0,23.615199999767356,0.0,2
healthy,2,25002,audited,42,1.0,0.5,0.0,0.05534472936639984,False,False,False,0.0,False,,active,0.5759171756366102,0,17.06160001049284,0.0,2
healthy,2,25002,audited,43,1.0,0.5,0.0,0.05534472936639984,False,False,False,0.0,False,,active,0.5517226104189794,0,16.301800002111122,0.0,2
healthy,2,25002,audited,44,1.0,0.5,0.0,0.05534472936639984,False,False,False,0.0,False,,active,0.5494230710046267,0,16.234400012763217,0.0,2
healthy,2,25002,audited,45,1.0,0.5,0.0,0.05534472936639984,False,False,False,0.0,False,,active,0.5660308576468159,0,16.72290000715293,0.0,2
healthy,2,25002,audited,46,1.0,0.5,0.0,0.05534472936639984,False,False,False,0.0,False,,active,0.5505336635653202,0,16.267799990600906,0.0,2
healthy,2,25002,audited,47,1.0,0.5,0.0,0.05534472936639984,False,False,False,0.0,False,,active,0.49649618277187946,0,14.694899989990517,0.0,2
healthy,2,25002,audited,48,1.0,0.5,0.0,0.05534472936639984,False,False,False,0.0,False,,active,0.803387648274449,0,23.693299997830763,0.0,2
healthy,2,25002,audited,49,1.0,0.5,0.0,0.05534472936639984,False,False,False,0.0,False,,active,0.6461604498656863,0,19.078700002864935,0.0,2
healthy,2,25002,audited,50,1.0,0.5,0.0,0.05534472936639984,False,False,True,23.96730000327807,False,,active,0.6035695668545149,0,41.80340000311844,0.0,4
healthy,2,25002,audited,51,1.0,0.5,0.0,0.05534472936639984,False,False,False,0.0,False,,active,0.7444921765299446,0,21.991999994497746,0.0,2
healthy,2,25002,audited,52,1.0,0.5,0.0,0.05534472936639984,False,False,False,0.0,False,,active,0.7073248007568055,0,20.91880000079982,0.0,2
healthy,2,25002,audited,53,1.0,0.5,0.0,0.05534472936639984,False,False,False,0.0,False,,active,0.5067061391795179,0,14.99840000178665,0.0,2
healthy,2,25002,audited,54,1.0,0.5,0.0,0.05534472936639984,False,False,False,0.0,False,,active,0.5969162317448478,0,17.69020000938326,0.0,2
healthy,2,25002,audited,55,1.0,0.5,0.0,0.05534472936639984,False,False,False,0.0,False,,active,0.5475357450513217,0,16.175500000827014,0.0,2
healthy,2,25002,audited,56,1.0,0.5,0.0,0.05534472936639984,False,False,False,0.0,False,,active,0.6906420655816609,0,20.380600006319582,0.0,2
healthy,2,25002,audited,57,1.0,0.5,0.0,0.05534472936639984,False,False,False,0.0,False,,active,0.6481363508621948,0,19.173000007867813,0.0,2
healthy,2,25002,audited,58,1.0,0.5,0.0,0.05534472936639984,False,False,False,0.0,False,,active,0.8311115802823233,0,24.563099999795668,0.0,2
healthy,2,25002,audited,59,1.0,0.5,0.0,0.05534472936639984,False,False,False,0.0,False,,active,0.6945768333214439,0,20.508300003712066,0.0,2
healthy,2,25002,audited,60,1.0,0.5,0.0,0.05534472936639984,False,False,True,23.8826999993762,False,,active,0.5731747615019842,0,40.8459999889601,0.0,4
healthy,2,25002,unaudited,1,1.0,0.5,0.0,0.05534472936639984,False,False,False,0.0,False,,active,,0,2430.191100007505,2404.338199994527,4
healthy,2,25002,unaudited,2,1.0,0.5,0.0,0.05534472936639984,False,False,False,0.0,False,,active,,0,35.39259999524802,0.0,2
healthy,2,25002,unaudited,3,1.0,0.5,0.0,0.05534472936639984,False,False,False,0.0,False,,active,,0,33.173800009535626,0.0,2
healthy,2,25002,unaudited,4,1.0,0.5,0.0,0.05534472936639984,False,False,False,0.0,False,,active,,0,34.12310000567231,0.0,2
healthy,2,25002,unaudited,5,1.0,0.5,0.0,0.05534472936639984,False,False,False,0.0,False,,active,,0,40.54309999628458,0.0,2
healthy,2,25002,unaudited,6,1.0,0.5,0.0,0.05534472936639984,False,False,False,0.0,False,,active,,0,28.20300000894349,0.0,2
healthy,2,25002,unaudited,7,1.0,0.5,0.0,0.05534472936639984,False,False,False,0.0,False,,active,,0,26.079700008267537,0.0,2
healthy,2,25002,unaudited,8,1.0,0.5,0.0,0.05534472936639984,False,False,False,0.0,False,,active,,0,18.009400009759702,0.0,2
healthy,2,25002,unaudited,9,1.0,0.5,0.0,0.05534472936639984,False,False,False,0.0,False,,active,,0,16.29040000261739,0.0,2
healthy,2,25002,unaudited,10,1.0,0.5,0.0,0.05534472936639984,False,False,False,0.0,False,,active,,0,15.48729999922216,0.0,2
healthy,2,25002,unaudited,11,1.0,0.5,0.0,0.05534472936639984,False,False,False,0.0,False,,active,,0,15.53470001090318,0.0,2
healthy,2,25002,unaudited,12,1.0,0.5,0.0,0.05534472936639984,False,False,False,0.0,False,,active,,0,16.754099997342564,0.0,2
healthy,2,25002,unaudited,13,1.0,0.5,0.0,0.05534472936639984,False,False,False,0.0,False,,active,,0,17.793999999412335,0.0,2
healthy,2,25002,unaudited,14,1.0,0.5,0.0,0.05534472936639984,False,False,False,0.0,False,,active,,0,16.735800003516488,0.0,2
healthy,2,25002,unaudited,15,1.0,0.5,0.0,0.05534472936639984,False,False,False,0.0,False,,active,,0,17.895799988764338,0.0,2
healthy,2,25002,unaudited,16,1.0,0.5,0.0,0.05534472936639984,False,False,False,0.0,False,,active,,0,24.94289999594912,0.0,2
healthy,2,25002,unaudited,17,1.0,0.5,0.0,0.05534472936639984,False,False,False,0.0,False,,active,,0,21.11880001029931,0.0,2
healthy,2,25002,unaudited,18,1.0,0.5,0.0,0.05534472936639984,False,False,False,0.0,False,,active,,0,15.475899999728426,0.0,2
healthy,2,25002,unaudited,19,1.0,0.5,0.0,0.05534472936639984,False,False,False,0.0,False,,active,,0,15.551499993307516,0.0,2
healthy,2,25002,unaudited,20,1.0,0.5,0.0,0.05534472936639984,False,False,False,0.0,False,,active,,0,16.002499993192032,0.0,2
healthy,2,25002,unaudited,21,1.0,0.5,0.0,0.05534472936639984,False,False,False,0.0,False,,active,,0,22.150199991301633,0.0,2
healthy,2,25002,unaudited,22,1.0,0.5,0.0,0.05534472936639984,False,False,False,0.0,False,,active,,0,16.69150000088848,0.0,2
healthy,2,25002,unaudited,23,1.0,0.5,0.0,0.05534472936639984,False,False,False,0.0,False,,active,,0,26.177299994742498,0.0,2
healthy,2,25002,unaudited,24,1.0,0.5,0.0,0.05534472936639984,False,False,False,0.0,False,,active,,0,17.56510000268463,0.0,2
healthy,2,25002,unaudited,25,1.0,0.5,0.0,0.05534472936639984,False,False,False,0.0,False,,active,,0,21.0637999989558,0.0,2
healthy,2,25002,unaudited,26,1.0,0.5,0.0,0.05534472936639984,False,False,False,0.0,False,,active,,0,28.8252000027569,0.0,2
healthy,2,25002,unaudited,27,1.0,0.5,0.0,0.05534472936639984,False,False,False,0.0,False,,active,,0,37.998700005118735,0.0,2
healthy,2,25002,unaudited,28,1.0,0.5,0.0,0.05534472936639984,False,False,False,0.0,False,,active,,0,32.58100000675768,0.0,2
healthy,2,25002,unaudited,29,1.0,0.5,0.0,0.05534472936639984,False,False,False,0.0,False,,active,,0,20.808700006455183,0.0,2
healthy,2,25002,unaudited,30,1.0,0.5,0.0,0.05534472936639984,False,False,False,0.0,False,,active,,0,21.308800001861528,0.0,2
healthy,2,25002,unaudited,31,1.0,0.5,0.0,0.05534472936639984,False,False,False,0.0,False,,active,,0,31.089500000234693,0.0,2
healthy,2,25002,unaudited,32,1.0,0.5,0.0,0.05534472936639984,False,False,False,0.0,False,,active,,0,20.783500003744848,0.0,2
healthy,2,25002,unaudited,33,1.0,0.5,0.0,0.05534472936639984,False,False,False,0.0,False,,active,,0,16.182400009711273,0.0,2
healthy,2,25002,unaudited,34,1.0,0.5,0.0,0.05534472936639984,False,False,False,0.0,False,,active,,0,15.326699998695403,0.0,2
healthy,2,25002,unaudited,35,1.0,0.5,0.0,0.05534472936639984,False,False,False,0.0,False,,active,,0,15.766299999086186,0.0,2
healthy,2,25002,unaudited,36,1.0,0.5,0.0,0.05534472936639984,False,False,False,0.0,False,,active,,0,17.58910001080949,0.0,2
healthy,2,25002,unaudited,37,1.0,0.5,0.0,0.05534472936639984,False,False,False,0.0,False,,active,,0,25.959500009776093,0.0,2
healthy,2,25002,unaudited,38,1.0,0.5,0.0,0.05534472936639984,False,False,False,0.0,False,,active,,0,36.86329998890869,0.0,2
healthy,2,25002,unaudited,39,1.0,0.5,0.0,0.05534472936639984,False,False,False,0.0,False,,active,,0,18.25470000039786,0.0,2
healthy,2,25002,unaudited,40,1.0,0.5,0.0,0.05534472936639984,False,False,False,0.0,False,,active,,0,17.18799999798648,0.0,2
healthy,2,25002,unaudited,41,1.0,0.5,0.0,0.05534472936639984,False,False,False,0.0,False,,active,,0,14.905099989846349,0.0,2
healthy,2,25002,unaudited,42,1.0,0.5,0.0,0.05534472936639984,False,False,False,0.0,False,,active,,0,14.858099995763041,0.0,2
healthy,2,25002,unaudited,43,1.0,0.5,0.0,0.05534472936639984,False,False,False,0.0,False,,active,,0,20.626200013794005,0.0,2
healthy,2,25002,unaudited,44,1.0,0.5,0.0,0.05534472936639984,False,False,False,0.0,False,,active,,0,18.079699992085807,0.0,2
healthy,2,25002,unaudited,45,1.0,0.5,0.0,0.05534472936639984,False,False,False,0.0,False,,active,,0,26.592199996230192,0.0,2
healthy,2,25002,unaudited,46,1.0,0.5,0.0,0.05534472936639984,False,False,False,0.0,False,,active,,0,24.416899992502294,0.0,2
healthy,2,25002,unaudited,47,1.0,0.5,0.0,0.05534472936639984,False,False,False,0.0,False,,active,,0,17.145599995274097,0.0,2
healthy,2,25002,unaudited,48,1.0,0.5,0.0,0.05534472936639984,False,False,False,0.0,False,,active,,0,15.020300008472987,0.0,2
healthy,2,25002,unaudited,49,1.0,0.5,0.0,0.05534472936639984,False,False,False,0.0,False,,active,,0,17.04139998764731,0.0,2
healthy,2,25002,unaudited,50,1.0,0.5,0.0,0.05534472936639984,False,False,False,0.0,False,,active,,0,16.574399996898137,0.0,2
healthy,2,25002,unaudited,51,1.0,0.5,0.0,0.05534472936639984,False,False,False,0.0,False,,active,,0,26.06420000665821,0.0,2
healthy,2,25002,unaudited,52,1.0,0.5,0.0,0.05534472936639984,False,False,False,0.0,False,,active,,0,27.7081999956863,0.0,2
healthy,2,25002,unaudited,53,1.0,0.5,0.0,0.05534472936639984,False,False,False,0.0,False,,active,,0,20.93119999335613,0.0,2
healthy,2,25002,unaudited,54,1.0,0.5,0.0,0.05534472936639984,False,False,False,0.0,False,,active,,0,16.58300000417512,0.0,2
healthy,2,25002,unaudited,55,1.0,0.5,0.0,0.05534472936639984,False,False,False,0.0,False,,active,,0,18.151800002669916,0.0,2
healthy,2,25002,unaudited,56,1.0,0.5,0.0,0.05534472936639984,False,False,False,0.0,False,,active,,0,22.99650000350084,0.0,2
healthy,2,25002,unaudited,57,1.0,0.5,0.0,0.05534472936639984,False,False,False,0.0,False,,active,,0,17.18889999028761,0.0,2
healthy,2,25002,unaudited,58,1.0,0.5,0.0,0.05534472936639984,False,False,False,0.0,False,,active,,0,15.384199999971315,0.0,2
healthy,2,25002,unaudited,59,1.0,0.5,0.0,0.05534472936639984,False,False,False,0.0,False,,active,,0,31.926700001349673,0.0,2
healthy,2,25002,unaudited,60,1.0,0.5,0.0,0.05534472936639984,False,False,False,0.0,False,,active,,0,20.85879999503959,0.0,2
gain_fault,0,25100,exact,1,1.0,1.0,0.0,0.0,False,False,False,0.0,False,,active,,0,22.052499989513308,0.0,2
gain_fault,0,25100,exact,2,1.0,1.0,0.0,0.0,False,False,False,0.0,False,,active,,0,21.875100006582215,0.0,2
gain_fault,0,25100,exact,3,1.0,1.0,0.0,0.0,False,False,False,0.0,False,,active,,0,23.488899998483248,0.0,2
gain_fault,0,25100,exact,4,1.0,1.0,0.0,0.0,False,False,False,0.0,False,,active,,0,21.43680000153836,0.0,2
gain_fault,0,25100,exact,5,1.0,1.0,0.0,0.0,False,False,False,0.0,False,,active,,0,27.041399996960536,0.0,2
gain_fault,0,25100,exact,6,1.0,1.0,0.0,0.0,False,False,False,0.0,False,,active,,0,22.760000007110648,0.0,2
gain_fault,0,25100,exact,7,1.0,1.0,0.0,0.0,False,False,False,0.0,False,,active,,0,28.61359999224078,0.0,2
gain_fault,0,25100,exact,8,1.0,1.0,0.0,0.0,False,False,False,0.0,False,,active,,0,25.03170000272803,0.0,2
gain_fault,0,25100,exact,9,1.0,1.0,0.0,0.0,False,False,False,0.0,False,,active,,0,25.65560000948608,0.0,2
gain_fault,0,25100,exact,10,1.0,1.0,0.0,0.0,False,False,False,0.0,False,,active,,0,27.145100000780076,0.0,2
gain_fault,0,25100,exact,11,1.0,1.0,0.0,0.0,False,False,False,0.0,False,,active,,0,28.865600004792213,0.0,2
gain_fault,0,25100,exact,12,1.0,1.0,0.0,0.0,False,False,False,0.0,False,,active,,0,32.79100000509061,0.0,2
gain_fault,0,25100,exact,13,1.0,1.0,0.0,0.0,False,False,False,0.0,False,,active,,0,56.07449999661185,0.0,2
gain_fault,0,25100,exact,14,1.0,1.0,0.0,0.0,False,False,False,0.0,False,,active,,0,43.96729999280069,0.0,2
gain_fault,0,25100,exact,15,1.0,1.0,0.0,0.0,False,False,False,0.0,False,,active,,0,34.17520000948571,0.0,2
gain_fault,0,25100,exact,16,1.0,1.0,0.0,0.0,False,False,False,0.0,False,,active,,0,52.07039999368135,0.0,2
gain_fault,0,25100,exact,17,1.0,1.0,0.0,0.0,False,False,False,0.0,False,,active,,0,51.29200000374112,0.0,2
gain_fault,0,25100,exact,18,1.0,1.0,0.0,0.0,False,False,False,0.0,False,,active,,0,45.78349999792408,0.0,2
gain_fault,0,25100,exact,19,1.0,1.0,0.0,0.0,False,False,False,0.0,False,,active,,0,25.435900010052137,0.0,2
gain_fault,0,25100,exact,20,1.0,1.0,0.0,0.0,False,False,False,0.0,False,,active,,0,27.585100004216656,0.0,2
gain_fault,0,25100,exact,21,1.0,1.0,0.0,0.0,False,False,False,0.0,False,,active,,0,31.81169999879785,0.0,2
gain_fault,0,25100,exact,22,1.0,1.0,0.0,0.0,False,False,False,0.0,False,,active,,0,25.095899996813387,0.0,2
gain_fault,0,25100,exact,23,1.0,1.0,0.0,0.0,False,False,False,0.0,False,,active,,0,53.85470000328496,0.0,2
gain_fault,0,25100,exact,24,1.0,1.0,0.0,0.0,False,False,False,0.0,False,,active,,0,100.99250001076143,0.0,2
gain_fault,0,25100,exact,25,1.0,1.0,0.0,0.0,False,False,False,0.0,False,,active,,0,40.803299998515286,0.0,2
gain_fault,0,25100,exact,26,1.0,1.0,0.0,0.0,False,False,False,0.0,False,,active,,0,34.06180000456516,0.0,2
gain_fault,0,25100,exact,27,1.0,1.0,0.0,0.0,False,False,False,0.0,False,,active,,0,43.33350001252256,0.0,2
gain_fault,0,25100,exact,28,1.0,1.0,0.0,0.0,False,False,False,0.0,False,,active,,0,31.32019999611657,0.0,2
gain_fault,0,25100,exact,29,1.0,1.0,0.0,0.0,False,False,False,0.0,False,,active,,0,34.5728000102099,0.0,2
gain_fault,0,25100,exact,30,1.0,1.0,0.0,0.0,False,False,False,0.0,False,,active,,0,26.218400002107956,0.0,2
gain_fault,0,25100,exact,31,1.0,1.0,0.0,0.0,False,False,False,0.0,False,,active,,0,44.766799997887574,0.0,2
gain_fault,0,25100,exact,32,1.0,1.0,0.0,0.0,False,False,False,0.0,False,,active,,0,37.11920000205282,0.0,2
gain_fault,0,25100,exact,33,1.0,1.0,0.0,0.0,False,False,False,0.0,False,,active,,0,48.79420000361279,0.0,2
gain_fault,0,25100,exact,34,1.0,1.0,0.0,0.0,False,False,False,0.0,False,,active,,0,52.68180000712164,0.0,2
gain_fault,0,25100,exact,35,1.0,1.0,0.0,0.0,False,False,False,0.0,False,,active,,0,57.64510000881273,0.0,2
gain_fault,0,25100,exact,36,1.0,1.0,0.0,0.0,False,False,False,0.0,False,,active,,0,37.47540000767913,0.0,2
gain_fault,0,25100,exact,37,1.0,1.0,0.0,0.0,False,False,False,0.0,False,,active,,0,40.17320000275504,0.0,2
gain_fault,0,25100,exact,38,1.0,1.0,0.0,0.0,False,False,False,0.0,False,,active,,0,27.46989998559002,0.0,2
gain_fault,0,25100,exact,39,1.0,1.0,0.0,0.0,False,False,False,0.0,False,,active,,0,29.588500008685514,0.0,2
gain_fault,0,25100,exact,40,1.0,1.0,0.0,0.0,False,False,False,0.0,False,,active,,0,30.068599997321144,0.0,2
gain_fault,0,25100,exact,41,1.0,1.0,0.0,0.0,False,False,False,0.0,False,,active,,0,30.533099998137914,0.0,2
gain_fault,0,25100,exact,42,1.0,1.0,0.0,0.0,False,False,False,0.0,False,,active,,0,27.781800003140233,0.0,2
gain_fault,0,25100,exact,43,1.0,1.0,0.0,0.0,False,False,False,0.0,False,,active,,0,36.816499996348284,0.0,2
gain_fault,0,25100,exact,44,1.0,1.0,0.0,0.0,False,False,False,0.0,False,,active,,0,28.614700000616722,0.0,2
gain_fault,0,25100,exact,45,1.0,1.0,0.0,0.0,False,False,False,0.0,False,,active,,0,35.74419999495149,0.0,2
gain_fault,0,25100,exact,46,1.0,1.0,0.0,0.0,False,False,False,0.0,False,,active,,0,30.388599989237264,0.0,2
gain_fault,0,25100,exact,47,1.0,1.0,0.0,0.0,False,False,False,0.0,False,,active,,0,27.250599989201874,0.0,2
gain_fault,0,25100,exact,48,1.0,1.0,0.0,0.0,False,False,False,0.0,False,,active,,0,34.897699995781295,0.0,2
gain_fault,0,25100,exact,49,1.0,1.0,0.0,0.0,False,False,False,0.0,False,,active,,0,42.18280001077801,0.0,2
gain_fault,0,25100,exact,50,1.0,1.0,0.0,0.0,False,False,False,0.0,False,,active,,0,34.39809998963028,0.0,2
gain_fault,0,25100,exact,51,1.0,1.0,0.0,0.0,False,False,False,0.0,False,,active,,0,22.488200003863312,0.0,2
gain_fault,0,25100,exact,52,1.0,1.0,0.0,0.0,False,False,False,0.0,False,,active,,0,25.506500009214506,0.0,2
gain_fault,0,25100,exact,53,1.0,1.0,0.0,0.0,False,False,False,0.0,False,,active,,0,22.66839999356307,0.0,2
gain_fault,0,25100,exact,54,1.0,1.0,0.0,0.0,False,False,False,0.0,False,,active,,0,39.02430000016466,0.0,2
gain_fault,0,25100,exact,55,1.0,1.0,0.0,0.0,False,False,False,0.0,False,,active,,0,23.792000007233582,0.0,2
gain_fault,0,25100,exact,56,1.0,1.0,0.0,0.0,False,False,False,0.0,False,,active,,0,31.36550000635907,0.0,2
gain_fault,0,25100,exact,57,1.0,1.0,0.0,0.0,False,False,False,0.0,False,,active,,0,29.970500007038936,0.0,2
gain_fault,0,25100,exact,58,1.0,1.0,0.0,0.0,False,False,False,0.0,False,,active,,0,22.083700008806773,0.0,2
gain_fault,0,25100,exact,59,1.0,1.0,0.0,0.0,False,False,False,0.0,False,,active,,0,23.243399991770275,0.0,2
gain_fault,0,25100,exact,60,1.0,1.0,0.0,0.0,False,False,False,0.0,False,,active,,0,29.72120000049472,0.0,2
gain_fault,0,25100,audited,1,1.0,0.5,0.0,0.07803454465319132,False,False,True,30.42480000294745,False,,active,0.5151950544314987,0,3449.5505999948364,3397.148500007461,6
gain_fault,0,25100,audited,2,1.0,0.5,0.0,0.07803454465319132,False,False,False,0.0,False,,active,0.7751799605283255,0,22.957100009080023,0.0,2
gain_fault,0,25100,audited,3,1.0,0.5,0.0,0.07803454465319132,False,False,False,0.0,False,,active,0.6413501534355944,0,18.93069999641739,0.0,2
gain_fault,0,25100,audited,4,1.0,0.5,0.0,0.07803454465319132,False,False,False,0.0,False,,active,0.952544312865265,0,28.06359999522101,0.0,2
gain_fault,0,25100,audited,5,1.0,0.5,0.0,0.07803454465319132,False,False,False,0.0,False,,active,0.6940556048039488,0,20.477199999731965,0.0,2
gain_fault,0,25100,audited,6,1.0,0.5,0.0,0.9404621803757447,True,True,False,0.0,False,,active,0.5408824099416546,0,15.97909998963587,0.0,2
gain_fault,0,25100,audited,7,1.0,0.5,0.0,0.9404621803757447,True,True,False,0.0,False,,active,0.5037456949319971,0,14.889099998981692,0.0,2
gain_fault,0,25100,audited,8,1.0,0.5,0.0,0.9404621803757447,True,True,False,0.0,False,,active,0.5072444019502468,0,15.007099995273165,0.0,2
gain_fault,0,25100,audited,9,1.0,0.5,0.0,0.9404621803757447,True,True,False,0.0,False,,active,0.6048334622411294,0,17.856600010418333,0.0,2
gain_fault,0,25100,audited,10,1.0,1.0,0.0,0.0,False,True,True,21.493799999007024,True,error_budget,quarantined,0.5411822020905007,0,37.49609999067616,0.0,4
gain_fault,0,25100,audited,11,1.0,1.0,0.0,0.0,False,False,False,0.0,True,error_budget,quarantined,,0,22.940000009839423,0.0,2
gain_fault,0,25100,audited,12,1.0,1.0,0.0,0.0,False,False,False,0.0,True,error_budget,quarantined,,0,25.670199989690445,0.0,2
gain_fault,0,25100,audited,13,1.0,1.0,0.0,0.0,False,False,False,0.0,True,error_budget,quarantined,,0,24.73659999668598,0.0,2
gain_fault,0,25100,audited,14,1.0,1.0,0.0,0.0,False,False,False,0.0,True,error_budget,quarantined,,0,24.547599998186342,0.0,2
gain_fault,0,25100,audited,15,1.0,1.0,0.0,0.0,False,False,False,0.0,True,error_budget,quarantined,,0,24.154400001862086,0.0,2
gain_fault,0,25100,audited,16,1.0,1.0,0.0,0.0,False,False,False,0.0,True,error_budget,quarantined,,0,26.412899998831563,0.0,2
gain_fault,0,25100,audited,17,1.0,1.0,0.0,0.0,False,False,False,0.0,True,error_budget,quarantined,,0,32.8148999979021,0.0,2
gain_fault,0,25100,audited,18,1.0,1.0,0.0,0.0,False,False,False,0.0,True,error_budget,quarantined,,0,25.612199999159202,0.0,2
gain_fault,0,25100,audited,19,1.0,1.0,0.0,0.0,False,False,False,0.0,True,error_budget,quarantined,,0,23.329500007093884,0.0,2
gain_fault,0,25100,audited,20,1.0,1.0,0.0,0.0,False,False,False,0.0,True,error_budget,quarantined,,0,25.441799996769987,0.0,2
gain_fault,0,25100,audited,21,1.0,1.0,0.0,0.0,False,False,False,0.0,True,error_budget,quarantined,,0,23.19320000242442,0.0,2
gain_fault,0,25100,audited,22,1.0,1.0,0.0,0.0,False,False,False,0.0,True,error_budget,quarantined,,0,24.817900004563853,0.0,2
gain_fault,0,25100,audited,23,1.0,1.0,0.0,0.0,False,False,False,0.0,True,error_budget,quarantined,,0,35.54110000550281,0.0,2
gain_fault,0,25100,audited,24,1.0,1.0,0.0,0.0,False,False,False,0.0,True,error_budget,quarantined,,0,26.201999993645586,0.0,2
gain_fault,0,25100,audited,25,1.0,1.0,0.0,0.0,False,False,False,0.0,True,error_budget,quarantined,,0,31.447400004253723,0.0,2
gain_fault,0,25100,audited,26,1.0,1.0,0.0,0.0,False,False,False,0.0,True,error_budget,quarantined,,0,24.072999993222766,0.0,2
gain_fault,0,25100,audited,27,1.0,1.0,0.0,0.0,False,False,False,0.0,True,error_budget,quarantined,,0,44.63670001132414,0.0,2
gain_fault,0,25100,audited,28,1.0,1.0,0.0,0.0,False,False,False,0.0,True,error_budget,quarantined,,0,43.3616000082111,0.0,2
gain_fault,0,25100,audited,29,1.0,1.0,0.0,0.0,False,False,False,0.0,True,error_budget,quarantined,,0,47.55469999508932,0.0,2
gain_fault,0,25100,audited,30,1.0,1.0,0.0,0.0,False,False,False,0.0,True,error_budget,quarantined,,0,24.326800004928373,0.0,2
gain_fault,0,25100,audited,31,0.5,0.5,0.0011866283351074686,0.021165879553648865,False,False,True,40.42489999847021,False,,active,1.861831004404613,1,3211.6640000022016,3113.4149999998044,6
gain_fault,0,25100,audited,32,0.5,0.5,0.0011866283351074686,0.021165879553648865,False,False,False,0.0,False,,active,1.7828144682794158,1,37.06229999079369,0.0,2
gain_fault,0,25100,audited,33,0.5,0.5,0.0011866283351074686,0.021165879553648865,False,False,False,0.0,False,,active,1.6708480553043206,1,34.74600000481587,0.0,2
gain_fault,0,25100,audited,34,0.5,0.5,0.0011866283351074686,0.021165879553648865,False,False,False,0.0,False,,active,1.147253076479483,1,23.88259999861475,0.0,2
gain_fault,0,25100,audited,35,0.5,0.5,0.0011866283351074686,0.021165879553648865,False,False,False,0.0,False,,active,1.4818754100850045,1,30.789599986746907,0.0,2
gain_fault,0,25100,audited,36,0.5,0.5,0.0011866283351074686,0.021165879553648865,False,False,False,0.0,False,,active,0.988384494165041,1,20.54669999051839,0.0,2
gain_fault,0,25100,audited,37,0.5,0.5,0.0011866283351074686,0.021165879553648865,False,False,False,0.0,False,,active,1.217187949772612,1,25.27369999734219,0.0,2
gain_fault,0,25100,audited,38,0.5,0.5,0.0011866283351074686,0.021165879553648865,False,False,False,0.0,False,,active,0.857191915490552,1,17.82800001092255,0.0,2
gain_fault,0,25100,audited,39,0.5,0.5,0.0011866283351074686,0.021165879553648865,False,False,False,0.0,False,,active,0.8862222161920097,1,18.43560000997968,0.0,2
gain_fault,0,25100,audited,40,0.5,0.5,0.0011866283351074686,0.021165879553648865,False,False,True,46.9232000032207,False,,active,1.5158730737864325,1,78.45659999293275,0.0,4
gain_fault,0,25100,audited,41,0.5,0.5,0.0011866283351074686,0.021165879553648865,False,False,False,0.0,False,,active,1.86051719593406,1,38.72120000596624,0.0,2
gain_fault,0,25100,audited,42,0.5,0.5,0.0011866283351074686,0.021165879553648865,False,False,False,0.0,False,,active,1.9910036062861725,1,41.38680000323802,0.0,2
gain_fault,0,25100,audited,43,0.5,0.5,0.0011866283351074686,0.021165879553648865,False,False,False,0.0,False,,active,1.3054928793979172,1,27.15110000281129,0.0,2
gain_fault,0,25100,audited,44,0.5,0.5,0.0011866283351074686,0.021165879553648865,False,False,False,0.0,False,,active,0.7843743272131393,1,16.351700003724545,0.0,2
gain_fault,0,25100,audited,45,0.5,0.5,0.0011866283351074686,0.021165879553648865,False,False,False,0.0,False,,active,0.857583694114925,1,17.837500010500662,0.0,2
gain_fault,0,25100,audited,46,0.5,0.5,0.0011866283351074686,0.021165879553648865,False,False,False,0.0,False,,active,0.7869039587400776,1,16.3711999921361,0.0,2
gain_fault,0,25100,audited,47,0.5,0.5,0.0011866283351074686,0.021165879553648865,False,False,False,0.0,False,,active,0.7694045207911266,1,16.011300001991913,0.0,2
gain_fault,0,25100,audited,48,0.5,0.5,0.0011866283351074686,0.021165879553648865,False,False,False,0.0,False,,active,1.1508322868741903,1,23.912200005725026,0.0,2
gain_fault,0,25100,audited,49,0.5,0.5,0.0011866283351074686,0.021165879553648865,False,False,False,0.0,False,,active,1.3103489972239175,1,27.27359998971224,0.0,2
gain_fault,0,25100,audited,50,0.5,0.5,0.0011866283351074686,0.021165879553648865,False,False,True,23.302600005990826,False,,active,1.3005545358376498,1,50.321799993980676,0.0,4
gain_fault,0,25100,audited,51,0.5,0.5,0.0011866283351074686,0.021165879553648865,False,False,False,0.0,False,,active,1.1297681496580692,1,23.49809999577701,0.0,2
gain_fault,0,25100,audited,52,0.5,0.5,0.0011866283351074686,0.021165879553648865,False,False,False,0.0,False,,active,0.9562054561564337,1,19.9097000004258,0.0,2
gain_fault,0,25100,audited,53,0.5,0.5,0.0011866283351074686,0.021165879553648865,False,False,False,0.0,False,,active,2.333476017875948,1,48.34760000812821,0.0,2
gain_fault,0,25100,audited,54,0.5,0.5,0.0011866283351074686,0.021165879553648865,False,False,False,0.0,False,,active,1.0881670809521318,1,22.608700004639104,0.0,2
gain_fault,0,25100,audited,55,0.5,0.5,0.0011866283351074686,0.021165879553648865,False,False,False,0.0,False,,active,1.4006756970660774,1,29.073700003209524,0.0,2
gain_fault,0,25100,audited,56,0.5,0.5,0.0011866283351074686,0.021165879553648865,False,False,False,0.0,False,,active,0.8837506256560055,1,18.371100013609976,0.0,2
gain_fault,0,25100,audited,57,0.5,0.5,0.0011866283351074686,0.021165879553648865,False,False,False,0.0,False,,active,0.9815211158420379,1,20.404200011398643,0.0,2
gain_fault,0,25100,audited,58,0.5,0.5,0.0011866283351074686,0.021165879553648865,False,False,False,0.0,False,,active,1.142735532390977,1,23.774600005708635,0.0,2
gain_fault,0,25100,audited,59,0.5,0.5,0.0011866283351074686,0.021165879553648865,False,False,False,0.0,False,,active,0.819082996748685,1,17.04210000752937,0.0,2
gain_fault,0,25100,audited,60,0.5,0.5,0.0011866283351074686,0.021165879553648865,False,False,True,29.77660000033211,False,,active,0.842710623147031,1,47.326100000645965,0.0,4
gain_fault,0,25100,unaudited,1,1.0,0.5,0.0,0.07803454465319132,False,False,False,0.0,False,,active,,0,3444.0873000130523,3391.846099999384,4
gain_fault,0,25100,unaudited,2,1.0,0.5,0.0,0.07803454465319132,False,False,False,0.0,False,,active,,0,30.793400001130067,0.0,2
gain_fault,0,25100,unaudited,3,1.0,0.5,0.0,0.07803454465319132,False,False,False,0.0,False,,active,,0,23.169899999629706,0.0,2
gain_fault,0,25100,unaudited,4,1.0,0.5,0.0,0.07803454465319132,False,False,False,0.0,False,,active,,0,16.32699999026954,0.0,2
gain_fault,0,25100,unaudited,5,1.0,0.5,0.0,0.07803454465319132,False,False,False,0.0,False,,active,,0,18.256299998029135,0.0,2
gain_fault,0,25100,unaudited,6,1.0,0.5,0.0,0.9404621803757447,True,True,False,0.0,False,,active,,0,14.427900008740835,0.0,2
gain_fault,0,25100,unaudited,7,1.0,0.5,0.0,0.9404621803757447,True,True,False,0.0,False,,active,,0,15.761500006192364,0.0,2
gain_fault,0,25100,unaudited,8,1.0,0.5,0.0,0.9404621803757447,True,True,False,0.0,False,,active,,0,14.974999998230487,0.0,2
gain_fault,0,25100,unaudited,9,1.0,0.5,0.0,0.9404621803757447,True,True,False,0.0,False,,active,,0,16.511399997398257,0.0,2
gain_fault,0,25100,unaudited,10,1.0,0.5,0.0,0.9404621803757447,True,True,False,0.0,False,,active,,0,15.40430000750348,0.0,2
gain_fault,0,25100,unaudited,11,1.0,0.5,0.0,0.9404621803757447,True,True,False,0.0,False,,active,,0,15.91760000155773,0.0,2
gain_fault,0,25100,unaudited,12,1.0,0.5,0.0,0.9404621803757447,True,True,False,0.0,False,,active,,0,15.871199997491203,0.0,2
gain_fault,0,25100,unaudited,13,1.0,0.5,0.0,0.9404621803757447,True,True,False,0.0,False,,active,,0,16.79699998931028,0.0,2
gain_fault,0,25100,unaudited,14,1.0,0.5,0.0,0.9404621803757447,True,True,False,0.0,False,,active,,0,16.342699993401766,0.0,2
gain_fault,0,25100,unaudited,15,1.0,0.5,0.0,0.9404621803757447,True,True,False,0.0,False,,active,,0,15.463000003364868,0.0,2
gain_fault,0,25100,unaudited,16,1.0,0.5,0.0,0.9404621803757447,True,True,False,0.0,False,,active,,0,18.345599994063377,0.0,2
gain_fault,0,25100,unaudited,17,1.0,0.5,0.0,0.9404621803757447,True,True,False,0.0,False,,active,,0,23.209000006318092,0.0,2
gain_fault,0,25100,unaudited,18,1.0,0.5,0.0,0.9404621803757447,True,True,False,0.0,False,,active,,0,38.01499999826774,0.0,2
gain_fault,0,25100,unaudited,19,1.0,0.5,0.0,0.9404621803757447,True,True,False,0.0,False,,active,,0,29.726699998718686,0.0,2
gain_fault,0,25100,unaudited,20,1.0,0.5,0.0,0.9404621803757447,True,True,False,0.0,False,,active,,0,15.471699996851385,0.0,2
gain_fault,0,25100,unaudited,21,1.0,0.5,0.0,0.9404621803757447,True,True,False,0.0,False,,active,,0,30.854800002998672,0.0,2
gain_fault,0,25100,unaudited,22,1.0,0.5,0.0,0.9404621803757447,True,True,False,0.0,False,,active,,0,20.51440000650473,0.0,2
gain_fault,0,25100,unaudited,23,1.0,0.5,0.0,0.9404621803757447,True,True,False,0.0,False,,active,,0,17.360400001052767,0.0,2
gain_fault,0,25100,unaudited,24,1.0,0.5,0.0,0.9404621803757447,True,True,False,0.0,False,,active,,0,16.744100008509122,0.0,2
gain_fault,0,25100,unaudited,25,1.0,0.5,0.0,0.9404621803757447,True,True,False,0.0,False,,active,,0,17.596599995158613,0.0,2
gain_fault,0,25100,unaudited,26,1.0,0.5,0.0,0.9404621803757447,True,True,False,0.0,False,,active,,0,17.861200001789257,0.0,2
gain_fault,0,25100,unaudited,27,1.0,0.5,0.0,0.9404621803757447,True,True,False,0.0,False,,active,,0,24.418600005446933,0.0,2
gain_fault,0,25100,unaudited,28,1.0,0.5,0.0,0.9404621803757447,True,True,False,0.0,False,,active,,0,20.84090000425931,0.0,2
gain_fault,0,25100,unaudited,29,1.0,0.5,0.0,0.9404621803757447,True,True,False,0.0,False,,active,,0,21.06889999413397,0.0,2
gain_fault,0,25100,unaudited,30,1.0,0.5,0.0,0.9404621803757447,True,True,False,0.0,False,,active,,0,25.71940000052564,0.0,2
gain_fault,0,25100,unaudited,31,1.0,0.5,0.0,0.9404621803757447,True,True,False,0.0,False,,active,,0,18.202699997345917,0.0,2
gain_fault,0,25100,unaudited,32,1.0,0.5,0.0,0.9404621803757447,True,True,False,0.0,False,,active,,0,15.289000002667308,0.0,2
gain_fault,0,25100,unaudited,33,1.0,0.5,0.0,0.9404621803757447,True,True,False,0.0,False,,active,,0,21.55039999342989,0.0,2
gain_fault,0,25100,unaudited,34,1.0,0.5,0.0,0.9404621803757447,True,True,False,0.0,False,,active,,0,19.753999993554316,0.0,2
gain_fault,0,25100,unaudited,35,1.0,0.5,0.0,0.9404621803757447,True,True,False,0.0,False,,active,,0,19.103399987216108,0.0,2
gain_fault,0,25100,unaudited,36,1.0,0.5,0.0,0.9404621803757447,True,True,False,0.0,False,,active,,0,18.201900005806237,0.0,2
gain_fault,0,25100,unaudited,37,1.0,0.5,0.0,0.9404621803757447,True,True,False,0.0,False,,active,,0,19.98519999324344,0.0,2
gain_fault,0,25100,unaudited,38,1.0,0.5,0.0,0.9404621803757447,True,True,False,0.0,False,,active,,0,26.5027999994345,0.0,2
gain_fault,0,25100,unaudited,39,1.0,0.5,0.0,0.9404621803757447,True,True,False,0.0,False,,active,,0,26.349499996285886,0.0,2
gain_fault,0,25100,unaudited,40,1.0,0.5,0.0,0.9404621803757447,True,True,False,0.0,False,,active,,0,33.42250001151115,0.0,2
gain_fault,0,25100,unaudited,41,1.0,0.5,0.0,0.9404621803757447,True,True,False,0.0,False,,active,,0,33.177699995576404,0.0,2
gain_fault,0,25100,unaudited,42,1.0,0.5,0.0,0.9404621803757447,True,True,False,0.0,False,,active,,0,27.146099993842654,0.0,2
gain_fault,0,25100,unaudited,43,1.0,0.5,0.0,0.9404621803757447,True,True,False,0.0,False,,active,,0,15.261199994711205,0.0,2
gain_fault,0,25100,unaudited,44,1.0,0.5,0.0,0.9404621803757447,True,True,False,0.0,False,,active,,0,15.16049999918323,0.0,2
gain_fault,0,25100,unaudited,45,1.0,0.5,0.0,0.9404621803757447,True,True,False,0.0,False,,active,,0,16.03369999793358,0.0,2
gain_fault,0,25100,unaudited,46,1.0,0.5,0.0,0.9404621803757447,True,True,False,0.0,False,,active,,0,17.011800009640865,0.0,2
gain_fault,0,25100,unaudited,47,1.0,0.5,0.0,0.9404621803757447,True,True,False,0.0,False,,active,,0,16.273900007945485,0.0,2
gain_fault,0,25100,unaudited,48,1.0,0.5,0.0,0.9404621803757447,True,True,False,0.0,False,,active,,0,16.032300001825206,0.0,2
gain_fault,0,25100,unaudited,49,1.0,0.5,0.0,0.9404621803757447,True,True,False,0.0,False,,active,,0,15.945799998007715,0.0,2
gain_fault,0,25100,unaudited,50,1.0,0.5,0.0,0.9404621803757447,True,True,False,0.0,False,,active,,0,15.841600004932843,0.0,2
gain_fault,0,25100,unaudited,51,1.0,0.5,0.0,0.9404621803757447,True,True,False,0.0,False,,active,,0,16.231000001425855,0.0,2
gain_fault,0,25100,unaudited,52,1.0,0.5,0.0,0.9404621803757447,True,True,False,0.0,False,,active,,0,19.315700003062375,0.0,2
gain_fault,0,25100,unaudited,53,1.0,0.5,0.0,0.9404621803757447,True,True,False,0.0,False,,active,,0,14.303699994343333,0.0,2
gain_fault,0,25100,unaudited,54,1.0,0.5,0.0,0.9404621803757447,True,True,False,0.0,False,,active,,0,16.478300007293,0.0,2
gain_fault,0,25100,unaudited,55,1.0,0.5,0.0,0.9404621803757447,True,True,False,0.0,False,,active,,0,15.234000005875714,0.0,2
gain_fault,0,25100,unaudited,56,1.0,0.5,0.0,0.9404621803757447,True,True,False,0.0,False,,active,,0,17.978899995796382,0.0,2
gain_fault,0,25100,unaudited,57,1.0,0.5,0.0,0.9404621803757447,True,True,False,0.0,False,,active,,0,23.387900000670925,0.0,2
gain_fault,0,25100,unaudited,58,1.0,0.5,0.0,0.9404621803757447,True,True,False,0.0,False,,active,,0,16.291200008708984,0.0,2
gain_fault,0,25100,unaudited,59,1.0,0.5,0.0,0.9404621803757447,True,True,False,0.0,False,,active,,0,15.402899996843189,0.0,2
gain_fault,0,25100,unaudited,60,1.0,0.5,0.0,0.9404621803757447,True,True,False,0.0,False,,active,,0,16.66819999809377,0.0,2
gain_fault,1,25101,audited,1,1.0,0.5,0.0,0.07047021404903393,False,False,True,29.535399997257628,False,,active,0.8198804797184767,0,3488.209499992081,3423.7932999967597,6
gain_fault,1,25101,audited,2,1.0,0.5,0.0,0.07047021404903393,False,False,False,0.0,False,,active,1.0249201971725248,0,30.31270000792574,0.0,2
gain_fault,1,25101,audited,3,1.0,0.5,0.0,0.07047021404903393,False,False,False,0.0,False,,active,0.7119681673549845,0,21.076800010632724,0.0,2
gain_fault,1,25101,audited,4,1.0,0.5,0.0,0.07047021404903393,False,False,False,0.0,False,,active,0.5057829164639813,0,14.949700009310618,0.0,2
gain_fault,1,25101,audited,5,1.0,0.5,0.0,0.07047021404903393,False,False,False,0.0,False,,active,0.6437110143769106,0,19.00829999067355,0.0,2
gain_fault,1,25101,audited,6,1.0,0.5,0.0,0.6731536147117391,True,True,False,0.0,False,,active,0.7771831150410738,0,23.134799994295463,0.0,2
gain_fault,1,25101,audited,7,1.0,0.5,0.0,0.6731536147117391,True,True,False,0.0,False,,active,0.6386213663069603,0,18.853899993700907,0.0,2
gain_fault,1,25101,audited,8,1.0,0.5,0.0,0.6731536147117391,True,True,False,0.0,False,,active,1.0525248943652017,0,31.019999994896352,0.0,2
gain_fault,1,25101,audited,9,1.0,0.5,0.0,0.6731536147117391,True,True,False,0.0,False,,active,0.8681392807312772,0,25.69539999240078,0.0,2
gain_fault,1,25101,audited,10,1.0,1.0,0.0,0.0,False,True,True,47.59590000321623,True,error_budget,quarantined,0.6605402383792365,0,67.16700000106357,0.0,4
gain_fault,1,25101,audited,11,1.0,1.0,0.0,0.0,False,False,False,0.0,True,error_budget,quarantined,,0,46.358499996131286,0.0,2
gain_fault,1,25101,audited,12,1.0,1.0,0.0,0.0,False,False,False,0.0,True,error_budget,quarantined,,0,36.223599992808886,0.0,2
gain_fault,1,25101,audited,13,1.0,1.0,0.0,0.0,False,False,False,0.0,True,error_budget,quarantined,,0,33.32679999584798,0.0,2
gain_fault,1,25101,audited,14,1.0,1.0,0.0,0.0,False,False,False,0.0,True,error_budget,quarantined,,0,24.33329999621492,0.0,2
gain_fault,1,25101,audited,15,1.0,1.0,0.0,0.0,False,False,False,0.0,True,error_budget,quarantined,,0,24.0104000113206,0.0,2
gain_fault,1,25101,audited,16,1.0,1.0,0.0,0.0,False,False,False,0.0,True,error_budget,quarantined,,0,39.260399993509054,0.0,2
gain_fault,1,25101,audited,17,1.0,1.0,0.0,0.0,False,False,False,0.0,True,error_budget,quarantined,,0,21.997499992721714,0.0,2
gain_fault,1,25101,audited,18,1.0,1.0,0.0,0.0,False,False,False,0.0,True,error_budget,quarantined,,0,20.579000003635883,0.0,2
gain_fault,1,25101,audited,19,1.0,1.0,0.0,0.0,False,False,False,0.0,True,error_budget,quarantined,,0,21.80699999735225,0.0,2
gain_fault,1,25101,audited,20,1.0,1.0,0.0,0.0,False,False,False,0.0,True,error_budget,quarantined,,0,22.50990000902675,0.0,2
gain_fault,1,25101,audited,21,1.0,1.0,0.0,0.0,False,False,False,0.0,True,error_budget,quarantined,,0,26.294299997971393,0.0,2
gain_fault,1,25101,audited,22,1.0,1.0,0.0,0.0,False,False,False,0.0,True,error_budget,quarantined,,0,26.5398999908939,0.0,2
gain_fault,1,25101,audited,23,1.0,1.0,0.0,0.0,False,False,False,0.0,True,error_budget,quarantined,,0,25.43010000954382,0.0,2
gain_fault,1,25101,audited,24,1.0,1.0,0.0,0.0,False,False,False,0.0,True,error_budget,quarantined,,0,25.85669999825768,0.0,2
gain_fault,1,25101,audited,25,1.0,1.0,0.0,0.0,False,False,False,0.0,True,error_budget,quarantined,,0,33.03109999978915,0.0,2
gain_fault,1,25101,audited,26,1.0,1.0,0.0,0.0,False,False,False,0.0,True,error_budget,quarantined,,0,40.13490000215825,0.0,2
gain_fault,1,25101,audited,27,1.0,1.0,0.0,0.0,False,False,False,0.0,True,error_budget,quarantined,,0,44.53980000107549,0.0,2
gain_fault,1,25101,audited,28,1.0,1.0,0.0,0.0,False,False,False,0.0,True,error_budget,quarantined,,0,36.647399989305995,0.0,2
gain_fault,1,25101,audited,29,1.0,1.0,0.0,0.0,False,False,False,0.0,True,error_budget,quarantined,,0,30.4589000006672,0.0,2
gain_fault,1,25101,audited,30,1.0,1.0,0.0,0.0,False,False,False,0.0,True,error_budget,quarantined,,0,29.042299996945076,0.0,2
gain_fault,1,25101,audited,31,1.0,0.5,0.0,0.02097084267616315,False,False,True,46.53020000841934,False,,active,0.9162194521744166,1,3207.8699999983655,3120.052799989935,6
gain_fault,1,25101,audited,32,1.0,0.5,0.0,0.02097084267616315,False,False,False,0.0,False,,active,0.6263815020699288,1,19.837500003632158,0.0,2
gain_fault,1,25101,audited,33,1.0,0.5,0.0,0.02097084267616315,False,False,False,0.0,False,,active,0.9840727037000552,1,31.089700001757592,0.0,2
gain_fault,1,25101,audited,34,1.0,0.5,0.0,0.02097084267616315,False,False,False,0.0,False,,active,1.014242877604901,1,32.068800006527454,0.0,2
gain_fault,1,25101,audited,35,1.0,0.5,0.0,0.02097084267616315,False,False,False,0.0,False,,active,0.7670146214914317,1,24.29630000551697,0.0,2
gain_fault,1,25101,audited,36,1.0,0.5,0.0,0.02097084267616315,False,False,False,0.0,False,,active,0.7006866395905839,1,22.18850000645034,0.0,2
gain_fault,1,25101,audited,37,1.0,0.5,0.0,0.02097084267616315,False,False,False,0.0,False,,active,0.9324659108591709,1,29.501299999537878,0.0,2
gain_fault,1,25101,audited,38,1.0,0.5,0.0,0.02097084267616315,False,False,False,0.0,False,,active,0.8668625470319368,1,27.443699989817105,0.0,2
gain_fault,1,25101,audited,39,1.0,0.5,0.0,0.02097084267616315,False,False,False,0.0,False,,active,0.7320231944880392,1,23.19300000090152,0.0,2
gain_fault,1,25101,audited,40,1.0,0.5,0.0,0.02097084267616315,False,False,True,23.0065000068862,False,,active,0.5269753389859377,1,39.69859999779146,0.0,4
gain_fault,1,25101,audited,41,1.0,0.5,0.0,0.02097084267616315,False,False,False,0.0,False,,active,0.5146759007772238,1,16.312099993228912,0.0,2
gain_fault,1,25101,audited,42,1.0,0.5,0.0,0.02097084267616315,False,False,False,0.0,False,,active,0.7656734423279925,1,24.19759999611415,0.0,2
gain_fault,1,25101,audited,43,1.0,0.5,0.0,0.02097084267616315,False,False,False,0.0,False,,active,0.7590597126256506,1,24.02889999211766,0.0,2
gain_fault,1,25101,audited,44,1.0,0.5,0.0,0.02097084267616315,False,False,False,0.0,False,,active,0.7512859592032363,1,23.756999988108873,0.0,2
gain_fault,1,25101,audited,45,1.0,0.5,0.0,0.02097084267616315,False,False,False,0.0,False,,active,0.4949713731430312,1,15.67540000542067,0.0,2
gain_fault,1,25101,audited,46,1.0,0.5,0.0,0.02097084267616315,False,False,False,0.0,False,,active,0.5096480677699793,1,16.134100005729124,0.0,2
gain_fault,1,25101,audited,47,1.0,0.5,0.0,0.02097084267616315,False,False,False,0.0,False,,active,0.49725328434766103,1,15.745900003821589,0.0,2
gain_fault,1,25101,audited,48,1.0,0.5,0.0,0.02097084267616315,False,False,False,0.0,False,,active,0.5078460566448235,1,16.08410000335425,0.0,2
gain_fault,1,25101,audited,49,1.0,0.5,0.0,0.02097084267616315,False,False,False,0.0,False,,active,1.5752689115530407,1,49.67519998899661,0.0,2
gain_fault,1,25101,audited,50,1.0,0.5,0.0,0.02097084267616315,False,False,True,28.357400005916134,False,,active,0.5192873957932856,1,44.82399999687914,0.0,4
gain_fault,1,25101,audited,51,1.0,0.5,0.0,0.02097084267616315,False,False,False,0.0,False,,active,0.5153623807653959,1,16.334300002199598,0.0,2
gain_fault,1,25101,audited,52,1.0,0.5,0.0,0.02097084267616315,False,False,False,0.0,False,,active,0.4963761148572434,1,15.719500006525777,0.0,2
gain_fault,1,25101,audited,53,1.0,0.5,0.0,0.02097084267616315,False,False,False,0.0,False,,active,0.5184070481290812,1,16.418999992311,0.0,2
gain_fault,1,25101,audited,54,1.0,0.5,0.0,0.02097084267616315,False,False,False,0.0,False,,active,0.5597960899422756,1,17.717499998980202,0.0,2
gain_fault,1,25101,audited,55,1.0,0.5,0.0,0.02097084267616315,False,False,False,0.0,False,,active,0.4758071308902621,1,15.071799993165769,0.0,2
gain_fault,1,25101,audited,56,1.0,0.5,0.0,0.02097084267616315,False,False,False,0.0,False,,active,0.5780100651700121,1,18.308399987290613,0.0,2
gain_fault,1,25101,audited,57,1.0,0.5,0.0,0.02097084267616315,False,False,False,0.0,False,,active,0.6094928155991792,1,19.35439999215305,0.0,2
gain_fault,1,25101,audited,58,1.0,0.5,0.0,0.02097084267616315,False,False,False,0.0,False,,active,0.7595523258627536,1,24.02549999533221,0.0,2
gain_fault,1,25101,audited,59,1.0,0.5,0.0,0.02097084267616315,False,False,False,0.0,False,,active,1.0707916932232677,1,33.88899999845307,0.0,2
gain_fault,1,25101,audited,60,1.0,0.5,0.0,0.02097084267616315,False,False,True,38.04510000918526,False,,active,0.8734699199242234,1,65.6959000043571,0.0,4
gain_fault,1,25101,exact,1,1.0,1.0,0.0,0.0,False,False,False,0.0,False,,active,,0,29.063499998301268,0.0,2
gain_fault,1,25101,exact,2,1.0,1.0,0.0,0.0,False,False,False,0.0,False,,active,,0,23.866999996243976,0.0,2
gain_fault,1,25101,exact,3,1.0,1.0,0.0,0.0,False,False,False,0.0,False,,active,,0,39.212199990288354,0.0,2
gain_fault,1,25101,exact,4,1.0,1.0,0.0,0.0,False,False,False,0.0,False,,active,,0,34.22649999265559,0.0,2
gain_fault,1,25101,exact,5,1.0,1.0,0.0,0.0,False,False,False,0.0,False,,active,,0,36.90279999864288,0.0,2
gain_fault,1,25101,exact,6,1.0,1.0,0.0,0.0,False,False,False,0.0,False,,active,,0,49.11059999722056,0.0,2
gain_fault,1,25101,exact,7,1.0,1.0,0.0,0.0,False,False,False,0.0,False,,active,,0,44.404399988707155,0.0,2
gain_fault,1,25101,exact,8,1.0,1.0,0.0,0.0,False,False,False,0.0,False,,active,,0,33.825599995907396,0.0,2
gain_fault,1,25101,exact,9,1.0,1.0,0.0,0.0,False,False,False,0.0,False,,active,,0,35.82750000350643,0.0,2
gain_fault,1,25101,exact,10,1.0,1.0,0.0,0.0,False,False,False,0.0,False,,active,,0,34.911700000520796,0.0,2
gain_fault,1,25101,exact,11,1.0,1.0,0.0,0.0,False,False,False,0.0,False,,active,,0,29.774300011922605,0.0,2
gain_fault,1,25101,exact,12,1.0,1.0,0.0,0.0,False,False,False,0.0,False,,active,,0,22.31230000325013,0.0,2
gain_fault,1,25101,exact,13,1.0,1.0,0.0,0.0,False,False,False,0.0,False,,active,,0,21.28669999365229,0.0,2
gain_fault,1,25101,exact,14,1.0,1.0,0.0,0.0,False,False,False,0.0,False,,active,,0,21.17789999465458,0.0,2
gain_fault,1,25101,exact,15,1.0,1.0,0.0,0.0,False,False,False,0.0,False,,active,,0,20.86340000096243,0.0,2
gain_fault,1,25101,exact,16,1.0,1.0,0.0,0.0,False,False,False,0.0,False,,active,,0,31.114099998376332,0.0,2
gain_fault,1,25101,exact,17,1.0,1.0,0.0,0.0,False,False,False,0.0,False,,active,,0,31.652999998186715,0.0,2
gain_fault,1,25101,exact,18,1.0,1.0,0.0,0.0,False,False,False,0.0,False,,active,,0,20.802900005946867,0.0,2
gain_fault,1,25101,exact,19,1.0,1.0,0.0,0.0,False,False,False,0.0,False,,active,,0,26.29180000803899,0.0,2
gain_fault,1,25101,exact,20,1.0,1.0,0.0,0.0,False,False,False,0.0,False,,active,,0,30.70389998902101,0.0,2
gain_fault,1,25101,exact,21,1.0,1.0,0.0,0.0,False,False,False,0.0,False,,active,,0,23.8007000007201,0.0,2
gain_fault,1,25101,exact,22,1.0,1.0,0.0,0.0,False,False,False,0.0,False,,active,,0,23.748000006889924,0.0,2
gain_fault,1,25101,exact,23,1.0,1.0,0.0,0.0,False,False,False,0.0,False,,active,,0,25.977400000556372,0.0,2
gain_fault,1,25101,exact,24,1.0,1.0,0.0,0.0,False,False,False,0.0,False,,active,,0,23.068399998010136,0.0,2
gain_fault,1,25101,exact,25,1.0,1.0,0.0,0.0,False,False,False,0.0,False,,active,,0,29.373600002145395,0.0,2
gain_fault,1,25101,exact,26,1.0,1.0,0.0,0.0,False,False,False,0.0,False,,active,,0,23.62870000069961,0.0,2
gain_fault,1,25101,exact,27,1.0,1.0,0.0,0.0,False,False,False,0.0,False,,active,,0,30.231100012315437,0.0,2
gain_fault,1,25101,exact,28,1.0,1.0,0.0,0.0,False,False,False,0.0,False,,active,,0,29.18159999535419,0.0,2
gain_fault,1,25101,exact,29,1.0,1.0,0.0,0.0,False,False,False,0.0,False,,active,,0,25.41699999710545,0.0,2
gain_fault,1,25101,exact,30,1.0,1.0,0.0,0.0,False,False,False,0.0,False,,active,,0,24.713499995414168,0.0,2
gain_fault,1,25101,exact,31,1.0,1.0,0.0,0.0,False,False,False,0.0,False,,active,,0,23.47400000144262,0.0,2
gain_fault,1,25101,exact,32,1.0,1.0,0.0,0.0,False,False,False,0.0,False,,active,,0,24.56299999903422,0.0,2
gain_fault,1,25101,exact,33,1.0,1.0,0.0,0.0,False,False,False,0.0,False,,active,,0,22.25150000595022,0.0,2
gain_fault,1,25101,exact,34,1.0,1.0,0.0,0.0,False,False,False,0.0,False,,active,,0,25.339500003610738,0.0,2
gain_fault,1,25101,exact,35,1.0,1.0,0.0,0.0,False,False,False,0.0,False,,active,,0,28.33950000058394,0.0,2
gain_fault,1,25101,exact,36,1.0,1.0,0.0,0.0,False,False,False,0.0,False,,active,,0,25.47390000836458,0.0,2
gain_fault,1,25101,exact,37,1.0,1.0,0.0,0.0,False,False,False,0.0,False,,active,,0,23.63619999960065,0.0,2
gain_fault,1,25101,exact,38,1.0,1.0,0.0,0.0,False,False,False,0.0,False,,active,,0,24.30550000281073,0.0,2
gain_fault,1,25101,exact,39,1.0,1.0,0.0,0.0,False,False,False,0.0,False,,active,,0,26.64359999471344,0.0,2
gain_fault,1,25101,exact,40,1.0,1.0,0.0,0.0,False,False,False,0.0,False,,active,,0,28.774499995051883,0.0,2
gain_fault,1,25101,exact,41,1.0,1.0,0.0,0.0,False,False,False,0.0,False,,active,,0,21.653799994965084,0.0,2
gain_fault,1,25101,exact,42,1.0,1.0,0.0,0.0,False,False,False,0.0,False,,active,,0,25.48939999542199,0.0,2
gain_fault,1,25101,exact,43,1.0,1.0,0.0,0.0,False,False,False,0.0,False,,active,,0,32.020400001783855,0.0,2
gain_fault,1,25101,exact,44,1.0,1.0,0.0,0.0,False,False,False,0.0,False,,active,,0,39.04000000329688,0.0,2
gain_fault,1,25101,exact,45,1.0,1.0,0.0,0.0,False,False,False,0.0,False,,active,,0,35.92390000994783,0.0,2
gain_fault,1,25101,exact,46,1.0,1.0,0.0,0.0,False,False,False,0.0,False,,active,,0,46.111300005577505,0.0,2
gain_fault,1,25101,exact,47,1.0,1.0,0.0,0.0,False,False,False,0.0,False,,active,,0,29.36040000349749,0.0,2
gain_fault,1,25101,exact,48,1.0,1.0,0.0,0.0,False,False,False,0.0,False,,active,,0,29.913099991972558,0.0,2
gain_fault,1,25101,exact,49,1.0,1.0,0.0,0.0,False,False,False,0.0,False,,active,,0,28.44599999662023,0.0,2
gain_fault,1,25101,exact,50,1.0,1.0,0.0,0.0,False,False,False,0.0,False,,active,,0,34.25160000915639,0.0,2
gain_fault,1,25101,exact,51,1.0,1.0,0.0,0.0,False,False,False,0.0,False,,active,,0,26.784500005305745,0.0,2
gain_fault,1,25101,exact,52,1.0,1.0,0.0,0.0,False,False,False,0.0,False,,active,,0,35.105100003420375,0.0,2
gain_fault,1,25101,exact,53,1.0,1.0,0.0,0.0,False,False,False,0.0,False,,active,,0,26.431999998749234,0.0,2
gain_fault,1,25101,exact,54,1.0,1.0,0.0,0.0,False,False,False,0.0,False,,active,,0,32.19389999867417,0.0,2
gain_fault,1,25101,exact,55,1.0,1.0,0.0,0.0,False,False,False,0.0,False,,active,,0,35.553499998059124,0.0,2
gain_fault,1,25101,exact,56,1.0,1.0,0.0,0.0,False,False,False,0.0,False,,active,,0,23.96000000589993,0.0,2
gain_fault,1,25101,exact,57,1.0,1.0,0.0,0.0,False,False,False,0.0,False,,active,,0,22.742899993318133,0.0,2
gain_fault,1,25101,exact,58,1.0,1.0,0.0,0.0,False,False,False,0.0,False,,active,,0,21.62280000629835,0.0,2
gain_fault,1,25101,exact,59,1.0,1.0,0.0,0.0,False,False,False,0.0,False,,active,,0,24.6200000110548,0.0,2
gain_fault,1,25101,exact,60,1.0,1.0,0.0,0.0,False,False,False,0.0,False,,active,,0,33.47689998918213,0.0,2
gain_fault,1,25101,unaudited,1,1.0,0.5,0.0,0.07047021404903393,False,False,False,0.0,False,,active,,0,2797.6469000132056,2759.0519999939715,4
gain_fault,1,25101,unaudited,2,1.0,0.5,0.0,0.07047021404903393,False,False,False,0.0,False,,active,,0,16.57159999012947,0.0,2
gain_fault,1,25101,unaudited,3,1.0,0.5,0.0,0.07047021404903393,False,False,False,0.0,False,,active,,0,16.47170000069309,0.0,2
gain_fault,1,25101,unaudited,4,1.0,0.5,0.0,0.07047021404903393,False,False,False,0.0,False,,active,,0,16.367399992304854,0.0,2
gain_fault,1,25101,unaudited,5,1.0,0.5,0.0,0.07047021404903393,False,False,False,0.0,False,,active,,0,19.787200013524853,0.0,2
gain_fault,1,25101,unaudited,6,1.0,0.5,0.0,0.6731536147117391,True,True,False,0.0,False,,active,,0,18.701699998928234,0.0,2
gain_fault,1,25101,unaudited,7,1.0,0.5,0.0,0.6731536147117391,True,True,False,0.0,False,,active,,0,20.958599998266436,0.0,2
gain_fault,1,25101,unaudited,8,1.0,0.5,0.0,0.6731536147117391,True,True,False,0.0,False,,active,,0,15.969500003848225,0.0,2
gain_fault,1,25101,unaudited,9,1.0,0.5,0.0,0.6731536147117391,True,True,False,0.0,False,,active,,0,16.789799992693588,0.0,2
gain_fault,1,25101,unaudited,10,1.0,0.5,0.0,0.6731536147117391,True,True,False,0.0,False,,active,,0,20.56340000126511,0.0,2
gain_fault,1,25101,unaudited,11,1.0,0.5,0.0,0.6731536147117391,True,True,False,0.0,False,,active,,0,17.6216999971075,0.0,2
gain_fault,1,25101,unaudited,12,1.0,0.5,0.0,0.6731536147117391,True,True,False,0.0,False,,active,,0,18.953399994643405,0.0,2
gain_fault,1,25101,unaudited,13,1.0,0.5,0.0,0.6731536147117391,True,True,False,0.0,False,,active,,0,16.14010000776034,0.0,2
gain_fault,1,25101,unaudited,14,1.0,0.5,0.0,0.6731536147117391,True,True,False,0.0,False,,active,,0,16.69899999978952,0.0,2
gain_fault,1,25101,unaudited,15,1.0,0.5,0.0,0.6731536147117391,True,True,False,0.0,False,,active,,0,17.489899997599423,0.0,2
gain_fault,1,25101,unaudited,16,1.0,0.5,0.0,0.6731536147117391,True,True,False,0.0,False,,active,,0,16.873600005055778,0.0,2
gain_fault,1,25101,unaudited,17,1.0,0.5,0.0,0.6731536147117391,True,True,False,0.0,False,,active,,0,21.63010000367649,0.0,2
gain_fault,1,25101,unaudited,18,1.0,0.5,0.0,0.6731536147117391,True,True,False,0.0,False,,active,,0,20.55849999305792,0.0,2
gain_fault,1,25101,unaudited,19,1.0,0.5,0.0,0.6731536147117391,True,True,False,0.0,False,,active,,0,18.33170000463724,0.0,2
gain_fault,1,25101,unaudited,20,1.0,0.5,0.0,0.6731536147117391,True,True,False,0.0,False,,active,,0,15.177900000708178,0.0,2
gain_fault,1,25101,unaudited,21,1.0,0.5,0.0,0.6731536147117391,True,True,False,0.0,False,,active,,0,17.562499997438863,0.0,2
gain_fault,1,25101,unaudited,22,1.0,0.5,0.0,0.6731536147117391,True,True,False,0.0,False,,active,,0,24.884499987820163,0.0,2
gain_fault,1,25101,unaudited,23,1.0,0.5,0.0,0.6731536147117391,True,True,False,0.0,False,,active,,0,21.93020000413526,0.0,2
gain_fault,1,25101,unaudited,24,1.0,0.5,0.0,0.6731536147117391,True,True,False,0.0,False,,active,,0,18.80610000807792,0.0,2
gain_fault,1,25101,unaudited,25,1.0,0.5,0.0,0.6731536147117391,True,True,False,0.0,False,,active,,0,16.384499991545454,0.0,2
gain_fault,1,25101,unaudited,26,1.0,0.5,0.0,0.6731536147117391,True,True,False,0.0,False,,active,,0,14.886899996781722,0.0,2
gain_fault,1,25101,unaudited,27,1.0,0.5,0.0,0.6731536147117391,True,True,False,0.0,False,,active,,0,18.2479999930365,0.0,2
gain_fault,1,25101,unaudited,28,1.0,0.5,0.0,0.6731536147117391,True,True,False,0.0,False,,active,,0,20.5648000119254,0.0,2
gain_fault,1,25101,unaudited,29,1.0,0.5,0.0,0.6731536147117391,True,True,False,0.0,False,,active,,0,15.286100009689108,0.0,2
gain_fault,1,25101,unaudited,30,1.0,0.5,0.0,0.6731536147117391,True,True,False,0.0,False,,active,,0,19.249099990702234,0.0,2
gain_fault,1,25101,unaudited,31,1.0,0.5,0.0,0.6731536147117391,True,True,False,0.0,False,,active,,0,20.743300003232434,0.0,2
gain_fault,1,25101,unaudited,32,1.0,0.5,0.0,0.6731536147117391,True,True,False,0.0,False,,active,,0,16.921000002184883,0.0,2
gain_fault,1,25101,unaudited,33,1.0,0.5,0.0,0.6731536147117391,True,True,False,0.0,False,,active,,0,19.773599997279234,0.0,2
gain_fault,1,25101,unaudited,34,1.0,0.5,0.0,0.6731536147117391,True,True,False,0.0,False,,active,,0,17.452700005378574,0.0,2
gain_fault,1,25101,unaudited,35,1.0,0.5,0.0,0.6731536147117391,True,True,False,0.0,False,,active,,0,16.12280000699684,0.0,2
gain_fault,1,25101,unaudited,36,1.0,0.5,0.0,0.6731536147117391,True,True,False,0.0,False,,active,,0,17.16810000652913,0.0,2
gain_fault,1,25101,unaudited,37,1.0,0.5,0.0,0.6731536147117391,True,True,False,0.0,False,,active,,0,19.055299999308772,0.0,2
gain_fault,1,25101,unaudited,38,1.0,0.5,0.0,0.6731536147117391,True,True,False,0.0,False,,active,,0,20.978799992008135,0.0,2
gain_fault,1,25101,unaudited,39,1.0,0.5,0.0,0.6731536147117391,True,True,False,0.0,False,,active,,0,20.545699997455813,0.0,2
gain_fault,1,25101,unaudited,40,1.0,0.5,0.0,0.6731536147117391,True,True,False,0.0,False,,active,,0,17.583900000317954,0.0,2
gain_fault,1,25101,unaudited,41,1.0,0.5,0.0,0.6731536147117391,True,True,False,0.0,False,,active,,0,19.048599991947412,0.0,2
gain_fault,1,25101,unaudited,42,1.0,0.5,0.0,0.6731536147117391,True,True,False,0.0,False,,active,,0,14.742700004717335,0.0,2
gain_fault,1,25101,unaudited,43,1.0,0.5,0.0,0.6731536147117391,True,True,False,0.0,False,,active,,0,15.83680001203902,0.0,2
gain_fault,1,25101,unaudited,44,1.0,0.5,0.0,0.6731536147117391,True,True,False,0.0,False,,active,,0,33.00169999420177,0.0,2
gain_fault,1,25101,unaudited,45,1.0,0.5,0.0,0.6731536147117391,True,True,False,0.0,False,,active,,0,28.70470000198111,0.0,2
gain_fault,1,25101,unaudited,46,1.0,0.5,0.0,0.6731536147117391,True,True,False,0.0,False,,active,,0,35.63220000069123,0.0,2
gain_fault,1,25101,unaudited,47,1.0,0.5,0.0,0.6731536147117391,True,True,False,0.0,False,,active,,0,19.147099999827333,0.0,2
gain_fault,1,25101,unaudited,48,1.0,0.5,0.0,0.6731536147117391,True,True,False,0.0,False,,active,,0,18.60169999417849,0.0,2
gain_fault,1,25101,unaudited,49,1.0,0.5,0.0,0.6731536147117391,True,True,False,0.0,False,,active,,0,18.68909999029711,0.0,2
gain_fault,1,25101,unaudited,50,1.0,0.5,0.0,0.6731536147117391,True,True,False,0.0,False,,active,,0,16.518300006282516,0.0,2
gain_fault,1,25101,unaudited,51,1.0,0.5,0.0,0.6731536147117391,True,True,False,0.0,False,,active,,0,20.008799998322502,0.0,2
gain_fault,1,25101,unaudited,52,1.0,0.5,0.0,0.6731536147117391,True,True,False,0.0,False,,active,,0,17.527300005895086,0.0,2
gain_fault,1,25101,unaudited,53,1.0,0.5,0.0,0.6731536147117391,True,True,False,0.0,False,,active,,0,30.339900011313148,0.0,2
gain_fault,1,25101,unaudited,54,1.0,0.5,0.0,0.6731536147117391,True,True,False,0.0,False,,active,,0,19.528100005118176,0.0,2
gain_fault,1,25101,unaudited,55,1.0,0.5,0.0,0.6731536147117391,True,True,False,0.0,False,,active,,0,16.90460000827443,0.0,2
gain_fault,1,25101,unaudited,56,1.0,0.5,0.0,0.6731536147117391,True,True,False,0.0,False,,active,,0,15.698000002885237,0.0,2
gain_fault,1,25101,unaudited,57,1.0,0.5,0.0,0.6731536147117391,True,True,False,0.0,False,,active,,0,17.26599999528844,0.0,2
gain_fault,1,25101,unaudited,58,1.0,0.5,0.0,0.6731536147117391,True,True,False,0.0,False,,active,,0,20.200900005875155,0.0,2
gain_fault,1,25101,unaudited,59,1.0,0.5,0.0,0.6731536147117391,True,True,False,0.0,False,,active,,0,30.45529998780694,0.0,2
gain_fault,1,25101,unaudited,60,1.0,0.5,0.0,0.6731536147117391,True,True,False,0.0,False,,active,,0,31.702400010544807,0.0,2
gain_fault,2,25102,unaudited,1,1.0,0.5,0.0,0.003780577039238277,False,False,False,0.0,False,,active,,0,3299.0876999974716,3243.1668000062928,4
gain_fault,2,25102,unaudited,2,1.0,0.5,0.0,0.003780577039238277,False,False,False,0.0,False,,active,,0,30.652900008135475,0.0,2
gain_fault,2,25102,unaudited,3,1.0,0.5,0.0,0.003780577039238277,False,False,False,0.0,False,,active,,0,16.758699988713488,0.0,2
gain_fault,2,25102,unaudited,4,1.0,0.5,0.0,0.003780577039238277,False,False,False,0.0,False,,active,,0,22.16799999587238,0.0,2
gain_fault,2,25102,unaudited,5,1.0,0.5,0.0,0.003780577039238277,False,False,False,0.0,False,,active,,0,30.353200010722503,0.0,2
gain_fault,2,25102,unaudited,6,1.0,0.5,0.0,0.7931949613293712,True,True,False,0.0,False,,active,,0,17.17120000103023,0.0,2
gain_fault,2,25102,unaudited,7,1.0,0.5,0.0,0.7931949613293712,True,True,False,0.0,False,,active,,0,18.420899999910034,0.0,2
gain_fault,2,25102,unaudited,8,1.0,0.5,0.0,0.7931949613293712,True,True,False,0.0,False,,active,,0,34.68349999457132,0.0,2
gain_fault,2,25102,unaudited,9,1.0,0.5,0.0,0.7931949613293712,True,True,False,0.0,False,,active,,0,21.132000008947216,0.0,2
gain_fault,2,25102,unaudited,10,1.0,0.5,0.0,0.7931949613293712,True,True,False,0.0,False,,active,,0,26.53400000417605,0.0,2
gain_fault,2,25102,unaudited,11,1.0,0.5,0.0,0.7931949613293712,True,True,False,0.0,False,,active,,0,28.143800009274855,0.0,2
gain_fault,2,25102,unaudited,12,1.0,0.5,0.0,0.7931949613293712,True,True,False,0.0,False,,active,,0,23.627399990800768,0.0,2
gain_fault,2,25102,unaudited,13,1.0,0.5,0.0,0.7931949613293712,True,True,False,0.0,False,,active,,0,29.934999998658895,0.0,2
gain_fault,2,25102,unaudited,14,1.0,0.5,0.0,0.7931949613293712,True,True,False,0.0,False,,active,,0,16.313000000081956,0.0,2
gain_fault,2,25102,unaudited,15,1.0,0.5,0.0,0.7931949613293712,True,True,False,0.0,False,,active,,0,17.723500001011416,0.0,2
gain_fault,2,25102,unaudited,16,1.0,0.5,0.0,0.7931949613293712,True,True,False,0.0,False,,active,,0,16.412099997978657,0.0,2
gain_fault,2,25102,unaudited,17,1.0,0.5,0.0,0.7931949613293712,True,True,False,0.0,False,,active,,0,21.725300000980496,0.0,2
gain_fault,2,25102,unaudited,18,1.0,0.5,0.0,0.7931949613293712,True,True,False,0.0,False,,active,,0,17.69379999313969,0.0,2
gain_fault,2,25102,unaudited,19,1.0,0.5,0.0,0.7931949613293712,True,True,False,0.0,False,,active,,0,18.0155999987619,0.0,2
gain_fault,2,25102,unaudited,20,1.0,0.5,0.0,0.7931949613293712,True,True,False,0.0,False,,active,,0,26.117699992028065,0.0,2
gain_fault,2,25102,unaudited,21,1.0,0.5,0.0,0.7931949613293712,True,True,False,0.0,False,,active,,0,26.976299996022135,0.0,2
gain_fault,2,25102,unaudited,22,1.0,0.5,0.0,0.7931949613293712,True,True,False,0.0,False,,active,,0,20.38469999388326,0.0,2
gain_fault,2,25102,unaudited,23,1.0,0.5,0.0,0.7931949613293712,True,True,False,0.0,False,,active,,0,24.11539999593515,0.0,2
gain_fault,2,25102,unaudited,24,1.0,0.5,0.0,0.7931949613293712,True,True,False,0.0,False,,active,,0,16.238600001088344,0.0,2
gain_fault,2,25102,unaudited,25,1.0,0.5,0.0,0.7931949613293712,True,True,False,0.0,False,,active,,0,16.245799997705035,0.0,2
gain_fault,2,25102,unaudited,26,1.0,0.5,0.0,0.7931949613293712,True,True,False,0.0,False,,active,,0,14.407799986656755,0.0,2
gain_fault,2,25102,unaudited,27,1.0,0.5,0.0,0.7931949613293712,True,True,False,0.0,False,,active,,0,17.483800009358674,0.0,2
gain_fault,2,25102,unaudited,28,1.0,0.5,0.0,0.7931949613293712,True,True,False,0.0,False,,active,,0,26.765000002342276,0.0,2
gain_fault,2,25102,unaudited,29,1.0,0.5,0.0,0.7931949613293712,True,True,False,0.0,False,,active,,0,17.09540000592824,0.0,2
gain_fault,2,25102,unaudited,30,1.0,0.5,0.0,0.7931949613293712,True,True,False,0.0,False,,active,,0,33.21460000006482,0.0,2
gain_fault,2,25102,unaudited,31,1.0,0.5,0.0,0.7931949613293712,True,True,False,0.0,False,,active,,0,33.451500014052726,0.0,2
gain_fault,2,25102,unaudited,32,1.0,0.5,0.0,0.7931949613293712,True,True,False,0.0,False,,active,,0,31.874400010565296,0.0,2
gain_fault,2,25102,unaudited,33,1.0,0.5,0.0,0.7931949613293712,True,True,False,0.0,False,,active,,0,33.55780000856612,0.0,2
gain_fault,2,25102,unaudited,34,1.0,0.5,0.0,0.7931949613293712,True,True,False,0.0,False,,active,,0,19.565000009606592,0.0,2
gain_fault,2,25102,unaudited,35,1.0,0.5,0.0,0.7931949613293712,True,True,False,0.0,False,,active,,0,28.88159999565687,0.0,2
gain_fault,2,25102,unaudited,36,1.0,0.5,0.0,0.7931949613293712,True,True,False,0.0,False,,active,,0,30.280999999376945,0.0,2
gain_fault,2,25102,unaudited,37,1.0,0.5,0.0,0.7931949613293712,True,True,False,0.0,False,,active,,0,25.33789999142755,0.0,2
gain_fault,2,25102,unaudited,38,1.0,0.5,0.0,0.7931949613293712,True,True,False,0.0,False,,active,,0,17.709199993987568,0.0,2
gain_fault,2,25102,unaudited,39,1.0,0.5,0.0,0.7931949613293712,True,True,False,0.0,False,,active,,0,17.811099998652935,0.0,2
gain_fault,2,25102,unaudited,40,1.0,0.5,0.0,0.7931949613293712,True,True,False,0.0,False,,active,,0,17.004699999233708,0.0,2
gain_fault,2,25102,unaudited,41,1.0,0.5,0.0,0.7931949613293712,True,True,False,0.0,False,,active,,0,15.815499995369464,0.0,2
gain_fault,2,25102,unaudited,42,1.0,0.5,0.0,0.7931949613293712,True,True,False,0.0,False,,active,,0,16.681599998264574,0.0,2
gain_fault,2,25102,unaudited,43,1.0,0.5,0.0,0.7931949613293712,True,True,False,0.0,False,,active,,0,17.840100001194514,0.0,2
gain_fault,2,25102,unaudited,44,1.0,0.5,0.0,0.7931949613293712,True,True,False,0.0,False,,active,,0,19.547999996575527,0.0,2
gain_fault,2,25102,unaudited,45,1.0,0.5,0.0,0.7931949613293712,True,True,False,0.0,False,,active,,0,28.21879999828525,0.0,2
gain_fault,2,25102,unaudited,46,1.0,0.5,0.0,0.7931949613293712,True,True,False,0.0,False,,active,,0,30.069900007219985,0.0,2
gain_fault,2,25102,unaudited,47,1.0,0.5,0.0,0.7931949613293712,True,True,False,0.0,False,,active,,0,32.16009998868685,0.0,2
gain_fault,2,25102,unaudited,48,1.0,0.5,0.0,0.7931949613293712,True,True,False,0.0,False,,active,,0,26.977700006682426,0.0,2
gain_fault,2,25102,unaudited,49,1.0,0.5,0.0,0.7931949613293712,True,True,False,0.0,False,,active,,0,43.75589999835938,0.0,2
gain_fault,2,25102,unaudited,50,1.0,0.5,0.0,0.7931949613293712,True,True,False,0.0,False,,active,,0,23.962999999639578,0.0,2
gain_fault,2,25102,unaudited,51,1.0,0.5,0.0,0.7931949613293712,True,True,False,0.0,False,,active,,0,18.077500004437752,0.0,2
gain_fault,2,25102,unaudited,52,1.0,0.5,0.0,0.7931949613293712,True,True,False,0.0,False,,active,,0,26.83610000531189,0.0,2
gain_fault,2,25102,unaudited,53,1.0,0.5,0.0,0.7931949613293712,True,True,False,0.0,False,,active,,0,19.848299998557195,0.0,2
gain_fault,2,25102,unaudited,54,1.0,0.5,0.0,0.7931949613293712,True,True,False,0.0,False,,active,,0,22.024199992301874,0.0,2
gain_fault,2,25102,unaudited,55,1.0,0.5,0.0,0.7931949613293712,True,True,False,0.0,False,,active,,0,30.06489999825135,0.0,2
gain_fault,2,25102,unaudited,56,1.0,0.5,0.0,0.7931949613293712,True,True,False,0.0,False,,active,,0,25.846999997156672,0.0,2
gain_fault,2,25102,unaudited,57,1.0,0.5,0.0,0.7931949613293712,True,True,False,0.0,False,,active,,0,24.278799988678657,0.0,2
gain_fault,2,25102,unaudited,58,1.0,0.5,0.0,0.7931949613293712,True,True,False,0.0,False,,active,,0,22.749399999156594,0.0,2
gain_fault,2,25102,unaudited,59,1.0,0.5,0.0,0.7931949613293712,True,True,False,0.0,False,,active,,0,22.149899989017285,0.0,2
gain_fault,2,25102,unaudited,60,1.0,0.5,0.0,0.7931949613293712,True,True,False,0.0,False,,active,,0,21.757099995738827,0.0,2
gain_fault,2,25102,exact,1,1.0,1.0,0.0,0.0,False,False,False,0.0,False,,active,,0,28.596600008313544,0.0,2
gain_fault,2,25102,exact,2,1.0,1.0,0.0,0.0,False,False,False,0.0,False,,active,,0,23.013099998934194,0.0,2
gain_fault,2,25102,exact,3,1.0,1.0,0.0,0.0,False,False,False,0.0,False,,active,,0,29.549500002758577,0.0,2
gain_fault,2,25102,exact,4,1.0,1.0,0.0,0.0,False,False,False,0.0,False,,active,,0,36.43480000027921,0.0,2
gain_fault,2,25102,exact,5,1.0,1.0,0.0,0.0,False,False,False,0.0,False,,active,,0,27.895599996554665,0.0,2
gain_fault,2,25102,exact,6,1.0,1.0,0.0,0.0,False,False,False,0.0,False,,active,,0,25.752000001375563,0.0,2
gain_fault,2,25102,exact,7,1.0,1.0,0.0,0.0,False,False,False,0.0,False,,active,,0,22.943699994357303,0.0,2
gain_fault,2,25102,exact,8,1.0,1.0,0.0,0.0,False,False,False,0.0,False,,active,,0,22.60359999490902,0.0,2
gain_fault,2,25102,exact,9,1.0,1.0,0.0,0.0,False,False,False,0.0,False,,active,,0,24.64920000056736,0.0,2
gain_fault,2,25102,exact,10,1.0,1.0,0.0,0.0,False,False,False,0.0,False,,active,,0,32.5204999971902,0.0,2
gain_fault,2,25102,exact,11,1.0,1.0,0.0,0.0,False,False,False,0.0,False,,active,,0,24.860900011844933,0.0,2
gain_fault,2,25102,exact,12,1.0,1.0,0.0,0.0,False,False,False,0.0,False,,active,,0,23.740099990391172,0.0,2
gain_fault,2,25102,exact,13,1.0,1.0,0.0,0.0,False,False,False,0.0,False,,active,,0,23.25179999752436,0.0,2
gain_fault,2,25102,exact,14,1.0,1.0,0.0,0.0,False,False,False,0.0,False,,active,,0,50.77329999767244,0.0,2
gain_fault,2,25102,exact,15,1.0,1.0,0.0,0.0,False,False,False,0.0,False,,active,,0,40.99270000006072,0.0,2
gain_fault,2,25102,exact,16,1.0,1.0,0.0,0.0,False,False,False,0.0,False,,active,,0,39.604700010386296,0.0,2
gain_fault,2,25102,exact,17,1.0,1.0,0.0,0.0,False,False,False,0.0,False,,active,,0,47.52720000396948,0.0,2
gain_fault,2,25102,exact,18,1.0,1.0,0.0,0.0,False,False,False,0.0,False,,active,,0,41.364699995028786,0.0,2
gain_fault,2,25102,exact,19,1.0,1.0,0.0,0.0,False,False,False,0.0,False,,active,,0,54.20869999215938,0.0,2
gain_fault,2,25102,exact,20,1.0,1.0,0.0,0.0,False,False,False,0.0,False,,active,,0,46.04349999863189,0.0,2
gain_fault,2,25102,exact,21,1.0,1.0,0.0,0.0,False,False,False,0.0,False,,active,,0,40.53070000372827,0.0,2
gain_fault,2,25102,exact,22,1.0,1.0,0.0,0.0,False,False,False,0.0,False,,active,,0,25.586199990357272,0.0,2
gain_fault,2,25102,exact,23,1.0,1.0,0.0,0.0,False,False,False,0.0,False,,active,,0,24.816800010739826,0.0,2
gain_fault,2,25102,exact,24,1.0,1.0,0.0,0.0,False,False,False,0.0,False,,active,,0,23.297099993214943,0.0,2
gain_fault,2,25102,exact,25,1.0,1.0,0.0,0.0,False,False,False,0.0,False,,active,,0,23.589699994772673,0.0,2
gain_fault,2,25102,exact,26,1.0,1.0,0.0,0.0,False,False,False,0.0,False,,active,,0,26.14760000142269,0.0,2
gain_fault,2,25102,exact,27,1.0,1.0,0.0,0.0,False,False,False,0.0,False,,active,,0,23.33179999550339,0.0,2
gain_fault,2,25102,exact,28,1.0,1.0,0.0,0.0,False,False,False,0.0,False,,active,,0,23.491700005251914,0.0,2
gain_fault,2,25102,exact,29,1.0,1.0,0.0,0.0,False,False,False,0.0,False,,active,,0,23.304700007429346,0.0,2
gain_fault,2,25102,exact,30,1.0,1.0,0.0,0.0,False,False,False,0.0,False,,active,,0,26.00969999912195,0.0,2
gain_fault,2,25102,exact,31,1.0,1.0,0.0,0.0,False,False,False,0.0,False,,active,,0,23.835100000724196,0.0,2
gain_fault,2,25102,exact,32,1.0,1.0,0.0,0.0,False,False,False,0.0,False,,active,,0,25.667099995189346,0.0,2
gain_fault,2,25102,exact,33,1.0,1.0,0.0,0.0,False,False,False,0.0,False,,active,,0,23.467999999411404,0.0,2
gain_fault,2,25102,exact,34,1.0,1.0,0.0,0.0,False,False,False,0.0,False,,active,,0,25.810599996475503,0.0,2
gain_fault,2,25102,exact,35,1.0,1.0,0.0,0.0,False,False,False,0.0,False,,active,,0,24.916499998653308,0.0,2
gain_fault,2,25102,exact,36,1.0,1.0,0.0,0.0,False,False,False,0.0,False,,active,,0,25.927599999704398,0.0,2
gain_fault,2,25102,exact,37,1.0,1.0,0.0,0.0,False,False,False,0.0,False,,active,,0,25.90039999631699,0.0,2
gain_fault,2,25102,exact,38,1.0,1.0,0.0,0.0,False,False,False,0.0,False,,active,,0,35.7100000110222,0.0,2
gain_fault,2,25102,exact,39,1.0,1.0,0.0,0.0,False,False,False,0.0,False,,active,,0,30.82340001128614,0.0,2
gain_fault,2,25102,exact,40,1.0,1.0,0.0,0.0,False,False,False,0.0,False,,active,,0,22.076199995353818,0.0,2
gain_fault,2,25102,exact,41,1.0,1.0,0.0,0.0,False,False,False,0.0,False,,active,,0,22.539300000062212,0.0,2
gain_fault,2,25102,exact,42,1.0,1.0,0.0,0.0,False,False,False,0.0,False,,active,,0,40.101799997501075,0.0,2
gain_fault,2,25102,exact,43,1.0,1.0,0.0,0.0,False,False,False,0.0,False,,active,,0,37.95420000096783,0.0,2
gain_fault,2,25102,exact,44,1.0,1.0,0.0,0.0,False,False,False,0.0,False,,active,,0,28.236300000571646,0.0,2
gain_fault,2,25102,exact,45,1.0,1.0,0.0,0.0,False,False,False,0.0,False,,active,,0,28.056700000888668,0.0,2
gain_fault,2,25102,exact,46,1.0,1.0,0.0,0.0,False,False,False,0.0,False,,active,,0,34.873299999162555,0.0,2
gain_fault,2,25102,exact,47,1.0,1.0,0.0,0.0,False,False,False,0.0,False,,active,,0,28.67139999580104,0.0,2
gain_fault,2,25102,exact,48,1.0,1.0,0.0,0.0,False,False,False,0.0,False,,active,,0,28.04370000376366,0.0,2
gain_fault,2,25102,exact,49,1.0,1.0,0.0,0.0,False,False,False,0.0,False,,active,,0,29.482800004188903,0.0,2
gain_fault,2,25102,exact,50,1.0,1.0,0.0,0.0,False,False,False,0.0,False,,active,,0,44.55479999887757,0.0,2
gain_fault,2,25102,exact,51,1.0,1.0,0.0,0.0,False,False,False,0.0,False,,active,,0,30.8045999991009,0.0,2
gain_fault,2,25102,exact,52,1.0,1.0,0.0,0.0,False,False,False,0.0,False,,active,,0,28.589800000190735,0.0,2
gain_fault,2,25102,exact,53,1.0,1.0,0.0,0.0,False,False,False,0.0,False,,active,,0,28.83869998913724,0.0,2
gain_fault,2,25102,exact,54,1.0,1.0,0.0,0.0,False,False,False,0.0,False,,active,,0,30.225999988033436,0.0,2
gain_fault,2,25102,exact,55,1.0,1.0,0.0,0.0,False,False,False,0.0,False,,active,,0,29.837300011422485,0.0,2
gain_fault,2,25102,exact,56,1.0,1.0,0.0,0.0,False,False,False,0.0,False,,active,,0,23.751200002152473,0.0,2
gain_fault,2,25102,exact,57,1.0,1.0,0.0,0.0,False,False,False,0.0,False,,active,,0,24.520300008589402,0.0,2
gain_fault,2,25102,exact,58,1.0,1.0,0.0,0.0,False,False,False,0.0,False,,active,,0,22.648399986792356,0.0,2
gain_fault,2,25102,exact,59,1.0,1.0,0.0,0.0,False,False,False,0.0,False,,active,,0,25.974200005293824,0.0,2
gain_fault,2,25102,exact,60,1.0,1.0,0.0,0.0,False,False,False,0.0,False,,active,,0,30.631000001449138,0.0,2
gain_fault,2,25102,audited,1,1.0,0.5,0.0,0.003780577039238277,False,False,True,36.43230001034681,False,,active,1.361706313613016,0,2473.604200000409,2379.3528999958653,6
gain_fault,2,25102,audited,2,1.0,0.5,0.0,0.003780577039238277,False,False,False,0.0,False,,active,0.5548499844984132,0,16.42490000813268,0.0,2
gain_fault,2,25102,audited,3,1.0,0.5,0.0,0.003780577039238277,False,False,False,0.0,False,,active,0.6069115647910893,0,18.01770000020042,0.0,2
gain_fault,2,25102,audited,4,1.0,0.5,0.0,0.003780577039238277,False,False,False,0.0,False,,active,0.5345288669808336,0,15.798399996128865,0.0,2
gain_fault,2,25102,audited,5,1.0,0.5,0.0,0.003780577039238277,False,False,False,0.0,False,,active,0.7553766647767431,0,22.2893999889493,0.0,2
gain_fault,2,25102,audited,6,1.0,0.5,0.0,0.7931949613293712,True,True,False,0.0,False,,active,0.7531656999098499,0,22.240799997234717,0.0,2
gain_fault,2,25102,audited,7,1.0,0.5,0.0,0.7931949613293712,True,True,False,0.0,False,,active,0.8900036447795859,0,26.255000004312024,0.0,2
gain_fault,2,25102,audited,8,1.0,0.5,0.0,0.7931949613293712,True,True,False,0.0,False,,active,0.7312400138388341,0,21.63240000663791,0.0,2
gain_fault,2,25102,audited,9,1.0,0.5,0.0,0.7931949613293712,True,True,False,0.0,False,,active,0.808545430382871,0,23.914200006402098,0.0,2
gain_fault,2,25102,audited,10,1.0,1.0,0.0,0.0,False,True,True,48.94449999846984,True,error_budget,quarantined,0.7121861979636231,0,70.01900000614114,0.0,4
gain_fault,2,25102,audited,11,1.0,1.0,0.0,0.0,False,False,False,0.0,True,error_budget,quarantined,,0,52.49450000701472,0.0,2
gain_fault,2,25102,audited,12,1.0,1.0,0.0,0.0,False,False,False,0.0,True,error_budget,quarantined,,0,42.71350000635721,0.0,2
gain_fault,2,25102,audited,13,1.0,1.0,0.0,0.0,False,False,False,0.0,True,error_budget,quarantined,,0,62.77540000155568,0.0,2
gain_fault,2,25102,audited,14,1.0,1.0,0.0,0.0,False,False,False,0.0,True,error_budget,quarantined,,0,34.108200008631684,0.0,2
gain_fault,2,25102,audited,15,1.0,1.0,0.0,0.0,False,False,False,0.0,True,error_budget,quarantined,,0,28.19430000090506,0.0,2
gain_fault,2,25102,audited,16,1.0,1.0,0.0,0.0,False,False,False,0.0,True,error_budget,quarantined,,0,26.337899995269254,0.0,2
gain_fault,2,25102,audited,17,1.0,1.0,0.0,0.0,False,False,False,0.0,True,error_budget,quarantined,,0,24.44209999521263,0.0,2
gain_fault,2,25102,audited,18,1.0,1.0,0.0,0.0,False,False,False,0.0,True,error_budget,quarantined,,0,38.5210999957053,0.0,2
gain_fault,2,25102,audited,19,1.0,1.0,0.0,0.0,False,False,False,0.0,True,error_budget,quarantined,,0,49.6312999894144,0.0,2
gain_fault,2,25102,audited,20,1.0,1.0,0.0,0.0,False,False,False,0.0,True,error_budget,quarantined,,0,42.92669999995269,0.0,2
gain_fault,2,25102,audited,21,1.0,1.0,0.0,0.0,False,False,False,0.0,True,error_budget,quarantined,,0,32.90430000924971,0.0,2
gain_fault,2,25102,audited,22,1.0,1.0,0.0,0.0,False,False,False,0.0,True,error_budget,quarantined,,0,26.99850000499282,0.0,2
gain_fault,2,25102,audited,23,1.0,1.0,0.0,0.0,False,False,False,0.0,True,error_budget,quarantined,,0,50.66229999647476,0.0,2
gain_fault,2,25102,audited,24,1.0,1.0,0.0,0.0,False,False,False,0.0,True,error_budget,quarantined,,0,32.141200004843995,0.0,2
gain_fault,2,25102,audited,25,1.0,1.0,0.0,0.0,False,False,False,0.0,True,error_budget,quarantined,,0,36.71580000082031,0.0,2
gain_fault,2,25102,audited,26,1.0,1.0,0.0,0.0,False,False,False,0.0,True,error_budget,quarantined,,0,47.317900010966696,0.0,2
gain_fault,2,25102,audited,27,1.0,1.0,0.0,0.0,False,False,False,0.0,True,error_budget,quarantined,,0,39.924600001540966,0.0,2
gain_fault,2,25102,audited,28,1.0,1.0,0.0,0.0,False,False,False,0.0,True,error_budget,quarantined,,0,27.528399994480424,0.0,2
gain_fault,2,25102,audited,29,1.0,1.0,0.0,0.0,False,False,False,0.0,True,error_budget,quarantined,,0,22.864399987156503,0.0,2
gain_fault,2,25102,audited,30,1.0,1.0,0.0,0.0,False,False,False,0.0,True,error_budget,quarantined,,0,23.806700002751313,0.0,2
gain_fault,2,25102,audited,31,1.0,0.5,0.0,0.014143602170893456,False,False,True,41.2715999991633,False,,active,2.1677238088050657,1,3347.750500004622,3252.040000006673,6
gain_fault,2,25102,audited,32,1.0,0.5,0.0,0.014143602170893456,False,False,False,0.0,False,,active,1.3618911366694484,1,22.451199998613447,0.0,2
gain_fault,2,25102,audited,33,1.0,0.5,0.0,0.014143602170893456,False,False,False,0.0,False,,active,1.3822143179696367,1,22.766399997635745,0.0,2
gain_fault,2,25102,audited,34,1.0,0.5,0.0,0.014143602170893456,False,False,False,0.0,False,,active,1.1257615097819613,1,18.573099994682707,0.0,2
gain_fault,2,25102,audited,35,1.0,0.5,0.0,0.014143602170893456,False,False,False,0.0,False,,active,1.1180556619798276,1,18.447700000251643,0.0,2
gain_fault,2,25102,audited,36,1.0,0.5,0.0,0.014143602170893456,False,False,False,0.0,False,,active,1.7388004386818041,1,28.640999997151084,0.0,2
gain_fault,2,25102,audited,37,1.0,0.5,0.0,0.014143602170893456,False,False,False,0.0,False,,active,1.974100298806861,1,32.5715999933891,0.0,2
gain_fault,2,25102,audited,38,1.0,0.5,0.0,0.014143602170893456,False,False,False,0.0,False,,active,2.138625943903807,1,35.27750000648666,0.0,2
gain_fault,2,25102,audited,39,1.0,0.5,0.0,0.014143602170893456,False,False,False,0.0,False,,active,2.033337096583394,1,33.547999992151745,0.0,2
gain_fault,2,25102,audited,40,1.0,0.5,0.0,0.014143602170893456,False,False,True,22.653099993476644,False,,active,2.2107607327975933,1,59.096000011777505,0.0,4
gain_fault,2,25102,audited,41,1.0,0.5,0.0,0.014143602170893456,False,False,False,0.0,False,,active,1.0948954096701808,1,18.06759998726193,0.0,2
gain_fault,2,25102,audited,42,1.0,0.5,0.0,0.014143602170893456,False,False,False,0.0,False,,active,1.09617056661721,1,18.086700001731515,0.0,2
gain_fault,2,25102,audited,43,1.0,0.5,0.0,0.014143602170893456,False,False,False,0.0,False,,active,0.9836883747822319,1,16.26580000447575,0.0,2
gain_fault,2,25102,audited,44,1.0,0.5,0.0,0.014143602170893456,False,False,False,0.0,False,,active,0.9533469805018044,1,15.72360000864137,0.0,2
gain_fault,2,25102,audited,45,1.0,0.5,0.0,0.014143602170893456,False,False,False,0.0,False,,active,0.9874589324005985,1,16.291599997202866,0.0,2
gain_fault,2,25102,audited,46,1.0,0.5,0.0,0.014143602170893456,False,False,False,0.0,False,,active,0.9329261788513401,1,15.392599991173483,0.0,2
gain_fault,2,25102,audited,47,1.0,0.5,0.0,0.014143602170893456,False,False,False,0.0,False,,active,0.9440426110058878,1,15.577900005155243,0.0,2
gain_fault,2,25102,audited,48,1.0,0.5,0.0,0.014143602170893456,False,False,False,0.0,False,,active,1.015652694068321,1,16.74710000224877,0.0,2
gain_fault,2,25102,audited,49,1.0,0.5,0.0,0.014143602170893456,False,False,False,0.0,False,,active,1.0963841093577484,1,18.076400010613725,0.0,2
gain_fault,2,25102,audited,50,1.0,0.5,0.0,0.014143602170893456,False,False,True,24.43930000299588,False,,active,1.3014279930088692,1,45.88730000250507,0.0,4
gain_fault,2,25102,audited,51,1.0,0.5,0.0,0.014143602170893456,False,False,False,0.0,False,,active,1.3108177785355872,1,21.628500006045215,0.0,2
gain_fault,2,25102,audited,52,1.0,0.5,0.0,0.014143602170893456,False,False,False,0.0,False,,active,0.95065634001776,1,15.689100007875822,0.0,2
gain_fault,2,25102,audited,53,1.0,0.5,0.0,0.014143602170893456,False,False,False,0.0,False,,active,0.914744526228429,1,15.094400005182251,0.0,2
gain_fault,2,25102,audited,54,1.0,0.5,0.0,0.014143602170893456,False,False,False,0.0,False,,active,0.9039148520771267,1,14.914900006260723,0.0,2
gain_fault,2,25102,audited,55,1.0,0.5,0.0,0.014143602170893456,False,False,False,0.0,False,,active,0.9886425693813986,1,16.30420000583399,0.0,2
gain_fault,2,25102,audited,56,1.0,0.5,0.0,0.014143602170893456,False,False,False,0.0,False,,active,0.9111265004073686,1,15.038500001537614,0.0,2
gain_fault,2,25102,audited,57,1.0,0.5,0.0,0.014143602170893456,False,False,False,0.0,False,,active,0.9321574239199872,1,15.382500001578592,0.0,2
gain_fault,2,25102,audited,58,1.0,0.5,0.0,0.014143602170893456,False,False,False,0.0,False,,active,0.9879531309846451,1,16.29780000075698,0.0,2
gain_fault,2,25102,audited,59,1.0,0.5,0.0,0.014143602170893456,False,False,False,0.0,False,,active,0.9118952544508763,1,15.0465000042459,0.0,2
gain_fault,2,25102,audited,60,1.0,0.5,0.0,0.014143602170893456,False,False,True,28.844100001151673,False,,active,0.917246029947349,1,43.987899989588186,0.0,4
timing_fault,0,25200,exact,1,1.0,1.0,0.0,0.0,False,False,False,0.0,False,,active,,0,38.93660000176169,0.0,2
timing_fault,0,25200,exact,2,1.0,1.0,0.0,0.0,False,False,False,0.0,False,,active,,0,25.744600003235973,0.0,2
timing_fault,0,25200,exact,3,1.0,1.0,0.0,0.0,False,False,False,0.0,False,,active,,0,26.645500009180978,0.0,2
timing_fault,0,25200,exact,4,1.0,1.0,0.0,0.0,False,False,False,0.0,False,,active,,0,28.710600003250875,0.0,2
timing_fault,0,25200,exact,5,1.0,1.0,0.0,0.0,False,False,False,0.0,False,,active,,0,42.40919998846948,0.0,2
timing_fault,0,25200,exact,6,1.0,1.0,0.0,0.0,False,False,False,0.0,False,,active,,0,55.55160000221804,0.0,2
timing_fault,0,25200,exact,7,1.0,1.0,0.0,0.0,False,False,False,0.0,False,,active,,0,47.34889999963343,0.0,2
timing_fault,0,25200,exact,8,1.0,1.0,0.0,0.0,False,False,False,0.0,False,,active,,0,43.512500007636845,0.0,2
timing_fault,0,25200,exact,9,1.0,1.0,0.0,0.0,False,False,False,0.0,False,,active,,0,34.910900008981116,0.0,2
timing_fault,0,25200,exact,10,1.0,1.0,0.0,0.0,False,False,False,0.0,False,,active,,0,44.946499998332,0.0,2
timing_fault,0,25200,exact,11,1.0,1.0,0.0,0.0,False,False,False,0.0,False,,active,,0,44.35000001103617,0.0,2
timing_fault,0,25200,exact,12,1.0,1.0,0.0,0.0,False,False,False,0.0,False,,active,,0,39.37610000139102,0.0,2
timing_fault,0,25200,exact,13,1.0,1.0,0.0,0.0,False,False,False,0.0,False,,active,,0,27.76869999070186,0.0,2
timing_fault,0,25200,exact,14,1.0,1.0,0.0,0.0,False,False,False,0.0,False,,active,,0,25.69470000162255,0.0,2
timing_fault,0,25200,exact,15,1.0,1.0,0.0,0.0,False,False,False,0.0,False,,active,,0,26.79839999473188,0.0,2
timing_fault,0,25200,exact,16,1.0,1.0,0.0,0.0,False,False,False,0.0,False,,active,,0,26.86090000497643,0.0,2
timing_fault,0,25200,exact,17,1.0,1.0,0.0,0.0,False,False,False,0.0,False,,active,,0,49.975300004007295,0.0,2
timing_fault,0,25200,exact,18,1.0,1.0,0.0,0.0,False,False,False,0.0,False,,active,,0,44.67899999872316,0.0,2
timing_fault,0,25200,exact,19,1.0,1.0,0.0,0.0,False,False,False,0.0,False,,active,,0,30.39080000598915,0.0,2
timing_fault,0,25200,exact,20,1.0,1.0,0.0,0.0,False,False,False,0.0,False,,active,,0,32.95049999724142,0.0,2
timing_fault,0,25200,exact,21,1.0,1.0,0.0,0.0,False,False,False,0.0,False,,active,,0,29.056100000161678,0.0,2
timing_fault,0,25200,exact,22,1.0,1.0,0.0,0.0,False,False,False,0.0,False,,active,,0,43.01649999979418,0.0,2
timing_fault,0,25200,exact,23,1.0,1.0,0.0,0.0,False,False,False,0.0,False,,active,,0,36.3426999974763,0.0,2
timing_fault,0,25200,exact,24,1.0,1.0,0.0,0.0,False,False,False,0.0,False,,active,,0,51.47639999631792,0.0,2
timing_fault,0,25200,exact,25,1.0,1.0,0.0,0.0,False,False,False,0.0,False,,active,,0,38.21080000489019,0.0,2
timing_fault,0,25200,exact,26,1.0,1.0,0.0,0.0,False,False,False,0.0,False,,active,,0,34.95370000018738,0.0,2
timing_fault,0,25200,exact,27,1.0,1.0,0.0,0.0,False,False,False,0.0,False,,active,,0,38.72719999344554,0.0,2
timing_fault,0,25200,exact,28,1.0,1.0,0.0,0.0,False,False,False,0.0,False,,active,,0,28.190299999550916,0.0,2
timing_fault,0,25200,exact,29,1.0,1.0,0.0,0.0,False,False,False,0.0,False,,active,,0,51.50129999674391,0.0,2
timing_fault,0,25200,exact,30,1.0,1.0,0.0,0.0,False,False,False,0.0,False,,active,,0,39.17390000424348,0.0,2
timing_fault,0,25200,exact,31,1.0,1.0,0.0,0.0,False,False,False,0.0,False,,active,,0,38.622500011115335,0.0,2
timing_fault,0,25200,exact,32,1.0,1.0,0.0,0.0,False,False,False,0.0,False,,active,,0,21.977299998980016,0.0,2
timing_fault,0,25200,exact,33,1.0,1.0,0.0,0.0,False,False,False,0.0,False,,active,,0,48.42890000145417,0.0,2
timing_fault,0,25200,exact,34,1.0,1.0,0.0,0.0,False,False,False,0.0,False,,active,,0,38.792100007412955,0.0,2
timing_fault,0,25200,exact,35,1.0,1.0,0.0,0.0,False,False,False,0.0,False,,active,,0,33.854499997687526,0.0,2
timing_fault,0,25200,exact,36,1.0,1.0,0.0,0.0,False,False,False,0.0,False,,active,,0,26.8940000096336,0.0,2
timing_fault,0,25200,exact,37,1.0,1.0,0.0,0.0,False,False,False,0.0,False,,active,,0,34.135499998228624,0.0,2
timing_fault,0,25200,exact,38,1.0,1.0,0.0,0.0,False,False,False,0.0,False,,active,,0,32.98699999868404,0.0,2
timing_fault,0,25200,exact,39,1.0,1.0,0.0,0.0,False,False,False,0.0,False,,active,,0,36.26999999687541,0.0,2
timing_fault,0,25200,exact,40,1.0,1.0,0.0,0.0,False,False,False,0.0,False,,active,,0,49.92150000180118,0.0,2
timing_fault,0,25200,exact,41,1.0,1.0,0.0,0.0,False,False,False,0.0,False,,active,,0,41.42639999918174,0.0,2
timing_fault,0,25200,exact,42,1.0,1.0,0.0,0.0,False,False,False,0.0,False,,active,,0,32.0584000000963,0.0,2
timing_fault,0,25200,exact,43,1.0,1.0,0.0,0.0,False,False,False,0.0,False,,active,,0,30.981299991253763,0.0,2
timing_fault,0,25200,exact,44,1.0,1.0,0.0,0.0,False,False,False,0.0,False,,active,,0,42.65949998807628,0.0,2
timing_fault,0,25200,exact,45,1.0,1.0,0.0,0.0,False,False,False,0.0,False,,active,,0,48.0807999992976,0.0,2
timing_fault,0,25200,exact,46,1.0,1.0,0.0,0.0,False,False,False,0.0,False,,active,,0,49.87819999223575,0.0,2
timing_fault,0,25200,exact,47,1.0,1.0,0.0,0.0,False,False,False,0.0,False,,active,,0,41.74089999287389,0.0,2
timing_fault,0,25200,exact,48,1.0,1.0,0.0,0.0,False,False,False,0.0,False,,active,,0,58.1955000088783,0.0,2
timing_fault,0,25200,exact,49,1.0,1.0,0.0,0.0,False,False,False,0.0,False,,active,,0,22.664999996777624,0.0,2
timing_fault,0,25200,exact,50,1.0,1.0,0.0,0.0,False,False,False,0.0,False,,active,,0,21.857100000488572,0.0,2
timing_fault,0,25200,exact,51,1.0,1.0,0.0,0.0,False,False,False,0.0,False,,active,,0,23.13829999184236,0.0,2
timing_fault,0,25200,exact,52,1.0,1.0,0.0,0.0,False,False,False,0.0,False,,active,,0,21.040400009951554,0.0,2
timing_fault,0,25200,exact,53,1.0,1.0,0.0,0.0,False,False,False,0.0,False,,active,,0,26.649499995983206,0.0,2
timing_fault,0,25200,exact,54,1.0,1.0,0.0,0.0,False,False,False,0.0,False,,active,,0,31.399699990288354,0.0,2
timing_fault,0,25200,exact,55,1.0,1.0,0.0,0.0,False,False,False,0.0,False,,active,,0,56.126299998140894,0.0,2
timing_fault,0,25200,exact,56,1.0,1.0,0.0,0.0,False,False,False,0.0,False,,active,,0,36.74440000031609,0.0,2
timing_fault,0,25200,exact,57,1.0,1.0,0.0,0.0,False,False,False,0.0,False,,active,,0,23.29979999922216,0.0,2
timing_fault,0,25200,exact,58,1.0,1.0,0.0,0.0,False,False,False,0.0,False,,active,,0,34.52149999793619,0.0,2
timing_fault,0,25200,exact,59,1.0,1.0,0.0,0.0,False,False,False,0.0,False,,active,,0,36.8224999983795,0.0,2
timing_fault,0,25200,exact,60,1.0,1.0,0.0,0.0,False,False,False,0.0,False,,active,,0,38.132100002258085,0.0,2
timing_fault,0,25200,unaudited,1,1.0,0.5,0.0,0.0017195992089922012,False,False,False,0.0,False,,active,,0,3305.5808000062825,3280.479299995932,4
timing_fault,0,25200,unaudited,2,1.0,0.5,0.0,0.0017195992089922012,False,False,False,0.0,False,,active,,0,31.190800000331365,0.0,2
timing_fault,0,25200,unaudited,3,1.0,0.5,0.0,0.0017195992089922012,False,False,False,0.0,False,,active,,0,30.23360000224784,0.0,2
timing_fault,0,25200,unaudited,4,1.0,0.5,0.0,0.0017195992089922012,False,False,False,0.0,False,,active,,0,23.453899993910454,0.0,2
timing_fault,0,25200,unaudited,5,1.0,0.5,0.0,0.0017195992089922012,False,False,False,0.0,False,,active,,0,17.14419999916572,0.0,2
timing_fault,0,25200,unaudited,6,1.0,0.5,0.0,0.0017195992089922012,False,False,False,0.0,False,,active,,0,18.37099999829661,0.0,2
timing_fault,0,25200,unaudited,7,1.0,0.5,0.0,0.0017195992089922012,False,False,False,0.0,False,,active,,0,15.893599993432872,0.0,2
timing_fault,0,25200,unaudited,8,1.0,0.5,0.0,0.0017195992089922012,False,False,False,0.0,False,,active,,0,16.023999996832572,0.0,2
timing_fault,0,25200,unaudited,9,1.0,0.5,0.0,0.0017195992089922012,False,False,False,0.0,False,,active,,0,17.320599989034235,0.0,2
timing_fault,0,25200,unaudited,10,1.0,0.5,0.0,0.0017195992089922012,False,False,False,0.0,False,,active,,0,16.010599996661767,0.0,2
timing_fault,0,25200,unaudited,11,1.0,0.5,0.0,0.0017195992089922012,False,False,False,0.0,False,,active,,0,14.52850000350736,0.0,2
timing_fault,0,25200,unaudited,12,1.0,0.5,0.0,0.0017195992089922012,False,False,False,0.0,False,,active,,0,37.8908999991836,0.0,2
timing_fault,0,25200,unaudited,13,1.0,0.5,0.0,0.0017195992089922012,False,False,False,0.0,False,,active,,0,19.455299989203922,0.0,2
timing_fault,0,25200,unaudited,14,1.0,0.5,0.0,0.0017195992089922012,False,False,False,0.0,False,,active,,0,16.696499995305203,0.0,2
timing_fault,0,25200,unaudited,15,1.0,0.5,0.0,0.0017195992089922012,False,False,False,0.0,False,,active,,0,19.930499998736195,0.0,2
timing_fault,0,25200,unaudited,16,1.0,0.5,0.0,0.0017195992089922012,False,False,False,0.0,False,,active,,0,15.653499998734333,0.0,2
timing_fault,0,25200,unaudited,17,1.0,0.5,0.0,0.0017195992089922012,False,False,False,0.0,False,,active,,0,15.687699997215532,0.0,2
timing_fault,0,25200,unaudited,18,1.0,0.5,0.0,0.0017195992089922012,False,False,False,0.0,False,,active,,0,15.013700001873076,0.0,2
timing_fault,0,25200,unaudited,19,1.0,0.5,0.0,0.0017195992089922012,False,False,False,0.0,False,,active,,0,15.899000005447306,0.0,2
timing_fault,0,25200,unaudited,20,1.0,0.5,0.0,0.0017195992089922012,False,False,False,0.0,False,,active,,0,14.86799999838695,0.0,2
timing_fault,0,25200,unaudited,21,1.0,0.5,0.0,0.0017195992089922012,False,False,False,0.0,False,,active,,0,15.244199996232055,0.0,2
timing_fault,0,25200,unaudited,22,1.0,0.5,0.0,0.0017195992089922012,False,False,False,0.0,False,,active,,0,23.459299991372973,0.0,2
timing_fault,0,25200,unaudited,23,1.0,0.5,0.0,0.0017195992089922012,False,False,False,0.0,False,,active,,0,21.959900012006983,0.0,2
timing_fault,0,25200,unaudited,24,1.0,0.5,0.0,0.0017195992089922012,False,False,False,0.0,False,,active,,0,22.778300000936724,0.0,2
timing_fault,0,25200,unaudited,25,1.0,0.5,0.0,0.0017195992089922012,False,False,False,0.0,False,,active,,0,17.319100006716326,0.0,2
timing_fault,0,25200,unaudited,26,1.0,0.5,0.0,0.0017195992089922012,False,False,False,0.0,False,,active,,0,23.38420000160113,0.0,2
timing_fault,0,25200,unaudited,27,1.0,0.5,0.0,0.0017195992089922012,False,False,False,0.0,False,,active,,0,23.366199995507486,0.0,2
timing_fault,0,25200,unaudited,28,1.0,0.5,0.0,0.0017195992089922012,False,False,False,0.0,False,,active,,0,30.09090000705328,0.0,2
timing_fault,0,25200,unaudited,29,1.0,0.5,0.0,0.0017195992089922012,False,False,False,0.0,False,,active,,0,19.425699996645562,0.0,2
timing_fault,0,25200,unaudited,30,1.0,0.5,0.0,0.0017195992089922012,False,False,False,0.0,False,,active,,0,14.692199998535216,0.0,2
timing_fault,0,25200,unaudited,31,1.0,0.5,0.0,0.0017195992089922012,False,False,False,0.0,False,,active,,0,16.226200008532032,0.0,2
timing_fault,0,25200,unaudited,32,1.0,0.5,0.0,0.0017195992089922012,False,False,False,0.0,False,,active,,0,14.647599993622862,0.0,2
timing_fault,0,25200,unaudited,33,1.0,0.5,0.0,0.0017195992089922012,False,False,False,0.0,False,,active,,0,15.71690000128001,0.0,2
timing_fault,0,25200,unaudited,34,1.0,0.5,0.0,0.0017195992089922012,False,False,False,0.0,False,,active,,0,20.867999992333353,0.0,2
timing_fault,0,25200,unaudited,35,1.0,0.5,0.0,0.0017195992089922012,False,False,False,0.0,False,,active,,0,18.490700007532723,0.0,2
timing_fault,0,25200,unaudited,36,1.0,0.5,0.0,0.0017195992089922012,False,False,False,0.0,False,,active,,0,23.39380000194069,0.0,2
timing_fault,0,25200,unaudited,37,1.0,0.5,0.0,0.0017195992089922012,False,False,False,0.0,False,,active,,0,27.784999998402782,0.0,2
timing_fault,0,25200,unaudited,38,1.0,0.5,0.0,0.0017195992089922012,False,False,False,0.0,False,,active,,0,14.767600005143322,0.0,2
timing_fault,0,25200,unaudited,39,1.0,0.5,0.0,0.0017195992089922012,False,False,False,0.0,False,,active,,0,17.535000006319024,0.0,2
timing_fault,0,25200,unaudited,40,1.0,0.5,0.0,0.0017195992089922012,False,False,False,0.0,False,,active,,0,16.48370000475552,0.0,2
timing_fault,0,25200,unaudited,41,1.0,0.5,0.0,0.0017195992089922012,False,False,False,0.0,False,,active,,0,15.318500009016134,0.0,2
timing_fault,0,25200,unaudited,42,1.0,0.5,0.0,0.0017195992089922012,False,False,False,0.0,False,,active,,0,16.400100008468144,0.0,2
timing_fault,0,25200,unaudited,43,1.0,0.5,0.0,0.0017195992089922012,False,False,False,0.0,False,,active,,0,17.257999992580153,0.0,2
timing_fault,0,25200,unaudited,44,1.0,0.5,0.0,0.0017195992089922012,False,False,False,0.0,False,,active,,0,16.69899999978952,0.0,2
timing_fault,0,25200,unaudited,45,1.0,0.5,0.0,0.0017195992089922012,False,False,False,0.0,False,,active,,0,22.25660000112839,0.0,2
timing_fault,0,25200,unaudited,46,1.0,0.5,0.0,0.0017195992089922012,False,False,False,0.0,False,,active,,0,16.70419999572914,0.0,2
timing_fault,0,25200,unaudited,47,1.0,0.5,0.0,0.0017195992089922012,False,False,False,0.0,False,,active,,0,15.445199998794124,0.0,2
timing_fault,0,25200,unaudited,48,1.0,0.5,0.0,0.0017195992089922012,False,False,False,0.0,False,,active,,0,15.715800007455982,0.0,2
timing_fault,0,25200,unaudited,49,1.0,0.5,0.0,0.0017195992089922012,False,False,False,0.0,False,,active,,0,14.968999996199273,0.0,2
timing_fault,0,25200,unaudited,50,1.0,0.5,0.0,0.0017195992089922012,False,False,False,0.0,False,,active,,0,16.293900000164285,0.0,2
timing_fault,0,25200,unaudited,51,1.0,0.5,0.0,0.0017195992089922012,False,False,False,0.0,False,,active,,0,19.288600000436418,0.0,2
timing_fault,0,25200,unaudited,52,1.0,0.5,0.0,0.0017195992089922012,False,False,False,0.0,False,,active,,0,22.596599999815226,0.0,2
timing_fault,0,25200,unaudited,53,1.0,0.5,0.0,0.0017195992089922012,False,False,False,0.0,False,,active,,0,22.522200000821613,0.0,2
timing_fault,0,25200,unaudited,54,1.0,0.5,0.0,0.0017195992089922012,False,False,False,0.0,False,,active,,0,26.513400007388555,0.0,2
timing_fault,0,25200,unaudited,55,1.0,0.5,0.0,0.0017195992089922012,False,False,False,0.0,False,,active,,0,24.424099989118986,0.0,2
timing_fault,0,25200,unaudited,56,1.0,0.5,0.0,0.0017195992089922012,False,False,False,0.0,False,,active,,0,23.23029999388382,0.0,2
timing_fault,0,25200,unaudited,57,1.0,0.5,0.0,0.0017195992089922012,False,False,False,0.0,False,,active,,0,17.19260000390932,0.0,2
timing_fault,0,25200,unaudited,58,1.0,0.5,0.0,0.0017195992089922012,False,False,False,0.0,False,,active,,0,15.035799995530397,0.0,2
timing_fault,0,25200,unaudited,59,1.0,0.5,0.0,0.0017195992089922012,False,False,False,0.0,False,,active,,0,16.366700001526624,0.0,2
timing_fault,0,25200,unaudited,60,1.0,0.5,0.0,0.0017195992089922012,False,False,False,0.0,False,,active,,0,18.374799998127855,0.0,2
timing_fault,0,25200,audited,1,1.0,0.5,0.0,0.0017195992089922012,False,False,True,27.770899992901832,False,,active,0.7213548720690026,0,2712.9827000026125,2654.541700001573,6
timing_fault,0,25200,audited,2,1.0,0.5,0.0,0.0017195992089922012,False,False,False,0.0,False,,active,0.6322746368491352,0,18.7104999931762,0.0,2
timing_fault,0,25200,audited,3,1.0,0.5,0.0,0.0017195992089922012,False,False,False,0.0,False,,active,0.6090816486400068,0,18.010799991316162,0.0,2
timing_fault,0,25200,audited,4,1.0,0.5,0.0,0.0017195992089922012,False,False,False,0.0,False,,active,0.6272326823086689,0,18.563400008133613,0.0,2
timing_fault,0,25200,audited,5,1.0,0.5,0.0,0.0017195992089922012,False,False,False,0.0,False,,active,0.6929245717342675,0,20.486599998548627,0.0,2
timing_fault,0,25200,audited,6,1.0,0.5,0.0,0.0017195992089922012,False,False,False,0.0,False,,active,66.20562313937256,0,19.54610001121182,0.0,2
timing_fault,0,25200,audited,7,1.0,0.5,0.0,0.0017195992089922012,False,False,False,0.0,False,,active,65.17440734326357,0,19.2490000044927,0.0,2
timing_fault,0,25200,audited,8,1.0,1.0,0.0,0.0,False,False,False,28.124300006311387,True,timing_drift,quarantined,160.4598397709753,0,75.35209998604842,0.0,4
timing_fault,0,25200,audited,9,1.0,1.0,0.0,0.0,False,False,False,0.0,True,timing_drift,quarantined,,0,29.3900999968173,0.0,2
timing_fault,0,25200,audited,10,1.0,1.0,0.0,0.0,False,False,False,0.0,True,timing_drift,quarantined,,0,29.75890001107473,0.0,2
timing_fault,0,25200,audited,11,1.0,1.0,0.0,0.0,False,False,False,0.0,True,timing_drift,quarantined,,0,26.192499994067475,0.0,2
timing_fault,0,25200,audited,12,1.0,1.0,0.0,0.0,False,False,False,0.0,True,timing_drift,quarantined,,0,28.957600006833673,0.0,2
timing_fault,0,25200,audited,13,1.0,1.0,0.0,0.0,False,False,False,0.0,True,timing_drift,quarantined,,0,45.56199999933597,0.0,2
timing_fault,0,25200,audited,14,1.0,1.0,0.0,0.0,False,False,False,0.0,True,timing_drift,quarantined,,0,39.605600002687424,0.0,2
timing_fault,0,25200,audited,15,1.0,1.0,0.0,0.0,False,False,False,0.0,True,timing_drift,quarantined,,0,37.542299993219785,0.0,2
timing_fault,0,25200,audited,16,1.0,1.0,0.0,0.0,False,False,False,0.0,True,timing_drift,quarantined,,0,35.349100013263524,0.0,2
timing_fault,0,25200,audited,17,1.0,1.0,0.0,0.0,False,False,False,0.0,True,timing_drift,quarantined,,0,36.424699996132404,0.0,2
timing_fault,0,25200,audited,18,1.0,1.0,0.0,0.0,False,False,False,0.0,True,timing_drift,quarantined,,0,29.184899991378188,0.0,2
timing_fault,0,25200,audited,19,1.0,1.0,0.0,0.0,False,False,False,0.0,True,timing_drift,quarantined,,0,40.343200002098456,0.0,2
timing_fault,0,25200,audited,20,1.0,1.0,0.0,0.0,False,False,False,0.0,True,timing_drift,quarantined,,0,26.67410000867676,0.0,2
timing_fault,0,25200,audited,21,1.0,1.0,0.0,0.0,False,False,False,0.0,True,timing_drift,quarantined,,0,26.1711000057403,0.0,2
timing_fault,0,25200,audited,22,1.0,1.0,0.0,0.0,False,False,False,0.0,True,timing_drift,quarantined,,0,36.87080000236165,0.0,2
timing_fault,0,25200,audited,23,1.0,1.0,0.0,0.0,False,False,False,0.0,True,timing_drift,quarantined,,0,34.537599989562295,0.0,2
timing_fault,0,25200,audited,24,1.0,1.0,0.0,0.0,False,False,False,0.0,True,timing_drift,quarantined,,0,28.459000008297153,0.0,2
timing_fault,0,25200,audited,25,1.0,1.0,0.0,0.0,False,False,False,0.0,True,timing_drift,quarantined,,0,55.80420000478625,0.0,2
timing_fault,0,25200,audited,26,1.0,1.0,0.0,0.0,False,False,False,0.0,True,timing_drift,quarantined,,0,30.77290000510402,0.0,2
timing_fault,0,25200,audited,27,1.0,1.0,0.0,0.0,False,False,False,0.0,True,timing_drift,quarantined,,0,24.266699998406693,0.0,2
timing_fault,0,25200,audited,28,1.0,1.0,0.0,0.0,False,False,False,0.0,True,timing_drift,quarantined,,0,21.658300000126474,0.0,2
timing_fault,0,25200,audited,29,1.0,1.0,0.0,0.0,False,False,False,0.0,True,timing_drift,quarantined,,0,31.057800006237812,0.0,2
timing_fault,0,25200,audited,30,1.0,1.0,0.0,0.0,False,False,False,0.0,True,timing_drift,quarantined,,0,41.584100006730296,0.0,2
timing_fault,0,25200,audited,31,1.0,0.5,0.0,0.0034171774132446464,False,False,True,23.739199998090044,False,,active,0.8823770344603528,1,3307.6396000105888,3258.1271000090055,6
timing_fault,0,25200,audited,32,1.0,0.5,0.0,0.0034171774132446464,False,False,False,0.0,False,,active,0.8760113558628164,1,18.006900005275384,0.0,2
timing_fault,0,25200,audited,33,1.0,0.5,0.0,0.0034171774132446464,False,False,False,0.0,False,,active,0.8900962427262783,1,18.285300000570714,0.0,2
timing_fault,0,25200,audited,34,1.0,0.5,0.0,0.0034171774132446464,False,False,False,0.0,False,,active,0.8813660624350711,1,18.104200004017912,0.0,2
timing_fault,0,25200,audited,35,1.0,0.5,0.0,0.0034171774132446464,False,False,False,0.0,False,,active,0.9119608854111555,1,18.733000004431233,0.0,2
timing_fault,0,25200,audited,36,1.0,0.5,0.0,0.0034171774132446464,False,False,False,0.0,False,,active,0.8248011586449785,1,16.94560000032652,0.0,2
timing_fault,0,25200,audited,37,1.0,0.5,0.0,0.0034171774132446464,False,False,False,0.0,False,,active,0.8644837947120302,1,17.754299988155253,0.0,2
timing_fault,0,25200,audited,38,1.0,0.5,0.0,0.0034171774132446464,False,False,False,0.0,False,,active,0.9730035589407974,1,19.97569999366533,0.0,2
timing_fault,0,25200,audited,39,1.0,0.5,0.0,0.0034171774132446464,False,False,False,0.0,False,,active,1.0233907104499034,1,21.01119999133516,0.0,2
timing_fault,0,25200,audited,40,1.0,0.5,0.0,0.0034171774132446464,False,False,True,24.010299996007234,False,,active,0.927588986275706,1,43.0668000044534,0.0,4
timing_fault,0,25200,audited,41,1.0,0.5,0.0,0.0034171774132446464,False,False,False,0.0,False,,active,0.8837029288010451,1,18.169499991927296,0.0,2
timing_fault,0,25200,audited,42,1.0,0.5,0.0,0.0034171774132446464,False,False,False,0.0,False,,active,0.9286520892700761,1,19.07779999601189,0.0,2
timing_fault,0,25200,audited,43,1.0,0.5,0.0,0.0034171774132446464,False,False,False,0.0,False,,active,1.6615365018103752,1,34.09160001319833,0.0,2
timing_fault,0,25200,audited,44,1.0,0.5,0.0,0.0034171774132446464,False,False,False,0.0,False,,active,1.3065777648929626,1,26.801100000739098,0.0,2
timing_fault,0,25200,audited,45,1.0,0.5,0.0,0.0034171774132446464,False,False,False,0.0,False,,active,1.5549616772498733,1,32.0044000109192,0.0,2
timing_fault,0,25200,audited,46,1.0,0.5,0.0,0.0034171774132446464,False,False,False,0.0,False,,active,1.2942418532795446,1,26.634000008925796,0.0,2
timing_fault,0,25200,audited,47,1.0,0.5,0.0,0.0034171774132446464,False,False,False,0.0,False,,active,1.1307248941902537,1,23.208300000987947,0.0,2
timing_fault,0,25200,audited,48,1.0,0.5,0.0,0.0034171774132446464,False,False,False,0.0,False,,active,1.0966713130273966,1,22.54430000903085,0.0,2
timing_fault,0,25200,audited,49,1.0,0.5,0.0,0.0034171774132446464,False,False,False,0.0,False,,active,0.8696523365484431,1,18.067500001052395,0.0,2
timing_fault,0,25200,audited,50,1.0,0.5,0.0,0.0034171774132446464,False,False,True,26.06159998686053,False,,active,0.9897780472675382,1,46.3923000061186,0.0,4
timing_fault,0,25200,audited,51,1.0,0.5,0.0,0.0034171774132446464,False,False,False,0.0,False,,active,1.040655106614096,1,21.396100011770613,0.0,2
timing_fault,0,25200,audited,52,1.0,0.5,0.0,0.0034171774132446464,False,False,False,0.0,False,,active,1.0142735011634427,1,20.83560000755824,0.0,2
timing_fault,0,25200,audited,53,1.0,0.5,0.0,0.0034171774132446464,False,False,False,0.0,False,,active,0.9758107387698447,1,20.0374000123702,0.0,2
timing_fault,0,25200,audited,54,1.0,0.5,0.0,0.0034171774132446464,False,False,False,0.0,False,,active,0.9517855961982787,1,19.553199992515147,0.0,2
timing_fault,0,25200,audited,55,1.0,0.5,0.0,0.0034171774132446464,False,False,False,0.0,False,,active,0.8862700527702773,1,18.213100003777072,0.0,2
timing_fault,0,25200,audited,56,1.0,0.5,0.0,0.0034171774132446464,False,False,False,0.0,False,,active,0.9023145752610163,1,18.561000004410744,0.0,2
timing_fault,0,25200,audited,57,1.0,0.5,0.0,0.0034171774132446464,False,False,False,0.0,False,,active,1.073694576065366,1,22.06319999822881,0.0,2
timing_fault,0,25200,audited,58,1.0,0.5,0.0,0.0034171774132446464,False,False,False,0.0,False,,active,0.9861429211756574,1,20.249200009857304,0.0,2
timing_fault,0,25200,audited,59,1.0,0.5,0.0,0.0034171774132446464,False,False,False,0.0,False,,active,1.0743853481622294,1,22.07420000922866,0.0,2
timing_fault,0,25200,audited,60,1.0,0.5,0.0,0.0034171774132446464,False,False,True,28.11039998778142,False,,active,1.0862999375953575,1,50.415899997460656,0.0,4
timing_fault,1,25201,unaudited,1,1.0,0.5,0.0,0.06428410403261488,False,False,False,0.0,False,,active,,0,3197.181100011221,3170.7239000097616,4
timing_fault,1,25201,unaudited,2,1.0,0.5,0.0,0.06428410403261488,False,False,False,0.0,False,,active,,0,16.092799996840768,0.0,2
timing_fault,1,25201,unaudited,3,1.0,0.5,0.0,0.06428410403261488,False,False,False,0.0,False,,active,,0,16.56820000789594,0.0,2
timing_fault,1,25201,unaudited,4,1.0,0.5,0.0,0.06428410403261488,False,False,False,0.0,False,,active,,0,15.527799987467006,0.0,2
timing_fault,1,25201,unaudited,5,1.0,0.5,0.0,0.06428410403261488,False,False,False,0.0,False,,active,,0,17.303300002822652,0.0,2
timing_fault,1,25201,unaudited,6,1.0,0.5,0.0,0.06428410403261488,False,False,False,0.0,False,,active,,0,15.842300010262989,0.0,2
timing_fault,1,25201,unaudited,7,1.0,0.5,0.0,0.06428410403261488,False,False,False,0.0,False,,active,,0,15.731200008303858,0.0,2
timing_fault,1,25201,unaudited,8,1.0,0.5,0.0,0.06428410403261488,False,False,False,0.0,False,,active,,0,15.134500004933216,0.0,2
timing_fault,1,25201,unaudited,9,1.0,0.5,0.0,0.06428410403261488,False,False,False,0.0,False,,active,,0,15.94440000189934,0.0,2
timing_fault,1,25201,unaudited,10,1.0,0.5,0.0,0.06428410403261488,False,False,False,0.0,False,,active,,0,17.39090000046417,0.0,2
timing_fault,1,25201,unaudited,11,1.0,0.5,0.0,0.06428410403261488,False,False,False,0.0,False,,active,,0,16.155300007085316,0.0,2
timing_fault,1,25201,unaudited,12,1.0,0.5,0.0,0.06428410403261488,False,False,False,0.0,False,,active,,0,15.35459999286104,0.0,2
timing_fault,1,25201,unaudited,13,1.0,0.5,0.0,0.06428410403261488,False,False,False,0.0,False,,active,,0,15.847499991650693,0.0,2
timing_fault,1,25201,unaudited,14,1.0,0.5,0.0,0.06428410403261488,False,False,False,0.0,False,,active,,0,16.829200001666322,0.0,2
timing_fault,1,25201,unaudited,15,1.0,0.5,0.0,0.06428410403261488,False,False,False,0.0,False,,active,,0,16.226100007770583,0.0,2
timing_fault,1,25201,unaudited,16,1.0,0.5,0.0,0.06428410403261488,False,False,False,0.0,False,,active,,0,18.1287000013981,0.0,2
timing_fault,1,25201,unaudited,17,1.0,0.5,0.0,0.06428410403261488,False,False,False,0.0,False,,active,,0,18.839399999706075,0.0,2
timing_fault,1,25201,unaudited,18,1.0,0.5,0.0,0.06428410403261488,False,False,False,0.0,False,,active,,0,18.315099994651973,0.0,2
timing_fault,1,25201,unaudited,19,1.0,0.5,0.0,0.06428410403261488,False,False,False,0.0,False,,active,,0,20.382699993206188,0.0,2
timing_fault,1,25201,unaudited,20,1.0,0.5,0.0,0.06428410403261488,False,False,False,0.0,False,,active,,0,16.278300012345426,0.0,2
timing_fault,1,25201,unaudited,21,1.0,0.5,0.0,0.06428410403261488,False,False,False,0.0,False,,active,,0,15.809999997145496,0.0,2
timing_fault,1,25201,unaudited,22,1.0,0.5,0.0,0.06428410403261488,False,False,False,0.0,False,,active,,0,14.961199995013885,0.0,2
timing_fault,1,25201,unaudited,23,1.0,0.5,0.0,0.06428410403261488,False,False,False,0.0,False,,active,,0,15.470800004550256,0.0,2
timing_fault,1,25201,unaudited,24,1.0,0.5,0.0,0.06428410403261488,False,False,False,0.0,False,,active,,0,17.64089999778662,0.0,2
timing_fault,1,25201,unaudited,25,1.0,0.5,0.0,0.06428410403261488,False,False,False,0.0,False,,active,,0,19.163500008289702,0.0,2
timing_fault,1,25201,unaudited,26,1.0,0.5,0.0,0.06428410403261488,False,False,False,0.0,False,,active,,0,17.406900005880743,0.0,2
timing_fault,1,25201,unaudited,27,1.0,0.5,0.0,0.06428410403261488,False,False,False,0.0,False,,active,,0,16.855000008945353,0.0,2
timing_fault,1,25201,unaudited,28,1.0,0.5,0.0,0.06428410403261488,False,False,False,0.0,False,,active,,0,16.930400001001544,0.0,2
timing_fault,1,25201,unaudited,29,1.0,0.5,0.0,0.06428410403261488,False,False,False,0.0,False,,active,,0,24.88219999941066,0.0,2
timing_fault,1,25201,unaudited,30,1.0,0.5,0.0,0.06428410403261488,False,False,False,0.0,False,,active,,0,23.773299995809793,0.0,2
timing_fault,1,25201,unaudited,31,1.0,0.5,0.0,0.06428410403261488,False,False,False,0.0,False,,active,,0,29.190299988840707,0.0,2
timing_fault,1,25201,unaudited,32,1.0,0.5,0.0,0.06428410403261488,False,False,False,0.0,False,,active,,0,30.039900011615828,0.0,2
timing_fault,1,25201,unaudited,33,1.0,0.5,0.0,0.06428410403261488,False,False,False,0.0,False,,active,,0,33.26979999837931,0.0,2
timing_fault,1,25201,unaudited,34,1.0,0.5,0.0,0.06428410403261488,False,False,False,0.0,False,,active,,0,25.0990000058664,0.0,2
timing_fault,1,25201,unaudited,35,1.0,0.5,0.0,0.06428410403261488,False,False,False,0.0,False,,active,,0,21.97869999508839,0.0,2
timing_fault,1,25201,unaudited,36,1.0,0.5,0.0,0.06428410403261488,False,False,False,0.0,False,,active,,0,28.841499995905906,0.0,2
timing_fault,1,25201,unaudited,37,1.0,0.5,0.0,0.06428410403261488,False,False,False,0.0,False,,active,,0,23.434200003976002,0.0,2
timing_fault,1,25201,unaudited,38,1.0,0.5,0.0,0.06428410403261488,False,False,False,0.0,False,,active,,0,16.489799992996268,0.0,2
timing_fault,1,25201,unaudited,39,1.0,0.5,0.0,0.06428410403261488,False,False,False,0.0,False,,active,,0,18.829400010872632,0.0,2
timing_fault,1,25201,unaudited,40,1.0,0.5,0.0,0.06428410403261488,False,False,False,0.0,False,,active,,0,16.053500003181398,0.0,2
timing_fault,1,25201,unaudited,41,1.0,0.5,0.0,0.06428410403261488,False,False,False,0.0,False,,active,,0,16.722599990316667,0.0,2
timing_fault,1,25201,unaudited,42,1.0,0.5,0.0,0.06428410403261488,False,False,False,0.0,False,,active,,0,21.48910000687465,0.0,2
timing_fault,1,25201,unaudited,43,1.0,0.5,0.0,0.06428410403261488,False,False,False,0.0,False,,active,,0,15.391199995065108,0.0,2
timing_fault,1,25201,unaudited,44,1.0,0.5,0.0,0.06428410403261488,False,False,False,0.0,False,,active,,0,17.34510000096634,0.0,2
timing_fault,1,25201,unaudited,45,1.0,0.5,0.0,0.06428410403261488,False,False,False,0.0,False,,active,,0,16.052299994044006,0.0,2
timing_fault,1,25201,unaudited,46,1.0,0.5,0.0,0.06428410403261488,False,False,False,0.0,False,,active,,0,16.707799994037487,0.0,2
timing_fault,1,25201,unaudited,47,1.0,0.5,0.0,0.06428410403261488,False,False,False,0.0,False,,active,,0,15.634200011845678,0.0,2
timing_fault,1,25201,unaudited,48,1.0,0.5,0.0,0.06428410403261488,False,False,False,0.0,False,,active,,0,15.928599998005666,0.0,2
timing_fault,1,25201,unaudited,49,1.0,0.5,0.0,0.06428410403261488,False,False,False,0.0,False,,active,,0,16.937100008362904,0.0,2
timing_fault,1,25201,unaudited,50,1.0,0.5,0.0,0.06428410403261488,False,False,False,0.0,False,,active,,0,16.066800002590753,0.0,2
timing_fault,1,25201,unaudited,51,1.0,0.5,0.0,0.06428410403261488,False,False,False,0.0,False,,active,,0,25.49669999280013,0.0,2
timing_fault,1,25201,unaudited,52,1.0,0.5,0.0,0.06428410403261488,False,False,False,0.0,False,,active,,0,29.34809999715071,0.0,2
timing_fault,1,25201,unaudited,53,1.0,0.5,0.0,0.06428410403261488,False,False,False,0.0,False,,active,,0,16.539600008400157,0.0,2
timing_fault,1,25201,unaudited,54,1.0,0.5,0.0,0.06428410403261488,False,False,False,0.0,False,,active,,0,21.10790000006091,0.0,2
timing_fault,1,25201,unaudited,55,1.0,0.5,0.0,0.06428410403261488,False,False,False,0.0,False,,active,,0,18.102700007148087,0.0,2
timing_fault,1,25201,unaudited,56,1.0,0.5,0.0,0.06428410403261488,False,False,False,0.0,False,,active,,0,17.6041999948211,0.0,2
timing_fault,1,25201,unaudited,57,1.0,0.5,0.0,0.06428410403261488,False,False,False,0.0,False,,active,,0,29.1060000017751,0.0,2
timing_fault,1,25201,unaudited,58,1.0,0.5,0.0,0.06428410403261488,False,False,False,0.0,False,,active,,0,34.08500000659842,0.0,2
timing_fault,1,25201,unaudited,59,1.0,0.5,0.0,0.06428410403261488,False,False,False,0.0,False,,active,,0,37.66419999010395,0.0,2
timing_fault,1,25201,unaudited,60,1.0,0.5,0.0,0.06428410403261488,False,False,False,0.0,False,,active,,0,29.709800001000986,0.0,2
timing_fault,1,25201,exact,1,1.0,1.0,0.0,0.0,False,False,False,0.0,False,,active,,0,32.30530000291765,0.0,2
timing_fault,1,25201,exact,2,1.0,1.0,0.0,0.0,False,False,False,0.0,False,,active,,0,36.41050000442192,0.0,2
timing_fault,1,25201,exact,3,1.0,1.0,0.0,0.0,False,False,False,0.0,False,,active,,0,25.41940000082832,0.0,2
timing_fault,1,25201,exact,4,1.0,1.0,0.0,0.0,False,False,False,0.0,False,,active,,0,23.478600007365458,0.0,2
timing_fault,1,25201,exact,5,1.0,1.0,0.0,0.0,False,False,False,0.0,False,,active,,0,25.112999996053986,0.0,2
timing_fault,1,25201,exact,6,1.0,1.0,0.0,0.0,False,False,False,0.0,False,,active,,0,25.741500008734874,0.0,2
timing_fault,1,25201,exact,7,1.0,1.0,0.0,0.0,False,False,False,0.0,False,,active,,0,28.988999998546205,0.0,2
timing_fault,1,25201,exact,8,1.0,1.0,0.0,0.0,False,False,False,0.0,False,,active,,0,26.022799997008406,0.0,2
timing_fault,1,25201,exact,9,1.0,1.0,0.0,0.0,False,False,False,0.0,False,,active,,0,32.68959998968057,0.0,2
timing_fault,1,25201,exact,10,1.0,1.0,0.0,0.0,False,False,False,0.0,False,,active,,0,46.34860000805929,0.0,2
timing_fault,1,25201,exact,11,1.0,1.0,0.0,0.0,False,False,False,0.0,False,,active,,0,45.90670000470709,0.0,2
timing_fault,1,25201,exact,12,1.0,1.0,0.0,0.0,False,False,False,0.0,False,,active,,0,32.4897999962559,0.0,2
timing_fault,1,25201,exact,13,1.0,1.0,0.0,0.0,False,False,False,0.0,False,,active,,0,21.643400003085844,0.0,2
timing_fault,1,25201,exact,14,1.0,1.0,0.0,0.0,False,False,False,0.0,False,,active,,0,33.742700004950166,0.0,2
timing_fault,1,25201,exact,15,1.0,1.0,0.0,0.0,False,False,False,0.0,False,,active,,0,37.42649999912828,0.0,2
timing_fault,1,25201,exact,16,1.0,1.0,0.0,0.0,False,False,False,0.0,False,,active,,0,40.55030000745319,0.0,2
timing_fault,1,25201,exact,17,1.0,1.0,0.0,0.0,False,False,False,0.0,False,,active,,0,32.613799994578585,0.0,2
timing_fault,1,25201,exact,18,1.0,1.0,0.0,0.0,False,False,False,0.0,False,,active,,0,24.64200000395067,0.0,2
timing_fault,1,25201,exact,19,1.0,1.0,0.0,0.0,False,False,False,0.0,False,,active,,0,24.546100001316518,0.0,2
timing_fault,1,25201,exact,20,1.0,1.0,0.0,0.0,False,False,False,0.0,False,,active,,0,24.39770000637509,0.0,2
timing_fault,1,25201,exact,21,1.0,1.0,0.0,0.0,False,False,False,0.0,False,,active,,0,23.96630001021549,0.0,2
timing_fault,1,25201,exact,22,1.0,1.0,0.0,0.0,False,False,False,0.0,False,,active,,0,24.926700003561564,0.0,2
timing_fault,1,25201,exact,23,1.0,1.0,0.0,0.0,False,False,False,0.0,False,,active,,0,24.517800004105084,0.0,2
timing_fault,1,25201,exact,24,1.0,1.0,0.0,0.0,False,False,False,0.0,False,,active,,0,23.956499993801117,0.0,2
timing_fault,1,25201,exact,25,1.0,1.0,0.0,0.0,False,False,False,0.0,False,,active,,0,26.88049999414943,0.0,2
timing_fault,1,25201,exact,26,1.0,1.0,0.0,0.0,False,False,False,0.0,False,,active,,0,35.42480000760406,0.0,2
timing_fault,1,25201,exact,27,1.0,1.0,0.0,0.0,False,False,False,0.0,False,,active,,0,34.94089999003336,0.0,2
timing_fault,1,25201,exact,28,1.0,1.0,0.0,0.0,False,False,False,0.0,False,,active,,0,42.03810000035446,0.0,2
timing_fault,1,25201,exact,29,1.0,1.0,0.0,0.0,False,False,False,0.0,False,,active,,0,43.445999996038154,0.0,2
timing_fault,1,25201,exact,30,1.0,1.0,0.0,0.0,False,False,False,0.0,False,,active,,0,41.04870000446681,0.0,2
timing_fault,1,25201,exact,31,1.0,1.0,0.0,0.0,False,False,False,0.0,False,,active,,0,43.06499999074731,0.0,2
timing_fault,1,25201,exact,32,1.0,1.0,0.0,0.0,False,False,False,0.0,False,,active,,0,25.974500007578172,0.0,2
timing_fault,1,25201,exact,33,1.0,1.0,0.0,0.0,False,False,False,0.0,False,,active,,0,29.233599998406135,0.0,2
timing_fault,1,25201,exact,34,1.0,1.0,0.0,0.0,False,False,False,0.0,False,,active,,0,27.442600010544993,0.0,2
timing_fault,1,25201,exact,35,1.0,1.0,0.0,0.0,False,False,False,0.0,False,,active,,0,30.798399995546788,0.0,2
timing_fault,1,25201,exact,36,1.0,1.0,0.0,0.0,False,False,False,0.0,False,,active,,0,24.200900006690063,0.0,2
timing_fault,1,25201,exact,37,1.0,1.0,0.0,0.0,False,False,False,0.0,False,,active,,0,23.946100001921877,0.0,2
timing_fault,1,25201,exact,38,1.0,1.0,0.0,0.0,False,False,False,0.0,False,,active,,0,22.127599993837066,0.0,2
timing_fault,1,25201,exact,39,1.0,1.0,0.0,0.0,False,False,False,0.0,False,,active,,0,25.53490000718739,0.0,2
timing_fault,1,25201,exact,40,1.0,1.0,0.0,0.0,False,False,False,0.0,False,,active,,0,23.426799991284497,0.0,2
timing_fault,1,25201,exact,41,1.0,1.0,0.0,0.0,False,False,False,0.0,False,,active,,0,46.14370000490453,0.0,2
timing_fault,1,25201,exact,42,1.0,1.0,0.0,0.0,False,False,False,0.0,False,,active,,0,44.413099996745586,0.0,2
timing_fault,1,25201,exact,43,1.0,1.0,0.0,0.0,False,False,False,0.0,False,,active,,0,38.807799995993264,0.0,2
timing_fault,1,25201,exact,44,1.0,1.0,0.0,0.0,False,False,False,0.0,False,,active,,0,34.780700007104315,0.0,2
timing_fault,1,25201,exact,45,1.0,1.0,0.0,0.0,False,False,False,0.0,False,,active,,0,24.44439999817405,0.0,2
timing_fault,1,25201,exact,46,1.0,1.0,0.0,0.0,False,False,False,0.0,False,,active,,0,25.59099999780301,0.0,2
timing_fault,1,25201,exact,47,1.0,1.0,0.0,0.0,False,False,False,0.0,False,,active,,0,26.231399999232963,0.0,2
timing_fault,1,25201,exact,48,1.0,1.0,0.0,0.0,False,False,False,0.0,False,,active,,0,26.204799985862337,0.0,2
timing_fault,1,25201,exact,49,1.0,1.0,0.0,0.0,False,False,False,0.0,False,,active,,0,26.306300002033822,0.0,2
timing_fault,1,25201,exact,50,1.0,1.0,0.0,0.0,False,False,False,0.0,False,,active,,0,33.56969999731518,0.0,2
timing_fault,1,25201,exact,51,1.0,1.0,0.0,0.0,False,False,False,0.0,False,,active,,0,30.902700003935024,0.0,2
timing_fault,1,25201,exact,52,1.0,1.0,0.0,0.0,False,False,False,0.0,False,,active,,0,23.951800001668744,0.0,2
timing_fault,1,25201,exact,53,1.0,1.0,0.0,0.0,False,False,False,0.0,False,,active,,0,28.432200007955544,0.0,2
timing_fault,1,25201,exact,54,1.0,1.0,0.0,0.0,False,False,False,0.0,False,,active,,0,29.961500011268072,0.0,2
timing_fault,1,25201,exact,55,1.0,1.0,0.0,0.0,False,False,False,0.0,False,,active,,0,23.441299999831244,0.0,2
timing_fault,1,25201,exact,56,1.0,1.0,0.0,0.0,False,False,False,0.0,False,,active,,0,35.84140000748448,0.0,2
timing_fault,1,25201,exact,57,1.0,1.0,0.0,0.0,False,False,False,0.0,False,,active,,0,37.23739999986719,0.0,2
timing_fault,1,25201,exact,58,1.0,1.0,0.0,0.0,False,False,False,0.0,False,,active,,0,24.38570000231266,0.0,2
timing_fault,1,25201,exact,59,1.0,1.0,0.0,0.0,False,False,False,0.0,False,,active,,0,21.280899993143976,0.0,2
timing_fault,1,25201,exact,60,1.0,1.0,0.0,0.0,False,False,False,0.0,False,,active,,0,22.61430000362452,0.0,2
timing_fault,1,25201,audited,1,1.0,0.5,0.0,0.06428410403261488,False,False,True,49.767200005589984,False,,active,1.0859305902044143,0,2615.892100002384,2520.0080999929924,6
timing_fault,1,25201,audited,2,1.0,0.5,0.0,0.06428410403261488,False,False,False,0.0,False,,active,0.8792860863647004,0,26.008300003013574,0.0,2
timing_fault,1,25201,audited,3,1.0,0.5,0.0,0.06428410403261488,False,False,False,0.0,False,,active,0.5774399821540952,0,17.078299992135726,0.0,2
timing_fault,1,25201,audited,4,1.0,0.5,0.0,0.06428410403261488,False,False,False,0.0,False,,active,0.9953736664983192,0,29.409100010525435,0.0,2
timing_fault,1,25201,audited,5,1.0,0.5,0.0,0.06428410403261488,False,False,False,0.0,False,,active,1.0913854132392369,0,32.25109999766573,0.0,2
timing_fault,1,25201,audited,6,1.0,0.5,0.0,0.06428410403261488,False,False,False,0.0,False,,active,149.25137208416206,0,44.2147000139812,0.0,2
timing_fault,1,25201,audited,7,1.0,0.5,0.0,0.06428410403261488,False,False,False,0.0,False,,active,104.00426520594505,0,30.779000007896684,0.0,2
timing_fault,1,25201,audited,8,1.0,1.0,0.0,0.0,False,False,False,30.611400012276135,True,timing_drift,quarantined,71.96775874971215,0,51.87799999839626,0.0,4
timing_fault,1,25201,audited,9,1.0,1.0,0.0,0.0,False,False,False,0.0,True,timing_drift,quarantined,,0,38.37300000304822,0.0,2
timing_fault,1,25201,audited,10,1.0,1.0,0.0,0.0,False,False,False,0.0,True,timing_drift,quarantined,,0,36.131200002273545,0.0,2
timing_fault,1,25201,audited,11,1.0,1.0,0.0,0.0,False,False,False,0.0,True,timing_drift,quarantined,,0,37.122200010344386,0.0,2
timing_fault,1,25201,audited,12,1.0,1.0,0.0,0.0,False,False,False,0.0,True,timing_drift,quarantined,,0,24.371199993765913,0.0,2
timing_fault,1,25201,audited,13,1.0,1.0,0.0,0.0,False,False,False,0.0,True,timing_drift,quarantined,,0,23.15759999328293,0.0,2
timing_fault,1,25201,audited,14,1.0,1.0,0.0,0.0,False,False,False,0.0,True,timing_drift,quarantined,,0,22.706599993398413,0.0,2
timing_fault,1,25201,audited,15,1.0,1.0,0.0,0.0,False,False,False,0.0,True,timing_drift,quarantined,,0,22.51300000352785,0.0,2
timing_fault,1,25201,audited,16,1.0,1.0,0.0,0.0,False,False,False,0.0,True,timing_drift,quarantined,,0,25.20780000486411,0.0,2
timing_fault,1,25201,audited,17,1.0,1.0,0.0,0.0,False,False,False,0.0,True,timing_drift,quarantined,,0,27.93999999994412,0.0,2
timing_fault,1,25201,audited,18,1.0,1.0,0.0,0.0,False,False,False,0.0,True,timing_drift,quarantined,,0,22.637600006419234,0.0,2
timing_fault,1,25201,audited,19,1.0,1.0,0.0,0.0,False,False,False,0.0,True,timing_drift,quarantined,,0,27.829400001792237,0.0,2
timing_fault,1,25201,audited,20,1.0,1.0,0.0,0.0,False,False,False,0.0,True,timing_drift,quarantined,,0,34.26169999875128,0.0,2
timing_fault,1,25201,audited,21,1.0,1.0,0.0,0.0,False,False,False,0.0,True,timing_drift,quarantined,,0,32.549900002777576,0.0,2
timing_fault,1,25201,audited,22,1.0,1.0,0.0,0.0,False,False,False,0.0,True,timing_drift,quarantined,,0,43.03339999751188,0.0,2
timing_fault,1,25201,audited,23,1.0,1.0,0.0,0.0,False,False,False,0.0,True,timing_drift,quarantined,,0,36.15819998958614,0.0,2
timing_fault,1,25201,audited,24,1.0,1.0,0.0,0.0,False,False,False,0.0,True,timing_drift,quarantined,,0,31.09829999448266,0.0,2
timing_fault,1,25201,audited,25,1.0,1.0,0.0,0.0,False,False,False,0.0,True,timing_drift,quarantined,,0,27.68320000905078,0.0,2
timing_fault,1,25201,audited,26,1.0,1.0,0.0,0.0,False,False,False,0.0,True,timing_drift,quarantined,,0,31.188399996608496,0.0,2
timing_fault,1,25201,audited,27,1.0,1.0,0.0,0.0,False,False,False,0.0,True,timing_drift,quarantined,,0,46.05860001174733,0.0,2
timing_fault,1,25201,audited,28,1.0,1.0,0.0,0.0,False,False,False,0.0,True,timing_drift,quarantined,,0,25.79379999951925,0.0,2
timing_fault,1,25201,audited,29,1.0,1.0,0.0,0.0,False,False,False,0.0,True,timing_drift,quarantined,,0,25.645999994594604,0.0,2
timing_fault,1,25201,audited,30,1.0,1.0,0.0,0.0,False,False,False,0.0,True,timing_drift,quarantined,,0,22.255599993513897,0.0,2
timing_fault,1,25201,audited,31,1.0,0.5,0.0,0.021443924640846556,False,False,True,21.343600004911423,False,,active,0.9012221244922004,1,3789.003700003377,3741.3249999954132,6
timing_fault,1,25201,audited,32,1.0,0.5,0.0,0.021443924640846556,False,False,False,0.0,False,,active,0.874339976094168,1,16.332500003045425,0.0,2
timing_fault,1,25201,audited,33,1.0,0.5,0.0,0.021443924640846556,False,False,False,0.0,False,,active,0.8925659489930177,1,16.668500000378117,0.0,2
timing_fault,1,25201,audited,34,1.0,0.5,0.0,0.021443924640846556,False,False,False,0.0,False,,active,1.2832680611373322,1,23.946300003444776,0.0,2
timing_fault,1,25201,audited,35,1.0,0.5,0.0,0.021443924640846556,False,False,False,0.0,False,,active,0.8393165661821349,1,15.689399995608255,0.0,2
timing_fault,1,25201,audited,36,1.0,0.5,0.0,0.021443924640846556,False,False,False,0.0,False,,active,0.9660574279647082,1,18.024799996055663,0.0,2
timing_fault,1,25201,audited,37,1.0,0.5,0.0,0.021443924640846556,False,False,False,0.0,False,,active,0.8600653893158122,1,16.08039998973254,0.0,2
timing_fault,1,25201,audited,38,1.0,0.5,0.0,0.021443924640846556,False,False,False,0.0,False,,active,1.089968167782986,1,20.332400003098883,0.0,2
timing_fault,1,25201,audited,39,1.0,0.5,0.0,0.021443924640846556,False,False,False,0.0,False,,active,1.3856375460252823,1,25.833599996985868,0.0,2
timing_fault,1,25201,audited,40,1.0,0.5,0.0,0.021443924640846556,False,False,True,37.94290000223555,False,,active,3.3256821287094285,1,99.79750000638887,0.0,4
timing_fault,1,25201,audited,41,1.0,0.5,0.0,0.021443924640846556,False,False,False,0.0,False,,active,2.166615905313366,1,40.35340000700671,0.0,2
timing_fault,1,25201,audited,42,1.0,0.5,0.0,0.021443924640846556,False,False,False,0.0,False,,active,1.9598284685848086,1,36.58770000038203,0.0,2
timing_fault,1,25201,audited,43,1.0,0.5,0.0,0.021443924640846556,False,False,False,0.0,False,,active,1.7986841303105452,1,33.6064000002807,0.0,2
timing_fault,1,25201,audited,44,1.0,0.5,0.0,0.021443924640846556,False,False,False,0.0,False,,active,1.5788350159927729,1,29.487399995559826,0.0,2
timing_fault,1,25201,audited,45,1.0,0.5,0.0,0.021443924640846556,False,False,False,0.0,False,,active,1.5524475158361917,1,28.989799990085885,0.0,2
timing_fault,1,25201,audited,46,1.0,0.5,0.0,0.021443924640846556,False,False,False,0.0,False,,active,1.6498359892047851,1,30.78859999368433,0.0,2
timing_fault,1,25201,audited,47,1.0,0.5,0.0,0.021443924640846556,False,False,False,0.0,False,,active,1.5636332279868606,1,29.18630000203848,0.0,2
timing_fault,1,25201,audited,48,1.0,0.5,0.0,0.021443924640846556,False,False,False,0.0,False,,active,0.9430930255412201,1,17.63309999660123,0.0,2
timing_fault,1,25201,audited,49,1.0,0.5,0.0,0.021443924640846556,False,False,False,0.0,False,,active,0.8818707907931926,1,16.460800005006604,0.0,2
timing_fault,1,25201,audited,50,1.0,0.5,0.0,0.021443924640846556,False,False,True,20.542800004477613,False,,active,0.9049214443659614,1,37.440100000821985,0.0,4
timing_fault,1,25201,audited,51,1.0,0.5,0.0,0.021443924640846556,False,False,False,0.0,False,,active,0.8725286996059205,1,16.296699992381036,0.0,2
timing_fault,1,25201,audited,52,1.0,0.5,0.0,0.021443924640846556,False,False,False,0.0,False,,active,0.8242549375685363,1,15.39250000496395,0.0,2
timing_fault,1,25201,audited,53,1.0,0.5,0.0,0.021443924640846556,False,False,False,0.0,False,,active,0.7345104837775394,1,13.721900002565235,0.0,2
timing_fault,1,25201,audited,54,1.0,0.5,0.0,0.021443924640846556,False,False,False,0.0,False,,active,0.8327614694233908,1,15.544499998213723,0.0,2
timing_fault,1,25201,audited,55,1.0,0.5,0.0,0.021443924640846556,False,False,False,0.0,False,,active,1.152936991637864,1,21.487299993168563,0.0,2
timing_fault,1,25201,audited,56,1.0,0.5,0.0,0.021443924640846556,False,False,False,0.0,False,,active,1.1844240981537812,1,22.07230000931304,0.0,2
timing_fault,1,25201,audited,57,1.0,0.5,0.0,0.021443924640846556,False,False,False,0.0,False,,active,1.4247309368977885,1,26.552800001809373,0.0,2
timing_fault,1,25201,audited,58,1.0,0.5,0.0,0.021443924640846556,False,False,False,0.0,False,,active,1.7572781267227802,1,32.80620000441559,0.0,2
timing_fault,1,25201,audited,59,1.0,0.5,0.0,0.021443924640846556,False,False,False,0.0,False,,active,1.6193407720822723,1,30.253299992182292,0.0,2
timing_fault,1,25201,audited,60,1.0,0.5,0.0,0.021443924640846556,False,False,True,38.67520000494551,False,,active,1.5834656313846978,1,68.22879999526776,0.0,4
timing_fault,2,25202,audited,1,1.0,0.5,0.0,0.033344024373477624,False,False,True,30.92599999217782,False,,active,1.1936097160404004,0,4114.643200009596,4032.977499999106,6
timing_fault,2,25202,audited,2,1.0,0.5,0.0,0.033344024373477624,False,False,False,0.0,False,,active,0.8037453537115291,0,23.77110000816174,0.0,2
timing_fault,2,25202,audited,3,1.0,0.5,0.0,0.033344024373477624,False,False,False,0.0,False,,active,0.5642082594762287,0,16.663999995216727,0.0,2
timing_fault,2,25202,audited,4,1.0,0.5,0.0,0.033344024373477624,False,False,False,0.0,False,,active,0.534450512192124,0,15.788799995789304,0.0,2
timing_fault,2,25202,audited,5,1.0,0.5,0.0,0.033344024373477624,False,False,False,0.0,False,,active,0.49686410895919736,0,14.685500005725771,0.0,2
timing_fault,2,25202,audited,6,1.0,0.5,0.0,0.033344024373477624,False,False,False,0.0,False,,active,57.433645483940346,0,16.958100008196197,0.0,2
timing_fault,2,25202,audited,7,1.0,0.5,0.0,0.033344024373477624,False,False,False,0.0,False,,active,57.25513309352937,0,16.92140000523068,0.0,2
timing_fault,2,25202,audited,8,1.0,1.0,0.0,0.0,False,False,False,22.47529999294784,True,timing_drift,quarantined,57.49803259150817,0,39.48969999328256,0.0,4
timing_fault,2,25202,audited,9,1.0,1.0,0.0,0.0,False,False,False,0.0,True,timing_drift,quarantined,,0,22.899599993252195,0.0,2
timing_fault,2,25202,audited,10,1.0,1.0,0.0,0.0,False,False,False,0.0,True,timing_drift,quarantined,,0,20.191300005535595,0.0,2
timing_fault,2,25202,audited,11,1.0,1.0,0.0,0.0,False,False,False,0.0,True,timing_drift,quarantined,,0,25.997400007327087,0.0,2
timing_fault,2,25202,audited,12,1.0,1.0,0.0,0.0,False,False,False,0.0,True,timing_drift,quarantined,,0,26.115800006664358,0.0,2
timing_fault,2,25202,audited,13,1.0,1.0,0.0,0.0,False,False,False,0.0,True,timing_drift,quarantined,,0,35.05659999791533,0.0,2
timing_fault,2,25202,audited,14,1.0,1.0,0.0,0.0,False,False,False,0.0,True,timing_drift,quarantined,,0,33.45289999560919,0.0,2
timing_fault,2,25202,audited,15,1.0,1.0,0.0,0.0,False,False,False,0.0,True,timing_drift,quarantined,,0,34.53509999962989,0.0,2
timing_fault,2,25202,audited,16,1.0,1.0,0.0,0.0,False,False,False,0.0,True,timing_drift,quarantined,,0,23.12690000690054,0.0,2
timing_fault,2,25202,audited,17,1.0,1.0,0.0,0.0,False,False,False,0.0,True,timing_drift,quarantined,,0,21.41950000077486,0.0,2
timing_fault,2,25202,audited,18,1.0,1.0,0.0,0.0,False,False,False,0.0,True,timing_drift,quarantined,,0,26.843499988899566,0.0,2
timing_fault,2,25202,audited,19,1.0,1.0,0.0,0.0,False,False,False,0.0,True,timing_drift,quarantined,,0,22.240200007217936,0.0,2
timing_fault,2,25202,audited,20,1.0,1.0,0.0,0.0,False,False,False,0.0,True,timing_drift,quarantined,,0,23.961200000485405,0.0,2
timing_fault,2,25202,audited,21,1.0,1.0,0.0,0.0,False,False,False,0.0,True,timing_drift,quarantined,,0,29.42740000435151,0.0,2
timing_fault,2,25202,audited,22,1.0,1.0,0.0,0.0,False,False,False,0.0,True,timing_drift,quarantined,,0,28.69420000934042,0.0,2
timing_fault,2,25202,audited,23,1.0,1.0,0.0,0.0,False,False,False,0.0,True,timing_drift,quarantined,,0,34.924499996122904,0.0,2
timing_fault,2,25202,audited,24,1.0,1.0,0.0,0.0,False,False,False,0.0,True,timing_drift,quarantined,,0,21.305299989762716,0.0,2
timing_fault,2,25202,audited,25,1.0,1.0,0.0,0.0,False,False,False,0.0,True,timing_drift,quarantined,,0,21.292100005666725,0.0,2
timing_fault,2,25202,audited,26,1.0,1.0,0.0,0.0,False,False,False,0.0,True,timing_drift,quarantined,,0,41.23259999323636,0.0,2
timing_fault,2,25202,audited,27,1.0,1.0,0.0,0.0,False,False,False,0.0,True,timing_drift,quarantined,,0,41.37159998936113,0.0,2
timing_fault,2,25202,audited,28,1.0,1.0,0.0,0.0,False,False,False,0.0,True,timing_drift,quarantined,,0,35.035699998843484,0.0,2
timing_fault,2,25202,audited,29,1.0,1.0,0.0,0.0,False,False,False,0.0,True,timing_drift,quarantined,,0,34.02750000532251,0.0,2
timing_fault,2,25202,audited,30,1.0,1.0,0.0,0.0,False,False,False,0.0,True,timing_drift,quarantined,,0,40.74519999267068,0.0,2
timing_fault,2,25202,audited,31,1.0,0.5,0.0,0.02079552322072127,False,False,True,42.90749999927357,False,,active,2.452716297869819,1,3701.020599997719,3604.7844999993686,6
timing_fault,2,25202,audited,32,1.0,0.5,0.0,0.02079552322072127,False,False,False,0.0,False,,active,1.3605762631649996,1,23.433900001691654,0.0,2
timing_fault,2,25202,audited,33,1.0,0.5,0.0,0.02079552322072127,False,False,False,0.0,False,,active,1.032803009340196,1,17.81459999619983,0.0,2
timing_fault,2,25202,audited,34,1.0,0.5,0.0,0.02079552322072127,False,False,False,0.0,False,,active,1.6854775382837859,1,28.998699999647215,0.0,2
timing_fault,2,25202,audited,35,1.0,0.5,0.0,0.02079552322072127,False,False,False,0.0,False,,active,1.4489888235463044,1,24.940299990703352,0.0,2
timing_fault,2,25202,audited,36,1.0,0.5,0.0,0.02079552322072127,False,False,False,0.0,False,,active,1.0454116935867004,1,18.023399999947287,0.0,2
timing_fault,2,25202,audited,37,1.0,0.5,0.0,0.02079552322072127,False,False,False,0.0,False,,active,1.569238311926103,1,27.016699998057447,0.0,2
timing_fault,2,25202,audited,38,1.0,0.5,0.0,0.02079552322072127,False,False,False,0.0,False,,active,1.4224522140901403,1,24.5576000015717,0.0,2
timing_fault,2,25202,audited,39,1.0,0.5,0.0,0.02079552322072127,False,False,False,0.0,False,,active,1.484491609618122,1,25.556199994753115,0.0,2
timing_fault,2,25202,audited,40,1.0,0.5,0.0,0.02079552322072127,False,False,True,52.687899995362386,False,,active,1.5239170967382079,1,78.99529999122024,0.0,4
timing_fault,2,25202,audited,41,1.0,0.5,0.0,0.02079552322072127,False,False,False,0.0,False,,active,2.1384386820377093,1,36.85740000219084,0.0,2
timing_fault,2,25202,audited,42,1.0,0.5,0.0,0.02079552322072127,False,False,False,0.0,False,,active,1.195390825333893,1,20.62399999704212,0.0,2
timing_fault,2,25202,audited,43,1.0,0.5,0.0,0.02079552322072127,False,False,False,0.0,False,,active,1.5199593713004005,1,26.16419999685604,0.0,2
timing_fault,2,25202,audited,44,1.0,0.5,0.0,0.02079552322072127,False,False,False,0.0,False,,active,0.889344202177575,1,15.363499987870455,0.0,2
timing_fault,2,25202,audited,45,1.0,0.5,0.0,0.02079552322072127,False,False,False,0.0,False,,active,1.9117392094250232,1,32.96150000824127,0.0,2
timing_fault,2,25202,audited,46,1.0,0.5,0.0,0.02079552322072127,False,False,False,0.0,False,,active,2.050271290684283,1,35.380700006498955,0.0,2
timing_fault,2,25202,audited,47,1.0,0.5,0.0,0.02079552322072127,False,False,False,0.0,False,,active,1.3287568473612754,1,22.97619999444578,0.0,2
timing_fault,2,25202,audited,48,1.0,0.5,0.0,0.02079552322072127,False,False,False,0.0,False,,active,0.9447582016512621,1,16.317899993737228,0.0,2
timing_fault,2,25202,audited,49,1.0,0.5,0.0,0.02079552322072127,False,False,False,0.0,False,,active,1.009155889085925,1,17.392299996572547,0.0,2
timing_fault,2,25202,audited,50,1.0,0.5,0.0,0.02079552322072127,False,False,True,31.053999991854653,False,,active,0.9392010409834349,1,47.26140000275336,0.0,4
timing_fault,2,25202,audited,51,1.0,0.5,0.0,0.02079552322072127,False,False,False,0.0,False,,active,2.296911162840674,1,39.58300000522286,0.0,2
timing_fault,2,25202,audited,52,1.0,0.5,0.0,0.02079552322072127,False,False,False,0.0,False,,active,2.403121816293386,1,41.42140000476502,0.0,2
timing_fault,2,25202,audited,53,1.0,0.5,0.0,0.02079552322072127,False,False,False,0.0,False,,active,2.0947869500094645,1,36.11619998991955,0.0,2
timing_fault,2,25202,audited,54,1.0,0.5,0.0,0.02079552322072127,False,False,False,0.0,False,,active,1.8420762286870167,1,31.763999999384396,0.0,2
timing_fault,2,25202,audited,55,1.0,0.5,0.0,0.02079552322072127,False,False,False,0.0,False,,active,1.7105898344576247,1,29.50859999691602,0.0,2
timing_fault,2,25202,audited,56,1.0,0.5,0.0,0.02079552322072127,False,False,False,0.0,False,,active,1.016598514949999,1,17.525799994473346,0.0,2
timing_fault,2,25202,audited,57,1.0,0.5,0.0,0.02079552322072127,False,False,False,0.0,False,,active,0.9580907181848889,1,16.533100002561696,0.0,2
timing_fault,2,25202,audited,58,1.0,0.5,0.0,0.02079552322072127,False,False,False,0.0,False,,active,0.9421372302208266,1,16.251199995167553,0.0,2
timing_fault,2,25202,audited,59,1.0,0.5,0.0,0.02079552322072127,False,False,False,0.0,False,,active,0.8819891364379014,1,15.223099995637313,0.0,2
timing_fault,2,25202,audited,60,1.0,0.5,0.0,0.02079552322072127,False,False,True,24.264699997729622,False,,active,0.9317525777211045,1,40.34079999837559,0.0,4
timing_fault,2,25202,unaudited,1,1.0,0.5,0.0,0.033344024373477624,False,False,False,0.0,False,,active,,0,3770.9211000037612,3750.005499998224,4
timing_fault,2,25202,unaudited,2,1.0,0.5,0.0,0.033344024373477624,False,False,False,0.0,False,,active,,0,27.39109999674838,0.0,2
timing_fault,2,25202,unaudited,3,1.0,0.5,0.0,0.033344024373477624,False,False,False,0.0,False,,active,,0,25.93630000774283,0.0,2
timing_fault,2,25202,unaudited,4,1.0,0.5,0.0,0.033344024373477624,False,False,False,0.0,False,,active,,0,34.036099998047575,0.0,2
timing_fault,2,25202,unaudited,5,1.0,0.5,0.0,0.033344024373477624,False,False,False,0.0,False,,active,,0,32.44779999658931,0.0,2
timing_fault,2,25202,unaudited,6,1.0,0.5,0.0,0.033344024373477624,False,False,False,0.0,False,,active,,0,34.71809999609832,0.0,2
timing_fault,2,25202,unaudited,7,1.0,0.5,0.0,0.033344024373477624,False,False,False,0.0,False,,active,,0,35.62629999942146,0.0,2
timing_fault,2,25202,unaudited,8,1.0,0.5,0.0,0.033344024373477624,False,False,False,0.0,False,,active,,0,38.9465000043856,0.0,2
timing_fault,2,25202,unaudited,9,1.0,0.5,0.0,0.033344024373477624,False,False,False,0.0,False,,active,,0,42.76709999248851,0.0,2
timing_fault,2,25202,unaudited,10,1.0,0.5,0.0,0.033344024373477624,False,False,False,0.0,False,,active,,0,36.082200007513165,0.0,2
timing_fault,2,25202,unaudited,11,1.0,0.5,0.0,0.033344024373477624,False,False,False,0.0,False,,active,,0,30.692300002556294,0.0,2
timing_fault,2,25202,unaudited,12,1.0,0.5,0.0,0.033344024373477624,False,False,False,0.0,False,,active,,0,37.40999998990446,0.0,2
timing_fault,2,25202,unaudited,13,1.0,0.5,0.0,0.033344024373477624,False,False,False,0.0,False,,active,,0,36.18300000380259,0.0,2
timing_fault,2,25202,unaudited,14,1.0,0.5,0.0,0.033344024373477624,False,False,False,0.0,False,,active,,0,24.89919999788981,0.0,2
timing_fault,2,25202,unaudited,15,1.0,0.5,0.0,0.033344024373477624,False,False,False,0.0,False,,active,,0,28.187999996589497,0.0,2
timing_fault,2,25202,unaudited,16,1.0,0.5,0.0,0.033344024373477624,False,False,False,0.0,False,,active,,0,22.538499993970618,0.0,2
timing_fault,2,25202,unaudited,17,1.0,0.5,0.0,0.033344024373477624,False,False,False,0.0,False,,active,,0,20.653600004152395,0.0,2
timing_fault,2,25202,unaudited,18,1.0,0.5,0.0,0.033344024373477624,False,False,False,0.0,False,,active,,0,22.030599997378886,0.0,2
timing_fault,2,25202,unaudited,19,1.0,0.5,0.0,0.033344024373477624,False,False,False,0.0,False,,active,,0,20.284199999878183,0.0,2
timing_fault,2,25202,unaudited,20,1.0,0.5,0.0,0.033344024373477624,False,False,False,0.0,False,,active,,0,18.901199990068562,0.0,2
timing_fault,2,25202,unaudited,21,1.0,0.5,0.0,0.033344024373477624,False,False,False,0.0,False,,active,,0,22.08129999053199,0.0,2
timing_fault,2,25202,unaudited,22,1.0,0.5,0.0,0.033344024373477624,False,False,False,0.0,False,,active,,0,15.914099989458919,0.0,2
timing_fault,2,25202,unaudited,23,1.0,0.5,0.0,0.033344024373477624,False,False,False,0.0,False,,active,,0,14.674700010800734,0.0,2
timing_fault,2,25202,unaudited,24,1.0,0.5,0.0,0.033344024373477624,False,False,False,0.0,False,,active,,0,15.798599997651763,0.0,2
timing_fault,2,25202,unaudited,25,1.0,0.5,0.0,0.033344024373477624,False,False,False,0.0,False,,active,,0,15.636199997970834,0.0,2
timing_fault,2,25202,unaudited,26,1.0,0.5,0.0,0.033344024373477624,False,False,False,0.0,False,,active,,0,16.741100000217557,0.0,2
timing_fault,2,25202,unaudited,27,1.0,0.5,0.0,0.033344024373477624,False,False,False,0.0,False,,active,,0,14.994400000432506,0.0,2
timing_fault,2,25202,unaudited,28,1.0,0.5,0.0,0.033344024373477624,False,False,False,0.0,False,,active,,0,16.78150000225287,0.0,2
timing_fault,2,25202,unaudited,29,1.0,0.5,0.0,0.033344024373477624,False,False,False,0.0,False,,active,,0,23.073899996234104,0.0,2
timing_fault,2,25202,unaudited,30,1.0,0.5,0.0,0.033344024373477624,False,False,False,0.0,False,,active,,0,19.591000003856607,0.0,2
timing_fault,2,25202,unaudited,31,1.0,0.5,0.0,0.033344024373477624,False,False,False,0.0,False,,active,,0,34.193899991805665,0.0,2
timing_fault,2,25202,unaudited,32,1.0,0.5,0.0,0.033344024373477624,False,False,False,0.0,False,,active,,0,17.864699999336153,0.0,2
timing_fault,2,25202,unaudited,33,1.0,0.5,0.0,0.033344024373477624,False,False,False,0.0,False,,active,,0,19.49340000282973,0.0,2
timing_fault,2,25202,unaudited,34,1.0,0.5,0.0,0.033344024373477624,False,False,False,0.0,False,,active,,0,26.23269999457989,0.0,2
timing_fault,2,25202,unaudited,35,1.0,0.5,0.0,0.033344024373477624,False,False,False,0.0,False,,active,,0,22.47460000216961,0.0,2
timing_fault,2,25202,unaudited,36,1.0,0.5,0.0,0.033344024373477624,False,False,False,0.0,False,,active,,0,19.136699993396178,0.0,2
timing_fault,2,25202,unaudited,37,1.0,0.5,0.0,0.033344024373477624,False,False,False,0.0,False,,active,,0,18.86250000097789,0.0,2
timing_fault,2,25202,unaudited,38,1.0,0.5,0.0,0.033344024373477624,False,False,False,0.0,False,,active,,0,16.914399995584972,0.0,2
timing_fault,2,25202,unaudited,39,1.0,0.5,0.0,0.033344024373477624,False,False,False,0.0,False,,active,,0,20.436699996935204,0.0,2
timing_fault,2,25202,unaudited,40,1.0,0.5,0.0,0.033344024373477624,False,False,False,0.0,False,,active,,0,14.771300004213117,0.0,2
timing_fault,2,25202,unaudited,41,1.0,0.5,0.0,0.033344024373477624,False,False,False,0.0,False,,active,,0,26.223799999570474,0.0,2
timing_fault,2,25202,unaudited,42,1.0,0.5,0.0,0.033344024373477624,False,False,False,0.0,False,,active,,0,66.60390000615735,0.0,2
timing_fault,2,25202,unaudited,43,1.0,0.5,0.0,0.033344024373477624,False,False,False,0.0,False,,active,,0,34.02300000016112,0.0,2
timing_fault,2,25202,unaudited,44,1.0,0.5,0.0,0.033344024373477624,False,False,False,0.0,False,,active,,0,17.787099990528077,0.0,2
timing_fault,2,25202,unaudited,45,1.0,0.5,0.0,0.033344024373477624,False,False,False,0.0,False,,active,,0,16.482999999425374,0.0,2
timing_fault,2,25202,unaudited,46,1.0,0.5,0.0,0.033344024373477624,False,False,False,0.0,False,,active,,0,27.505699996254407,0.0,2
timing_fault,2,25202,unaudited,47,1.0,0.5,0.0,0.033344024373477624,False,False,False,0.0,False,,active,,0,29.818599999998696,0.0,2
timing_fault,2,25202,unaudited,48,1.0,0.5,0.0,0.033344024373477624,False,False,False,0.0,False,,active,,0,29.868700003135018,0.0,2
timing_fault,2,25202,unaudited,49,1.0,0.5,0.0,0.033344024373477624,False,False,False,0.0,False,,active,,0,25.40230000158772,0.0,2
timing_fault,2,25202,unaudited,50,1.0,0.5,0.0,0.033344024373477624,False,False,False,0.0,False,,active,,0,33.6745999957202,0.0,2
timing_fault,2,25202,unaudited,51,1.0,0.5,0.0,0.033344024373477624,False,False,False,0.0,False,,active,,0,34.621400001924485,0.0,2
timing_fault,2,25202,unaudited,52,1.0,0.5,0.0,0.033344024373477624,False,False,False,0.0,False,,active,,0,38.52050000568852,0.0,2
timing_fault,2,25202,unaudited,53,1.0,0.5,0.0,0.033344024373477624,False,False,False,0.0,False,,active,,0,36.58400000131223,0.0,2
timing_fault,2,25202,unaudited,54,1.0,0.5,0.0,0.033344024373477624,False,False,False,0.0,False,,active,,0,32.15759999875445,0.0,2
timing_fault,2,25202,unaudited,55,1.0,0.5,0.0,0.033344024373477624,False,False,False,0.0,False,,active,,0,36.41820000484586,0.0,2
timing_fault,2,25202,unaudited,56,1.0,0.5,0.0,0.033344024373477624,False,False,False,0.0,False,,active,,0,36.88440000405535,0.0,2
timing_fault,2,25202,unaudited,57,1.0,0.5,0.0,0.033344024373477624,False,False,False,0.0,False,,active,,0,29.558299997006543,0.0,2
timing_fault,2,25202,unaudited,58,1.0,0.5,0.0,0.033344024373477624,False,False,False,0.0,False,,active,,0,22.461999993538484,0.0,2
timing_fault,2,25202,unaudited,59,1.0,0.5,0.0,0.033344024373477624,False,False,False,0.0,False,,active,,0,22.566800005733967,0.0,2
timing_fault,2,25202,unaudited,60,1.0,0.5,0.0,0.033344024373477624,False,False,False,0.0,False,,active,,0,27.179700002307072,0.0,2
timing_fault,2,25202,exact,1,1.0,1.0,0.0,0.0,False,False,False,0.0,False,,active,,0,30.713600004673935,0.0,2
timing_fault,2,25202,exact,2,1.0,1.0,0.0,0.0,False,False,False,0.0,False,,active,,0,35.63589999976102,0.0,2
timing_fault,2,25202,exact,3,1.0,1.0,0.0,0.0,False,False,False,0.0,False,,active,,0,38.02590000850614,0.0,2
timing_fault,2,25202,exact,4,1.0,1.0,0.0,0.0,False,False,False,0.0,False,,active,,0,31.83540000463836,0.0,2
timing_fault,2,25202,exact,5,1.0,1.0,0.0,0.0,False,False,False,0.0,False,,active,,0,34.33940000832081,0.0,2
timing_fault,2,25202,exact,6,1.0,1.0,0.0,0.0,False,False,False,0.0,False,,active,,0,33.288100006757304,0.0,2
timing_fault,2,25202,exact,7,1.0,1.0,0.0,0.0,False,False,False,0.0,False,,active,,0,38.24900000472553,0.0,2
timing_fault,2,25202,exact,8,1.0,1.0,0.0,0.0,False,False,False,0.0,False,,active,,0,33.92680000979453,0.0,2
timing_fault,2,25202,exact,9,1.0,1.0,0.0,0.0,False,False,False,0.0,False,,active,,0,39.78340000321623,0.0,2
timing_fault,2,25202,exact,10,1.0,1.0,0.0,0.0,False,False,False,0.0,False,,active,,0,31.357700005173683,0.0,2
timing_fault,2,25202,exact,11,1.0,1.0,0.0,0.0,False,False,False,0.0,False,,active,,0,32.910100009758025,0.0,2
timing_fault,2,25202,exact,12,1.0,1.0,0.0,0.0,False,False,False,0.0,False,,active,,0,31.664300011470914,0.0,2
timing_fault,2,25202,exact,13,1.0,1.0,0.0,0.0,False,False,False,0.0,False,,active,,0,31.3804000033997,0.0,2
timing_fault,2,25202,exact,14,1.0,1.0,0.0,0.0,False,False,False,0.0,False,,active,,0,33.844899997347966,0.0,2
timing_fault,2,25202,exact,15,1.0,1.0,0.0,0.0,False,False,False,0.0,False,,active,,0,32.4384999985341,0.0,2
timing_fault,2,25202,exact,16,1.0,1.0,0.0,0.0,False,False,False,0.0,False,,active,,0,31.611900005373172,0.0,2
timing_fault,2,25202,exact,17,1.0,1.0,0.0,0.0,False,False,False,0.0,False,,active,,0,25.76309999858495,0.0,2
timing_fault,2,25202,exact,18,1.0,1.0,0.0,0.0,False,False,False,0.0,False,,active,,0,23.155000002589077,0.0,2
timing_fault,2,25202,exact,19,1.0,1.0,0.0,0.0,False,False,False,0.0,False,,active,,0,24.416400003246963,0.0,2
timing_fault,2,25202,exact,20,1.0,1.0,0.0,0.0,False,False,False,0.0,False,,active,,0,24.06409999821335,0.0,2
timing_fault,2,25202,exact,21,1.0,1.0,0.0,0.0,False,False,False,0.0,False,,active,,0,15.901699996902607,0.0,2
timing_fault,2,25202,exact,22,1.0,1.0,0.0,0.0,False,False,False,0.0,False,,active,,0,14.798000003793277,0.0,2
timing_fault,2,25202,exact,23,1.0,1.0,0.0,0.0,False,False,False,0.0,False,,active,,0,13.220900000305846,0.0,2
timing_fault,2,25202,exact,24,1.0,1.0,0.0,0.0,False,False,False,0.0,False,,active,,0,12.493599992012605,0.0,2
timing_fault,2,25202,exact,25,1.0,1.0,0.0,0.0,False,False,False,0.0,False,,active,,0,13.118300004862249,0.0,2
timing_fault,2,25202,exact,26,1.0,1.0,0.0,0.0,False,False,False,0.0,False,,active,,0,13.337099997443147,0.0,2
timing_fault,2,25202,exact,27,1.0,1.0,0.0,0.0,False,False,False,0.0,False,,active,,0,18.682399997487664,0.0,2
timing_fault,2,25202,exact,28,1.0,1.0,0.0,0.0,False,False,False,0.0,False,,active,,0,21.201399998972192,0.0,2
timing_fault,2,25202,exact,29,1.0,1.0,0.0,0.0,False,False,False,0.0,False,,active,,0,22.172600001795217,0.0,2
timing_fault,2,25202,exact,30,1.0,1.0,0.0,0.0,False,False,False,0.0,False,,active,,0,19.848599986289628,0.0,2
timing_fault,2,25202,exact,31,1.0,1.0,0.0,0.0,False,False,False,0.0,False,,active,,0,23.528000005171634,0.0,2
timing_fault,2,25202,exact,32,1.0,1.0,0.0,0.0,False,False,False,0.0,False,,active,,0,22.606200000154786,0.0,2
timing_fault,2,25202,exact,33,1.0,1.0,0.0,0.0,False,False,False,0.0,False,,active,,0,27.600699992035516,0.0,2
timing_fault,2,25202,exact,34,1.0,1.0,0.0,0.0,False,False,False,0.0,False,,active,,0,20.879200004856102,0.0,2
timing_fault,2,25202,exact,35,1.0,1.0,0.0,0.0,False,False,False,0.0,False,,active,,0,23.54439999908209,0.0,2
timing_fault,2,25202,exact,36,1.0,1.0,0.0,0.0,False,False,False,0.0,False,,active,,0,21.272500001941808,0.0,2
timing_fault,2,25202,exact,37,1.0,1.0,0.0,0.0,False,False,False,0.0,False,,active,,0,20.733900004415773,0.0,2
timing_fault,2,25202,exact,38,1.0,1.0,0.0,0.0,False,False,False,0.0,False,,active,,0,19.270899996627122,0.0,2
timing_fault,2,25202,exact,39,1.0,1.0,0.0,0.0,False,False,False,0.0,False,,active,,0,22.889300002134405,0.0,2
timing_fault,2,25202,exact,40,1.0,1.0,0.0,0.0,False,False,False,0.0,False,,active,,0,22.04120000533294,0.0,2
timing_fault,2,25202,exact,41,1.0,1.0,0.0,0.0,False,False,False,0.0,False,,active,,0,19.574499994632788,0.0,2
timing_fault,2,25202,exact,42,1.0,1.0,0.0,0.0,False,False,False,0.0,False,,active,,0,20.312399996328168,0.0,2
timing_fault,2,25202,exact,43,1.0,1.0,0.0,0.0,False,False,False,0.0,False,,active,,0,19.6799999976065,0.0,2
timing_fault,2,25202,exact,44,1.0,1.0,0.0,0.0,False,False,False,0.0,False,,active,,0,18.999599997187033,0.0,2
timing_fault,2,25202,exact,45,1.0,1.0,0.0,0.0,False,False,False,0.0,False,,active,,0,19.86290000786539,0.0,2
timing_fault,2,25202,exact,46,1.0,1.0,0.0,0.0,False,False,False,0.0,False,,active,,0,19.90980000118725,0.0,2
timing_fault,2,25202,exact,47,1.0,1.0,0.0,0.0,False,False,False,0.0,False,,active,,0,19.45989999512676,0.0,2
timing_fault,2,25202,exact,48,1.0,1.0,0.0,0.0,False,False,False,0.0,False,,active,,0,20.24610000080429,0.0,2
timing_fault,2,25202,exact,49,1.0,1.0,0.0,0.0,False,False,False,0.0,False,,active,,0,22.211100003914908,0.0,2
timing_fault,2,25202,exact,50,1.0,1.0,0.0,0.0,False,False,False,0.0,False,,active,,0,19.551099991076626,0.0,2
timing_fault,2,25202,exact,51,1.0,1.0,0.0,0.0,False,False,False,0.0,False,,active,,0,19.379399993340485,0.0,2
timing_fault,2,25202,exact,52,1.0,1.0,0.0,0.0,False,False,False,0.0,False,,active,,0,19.328799986396916,0.0,2
timing_fault,2,25202,exact,53,1.0,1.0,0.0,0.0,False,False,False,0.0,False,,active,,0,20.610199993825518,0.0,2
timing_fault,2,25202,exact,54,1.0,1.0,0.0,0.0,False,False,False,0.0,False,,active,,0,19.808800003374927,0.0,2
timing_fault,2,25202,exact,55,1.0,1.0,0.0,0.0,False,False,False,0.0,False,,active,,0,20.458400002098642,0.0,2
timing_fault,2,25202,exact,56,1.0,1.0,0.0,0.0,False,False,False,0.0,False,,active,,0,19.117899995762855,0.0,2
timing_fault,2,25202,exact,57,1.0,1.0,0.0,0.0,False,False,False,0.0,False,,active,,0,19.83950000430923,0.0,2
timing_fault,2,25202,exact,58,1.0,1.0,0.0,0.0,False,False,False,0.0,False,,active,,0,19.326099994941615,0.0,2
timing_fault,2,25202,exact,59,1.0,1.0,0.0,0.0,False,False,False,0.0,False,,active,,0,19.304100002045743,0.0,2
timing_fault,2,25202,exact,60,1.0,1.0,0.0,0.0,False,False,False,0.0,False,,active,,0,20.59430000372231,0.0,2
