split,seed,parameter,personId,fidelity,meets_quality,recall,max_count_error,mean_count_error,missing,false_forums,mean_rank_displacement
calibration,46000,0,21990232565418,0.25,False,0.7,1.0,0.4265928174071039,6,6,1.8571428571428572
calibration,46000,0,21990232565418,0.5,False,0.7,1.0,0.35900595944925173,6,6,2.0
calibration,46000,0,21990232565418,0.75,False,0.8,1.0,0.2411324445813497,4,4,2.0
calibration,46000,0,21990232565418,0.9,False,0.9,1.0,0.1368814764804411,2,2,1.5
calibration,46000,0,21990232565418,1.0,True,1.0,0.0,0.0,0,0,0.0
calibration,46000,1,4398046520819,0.25,False,0.7,1.0,0.44997808486130897,6,6,4.928571428571429
calibration,46000,1,4398046520819,0.5,False,0.8,1.0,0.303561191145565,4,4,4.6875
calibration,46000,1,4398046520819,0.75,False,0.95,1.0,0.13474909155741147,1,1,4.052631578947368
calibration,46000,1,4398046520819,0.9,False,0.95,1.0,0.0918507314268536,1,1,1.9473684210526316
calibration,46000,1,4398046520819,1.0,True,1.0,0.0,0.0,0,0,0.0
calibration,46000,2,17592186047947,0.25,False,0.7,1.0,0.6028205128205129,6,6,4.642857142857143
calibration,46000,2,17592186047947,0.5,False,0.65,1.0,0.4347130647130647,7,7,3.1538461538461537
calibration,46000,2,17592186047947,0.75,False,0.85,1.0,0.24194019488137136,3,3,3.823529411764706
calibration,46000,2,17592186047947,0.9,False,0.9,1.0,0.16112657313637707,2,2,2.2777777777777777
calibration,46000,2,17592186047947,1.0,True,1.0,0.0,0.0,0,0,0.0
calibration,46000,3,26388279073095,0.25,False,0.55,1.0,0.5435060201993973,9,9,4.545454545454546
calibration,46000,3,26388279073095,0.5,False,0.75,1.0,0.35961397741697015,5,5,4.333333333333333
calibration,46000,3,26388279073095,0.75,False,0.8,1.0,0.25014358748521104,4,4,1.5
calibration,46000,3,26388279073095,0.9,False,0.85,1.0,0.1857516358541439,3,3,1.2941176470588236
calibration,46000,3,26388279073095,1.0,True,1.0,0.0,0.0,0,0,0.0
calibration,46000,4,2199023262847,0.25,False,0.7,1.0,0.3974505987137237,6,6,2.857142857142857
calibration,46000,4,2199023262847,0.5,False,0.75,1.0,0.3467675145051721,5,5,3.1333333333333333
calibration,46000,4,2199023262847,0.75,False,0.8,1.0,0.26218136015039556,4,4,1.875
calibration,46000,4,2199023262847,0.9,False,0.95,1.0,0.07975526562802795,1,1,1.105263157894737
calibration,46000,4,2199023262847,1.0,True,1.0,0.0,0.0,0,0,0.0
calibration,46001,0,21990232565418,0.25,False,0.7,1.0,0.381557372373692,6,6,2.857142857142857
calibration,46001,0,21990232565418,0.5,False,0.7,1.0,0.3824315032358319,6,6,2.2142857142857144
calibration,46001,0,21990232565418,0.75,False,0.8,1.0,0.24538263518232367,4,4,1.875
calibration,46001,0,21990232565418,0.9,False,0.9,1.0,0.14363337332503745,2,2,2.0
calibration,46001,0,21990232565418,1.0,True,1.0,0.0,0.0,0,0,0.0
calibration,46001,1,4398046520819,0.25,False,0.65,1.0,0.4726898018404901,7,7,7.0
calibration,46001,1,4398046520819,0.5,False,0.8,1.0,0.2962860750022576,4,4,5.75
calibration,46001,1,4398046520819,0.75,False,0.85,1.0,0.20550869067084468,3,3,3.6470588235294117
calibration,46001,1,4398046520819,0.9,False,0.95,1.0,0.08735250027629435,1,1,1.9473684210526316
calibration,46001,1,4398046520819,1.0,True,1.0,0.0,0.0,0,0,0.0
calibration,46001,2,17592186047947,0.25,False,0.55,1.0,0.649754363283775,9,9,5.181818181818182
calibration,46001,2,17592186047947,0.5,False,0.7,1.0,0.4036249371543489,6,6,3.857142857142857
calibration,46001,2,17592186047947,0.75,False,0.8,1.0,0.26984390337331515,4,4,3.5625
calibration,46001,2,17592186047947,0.9,False,0.85,1.0,0.18901627602607993,3,3,1.411764705882353
calibration,46001,2,17592186047947,1.0,True,1.0,0.0,0.0,0,0,0.0
calibration,46001,3,26388279073095,0.25,False,0.65,1.0,0.5120777066126397,7,7,5.384615384615385
calibration,46001,3,26388279073095,0.5,False,0.7,1.0,0.4046232797559445,6,6,3.7142857142857144
calibration,46001,3,26388279073095,0.75,False,0.85,1.0,0.21177268289354068,3,3,2.0588235294117645
calibration,46001,3,26388279073095,0.9,False,0.9,1.0,0.13541273472752408,2,2,1.7222222222222223
calibration,46001,3,26388279073095,1.0,True,1.0,0.0,0.0,0,0,0.0
calibration,46001,4,2199023262847,0.25,False,0.75,1.0,0.4403634375245417,5,5,4.2
calibration,46001,4,2199023262847,0.5,False,0.75,1.0,0.3419389242254762,5,5,2.533333333333333
calibration,46001,4,2199023262847,0.75,False,0.85,1.0,0.19197811413148974,3,3,1.8823529411764706
calibration,46001,4,2199023262847,0.9,False,0.95,1.0,0.0819012182646541,1,1,1.0526315789473684
calibration,46001,4,2199023262847,1.0,True,1.0,0.0,0.0,0,0,0.0
calibration,46002,0,21990232565418,0.25,False,0.65,1.0,0.462927881940742,7,7,4.384615384615385
calibration,46002,0,21990232565418,0.5,False,0.85,1.0,0.2355585685170226,3,3,2.3529411764705883
calibration,46002,0,21990232565418,0.75,False,0.9,1.0,0.15270595960889302,2,2,1.6111111111111112
calibration,46002,0,21990232565418,0.9,False,0.9,1.0,0.13322100480546278,2,2,1.0555555555555556
calibration,46002,0,21990232565418,1.0,True,1.0,0.0,0.0,0,0,0.0
calibration,46002,1,4398046520819,0.25,False,0.7,1.0,0.3941874893000846,6,6,3.9285714285714284
calibration,46002,1,4398046520819,0.5,False,0.8,1.0,0.2677286583151052,4,4,2.8125
calibration,46002,1,4398046520819,0.75,False,0.8,1.0,0.24632957234972355,4,4,1.9375
calibration,46002,1,4398046520819,0.9,False,0.9,1.0,0.1425344455831792,2,2,2.1666666666666665
calibration,46002,1,4398046520819,1.0,True,1.0,0.0,0.0,0,0,0.0
calibration,46002,2,17592186047947,0.25,False,0.6,1.4615384615384615,0.6075213675213675,8,8,5.666666666666667
calibration,46002,2,17592186047947,0.5,False,0.65,1.0,0.49540598290598287,7,7,5.769230769230769
calibration,46002,2,17592186047947,0.75,False,0.75,1.0,0.3341045991045991,5,5,3.8
calibration,46002,2,17592186047947,0.9,False,0.95,1.0,0.10236588937569328,1,1,2.1578947368421053
calibration,46002,2,17592186047947,1.0,True,1.0,0.0,0.0,0,0,0.0
calibration,46002,3,26388279073095,0.25,False,0.7,1.125,0.46561366203956134,6,6,2.7142857142857144
calibration,46002,3,26388279073095,0.5,False,0.7,1.0,0.40382901366192997,6,6,2.5714285714285716
calibration,46002,3,26388279073095,0.75,False,0.75,1.0,0.31198357822598927,5,5,2.2
calibration,46002,3,26388279073095,0.9,False,0.9,1.0,0.14460106787588248,2,2,1.8888888888888888
calibration,46002,3,26388279073095,1.0,True,1.0,0.0,0.0,0,0,0.0
calibration,46002,4,2199023262847,0.25,False,0.75,1.0,0.4037672939197862,5,5,3.2666666666666666
calibration,46002,4,2199023262847,0.5,False,0.85,1.0,0.2560962212323152,3,3,2.7058823529411766
calibration,46002,4,2199023262847,0.75,False,0.9,1.0,0.1487815904588489,2,2,1.6666666666666667
calibration,46002,4,2199023262847,0.9,False,0.95,1.0,0.08743960393889298,1,1,0.8421052631578947
calibration,46002,4,2199023262847,1.0,True,1.0,0.0,0.0,0,0,0.0
calibration,46003,0,21990232565418,0.25,False,0.8,1.0,0.3885865082840195,4,4,3.375
calibration,46003,0,21990232565418,0.5,False,0.8,1.0,0.28372946393360965,4,4,2.5625
calibration,46003,0,21990232565418,0.75,False,0.75,1.0,0.2846012806633062,5,5,1.8
calibration,46003,0,21990232565418,0.9,False,0.95,1.0,0.07838304544124147,1,1,1.263157894736842
calibration,46003,0,21990232565418,1.0,True,1.0,0.0,0.0,0,0,0.0
calibration,46003,1,4398046520819,0.25,False,0.65,1.0,0.4747650314384221,7,7,4.384615384615385
calibration,46003,1,4398046520819,0.5,False,0.8,1.0,0.2710830123988087,4,4,3.375
calibration,46003,1,4398046520819,0.75,False,0.9,1.0,0.14943409957973755,2,2,2.888888888888889
calibration,46003,1,4398046520819,0.9,False,0.95,1.0,0.08614410164133678,1,1,1.631578947368421
calibration,46003,1,4398046520819,1.0,True,1.0,0.0,0.0,0,0,0.0
calibration,46003,2,17592186047947,0.25,False,0.6,1.0,0.5333394383394383,8,8,3.25
calibration,46003,2,17592186047947,0.5,False,0.75,1.0,0.4016837247719601,5,5,3.3333333333333335
calibration,46003,2,17592186047947,0.75,False,0.85,1.0,0.24908293231822642,3,3,4.352941176470588
calibration,46003,2,17592186047947,0.9,False,0.9,1.0,0.18389176183293832,2,2,3.8333333333333335
calibration,46003,2,17592186047947,1.0,True,1.0,0.0,0.0,0,0,0.0
calibration,46003,3,26388279073095,0.25,False,0.5,1.0,0.6071694282522996,10,10,3.6
calibration,46003,3,26388279073095,0.5,False,0.65,1.0,0.41115101890620753,7,7,2.4615384615384617
calibration,46003,3,26388279073095,0.75,False,0.8,1.0,0.250783860893239,4,4,1.375
calibration,46003,3,26388279073095,0.9,False,0.9,1.0,0.12115727068546318,2,2,1.3888888888888888
calibration,46003,3,26388279073095,1.0,True,1.0,0.0,0.0,0,0,0.0
calibration,46003,4,2199023262847,0.25,False,0.7,1.0,0.45368325660686637,6,6,2.9285714285714284
calibration,46003,4,2199023262847,0.5,False,0.75,1.0,0.32107221991700563,5,5,1.9333333333333333
calibration,46003,4,2199023262847,0.75,False,0.9,1.0,0.12670094841211038,2,2,0.8333333333333334
calibration,46003,4,2199023262847,0.9,False,0.9,1.0,0.1311237649831314,2,2,1.1111111111111112
calibration,46003,4,2199023262847,1.0,True,1.0,0.0,0.0,0,0,0.0
calibration,46004,0,21990232565418,0.25,False,0.6,1.0,0.4999269791905664,8,8,4.166666666666667
calibration,46004,0,21990232565418,0.5,False,0.75,1.0,0.31841635848610583,5,5,2.8666666666666667
calibration,46004,0,21990232565418,0.75,False,0.95,1.0,0.09708104702805184,1,1,1.894736842105263
calibration,46004,0,21990232565418,0.9,False,0.9,1.0,0.14053532323423773,2,2,1.6111111111111112
calibration,46004,0,21990232565418,1.0,True,1.0,0.0,0.0,0,0,0.0
calibration,46004,1,4398046520819,0.25,False,0.6,1.0,0.5104322069691122,8,8,6.25
calibration,46004,1,4398046520819,0.5,False,0.85,1.0,0.25273423904334635,3,3,3.411764705882353
calibration,46004,1,4398046520819,0.75,False,0.9,1.0,0.1622578533827424,2,2,2.6666666666666665
calibration,46004,1,4398046520819,0.9,False,0.95,1.0,0.09417345136540725,1,1,2.1578947368421053
calibration,46004,1,4398046520819,1.0,True,1.0,0.0,0.0,0,0,0.0
calibration,46004,2,17592186047947,0.25,False,0.5,1.0,0.7217729655964951,10,10,6.3
calibration,46004,2,17592186047947,0.5,False,0.8,1.0,0.34878079436902965,4,4,4.8125
calibration,46004,2,17592186047947,0.75,False,0.9,1.0,0.18425794249323663,2,2,3.111111111111111
calibration,46004,2,17592186047947,0.9,False,0.85,1.0,0.20076681669818924,3,3,2.411764705882353
calibration,46004,2,17592186047947,1.0,True,1.0,0.0,0.0,0,0,0.0
calibration,46004,3,26388279073095,0.25,False,0.6,1.0,0.5214949488853704,8,8,4.666666666666667
calibration,46004,3,26388279073095,0.5,False,0.5,1.0,0.5571607194258663,10,10,2.7
calibration,46004,3,26388279073095,0.75,False,0.6,1.0,0.43844415029583034,8,8,2.1666666666666665
calibration,46004,3,26388279073095,0.9,False,0.85,1.0,0.18788402968741624,3,3,1.8235294117647058
calibration,46004,3,26388279073095,1.0,True,1.0,0.0,0.0,0,0,0.0
calibration,46004,4,2199023262847,0.25,False,0.6,1.0,0.48889038045669364,8,8,1.6666666666666667
calibration,46004,4,2199023262847,0.5,False,0.85,1.0,0.22939900053552026,3,3,2.4705882352941178
calibration,46004,4,2199023262847,0.75,False,0.85,1.0,0.20107970042588147,3,3,1.588235294117647
calibration,46004,4,2199023262847,0.9,False,0.85,1.0,0.1792824080765381,3,3,0.7058823529411765
calibration,46004,4,2199023262847,1.0,True,1.0,0.0,0.0,0,0,0.0
calibration,46005,0,21990232565418,0.25,False,0.7,1.0,0.44836830397432437,6,6,2.2142857142857144
calibration,46005,0,21990232565418,0.5,False,0.7,1.0,0.3544936054265594,6,6,2.0
calibration,46005,0,21990232565418,0.75,False,0.85,1.0,0.19405777363475415,3,3,1.7647058823529411
calibration,46005,0,21990232565418,0.9,False,0.9,1.0,0.12437854745926329,2,2,1.0555555555555556
calibration,46005,0,21990232565418,1.0,True,1.0,0.0,0.0,0,0,0.0
calibration,46005,1,4398046520819,0.25,False,0.65,1.0,0.4426764804694388,7,7,5.461538461538462
calibration,46005,1,4398046520819,0.5,False,0.8,1.0,0.25045993138961664,4,4,2.5625
calibration,46005,1,4398046520819,0.75,False,0.9,1.0,0.13357239722329914,2,2,2.2222222222222223
calibration,46005,1,4398046520819,0.9,False,0.9,1.0,0.12321811938821829,2,2,1.5
calibration,46005,1,4398046520819,1.0,True,1.0,0.0,0.0,0,0,0.0
calibration,46005,2,17592186047947,0.25,False,0.65,1.0,0.5889822595704949,7,7,5.153846153846154
calibration,46005,2,17592186047947,0.5,False,0.7,1.0,0.42067047331753216,6,6,2.9285714285714284
calibration,46005,2,17592186047947,0.75,False,0.9,1.0,0.195174651057004,2,2,4.0
calibration,46005,2,17592186047947,0.9,True,1.0,0.18518518518518523,0.06917311083977751,0,0,3.2
calibration,46005,2,17592186047947,1.0,True,1.0,0.0,0.0,0,0,0.0
calibration,46005,3,26388279073095,0.25,False,0.55,1.0,0.5140582505010289,9,9,2.272727272727273
calibration,46005,3,26388279073095,0.5,False,0.75,1.0,0.3435786339267061,5,5,2.2
calibration,46005,3,26388279073095,0.75,False,0.75,1.0,0.30705507397064574,5,5,1.8666666666666667
calibration,46005,3,26388279073095,0.9,False,0.85,1.0,0.18374596372252472,3,3,2.176470588235294
calibration,46005,3,26388279073095,1.0,True,1.0,0.0,0.0,0,0,0.0
calibration,46005,4,2199023262847,0.25,False,0.65,1.0,0.448946251964764,7,7,3.0
calibration,46005,4,2199023262847,0.5,False,0.75,1.0,0.31704859436199945,5,5,2.6
calibration,46005,4,2199023262847,0.75,False,0.85,1.0,0.20336868791199483,3,3,2.0
calibration,46005,4,2199023262847,0.9,False,0.9,1.0,0.13694180679251872,2,2,1.1666666666666667
calibration,46005,4,2199023262847,1.0,True,1.0,0.0,0.0,0,0,0.0
calibration,46006,0,21990232565418,0.25,False,0.65,1.0,0.4568888472819162,7,7,3.0
calibration,46006,0,21990232565418,0.5,False,0.8,1.0,0.27309092746005237,4,4,2.5625
calibration,46006,0,21990232565418,0.75,False,0.95,1.0,0.09360696034127663,1,1,1.3157894736842106
calibration,46006,0,21990232565418,0.9,True,1.0,0.08465608465608469,0.026441198115123014,0,0,0.9
calibration,46006,0,21990232565418,1.0,True,1.0,0.0,0.0,0,0,0.0
calibration,46006,1,4398046520819,0.25,False,0.65,1.0,0.5193056575427316,7,7,4.153846153846154
calibration,46006,1,4398046520819,0.5,False,0.9,1.0,0.1777109970736463,2,2,2.7777777777777777
calibration,46006,1,4398046520819,0.75,False,0.9,1.0,0.16418301728116907,2,2,2.1666666666666665
calibration,46006,1,4398046520819,0.9,False,0.95,1.0,0.08849605592535634,1,1,1.4736842105263157
calibration,46006,1,4398046520819,1.0,True,1.0,0.0,0.0,0,0,0.0
calibration,46006,2,17592186047947,0.25,False,0.6,1.0,0.5230665086547439,8,8,5.5
calibration,46006,2,17592186047947,0.5,False,0.55,1.0,0.5222699849170438,9,9,3.3636363636363638
calibration,46006,2,17592186047947,0.75,False,0.75,1.0,0.3025150231032584,5,5,2.3333333333333335
calibration,46006,2,17592186047947,0.9,False,0.85,1.0,0.20455830480340284,3,3,2.823529411764706
calibration,46006,2,17592186047947,1.0,True,1.0,0.0,0.0,0,0,0.0
calibration,46006,3,26388279073095,0.25,False,0.65,1.0,0.5193798020018555,7,7,3.769230769230769
calibration,46006,3,26388279073095,0.5,False,0.7,1.0,0.375004436359512,6,6,3.5714285714285716
calibration,46006,3,26388279073095,0.75,False,0.85,1.0,0.2155607654735939,3,3,2.4705882352941178
calibration,46006,3,26388279073095,0.9,False,0.85,1.0,0.183115161677138,3,3,1.4705882352941178
calibration,46006,3,26388279073095,1.0,True,1.0,0.0,0.0,0,0,0.0
calibration,46006,4,2199023262847,0.25,False,0.8,1.0,0.3407230205430315,4,4,4.5
calibration,46006,4,2199023262847,0.5,False,0.8,1.0,0.27381109155677585,4,4,2.4375
calibration,46006,4,2199023262847,0.75,False,0.9,1.0,0.15466161759974195,2,2,1.4444444444444444
calibration,46006,4,2199023262847,0.9,False,0.9,1.0,0.12857369915938235,2,2,0.9444444444444444
calibration,46006,4,2199023262847,1.0,True,1.0,0.0,0.0,0,0,0.0
calibration,46007,0,21990232565418,0.25,False,0.7,1.0,0.39784173245144505,6,6,2.142857142857143
calibration,46007,0,21990232565418,0.5,False,0.75,1.0,0.3081183138201652,5,5,1.4666666666666666
calibration,46007,0,21990232565418,0.75,False,0.8,1.0,0.23947731710356174,4,4,1.3125
calibration,46007,0,21990232565418,0.9,False,0.8,1.0,0.22809627546202527,4,4,0.75
calibration,46007,0,21990232565418,1.0,True,1.0,0.0,0.0,0,0,0.0
calibration,46007,1,4398046520819,0.25,False,0.55,1.0,0.5594573607509783,9,9,4.454545454545454
calibration,46007,1,4398046520819,0.5,False,0.8,1.0,0.2950338353384916,4,4,3.9375
calibration,46007,1,4398046520819,0.75,False,0.85,1.0,0.2192723954677847,3,3,3.176470588235294
calibration,46007,1,4398046520819,0.9,False,0.95,1.0,0.08581498633141024,1,1,1.6842105263157894
calibration,46007,1,4398046520819,1.0,True,1.0,0.0,0.0,0,0,0.0
calibration,46007,2,17592186047947,0.25,False,0.55,1.0,0.571106801695037,9,9,4.7272727272727275
calibration,46007,2,17592186047947,0.5,False,0.65,1.0,0.42941894706600586,7,7,2.8461538461538463
calibration,46007,2,17592186047947,0.75,False,0.8,1.0,0.2603131509013862,4,4,2.25
calibration,46007,2,17592186047947,0.9,False,0.95,1.0,0.1182453893238207,1,1,2.526315789473684
calibration,46007,2,17592186047947,1.0,True,1.0,0.0,0.0,0,0,0.0
calibration,46007,3,26388279073095,0.25,False,0.8,1.0,0.3789493184110385,4,4,3.9375
calibration,46007,3,26388279073095,0.5,False,0.75,1.0,0.32481436943306424,5,5,2.8666666666666667
calibration,46007,3,26388279073095,0.75,False,0.85,1.0,0.20340938142821666,3,3,2.411764705882353
calibration,46007,3,26388279073095,0.9,False,0.9,1.0,0.13579657250375868,2,2,1.6111111111111112
calibration,46007,3,26388279073095,1.0,True,1.0,0.0,0.0,0,0,0.0
calibration,46007,4,2199023262847,0.25,False,0.65,1.0,0.4349584107117521,7,7,2.8461538461538463
calibration,46007,4,2199023262847,0.5,False,0.75,1.0,0.3074460386949985,5,5,1.4666666666666666
calibration,46007,4,2199023262847,0.75,False,0.8,1.0,0.2583729732441314,4,4,1.875
calibration,46007,4,2199023262847,0.9,False,0.9,1.0,0.12753208231213417,2,2,1.0555555555555556
calibration,46007,4,2199023262847,1.0,True,1.0,0.0,0.0,0,0,0.0
calibration,46008,0,21990232565418,0.25,False,0.7,1.0,0.48229577008075203,6,6,4.714285714285714
calibration,46008,0,21990232565418,0.5,False,0.8,1.0,0.261261975570301,4,4,1.875
calibration,46008,0,21990232565418,0.75,False,0.9,1.0,0.16771750648525996,2,2,2.2222222222222223
calibration,46008,0,21990232565418,0.9,False,0.95,1.0,0.0941261290119542,1,1,1.5263157894736843
calibration,46008,0,21990232565418,1.0,True,1.0,0.0,0.0,0,0,0.0
calibration,46008,1,4398046520819,0.25,False,0.8,1.0,0.3720564190466745,4,4,4.6875
calibration,46008,1,4398046520819,0.5,False,0.8,1.0,0.274507290923705,4,4,3.125
calibration,46008,1,4398046520819,0.75,False,0.95,1.0,0.10171002375851082,1,1,3.1052631578947367
calibration,46008,1,4398046520819,0.9,False,0.95,1.0,0.08669453824333999,1,1,1.894736842105263
calibration,46008,1,4398046520819,1.0,True,1.0,0.0,0.0,0,0,0.0
calibration,46008,2,17592186047947,0.25,False,0.65,1.0,0.5294832291891115,7,7,5.461538461538462
calibration,46008,2,17592186047947,0.5,False,0.75,1.0,0.3753129713423831,5,5,5.0
calibration,46008,2,17592186047947,0.75,False,0.8,1.0,0.2742741028035146,4,4,3.1875
calibration,46008,2,17592186047947,0.9,False,0.9,1.0,0.16371621298091885,2,2,2.7777777777777777
calibration,46008,2,17592186047947,1.0,True,1.0,0.0,0.0,0,0,0.0
calibration,46008,3,26388279073095,0.25,False,0.5,1.0,0.63713849751675,10,10,3.5
calibration,46008,3,26388279073095,0.5,False,0.5,1.0,0.5484015626973735,10,10,2.2
calibration,46008,3,26388279073095,0.75,False,0.8,1.0,0.26204428280510866,4,4,3.1875
calibration,46008,3,26388279073095,0.9,False,0.85,1.0,0.19597189088864042,3,3,2.1176470588235294
calibration,46008,3,26388279073095,1.0,True,1.0,0.0,0.0,0,0,0.0
calibration,46008,4,2199023262847,0.25,False,0.65,1.0,0.4783463539300312,7,7,4.076923076923077
calibration,46008,4,2199023262847,0.5,False,0.75,1.0,0.29606931742465264,5,5,1.2666666666666666
calibration,46008,4,2199023262847,0.75,False,0.9,1.0,0.1491202602545731,2,2,1.8333333333333333
calibration,46008,4,2199023262847,0.9,False,0.9,1.0,0.13935115919106997,2,2,1.6666666666666667
calibration,46008,4,2199023262847,1.0,True,1.0,0.0,0.0,0,0,0.0
calibration,46009,0,21990232565418,0.25,False,0.65,1.0,0.5079676570668412,7,7,3.5384615384615383
calibration,46009,0,21990232565418,0.5,False,0.8,1.0,0.280558158602207,4,4,3.0625
calibration,46009,0,21990232565418,0.75,False,0.8,1.0,0.24022072308198092,4,4,1.8125
calibration,46009,0,21990232565418,0.9,False,0.95,1.0,0.08691361418013978,1,1,1.631578947368421
calibration,46009,0,21990232565418,1.0,True,1.0,0.0,0.0,0,0,0.0
calibration,46009,1,4398046520819,0.25,False,0.55,1.0,0.530514266668826,9,9,3.6363636363636362
calibration,46009,1,4398046520819,0.5,False,0.8,1.0,0.2523480049843182,4,4,2.25
calibration,46009,1,4398046520819,0.75,False,0.9,1.0,0.15271334577142925,2,2,2.5555555555555554
calibration,46009,1,4398046520819,0.9,False,0.95,1.0,0.08957327426414947,1,1,1.5789473684210527
calibration,46009,1,4398046520819,1.0,True,1.0,0.0,0.0,0,0,0.0
calibration,46009,2,17592186047947,0.25,False,0.45,1.1538461538461537,0.7030266465560583,11,11,6.222222222222222
calibration,46009,2,17592186047947,0.5,False,0.7,1.0,0.389693313222725,6,6,4.142857142857143
calibration,46009,2,17592186047947,0.75,False,0.8,1.0,0.2506874715698245,4,4,2.75
calibration,46009,2,17592186047947,0.9,False,0.9,1.0,0.1722442680776014,2,2,3.1666666666666665
calibration,46009,2,17592186047947,1.0,True,1.0,0.0,0.0,0,0,0.0
calibration,46009,3,26388279073095,0.25,False,0.55,1.0,0.5329387638474778,9,9,2.5454545454545454
calibration,46009,3,26388279073095,0.5,False,0.7,1.0,0.36062535681613295,6,6,1.7142857142857142
calibration,46009,3,26388279073095,0.75,False,0.75,1.0,0.3019297167253003,5,5,3.1333333333333333
calibration,46009,3,26388279073095,0.9,False,0.75,1.0,0.2804933417830974,5,5,2.0
calibration,46009,3,26388279073095,1.0,True,1.0,0.0,0.0,0,0,0.0
calibration,46009,4,2199023262847,0.25,False,0.8,1.0,0.28671682951593086,4,4,3.8125
calibration,46009,4,2199023262847,0.5,False,0.85,1.0,0.2112154705924451,3,3,2.2941176470588234
calibration,46009,4,2199023262847,0.75,False,0.9,1.0,0.1499844186474641,2,2,1.8333333333333333
calibration,46009,4,2199023262847,0.9,False,0.95,1.0,0.08623117570723844,1,1,1.2105263157894737
calibration,46009,4,2199023262847,1.0,True,1.0,0.0,0.0,0,0,0.0
calibration,46010,0,21990232565418,0.25,False,0.7,1.0,0.40938713253424713,6,6,3.5
calibration,46010,0,21990232565418,0.5,False,0.9,1.0,0.1876306659175197,2,2,3.0555555555555554
calibration,46010,0,21990232565418,0.75,False,0.9,1.0,0.1664353639837693,2,2,2.2222222222222223
calibration,46010,0,21990232565418,0.9,False,0.95,1.0,0.08328849998793589,1,1,1.1578947368421053
calibration,46010,0,21990232565418,1.0,True,1.0,0.0,0.0,0,0,0.0
calibration,46010,1,4398046520819,0.25,False,0.7,1.0,0.41893402349328024,6,6,5.5
calibration,46010,1,4398046520819,0.5,False,0.75,1.0,0.3251452021994216,5,5,3.933333333333333
calibration,46010,1,4398046520819,0.75,False,0.85,1.0,0.19779026599030092,3,3,2.6470588235294117
calibration,46010,1,4398046520819,0.9,False,0.95,1.0,0.07325321567995512,1,1,0.9473684210526315
calibration,46010,1,4398046520819,1.0,True,1.0,0.0,0.0,0,0,0.0
calibration,46010,2,17592186047947,0.25,False,0.55,1.0,0.6781825037707391,9,9,4.090909090909091
calibration,46010,2,17592186047947,0.5,False,0.8,1.0,0.30665912518853694,4,4,3.125
calibration,46010,2,17592186047947,0.75,False,0.65,1.0,0.4329116090880797,7,7,3.6923076923076925
calibration,46010,2,17592186047947,0.9,False,0.8,1.0,0.2531493651591691,4,4,1.8125
calibration,46010,2,17592186047947,1.0,True,1.0,0.0,0.0,0,0,0.0
calibration,46010,3,26388279073095,0.25,False,0.7,1.0,0.483948334415602,6,6,3.9285714285714284
calibration,46010,3,26388279073095,0.5,False,0.6,1.0,0.46461325195845316,8,8,2.0
calibration,46010,3,26388279073095,0.75,False,0.8,1.0,0.25535643166607214,4,4,2.8125
calibration,46010,3,26388279073095,0.9,False,0.85,1.0,0.17702319326909716,3,3,1.1764705882352942
calibration,46010,3,26388279073095,1.0,True,1.0,0.0,0.0,0,0,0.0
calibration,46010,4,2199023262847,0.25,False,0.75,1.0,0.4035198193230471,5,5,3.2
calibration,46010,4,2199023262847,0.5,False,0.8,1.0,0.2895858067338433,4,4,2.5
calibration,46010,4,2199023262847,0.75,False,0.85,1.0,0.19692630753827217,3,3,1.411764705882353
calibration,46010,4,2199023262847,0.9,False,0.95,1.0,0.07756536202540519,1,1,1.2105263157894737
calibration,46010,4,2199023262847,1.0,True,1.0,0.0,0.0,0,0,0.0
calibration,46011,0,21990232565418,0.25,False,0.6,1.0,0.47436499607009175,8,8,3.4166666666666665
calibration,46011,0,21990232565418,0.5,False,0.8,1.0,0.26853356330873457,4,4,3.0
calibration,46011,0,21990232565418,0.75,False,0.9,1.0,0.1486401700367461,2,2,1.5555555555555556
calibration,46011,0,21990232565418,0.9,False,0.9,1.0,0.12359620620075969,2,2,0.8888888888888888
calibration,46011,0,21990232565418,1.0,True,1.0,0.0,0.0,0,0,0.0
calibration,46011,1,4398046520819,0.25,False,0.55,1.0,0.5011458337240955,9,9,3.1818181818181817
calibration,46011,1,4398046520819,0.5,False,0.6,1.0,0.4434753172037659,8,8,2.9166666666666665
calibration,46011,1,4398046520819,0.75,False,0.95,1.0,0.0975817967561021,1,1,2.210526315789474
calibration,46011,1,4398046520819,0.9,True,1.0,0.08585858585858587,0.0254851453791677,0,0,1.0
calibration,46011,1,4398046520819,1.0,True,1.0,0.0,0.0,0,0,0.0
calibration,46011,2,17592186047947,0.25,False,0.6,1.1538461538461537,0.6354535660418013,8,8,6.5
calibration,46011,2,17592186047947,0.5,False,0.7,1.0,0.5054014939309057,6,6,6.714285714285714
calibration,46011,2,17592186047947,0.75,False,0.85,1.0,0.2526727956139721,3,3,4.235294117647059
calibration,46011,2,17592186047947,0.9,False,0.95,1.0,0.10017167835795285,1,1,2.1578947368421053
calibration,46011,2,17592186047947,1.0,True,1.0,0.0,0.0,0,0,0.0
calibration,46011,3,26388279073095,0.25,False,0.7,1.0,0.4918868656524994,6,6,4.928571428571429
calibration,46011,3,26388279073095,0.5,False,0.9,1.0,0.2155674138627172,2,2,2.5
calibration,46011,3,26388279073095,0.75,False,0.9,1.0,0.16786781924421984,2,2,2.0
calibration,46011,3,26388279073095,0.9,False,0.95,1.0,0.087745471255633,1,1,1.4736842105263157
calibration,46011,3,26388279073095,1.0,True,1.0,0.0,0.0,0,0,0.0
calibration,46011,4,2199023262847,0.25,False,0.75,1.0,0.38260964709245227,5,5,4.533333333333333
calibration,46011,4,2199023262847,0.5,False,0.85,1.0,0.21758218827680018,3,3,2.235294117647059
calibration,46011,4,2199023262847,0.75,False,0.95,1.0,0.11076051313547605,1,1,2.1578947368421053
calibration,46011,4,2199023262847,0.9,False,0.95,1.0,0.0753592316225398,1,1,1.0526315789473684
calibration,46011,4,2199023262847,1.0,True,1.0,0.0,0.0,0,0,0.0
calibration,46012,0,21990232565418,0.25,False,0.5,1.0,0.5919617330678827,10,10,3.0
calibration,46012,0,21990232565418,0.5,False,0.7,1.0,0.3758221865509775,6,6,2.0714285714285716
calibration,46012,0,21990232565418,0.75,False,0.8,1.0,0.25469416852615023,4,4,1.5
calibration,46012,0,21990232565418,0.9,False,0.85,1.0,0.18710669879586073,3,3,1.0
calibration,46012,0,21990232565418,1.0,True,1.0,0.0,0.0,0,0,0.0
calibration,46012,1,4398046520819,0.25,False,0.65,1.0,0.47654701343355715,7,7,5.846153846153846
calibration,46012,1,4398046520819,0.5,False,0.75,1.0,0.33792044373406893,5,5,4.2
calibration,46012,1,4398046520819,0.75,False,0.9,1.0,0.16105180945411812,2,2,2.8333333333333335
calibration,46012,1,4398046520819,0.9,True,1.0,0.10331384015594548,0.04262209929498452,0,0,2.2
calibration,46012,1,4398046520819,1.0,True,1.0,0.0,0.0,0,0,0.0
calibration,46012,2,17592186047947,0.25,False,0.55,1.0,0.624953314659197,9,9,4.636363636363637
calibration,46012,2,17592186047947,0.5,False,0.8,1.0,0.4020749838396897,4,4,3.375
calibration,46012,2,17592186047947,0.75,False,0.85,1.0,0.23423855012090306,3,3,2.7058823529411766
calibration,46012,2,17592186047947,0.9,False,0.9,1.0,0.15447690472200276,2,2,2.0555555555555554
calibration,46012,2,17592186047947,1.0,True,1.0,0.0,0.0,0,0,0.0
calibration,46012,3,26388279073095,0.25,False,0.55,1.0,0.6109976581226311,9,9,5.909090909090909
calibration,46012,3,26388279073095,0.5,False,0.6,1.0,0.4990595622254669,8,8,3.9166666666666665
calibration,46012,3,26388279073095,0.75,False,0.75,1.0,0.30307777217213944,5,5,3.0
calibration,46012,3,26388279073095,0.9,False,0.85,1.0,0.1716300074670377,3,3,1.7647058823529411
calibration,46012,3,26388279073095,1.0,True,1.0,0.0,0.0,0,0,0.0
calibration,46012,4,2199023262847,0.25,False,0.55,1.0,0.5370388357807903,9,9,3.6363636363636362
calibration,46012,4,2199023262847,0.5,False,0.75,1.0,0.32237972286073363,5,5,2.6666666666666665
calibration,46012,4,2199023262847,0.75,False,0.85,1.0,0.20863078625046408,3,3,3.176470588235294
calibration,46012,4,2199023262847,0.9,False,0.95,1.0,0.08460657313898233,1,1,1.631578947368421
calibration,46012,4,2199023262847,1.0,True,1.0,0.0,0.0,0,0,0.0
calibration,46013,0,21990232565418,0.25,False,0.65,1.0,0.39136324710361825,7,7,1.0
calibration,46013,0,21990232565418,0.5,False,0.85,1.0,0.22121380229596502,3,3,3.176470588235294
calibration,46013,0,21990232565418,0.75,False,0.9,1.0,0.1433352572123139,2,2,2.0
calibration,46013,0,21990232565418,0.9,False,0.9,1.0,0.1291790798311203,2,2,0.8888888888888888
calibration,46013,0,21990232565418,1.0,True,1.0,0.0,0.0,0,0,0.0
calibration,46013,1,4398046520819,0.25,False,0.7,1.0,0.39331887354848893,6,6,2.857142857142857
calibration,46013,1,4398046520819,0.5,False,0.9,1.0,0.21469493400890255,2,2,3.111111111111111
calibration,46013,1,4398046520819,0.75,False,0.95,1.0,0.10199922370648573,1,1,1.7894736842105263
calibration,46013,1,4398046520819,0.9,False,0.95,1.0,0.08829036964657908,1,1,1.5263157894736843
calibration,46013,1,4398046520819,1.0,True,1.0,0.0,0.0,0,0,0.0
calibration,46013,2,17592186047947,0.25,False,0.55,1.0,0.6052625152625153,9,9,4.363636363636363
calibration,46013,2,17592186047947,0.5,False,0.4,1.0,0.6813736263736263,12,12,4.75
calibration,46013,2,17592186047947,0.75,False,0.85,1.0,0.2219644951997893,3,3,3.4705882352941178
calibration,46013,2,17592186047947,0.9,False,0.85,1.0,0.19395973489110743,3,3,2.0
calibration,46013,2,17592186047947,1.0,True,1.0,0.0,0.0,0,0,0.0
calibration,46013,3,26388279073095,0.25,False,0.65,1.0,0.4673709733532255,7,7,3.923076923076923
calibration,46013,3,26388279073095,0.5,False,0.8,1.0,0.2751709194865214,4,4,4.1875
calibration,46013,3,26388279073095,0.75,False,0.85,1.0,0.19729307871017931,3,3,2.176470588235294
calibration,46013,3,26388279073095,0.9,False,0.85,1.0,0.19066334911788632,3,3,1.3529411764705883
calibration,46013,3,26388279073095,1.0,True,1.0,0.0,0.0,0,0,0.0
calibration,46013,4,2199023262847,0.25,False,0.7,1.0,0.4002715759117306,6,6,3.7142857142857144
calibration,46013,4,2199023262847,0.5,False,0.8,1.0,0.27520549655777105,4,4,1.3125
calibration,46013,4,2199023262847,0.75,False,0.85,1.0,0.18960380909724472,3,3,1.7058823529411764
calibration,46013,4,2199023262847,0.9,False,0.9,1.0,0.14016786428484038,2,2,1.6111111111111112
calibration,46013,4,2199023262847,1.0,True,1.0,0.0,0.0,0,0,0.0
calibration,46014,0,21990232565418,0.25,False,0.55,1.0,0.549732212910996,9,9,2.090909090909091
calibration,46014,0,21990232565418,0.5,False,0.85,1.0,0.22937033245063354,3,3,1.7058823529411764
calibration,46014,0,21990232565418,0.75,False,0.85,1.0,0.21500088947362866,3,3,1.5294117647058822
calibration,46014,0,21990232565418,0.9,False,0.95,1.0,0.08736455268458071,1,1,1.2105263157894737
calibration,46014,0,21990232565418,1.0,True,1.0,0.0,0.0,0,0,0.0
calibration,46014,1,4398046520819,0.25,False,0.65,1.0,0.47709976053333536,7,7,3.769230769230769
calibration,46014,1,4398046520819,0.5,False,0.8,1.0,0.28423277792941815,4,4,3.4375
calibration,46014,1,4398046520819,0.75,False,0.9,1.0,0.15872112465468005,2,2,2.1666666666666665
calibration,46014,1,4398046520819,0.9,False,0.95,1.0,0.08151446426786149,1,1,1.4736842105263157
calibration,46014,1,4398046520819,1.0,True,1.0,0.0,0.0,0,0,0.0
calibration,46014,2,17592186047947,0.25,False,0.5,1.0,0.7164652014652015,10,10,7.1
calibration,46014,2,17592186047947,0.5,False,0.75,1.0,0.36084554334554336,5,5,5.333333333333333
calibration,46014,2,17592186047947,0.75,False,0.85,1.0,0.22579628432569612,3,3,3.1176470588235294
calibration,46014,2,17592186047947,0.9,False,0.85,1.0,0.20667839785486844,3,3,2.4705882352941178
calibration,46014,2,17592186047947,1.0,True,1.0,0.0,0.0,0,0,0.0
calibration,46014,3,26388279073095,0.25,False,0.5,1.0,0.5806481675889817,10,10,4.3
calibration,46014,3,26388279073095,0.5,False,0.6,1.0,0.4589111473340261,8,8,1.6666666666666667
calibration,46014,3,26388279073095,0.75,False,0.8,1.0,0.24138290774957388,4,4,1.125
calibration,46014,3,26388279073095,0.9,False,0.8,1.0,0.22411430734492938,4,4,0.875
calibration,46014,3,26388279073095,1.0,True,1.0,0.0,0.0,0,0,0.0
calibration,46014,4,2199023262847,0.25,False,0.65,1.0,0.46106306367948796,7,7,5.076923076923077
calibration,46014,4,2199023262847,0.5,False,0.85,1.0,0.23950223117981118,3,3,3.4705882352941178
calibration,46014,4,2199023262847,0.75,False,0.9,1.0,0.1605203219863381,2,2,2.8333333333333335
calibration,46014,4,2199023262847,0.9,False,0.95,1.0,0.08304868826700045,1,1,0.8947368421052632
calibration,46014,4,2199023262847,1.0,True,1.0,0.0,0.0,0,0,0.0
calibration,46015,0,21990232565418,0.25,False,0.75,1.0,0.360799631273777,5,5,3.466666666666667
calibration,46015,0,21990232565418,0.5,False,0.65,1.0,0.3989277282818862,7,7,1.6153846153846154
calibration,46015,0,21990232565418,0.75,False,0.8,1.0,0.24608772497990813,4,4,1.75
calibration,46015,0,21990232565418,0.9,False,0.9,1.0,0.13624321801644543,2,2,1.2222222222222223
calibration,46015,0,21990232565418,1.0,True,1.0,0.0,0.0,0,0,0.0
calibration,46015,1,4398046520819,0.25,False,0.5,1.0,0.5946452566009601,10,10,6.2
calibration,46015,1,4398046520819,0.5,False,0.8,1.0,0.2706379050188911,4,4,4.4375
calibration,46015,1,4398046520819,0.75,False,0.9,1.0,0.15537893266924688,2,2,3.0555555555555554
calibration,46015,1,4398046520819,0.9,False,0.9,1.0,0.13143316955601209,2,2,1.5555555555555556
calibration,46015,1,4398046520819,1.0,True,1.0,0.0,0.0,0,0,0.0
calibration,46015,2,17592186047947,0.25,False,0.6,1.0,0.6028223084105437,8,8,3.9166666666666665
calibration,46015,2,17592186047947,0.5,False,0.6,1.0,0.5209356819650937,8,8,4.0
calibration,46015,2,17592186047947,0.75,False,0.8,1.0,0.28277227130168303,4,4,2.875
calibration,46015,2,17592186047947,0.9,False,0.85,1.0,0.21126194067370538,3,3,2.6470588235294117
calibration,46015,2,17592186047947,1.0,True,1.0,0.0,0.0,0,0,0.0
calibration,46015,3,26388279073095,0.25,False,0.65,1.0,0.4966471835615989,7,7,3.3076923076923075
calibration,46015,3,26388279073095,0.5,False,0.75,1.0,0.34112699359955395,5,5,3.533333333333333
calibration,46015,3,26388279073095,0.75,False,0.8,1.0,0.2631277402661948,4,4,2.25
calibration,46015,3,26388279073095,0.9,False,0.85,1.0,0.1833789949068785,3,3,1.411764705882353
calibration,46015,3,26388279073095,1.0,True,1.0,0.0,0.0,0,0,0.0
calibration,46015,4,2199023262847,0.25,False,0.75,1.0,0.3822345285214463,5,5,5.2
calibration,46015,4,2199023262847,0.5,False,0.8,1.0,0.27085831205606203,4,4,3.25
calibration,46015,4,2199023262847,0.75,False,0.85,1.0,0.2045244499237972,3,3,2.764705882352941
calibration,46015,4,2199023262847,0.9,False,0.95,1.0,0.08665451924540823,1,1,1.5789473684210527
calibration,46015,4,2199023262847,1.0,True,1.0,0.0,0.0,0,0,0.0
calibration,46016,0,21990232565418,0.25,False,0.6,1.0,0.47812007253299926,8,8,2.9166666666666665
calibration,46016,0,21990232565418,0.5,False,0.75,1.0,0.3079786162705978,5,5,2.4
calibration,46016,0,21990232565418,0.75,False,0.85,1.0,0.19721909859175032,3,3,1.8235294117647058
calibration,46016,0,21990232565418,0.9,False,0.95,1.0,0.07736839582700768,1,1,1.1578947368421053
calibration,46016,0,21990232565418,1.0,True,1.0,0.0,0.0,0,0,0.0
calibration,46016,1,4398046520819,0.25,False,0.6,1.0,0.5176787516008561,8,8,3.0
calibration,46016,1,4398046520819,0.5,False,0.75,1.0,0.32591744694565566,5,5,4.933333333333334
calibration,46016,1,4398046520819,0.75,False,0.8,1.0,0.24664996636860917,4,4,2.8125
calibration,46016,1,4398046520819,0.9,False,0.9,1.0,0.13063875294637134,2,2,1.6666666666666667
calibration,46016,1,4398046520819,1.0,True,1.0,0.0,0.0,0,0,0.0
calibration,46016,2,17592186047947,0.25,False,0.55,1.1538461538461537,0.6844218200100552,9,9,5.636363636363637
calibration,46016,2,17592186047947,0.5,False,0.7,1.0,0.42595094448035625,6,6,4.357142857142857
calibration,46016,2,17592186047947,0.75,False,0.8,1.0,0.28467188584835645,4,4,3.9375
calibration,46016,2,17592186047947,0.9,False,0.9,1.0,0.15777729895376952,2,2,2.1666666666666665
calibration,46016,2,17592186047947,1.0,True,1.0,0.0,0.0,0,0,0.0
calibration,46016,3,26388279073095,0.25,False,0.65,1.0,0.4777033737867358,7,7,2.6923076923076925
calibration,46016,3,26388279073095,0.5,False,0.65,1.0,0.42619351996077226,7,7,3.0
calibration,46016,3,26388279073095,0.75,False,0.8,1.0,0.24442329688894815,4,4,2.4375
calibration,46016,3,26388279073095,0.9,False,0.8,1.0,0.2325544218961822,4,4,1.25
calibration,46016,3,26388279073095,1.0,True,1.0,0.0,0.0,0,0,0.0
calibration,46016,4,2199023262847,0.25,False,0.65,1.0,0.4748889959097058,7,7,5.076923076923077
calibration,46016,4,2199023262847,0.5,False,0.8,1.0,0.28656095634399303,4,4,3.8125
calibration,46016,4,2199023262847,0.75,False,0.9,1.0,0.147198673813477,2,2,1.9444444444444444
calibration,46016,4,2199023262847,0.9,False,0.85,1.0,0.17963472202754274,3,3,0.8823529411764706
calibration,46016,4,2199023262847,1.0,True,1.0,0.0,0.0,0,0,0.0
calibration,46017,0,21990232565418,0.25,False,0.65,1.0,0.4574641381223998,7,7,3.769230769230769
calibration,46017,0,21990232565418,0.5,False,0.75,1.0,0.30511465045583125,5,5,3.4
calibration,46017,0,21990232565418,0.75,False,0.8,1.0,0.25640966102897045,4,4,2.0625
calibration,46017,0,21990232565418,0.9,False,0.9,1.0,0.13329012208894192,2,2,0.5
calibration,46017,0,21990232565418,1.0,True,1.0,0.0,0.0,0,0,0.0
calibration,46017,1,4398046520819,0.25,False,0.6,1.0,0.49743322714818217,8,8,5.583333333333333
calibration,46017,1,4398046520819,0.5,False,0.75,1.0,0.3208151076853664,5,5,3.8666666666666667
calibration,46017,1,4398046520819,0.75,False,0.8,1.0,0.2493623290231401,4,4,2.5
calibration,46017,1,4398046520819,0.9,True,1.0,0.11111111111111115,0.03782566196798755,0,0,2.2
calibration,46017,1,4398046520819,1.0,True,1.0,0.0,0.0,0,0,0.0
calibration,46017,2,17592186047947,0.25,False,0.3,1.0,0.8028104575163398,14,14,5.5
calibration,46017,2,17592186047947,0.5,False,0.7,1.0,0.4427488687782805,6,6,5.285714285714286
calibration,46017,2,17592186047947,0.75,False,0.8,1.0,0.28662345279992335,4,4,4.0625
calibration,46017,2,17592186047947,0.9,False,0.8,1.0,0.23531596399243457,4,4,1.5
calibration,46017,2,17592186047947,1.0,True,1.0,0.0,0.0,0,0,0.0
calibration,46017,3,26388279073095,0.25,False,0.4,1.0,0.6836864472849785,12,12,2.0
calibration,46017,3,26388279073095,0.5,False,0.65,1.0,0.418471603205336,7,7,2.5384615384615383
calibration,46017,3,26388279073095,0.75,False,0.8,1.0,0.2543293887277639,4,4,2.125
calibration,46017,3,26388279073095,0.9,False,0.85,1.0,0.18534788812710784,3,3,2.176470588235294
calibration,46017,3,26388279073095,1.0,True,1.0,0.0,0.0,0,0,0.0
calibration,46017,4,2199023262847,0.25,False,0.55,1.0,0.5478391147982205,9,9,3.909090909090909
calibration,46017,4,2199023262847,0.5,False,0.75,1.0,0.3340076512402054,5,5,2.6666666666666665
calibration,46017,4,2199023262847,0.75,False,0.8,1.0,0.24982999120273125,4,4,1.5625
calibration,46017,4,2199023262847,0.9,False,0.9,1.0,0.1299278381111693,2,2,0.9444444444444444
calibration,46017,4,2199023262847,1.0,True,1.0,0.0,0.0,0,0,0.0
calibration,46018,0,21990232565418,0.25,False,0.65,1.0,0.5236041189368513,7,7,3.923076923076923
calibration,46018,0,21990232565418,0.5,False,0.75,1.0,0.3124978950753854,5,5,1.9333333333333333
calibration,46018,0,21990232565418,0.75,False,0.85,1.0,0.21691253134905866,3,3,1.9411764705882353
calibration,46018,0,21990232565418,0.9,False,0.9,1.0,0.13602136886552704,2,2,1.3888888888888888
calibration,46018,0,21990232565418,1.0,True,1.0,0.0,0.0,0,0,0.0
calibration,46018,1,4398046520819,0.25,False,0.75,1.0,0.3738535990123629,5,5,4.8
calibration,46018,1,4398046520819,0.5,False,0.8,1.0,0.26140586156620726,4,4,3.375
calibration,46018,1,4398046520819,0.75,False,0.85,1.0,0.20204399504071416,3,3,3.0
calibration,46018,1,4398046520819,0.9,False,0.95,1.0,0.08270462606695438,1,1,1.5263157894736843
calibration,46018,1,4398046520819,1.0,True,1.0,0.0,0.0,0,0,0.0
calibration,46018,2,17592186047947,0.25,False,0.65,1.0,0.5227249874308698,7,7,2.923076923076923
calibration,46018,2,17592186047947,0.5,False,0.75,1.0,0.3497848883143001,5,5,2.8666666666666667
calibration,46018,2,17592186047947,0.75,False,0.85,1.0,0.24273360626301804,3,3,4.235294117647059
calibration,46018,2,17592186047947,0.9,False,0.85,1.0,0.19330504281484673,3,3,1.4705882352941178
calibration,46018,2,17592186047947,1.0,True,1.0,0.0,0.0,0,0,0.0
calibration,46018,3,26388279073095,0.25,False,0.65,1.0,0.48886342116389275,7,7,4.461538461538462
calibration,46018,3,26388279073095,0.5,False,0.8,1.0,0.29917027590879053,4,4,3.5
calibration,46018,3,26388279073095,0.75,False,0.85,1.0,0.22766487076214276,3,3,3.4705882352941178
calibration,46018,3,26388279073095,0.9,False,0.85,1.0,0.1919307072418517,3,3,1.5294117647058822
calibration,46018,3,26388279073095,1.0,True,1.0,0.0,0.0,0,0,0.0
calibration,46018,4,2199023262847,0.25,False,0.75,1.0,0.379169134840077,5,5,5.666666666666667
calibration,46018,4,2199023262847,0.5,False,0.8,1.0,0.29930847003820743,4,4,5.0
calibration,46018,4,2199023262847,0.75,False,0.95,1.0,0.11671757938112867,1,1,3.0526315789473686
calibration,46018,4,2199023262847,0.9,False,0.95,1.0,0.09137002566087812,1,1,2.0526315789473686
calibration,46018,4,2199023262847,1.0,True,1.0,0.0,0.0,0,0,0.0
calibration,46019,0,21990232565418,0.25,False,0.55,1.0,0.52334325510008,9,9,2.0
calibration,46019,0,21990232565418,0.5,False,0.75,1.0,0.3377067091765073,5,5,2.1333333333333333
calibration,46019,0,21990232565418,0.75,False,0.8,1.0,0.234224579383632,4,4,0.75
calibration,46019,0,21990232565418,0.9,False,0.85,1.0,0.17330928181587063,3,3,0.8823529411764706
calibration,46019,0,21990232565418,1.0,True,1.0,0.0,0.0,0,0,0.0
calibration,46019,1,4398046520819,0.25,False,0.65,1.0,0.4889763487183326,7,7,5.0
calibration,46019,1,4398046520819,0.5,False,0.85,1.0,0.23073473377169665,3,3,2.5294117647058822
calibration,46019,1,4398046520819,0.75,False,0.9,1.0,0.1510602354524205,2,2,1.8888888888888888
calibration,46019,1,4398046520819,0.9,False,0.95,1.0,0.09116744490209046,1,1,2.0526315789473686
calibration,46019,1,4398046520819,1.0,True,1.0,0.0,0.0,0,0,0.0
calibration,46019,2,17592186047947,0.25,False,0.6,1.0,0.6630736910148675,8,8,4.416666666666667
calibration,46019,2,17592186047947,0.5,False,0.8,1.0,0.37799324858148386,4,4,3.875
calibration,46019,2,17592186047947,0.75,False,0.85,1.0,0.2520080681845388,3,3,2.7058823529411766
calibration,46019,2,17592186047947,0.9,False,0.9,1.0,0.16111270719113857,2,2,1.5
calibration,46019,2,17592186047947,1.0,True,1.0,0.0,0.0,0,0,0.0
calibration,46019,3,26388279073095,0.25,False,0.65,1.0,0.5544418064095187,7,7,4.3076923076923075
calibration,46019,3,26388279073095,0.5,False,0.75,1.0,0.32783246436455116,5,5,2.4
calibration,46019,3,26388279073095,0.75,False,0.85,1.0,0.20351165385113307,3,3,1.7647058823529411
calibration,46019,3,26388279073095,0.9,False,0.9,1.0,0.13331326959612205,2,2,1.2777777777777777
calibration,46019,3,26388279073095,1.0,True,1.0,0.0,0.0,0,0,0.0
calibration,46019,4,2199023262847,0.25,False,0.7,1.0,0.449998664466598,6,6,5.928571428571429
calibration,46019,4,2199023262847,0.5,False,0.8,1.0,0.28892607136292914,4,4,3.3125
calibration,46019,4,2199023262847,0.75,False,0.95,1.0,0.1112364798307445,1,1,2.263157894736842
calibration,46019,4,2199023262847,0.9,True,1.0,0.11111111111111115,0.04553757601991424,0,0,2.6
calibration,46019,4,2199023262847,1.0,True,1.0,0.0,0.0,0,0,0.0
test,47000,0,2199023262215,0.25,False,0.6,1.0,0.511319520725787,8,8,4.416666666666667
test,47000,0,2199023262215,0.5,False,0.8,1.0,0.28792749347739066,4,4,3.625
test,47000,0,2199023262215,0.75,False,0.95,1.0,0.11810941739214678,1,1,2.1052631578947367
test,47000,0,2199023262215,0.9,False,0.95,1.0,0.08785746119848728,1,1,1.736842105263158
test,47000,0,2199023262215,1.0,True,1.0,0.0,0.0,0,0,0.0
test,47000,1,10995116281525,0.25,False,0.6,1.0,0.590725927254292,8,8,4.166666666666667
test,47000,1,10995116281525,0.5,False,0.7,1.0,0.39381922149972315,6,6,3.142857142857143
test,47000,1,10995116281525,0.75,False,0.75,1.0,0.3049566333361827,5,5,2.1333333333333333
test,47000,1,10995116281525,0.9,False,0.85,1.0,0.1818956109382439,3,3,1.2941176470588236
test,47000,1,10995116281525,1.0,True,1.0,0.0,0.0,0,0,0.0
test,47000,2,17592186053645,0.25,False,0.5,1.0,0.6795778773433793,10,10,5.9
test,47000,2,17592186053645,0.5,False,0.75,1.0,0.34540483195938826,5,5,3.7333333333333334
test,47000,2,17592186053645,0.75,False,0.9,1.0,0.17492229001285575,2,2,2.2777777777777777
test,47000,2,17592186053645,0.9,False,0.95,1.0,0.09006468378326397,1,1,1.3157894736842106
test,47000,2,17592186053645,1.0,True,1.0,0.0,0.0,0,0,0.0
test,47000,3,28587302328950,0.25,False,0.55,1.0,0.5694515047003329,9,9,5.363636363636363
test,47000,3,28587302328950,0.5,False,0.75,1.0,0.31448383711115235,5,5,2.466666666666667
test,47000,3,28587302328950,0.75,False,0.9,1.0,0.1734805834499974,2,2,4.166666666666667
test,47000,3,28587302328950,0.9,False,0.95,1.0,0.08763760007185095,1,1,1.894736842105263
test,47000,3,28587302328950,1.0,True,1.0,0.0,0.0,0,0,0.0
test,47000,4,15393162793550,0.25,False,0.7,1.0,0.43321475645202057,6,6,5.071428571428571
test,47000,4,15393162793550,0.5,False,0.7,1.0,0.37879137648097433,6,6,2.7857142857142856
test,47000,4,15393162793550,0.75,False,0.8,1.0,0.2701797822951761,4,4,2.1875
test,47000,4,15393162793550,0.9,False,0.95,1.0,0.08978545239966268,1,1,1.4736842105263157
test,47000,4,15393162793550,1.0,True,1.0,0.0,0.0,0,0,0.0
test,47000,5,30786325579731,0.25,False,0.75,1.0,0.3800796784590175,5,5,4.2
test,47000,5,30786325579731,0.5,False,0.75,1.0,0.307921621981067,5,5,2.066666666666667
test,47000,5,30786325579731,0.75,False,0.9,1.0,0.15762933184811867,2,2,1.1111111111111112
test,47000,5,30786325579731,0.9,False,0.95,1.0,0.08554390625993083,1,1,0.631578947368421
test,47000,5,30786325579731,1.0,True,1.0,0.0,0.0,0,0,0.0
test,47000,6,13194139533366,0.25,True,1.0,0.0,0.0,0,0,0.0
test,47000,6,13194139533366,0.5,True,1.0,0.0,0.0,0,0,0.0
test,47000,6,13194139533366,0.75,True,1.0,0.0,0.0,0,0,0.0
test,47000,6,13194139533366,0.9,True,1.0,0.0,0.0,0,0,0.0
test,47000,6,13194139533366,1.0,True,1.0,0.0,0.0,0,0,0.0
test,47000,7,21990232564633,0.25,False,0.75,1.0,0.3623435135276308,5,5,4.266666666666667
test,47000,7,21990232564633,0.5,False,0.75,1.0,0.3228389717141968,5,5,2.7333333333333334
test,47000,7,21990232564633,0.75,False,0.85,1.0,0.20141379585337765,3,3,1.8235294117647058
test,47000,7,21990232564633,0.9,False,0.9,1.0,0.13527296782937312,2,2,1.2777777777777777
test,47000,7,21990232564633,1.0,True,1.0,0.0,0.0,0,0,0.0
test,47000,8,30786325577964,0.25,False,0.4,1.0,0.7730833219068514,12,12,3.375
test,47000,8,30786325577964,0.5,False,0.65,1.0,0.5236055651864475,7,7,3.230769230769231
test,47000,8,30786325577964,0.75,False,0.9,1.0,0.20927021235844764,2,2,2.7777777777777777
test,47000,8,30786325577964,0.9,False,0.9,1.0,0.1685153649001688,2,2,1.9444444444444444
test,47000,8,30786325577964,1.0,True,1.0,0.0,0.0,0,0,0.0
test,47000,9,2199023256351,0.25,False,0.7,1.0,0.43093575744464285,6,6,4.214285714285714
test,47000,9,2199023256351,0.5,False,0.75,1.0,0.3055213296514518,5,5,1.8
test,47000,9,2199023256351,0.75,False,0.85,1.0,0.1928729400095403,3,3,2.235294117647059
test,47000,9,2199023256351,0.9,False,0.9,1.0,0.13274357005758067,2,2,1.3888888888888888
test,47000,9,2199023256351,1.0,True,1.0,0.0,0.0,0,0,0.0
test,47000,10,32985348835319,0.25,False,0.75,1.0,0.36473224655682895,5,5,3.7333333333333334
test,47000,10,32985348835319,0.5,False,0.85,1.0,0.21510789145904208,3,3,2.176470588235294
test,47000,10,32985348835319,0.75,False,0.85,1.0,0.20595540490784064,3,3,1.8235294117647058
test,47000,10,32985348835319,0.9,False,0.95,1.0,0.0828953676446554,1,1,1.0
test,47000,10,32985348835319,1.0,True,1.0,0.0,0.0,0,0,0.0
test,47000,11,28587302324330,0.25,False,0.65,1.0,0.4466501829195093,7,7,2.230769230769231
test,47000,11,28587302324330,0.5,False,0.8,1.0,0.29465001105336275,4,4,2.625
test,47000,11,28587302324330,0.75,False,0.9,1.0,0.1492182901569197,2,2,1.6111111111111112
test,47000,11,28587302324330,0.9,False,0.9,1.0,0.1310343813254043,2,2,1.0555555555555556
test,47000,11,28587302324330,1.0,True,1.0,0.0,0.0,0,0,0.0
test,47000,12,28587302331918,0.25,False,0.65,1.0,0.4386771026038616,7,7,3.6153846153846154
test,47000,12,28587302331918,0.5,False,0.85,1.0,0.24556386312966563,3,3,3.2941176470588234
test,47000,12,28587302331918,0.75,False,0.95,1.0,0.11251531223883118,1,1,1.9473684210526316
test,47000,12,28587302331918,0.9,False,0.95,1.0,0.09766746518956657,1,1,1.7894736842105263
test,47000,12,28587302331918,1.0,True,1.0,0.0,0.0,0,0,0.0
test,47000,13,4398046519752,0.25,False,0.65,1.0,0.4671390702195393,7,7,4.538461538461538
test,47000,13,4398046519752,0.5,False,0.75,1.0,0.3304841456412138,5,5,3.2
test,47000,13,4398046519752,0.75,False,0.9,1.0,0.16152525178905805,2,2,1.3888888888888888
test,47000,13,4398046519752,0.9,False,0.95,1.0,0.086663012111841,1,1,1.263157894736842
test,47000,13,4398046519752,1.0,True,1.0,0.0,0.0,0,0,0.0
test,47000,14,32985348841588,0.25,True,1.0,0.0,0.0,0,0,0.0
test,47000,14,32985348841588,0.5,True,1.0,0.0,0.0,0,0,0.0
test,47000,14,32985348841588,0.75,True,1.0,0.0,0.0,0,0,0.0
test,47000,14,32985348841588,0.9,True,1.0,0.0,0.0,0,0,0.0
test,47000,14,32985348841588,1.0,True,1.0,0.0,0.0,0,0,0.0
test,47000,15,6597069772017,0.25,False,0.7,1.0,0.42347611590294437,6,6,4.142857142857143
test,47000,15,6597069772017,0.5,False,0.7,1.0,0.36230739250824373,6,6,2.0714285714285716
test,47000,15,6597069772017,0.75,False,0.8,1.0,0.2586617571638162,4,4,2.1875
test,47000,15,6597069772017,0.9,False,0.95,1.0,0.08242558787731709,1,1,1.0526315789473684
test,47000,15,6597069772017,1.0,True,1.0,0.0,0.0,0,0,0.0
test,47000,16,30786325578215,0.25,False,0.7,1.0,0.4582003472244077,6,6,3.857142857142857
test,47000,16,30786325578215,0.5,False,0.75,1.0,0.36010668830112114,5,5,3.6666666666666665
test,47000,16,30786325578215,0.75,False,0.85,1.0,0.2229045421626182,3,3,1.588235294117647
test,47000,16,30786325578215,0.9,False,0.95,1.0,0.09776271775206381,1,1,1.0
test,47000,16,30786325578215,1.0,True,1.0,0.0,0.0,0,0,0.0
test,47000,17,24189255818308,0.25,False,0.65,1.0,0.4525194600995276,7,7,3.076923076923077
test,47000,17,24189255818308,0.5,False,0.75,1.0,0.32796214292213965,5,5,3.066666666666667
test,47000,17,24189255818308,0.75,False,0.9,1.0,0.1538814756806711,2,2,1.4444444444444444
test,47000,17,24189255818308,0.9,False,0.9,1.0,0.14229888900540988,2,2,1.2222222222222223
test,47000,17,24189255818308,1.0,True,1.0,0.0,0.0,0,0,0.0
test,47000,18,15393162789346,0.25,False,0.6,1.0,0.46115053066665973,8,8,3.25
test,47000,18,15393162789346,0.5,False,0.85,1.0,0.23675736519897286,3,3,4.529411764705882
test,47000,18,15393162789346,0.75,False,0.95,1.0,0.09815371126852462,1,1,2.210526315789474
test,47000,18,15393162789346,0.9,False,0.95,1.0,0.08053343722881785,1,1,1.6842105263157894
test,47000,18,15393162789346,1.0,True,1.0,0.0,0.0,0,0,0.0
test,47000,19,26388279069359,0.25,False,0.8,1.0,0.35103706731673684,4,4,3.1875
test,47000,19,26388279069359,0.5,False,0.75,1.0,0.30998126420702565,5,5,2.0
test,47000,19,26388279069359,0.75,False,0.85,1.0,0.18996504826585453,3,3,1.1764705882352942
test,47000,19,26388279069359,0.9,False,0.9,1.0,0.12520727283648153,2,2,0.5555555555555556
test,47000,19,26388279069359,1.0,True,1.0,0.0,0.0,0,0,0.0
test,47001,0,2199023262215,0.25,False,0.7,1.0,0.40742817153265304,6,6,3.4285714285714284
test,47001,0,2199023262215,0.5,False,0.9,1.0,0.20435980781371738,2,2,4.444444444444445
test,47001,0,2199023262215,0.75,False,0.95,1.0,0.10276926541476747,1,1,2.3684210526315788
test,47001,0,2199023262215,0.9,True,1.0,0.06976744186046512,0.03878536162979165,0,0,2.1
test,47001,0,2199023262215,1.0,True,1.0,0.0,0.0,0,0,0.0
test,47001,1,10995116281525,0.25,False,0.6,1.0952380952380953,0.626005693983322,8,8,5.083333333333333
test,47001,1,10995116281525,0.5,False,0.8,1.0,0.3411145364551843,4,4,4.875
test,47001,1,10995116281525,0.75,False,0.9,1.0,0.15196296034250978,2,2,2.3333333333333335
test,47001,1,10995116281525,0.9,False,0.9,1.0,0.13193210443228895,2,2,0.8888888888888888
test,47001,1,10995116281525,1.0,True,1.0,0.0,0.0,0,0,0.0
test,47001,2,17592186053645,0.25,False,0.6,1.0,0.567525343772642,8,8,4.166666666666667
test,47001,2,17592186053645,0.5,False,0.7,1.0,0.3615199865787913,6,6,2.357142857142857
test,47001,2,17592186053645,0.75,False,0.85,1.0,0.21769516678521333,3,3,2.3529411764705883
test,47001,2,17592186053645,0.9,False,0.95,1.0,0.0763305454373441,1,1,1.1578947368421053
test,47001,2,17592186053645,1.0,True,1.0,0.0,0.0,0,0,0.0
test,47001,3,28587302328950,0.25,False,0.55,1.0,0.587676316040866,9,9,3.909090909090909
test,47001,3,28587302328950,0.5,False,0.7,1.0,0.3611593174863508,6,6,2.0714285714285716
test,47001,3,28587302328950,0.75,False,0.8,1.0,0.24376514053479875,4,4,1.5
test,47001,3,28587302328950,0.9,False,0.9,1.0,0.12929098768599293,2,2,1.4444444444444444
test,47001,3,28587302328950,1.0,True,1.0,0.0,0.0,0,0,0.0
test,47001,4,15393162793550,0.25,False,0.55,1.0,0.5541014671725621,9,9,3.090909090909091
test,47001,4,15393162793550,0.5,False,0.7,1.0,0.35699954421662217,6,6,2.357142857142857
test,47001,4,15393162793550,0.75,False,0.85,1.0,0.20354441125004583,3,3,2.3529411764705883
test,47001,4,15393162793550,0.9,False,0.95,1.0,0.07987807188089092,1,1,0.7368421052631579
test,47001,4,15393162793550,1.0,True,1.0,0.0,0.0,0,0,0.0
test,47001,5,30786325579731,0.25,False,0.65,1.0,0.4669588623279982,7,7,3.5384615384615383
test,47001,5,30786325579731,0.5,False,0.8,1.0,0.27284718888721354,4,4,2.0
test,47001,5,30786325579731,0.75,False,0.85,1.0,0.19514468651663838,3,3,1.8823529411764706
test,47001,5,30786325579731,0.9,False,0.95,1.0,0.08292699992849065,1,1,1.4736842105263157
test,47001,5,30786325579731,1.0,True,1.0,0.0,0.0,0,0,0.0
test,47001,6,13194139533366,0.25,True,1.0,0.0,0.0,0,0,0.0
test,47001,6,13194139533366,0.5,True,1.0,0.0,0.0,0,0,0.0
test,47001,6,13194139533366,0.75,True,1.0,0.0,0.0,0,0,0.0
test,47001,6,13194139533366,0.9,True,1.0,0.0,0.0,0,0,0.0
test,47001,6,13194139533366,1.0,True,1.0,0.0,0.0,0,0,0.0
test,47001,7,21990232564633,0.25,False,0.7,1.0,0.41444436631643927,6,6,2.7142857142857144
test,47001,7,21990232564633,0.5,False,0.85,1.0,0.2297166864584781,3,3,2.5294117647058822
test,47001,7,21990232564633,0.75,False,0.85,1.0,0.19841975192894337,3,3,1.2352941176470589
test,47001,7,21990232564633,0.9,False,0.85,1.0,0.18252093227120259,3,3,0.7647058823529411
test,47001,7,21990232564633,1.0,True,1.0,0.0,0.0,0,0,0.0
test,47001,8,30786325577964,0.25,False,0.6,1.1818181818181819,0.6554265913824737,8,8,4.083333333333333
test,47001,8,30786325577964,0.5,False,0.75,1.0,0.4506316518448871,5,5,3.466666666666667
test,47001,8,30786325577964,0.75,False,0.9,1.0,0.2296287481581599,2,2,3.611111111111111
test,47001,8,30786325577964,0.9,False,0.85,1.0,0.20301951815432204,3,3,1.4705882352941178
test,47001,8,30786325577964,1.0,True,1.0,0.0,0.0,0,0,0.0
test,47001,9,2199023256351,0.25,False,0.6,1.0,0.49854438210898105,8,8,2.25
test,47001,9,2199023256351,0.5,False,0.8,1.0,0.260970827166285,4,4,2.3125
test,47001,9,2199023256351,0.75,False,0.85,1.0,0.19521434551066008,3,3,1.3529411764705883
test,47001,9,2199023256351,0.9,False,0.9,1.0,0.13074929519769993,2,2,1.3333333333333333
test,47001,9,2199023256351,1.0,True,1.0,0.0,0.0,0,0,0.0
test,47001,10,32985348835319,0.25,False,0.6,1.0,0.49459292856830084,8,8,3.1666666666666665
test,47001,10,32985348835319,0.5,False,0.85,1.0,0.23025383836923327,3,3,2.176470588235294
test,47001,10,32985348835319,0.75,False,0.8,1.0,0.24147723109704308,4,4,1.375
test,47001,10,32985348835319,0.9,False,0.85,1.0,0.17953735113114186,3,3,0.8235294117647058
test,47001,10,32985348835319,1.0,True,1.0,0.0,0.0,0,0,0.0
test,47001,11,28587302324330,0.25,False,0.5,1.0,0.5650805454399203,10,10,2.7
test,47001,11,28587302324330,0.5,False,0.75,1.0,0.32036743225454123,5,5,1.8
test,47001,11,28587302324330,0.75,False,0.8,1.0,0.2438922004603837,4,4,2.0
test,47001,11,28587302324330,0.9,False,0.85,1.0,0.18622709235837348,3,3,1.411764705882353
test,47001,11,28587302324330,1.0,True,1.0,0.0,0.0,0,0,0.0
test,47001,12,28587302331918,0.25,False,0.65,1.0,0.4470484066402086,7,7,2.3076923076923075
test,47001,12,28587302331918,0.5,False,0.8,1.0,0.28027752376462983,4,4,2.0625
test,47001,12,28587302331918,0.75,False,0.85,1.0,0.19114321871502865,3,3,1.2941176470588236
test,47001,12,28587302331918,0.9,False,0.95,1.0,0.07720267352345417,1,1,1.3157894736842106
test,47001,12,28587302331918,1.0,True,1.0,0.0,0.0,0,0,0.0
test,47001,13,4398046519752,0.25,False,0.65,1.0,0.45665195733827463,7,7,2.769230769230769
test,47001,13,4398046519752,0.5,False,0.75,1.0,0.3228803549237874,5,5,2.6
test,47001,13,4398046519752,0.75,False,0.85,1.0,0.20164898288746363,3,3,1.8235294117647058
test,47001,13,4398046519752,0.9,False,0.9,1.0,0.13007983416545102,2,2,0.4444444444444444
test,47001,13,4398046519752,1.0,True,1.0,0.0,0.0,0,0,0.0
test,47001,14,32985348841588,0.25,True,1.0,0.0,0.0,0,0,0.0
test,47001,14,32985348841588,0.5,True,1.0,0.0,0.0,0,0,0.0
test,47001,14,32985348841588,0.75,True,1.0,0.0,0.0,0,0,0.0
test,47001,14,32985348841588,0.9,True,1.0,0.0,0.0,0,0,0.0
test,47001,14,32985348841588,1.0,True,1.0,0.0,0.0,0,0,0.0
test,47001,15,6597069772017,0.25,False,0.55,1.0,0.5213492734733047,9,9,1.6363636363636365
test,47001,15,6597069772017,0.5,False,0.8,1.0,0.267296657007657,4,4,3.0625
test,47001,15,6597069772017,0.75,False,0.9,1.0,0.1413048576246958,2,2,1.3333333333333333
test,47001,15,6597069772017,0.9,True,1.0,0.06318082788671023,0.03681305324318243,0,0,1.1
test,47001,15,6597069772017,1.0,True,1.0,0.0,0.0,0,0,0.0
test,47001,16,30786325578215,0.25,False,0.55,1.0,0.5686692121442065,9,9,3.0
test,47001,16,30786325578215,0.5,False,0.65,1.0,0.4594925393681937,7,7,4.230769230769231
test,47001,16,30786325578215,0.75,False,0.85,1.0,0.22286606580627955,3,3,2.9411764705882355
test,47001,16,30786325578215,0.9,True,1.0,0.11111111111111119,0.034484485141815506,0,0,1.5
test,47001,16,30786325578215,1.0,True,1.0,0.0,0.0,0,0,0.0
test,47001,17,24189255818308,0.25,False,0.65,1.0,0.5140364448391279,7,7,4.153846153846154
test,47001,17,24189255818308,0.5,False,0.85,1.0,0.2690271426590881,3,3,3.176470588235294
test,47001,17,24189255818308,0.75,False,0.85,1.0,0.22196017696495365,3,3,1.6470588235294117
test,47001,17,24189255818308,0.9,False,0.9,1.0,0.13090852500374173,2,2,0.7777777777777778
test,47001,17,24189255818308,1.0,True,1.0,0.0,0.0,0,0,0.0
test,47001,18,15393162789346,0.25,False,0.65,1.0,0.4491780434674088,7,7,4.615384615384615
test,47001,18,15393162789346,0.5,False,0.7,1.0,0.3795552676737297,6,6,3.642857142857143
test,47001,18,15393162789346,0.75,False,0.85,1.0,0.20068954217784554,3,3,2.0588235294117645
test,47001,18,15393162789346,0.9,False,0.9,1.0,0.135763400801788,2,2,1.4444444444444444
test,47001,18,15393162789346,1.0,True,1.0,0.0,0.0,0,0,0.0
test,47001,19,26388279069359,0.25,False,0.6,1.0,0.5018689252479611,8,8,2.3333333333333335
test,47001,19,26388279069359,0.5,False,0.8,1.0,0.26744684098112115,4,4,1.9375
test,47001,19,26388279069359,0.75,False,0.8,1.0,0.2479949673883,4,4,1.9375
test,47001,19,26388279069359,0.9,True,1.0,0.10165484633569742,0.030812485252809142,0,0,1.1
test,47001,19,26388279069359,1.0,True,1.0,0.0,0.0,0,0,0.0
test,47002,0,2199023262215,0.25,False,0.65,1.0,0.44373078999866805,7,7,4.0
test,47002,0,2199023262215,0.5,False,0.85,1.0,0.22245917762014739,3,3,2.2941176470588234
test,47002,0,2199023262215,0.75,False,0.95,1.0,0.12558155080054648,1,1,2.1578947368421053
test,47002,0,2199023262215,0.9,False,0.95,1.0,0.08634158805749556,1,1,1.5263157894736843
test,47002,0,2199023262215,1.0,True,1.0,0.0,0.0,0,0,0.0
test,47002,1,10995116281525,0.25,False,0.5,1.0,0.631378415304962,10,10,2.8
test,47002,1,10995116281525,0.5,False,0.75,1.0,0.30729136959964864,5,5,1.9333333333333333
test,47002,1,10995116281525,0.75,False,0.85,1.0,0.20897365836308665,3,3,2.0588235294117645
test,47002,1,10995116281525,0.9,False,0.9,1.0,0.1401907805119118,2,2,1.4444444444444444
test,47002,1,10995116281525,1.0,True,1.0,0.0,0.0,0,0,0.0
test,47002,2,17592186053645,0.25,False,0.75,1.0,0.3869938139617806,5,5,3.2
test,47002,2,17592186053645,0.5,False,0.75,1.0,0.34214463703040915,5,5,3.6666666666666665
test,47002,2,17592186053645,0.75,False,0.9,1.0,0.17815893271857966,2,2,2.8333333333333335
test,47002,2,17592186053645,0.9,False,0.95,1.0,0.0861626263669378,1,1,1.5263157894736843
test,47002,2,17592186053645,1.0,True,1.0,0.0,0.0,0,0,0.0
test,47002,3,28587302328950,0.25,False,0.6,1.0,0.5204824457515114,8,8,2.5
test,47002,3,28587302328950,0.5,False,0.8,1.0,0.29176644438922955,4,4,3.5
test,47002,3,28587302328950,0.75,False,0.9,1.0,0.17382757486094297,2,2,3.9444444444444446
test,47002,3,28587302328950,0.9,False,0.9,1.0,0.1406165793825334,2,2,2.2222222222222223
test,47002,3,28587302328950,1.0,True,1.0,0.0,0.0,0,0,0.0
test,47002,4,15393162793550,0.25,False,0.7,1.0,0.4356017589819329,6,6,4.642857142857143
test,47002,4,15393162793550,0.5,False,0.8,1.0,0.2881349686039865,4,4,4.125
test,47002,4,15393162793550,0.75,False,0.9,1.0,0.15773880561186446,2,2,2.1666666666666665
test,47002,4,15393162793550,0.9,False,0.85,1.0,0.1839935345693205,3,3,1.2941176470588236
test,47002,4,15393162793550,1.0,True,1.0,0.0,0.0,0,0,0.0
test,47002,5,30786325579731,0.25,False,0.6,1.0,0.48650456666457736,8,8,1.9166666666666667
test,47002,5,30786325579731,0.5,False,0.85,1.0,0.23086063722630684,3,3,2.411764705882353
test,47002,5,30786325579731,0.75,False,0.9,1.0,0.16262096072610563,2,2,2.0
test,47002,5,30786325579731,0.9,False,0.95,1.0,0.08103541650325952,1,1,1.368421052631579
test,47002,5,30786325579731,1.0,True,1.0,0.0,0.0,0,0,0.0
test,47002,6,13194139533366,0.25,True,1.0,0.0,0.0,0,0,0.0
test,47002,6,13194139533366,0.5,True,1.0,0.0,0.0,0,0,0.0
test,47002,6,13194139533366,0.75,True,1.0,0.0,0.0,0,0,0.0
test,47002,6,13194139533366,0.9,True,1.0,0.0,0.0,0,0,0.0
test,47002,6,13194139533366,1.0,True,1.0,0.0,0.0,0,0,0.0
test,47002,7,21990232564633,0.25,False,0.7,1.0,0.42640059223955246,6,6,3.0
test,47002,7,21990232564633,0.5,False,0.85,1.0,0.23809419802049478,3,3,2.1176470588235294
test,47002,7,21990232564633,0.75,False,0.85,1.0,0.21641794538747564,3,3,1.8823529411764706
test,47002,7,21990232564633,0.9,False,0.9,1.0,0.13122667806858684,2,2,1.2222222222222223
test,47002,7,21990232564633,1.0,True,1.0,0.0,0.0,0,0,0.0
test,47002,8,30786325577964,0.25,False,0.6,1.2222222222222223,0.6913548869431223,8,8,5.333333333333333
test,47002,8,30786325577964,0.5,False,0.7,1.0,0.5082015125397479,6,6,3.5714285714285716
test,47002,8,30786325577964,0.75,False,0.75,1.0,0.34571641049582225,5,5,2.8
test,47002,8,30786325577964,0.9,False,0.85,1.0,0.2036930049797697,3,3,2.3529411764705883
test,47002,8,30786325577964,1.0,True,1.0,0.0,0.0,0,0,0.0
test,47002,9,2199023256351,0.25,False,0.7,1.0,0.42033352516705735,6,6,4.0
test,47002,9,2199023256351,0.5,False,0.85,1.0,0.22570927140077676,3,3,2.4705882352941178
test,47002,9,2199023256351,0.75,False,0.95,1.0,0.1045359188514731,1,1,2.0526315789473686
test,47002,9,2199023256351,0.9,False,0.95,1.0,0.08116720880364706,1,1,1.5263157894736843
test,47002,9,2199023256351,1.0,True,1.0,0.0,0.0,0,0,0.0
test,47002,10,32985348835319,0.25,False,0.7,1.0,0.3985771388288201,6,6,2.7857142857142856
test,47002,10,32985348835319,0.5,False,0.8,1.0,0.2571046207602009,4,4,2.4375
test,47002,10,32985348835319,0.75,False,0.85,1.0,0.20252423078349008,3,3,1.7647058823529411
test,47002,10,32985348835319,0.9,True,1.0,0.11764705882352941,0.04798183477284699,0,0,1.7
test,47002,10,32985348835319,1.0,True,1.0,0.0,0.0,0,0,0.0
test,47002,11,28587302324330,0.25,False,0.65,1.0,0.4324935492220031,7,7,2.3846153846153846
test,47002,11,28587302324330,0.5,False,0.8,1.0,0.2762649513844896,4,4,1.5625
test,47002,11,28587302324330,0.75,False,0.85,1.0,0.2104634311842172,3,3,1.3529411764705883
test,47002,11,28587302324330,0.9,False,0.95,1.0,0.08653893854281404,1,1,1.1578947368421053
test,47002,11,28587302324330,1.0,True,1.0,0.0,0.0,0,0,0.0
test,47002,12,28587302331918,0.25,False,0.75,1.0,0.3497841647432831,5,5,2.8
test,47002,12,28587302331918,0.5,False,0.9,1.0,0.18714840420679818,2,2,2.3333333333333335
test,47002,12,28587302331918,0.75,True,1.0,0.15151515151515146,0.06631525792623648,0,0,1.6
test,47002,12,28587302331918,0.9,True,1.0,0.11111111111111113,0.03998395288732401,0,0,1.1
test,47002,12,28587302331918,1.0,True,1.0,0.0,0.0,0,0,0.0
test,47002,13,4398046519752,0.25,False,0.7,1.0,0.4037154028775186,6,6,3.142857142857143
test,47002,13,4398046519752,0.5,False,0.8,1.0,0.27064295003503286,4,4,1.75
test,47002,13,4398046519752,0.75,False,0.95,1.0,0.12357124249833248,1,1,2.473684210526316
test,47002,13,4398046519752,0.9,False,0.95,1.0,0.10293675998053886,1,1,1.8421052631578947
test,47002,13,4398046519752,1.0,True,1.0,0.0,0.0,0,0,0.0
test,47002,14,32985348841588,0.25,True,1.0,0.0,0.0,0,0,0.0
test,47002,14,32985348841588,0.5,True,1.0,0.0,0.0,0,0,0.0
test,47002,14,32985348841588,0.75,True,1.0,0.0,0.0,0,0,0.0
test,47002,14,32985348841588,0.9,True,1.0,0.0,0.0,0,0,0.0
test,47002,14,32985348841588,1.0,True,1.0,0.0,0.0,0,0,0.0
test,47002,15,6597069772017,0.25,False,0.6,1.0,0.4769461124519606,8,8,2.5
test,47002,15,6597069772017,0.5,False,0.8,1.0,0.2776556385865237,4,4,2.25
test,47002,15,6597069772017,0.75,False,0.85,1.0,0.20314269604486151,3,3,1.9411764705882353
test,47002,15,6597069772017,0.9,False,0.95,1.0,0.07947043007047884,1,1,0.7894736842105263
test,47002,15,6597069772017,1.0,True,1.0,0.0,0.0,0,0,0.0
test,47002,16,30786325578215,0.25,False,0.75,1.0,0.3655909042003894,5,5,4.533333333333333
test,47002,16,30786325578215,0.5,False,0.85,1.0,0.2514826935529384,3,3,3.2941176470588234
test,47002,16,30786325578215,0.75,False,0.95,1.0,0.1332941567769918,1,1,2.6315789473684212
test,47002,16,30786325578215,0.9,False,0.95,1.0,0.09577861130650595,1,1,1.105263157894737
test,47002,16,30786325578215,1.0,True,1.0,0.0,0.0,0,0,0.0
test,47002,17,24189255818308,0.25,False,0.55,1.0,0.5662175745925565,9,9,2.272727272727273
test,47002,17,24189255818308,0.5,False,0.85,1.0,0.2528300979017159,3,3,2.4705882352941178
test,47002,17,24189255818308,0.75,False,0.9,1.0,0.16514980054540612,2,2,1.5555555555555556
test,47002,17,24189255818308,0.9,True,1.0,0.11111111111111108,0.037408362001384234,0,0,1.0
test,47002,17,24189255818308,1.0,True,1.0,0.0,0.0,0,0,0.0
test,47002,18,15393162789346,0.25,False,0.7,1.0,0.39912215995407846,6,6,3.857142857142857
test,47002,18,15393162789346,0.5,False,0.9,1.0,0.19007073650648823,2,2,3.3333333333333335
test,47002,18,15393162789346,0.75,True,1.0,0.1333333333333334,0.049481714526382926,0,0,2.2
test,47002,18,15393162789346,0.9,False,0.95,1.0,0.07843945044484657,1,1,1.5789473684210527
test,47002,18,15393162789346,1.0,True,1.0,0.0,0.0,0,0,0.0
test,47002,19,26388279069359,0.25,False,0.7,1.0,0.40052579733067323,6,6,2.5714285714285716
test,47002,19,26388279069359,0.5,False,0.9,1.0,0.19768326250584506,2,2,2.4444444444444446
test,47002,19,26388279069359,0.75,False,0.8,1.0,0.2556748944305325,4,4,1.625
test,47002,19,26388279069359,0.9,False,0.9,1.0,0.1252325677796328,2,2,0.7777777777777778
test,47002,19,26388279069359,1.0,True,1.0,0.0,0.0,0,0,0.0
test,47003,0,2199023262215,0.25,False,0.65,1.0,0.4725407634887196,7,7,3.0
test,47003,0,2199023262215,0.5,False,0.9,1.0,0.15074237305812932,2,2,1.9444444444444444
test,47003,0,2199023262215,0.75,False,0.9,1.0,0.1524434675416303,2,2,1.7222222222222223
test,47003,0,2199023262215,0.9,False,0.95,1.0,0.08666836143445042,1,1,1.4210526315789473
test,47003,0,2199023262215,1.0,True,1.0,0.0,0.0,0,0,0.0
test,47003,1,10995116281525,0.25,False,0.65,1.0,0.5261324348188436,7,7,3.5384615384615383
test,47003,1,10995116281525,0.5,False,0.9,1.0,0.24875268606586132,2,2,3.0555555555555554
test,47003,1,10995116281525,0.75,False,0.85,1.0,0.22905837256435446,3,3,2.8823529411764706
test,47003,1,10995116281525,0.9,False,0.95,1.0,0.0885203945212236,1,1,1.4210526315789473
test,47003,1,10995116281525,1.0,True,1.0,0.0,0.0,0,0,0.0
test,47003,2,17592186053645,0.25,False,0.7,1.0,0.44531974468755936,6,6,3.857142857142857
test,47003,2,17592186053645,0.5,False,0.75,1.0,0.33052740263984787,5,5,3.933333333333333
test,47003,2,17592186053645,0.75,False,0.85,1.0,0.2192044246644415,3,3,3.1176470588235294
test,47003,2,17592186053645,0.9,False,0.95,1.0,0.08431010343526432,1,1,1.4736842105263157
test,47003,2,17592186053645,1.0,True,1.0,0.0,0.0,0,0,0.0
test,47003,3,28587302328950,0.25,False,0.55,1.0,0.5319462109806865,9,9,2.1818181818181817
test,47003,3,28587302328950,0.5,False,0.85,1.0,0.21868565579491478,3,3,2.588235294117647
test,47003,3,28587302328950,0.75,False,0.9,1.0,0.14624073207748084,2,2,2.8333333333333335
test,47003,3,28587302328950,0.9,False,0.95,1.0,0.07848450620466443,1,1,1.6842105263157894
test,47003,3,28587302328950,1.0,True,1.0,0.0,0.0,0,0,0.0
test,47003,4,15393162793550,0.25,False,0.5,1.0,0.6242559872945288,10,10,3.4
test,47003,4,15393162793550,0.5,False,0.8,1.0,0.2641763086313599,4,4,3.625
test,47003,4,15393162793550,0.75,False,0.75,1.0,0.28919975947012866,5,5,1.5333333333333334
test,47003,4,15393162793550,0.9,False,0.85,1.0,0.17937173211245358,3,3,1.0588235294117647
test,47003,4,15393162793550,1.0,True,1.0,0.0,0.0,0,0,0.0
test,47003,5,30786325579731,0.25,False,0.6,1.0,0.49290146734596246,8,8,1.9166666666666667
test,47003,5,30786325579731,0.5,False,0.8,1.0,0.27585368896562135,4,4,2.1875
test,47003,5,30786325579731,0.75,False,0.9,1.0,0.1472841021532718,2,2,1.5555555555555556
test,47003,5,30786325579731,0.9,False,0.9,1.0,0.12521340650636495,2,2,1.2222222222222223
test,47003,5,30786325579731,1.0,True,1.0,0.0,0.0,0,0,0.0
test,47003,6,13194139533366,0.25,True,1.0,0.0,0.0,0,0,0.0
test,47003,6,13194139533366,0.5,True,1.0,0.0,0.0,0,0,0.0
test,47003,6,13194139533366,0.75,True,1.0,0.0,0.0,0,0,0.0
test,47003,6,13194139533366,0.9,True,1.0,0.0,0.0,0,0,0.0
test,47003,6,13194139533366,1.0,True,1.0,0.0,0.0,0,0,0.0
test,47003,7,21990232564633,0.25,False,0.75,1.0,0.3428026866045997,5,5,3.1333333333333333
test,47003,7,21990232564633,0.5,False,0.75,1.0,0.32127911368051826,5,5,2.1333333333333333
test,47003,7,21990232564633,0.75,False,0.95,1.0,0.11052925216430784,1,1,1.6842105263157894
test,47003,7,21990232564633,0.9,False,0.95,1.0,0.08162825499210233,1,1,1.0
test,47003,7,21990232564633,1.0,True,1.0,0.0,0.0,0,0,0.0
test,47003,8,30786325577964,0.25,False,0.55,1.0,0.7154839604839605,9,9,6.181818181818182
test,47003,8,30786325577964,0.5,False,0.7,1.0,0.4353358365490719,6,6,3.857142857142857
test,47003,8,30786325577964,0.75,False,0.9,1.0,0.22076805275334688,2,2,4.055555555555555
test,47003,8,30786325577964,0.9,False,0.9,1.0,0.17093787430797233,2,2,1.6666666666666667
test,47003,8,30786325577964,1.0,True,1.0,0.0,0.0,0,0,0.0
test,47003,9,2199023256351,0.25,False,0.7,1.0,0.42040938810991013,6,6,3.642857142857143
test,47003,9,2199023256351,0.5,False,0.9,1.0,0.1830806338718229,2,2,2.7222222222222223
test,47003,9,2199023256351,0.75,False,0.9,1.0,0.1612054888954675,2,2,2.5555555555555554
test,47003,9,2199023256351,0.9,False,0.85,1.0,0.17848833533627734,3,3,1.0588235294117647
test,47003,9,2199023256351,1.0,True,1.0,0.0,0.0,0,0,0.0
test,47003,10,32985348835319,0.25,False,0.65,1.0,0.49026095662910496,7,7,4.230769230769231
test,47003,10,32985348835319,0.5,False,0.85,1.0,0.2390573947973103,3,3,3.6470588235294117
test,47003,10,32985348835319,0.75,False,0.95,1.0,0.10658530372740978,1,1,2.0526315789473686
test,47003,10,32985348835319,0.9,False,0.9,1.0,0.12230688315440379,2,2,0.5555555555555556
test,47003,10,32985348835319,1.0,True,1.0,0.0,0.0,0,0,0.0
test,47003,11,28587302324330,0.25,False,0.65,1.0,0.47736872614759707,7,7,3.230769230769231
test,47003,11,28587302324330,0.5,False,0.75,1.0,0.3097124948318542,5,5,1.8666666666666667
test,47003,11,28587302324330,0.75,False,0.85,1.0,0.1983348615938077,3,3,1.7058823529411764
test,47003,11,28587302324330,0.9,False,0.9,1.0,0.13118463303430272,2,2,0.7777777777777778
test,47003,11,28587302324330,1.0,True,1.0,0.0,0.0,0,0,0.0
test,47003,12,28587302331918,0.25,False,0.8,1.0,0.36644772737106845,4,4,4.375
test,47003,12,28587302331918,0.5,False,0.85,1.0,0.23773190112240403,3,3,2.588235294117647
test,47003,12,28587302331918,0.75,False,0.95,1.0,0.10272954495098581,1,1,1.5789473684210527
test,47003,12,28587302331918,0.9,False,0.95,1.0,0.08357967123394679,1,1,1.0
test,47003,12,28587302331918,1.0,True,1.0,0.0,0.0,0,0,0.0
test,47003,13,4398046519752,0.25,False,0.6,1.0,0.5427137424093467,8,8,4.583333333333333
test,47003,13,4398046519752,0.5,False,0.75,1.0,0.3347557993745815,5,5,3.2666666666666666
test,47003,13,4398046519752,0.75,False,0.8,1.0,0.2401784089297087,4,4,1.25
test,47003,13,4398046519752,0.9,False,0.9,1.0,0.12400590376870813,2,2,0.7777777777777778
test,47003,13,4398046519752,1.0,True,1.0,0.0,0.0,0,0,0.0
test,47003,14,32985348841588,0.25,True,1.0,0.0,0.0,0,0,0.0
test,47003,14,32985348841588,0.5,True,1.0,0.0,0.0,0,0,0.0
test,47003,14,32985348841588,0.75,True,1.0,0.0,0.0,0,0,0.0
test,47003,14,32985348841588,0.9,True,1.0,0.0,0.0,0,0,0.0
test,47003,14,32985348841588,1.0,True,1.0,0.0,0.0,0,0,0.0
test,47003,15,6597069772017,0.25,False,0.7,1.0,0.41006656027197896,6,6,2.857142857142857
test,47003,15,6597069772017,0.5,False,0.8,1.0,0.2823715070051912,4,4,2.875
test,47003,15,6597069772017,0.75,False,0.95,1.0,0.11515099169464478,1,1,1.8421052631578947
test,47003,15,6597069772017,0.9,False,0.95,1.0,0.08014364858761593,1,1,1.368421052631579
test,47003,15,6597069772017,1.0,True,1.0,0.0,0.0,0,0,0.0
test,47003,16,30786325578215,0.25,False,0.6,1.0,0.518997177048128,8,8,3.9166666666666665
test,47003,16,30786325578215,0.5,False,0.8,1.0,0.31855422937847944,4,4,4.1875
test,47003,16,30786325578215,0.75,False,0.85,1.0,0.190821531872445,3,3,1.0588235294117647
test,47003,16,30786325578215,0.9,False,0.9,1.0,0.13082466841661874,2,2,1.2777777777777777
test,47003,16,30786325578215,1.0,True,1.0,0.0,0.0,0,0,0.0
test,47003,17,24189255818308,0.25,False,0.55,1.0,0.5209021878415282,9,9,2.3636363636363638
test,47003,17,24189255818308,0.5,False,0.85,1.0,0.2338342831751644,3,3,2.823529411764706
test,47003,17,24189255818308,0.75,False,0.95,1.0,0.0920792360583142,1,1,1.105263157894737
test,47003,17,24189255818308,0.9,False,0.9,1.0,0.1325928112318861,2,2,1.1666666666666667
test,47003,17,24189255818308,1.0,True,1.0,0.0,0.0,0,0,0.0
test,47003,18,15393162789346,0.25,False,0.65,1.0,0.46887697668656286,7,7,5.0
test,47003,18,15393162789346,0.5,False,0.8,1.0,0.2834756581977002,4,4,2.875
test,47003,18,15393162789346,0.75,False,0.9,1.0,0.15590671611429263,2,2,2.3333333333333335
test,47003,18,15393162789346,0.9,False,0.95,1.0,0.08251069241262841,1,1,1.2105263157894737
test,47003,18,15393162789346,1.0,True,1.0,0.0,0.0,0,0,0.0
test,47003,19,26388279069359,0.25,False,0.6,1.0,0.46491287651124963,8,8,1.8333333333333333
test,47003,19,26388279069359,0.5,False,0.85,1.0,0.23023166764544872,3,3,2.411764705882353
test,47003,19,26388279069359,0.75,False,0.85,1.0,0.2040987891284694,3,3,1.588235294117647
test,47003,19,26388279069359,0.9,False,0.85,1.0,0.17258671357717886,3,3,0.9411764705882353
test,47003,19,26388279069359,1.0,True,1.0,0.0,0.0,0,0,0.0
test,47004,0,2199023262215,0.25,False,0.55,1.0,0.5250086840857058,9,9,2.909090909090909
test,47004,0,2199023262215,0.5,False,0.75,1.0,0.30226609039463814,5,5,2.466666666666667
test,47004,0,2199023262215,0.75,False,0.9,1.0,0.1601664676187197,2,2,2.888888888888889
test,47004,0,2199023262215,0.9,False,0.95,1.0,0.08435958940858423,1,1,1.5263157894736843
test,47004,0,2199023262215,1.0,True,1.0,0.0,0.0,0,0,0.0
test,47004,1,10995116281525,0.25,False,0.55,1.0,0.6014483179759444,9,9,5.181818181818182
test,47004,1,10995116281525,0.5,False,0.65,1.0,0.4424603578762631,7,7,2.8461538461538463
test,47004,1,10995116281525,0.75,False,0.85,1.0,0.22803762419395074,3,3,2.4705882352941178
test,47004,1,10995116281525,0.9,False,0.9,1.0,0.14258973284193519,2,2,2.0
test,47004,1,10995116281525,1.0,True,1.0,0.0,0.0,0,0,0.0
test,47004,2,17592186053645,0.25,False,0.55,1.0,0.5794530747655394,9,9,5.181818181818182
test,47004,2,17592186053645,0.5,False,0.75,1.0,0.3305487355409395,5,5,2.7333333333333334
test,47004,2,17592186053645,0.75,False,0.85,1.0,0.22093069074182328,3,3,2.9411764705882355
test,47004,2,17592186053645,0.9,False,0.95,1.0,0.07804647299613154,1,1,1.263157894736842
test,47004,2,17592186053645,1.0,True,1.0,0.0,0.0,0,0,0.0
test,47004,3,28587302328950,0.25,False,0.5,1.0,0.5667425258573953,10,10,1.9
test,47004,3,28587302328950,0.5,False,0.6,1.0,0.4568523168410161,8,8,2.9166666666666665
test,47004,3,28587302328950,0.75,False,0.8,1.0,0.2656725202901576,4,4,3.1875
test,47004,3,28587302328950,0.9,False,0.9,1.0,0.12791424018934958,2,2,0.8888888888888888
test,47004,3,28587302328950,1.0,True,1.0,0.0,0.0,0,0,0.0
test,47004,4,15393162793550,0.25,False,0.6,1.0,0.5111403825564209,8,8,4.25
test,47004,4,15393162793550,0.5,False,0.65,1.0,0.41654760706798316,7,7,2.923076923076923
test,47004,4,15393162793550,0.75,False,0.85,1.0,0.21303100579492443,3,3,2.9411764705882355
test,47004,4,15393162793550,0.9,False,0.95,1.0,0.0858629587392699,1,1,1.368421052631579
test,47004,4,15393162793550,1.0,True,1.0,0.0,0.0,0,0,0.0
test,47004,5,30786325579731,0.25,False,0.5,1.0,0.5813593907197159,10,10,3.6
test,47004,5,30786325579731,0.5,False,0.75,1.0,0.35716356109153075,5,5,3.466666666666667
test,47004,5,30786325579731,0.75,False,0.85,1.0,0.2030665267180745,3,3,1.411764705882353
test,47004,5,30786325579731,0.9,False,0.9,1.0,0.13236954031792014,2,2,0.8888888888888888
test,47004,5,30786325579731,1.0,True,1.0,0.0,0.0,0,0,0.0
test,47004,6,13194139533366,0.25,True,1.0,0.0,0.0,0,0,0.0
test,47004,6,13194139533366,0.5,True,1.0,0.0,0.0,0,0,0.0
test,47004,6,13194139533366,0.75,True,1.0,0.0,0.0,0,0,0.0
test,47004,6,13194139533366,0.9,True,1.0,0.0,0.0,0,0,0.0
test,47004,6,13194139533366,1.0,True,1.0,0.0,0.0,0,0,0.0
test,47004,7,21990232564633,0.25,False,0.65,1.0,0.4522314930110493,7,7,4.076923076923077
test,47004,7,21990232564633,0.5,False,0.85,1.0,0.2171559269596858,3,3,2.3529411764705883
test,47004,7,21990232564633,0.75,False,0.9,1.0,0.16970539449387584,2,2,2.111111111111111
test,47004,7,21990232564633,0.9,False,0.95,1.0,0.09349036752114988,1,1,1.368421052631579
test,47004,7,21990232564633,1.0,True,1.0,0.0,0.0,0,0,0.0
test,47004,8,30786325577964,0.25,False,0.6,1.2222222222222223,0.6834717570011688,8,8,5.25
test,47004,8,30786325577964,0.5,False,0.75,1.0,0.40210033430621667,5,5,3.8666666666666667
test,47004,8,30786325577964,0.75,False,0.75,1.0,0.3368124576948106,5,5,3.4
test,47004,8,30786325577964,0.9,False,0.9,1.0,0.16573894515070983,2,2,2.111111111111111
test,47004,8,30786325577964,1.0,True,1.0,0.0,0.0,0,0,0.0
test,47004,9,2199023256351,0.25,False,0.6,1.0,0.468986104751659,8,8,3.0833333333333335
test,47004,9,2199023256351,0.5,False,0.7,1.0,0.34512405943822383,6,6,2.142857142857143
test,47004,9,2199023256351,0.75,False,0.85,1.0,0.20920630988006406,3,3,2.4705882352941178
test,47004,9,2199023256351,0.9,False,0.95,1.0,0.07853299332548919,1,1,0.7368421052631579
test,47004,9,2199023256351,1.0,True,1.0,0.0,0.0,0,0,0.0
test,47004,10,32985348835319,0.25,False,0.6,1.0,0.4770706743998597,8,8,2.8333333333333335
test,47004,10,32985348835319,0.5,False,0.75,1.0,0.3380956458590025,5,5,3.3333333333333335
test,47004,10,32985348835319,0.75,False,0.9,1.0,0.16187575078659427,2,2,2.5
test,47004,10,32985348835319,0.9,False,0.9,1.0,0.1258623329264467,2,2,1.5555555555555556
test,47004,10,32985348835319,1.0,True,1.0,0.0,0.0,0,0,0.0
test,47004,11,28587302324330,0.25,False,0.6,1.0,0.5027208064875179,8,8,2.4166666666666665
test,47004,11,28587302324330,0.5,False,0.6,1.0,0.4452469318509957,8,8,1.8333333333333333
test,47004,11,28587302324330,0.75,False,0.85,1.0,0.2156840672464983,3,3,1.7058823529411764
test,47004,11,28587302324330,0.9,False,0.9,1.0,0.13957711233129086,2,2,1.6666666666666667
test,47004,11,28587302324330,1.0,True,1.0,0.0,0.0,0,0,0.0
test,47004,12,28587302331918,0.25,False,0.6,1.0,0.4992467501917573,8,8,4.25
test,47004,12,28587302331918,0.5,False,0.7,1.0,0.3603125553932802,6,6,1.6428571428571428
test,47004,12,28587302331918,0.75,False,0.8,1.0,0.24769980823662602,4,4,1.625
test,47004,12,28587302331918,0.9,False,0.9,1.0,0.13519198453742093,2,2,1.1666666666666667
test,47004,12,28587302331918,1.0,True,1.0,0.0,0.0,0,0,0.0
test,47004,13,4398046519752,0.25,False,0.45,1.0,0.633301033548728,11,11,4.444444444444445
test,47004,13,4398046519752,0.5,False,0.75,1.0,0.31160924602643847,5,5,2.0
test,47004,13,4398046519752,0.75,False,0.8,1.0,0.25517362396712506,4,4,1.875
test,47004,13,4398046519752,0.9,False,0.85,1.0,0.17103661691804245,3,3,0.35294117647058826
test,47004,13,4398046519752,1.0,True,1.0,0.0,0.0,0,0,0.0
test,47004,14,32985348841588,0.25,True,1.0,0.0,0.0,0,0,0.0
test,47004,14,32985348841588,0.5,True,1.0,0.0,0.0,0,0,0.0
test,47004,14,32985348841588,0.75,True,1.0,0.0,0.0,0,0,0.0
test,47004,14,32985348841588,0.9,True,1.0,0.0,0.0,0,0,0.0
test,47004,14,32985348841588,1.0,True,1.0,0.0,0.0,0,0,0.0
test,47004,15,6597069772017,0.25,False,0.6,1.0,0.48121479028724884,8,8,2.75
test,47004,15,6597069772017,0.5,False,0.6,1.0,0.4423539877205579,8,8,2.1666666666666665
test,47004,15,6597069772017,0.75,False,0.85,1.0,0.20354579355997798,3,3,1.411764705882353
test,47004,15,6597069772017,0.9,False,0.9,1.0,0.12943408744184287,2,2,1.2222222222222223
test,47004,15,6597069772017,1.0,True,1.0,0.0,0.0,0,0,0.0
test,47004,16,30786325578215,0.25,False,0.65,1.0,0.4682666873206268,7,7,4.769230769230769
test,47004,16,30786325578215,0.5,False,0.75,1.0,0.35663143934905245,5,5,3.466666666666667
test,47004,16,30786325578215,0.75,False,0.85,1.0,0.2219423942017284,3,3,2.3529411764705883
test,47004,16,30786325578215,0.9,True,1.0,0.12393162393162391,0.04646962460777563,0,0,1.6
test,47004,16,30786325578215,1.0,True,1.0,0.0,0.0,0,0,0.0
test,47004,17,24189255818308,0.25,False,0.55,1.0,0.5796351140908353,9,9,5.545454545454546
test,47004,17,24189255818308,0.5,False,0.8,1.0,0.2845311086848802,4,4,3.3125
test,47004,17,24189255818308,0.75,False,0.85,1.0,0.19577012811381303,3,3,1.588235294117647
test,47004,17,24189255818308,0.9,False,0.95,1.0,0.08529668866643006,1,1,0.9473684210526315
test,47004,17,24189255818308,1.0,True,1.0,0.0,0.0,0,0,0.0
test,47004,18,15393162789346,0.25,False,0.5,1.0,0.5950502499704627,10,10,4.6
test,47004,18,15393162789346,0.5,False,0.75,1.0,0.3603392013572994,5,5,4.266666666666667
test,47004,18,15393162789346,0.75,False,0.9,1.0,0.17818079147922988,2,2,3.2222222222222223
test,47004,18,15393162789346,0.9,False,0.95,1.0,0.09598073264568163,1,1,2.263157894736842
test,47004,18,15393162789346,1.0,True,1.0,0.0,0.0,0,0,0.0
test,47004,19,26388279069359,0.25,False,0.65,1.0,0.44828999786733464,7,7,3.6153846153846154
test,47004,19,26388279069359,0.5,False,0.75,1.0,0.3139569094505211,5,5,2.8
test,47004,19,26388279069359,0.75,False,0.85,1.0,0.20894425577366454,3,3,1.7058823529411764
test,47004,19,26388279069359,0.9,False,0.9,1.0,0.1284736736070417,2,2,0.7222222222222222
test,47004,19,26388279069359,1.0,True,1.0,0.0,0.0,0,0,0.0
test,47005,0,2199023262215,0.25,False,0.7,1.0,0.41290362876123227,6,6,3.9285714285714284
test,47005,0,2199023262215,0.5,False,0.85,1.0,0.23605765844833715,3,3,3.235294117647059
test,47005,0,2199023262215,0.75,False,0.9,1.0,0.15065934968537073,2,2,3.0
test,47005,0,2199023262215,0.9,False,0.95,1.0,0.08750636294489605,1,1,2.0526315789473686
test,47005,0,2199023262215,1.0,True,1.0,0.0,0.0,0,0,0.0
test,47005,1,10995116281525,0.25,False,0.7,1.0,0.43196289766067253,6,6,2.357142857142857
test,47005,1,10995116281525,0.5,False,0.65,1.0,0.42428318929703634,7,7,3.076923076923077
test,47005,1,10995116281525,0.75,False,0.85,1.0,0.2164369200783311,3,3,3.0
test,47005,1,10995116281525,0.9,False,0.85,1.0,0.1890068740980922,3,3,2.235294117647059
test,47005,1,10995116281525,1.0,True,1.0,0.0,0.0,0,0,0.0
test,47005,2,17592186053645,0.25,False,0.6,1.0,0.5278902168825301,8,8,4.75
test,47005,2,17592186053645,0.5,False,0.55,1.0,0.49976538694243544,9,9,2.8181818181818183
test,47005,2,17592186053645,0.75,False,0.75,1.0,0.3006270314146105,5,5,2.3333333333333335
test,47005,2,17592186053645,0.9,False,0.85,1.0,0.18693505978956232,3,3,1.2352941176470589
test,47005,2,17592186053645,1.0,True,1.0,0.0,0.0,0,0,0.0
test,47005,3,28587302328950,0.25,False,0.6,1.0,0.5427693521830369,8,8,2.75
test,47005,3,28587302328950,0.5,False,0.7,1.0,0.3622108802181995,6,6,2.857142857142857
test,47005,3,28587302328950,0.75,False,0.8,1.0,0.2395497525287066,4,4,2.4375
test,47005,3,28587302328950,0.9,False,0.9,1.0,0.13654566149468045,2,2,1.7777777777777777
test,47005,3,28587302328950,1.0,True,1.0,0.0,0.0,0,0,0.0
test,47005,4,15393162793550,0.25,False,0.6,1.0,0.5041561572119608,8,8,2.4166666666666665
test,47005,4,15393162793550,0.5,False,0.75,1.0,0.30285826506946073,5,5,2.3333333333333335
test,47005,4,15393162793550,0.75,False,0.8,1.0,0.23366113631639668,4,4,1.375
test,47005,4,15393162793550,0.9,False,0.9,1.0,0.13243804058634281,2,2,1.5
test,47005,4,15393162793550,1.0,True,1.0,0.0,0.0,0,0,0.0
test,47005,5,30786325579731,0.25,False,0.65,1.0,0.46637973966653384,7,7,2.0
test,47005,5,30786325579731,0.5,False,0.8,1.0,0.25718192412948737,4,4,2.1875
test,47005,5,30786325579731,0.75,False,0.85,1.0,0.19699491425511256,3,3,2.3529411764705883
test,47005,5,30786325579731,0.9,False,0.9,1.0,0.13070823678629884,2,2,0.8888888888888888
test,47005,5,30786325579731,1.0,True,1.0,0.0,0.0,0,0,0.0
test,47005,6,13194139533366,0.25,True,1.0,0.0,0.0,0,0,0.0
test,47005,6,13194139533366,0.5,True,1.0,0.0,0.0,0,0,0.0
test,47005,6,13194139533366,0.75,True,1.0,0.0,0.0,0,0,0.0
test,47005,6,13194139533366,0.9,True,1.0,0.0,0.0,0,0,0.0
test,47005,6,13194139533366,1.0,True,1.0,0.0,0.0,0,0,0.0
test,47005,7,21990232564633,0.25,False,0.7,1.0,0.3937691815607818,6,6,1.4285714285714286
test,47005,7,21990232564633,0.5,False,0.9,1.0,0.16549826927268166,2,2,1.6666666666666667
test,47005,7,21990232564633,0.75,False,0.9,1.0,0.15363186445688276,2,2,1.7777777777777777
test,47005,7,21990232564633,0.9,False,0.95,1.0,0.09423892046788697,1,1,1.368421052631579
test,47005,7,21990232564633,1.0,True,1.0,0.0,0.0,0,0,0.0
test,47005,8,30786325577964,0.25,False,0.55,1.0,0.5914554399848517,9,9,4.0
test,47005,8,30786325577964,0.5,False,0.65,1.0,0.4508359328579917,7,7,2.230769230769231
test,47005,8,30786325577964,0.75,False,0.85,1.0,0.2355408317173023,3,3,2.0588235294117645
test,47005,8,30786325577964,0.9,False,0.9,1.0,0.18117988356958944,2,2,2.8333333333333335
test,47005,8,30786325577964,1.0,True,1.0,0.0,0.0,0,0,0.0
test,47005,9,2199023256351,0.25,False,0.65,1.0,0.4514755377156482,7,7,3.0
test,47005,9,2199023256351,0.5,False,0.75,1.0,0.30990564885452454,5,5,1.7333333333333334
test,47005,9,2199023256351,0.75,False,0.85,1.0,0.19451161672377587,3,3,1.7647058823529411
test,47005,9,2199023256351,0.9,False,0.95,1.0,0.08557807784325323,1,1,1.368421052631579
test,47005,9,2199023256351,1.0,True,1.0,0.0,0.0,0,0,0.0
test,47005,10,32985348835319,0.25,False,0.7,1.0,0.40009829207844516,6,6,3.2142857142857144
test,47005,10,32985348835319,0.5,False,0.75,1.0,0.3122196353051907,5,5,2.2666666666666666
test,47005,10,32985348835319,0.75,False,0.85,1.0,0.18724927875872155,3,3,1.1176470588235294
test,47005,10,32985348835319,0.9,False,0.9,1.0,0.13383835367742383,2,2,0.9444444444444444
test,47005,10,32985348835319,1.0,True,1.0,0.0,0.0,0,0,0.0
test,47005,11,28587302324330,0.25,False,0.7,1.0,0.37853048445386384,6,6,1.8571428571428572
test,47005,11,28587302324330,0.5,False,0.75,1.0,0.33599282076578385,5,5,2.066666666666667
test,47005,11,28587302324330,0.75,False,0.85,1.0,0.21509256371455887,3,3,1.6470588235294117
test,47005,11,28587302324330,0.9,False,0.85,1.0,0.18123821914053578,3,3,0.9411764705882353
test,47005,11,28587302324330,1.0,True,1.0,0.0,0.0,0,0,0.0
test,47005,12,28587302331918,0.25,False,0.7,1.0,0.4237435429941884,6,6,3.357142857142857
test,47005,12,28587302331918,0.5,False,0.75,1.0,0.3317491097555981,5,5,2.2666666666666666
test,47005,12,28587302331918,0.75,False,0.8,1.0,0.24569656679181962,4,4,1.4375
test,47005,12,28587302331918,0.9,False,0.9,1.0,0.13136133223989171,2,2,1.0
test,47005,12,28587302331918,1.0,True,1.0,0.0,0.0,0,0,0.0
test,47005,13,4398046519752,0.25,False,0.65,1.0,0.41320430676166797,7,7,3.1538461538461537
test,47005,13,4398046519752,0.5,False,0.75,1.0,0.3083302212674176,5,5,2.2
test,47005,13,4398046519752,0.75,False,0.85,1.0,0.1925212838883777,3,3,1.2941176470588236
test,47005,13,4398046519752,0.9,False,0.9,1.0,0.12466528972601498,2,2,0.5555555555555556
test,47005,13,4398046519752,1.0,True,1.0,0.0,0.0,0,0,0.0
test,47005,14,32985348841588,0.25,True,1.0,0.0,0.0,0,0,0.0
test,47005,14,32985348841588,0.5,True,1.0,0.0,0.0,0,0,0.0
test,47005,14,32985348841588,0.75,True,1.0,0.0,0.0,0,0,0.0
test,47005,14,32985348841588,0.9,True,1.0,0.0,0.0,0,0,0.0
test,47005,14,32985348841588,1.0,True,1.0,0.0,0.0,0,0,0.0
test,47005,15,6597069772017,0.25,False,0.6,1.0,0.4947956338761069,8,8,4.083333333333333
test,47005,15,6597069772017,0.5,False,0.8,1.0,0.27661338313225936,4,4,2.625
test,47005,15,6597069772017,0.75,False,0.9,1.0,0.15543968413750536,2,2,1.8333333333333333
test,47005,15,6597069772017,0.9,True,1.0,0.12529550827423178,0.045717350273024496,0,0,1.9
test,47005,15,6597069772017,1.0,True,1.0,0.0,0.0,0,0,0.0
test,47005,16,30786325578215,0.25,False,0.65,1.0,0.5246961876152038,7,7,3.0
test,47005,16,30786325578215,0.5,False,0.85,1.0,0.24328375815187792,3,3,3.0588235294117645
test,47005,16,30786325578215,0.75,False,0.9,1.0,0.1472365238613777,2,2,1.6111111111111112
test,47005,16,30786325578215,0.9,False,0.9,1.0,0.14813225999111804,2,2,1.8333333333333333
test,47005,16,30786325578215,1.0,True,1.0,0.0,0.0,0,0,0.0
test,47005,17,24189255818308,0.25,False,0.55,1.0,0.5472859102763004,9,9,3.0
test,47005,17,24189255818308,0.5,False,0.85,1.0,0.22125753989524788,3,3,2.411764705882353
test,47005,17,24189255818308,0.75,False,0.9,1.0,0.1604777248939699,2,2,2.5
test,47005,17,24189255818308,0.9,False,0.95,1.0,0.0916257833543573,1,1,1.4210526315789473
test,47005,17,24189255818308,1.0,True,1.0,0.0,0.0,0,0,0.0
test,47005,18,15393162789346,0.25,False,0.75,1.0,0.3815058457553268,5,5,4.266666666666667
test,47005,18,15393162789346,0.5,False,0.85,1.0,0.24404336314257313,3,3,3.7058823529411766
test,47005,18,15393162789346,0.75,False,0.85,1.0,0.21723069249750346,3,3,3.7058823529411766
test,47005,18,15393162789346,0.9,True,1.0,0.1327913279132791,0.056985092929796,0,0,2.7
test,47005,18,15393162789346,1.0,True,1.0,0.0,0.0,0,0,0.0
test,47005,19,26388279069359,0.25,False,0.65,1.0,0.43525273685483956,7,7,1.2307692307692308
test,47005,19,26388279069359,0.5,False,0.8,1.0,0.25665438935569973,4,4,1.3125
test,47005,19,26388279069359,0.75,False,0.85,1.0,0.2044482451712136,3,3,1.4705882352941178
test,47005,19,26388279069359,0.9,False,0.95,1.0,0.08906122622737198,1,1,1.4736842105263157
test,47005,19,26388279069359,1.0,True,1.0,0.0,0.0,0,0,0.0
test,47006,0,2199023262215,0.25,False,0.6,1.0,0.5509859844435684,8,8,3.5833333333333335
test,47006,0,2199023262215,0.5,False,0.85,1.0,0.20914833237990987,3,3,1.411764705882353
test,47006,0,2199023262215,0.75,False,0.95,1.0,0.10692215810771714,1,1,2.1052631578947367
test,47006,0,2199023262215,0.9,False,0.95,1.0,0.08133806922470489,1,1,1.7894736842105263
test,47006,0,2199023262215,1.0,True,1.0,0.0,0.0,0,0,0.0
test,47006,1,10995116281525,0.25,False,0.5,1.0,0.5925884325860776,10,10,3.8
test,47006,1,10995116281525,0.5,False,0.75,1.0,0.3015723464904284,5,5,1.8666666666666667
test,47006,1,10995116281525,0.75,False,0.8,1.0,0.24293582895961247,4,4,1.625
test,47006,1,10995116281525,0.9,False,0.9,1.0,0.1497428227031262,2,2,2.0
test,47006,1,10995116281525,1.0,True,1.0,0.0,0.0,0,0,0.0
test,47006,2,17592186053645,0.25,False,0.7,1.0,0.4669290335429149,6,6,5.428571428571429
test,47006,2,17592186053645,0.5,False,0.9,1.0,0.23697200337557608,2,2,5.777777777777778
test,47006,2,17592186053645,0.75,False,0.85,1.0,0.20895397042283553,3,3,2.9411764705882355
test,47006,2,17592186053645,0.9,False,0.9,1.0,0.14291857135861036,2,2,1.6111111111111112
test,47006,2,17592186053645,1.0,True,1.0,0.0,0.0,0,0,0.0
test,47006,3,28587302328950,0.25,False,0.6,1.0,0.5436590083681927,8,8,4.583333333333333
test,47006,3,28587302328950,0.5,False,0.7,1.0,0.3747959683940226,6,6,3.357142857142857
test,47006,3,28587302328950,0.75,False,0.95,1.0,0.1080548955536971,1,1,2.3684210526315788
test,47006,3,28587302328950,0.9,False,0.9,1.0,0.13478748512748667,2,2,1.8888888888888888
test,47006,3,28587302328950,1.0,True,1.0,0.0,0.0,0,0,0.0
test,47006,4,15393162793550,0.25,False,0.65,1.0,0.4648585416846765,7,7,2.923076923076923
test,47006,4,15393162793550,0.5,False,0.7,1.0,0.3824456363672315,6,6,3.0714285714285716
test,47006,4,15393162793550,0.75,False,0.85,1.0,0.19879122451686854,3,3,1.8823529411764706
test,47006,4,15393162793550,0.9,False,0.95,1.0,0.08489752527060221,1,1,1.4736842105263157
test,47006,4,15393162793550,1.0,True,1.0,0.0,0.0,0,0,0.0
test,47006,5,30786325579731,0.25,False,0.7,1.0,0.4255352244813316,6,6,3.7857142857142856
test,47006,5,30786325579731,0.5,False,0.9,1.0,0.1698054116483391,2,2,2.1666666666666665
test,47006,5,30786325579731,0.75,False,0.85,1.0,0.18752044503403498,3,3,0.8235294117647058
test,47006,5,30786325579731,0.9,False,0.9,1.0,0.12647827245333973,2,2,0.6111111111111112
test,47006,5,30786325579731,1.0,True,1.0,0.0,0.0,0,0,0.0
test,47006,6,13194139533366,0.25,True,1.0,0.0,0.0,0,0,0.0
test,47006,6,13194139533366,0.5,True,1.0,0.0,0.0,0,0,0.0
test,47006,6,13194139533366,0.75,True,1.0,0.0,0.0,0,0,0.0
test,47006,6,13194139533366,0.9,True,1.0,0.0,0.0,0,0,0.0
test,47006,6,13194139533366,1.0,True,1.0,0.0,0.0,0,0,0.0
test,47006,7,21990232564633,0.25,False,0.5,1.0,0.5781148089830231,10,10,3.1
test,47006,7,21990232564633,0.5,False,0.85,1.0,0.23020702199330864,3,3,2.4705882352941178
test,47006,7,21990232564633,0.75,False,0.8,1.0,0.24731896584505447,4,4,1.1875
test,47006,7,21990232564633,0.9,False,0.9,1.0,0.13831041284963833,2,2,1.1111111111111112
test,47006,7,21990232564633,1.0,True,1.0,0.0,0.0,0,0,0.0
test,47006,8,30786325577964,0.25,False,0.5,1.0,0.6579111166611167,10,10,3.7
test,47006,8,30786325577964,0.5,False,0.7,1.0,0.41434027573733456,6,6,3.5714285714285716
test,47006,8,30786325577964,0.75,False,0.8,1.0,0.2754347096258861,4,4,2.5625
test,47006,8,30786325577964,0.9,False,0.9,1.0,0.1606136057116449,2,2,2.0
test,47006,8,30786325577964,1.0,True,1.0,0.0,0.0,0,0,0.0
test,47006,9,2199023256351,0.25,False,0.65,1.0,0.48670876707575583,7,7,5.076923076923077
test,47006,9,2199023256351,0.5,False,0.85,1.0,0.2329254141223644,3,3,2.588235294117647
test,47006,9,2199023256351,0.75,False,0.9,1.0,0.14770165851554382,2,2,1.5555555555555556
test,47006,9,2199023256351,0.9,False,0.95,1.0,0.08735032175219229,1,1,1.263157894736842
test,47006,9,2199023256351,1.0,True,1.0,0.0,0.0,0,0,0.0
test,47006,10,32985348835319,0.25,False,0.65,1.0,0.45864318432554974,7,7,3.5384615384615383
test,47006,10,32985348835319,0.5,False,0.8,1.0,0.296449272185461,4,4,3.1875
test,47006,10,32985348835319,0.75,False,0.85,1.0,0.20320722168966734,3,3,1.411764705882353
test,47006,10,32985348835319,0.9,False,0.9,1.0,0.13097154167074834,2,2,0.9444444444444444
test,47006,10,32985348835319,1.0,True,1.0,0.0,0.0,0,0,0.0
test,47006,11,28587302324330,0.25,False,0.65,1.0,0.5201970079822607,7,7,4.6923076923076925
test,47006,11,28587302324330,0.5,False,0.8,1.0,0.28743646497511377,4,4,2.125
test,47006,11,28587302324330,0.75,False,0.8,1.0,0.24906925164679183,4,4,1.875
test,47006,11,28587302324330,0.9,False,0.9,1.0,0.1263045475241657,2,2,0.7777777777777778
test,47006,11,28587302324330,1.0,True,1.0,0.0,0.0,0,0,0.0
test,47006,12,28587302331918,0.25,False,0.6,1.0,0.5578645374065927,8,8,5.083333333333333
test,47006,12,28587302331918,0.5,False,0.85,1.0,0.23475994456266233,3,3,3.3529411764705883
test,47006,12,28587302331918,0.75,False,0.9,1.0,0.1640359973394819,2,2,2.2222222222222223
test,47006,12,28587302331918,0.9,False,0.95,1.0,0.08894882539538819,1,1,1.4736842105263157
test,47006,12,28587302331918,1.0,True,1.0,0.0,0.0,0,0,0.0
test,47006,13,4398046519752,0.25,False,0.55,1.0,0.5327817325340145,9,9,2.4545454545454546
test,47006,13,4398046519752,0.5,False,0.75,1.0,0.3125039696750302,5,5,2.2666666666666666
test,47006,13,4398046519752,0.75,False,0.85,1.0,0.1969112467153969,3,3,1.0
test,47006,13,4398046519752,0.9,False,0.95,1.0,0.0745274019309475,1,1,0.6842105263157895
test,47006,13,4398046519752,1.0,True,1.0,0.0,0.0,0,0,0.0
test,47006,14,32985348841588,0.25,True,1.0,0.0,0.0,0,0,0.0
test,47006,14,32985348841588,0.5,True,1.0,0.0,0.0,0,0,0.0
test,47006,14,32985348841588,0.75,True,1.0,0.0,0.0,0,0,0.0
test,47006,14,32985348841588,0.9,True,1.0,0.0,0.0,0,0,0.0
test,47006,14,32985348841588,1.0,True,1.0,0.0,0.0,0,0,0.0
test,47006,15,6597069772017,0.25,False,0.65,1.0,0.512250440243837,7,7,4.3076923076923075
test,47006,15,6597069772017,0.5,False,0.75,1.0,0.345911970199837,5,5,2.8
test,47006,15,6597069772017,0.75,False,0.85,1.0,0.19808454906175216,3,3,1.588235294117647
test,47006,15,6597069772017,0.9,True,1.0,0.10628019323671506,0.046660607127928036,0,0,1.9
test,47006,15,6597069772017,1.0,True,1.0,0.0,0.0,0,0,0.0
test,47006,16,30786325578215,0.25,False,0.65,1.0,0.5288043442464055,7,7,4.153846153846154
test,47006,16,30786325578215,0.5,False,0.8,1.0,0.30630365227636247,4,4,3.75
test,47006,16,30786325578215,0.75,False,0.9,1.0,0.14614469168214536,2,2,1.6666666666666667
test,47006,16,30786325578215,0.9,True,1.0,0.08045977011494261,0.043191808223229634,0,0,1.1
test,47006,16,30786325578215,1.0,True,1.0,0.0,0.0,0,0,0.0
test,47006,17,24189255818308,0.25,False,0.65,1.0,0.49458029300406847,7,7,5.461538461538462
test,47006,17,24189255818308,0.5,False,0.85,1.0,0.2818985777413915,3,3,4.9411764705882355
test,47006,17,24189255818308,0.75,False,0.8,1.0,0.25288267085440685,4,4,2.25
test,47006,17,24189255818308,0.9,False,0.9,1.0,0.1375430269189115,2,2,1.1111111111111112
test,47006,17,24189255818308,1.0,True,1.0,0.0,0.0,0,0,0.0
test,47006,18,15393162789346,0.25,False,0.65,1.0,0.4960685353111541,7,7,5.6923076923076925
test,47006,18,15393162789346,0.5,False,0.8,1.0,0.28266358014431037,4,4,4.375
test,47006,18,15393162789346,0.75,False,0.9,1.0,0.14580387287306124,2,2,2.7222222222222223
test,47006,18,15393162789346,0.9,False,0.9,1.0,0.13082407104208332,2,2,1.3333333333333333
test,47006,18,15393162789346,1.0,True,1.0,0.0,0.0,0,0,0.0
test,47006,19,26388279069359,0.25,False,0.75,1.0,0.4182508794203472,5,5,3.2
test,47006,19,26388279069359,0.5,False,0.7,1.0,0.37511559729538174,6,6,1.2142857142857142
test,47006,19,26388279069359,0.75,False,0.9,1.0,0.15079986063290224,2,2,1.3333333333333333
test,47006,19,26388279069359,0.9,False,0.9,1.0,0.12853538956166846,2,2,0.4444444444444444
test,47006,19,26388279069359,1.0,True,1.0,0.0,0.0,0,0,0.0
test,47007,0,2199023262215,0.25,False,0.8,1.0,0.3050807357308446,4,4,4.0
test,47007,0,2199023262215,0.5,False,0.85,1.0,0.20631439908790275,3,3,2.823529411764706
test,47007,0,2199023262215,0.75,False,0.9,1.0,0.15852237177031833,2,2,2.4444444444444446
test,47007,0,2199023262215,0.9,False,0.95,1.0,0.09274688377740198,1,1,1.7894736842105263
test,47007,0,2199023262215,1.0,True,1.0,0.0,0.0,0,0,0.0
test,47007,1,10995116281525,0.25,False,0.5,1.0,0.6022639895750997,10,10,2.9
test,47007,1,10995116281525,0.5,False,0.7,1.0,0.39112302084174805,6,6,4.0
test,47007,1,10995116281525,0.75,False,0.8,1.0,0.25236346717443603,4,4,2.1875
test,47007,1,10995116281525,0.9,False,0.9,1.0,0.1435607617541427,2,2,1.8333333333333333
test,47007,1,10995116281525,1.0,True,1.0,0.0,0.0,0,0,0.0
test,47007,2,17592186053645,0.25,False,0.65,1.0,0.44950404795755705,7,7,3.3076923076923075
test,47007,2,17592186053645,0.5,False,0.75,1.0,0.33272147970375904,5,5,4.066666666666666
test,47007,2,17592186053645,0.75,False,0.95,1.0,0.1304690257492201,1,1,2.789473684210526
test,47007,2,17592186053645,0.9,False,0.95,1.0,0.09298614803554071,1,1,1.5263157894736843
test,47007,2,17592186053645,1.0,True,1.0,0.0,0.0,0,0,0.0
test,47007,3,28587302328950,0.25,False,0.65,1.0,0.43064562574217496,7,7,2.6923076923076925
test,47007,3,28587302328950,0.5,False,0.8,1.0,0.25694450776433464,4,4,2.5625
test,47007,3,28587302328950,0.75,False,0.85,1.0,0.20065857050998598,3,3,1.8823529411764706
test,47007,3,28587302328950,0.9,False,0.9,1.0,0.14111788083408489,2,2,1.7777777777777777
test,47007,3,28587302328950,1.0,True,1.0,0.0,0.0,0,0,0.0
test,47007,4,15393162793550,0.25,False,0.5,1.0,0.5474179633992815,10,10,1.5
test,47007,4,15393162793550,0.5,False,0.6,1.0,0.43746603685565677,8,8,2.0
test,47007,4,15393162793550,0.75,False,0.85,1.0,0.2033063112874122,3,3,2.235294117647059
test,47007,4,15393162793550,0.9,False,0.95,1.0,0.08312586968631666,1,1,1.3157894736842106
test,47007,4,15393162793550,1.0,True,1.0,0.0,0.0,0,0,0.0
test,47007,5,30786325579731,0.25,False,0.7,1.0,0.3840197756486872,6,6,2.5714285714285716
test,47007,5,30786325579731,0.5,False,0.8,1.0,0.27215710085823225,4,4,2.1875
test,47007,5,30786325579731,0.75,False,0.9,1.0,0.16106601123970038,2,2,1.4444444444444444
test,47007,5,30786325579731,0.9,False,0.9,1.0,0.1393506739859545,2,2,0.8333333333333334
test,47007,5,30786325579731,1.0,True,1.0,0.0,0.0,0,0,0.0
test,47007,6,13194139533366,0.25,True,1.0,0.0,0.0,0,0,0.0
test,47007,6,13194139533366,0.5,True,1.0,0.0,0.0,0,0,0.0
test,47007,6,13194139533366,0.75,True,1.0,0.0,0.0,0,0,0.0
test,47007,6,13194139533366,0.9,True,1.0,0.0,0.0,0,0,0.0
test,47007,6,13194139533366,1.0,True,1.0,0.0,0.0,0,0,0.0
test,47007,7,21990232564633,0.25,False,0.7,1.0,0.4246918490266938,6,6,3.7857142857142856
test,47007,7,21990232564633,0.5,False,0.75,1.0,0.3124970775775958,5,5,2.066666666666667
test,47007,7,21990232564633,0.75,False,0.9,1.0,0.16264398511416092,2,2,1.7777777777777777
test,47007,7,21990232564633,0.9,False,0.95,1.0,0.09153005002442544,1,1,1.1578947368421053
test,47007,7,21990232564633,1.0,True,1.0,0.0,0.0,0,0,0.0
test,47007,8,30786325577964,0.25,False,0.6,1.4,0.6423830336330336,8,8,4.583333333333333
test,47007,8,30786325577964,0.5,False,0.65,1.0,0.4873791690335808,7,7,3.6923076923076925
test,47007,8,30786325577964,0.75,False,0.85,1.0,0.256613179848474,3,3,3.1176470588235294
test,47007,8,30786325577964,0.9,False,0.85,1.0,0.20664903587697703,3,3,2.411764705882353
test,47007,8,30786325577964,1.0,True,1.0,0.0,0.0,0,0,0.0
test,47007,9,2199023256351,0.25,False,0.7,1.0,0.3775734959102578,6,6,1.7142857142857142
test,47007,9,2199023256351,0.5,False,0.85,1.0,0.21309110504615575,3,3,1.8823529411764706
test,47007,9,2199023256351,0.75,False,0.9,1.0,0.15750708660507132,2,2,2.2222222222222223
test,47007,9,2199023256351,0.9,False,0.95,1.0,0.08797048974079366,1,1,1.2105263157894737
test,47007,9,2199023256351,1.0,True,1.0,0.0,0.0,0,0,0.0
test,47007,10,32985348835319,0.25,False,0.75,1.0,0.33430506951157984,5,5,2.4
test,47007,10,32985348835319,0.5,False,0.85,1.0,0.20173808727760859,3,3,1.9411764705882353
test,47007,10,32985348835319,0.75,False,0.9,1.0,0.15748899178726136,2,2,2.1666666666666665
test,47007,10,32985348835319,0.9,False,0.95,1.0,0.09002543056669213,1,1,1.0526315789473684
test,47007,10,32985348835319,1.0,True,1.0,0.0,0.0,0,0,0.0
test,47007,11,28587302324330,0.25,False,0.55,1.0,0.5256426605595925,9,9,2.3636363636363638
test,47007,11,28587302324330,0.5,False,0.65,1.0,0.4023792689050791,7,7,2.0
test,47007,11,28587302324330,0.75,False,0.85,1.0,0.20378677586103175,3,3,1.7647058823529411
test,47007,11,28587302324330,0.9,False,0.95,1.0,0.08987864990557028,1,1,1.2105263157894737
test,47007,11,28587302324330,1.0,True,1.0,0.0,0.0,0,0,0.0
test,47007,12,28587302331918,0.25,False,0.7,1.0,0.37022741231972095,6,6,2.5714285714285716
test,47007,12,28587302331918,0.5,False,0.8,1.0,0.25780715563630957,4,4,2.0625
test,47007,12,28587302331918,0.75,False,0.85,1.0,0.21257595513038519,3,3,2.5294117647058822
test,47007,12,28587302331918,0.9,False,0.9,1.0,0.14513749271329907,2,2,1.3888888888888888
test,47007,12,28587302331918,1.0,True,1.0,0.0,0.0,0,0,0.0
test,47007,13,4398046519752,0.25,False,0.6,1.0,0.4598281479921652,8,8,2.5833333333333335
test,47007,13,4398046519752,0.5,False,0.7,1.0,0.3502720073473735,6,6,2.0
test,47007,13,4398046519752,0.75,False,0.85,1.0,0.20740701480548904,3,3,1.588235294117647
test,47007,13,4398046519752,0.9,False,0.85,1.0,0.18727523472994656,3,3,1.0
test,47007,13,4398046519752,1.0,True,1.0,0.0,0.0,0,0,0.0
test,47007,14,32985348841588,0.25,True,1.0,0.0,0.0,0,0,0.0
test,47007,14,32985348841588,0.5,True,1.0,0.0,0.0,0,0,0.0
test,47007,14,32985348841588,0.75,True,1.0,0.0,0.0,0,0,0.0
test,47007,14,32985348841588,0.9,True,1.0,0.0,0.0,0,0,0.0
test,47007,14,32985348841588,1.0,True,1.0,0.0,0.0,0,0,0.0
test,47007,15,6597069772017,0.25,False,0.55,1.0,0.5290104350381276,9,9,1.5454545454545454
test,47007,15,6597069772017,0.5,False,0.65,1.0,0.38199959051498233,7,7,1.3076923076923077
test,47007,15,6597069772017,0.75,False,0.9,1.0,0.1416705987892662,2,2,1.5555555555555556
test,47007,15,6597069772017,0.9,False,0.95,1.0,0.08962043107832353,1,1,1.368421052631579
test,47007,15,6597069772017,1.0,True,1.0,0.0,0.0,0,0,0.0
test,47007,16,30786325578215,0.25,False,0.65,1.0,0.4806729927460925,7,7,3.5384615384615383
test,47007,16,30786325578215,0.5,False,0.7,1.0,0.3884311981894318,6,6,2.857142857142857
test,47007,16,30786325578215,0.75,False,0.9,1.0,0.17201780834701202,2,2,1.9444444444444444
test,47007,16,30786325578215,0.9,False,0.95,1.0,0.11154446711067607,1,1,2.1578947368421053
test,47007,16,30786325578215,1.0,True,1.0,0.0,0.0,0,0,0.0
test,47007,17,24189255818308,0.25,False,0.7,1.0,0.42710761673660597,6,6,3.9285714285714284
test,47007,17,24189255818308,0.5,False,0.85,1.0,0.2686381296200879,3,3,3.0
test,47007,17,24189255818308,0.75,False,0.9,1.0,0.14615721136550597,2,2,1.7777777777777777
test,47007,17,24189255818308,0.9,False,0.95,1.0,0.0910944893165743,1,1,1.3157894736842106
test,47007,17,24189255818308,1.0,True,1.0,0.0,0.0,0,0,0.0
test,47007,18,15393162789346,0.25,False,0.65,1.0,0.44615013959915356,7,7,4.769230769230769
test,47007,18,15393162789346,0.5,False,0.8,1.0,0.25817768559867477,4,4,3.3125
test,47007,18,15393162789346,0.75,False,0.9,1.0,0.15961778398259732,2,2,3.111111111111111
test,47007,18,15393162789346,0.9,False,0.95,1.0,0.09198690210236726,1,1,2.0
test,47007,18,15393162789346,1.0,True,1.0,0.0,0.0,0,0,0.0
test,47007,19,26388279069359,0.25,False,0.75,1.0,0.3999429861426048,5,5,2.466666666666667
test,47007,19,26388279069359,0.5,False,0.8,1.0,0.26282549210007333,4,4,1.6875
test,47007,19,26388279069359,0.75,False,0.9,1.0,0.1546651550033688,2,2,1.7222222222222223
test,47007,19,26388279069359,0.9,False,0.9,1.0,0.1377990947498119,2,2,1.1111111111111112
test,47007,19,26388279069359,1.0,True,1.0,0.0,0.0,0,0,0.0
test,47008,0,2199023262215,0.25,False,0.8,1.0,0.35048976961575584,4,4,3.1875
test,47008,0,2199023262215,0.5,False,0.85,1.0,0.21473880834561046,3,3,2.0588235294117645
test,47008,0,2199023262215,0.75,False,0.85,1.0,0.19931770988502223,3,3,2.1176470588235294
test,47008,0,2199023262215,0.9,False,0.95,1.0,0.06886997458889917,1,1,0.8947368421052632
test,47008,0,2199023262215,1.0,True,1.0,0.0,0.0,0,0,0.0
test,47008,1,10995116281525,0.25,False,0.7,1.0,0.4903223197736068,6,6,3.7142857142857144
test,47008,1,10995116281525,0.5,False,0.7,1.0,0.37971721859954877,6,6,3.2857142857142856
test,47008,1,10995116281525,0.75,False,0.85,1.0,0.20218205488554247,3,3,2.588235294117647
test,47008,1,10995116281525,0.9,False,0.8,1.0,0.23963879777644678,4,4,1.6875
test,47008,1,10995116281525,1.0,True,1.0,0.0,0.0,0,0,0.0
test,47008,2,17592186053645,0.25,False,0.8,1.0,0.3615088347159823,4,4,4.375
test,47008,2,17592186053645,0.5,False,0.85,1.0,0.26160196822171666,3,3,3.411764705882353
test,47008,2,17592186053645,0.75,False,0.85,1.0,0.203867077792881,3,3,2.0588235294117645
test,47008,2,17592186053645,0.9,False,0.9,1.0,0.12409105289399389,2,2,1.1111111111111112
test,47008,2,17592186053645,1.0,True,1.0,0.0,0.0,0,0,0.0
test,47008,3,28587302328950,0.25,False,0.7,1.0,0.4539405362541705,6,6,4.142857142857143
test,47008,3,28587302328950,0.5,False,0.8,1.0,0.27676011897755837,4,4,3.0625
test,47008,3,28587302328950,0.75,False,0.85,1.0,0.20119893328209604,3,3,3.4705882352941178
test,47008,3,28587302328950,0.9,False,0.95,1.0,0.08303805128870609,1,1,1.8421052631578947
test,47008,3,28587302328950,1.0,True,1.0,0.0,0.0,0,0,0.0
test,47008,4,15393162793550,0.25,False,0.65,1.0,0.4590066651268253,7,7,2.8461538461538463
test,47008,4,15393162793550,0.5,False,0.75,1.0,0.3275354247846395,5,5,2.4
test,47008,4,15393162793550,0.75,False,0.85,1.0,0.20678001554441688,3,3,1.9411764705882353
test,47008,4,15393162793550,0.9,False,0.9,1.0,0.12644896432510394,2,2,1.2777777777777777
test,47008,4,15393162793550,1.0,True,1.0,0.0,0.0,0,0,0.0
test,47008,5,30786325579731,0.25,False,0.75,1.0,0.3743137062265613,5,5,2.6
test,47008,5,30786325579731,0.5,False,0.7,1.0,0.36259409623796135,6,6,1.9285714285714286
test,47008,5,30786325579731,0.75,False,0.85,1.0,0.1803029257032624,3,3,1.2352941176470589
test,47008,5,30786325579731,0.9,False,0.9,1.0,0.125732584005873,2,2,0.7777777777777778
test,47008,5,30786325579731,1.0,True,1.0,0.0,0.0,0,0,0.0
test,47008,6,13194139533366,0.25,True,1.0,0.0,0.0,0,0,0.0
test,47008,6,13194139533366,0.5,True,1.0,0.0,0.0,0,0,0.0
test,47008,6,13194139533366,0.75,True,1.0,0.0,0.0,0,0,0.0
test,47008,6,13194139533366,0.9,True,1.0,0.0,0.0,0,0,0.0
test,47008,6,13194139533366,1.0,True,1.0,0.0,0.0,0,0,0.0
test,47008,7,21990232564633,0.25,False,0.75,1.0,0.3622176826415552,5,5,2.4
test,47008,7,21990232564633,0.5,False,0.7,1.0,0.35133516902317746,6,6,1.6428571428571428
test,47008,7,21990232564633,0.75,False,0.85,1.0,0.20303969680760248,3,3,1.588235294117647
test,47008,7,21990232564633,0.9,False,0.95,1.0,0.07823080271295356,1,1,0.7894736842105263
test,47008,7,21990232564633,1.0,True,1.0,0.0,0.0,0,0,0.0
test,47008,8,30786325577964,0.25,False,0.55,1.0,0.6518944862327215,9,9,6.363636363636363
test,47008,8,30786325577964,0.5,False,0.7,1.0,0.39732219577807815,6,6,3.142857142857143
test,47008,8,30786325577964,0.75,False,0.8,1.0,0.2785500392853334,4,4,1.75
test,47008,8,30786325577964,0.9,False,0.9,1.0,0.15308076092389816,2,2,1.7777777777777777
test,47008,8,30786325577964,1.0,True,1.0,0.0,0.0,0,0,0.0
test,47008,9,2199023256351,0.25,False,0.75,1.0,0.37825450310112146,5,5,3.533333333333333
test,47008,9,2199023256351,0.5,False,0.8,1.0,0.264093666492508,4,4,2.4375
test,47008,9,2199023256351,0.75,False,0.9,1.0,0.13911516389077583,2,2,1.2777777777777777
test,47008,9,2199023256351,0.9,False,0.95,1.0,0.07423932840536324,1,1,1.0526315789473684
test,47008,9,2199023256351,1.0,True,1.0,0.0,0.0,0,0,0.0
test,47008,10,32985348835319,0.25,False,0.7,1.0,0.39154018746813396,6,6,1.3571428571428572
test,47008,10,32985348835319,0.5,False,0.8,1.0,0.2593078336986818,4,4,2.3125
test,47008,10,32985348835319,0.75,False,0.85,1.0,0.2019232762935323,3,3,1.7647058823529411
test,47008,10,32985348835319,0.9,False,0.95,1.0,0.07541054882697752,1,1,1.2105263157894737
test,47008,10,32985348835319,1.0,True,1.0,0.0,0.0,0,0,0.0
test,47008,11,28587302324330,0.25,False,0.75,1.0,0.3446582662383781,5,5,2.1333333333333333
test,47008,11,28587302324330,0.5,False,0.8,1.0,0.2859863199316903,4,4,2.3125
test,47008,11,28587302324330,0.75,False,0.85,1.0,0.20391457589400477,3,3,0.8823529411764706
test,47008,11,28587302324330,0.9,False,0.9,1.0,0.11643188568965909,2,2,0.3888888888888889
test,47008,11,28587302324330,1.0,True,1.0,0.0,0.0,0,0,0.0
test,47008,12,28587302331918,0.25,False,0.8,1.0,0.3674788097752198,4,4,2.9375
test,47008,12,28587302331918,0.5,False,0.85,1.0,0.22216888556923572,3,3,1.7058823529411764
test,47008,12,28587302331918,0.75,False,0.9,1.0,0.14804555841263606,2,2,1.6111111111111112
test,47008,12,28587302331918,0.9,False,0.9,1.0,0.12712448316086933,2,2,0.6111111111111112
test,47008,12,28587302331918,1.0,True,1.0,0.0,0.0,0,0,0.0
test,47008,13,4398046519752,0.25,False,0.65,1.0,0.4098308045485525,7,7,1.5384615384615385
test,47008,13,4398046519752,0.5,False,0.75,1.0,0.32495680392823123,5,5,2.8
test,47008,13,4398046519752,0.75,False,0.9,1.0,0.14811847832016495,2,2,1.7222222222222223
test,47008,13,4398046519752,0.9,False,0.85,1.0,0.1800406710486458,3,3,1.411764705882353
test,47008,13,4398046519752,1.0,True,1.0,0.0,0.0,0,0,0.0
test,47008,14,32985348841588,0.25,True,1.0,0.0,0.0,0,0,0.0
test,47008,14,32985348841588,0.5,True,1.0,0.0,0.0,0,0,0.0
test,47008,14,32985348841588,0.75,True,1.0,0.0,0.0,0,0,0.0
test,47008,14,32985348841588,0.9,True,1.0,0.0,0.0,0,0,0.0
test,47008,14,32985348841588,1.0,True,1.0,0.0,0.0,0,0,0.0
test,47008,15,6597069772017,0.25,False,0.75,1.0,0.3405315521940788,5,5,2.0
test,47008,15,6597069772017,0.5,False,0.85,1.0,0.21389861604070357,3,3,2.4705882352941178
test,47008,15,6597069772017,0.75,False,0.85,1.0,0.21621102260319236,3,3,2.5294117647058822
test,47008,15,6597069772017,0.9,False,0.9,1.0,0.127601530944994,2,2,1.0555555555555556
test,47008,15,6597069772017,1.0,True,1.0,0.0,0.0,0,0,0.0
test,47008,16,30786325578215,0.25,False,0.65,1.0,0.5003549965386596,7,7,3.923076923076923
test,47008,16,30786325578215,0.5,False,0.75,1.0,0.34280143433517507,5,5,4.2
test,47008,16,30786325578215,0.75,False,0.95,1.0,0.12167190300757189,1,1,2.3684210526315788
test,47008,16,30786325578215,0.9,False,0.95,1.0,0.09176029774169844,1,1,1.5263157894736843
test,47008,16,30786325578215,1.0,True,1.0,0.0,0.0,0,0,0.0
test,47008,17,24189255818308,0.25,False,0.75,1.0,0.4286597775789135,5,5,3.3333333333333335
test,47008,17,24189255818308,0.5,False,0.7,1.0,0.3855039644425659,6,6,2.2142857142857144
test,47008,17,24189255818308,0.75,False,0.85,1.0,0.19320247210183966,3,3,2.0
test,47008,17,24189255818308,0.9,False,0.95,1.0,0.09009908314394524,1,1,1.3157894736842106
test,47008,17,24189255818308,1.0,True,1.0,0.0,0.0,0,0,0.0
test,47008,18,15393162789346,0.25,False,0.65,1.0,0.46148011081938234,7,7,4.153846153846154
test,47008,18,15393162789346,0.5,False,0.75,1.0,0.35875720419306373,5,5,4.866666666666666
test,47008,18,15393162789346,0.75,False,0.9,1.0,0.14133935461803976,2,2,1.8888888888888888
test,47008,18,15393162789346,0.9,False,0.9,1.0,0.13435905025171474,2,2,1.7222222222222223
test,47008,18,15393162789346,1.0,True,1.0,0.0,0.0,0,0,0.0
test,47008,19,26388279069359,0.25,False,0.7,1.0,0.41419500337144594,6,6,2.7142857142857144
test,47008,19,26388279069359,0.5,False,0.7,1.0,0.36075947493662397,6,6,1.3571428571428572
test,47008,19,26388279069359,0.75,False,0.85,1.0,0.19022708315103973,3,3,0.8823529411764706
test,47008,19,26388279069359,0.9,False,0.85,1.0,0.17401852257735145,3,3,0.5294117647058824
test,47008,19,26388279069359,1.0,True,1.0,0.0,0.0,0,0,0.0
test,47009,0,2199023262215,0.25,False,0.75,1.0,0.35605851609194167,5,5,2.933333333333333
test,47009,0,2199023262215,0.5,False,0.85,1.0,0.2471733428254012,3,3,2.9411764705882355
test,47009,0,2199023262215,0.75,False,0.95,1.0,0.08821549972861717,1,1,1.8421052631578947
test,47009,0,2199023262215,0.9,True,1.0,0.06172839506172841,0.029656642006575272,0,0,1.4
test,47009,0,2199023262215,1.0,True,1.0,0.0,0.0,0,0,0.0
test,47009,1,10995116281525,0.25,False,0.65,1.0,0.4846644856169168,7,7,4.0
test,47009,1,10995116281525,0.5,False,0.8,1.0,0.3156143651739914,4,4,2.375
test,47009,1,10995116281525,0.75,False,0.8,1.0,0.26127931904101953,4,4,2.375
test,47009,1,10995116281525,0.9,False,0.9,1.0,0.14023854807131905,2,2,1.7777777777777777
test,47009,1,10995116281525,1.0,True,1.0,0.0,0.0,0,0,0.0
test,47009,2,17592186053645,0.25,False,0.65,1.0,0.4592820756102684,7,7,3.076923076923077
test,47009,2,17592186053645,0.5,False,0.65,1.0,0.4403483040466113,7,7,2.769230769230769
test,47009,2,17592186053645,0.75,False,0.85,1.0,0.20236365086314975,3,3,2.0588235294117645
test,47009,2,17592186053645,0.9,False,0.95,1.0,0.0785306253258983,1,1,1.2105263157894737
test,47009,2,17592186053645,1.0,True,1.0,0.0,0.0,0,0,0.0
test,47009,3,28587302328950,0.25,False,0.6,1.0,0.532992814364232,8,8,5.833333333333333
test,47009,3,28587302328950,0.5,False,0.85,1.0,0.2710996529893492,3,3,3.3529411764705883
test,47009,3,28587302328950,0.75,False,0.9,1.0,0.16090367943075046,2,2,2.388888888888889
test,47009,3,28587302328950,0.9,False,0.95,1.0,0.08745149444225034,1,1,1.8421052631578947
test,47009,3,28587302328950,1.0,True,1.0,0.0,0.0,0,0,0.0
test,47009,4,15393162793550,0.25,False,0.7,1.0,0.4033865838345914,6,6,2.7857142857142856
test,47009,4,15393162793550,0.5,False,0.85,1.0,0.25925354824366,3,3,3.588235294117647
test,47009,4,15393162793550,0.75,False,0.8,1.0,0.25085335781165014,4,4,2.1875
test,47009,4,15393162793550,0.9,False,0.9,1.0,0.12284598542247724,2,2,1.0
test,47009,4,15393162793550,1.0,True,1.0,0.0,0.0,0,0,0.0
test,47009,5,30786325579731,0.25,False,0.75,1.0,0.3564621032704988,5,5,2.7333333333333334
test,47009,5,30786325579731,0.5,False,0.85,1.0,0.2560451096739052,3,3,2.2941176470588234
test,47009,5,30786325579731,0.75,False,0.85,1.0,0.20394733477622595,3,3,1.1176470588235294
test,47009,5,30786325579731,0.9,False,0.9,1.0,0.1284877142504591,2,2,0.6666666666666666
test,47009,5,30786325579731,1.0,True,1.0,0.0,0.0,0,0,0.0
test,47009,6,13194139533366,0.25,True,1.0,0.0,0.0,0,0,0.0
test,47009,6,13194139533366,0.5,True,1.0,0.0,0.0,0,0,0.0
test,47009,6,13194139533366,0.75,True,1.0,0.0,0.0,0,0,0.0
test,47009,6,13194139533366,0.9,True,1.0,0.0,0.0,0,0,0.0
test,47009,6,13194139533366,1.0,True,1.0,0.0,0.0,0,0,0.0
test,47009,7,21990232564633,0.25,False,0.7,1.0,0.4060379141175751,6,6,3.5
test,47009,7,21990232564633,0.5,False,0.85,1.0,0.2347088753699776,3,3,1.7058823529411764
test,47009,7,21990232564633,0.75,False,0.9,1.0,0.14825365304459687,2,2,1.6666666666666667
test,47009,7,21990232564633,0.9,False,0.95,1.0,0.07415543051545197,1,1,1.0
test,47009,7,21990232564633,1.0,True,1.0,0.0,0.0,0,0,0.0
test,47009,8,30786325577964,0.25,False,0.6,1.0,0.6553524253524253,8,8,5.833333333333333
test,47009,8,30786325577964,0.5,False,0.65,1.0,0.4840107155915979,7,7,4.230769230769231
test,47009,8,30786325577964,0.75,False,0.9,1.0,0.20606983974631032,2,2,2.7222222222222223
test,47009,8,30786325577964,0.9,True,1.0,0.19191919191919188,0.07091703684840937,0,0,2.1
test,47009,8,30786325577964,1.0,True,1.0,0.0,0.0,0,0,0.0
test,47009,9,2199023256351,0.25,False,0.6,1.0,0.5140328445598933,8,8,2.4166666666666665
test,47009,9,2199023256351,0.5,False,0.8,1.0,0.30596032636080817,4,4,2.5625
test,47009,9,2199023256351,0.75,False,0.85,1.0,0.18892439080410056,3,3,1.1764705882352942
test,47009,9,2199023256351,0.9,False,0.9,1.0,0.12356346708270716,2,2,1.1666666666666667
test,47009,9,2199023256351,1.0,True,1.0,0.0,0.0,0,0,0.0
test,47009,10,32985348835319,0.25,False,0.6,1.0,0.4617006943857261,8,8,1.9166666666666667
test,47009,10,32985348835319,0.5,False,0.9,1.0,0.1774780750675289,2,2,1.7777777777777777
test,47009,10,32985348835319,0.75,False,0.9,1.0,0.14056813444945426,2,2,1.6111111111111112
test,47009,10,32985348835319,0.9,False,0.95,1.0,0.0720745014169392,1,1,0.9473684210526315
test,47009,10,32985348835319,1.0,True,1.0,0.0,0.0,0,0,0.0
test,47009,11,28587302324330,0.25,False,0.7,1.0,0.4318466959533772,6,6,3.5714285714285716
test,47009,11,28587302324330,0.5,False,0.8,1.0,0.2945473402502171,4,4,2.5
test,47009,11,28587302324330,0.75,False,0.85,1.0,0.19188302721361417,3,3,1.2352941176470589
test,47009,11,28587302324330,0.9,False,0.95,1.0,0.07481301228118413,1,1,0.9473684210526315
test,47009,11,28587302324330,1.0,True,1.0,0.0,0.0,0,0,0.0
test,47009,12,28587302331918,0.25,False,0.8,1.0,0.32821938156406943,4,4,4.125
test,47009,12,28587302331918,0.5,False,0.95,1.0,0.15226266071835776,1,1,2.473684210526316
test,47009,12,28587302331918,0.75,False,0.9,1.0,0.1476389910417857,2,2,1.3888888888888888
test,47009,12,28587302331918,0.9,False,0.95,1.0,0.07850121582057526,1,1,1.0526315789473684
test,47009,12,28587302331918,1.0,True,1.0,0.0,0.0,0,0,0.0
test,47009,13,4398046519752,0.25,False,0.65,1.0,0.4278462570806898,7,7,2.3846153846153846
test,47009,13,4398046519752,0.5,False,0.85,1.0,0.22229615688947266,3,3,2.235294117647059
test,47009,13,4398046519752,0.75,False,0.9,1.0,0.14148170271365607,2,2,1.5
test,47009,13,4398046519752,0.9,False,0.9,1.0,0.13186467218697148,2,2,0.8888888888888888
test,47009,13,4398046519752,1.0,True,1.0,0.0,0.0,0,0,0.0
test,47009,14,32985348841588,0.25,True,1.0,0.0,0.0,0,0,0.0
test,47009,14,32985348841588,0.5,True,1.0,0.0,0.0,0,0,0.0
test,47009,14,32985348841588,0.75,True,1.0,0.0,0.0,0,0,0.0
test,47009,14,32985348841588,0.9,True,1.0,0.0,0.0,0,0,0.0
test,47009,14,32985348841588,1.0,True,1.0,0.0,0.0,0,0,0.0
test,47009,15,6597069772017,0.25,False,0.55,1.0,0.5598094154646035,9,9,2.727272727272727
test,47009,15,6597069772017,0.5,False,0.75,1.0,0.3064280285398008,5,5,1.3333333333333333
test,47009,15,6597069772017,0.75,False,0.9,1.0,0.13226870590996817,2,2,1.3333333333333333
test,47009,15,6597069772017,0.9,False,0.95,1.0,0.07387201358891896,1,1,1.2105263157894737
test,47009,15,6597069772017,1.0,True,1.0,0.0,0.0,0,0,0.0
test,47009,16,30786325578215,0.25,False,0.7,1.0,0.4248228999924574,6,6,2.5
test,47009,16,30786325578215,0.5,False,0.8,1.0,0.27567071384614916,4,4,3.25
test,47009,16,30786325578215,0.75,False,0.9,1.0,0.16595359782807292,2,2,2.7777777777777777
test,47009,16,30786325578215,0.9,False,0.9,1.0,0.13315218171848903,2,2,2.0555555555555554
test,47009,16,30786325578215,1.0,True,1.0,0.0,0.0,0,0,0.0
test,47009,17,24189255818308,0.25,False,0.7,1.0,0.39851423536082436,6,6,2.9285714285714284
test,47009,17,24189255818308,0.5,False,0.8,1.0,0.2996159722670323,4,4,1.6875
test,47009,17,24189255818308,0.75,False,0.85,1.0,0.2090189685604995,3,3,1.411764705882353
test,47009,17,24189255818308,0.9,False,0.9,1.0,0.13865455127531867,2,2,1.5555555555555556
test,47009,17,24189255818308,1.0,True,1.0,0.0,0.0,0,0,0.0
test,47009,18,15393162789346,0.25,False,0.65,1.0,0.4634736381189827,7,7,5.615384615384615
test,47009,18,15393162789346,0.5,False,0.75,1.0,0.3190218113096428,5,5,3.066666666666667
test,47009,18,15393162789346,0.75,False,0.85,1.0,0.2016326087513917,3,3,2.2941176470588234
test,47009,18,15393162789346,0.9,True,1.0,0.0833333333333334,0.036439865416146223,0,0,1.9
test,47009,18,15393162789346,1.0,True,1.0,0.0,0.0,0,0,0.0
test,47009,19,26388279069359,0.25,False,0.7,1.0,0.3915927716851332,6,6,1.8571428571428572
test,47009,19,26388279069359,0.5,False,0.7,1.0,0.3947932090298356,6,6,2.142857142857143
test,47009,19,26388279069359,0.75,False,0.8,1.0,0.23950046193511576,4,4,1.5
test,47009,19,26388279069359,0.9,False,0.9,1.0,0.13086672139845562,2,2,1.3888888888888888
test,47009,19,26388279069359,1.0,True,1.0,0.0,0.0,0,0,0.0
test,47010,0,2199023262215,0.25,False,0.65,1.0,0.4449668207366522,7,7,2.6153846153846154
test,47010,0,2199023262215,0.5,False,0.75,1.0,0.3196168091286384,5,5,2.4
test,47010,0,2199023262215,0.75,False,0.9,1.0,0.1474195723087655,2,2,1.3333333333333333
test,47010,0,2199023262215,0.9,False,0.9,1.0,0.13519327786687657,2,2,1.1666666666666667
test,47010,0,2199023262215,1.0,True,1.0,0.0,0.0,0,0,0.0
test,47010,1,10995116281525,0.25,False,0.55,1.0,0.6563774631735498,9,9,4.818181818181818
test,47010,1,10995116281525,0.5,False,0.75,1.0,0.3160760135466775,5,5,2.8
test,47010,1,10995116281525,0.75,False,0.75,1.0,0.29051871274881136,5,5,1.5333333333333334
test,47010,1,10995116281525,0.9,False,0.9,1.0,0.1384741520228407,2,2,1.6111111111111112
test,47010,1,10995116281525,1.0,True,1.0,0.0,0.0,0,0,0.0
test,47010,2,17592186053645,0.25,False,0.6,1.0,0.5200126502679094,8,8,3.4166666666666665
test,47010,2,17592186053645,0.5,False,0.75,1.0,0.3199045219704517,5,5,2.4
test,47010,2,17592186053645,0.75,False,0.85,1.0,0.21508070762178658,3,3,1.9411764705882353
test,47010,2,17592186053645,0.9,False,0.95,1.0,0.09143047606658464,1,1,1.4210526315789473
test,47010,2,17592186053645,1.0,True,1.0,0.0,0.0,0,0,0.0
test,47010,3,28587302328950,0.25,False,0.55,1.0,0.5260981430385161,9,9,5.363636363636363
test,47010,3,28587302328950,0.5,False,0.75,1.0,0.30316519087389293,5,5,3.2666666666666666
test,47010,3,28587302328950,0.75,False,0.85,1.0,0.19883281529109192,3,3,2.235294117647059
test,47010,3,28587302328950,0.9,False,0.9,1.0,0.12083371291803391,2,2,1.3333333333333333
test,47010,3,28587302328950,1.0,True,1.0,0.0,0.0,0,0,0.0
test,47010,4,15393162793550,0.25,False,0.55,1.0,0.5634792385544241,9,9,3.8181818181818183
test,47010,4,15393162793550,0.5,False,0.75,1.0,0.3160359637702282,5,5,3.1333333333333333
test,47010,4,15393162793550,0.75,False,0.95,1.0,0.09989658399060963,1,1,1.5263157894736843
test,47010,4,15393162793550,0.9,False,0.95,1.0,0.08029011687216628,1,1,0.3684210526315789
test,47010,4,15393162793550,1.0,True,1.0,0.0,0.0,0,0,0.0
test,47010,5,30786325579731,0.25,False,0.75,1.0,0.40144177916973034,5,5,3.8
test,47010,5,30786325579731,0.5,False,0.75,1.0,0.33363385292744047,5,5,2.466666666666667
test,47010,5,30786325579731,0.75,False,0.85,1.0,0.2020243965651602,3,3,2.176470588235294
test,47010,5,30786325579731,0.9,False,0.95,1.0,0.08622921543976922,1,1,1.8421052631578947
test,47010,5,30786325579731,1.0,True,1.0,0.0,0.0,0,0,0.0
test,47010,6,13194139533366,0.25,True,1.0,0.0,0.0,0,0,0.0
test,47010,6,13194139533366,0.5,True,1.0,0.0,0.0,0,0,0.0
test,47010,6,13194139533366,0.75,True,1.0,0.0,0.0,0,0,0.0
test,47010,6,13194139533366,0.9,True,1.0,0.0,0.0,0,0,0.0
test,47010,6,13194139533366,1.0,True,1.0,0.0,0.0,0,0,0.0
test,47010,7,21990232564633,0.25,False,0.75,1.0,0.43225053462889396,5,5,4.266666666666667
test,47010,7,21990232564633,0.5,False,0.8,1.0,0.29067963265825175,4,4,3.25
test,47010,7,21990232564633,0.75,False,0.9,1.0,0.15446056225629998,2,2,2.3333333333333335
test,47010,7,21990232564633,0.9,False,0.9,1.0,0.13014758300790663,2,2,1.2777777777777777
test,47010,7,21990232564633,1.0,True,1.0,0.0,0.0,0,0,0.0
test,47010,8,30786325577964,0.25,False,0.45,1.2222222222222223,0.7789214870097223,11,11,4.444444444444445
test,47010,8,30786325577964,0.5,False,0.65,1.0,0.5246228281522399,7,7,4.384615384615385
test,47010,8,30786325577964,0.75,False,0.85,1.0,0.2376987201251907,3,3,2.588235294117647
test,47010,8,30786325577964,0.9,False,0.9,1.0,0.16372141611112195,2,2,2.0555555555555554
test,47010,8,30786325577964,1.0,True,1.0,0.0,0.0,0,0,0.0
test,47010,9,2199023256351,0.25,False,0.75,1.0,0.3460198454303451,5,5,3.6
test,47010,9,2199023256351,0.5,False,0.9,1.0,0.1487144541809125,2,2,1.8333333333333333
test,47010,9,2199023256351,0.75,False,0.8,1.0,0.2329068085415027,4,4,1.0
test,47010,9,2199023256351,0.9,False,0.9,1.0,0.12760463350828652,2,2,1.2777777777777777
test,47010,9,2199023256351,1.0,True,1.0,0.0,0.0,0,0,0.0
test,47010,10,32985348835319,0.25,False,0.8,1.0,0.35036800776633265,4,4,4.3125
test,47010,10,32985348835319,0.5,False,0.8,1.0,0.2738509288024905,4,4,2.3125
test,47010,10,32985348835319,0.75,False,0.9,1.0,0.1459536473474045,2,2,1.3333333333333333
test,47010,10,32985348835319,0.9,False,0.95,1.0,0.08602268455354908,1,1,1.263157894736842
test,47010,10,32985348835319,1.0,True,1.0,0.0,0.0,0,0,0.0
test,47010,11,28587302324330,0.25,False,0.75,1.0,0.3749863840691852,5,5,3.0
test,47010,11,28587302324330,0.5,False,0.8,1.0,0.26219707325140956,4,4,1.625
test,47010,11,28587302324330,0.75,False,0.95,1.0,0.11224558501883448,1,1,1.631578947368421
test,47010,11,28587302324330,0.9,False,0.95,1.0,0.08040813847375616,1,1,0.5789473684210527
test,47010,11,28587302324330,1.0,True,1.0,0.0,0.0,0,0,0.0
test,47010,12,28587302331918,0.25,False,0.75,1.0,0.35139870465887957,5,5,3.466666666666667
test,47010,12,28587302331918,0.5,False,0.85,1.0,0.2141558547321308,3,3,2.1176470588235294
test,47010,12,28587302331918,0.75,False,0.95,1.0,0.10137144058053185,1,1,1.4736842105263157
test,47010,12,28587302331918,0.9,False,0.95,1.0,0.0822854179501804,1,1,0.9473684210526315
test,47010,12,28587302331918,1.0,True,1.0,0.0,0.0,0,0,0.0
test,47010,13,4398046519752,0.25,False,0.65,1.0,0.43435568425077903,7,7,3.5384615384615383
test,47010,13,4398046519752,0.5,False,0.8,1.0,0.27847898622041745,4,4,2.875
test,47010,13,4398046519752,0.75,False,0.85,1.0,0.18553422551699772,3,3,1.0588235294117647
test,47010,13,4398046519752,0.9,False,0.95,1.0,0.08152792583699565,1,1,0.8947368421052632
test,47010,13,4398046519752,1.0,True,1.0,0.0,0.0,0,0,0.0
test,47010,14,32985348841588,0.25,True,1.0,0.0,0.0,0,0,0.0
test,47010,14,32985348841588,0.5,True,1.0,0.0,0.0,0,0,0.0
test,47010,14,32985348841588,0.75,True,1.0,0.0,0.0,0,0,0.0
test,47010,14,32985348841588,0.9,True,1.0,0.0,0.0,0,0,0.0
test,47010,14,32985348841588,1.0,True,1.0,0.0,0.0,0,0,0.0
test,47010,15,6597069772017,0.25,False,0.65,1.0,0.4223525618232114,7,7,2.6923076923076925
test,47010,15,6597069772017,0.5,False,0.75,1.0,0.29346975955807514,5,5,1.6
test,47010,15,6597069772017,0.75,True,1.0,0.1333333333333334,0.038163159758850665,0,0,1.6
test,47010,15,6597069772017,0.9,False,0.95,1.0,0.08411642553788372,1,1,0.42105263157894735
test,47010,15,6597069772017,1.0,True,1.0,0.0,0.0,0,0,0.0
test,47010,16,30786325578215,0.25,False,0.75,1.0,0.39182277189658843,5,5,3.2666666666666666
test,47010,16,30786325578215,0.5,False,0.8,1.0,0.28028431110349566,4,4,2.375
test,47010,16,30786325578215,0.75,False,0.85,1.0,0.20904744985219667,3,3,1.5294117647058822
test,47010,16,30786325578215,0.9,False,0.9,1.0,0.143193281741664,2,2,1.1111111111111112
test,47010,16,30786325578215,1.0,True,1.0,0.0,0.0,0,0,0.0
test,47010,17,24189255818308,0.25,False,0.65,1.0,0.4982207209656785,7,7,4.0
test,47010,17,24189255818308,0.5,False,0.8,1.0,0.277441140723649,4,4,2.3125
test,47010,17,24189255818308,0.75,False,0.95,1.0,0.11351470478937933,1,1,2.0526315789473686
test,47010,17,24189255818308,0.9,True,1.0,0.08108108108108109,0.030768545825592554,0,0,1.2
test,47010,17,24189255818308,1.0,True,1.0,0.0,0.0,0,0,0.0
test,47010,18,15393162789346,0.25,False,0.75,1.0,0.40514699479317856,5,5,4.066666666666666
test,47010,18,15393162789346,0.5,False,0.75,1.0,0.33957277058260654,5,5,4.0
test,47010,18,15393162789346,0.75,False,0.85,1.0,0.2060180113977604,3,3,2.176470588235294
test,47010,18,15393162789346,0.9,False,0.95,1.0,0.09153248054510502,1,1,1.631578947368421
test,47010,18,15393162789346,1.0,True,1.0,0.0,0.0,0,0,0.0
test,47010,19,26388279069359,0.25,False,0.65,1.0,0.45858118216956834,7,7,3.6923076923076925
test,47010,19,26388279069359,0.5,False,0.9,1.0,0.18865960372290386,2,2,2.388888888888889
test,47010,19,26388279069359,0.75,False,0.85,1.0,0.19443721516988374,3,3,0.8235294117647058
test,47010,19,26388279069359,0.9,False,0.9,1.0,0.12749735587852862,2,2,0.8888888888888888
test,47010,19,26388279069359,1.0,True,1.0,0.0,0.0,0,0,0.0
test,47011,0,2199023262215,0.25,False,0.65,1.0,0.4251185291412546,7,7,2.8461538461538463
test,47011,0,2199023262215,0.5,False,0.7,1.0,0.3635718184507781,6,6,3.0
test,47011,0,2199023262215,0.75,False,0.95,1.0,0.09864349172219865,1,1,2.0
test,47011,0,2199023262215,0.9,True,1.0,0.07029478458049883,0.031963008996642825,0,0,1.7
test,47011,0,2199023262215,1.0,True,1.0,0.0,0.0,0,0,0.0
test,47011,1,10995116281525,0.25,False,0.6,1.0,0.48089501624961734,8,8,2.8333333333333335
test,47011,1,10995116281525,0.5,False,0.65,1.0,0.40390231343708755,7,7,1.1538461538461537
test,47011,1,10995116281525,0.75,False,0.8,1.0,0.2507248583863765,4,4,2.625
test,47011,1,10995116281525,0.9,False,0.9,1.0,0.13616160860025942,2,2,1.3888888888888888
test,47011,1,10995116281525,1.0,True,1.0,0.0,0.0,0,0,0.0
test,47011,2,17592186053645,0.25,False,0.5,1.0,0.6035158642934497,10,10,5.5
test,47011,2,17592186053645,0.5,False,0.75,1.0,0.32033242813839846,5,5,2.6
test,47011,2,17592186053645,0.75,False,0.85,1.0,0.19720859992364334,3,3,2.5294117647058822
test,47011,2,17592186053645,0.9,False,0.95,1.0,0.08313749409577469,1,1,1.4210526315789473
test,47011,2,17592186053645,1.0,True,1.0,0.0,0.0,0,0,0.0
test,47011,3,28587302328950,0.25,False,0.7,1.0,0.47081126597660533,6,6,7.0
test,47011,3,28587302328950,0.5,False,0.75,1.0,0.3275223028874284,5,5,2.6
test,47011,3,28587302328950,0.75,False,0.8,1.0,0.25295148148946034,4,4,2.9375
test,47011,3,28587302328950,0.9,False,0.95,1.0,0.0786158003349623,1,1,1.263157894736842
test,47011,3,28587302328950,1.0,True,1.0,0.0,0.0,0,0,0.0
test,47011,4,15393162793550,0.25,False,0.75,1.0,0.3859998175428637,5,5,4.0
test,47011,4,15393162793550,0.5,False,0.8,1.0,0.2832850495191872,4,4,2.8125
test,47011,4,15393162793550,0.75,False,0.85,1.0,0.21723831807521501,3,3,2.4705882352941178
test,47011,4,15393162793550,0.9,False,0.95,1.0,0.08467109174103121,1,1,1.263157894736842
test,47011,4,15393162793550,1.0,True,1.0,0.0,0.0,0,0,0.0
test,47011,5,30786325579731,0.25,False,0.55,1.0,0.5395495834043127,9,9,4.636363636363637
test,47011,5,30786325579731,0.5,False,0.75,1.0,0.31067200472564116,5,5,1.6
test,47011,5,30786325579731,0.75,False,0.85,1.0,0.213316812533898,3,3,2.1176470588235294
test,47011,5,30786325579731,0.9,False,0.9,1.0,0.1266958474024094,2,2,0.7222222222222222
test,47011,5,30786325579731,1.0,True,1.0,0.0,0.0,0,0,0.0
test,47011,6,13194139533366,0.25,True,1.0,0.0,0.0,0,0,0.0
test,47011,6,13194139533366,0.5,True,1.0,0.0,0.0,0,0,0.0
test,47011,6,13194139533366,0.75,True,1.0,0.0,0.0,0,0,0.0
test,47011,6,13194139533366,0.9,True,1.0,0.0,0.0,0,0,0.0
test,47011,6,13194139533366,1.0,True,1.0,0.0,0.0,0,0,0.0
test,47011,7,21990232564633,0.25,False,0.7,1.0,0.41586330127665755,6,6,4.428571428571429
test,47011,7,21990232564633,0.5,False,0.85,1.0,0.2231002973065505,3,3,2.8823529411764706
test,47011,7,21990232564633,0.75,False,0.95,1.0,0.09544249780440875,1,1,1.5263157894736843
test,47011,7,21990232564633,0.9,False,0.95,1.0,0.07439925858241732,1,1,0.6842105263157895
test,47011,7,21990232564633,1.0,True,1.0,0.0,0.0,0,0,0.0
test,47011,8,30786325577964,0.25,False,0.45,1.2222222222222223,0.7362018537018538,11,11,3.2222222222222223
test,47011,8,30786325577964,0.5,False,0.75,1.0,0.40640318015318017,5,5,4.266666666666667
test,47011,8,30786325577964,0.75,False,0.8,1.0,0.327677918486742,4,4,4.0
test,47011,8,30786325577964,0.9,False,0.8,1.0,0.2613806083168828,4,4,1.375
test,47011,8,30786325577964,1.0,True,1.0,0.0,0.0,0,0,0.0
test,47011,9,2199023256351,0.25,False,0.65,1.0,0.4426833138149539,7,7,4.153846153846154
test,47011,9,2199023256351,0.5,False,0.8,1.0,0.27254901137758336,4,4,2.8125
test,47011,9,2199023256351,0.75,False,0.9,1.0,0.1413792108474609,2,2,1.5
test,47011,9,2199023256351,0.9,False,0.9,1.0,0.12412596523370698,2,2,1.3333333333333333
test,47011,9,2199023256351,1.0,True,1.0,0.0,0.0,0,0,0.0
test,47011,10,32985348835319,0.25,False,0.6,1.0,0.49215095072434883,8,8,3.8333333333333335
test,47011,10,32985348835319,0.5,False,0.8,1.0,0.2782418602446953,4,4,2.25
test,47011,10,32985348835319,0.75,False,0.9,1.0,0.15291533309980446,2,2,1.5555555555555556
test,47011,10,32985348835319,0.9,False,0.95,1.0,0.07788443691858096,1,1,0.8947368421052632
test,47011,10,32985348835319,1.0,True,1.0,0.0,0.0,0,0,0.0
test,47011,11,28587302324330,0.25,False,0.6,1.0,0.5091074485622744,8,8,4.083333333333333
test,47011,11,28587302324330,0.5,False,0.75,1.0,0.31676795652024403,5,5,2.2666666666666666
test,47011,11,28587302324330,0.75,False,0.9,1.0,0.1524678222062954,2,2,1.4444444444444444
test,47011,11,28587302324330,0.9,False,0.95,1.0,0.08206866618546853,1,1,0.631578947368421
test,47011,11,28587302324330,1.0,True,1.0,0.0,0.0,0,0,0.0
test,47011,12,28587302331918,0.25,False,0.65,1.0,0.4502973414353256,7,7,4.076923076923077
test,47011,12,28587302331918,0.5,False,0.8,1.0,0.29045268404751434,4,4,3.0625
test,47011,12,28587302331918,0.75,False,0.9,1.0,0.14565584482352673,2,2,1.7777777777777777
test,47011,12,28587302331918,0.9,True,1.0,0.09259259259259262,0.03391841076610583,0,0,1.3
test,47011,12,28587302331918,1.0,True,1.0,0.0,0.0,0,0,0.0
test,47011,13,4398046519752,0.25,False,0.5,1.0,0.5582709102407378,10,10,3.8
test,47011,13,4398046519752,0.5,False,0.75,1.0,0.32288440146667835,5,5,2.2666666666666666
test,47011,13,4398046519752,0.75,False,0.85,1.0,0.1920179462241193,3,3,1.4705882352941178
test,47011,13,4398046519752,0.9,False,0.95,1.0,0.08035904453930434,1,1,1.263157894736842
test,47011,13,4398046519752,1.0,True,1.0,0.0,0.0,0,0,0.0
test,47011,14,32985348841588,0.25,True,1.0,0.0,0.0,0,0,0.0
test,47011,14,32985348841588,0.5,True,1.0,0.0,0.0,0,0,0.0
test,47011,14,32985348841588,0.75,True,1.0,0.0,0.0,0,0,0.0
test,47011,14,32985348841588,0.9,True,1.0,0.0,0.0,0,0,0.0
test,47011,14,32985348841588,1.0,True,1.0,0.0,0.0,0,0,0.0
test,47011,15,6597069772017,0.25,False,0.6,1.0,0.5277349925597925,8,8,4.333333333333333
test,47011,15,6597069772017,0.5,False,0.7,1.0,0.3823753943474148,6,6,3.0
test,47011,15,6597069772017,0.75,False,0.9,1.0,0.15346514879956297,2,2,1.9444444444444444
test,47011,15,6597069772017,0.9,True,1.0,0.0833333333333334,0.03149354160947658,0,0,1.2
test,47011,15,6597069772017,1.0,True,1.0,0.0,0.0,0,0,0.0
test,47011,16,30786325578215,0.25,False,0.65,1.0,0.47179345256507094,7,7,3.1538461538461537
test,47011,16,30786325578215,0.5,False,0.7,1.0,0.3977235717220216,6,6,2.2142857142857144
test,47011,16,30786325578215,0.75,False,0.9,1.0,0.18088873272870545,2,2,1.7777777777777777
test,47011,16,30786325578215,0.9,False,0.95,1.0,0.09981442180482511,1,1,1.4210526315789473
test,47011,16,30786325578215,1.0,True,1.0,0.0,0.0,0,0,0.0
test,47011,17,24189255818308,0.25,False,0.55,1.0,0.5740283520806193,9,9,5.090909090909091
test,47011,17,24189255818308,0.5,False,0.85,1.0,0.23807150377305727,3,3,2.8823529411764706
test,47011,17,24189255818308,0.75,False,0.9,1.0,0.16102282151338063,2,2,1.5
test,47011,17,24189255818308,0.9,False,0.95,1.0,0.08286152631170304,1,1,0.8947368421052632
test,47011,17,24189255818308,1.0,True,1.0,0.0,0.0,0,0,0.0
test,47011,18,15393162789346,0.25,False,0.55,1.0,0.5603906774690376,9,9,5.636363636363637
test,47011,18,15393162789346,0.5,False,0.85,1.0,0.24736865010820233,3,3,3.4705882352941178
test,47011,18,15393162789346,0.75,False,0.9,1.0,0.16324684556941543,2,2,3.2222222222222223
test,47011,18,15393162789346,0.9,False,0.95,1.0,0.09078161304361919,1,1,1.7894736842105263
test,47011,18,15393162789346,1.0,True,1.0,0.0,0.0,0,0,0.0
test,47011,19,26388279069359,0.25,False,0.6,1.0,0.4846426617896326,8,8,2.9166666666666665
test,47011,19,26388279069359,0.5,False,0.8,1.0,0.2778293877309723,4,4,2.0625
test,47011,19,26388279069359,0.75,False,0.85,1.0,0.19718635063286846,3,3,0.8235294117647058
test,47011,19,26388279069359,0.9,False,0.9,1.0,0.13225814438198533,2,2,1.2222222222222223
test,47011,19,26388279069359,1.0,True,1.0,0.0,0.0,0,0,0.0
test,47012,0,2199023262215,0.25,False,0.5,1.0,0.5847641682710816,10,10,3.5
test,47012,0,2199023262215,0.5,False,0.75,1.0,0.3221678383642057,5,5,3.6
test,47012,0,2199023262215,0.75,False,0.95,1.0,0.11650297655061088,1,1,2.789473684210526
test,47012,0,2199023262215,0.9,False,0.95,1.0,0.0936767639426718,1,1,1.8421052631578947
test,47012,0,2199023262215,1.0,True,1.0,0.0,0.0,0,0,0.0
test,47012,1,10995116281525,0.25,False,0.6,1.08,0.5783002406471143,8,8,4.416666666666667
test,47012,1,10995116281525,0.5,False,0.8,1.0,0.3495273767591579,4,4,3.125
test,47012,1,10995116281525,0.75,False,0.8,1.0,0.2688831144691717,4,4,2.1875
test,47012,1,10995116281525,0.9,False,0.85,1.0,0.20079869688089577,3,3,1.9411764705882353
test,47012,1,10995116281525,1.0,True,1.0,0.0,0.0,0,0,0.0
test,47012,2,17592186053645,0.25,False,0.75,1.0,0.47035877278716953,5,5,5.333333333333333
test,47012,2,17592186053645,0.5,False,0.85,1.0,0.28046848388447687,3,3,3.3529411764705883
test,47012,2,17592186053645,0.75,False,0.95,1.0,0.14159897742951705,1,1,3.3684210526315788
test,47012,2,17592186053645,0.9,True,1.0,0.1111111111111111,0.05130289165028349,0,0,2.1
test,47012,2,17592186053645,1.0,True,1.0,0.0,0.0,0,0,0.0
test,47012,3,28587302328950,0.25,False,0.55,1.0,0.5404171358470518,9,9,2.5454545454545454
test,47012,3,28587302328950,0.5,False,0.65,1.0,0.42633838785931194,7,7,2.6153846153846154
test,47012,3,28587302328950,0.75,False,0.9,1.0,0.16339426674644825,2,2,2.7777777777777777
test,47012,3,28587302328950,0.9,False,0.9,1.0,0.1434728646733789,2,2,2.4444444444444446
test,47012,3,28587302328950,1.0,True,1.0,0.0,0.0,0,0,0.0
test,47012,4,15393162793550,0.25,False,0.7,1.0,0.4442069491454578,6,6,3.7857142857142856
test,47012,4,15393162793550,0.5,False,0.65,1.0,0.44565532483841314,7,7,3.3076923076923075
test,47012,4,15393162793550,0.75,False,0.8,1.0,0.25166214966311656,4,4,2.125
test,47012,4,15393162793550,0.9,False,0.9,1.0,0.13851830306230672,2,2,1.5
test,47012,4,15393162793550,1.0,True,1.0,0.0,0.0,0,0,0.0
test,47012,5,30786325579731,0.25,False,0.7,1.0,0.391918369594147,6,6,2.0
test,47012,5,30786325579731,0.5,False,0.7,1.0,0.3523738983493936,6,6,1.2857142857142858
test,47012,5,30786325579731,0.75,False,0.8,1.0,0.2633017476051362,4,4,1.875
test,47012,5,30786325579731,0.9,False,0.95,1.0,0.0883724218808175,1,1,1.1578947368421053
test,47012,5,30786325579731,1.0,True,1.0,0.0,0.0,0,0,0.0
test,47012,6,13194139533366,0.25,True,1.0,0.0,0.0,0,0,0.0
test,47012,6,13194139533366,0.5,True,1.0,0.0,0.0,0,0,0.0
test,47012,6,13194139533366,0.75,True,1.0,0.0,0.0,0,0,0.0
test,47012,6,13194139533366,0.9,True,1.0,0.0,0.0,0,0,0.0
test,47012,6,13194139533366,1.0,True,1.0,0.0,0.0,0,0,0.0
test,47012,7,21990232564633,0.25,False,0.65,1.0,0.4598546629567615,7,7,3.5384615384615383
test,47012,7,21990232564633,0.5,False,0.8,1.0,0.26814085418532607,4,4,2.25
test,47012,7,21990232564633,0.75,False,0.85,1.0,0.1945851761632851,3,3,1.3529411764705883
test,47012,7,21990232564633,0.9,False,0.95,1.0,0.08717948326626004,1,1,1.263157894736842
test,47012,7,21990232564633,1.0,True,1.0,0.0,0.0,0,0,0.0
test,47012,8,30786325577964,0.25,False,0.6,1.0,0.6252834012392836,8,8,3.5
test,47012,8,30786325577964,0.5,False,0.8,1.0,0.38213359353065235,4,4,2.875
test,47012,8,30786325577964,0.75,False,0.75,1.0,0.3659991778374131,5,5,2.6
test,47012,8,30786325577964,0.9,False,0.9,1.0,0.16807441831951636,2,2,2.4444444444444446
test,47012,8,30786325577964,1.0,True,1.0,0.0,0.0,0,0,0.0
test,47012,9,2199023256351,0.25,False,0.55,1.0,0.5318016195450348,9,9,1.3636363636363635
test,47012,9,2199023256351,0.5,False,0.75,1.0,0.3309316081694639,5,5,3.066666666666667
test,47012,9,2199023256351,0.75,False,0.9,1.0,0.15295315184091357,2,2,1.4444444444444444
test,47012,9,2199023256351,0.9,False,0.95,1.0,0.07899363664222153,1,1,1.3157894736842106
test,47012,9,2199023256351,1.0,True,1.0,0.0,0.0,0,0,0.0
test,47012,10,32985348835319,0.25,False,0.6,1.0,0.4866666419674625,8,8,3.5
test,47012,10,32985348835319,0.5,False,0.8,1.0,0.25741432457875124,4,4,2.125
test,47012,10,32985348835319,0.75,False,0.85,1.0,0.20429327094060118,3,3,2.0588235294117645
test,47012,10,32985348835319,0.9,False,0.9,1.0,0.13822890116862216,2,2,1.1111111111111112
test,47012,10,32985348835319,1.0,True,1.0,0.0,0.0,0,0,0.0
test,47012,11,28587302324330,0.25,False,0.65,1.0,0.4577723330822475,7,7,2.923076923076923
test,47012,11,28587302324330,0.5,False,0.75,1.0,0.32796053704530553,5,5,1.6666666666666667
test,47012,11,28587302324330,0.75,False,0.8,1.0,0.2541434147809424,4,4,2.0625
test,47012,11,28587302324330,0.9,False,0.9,1.0,0.13058884680128285,2,2,1.0555555555555556
test,47012,11,28587302324330,1.0,True,1.0,0.0,0.0,0,0,0.0
test,47012,12,28587302331918,0.25,False,0.65,1.0,0.46484471985366194,7,7,3.4615384615384617
test,47012,12,28587302331918,0.5,False,0.85,1.0,0.25759640320906596,3,3,2.7058823529411766
test,47012,12,28587302331918,0.75,False,0.85,1.0,0.19987423514155547,3,3,1.411764705882353
test,47012,12,28587302331918,0.9,False,0.95,1.0,0.08522163736289654,1,1,1.0526315789473684
test,47012,12,28587302331918,1.0,True,1.0,0.0,0.0,0,0,0.0
test,47012,13,4398046519752,0.25,False,0.45,1.0,0.6066892190056196,11,11,3.4444444444444446
test,47012,13,4398046519752,0.5,False,0.7,1.0,0.36936620115106666,6,6,2.357142857142857
test,47012,13,4398046519752,0.75,False,0.8,1.0,0.25880602376797024,4,4,1.75
test,47012,13,4398046519752,0.9,False,0.95,1.0,0.09232106541310074,1,1,1.1578947368421053
test,47012,13,4398046519752,1.0,True,1.0,0.0,0.0,0,0,0.0
test,47012,14,32985348841588,0.25,True,1.0,0.0,0.0,0,0,0.0
test,47012,14,32985348841588,0.5,True,1.0,0.0,0.0,0,0,0.0
test,47012,14,32985348841588,0.75,True,1.0,0.0,0.0,0,0,0.0
test,47012,14,32985348841588,0.9,True,1.0,0.0,0.0,0,0,0.0
test,47012,14,32985348841588,1.0,True,1.0,0.0,0.0,0,0,0.0
test,47012,15,6597069772017,0.25,False,0.65,1.0,0.44184144055508956,7,7,2.5384615384615383
test,47012,15,6597069772017,0.5,False,0.65,1.0,0.4089813809634316,7,7,1.3076923076923077
test,47012,15,6597069772017,0.75,False,0.85,1.0,0.1977383004384949,3,3,2.176470588235294
test,47012,15,6597069772017,0.9,False,0.95,1.0,0.07730158676806384,1,1,0.8421052631578947
test,47012,15,6597069772017,1.0,True,1.0,0.0,0.0,0,0,0.0
test,47012,16,30786325578215,0.25,False,0.55,1.0,0.523625314041844,9,9,3.272727272727273
test,47012,16,30786325578215,0.5,False,0.8,1.0,0.29937810309724144,4,4,4.1875
test,47012,16,30786325578215,0.75,False,0.9,1.0,0.172283377879239,2,2,2.5
test,47012,16,30786325578215,0.9,False,0.95,1.0,0.10631678295421923,1,1,2.210526315789474
test,47012,16,30786325578215,1.0,True,1.0,0.0,0.0,0,0,0.0
test,47012,17,24189255818308,0.25,False,0.8,1.0,0.38203895333973115,4,4,4.0625
test,47012,17,24189255818308,0.5,False,0.75,1.0,0.3380522775165161,5,5,2.7333333333333334
test,47012,17,24189255818308,0.75,False,0.85,1.0,0.21556607522763,3,3,2.2941176470588234
test,47012,17,24189255818308,0.9,False,0.95,1.0,0.09472241511188349,1,1,1.3157894736842106
test,47012,17,24189255818308,1.0,True,1.0,0.0,0.0,0,0,0.0
test,47012,18,15393162789346,0.25,False,0.6,1.0,0.4945783149272204,8,8,3.25
test,47012,18,15393162789346,0.5,False,0.75,1.0,0.31850969425526554,5,5,3.533333333333333
test,47012,18,15393162789346,0.75,False,0.85,1.0,0.2105476048703038,3,3,3.411764705882353
test,47012,18,15393162789346,0.9,False,0.95,1.0,0.10403489326529528,1,1,2.8947368421052633
test,47012,18,15393162789346,1.0,True,1.0,0.0,0.0,0,0,0.0
test,47012,19,26388279069359,0.25,False,0.7,1.0,0.4256441031599899,6,6,2.5714285714285716
test,47012,19,26388279069359,0.5,False,0.7,1.0,0.39773420552024286,6,6,2.4285714285714284
test,47012,19,26388279069359,0.75,False,0.85,1.0,0.21096879646275948,3,3,1.3529411764705883
test,47012,19,26388279069359,0.9,False,0.95,1.0,0.08513553441804791,1,1,1.0526315789473684
test,47012,19,26388279069359,1.0,True,1.0,0.0,0.0,0,0,0.0
test,47013,0,2199023262215,0.25,False,0.65,1.0,0.4226421394478094,7,7,2.3076923076923075
test,47013,0,2199023262215,0.5,False,0.85,1.0,0.2217112947390718,3,3,2.764705882352941
test,47013,0,2199023262215,0.75,False,0.9,1.0,0.14946466815707943,2,2,2.0
test,47013,0,2199023262215,0.9,False,0.95,1.0,0.07404564622420969,1,1,1.105263157894737
test,47013,0,2199023262215,1.0,True,1.0,0.0,0.0,0,0,0.0
test,47013,1,10995116281525,0.25,False,0.6,1.0,0.5089526076136216,8,8,3.9166666666666665
test,47013,1,10995116281525,0.5,False,0.75,1.0,0.3310964831609687,5,5,2.6666666666666665
test,47013,1,10995116281525,0.75,False,0.75,1.0,0.3177269389986993,5,5,1.2666666666666666
test,47013,1,10995116281525,0.9,False,0.9,1.0,0.14317013074491103,2,2,2.0
test,47013,1,10995116281525,1.0,True,1.0,0.0,0.0,0,0,0.0
test,47013,2,17592186053645,0.25,False,0.55,1.0,0.585235975007687,9,9,3.272727272727273
test,47013,2,17592186053645,0.5,False,0.8,1.0,0.27807531769123434,4,4,2.6875
test,47013,2,17592186053645,0.75,False,0.95,1.0,0.10767344610459258,1,1,2.5789473684210527
test,47013,2,17592186053645,0.9,False,0.95,1.0,0.09112870703739233,1,1,1.1578947368421053
test,47013,2,17592186053645,1.0,True,1.0,0.0,0.0,0,0,0.0
test,47013,3,28587302328950,0.25,False,0.65,1.0,0.4692394923796225,7,7,3.076923076923077
test,47013,3,28587302328950,0.5,False,0.75,1.0,0.3257831450927258,5,5,3.1333333333333333
test,47013,3,28587302328950,0.75,False,0.9,1.0,0.14583038610205853,2,2,1.7222222222222223
test,47013,3,28587302328950,0.9,False,0.9,1.0,0.13616871711287293,2,2,1.9444444444444444
test,47013,3,28587302328950,1.0,True,1.0,0.0,0.0,0,0,0.0
test,47013,4,15393162793550,0.25,False,0.65,1.0,0.4623265727864031,7,7,3.230769230769231
test,47013,4,15393162793550,0.5,False,0.75,1.0,0.3302555002735276,5,5,3.466666666666667
test,47013,4,15393162793550,0.75,False,0.95,1.0,0.12070465071904476,1,1,2.8947368421052633
test,47013,4,15393162793550,0.9,False,0.9,1.0,0.1285190464640221,2,2,1.5
test,47013,4,15393162793550,1.0,True,1.0,0.0,0.0,0,0,0.0
test,47013,5,30786325579731,0.25,False,0.65,1.0,0.47313543376716716,7,7,3.923076923076923
test,47013,5,30786325579731,0.5,False,0.85,1.0,0.21254596637451298,3,3,2.235294117647059
test,47013,5,30786325579731,0.75,False,0.8,1.0,0.2338617511559374,4,4,1.125
test,47013,5,30786325579731,0.9,False,0.9,1.0,0.12362940477426927,2,2,1.2777777777777777
test,47013,5,30786325579731,1.0,True,1.0,0.0,0.0,0,0,0.0
test,47013,6,13194139533366,0.25,True,1.0,0.0,0.0,0,0,0.0
test,47013,6,13194139533366,0.5,True,1.0,0.0,0.0,0,0,0.0
test,47013,6,13194139533366,0.75,True,1.0,0.0,0.0,0,0,0.0
test,47013,6,13194139533366,0.9,True,1.0,0.0,0.0,0,0,0.0
test,47013,6,13194139533366,1.0,True,1.0,0.0,0.0,0,0,0.0
test,47013,7,21990232564633,0.25,False,0.65,1.0,0.46904742234384555,7,7,3.5384615384615383
test,47013,7,21990232564633,0.5,False,0.85,1.0,0.24469693477141038,3,3,2.588235294117647
test,47013,7,21990232564633,0.75,False,0.9,1.0,0.1507087145585186,2,2,1.8333333333333333
test,47013,7,21990232564633,0.9,False,0.95,1.0,0.08700449657580016,1,1,1.0526315789473684
test,47013,7,21990232564633,1.0,True,1.0,0.0,0.0,0,0,0.0
test,47013,8,30786325577964,0.25,False,0.6,1.0,0.5866188876482994,8,8,3.8333333333333335
test,47013,8,30786325577964,0.5,False,0.6,1.0,0.5061628567510921,8,8,3.0833333333333335
test,47013,8,30786325577964,0.75,False,0.8,1.0,0.2775485135779253,4,4,1.9375
test,47013,8,30786325577964,0.9,False,0.85,1.0,0.1890689942773276,3,3,1.3529411764705883
test,47013,8,30786325577964,1.0,True,1.0,0.0,0.0,0,0,0.0
test,47013,9,2199023256351,0.25,False,0.7,1.0,0.4008405085162715,6,6,3.4285714285714284
test,47013,9,2199023256351,0.5,False,0.75,1.0,0.306688199987491,5,5,1.7333333333333334
test,47013,9,2199023256351,0.75,False,0.85,1.0,0.1954248701071633,3,3,1.4705882352941178
test,47013,9,2199023256351,0.9,False,0.95,1.0,0.07496048808606695,1,1,0.631578947368421
test,47013,9,2199023256351,1.0,True,1.0,0.0,0.0,0,0,0.0
test,47013,10,32985348835319,0.25,False,0.65,1.0,0.4300339392808829,7,7,3.1538461538461537
test,47013,10,32985348835319,0.5,False,0.85,1.0,0.23131056884288953,3,3,2.176470588235294
test,47013,10,32985348835319,0.75,False,0.9,1.0,0.14430139369473843,2,2,1.2222222222222223
test,47013,10,32985348835319,0.9,True,1.0,0.1077441077441078,0.03762729933946999,0,0,1.3
test,47013,10,32985348835319,1.0,True,1.0,0.0,0.0,0,0,0.0
test,47013,11,28587302324330,0.25,False,0.65,1.0,0.46424908470709336,7,7,3.230769230769231
test,47013,11,28587302324330,0.5,False,0.85,1.0,0.23313221938372836,3,3,2.7058823529411766
test,47013,11,28587302324330,0.75,False,0.85,1.0,0.19830127585606863,3,3,1.411764705882353
test,47013,11,28587302324330,0.9,False,0.9,1.0,0.13177553012594329,2,2,1.1666666666666667
test,47013,11,28587302324330,1.0,True,1.0,0.0,0.0,0,0,0.0
test,47013,12,28587302331918,0.25,False,0.85,1.0,0.3313890030624604,3,3,6.0588235294117645
test,47013,12,28587302331918,0.5,False,0.9,1.0,0.19188951324320763,2,2,2.611111111111111
test,47013,12,28587302331918,0.75,False,0.95,1.0,0.107209206553545,1,1,1.6842105263157894
test,47013,12,28587302331918,0.9,False,0.95,1.0,0.06922128176064621,1,1,0.631578947368421
test,47013,12,28587302331918,1.0,True,1.0,0.0,0.0,0,0,0.0
test,47013,13,4398046519752,0.25,False,0.6,1.0,0.5253426347064862,8,8,4.5
test,47013,13,4398046519752,0.5,False,0.85,1.0,0.23016811457630432,3,3,3.1176470588235294
test,47013,13,4398046519752,0.75,False,1.0,0.23809523809523808,0.06826208457957264,0,0,2.5
test,47013,13,4398046519752,0.9,True,1.0,0.11111111111111105,0.039027413106409656,0,0,1.4
test,47013,13,4398046519752,1.0,True,1.0,0.0,0.0,0,0,0.0
test,47013,14,32985348841588,0.25,True,1.0,0.0,0.0,0,0,0.0
test,47013,14,32985348841588,0.5,True,1.0,0.0,0.0,0,0,0.0
test,47013,14,32985348841588,0.75,True,1.0,0.0,0.0,0,0,0.0
test,47013,14,32985348841588,0.9,True,1.0,0.0,0.0,0,0,0.0
test,47013,14,32985348841588,1.0,True,1.0,0.0,0.0,0,0,0.0
test,47013,15,6597069772017,0.25,False,0.65,1.0,0.4550472244680612,7,7,3.1538461538461537
test,47013,15,6597069772017,0.5,False,0.75,1.0,0.3141902251010549,5,5,1.8666666666666667
test,47013,15,6597069772017,0.75,False,0.85,1.0,0.20811155995861436,3,3,2.0
test,47013,15,6597069772017,0.9,False,0.95,1.0,0.07580364078879992,1,1,1.1578947368421053
test,47013,15,6597069772017,1.0,True,1.0,0.0,0.0,0,0,0.0
test,47013,16,30786325578215,0.25,False,0.5,1.0,0.669931101736583,10,10,6.8
test,47013,16,30786325578215,0.5,False,0.8,1.0,0.2893354924222916,4,4,3.3125
test,47013,16,30786325578215,0.75,False,0.95,1.0,0.11681497789807097,1,1,2.473684210526316
test,47013,16,30786325578215,0.9,False,0.95,1.0,0.08359328227913386,1,1,1.6842105263157894
test,47013,16,30786325578215,1.0,True,1.0,0.0,0.0,0,0,0.0
test,47013,17,24189255818308,0.25,False,0.75,1.0,0.40854216679569816,5,5,4.333333333333333
test,47013,17,24189255818308,0.5,False,0.75,1.0,0.32895453539385044,5,5,2.533333333333333
test,47013,17,24189255818308,0.75,False,0.8,1.0,0.2413991716413466,4,4,1.125
test,47013,17,24189255818308,0.9,False,0.9,1.0,0.1272915893422563,2,2,0.6666666666666666
test,47013,17,24189255818308,1.0,True,1.0,0.0,0.0,0,0,0.0
test,47013,18,15393162789346,0.25,False,0.55,1.0,0.5595222801982696,9,9,4.454545454545454
test,47013,18,15393162789346,0.5,False,0.9,1.0,0.19775060191873903,2,2,3.5555555555555554
test,47013,18,15393162789346,0.75,False,0.95,1.0,0.10750165986769104,1,1,2.789473684210526
test,47013,18,15393162789346,0.9,False,0.95,1.0,0.09419304638580397,1,1,1.6842105263157894
test,47013,18,15393162789346,1.0,True,1.0,0.0,0.0,0,0,0.0
test,47013,19,26388279069359,0.25,False,0.6,1.0,0.4999022685901801,8,8,3.0
test,47013,19,26388279069359,0.5,False,0.75,1.0,0.3070291385362064,5,5,2.1333333333333333
test,47013,19,26388279069359,0.75,False,0.75,1.0,0.3028818960554923,5,5,2.3333333333333335
test,47013,19,26388279069359,0.9,False,0.85,1.0,0.17845410500925668,3,3,1.1176470588235294
test,47013,19,26388279069359,1.0,True,1.0,0.0,0.0,0,0,0.0
test,47014,0,2199023262215,0.25,False,0.8,1.0,0.37871536941005296,4,4,6.0
test,47014,0,2199023262215,0.5,False,0.85,1.0,0.24717773201634646,3,3,3.764705882352941
test,47014,0,2199023262215,0.75,False,0.85,1.0,0.2002847473954504,3,3,2.588235294117647
test,47014,0,2199023262215,0.9,False,0.9,1.0,0.13422336238178662,2,2,2.2777777777777777
test,47014,0,2199023262215,1.0,True,1.0,0.0,0.0,0,0,0.0
test,47014,1,10995116281525,0.25,False,0.5,1.0,0.6372260589452048,10,10,3.8
test,47014,1,10995116281525,0.5,False,0.7,1.0,0.39125446646355966,6,6,3.0
test,47014,1,10995116281525,0.75,False,0.9,1.0,0.17025688721213247,2,2,2.5
test,47014,1,10995116281525,0.9,False,0.95,1.0,0.09250793039003728,1,1,1.263157894736842
test,47014,1,10995116281525,1.0,True,1.0,0.0,0.0,0,0,0.0
test,47014,2,17592186053645,0.25,False,0.7,1.0,0.3735200054243008,6,6,4.428571428571429
test,47014,2,17592186053645,0.5,False,0.7,1.0,0.3592517164673981,6,6,3.0714285714285716
test,47014,2,17592186053645,0.75,False,0.85,1.0,0.19555646650568181,3,3,1.7647058823529411
test,47014,2,17592186053645,0.9,False,0.95,1.0,0.08282541157988987,1,1,1.4736842105263157
test,47014,2,17592186053645,1.0,True,1.0,0.0,0.0,0,0,0.0
test,47014,3,28587302328950,0.25,False,0.6,1.0,0.49913776973153867,8,8,3.75
test,47014,3,28587302328950,0.5,False,0.7,1.0,0.37210866964808853,6,6,4.357142857142857
test,47014,3,28587302328950,0.75,False,0.75,1.0,0.30065844360768396,5,5,3.3333333333333335
test,47014,3,28587302328950,0.9,False,0.9,1.0,0.1422629885440735,2,2,2.7222222222222223
test,47014,3,28587302328950,1.0,True,1.0,0.0,0.0,0,0,0.0
test,47014,4,15393162793550,0.25,False,0.7,1.0,0.47751321949539377,6,6,4.857142857142857
test,47014,4,15393162793550,0.5,False,0.75,1.0,0.3494367128068635,5,5,3.1333333333333333
test,47014,4,15393162793550,0.75,False,0.9,1.0,0.16522733900129496,2,2,2.4444444444444446
test,47014,4,15393162793550,0.9,False,0.9,1.0,0.12996877893846265,2,2,1.7222222222222223
test,47014,4,15393162793550,1.0,True,1.0,0.0,0.0,0,0,0.0
test,47014,5,30786325579731,0.25,False,0.7,1.0,0.44708210391637193,6,6,3.7142857142857144
test,47014,5,30786325579731,0.5,False,0.95,1.0,0.17232033214026884,1,1,3.5789473684210527
test,47014,5,30786325579731,0.75,False,0.9,1.0,0.13834065119513578,2,2,1.5555555555555556
test,47014,5,30786325579731,0.9,True,1.0,0.05723905723905725,0.028002694524441103,0,0,1.0
test,47014,5,30786325579731,1.0,True,1.0,0.0,0.0,0,0,0.0
test,47014,6,13194139533366,0.25,True,1.0,0.0,0.0,0,0,0.0
test,47014,6,13194139533366,0.5,True,1.0,0.0,0.0,0,0,0.0
test,47014,6,13194139533366,0.75,True,1.0,0.0,0.0,0,0,0.0
test,47014,6,13194139533366,0.9,True,1.0,0.0,0.0,0,0,0.0
test,47014,6,13194139533366,1.0,True,1.0,0.0,0.0,0,0,0.0
test,47014,7,21990232564633,0.25,False,0.85,1.0,0.32941373751110936,3,3,5.823529411764706
test,47014,7,21990232564633,0.5,False,0.8,1.0,0.2928525778634222,4,4,2.9375
test,47014,7,21990232564633,0.75,False,0.9,1.0,0.15175567642306192,2,2,1.5555555555555556
test,47014,7,21990232564633,0.9,False,0.95,1.0,0.08221020749066946,1,1,1.263157894736842
test,47014,7,21990232564633,1.0,True,1.0,0.0,0.0,0,0,0.0
test,47014,8,30786325577964,0.25,False,0.5,1.0,0.7493162393162394,10,10,3.5
test,47014,8,30786325577964,0.5,False,0.8,1.0,0.389949307228719,4,4,4.25
test,47014,8,30786325577964,0.75,False,0.8,1.0,0.30990215938745347,4,4,3.75
test,47014,8,30786325577964,0.9,False,0.95,1.0,0.10404885827679944,1,1,1.8421052631578947
test,47014,8,30786325577964,1.0,True,1.0,0.0,0.0,0,0,0.0
test,47014,9,2199023256351,0.25,False,0.6,1.0,0.48265439772747243,8,8,3.0
test,47014,9,2199023256351,0.5,False,0.7,1.0,0.3686303100981633,6,6,2.5714285714285716
test,47014,9,2199023256351,0.75,False,0.8,1.0,0.232415086442805,4,4,1.375
test,47014,9,2199023256351,0.9,False,0.9,1.0,0.1297696355959312,2,2,1.1111111111111112
test,47014,9,2199023256351,1.0,True,1.0,0.0,0.0,0,0,0.0
test,47014,10,32985348835319,0.25,False,0.7,1.0,0.3959600006324853,6,6,4.785714285714286
test,47014,10,32985348835319,0.5,False,0.85,1.0,0.24609369960313754,3,3,3.0588235294117645
test,47014,10,32985348835319,0.75,False,0.9,1.0,0.14636688427029304,2,2,1.9444444444444444
test,47014,10,32985348835319,0.9,False,0.95,1.0,0.08010840408920702,1,1,1.3157894736842106
test,47014,10,32985348835319,1.0,True,1.0,0.0,0.0,0,0,0.0
test,47014,11,28587302324330,0.25,False,0.7,1.0,0.43429915585742424,6,6,4.214285714285714
test,47014,11,28587302324330,0.5,False,0.75,1.0,0.33970763717284724,5,5,3.2
test,47014,11,28587302324330,0.75,False,0.85,1.0,0.19915905075638016,3,3,1.3529411764705883
test,47014,11,28587302324330,0.9,False,0.95,1.0,0.07648995351292252,1,1,0.8947368421052632
test,47014,11,28587302324330,1.0,True,1.0,0.0,0.0,0,0,0.0
test,47014,12,28587302331918,0.25,False,0.75,1.0,0.381685421382976,5,5,3.8
test,47014,12,28587302331918,0.5,False,0.8,1.0,0.2661583604602859,4,4,2.375
test,47014,12,28587302331918,0.75,False,0.9,1.0,0.13181715029301194,2,2,1.1111111111111112
test,47014,12,28587302331918,0.9,False,0.95,1.0,0.07375459564699541,1,1,1.0526315789473684
test,47014,12,28587302331918,1.0,True,1.0,0.0,0.0,0,0,0.0
test,47014,13,4398046519752,0.25,False,0.6,1.0,0.5052848161376673,8,8,2.8333333333333335
test,47014,13,4398046519752,0.5,False,0.6,1.0,0.46886363331822434,8,8,2.1666666666666665
test,47014,13,4398046519752,0.75,False,0.8,1.0,0.23331924274815039,4,4,1.375
test,47014,13,4398046519752,0.9,False,0.95,1.0,0.08001868407556957,1,1,1.263157894736842
test,47014,13,4398046519752,1.0,True,1.0,0.0,0.0,0,0,0.0
test,47014,14,32985348841588,0.25,True,1.0,0.0,0.0,0,0,0.0
test,47014,14,32985348841588,0.5,True,1.0,0.0,0.0,0,0,0.0
test,47014,14,32985348841588,0.75,True,1.0,0.0,0.0,0,0,0.0
test,47014,14,32985348841588,0.9,True,1.0,0.0,0.0,0,0,0.0
test,47014,14,32985348841588,1.0,True,1.0,0.0,0.0,0,0,0.0
test,47014,15,6597069772017,0.25,False,0.65,1.0,0.4599007706712377,7,7,2.6153846153846154
test,47014,15,6597069772017,0.5,False,0.7,1.0,0.3967563664741534,6,6,2.7857142857142856
test,47014,15,6597069772017,0.75,False,0.85,1.0,0.20100752672384395,3,3,2.5294117647058822
test,47014,15,6597069772017,0.9,False,0.95,1.0,0.08185155353525943,1,1,1.105263157894737
test,47014,15,6597069772017,1.0,True,1.0,0.0,0.0,0,0,0.0
test,47014,16,30786325578215,0.25,False,0.55,1.0,0.582403952423425,9,9,2.727272727272727
test,47014,16,30786325578215,0.5,False,0.75,1.0,0.3559767780046842,5,5,3.066666666666667
test,47014,16,30786325578215,0.75,False,0.9,1.0,0.16129039792184785,2,2,1.7777777777777777
test,47014,16,30786325578215,0.9,False,0.9,1.0,0.14396723519068938,2,2,1.6666666666666667
test,47014,16,30786325578215,1.0,True,1.0,0.0,0.0,0,0,0.0
test,47014,17,24189255818308,0.25,False,0.65,1.0,0.48955543330793183,7,7,3.1538461538461537
test,47014,17,24189255818308,0.5,False,0.8,1.0,0.31147627567530084,4,4,2.5625
test,47014,17,24189255818308,0.75,False,0.8,1.0,0.2584192045630973,4,4,1.6875
test,47014,17,24189255818308,0.9,False,0.9,1.0,0.12927477979294738,2,2,1.1111111111111112
test,47014,17,24189255818308,1.0,True,1.0,0.0,0.0,0,0,0.0
test,47014,18,15393162789346,0.25,False,0.6,1.0,0.49946928817729486,8,8,4.25
test,47014,18,15393162789346,0.5,False,0.75,1.0,0.33074813932159686,5,5,4.466666666666667
test,47014,18,15393162789346,0.75,False,0.9,1.0,0.15713994691093652,2,2,3.0
test,47014,18,15393162789346,0.9,False,0.95,1.0,0.08457697701011925,1,1,1.9473684210526316
test,47014,18,15393162789346,1.0,True,1.0,0.0,0.0,0,0,0.0
test,47014,19,26388279069359,0.25,False,0.7,1.0,0.4374753675211848,6,6,3.9285714285714284
test,47014,19,26388279069359,0.5,False,0.7,1.0,0.3778961897756633,6,6,2.357142857142857
test,47014,19,26388279069359,0.75,False,0.8,1.0,0.23359188077957055,4,4,1.25
test,47014,19,26388279069359,0.9,False,0.9,1.0,0.12324421684024293,2,2,0.6111111111111112
test,47014,19,26388279069359,1.0,True,1.0,0.0,0.0,0,0,0.0
test,47015,0,2199023262215,0.25,False,0.75,1.0,0.37812990680266556,5,5,3.066666666666667
test,47015,0,2199023262215,0.5,False,0.8,1.0,0.29812150096847345,4,4,2.0
test,47015,0,2199023262215,0.75,False,0.85,1.0,0.21715081440758172,3,3,2.411764705882353
test,47015,0,2199023262215,0.9,False,0.95,1.0,0.07741991225882303,1,1,1.5263157894736843
test,47015,0,2199023262215,1.0,True,1.0,0.0,0.0,0,0,0.0
test,47015,1,10995116281525,0.25,False,0.6,1.0,0.6272292700538896,8,8,3.0
test,47015,1,10995116281525,0.5,False,0.75,1.0,0.3509337247413277,5,5,2.6
test,47015,1,10995116281525,0.75,False,0.8,1.0,0.2551313169491796,4,4,1.6875
test,47015,1,10995116281525,0.9,False,0.85,1.0,0.17879620610642868,3,3,1.1176470588235294
test,47015,1,10995116281525,1.0,True,1.0,0.0,0.0,0,0,0.0
test,47015,2,17592186053645,0.25,False,0.65,1.0,0.46228145289892986,7,7,4.076923076923077
test,47015,2,17592186053645,0.5,False,0.8,1.0,0.3031177960296713,4,4,2.75
test,47015,2,17592186053645,0.75,False,0.9,1.0,0.16177066100760187,2,2,2.6666666666666665
test,47015,2,17592186053645,0.9,False,0.95,1.0,0.09174847786413072,1,1,2.0
test,47015,2,17592186053645,1.0,True,1.0,0.0,0.0,0,0,0.0
test,47015,3,28587302328950,0.25,False,0.55,1.0,0.5368567710455573,9,9,4.363636363636363
test,47015,3,28587302328950,0.5,False,0.75,1.0,0.313237646922365,5,5,2.6
test,47015,3,28587302328950,0.75,False,0.75,1.0,0.28908517051440624,5,5,2.8666666666666667
test,47015,3,28587302328950,0.9,False,0.8,1.0,0.21869101553433037,4,4,1.25
test,47015,3,28587302328950,1.0,True,1.0,0.0,0.0,0,0,0.0
test,47015,4,15393162793550,0.25,False,0.75,1.0,0.39415361219535894,5,5,4.2
test,47015,4,15393162793550,0.5,False,0.8,1.0,0.29641049651339385,4,4,2.375
test,47015,4,15393162793550,0.75,False,0.9,1.0,0.1672182124555334,2,2,3.2777777777777777
test,47015,4,15393162793550,0.9,False,0.95,1.0,0.08220891155730177,1,1,1.4736842105263157
test,47015,4,15393162793550,1.0,True,1.0,0.0,0.0,0,0,0.0
test,47015,5,30786325579731,0.25,False,0.6,1.0,0.4897520557932986,8,8,2.0833333333333335
test,47015,5,30786325579731,0.5,False,0.75,1.0,0.32112696022768106,5,5,1.4666666666666666
test,47015,5,30786325579731,0.75,False,0.85,1.0,0.200858644336141,3,3,1.3529411764705883
test,47015,5,30786325579731,0.9,False,0.95,1.0,0.07948850002475386,1,1,0.8947368421052632
test,47015,5,30786325579731,1.0,True,1.0,0.0,0.0,0,0,0.0
test,47015,6,13194139533366,0.25,True,1.0,0.0,0.0,0,0,0.0
test,47015,6,13194139533366,0.5,True,1.0,0.0,0.0,0,0,0.0
test,47015,6,13194139533366,0.75,True,1.0,0.0,0.0,0,0,0.0
test,47015,6,13194139533366,0.9,True,1.0,0.0,0.0,0,0,0.0
test,47015,6,13194139533366,1.0,True,1.0,0.0,0.0,0,0,0.0
test,47015,7,21990232564633,0.25,False,0.75,1.0,0.3738861737103917,5,5,2.6666666666666665
test,47015,7,21990232564633,0.5,False,0.75,1.0,0.3405909268116172,5,5,1.8666666666666667
test,47015,7,21990232564633,0.75,False,0.85,1.0,0.19455669986040916,3,3,1.4705882352941178
test,47015,7,21990232564633,0.9,False,0.95,1.0,0.07712813259507209,1,1,0.8947368421052632
test,47015,7,21990232564633,1.0,True,1.0,0.0,0.0,0,0,0.0
test,47015,8,30786325577964,0.25,False,0.4,1.0,0.80872113997114,12,12,4.375
test,47015,8,30786325577964,0.5,False,0.65,1.0,0.47639952367893545,7,7,2.769230769230769
test,47015,8,30786325577964,0.75,False,0.85,1.0,0.2294918806683513,3,3,2.0
test,47015,8,30786325577964,0.9,False,0.85,1.0,0.18791610305090695,3,3,1.2352941176470589
test,47015,8,30786325577964,1.0,True,1.0,0.0,0.0,0,0,0.0
test,47015,9,2199023256351,0.25,False,0.75,1.0,0.38485648761172864,5,5,2.8
test,47015,9,2199023256351,0.5,False,0.8,1.0,0.28204718053418065,4,4,2.4375
test,47015,9,2199023256351,0.75,False,0.9,1.0,0.14919473969333724,2,2,1.7777777777777777
test,47015,9,2199023256351,0.9,False,0.9,1.0,0.12624923565718923,2,2,1.1111111111111112
test,47015,9,2199023256351,1.0,True,1.0,0.0,0.0,0,0,0.0
test,47015,10,32985348835319,0.25,False,0.75,1.0,0.38640832210602055,5,5,2.533333333333333
test,47015,10,32985348835319,0.5,False,0.8,1.0,0.2983607900538284,4,4,2.0625
test,47015,10,32985348835319,0.75,False,0.9,1.0,0.161658470130149,2,2,1.7222222222222223
test,47015,10,32985348835319,0.9,False,0.95,1.0,0.07651125151086471,1,1,0.9473684210526315
test,47015,10,32985348835319,1.0,True,1.0,0.0,0.0,0,0,0.0
test,47015,11,28587302324330,0.25,False,0.65,1.0,0.48876076926670037,7,7,1.4615384615384615
test,47015,11,28587302324330,0.5,False,0.7,1.0,0.3718682549551614,6,6,2.2857142857142856
test,47015,11,28587302324330,0.75,False,0.9,1.0,0.16157780609383993,2,2,2.4444444444444446
test,47015,11,28587302324330,0.9,False,0.9,1.0,0.12228616017401754,2,2,1.0
test,47015,11,28587302324330,1.0,True,1.0,0.0,0.0,0,0,0.0
test,47015,12,28587302331918,0.25,False,0.8,1.0,0.36755863296162916,4,4,3.5
test,47015,12,28587302331918,0.5,False,0.9,1.0,0.19928411219311853,2,2,1.4444444444444444
test,47015,12,28587302331918,0.75,False,0.85,1.0,0.19187595789354528,3,3,1.1764705882352942
test,47015,12,28587302331918,0.9,False,0.95,1.0,0.08454400971537726,1,1,0.8421052631578947
test,47015,12,28587302331918,1.0,True,1.0,0.0,0.0,0,0,0.0
test,47015,13,4398046519752,0.25,False,0.65,1.0,0.44905564481735605,7,7,1.8461538461538463
test,47015,13,4398046519752,0.5,False,0.85,1.0,0.267692642723027,3,3,1.7647058823529411
test,47015,13,4398046519752,0.75,False,0.85,1.0,0.1903400066671132,3,3,1.588235294117647
test,47015,13,4398046519752,0.9,False,0.9,1.0,0.13370452632453067,2,2,1.2222222222222223
test,47015,13,4398046519752,1.0,True,1.0,0.0,0.0,0,0,0.0
test,47015,14,32985348841588,0.25,True,1.0,0.0,0.0,0,0,0.0
test,47015,14,32985348841588,0.5,True,1.0,0.0,0.0,0,0,0.0
test,47015,14,32985348841588,0.75,True,1.0,0.0,0.0,0,0,0.0
test,47015,14,32985348841588,0.9,True,1.0,0.0,0.0,0,0,0.0
test,47015,14,32985348841588,1.0,True,1.0,0.0,0.0,0,0,0.0
test,47015,15,6597069772017,0.25,False,0.6,1.0,0.4993948043876036,8,8,2.1666666666666665
test,47015,15,6597069772017,0.5,False,0.65,1.0,0.3997140446232699,7,7,1.7692307692307692
test,47015,15,6597069772017,0.75,False,0.9,1.0,0.14374389831312887,2,2,1.5
test,47015,15,6597069772017,0.9,False,0.9,1.0,0.12494565080228126,2,2,0.8888888888888888
test,47015,15,6597069772017,1.0,True,1.0,0.0,0.0,0,0,0.0
test,47015,16,30786325578215,0.25,False,0.8,1.0,0.4048334334309125,4,4,3.8125
test,47015,16,30786325578215,0.5,False,0.85,1.0,0.24078291062863003,3,3,2.2941176470588234
test,47015,16,30786325578215,0.75,False,0.9,1.0,0.15458910195554043,2,2,1.9444444444444444
test,47015,16,30786325578215,0.9,False,0.95,1.0,0.09263293559546838,1,1,2.263157894736842
test,47015,16,30786325578215,1.0,True,1.0,0.0,0.0,0,0,0.0
test,47015,17,24189255818308,0.25,False,0.6,1.0,0.4647593839373683,8,8,2.8333333333333335
test,47015,17,24189255818308,0.5,False,0.85,1.0,0.23570714055958836,3,3,1.8235294117647058
test,47015,17,24189255818308,0.75,False,0.85,1.0,0.20170714415541355,3,3,1.7647058823529411
test,47015,17,24189255818308,0.9,False,0.85,1.0,0.17746205244875782,3,3,1.0588235294117647
test,47015,17,24189255818308,1.0,True,1.0,0.0,0.0,0,0,0.0
test,47015,18,15393162789346,0.25,False,0.7,1.0,0.4647972113036974,6,6,3.9285714285714284
test,47015,18,15393162789346,0.5,False,0.8,1.0,0.3226658125533437,4,4,3.6875
test,47015,18,15393162789346,0.75,False,0.85,1.0,0.22285148955474057,3,3,2.823529411764706
test,47015,18,15393162789346,0.9,False,0.95,1.0,0.08603228828257695,1,1,1.8421052631578947
test,47015,18,15393162789346,1.0,True,1.0,0.0,0.0,0,0,0.0
test,47015,19,26388279069359,0.25,False,0.65,1.0,0.4510916674550619,7,7,2.5384615384615383
test,47015,19,26388279069359,0.5,False,0.75,1.0,0.3376259339296298,5,5,1.4
test,47015,19,26388279069359,0.75,False,0.85,1.0,0.20821736211308184,3,3,1.2352941176470589
test,47015,19,26388279069359,0.9,False,0.9,1.0,0.1279272216951928,2,2,0.5
test,47015,19,26388279069359,1.0,True,1.0,0.0,0.0,0,0,0.0
test,47016,0,2199023262215,0.25,False,0.7,1.0,0.36941411500195703,6,6,2.7142857142857144
test,47016,0,2199023262215,0.5,False,0.85,1.0,0.2319974893265359,3,3,3.2941176470588234
test,47016,0,2199023262215,0.75,False,0.95,1.0,0.10355615495831805,1,1,2.3157894736842106
test,47016,0,2199023262215,0.9,False,0.95,1.0,0.08583964325152679,1,1,1.894736842105263
test,47016,0,2199023262215,1.0,True,1.0,0.0,0.0,0,0,0.0
test,47016,1,10995116281525,0.25,False,0.6,1.0,0.5558464543244758,8,8,3.5
test,47016,1,10995116281525,0.5,False,0.65,1.0,0.4424468335324442,7,7,2.923076923076923
test,47016,1,10995116281525,0.75,False,0.9,1.0,0.16065301882204194,2,2,1.7777777777777777
test,47016,1,10995116281525,0.9,False,0.9,1.0,0.1395359466133843,2,2,1.0
test,47016,1,10995116281525,1.0,True,1.0,0.0,0.0,0,0,0.0
test,47016,2,17592186053645,0.25,False,0.65,1.0,0.44252580885081816,7,7,3.230769230769231
test,47016,2,17592186053645,0.5,False,0.85,1.0,0.23260588921865413,3,3,3.1176470588235294
test,47016,2,17592186053645,0.75,False,0.85,1.0,0.20967667334950227,3,3,2.411764705882353
test,47016,2,17592186053645,0.9,False,0.9,1.0,0.12824628772824004,2,2,1.6111111111111112
test,47016,2,17592186053645,1.0,True,1.0,0.0,0.0,0,0,0.0
test,47016,3,28587302328950,0.25,False,0.5,1.0,0.5723335091932824,10,10,2.3
test,47016,3,28587302328950,0.5,False,0.75,1.0,0.3250024353904385,5,5,3.4
test,47016,3,28587302328950,0.75,False,0.8,1.0,0.25623657210086875,4,4,2.4375
test,47016,3,28587302328950,0.9,False,0.9,1.0,0.13736921727844065,2,2,1.8333333333333333
test,47016,3,28587302328950,1.0,True,1.0,0.0,0.0,0,0,0.0
test,47016,4,15393162793550,0.25,False,0.6,1.0,0.5398228936278512,8,8,3.25
test,47016,4,15393162793550,0.5,False,0.8,1.0,0.26902219225962465,4,4,3.0625
test,47016,4,15393162793550,0.75,False,0.85,1.0,0.21592488973460794,3,3,3.0
test,47016,4,15393162793550,0.9,False,0.95,1.0,0.08655087410096093,1,1,1.1578947368421053
test,47016,4,15393162793550,1.0,True,1.0,0.0,0.0,0,0,0.0
test,47016,5,30786325579731,0.25,False,0.55,1.0,0.5759236665170411,9,9,3.6363636363636362
test,47016,5,30786325579731,0.5,False,0.8,1.0,0.27767741853435884,4,4,2.0
test,47016,5,30786325579731,0.75,False,0.85,1.0,0.19259653380935116,3,3,1.4705882352941178
test,47016,5,30786325579731,0.9,True,1.0,0.07407407407407414,0.03696929342024809,0,0,1.2
test,47016,5,30786325579731,1.0,True,1.0,0.0,0.0,0,0,0.0
test,47016,6,13194139533366,0.25,True,1.0,0.0,0.0,0,0,0.0
test,47016,6,13194139533366,0.5,True,1.0,0.0,0.0,0,0,0.0
test,47016,6,13194139533366,0.75,True,1.0,0.0,0.0,0,0,0.0
test,47016,6,13194139533366,0.9,True,1.0,0.0,0.0,0,0,0.0
test,47016,6,13194139533366,1.0,True,1.0,0.0,0.0,0,0,0.0
test,47016,7,21990232564633,0.25,False,0.7,1.0,0.39136938972998947,6,6,3.0714285714285716
test,47016,7,21990232564633,0.5,False,0.75,1.0,0.31302028690793404,5,5,2.533333333333333
test,47016,7,21990232564633,0.75,False,0.9,1.0,0.15753821281178287,2,2,2.388888888888889
test,47016,7,21990232564633,0.9,False,0.95,1.0,0.08850666340549407,1,1,1.4736842105263157
test,47016,7,21990232564633,1.0,True,1.0,0.0,0.0,0,0,0.0
test,47016,8,30786325577964,0.25,False,0.5,1.2222222222222223,0.6995925806219925,10,10,4.3
test,47016,8,30786325577964,0.5,False,0.75,1.0,0.41850121283944813,5,5,3.933333333333333
test,47016,8,30786325577964,0.75,False,0.9,1.0,0.20894467188584837,2,2,2.2222222222222223
test,47016,8,30786325577964,0.9,False,0.95,1.0,0.10996280634761024,1,1,1.736842105263158
test,47016,8,30786325577964,1.0,True,1.0,0.0,0.0,0,0,0.0
test,47016,9,2199023256351,0.25,False,0.7,1.0,0.3841254483583787,6,6,2.2857142857142856
test,47016,9,2199023256351,0.5,False,0.75,1.0,0.3102945799152617,5,5,2.7333333333333334
test,47016,9,2199023256351,0.75,False,0.85,1.0,0.20722967807054843,3,3,2.411764705882353
test,47016,9,2199023256351,0.9,False,0.9,1.0,0.13301869822155082,2,2,1.5555555555555556
test,47016,9,2199023256351,1.0,True,1.0,0.0,0.0,0,0,0.0
test,47016,10,32985348835319,0.25,False,0.6,1.0,0.48117682383777705,8,8,3.0833333333333335
test,47016,10,32985348835319,0.5,False,0.8,1.0,0.2678678202816026,4,4,2.0
test,47016,10,32985348835319,0.75,False,0.8,1.0,0.24576741606837169,4,4,1.75
test,47016,10,32985348835319,0.9,False,0.8,1.0,0.22640511949160716,4,4,1.3125
test,47016,10,32985348835319,1.0,True,1.0,0.0,0.0,0,0,0.0
test,47016,11,28587302324330,0.25,False,0.65,1.0,0.45853185224990883,7,7,3.769230769230769
test,47016,11,28587302324330,0.5,False,0.8,1.0,0.28750910302572835,4,4,2.5
test,47016,11,28587302324330,0.75,False,0.75,1.0,0.3052647719168751,5,5,1.4
test,47016,11,28587302324330,0.9,False,0.9,1.0,0.15611974525991237,2,2,1.7777777777777777
test,47016,11,28587302324330,1.0,True,1.0,0.0,0.0,0,0,0.0
test,47016,12,28587302331918,0.25,False,0.75,1.0,0.31611740336200467,5,5,3.2666666666666666
test,47016,12,28587302331918,0.5,False,0.8,1.0,0.2843050387873352,4,4,2.375
test,47016,12,28587302331918,0.75,False,0.9,1.0,0.1509528265451246,2,2,1.7777777777777777
test,47016,12,28587302331918,0.9,False,0.95,1.0,0.08372823367443974,1,1,0.8421052631578947
test,47016,12,28587302331918,1.0,True,1.0,0.0,0.0,0,0,0.0
test,47016,13,4398046519752,0.25,False,0.55,1.0,0.5338499808607479,9,9,2.272727272727273
test,47016,13,4398046519752,0.5,False,0.8,1.0,0.2908131709209649,4,4,3.0625
test,47016,13,4398046519752,0.75,False,0.85,1.0,0.203339708545463,3,3,2.4705882352941178
test,47016,13,4398046519752,0.9,False,0.9,1.0,0.12514804540971947,2,2,1.0555555555555556
test,47016,13,4398046519752,1.0,True,1.0,0.0,0.0,0,0,0.0
test,47016,14,32985348841588,0.25,True,1.0,0.0,0.0,0,0,0.0
test,47016,14,32985348841588,0.5,True,1.0,0.0,0.0,0,0,0.0
test,47016,14,32985348841588,0.75,True,1.0,0.0,0.0,0,0,0.0
test,47016,14,32985348841588,0.9,True,1.0,0.0,0.0,0,0,0.0
test,47016,14,32985348841588,1.0,True,1.0,0.0,0.0,0,0,0.0
test,47016,15,6597069772017,0.25,False,0.6,1.0,0.4766194503674748,8,8,2.75
test,47016,15,6597069772017,0.5,False,0.8,1.0,0.26809656588624875,4,4,2.625
test,47016,15,6597069772017,0.75,False,0.85,1.0,0.19296366996095807,3,3,1.7058823529411764
test,47016,15,6597069772017,0.9,False,0.9,1.0,0.13588564841166786,2,2,1.3333333333333333
test,47016,15,6597069772017,1.0,True,1.0,0.0,0.0,0,0,0.0
test,47016,16,30786325578215,0.25,False,0.7,1.0,0.41784086114988506,6,6,2.5
test,47016,16,30786325578215,0.5,False,0.8,1.0,0.3007503351234958,4,4,2.5
test,47016,16,30786325578215,0.75,False,0.85,1.0,0.20202398319857323,3,3,1.9411764705882353
test,47016,16,30786325578215,0.9,False,0.9,1.0,0.15266714303876164,2,2,1.7777777777777777
test,47016,16,30786325578215,1.0,True,1.0,0.0,0.0,0,0,0.0
test,47016,17,24189255818308,0.25,False,0.55,1.0,0.5699081835591031,9,9,2.4545454545454546
test,47016,17,24189255818308,0.5,False,0.7,1.0,0.3751911213030653,6,6,2.4285714285714284
test,47016,17,24189255818308,0.75,False,0.9,1.0,0.16602034371184157,2,2,2.2777777777777777
test,47016,17,24189255818308,0.9,False,0.95,1.0,0.0917891145942117,1,1,1.5263157894736843
test,47016,17,24189255818308,1.0,True,1.0,0.0,0.0,0,0,0.0
test,47016,18,15393162789346,0.25,False,0.6,1.0,0.5298202615307879,8,8,3.25
test,47016,18,15393162789346,0.5,False,0.75,1.0,0.3255113140631433,5,5,4.066666666666666
test,47016,18,15393162789346,0.75,False,0.8,1.0,0.2798266513727211,4,4,4.125
test,47016,18,15393162789346,0.9,False,0.9,1.0,0.1477092518670988,2,2,2.2222222222222223
test,47016,18,15393162789346,1.0,True,1.0,0.0,0.0,0,0,0.0
test,47016,19,26388279069359,0.25,False,0.55,1.0,0.5455845569342253,9,9,2.090909090909091
test,47016,19,26388279069359,0.5,False,0.8,1.0,0.2526668253756324,4,4,2.0
test,47016,19,26388279069359,0.75,False,0.95,1.0,0.12336564090152564,1,1,1.5789473684210527
test,47016,19,26388279069359,0.9,False,0.9,1.0,0.12996447135044895,2,2,0.7777777777777778
test,47016,19,26388279069359,1.0,True,1.0,0.0,0.0,0,0,0.0
test,47017,0,2199023262215,0.25,False,0.6,1.0,0.5057577794465165,8,8,3.0833333333333335
test,47017,0,2199023262215,0.5,False,0.8,1.0,0.2753946862560372,4,4,2.25
test,47017,0,2199023262215,0.75,False,0.85,1.0,0.19046614109203572,3,3,1.7647058823529411
test,47017,0,2199023262215,0.9,True,1.0,0.09053497942386825,0.019538549311017527,0,0,0.5
test,47017,0,2199023262215,1.0,True,1.0,0.0,0.0,0,0,0.0
test,47017,1,10995116281525,0.25,False,0.5,1.0,0.616707138119673,10,10,4.2
test,47017,1,10995116281525,0.5,False,0.7,1.0,0.38812026337509886,6,6,3.5714285714285716
test,47017,1,10995116281525,0.75,False,0.85,1.0,0.220809336405719,3,3,2.6470588235294117
test,47017,1,10995116281525,0.9,False,0.95,1.0,0.10471912615231176,1,1,1.5263157894736843
test,47017,1,10995116281525,1.0,True,1.0,0.0,0.0,0,0,0.0
test,47017,2,17592186053645,0.25,False,0.65,1.0,0.5400163719096573,7,7,5.0
test,47017,2,17592186053645,0.5,False,0.85,1.0,0.2542891780543294,3,3,3.411764705882353
test,47017,2,17592186053645,0.75,False,0.9,1.0,0.1515587173836045,2,2,2.3333333333333335
test,47017,2,17592186053645,0.9,False,0.95,1.0,0.09761422236317843,1,1,2.0
test,47017,2,17592186053645,1.0,True,1.0,0.0,0.0,0,0,0.0
test,47017,3,28587302328950,0.25,False,0.6,1.0,0.479561001604047,8,8,2.1666666666666665
test,47017,3,28587302328950,0.5,False,0.75,1.0,0.30337069768919867,5,5,3.2
test,47017,3,28587302328950,0.75,False,0.75,1.0,0.29304296539282093,5,5,3.2666666666666666
test,47017,3,28587302328950,0.9,False,0.9,1.0,0.13816160940523736,2,2,2.1666666666666665
test,47017,3,28587302328950,1.0,True,1.0,0.0,0.0,0,0,0.0
test,47017,4,15393162793550,0.25,False,0.7,1.0,0.41263743334253905,6,6,2.357142857142857
test,47017,4,15393162793550,0.5,False,0.8,1.0,0.29873483882664886,4,4,3.25
test,47017,4,15393162793550,0.75,False,0.75,1.0,0.2938685789881549,5,5,1.9333333333333333
test,47017,4,15393162793550,0.9,False,0.85,1.0,0.17493696726362415,3,3,1.0
test,47017,4,15393162793550,1.0,True,1.0,0.0,0.0,0,0,0.0
test,47017,5,30786325579731,0.25,False,0.65,1.0,0.442361792983461,7,7,1.9230769230769231
test,47017,5,30786325579731,0.5,False,0.75,1.0,0.31181548091795025,5,5,2.2
test,47017,5,30786325579731,0.75,False,0.85,1.0,0.20044244308772793,3,3,1.8823529411764706
test,47017,5,30786325579731,0.9,False,0.9,1.0,0.1383958919007689,2,2,0.8888888888888888
test,47017,5,30786325579731,1.0,True,1.0,0.0,0.0,0,0,0.0
test,47017,6,13194139533366,0.25,True,1.0,0.0,0.0,0,0,0.0
test,47017,6,13194139533366,0.5,True,1.0,0.0,0.0,0,0,0.0
test,47017,6,13194139533366,0.75,True,1.0,0.0,0.0,0,0,0.0
test,47017,6,13194139533366,0.9,True,1.0,0.0,0.0,0,0,0.0
test,47017,6,13194139533366,1.0,True,1.0,0.0,0.0,0,0,0.0
test,47017,7,21990232564633,0.25,False,0.75,1.0,0.40113404967361854,5,5,2.4
test,47017,7,21990232564633,0.5,False,0.9,1.0,0.18171789096216776,2,2,2.1666666666666665
test,47017,7,21990232564633,0.75,False,0.95,1.0,0.10820102954991218,1,1,2.0
test,47017,7,21990232564633,0.9,False,0.9,1.0,0.13953459363614065,2,2,1.3333333333333333
test,47017,7,21990232564633,1.0,True,1.0,0.0,0.0,0,0,0.0
test,47017,8,30786325577964,0.25,False,0.4,1.4,0.7906062320032908,12,12,4.75
test,47017,8,30786325577964,0.5,False,0.55,1.0,0.5969357643989996,9,9,3.5454545454545454
test,47017,8,30786325577964,0.75,False,0.85,1.0,0.28308861073566954,3,3,4.117647058823529
test,47017,8,30786325577964,0.9,False,0.95,1.0,0.10887011953188423,1,1,2.0
test,47017,8,30786325577964,1.0,True,1.0,0.0,0.0,0,0,0.0
test,47017,9,2199023256351,0.25,False,0.6,1.0,0.4852273709394524,8,8,1.6666666666666667
test,47017,9,2199023256351,0.5,False,0.7,1.0,0.34880845602181865,6,6,1.3571428571428572
test,47017,9,2199023256351,0.75,False,0.85,1.0,0.18801969570902227,3,3,1.588235294117647
test,47017,9,2199023256351,0.9,False,0.95,1.0,0.07630391178033405,1,1,1.368421052631579
test,47017,9,2199023256351,1.0,True,1.0,0.0,0.0,0,0,0.0
test,47017,10,32985348835319,0.25,False,0.7,1.0,0.4292222203967532,6,6,3.642857142857143
test,47017,10,32985348835319,0.5,False,0.85,1.0,0.20909125149593089,3,3,2.1176470588235294
test,47017,10,32985348835319,0.75,False,0.85,1.0,0.19711619207993036,3,3,1.411764705882353
test,47017,10,32985348835319,0.9,False,0.95,1.0,0.08299765618971269,1,1,0.8421052631578947
test,47017,10,32985348835319,1.0,True,1.0,0.0,0.0,0,0,0.0
test,47017,11,28587302324330,0.25,False,0.8,1.0,0.3912107100043262,4,4,4.8125
test,47017,11,28587302324330,0.5,False,0.8,1.0,0.268846434835839,4,4,1.8125
test,47017,11,28587302324330,0.75,False,0.85,1.0,0.21800674483599666,3,3,2.1176470588235294
test,47017,11,28587302324330,0.9,False,0.95,1.0,0.08026169540335677,1,1,0.6842105263157895
test,47017,11,28587302324330,1.0,True,1.0,0.0,0.0,0,0,0.0
test,47017,12,28587302331918,0.25,False,0.6,1.0,0.49980994329900535,8,8,3.75
test,47017,12,28587302331918,0.5,False,0.9,1.0,0.1894267610137536,2,2,3.2777777777777777
test,47017,12,28587302331918,0.75,False,0.95,1.0,0.10357597318980902,1,1,1.1578947368421053
test,47017,12,28587302331918,0.9,False,0.95,1.0,0.07926586277344125,1,1,0.5789473684210527
test,47017,12,28587302331918,1.0,True,1.0,0.0,0.0,0,0,0.0
test,47017,13,4398046519752,0.25,False,0.65,1.0,0.47129513689331964,7,7,3.076923076923077
test,47017,13,4398046519752,0.5,False,0.8,1.0,0.2790468403443804,4,4,2.6875
test,47017,13,4398046519752,0.75,False,0.8,1.0,0.2390002666801449,4,4,1.5625
test,47017,13,4398046519752,0.9,False,0.9,1.0,0.12512210778436741,2,2,0.5555555555555556
test,47017,13,4398046519752,1.0,True,1.0,0.0,0.0,0,0,0.0
test,47017,14,32985348841588,0.25,True,1.0,0.0,0.0,0,0,0.0
test,47017,14,32985348841588,0.5,True,1.0,0.0,0.0,0,0,0.0
test,47017,14,32985348841588,0.75,True,1.0,0.0,0.0,0,0,0.0
test,47017,14,32985348841588,0.9,True,1.0,0.0,0.0,0,0,0.0
test,47017,14,32985348841588,1.0,True,1.0,0.0,0.0,0,0,0.0
test,47017,15,6597069772017,0.25,False,0.7,1.0,0.4400202026290986,6,6,3.7857142857142856
test,47017,15,6597069772017,0.5,False,0.75,1.0,0.31628575921281177,5,5,2.2666666666666666
test,47017,15,6597069772017,0.75,False,0.85,1.0,0.20317432993758927,3,3,2.2941176470588234
test,47017,15,6597069772017,0.9,False,0.95,1.0,0.08191740538486396,1,1,0.5263157894736842
test,47017,15,6597069772017,1.0,True,1.0,0.0,0.0,0,0,0.0
test,47017,16,30786325578215,0.25,False,0.7,1.0,0.43672966754940223,6,6,3.0714285714285716
test,47017,16,30786325578215,0.5,False,0.75,1.0,0.3387936679493054,5,5,2.6666666666666665
test,47017,16,30786325578215,0.75,False,0.85,1.0,0.2300738186499848,3,3,2.235294117647059
test,47017,16,30786325578215,0.9,False,0.95,1.0,0.09265962809790146,1,1,1.2105263157894737
test,47017,16,30786325578215,1.0,True,1.0,0.0,0.0,0,0,0.0
test,47017,17,24189255818308,0.25,False,0.65,1.0,0.46777390426056353,7,7,2.1538461538461537
test,47017,17,24189255818308,0.5,False,0.8,1.0,0.29483611649661,4,4,3.0
test,47017,17,24189255818308,0.75,False,0.95,1.0,0.12957904697058178,1,1,2.6842105263157894
test,47017,17,24189255818308,0.9,False,0.95,1.0,0.08854129963196009,1,1,0.5789473684210527
test,47017,17,24189255818308,1.0,True,1.0,0.0,0.0,0,0,0.0
test,47017,18,15393162789346,0.25,False,0.7,1.0,0.4571117501572872,6,6,3.857142857142857
test,47017,18,15393162789346,0.5,False,0.75,1.0,0.3234386837910314,5,5,3.0
test,47017,18,15393162789346,0.75,False,0.85,1.0,0.20386868679267905,3,3,3.588235294117647
test,47017,18,15393162789346,0.9,False,0.9,1.0,0.13451291900126672,2,2,2.0555555555555554
test,47017,18,15393162789346,1.0,True,1.0,0.0,0.0,0,0,0.0
test,47017,19,26388279069359,0.25,False,0.7,1.0,0.4399535778387615,6,6,2.357142857142857
test,47017,19,26388279069359,0.5,False,0.7,1.0,0.3621801335468485,6,6,2.0
test,47017,19,26388279069359,0.75,False,0.85,1.0,0.198720926631687,3,3,1.9411764705882353
test,47017,19,26388279069359,0.9,False,0.9,1.0,0.12474398742072308,2,2,1.0555555555555556
test,47017,19,26388279069359,1.0,True,1.0,0.0,0.0,0,0,0.0
test,47018,0,2199023262215,0.25,False,0.65,1.0,0.5116693105055495,7,7,4.076923076923077
test,47018,0,2199023262215,0.5,False,0.8,1.0,0.28177375676665833,4,4,4.0
test,47018,0,2199023262215,0.75,False,0.9,1.0,0.14993945215981205,2,2,1.9444444444444444
test,47018,0,2199023262215,0.9,False,0.95,1.0,0.08245081169468645,1,1,1.368421052631579
test,47018,0,2199023262215,1.0,True,1.0,0.0,0.0,0,0,0.0
test,47018,1,10995116281525,0.25,False,0.85,1.0,0.4029240786777601,3,3,2.235294117647059
test,47018,1,10995116281525,0.5,False,0.85,1.0,0.2620643117826456,3,3,2.5294117647058822
test,47018,1,10995116281525,0.75,False,0.9,1.0,0.15951873338135797,2,2,1.1111111111111112
test,47018,1,10995116281525,0.9,False,0.95,1.0,0.09187938348957257,1,1,1.5789473684210527
test,47018,1,10995116281525,1.0,True,1.0,0.0,0.0,0,0,0.0
test,47018,2,17592186053645,0.25,False,0.55,1.0,0.6137497359415776,9,9,3.909090909090909
test,47018,2,17592186053645,0.5,False,0.8,1.0,0.29477241081107936,4,4,3.0625
test,47018,2,17592186053645,0.75,False,0.85,1.0,0.20451487349447683,3,3,1.8823529411764706
test,47018,2,17592186053645,0.9,False,0.95,1.0,0.08344143901726687,1,1,1.4736842105263157
test,47018,2,17592186053645,1.0,True,1.0,0.0,0.0,0,0,0.0
test,47018,3,28587302328950,0.25,False,0.65,1.0,0.47884836793738117,7,7,4.0
test,47018,3,28587302328950,0.5,False,0.75,1.0,0.3321581266594623,5,5,1.8666666666666667
test,47018,3,28587302328950,0.75,False,0.8,1.0,0.24487604115144782,4,4,2.5625
test,47018,3,28587302328950,0.9,False,0.85,1.0,0.17935588482000087,3,3,1.7647058823529411
test,47018,3,28587302328950,1.0,True,1.0,0.0,0.0,0,0,0.0
test,47018,4,15393162793550,0.25,False,0.6,1.0,0.5340661137584121,8,8,3.4166666666666665
test,47018,4,15393162793550,0.5,False,0.85,1.0,0.2147204532696622,3,3,2.764705882352941
test,47018,4,15393162793550,0.75,False,0.85,1.0,0.22484973423576768,3,3,2.588235294117647
test,47018,4,15393162793550,0.9,False,0.9,1.0,0.13895317316707995,2,2,1.4444444444444444
test,47018,4,15393162793550,1.0,True,1.0,0.0,0.0,0,0,0.0
test,47018,5,30786325579731,0.25,False,0.85,1.0,0.3292657097251981,3,3,3.6470588235294117
test,47018,5,30786325579731,0.5,False,0.9,1.0,0.1955128092911304,2,2,2.7222222222222223
test,47018,5,30786325579731,0.75,False,0.95,1.0,0.12719200742797615,1,1,2.526315789473684
test,47018,5,30786325579731,0.9,True,1.0,0.08641975308641968,0.03590627949116416,0,0,1.5
test,47018,5,30786325579731,1.0,True,1.0,0.0,0.0,0,0,0.0
test,47018,6,13194139533366,0.25,True,1.0,0.0,0.0,0,0,0.0
test,47018,6,13194139533366,0.5,True,1.0,0.0,0.0,0,0,0.0
test,47018,6,13194139533366,0.75,True,1.0,0.0,0.0,0,0,0.0
test,47018,6,13194139533366,0.9,True,1.0,0.0,0.0,0,0,0.0
test,47018,6,13194139533366,1.0,True,1.0,0.0,0.0,0,0,0.0
test,47018,7,21990232564633,0.25,False,0.65,1.0,0.4563909900952897,7,7,4.153846153846154
test,47018,7,21990232564633,0.5,False,0.85,1.0,0.2518701699943512,3,3,3.176470588235294
test,47018,7,21990232564633,0.75,False,0.9,1.0,0.1586008141237318,2,2,1.9444444444444444
test,47018,7,21990232564633,0.9,False,0.95,1.0,0.08633820061467005,1,1,0.9473684210526315
test,47018,7,21990232564633,1.0,True,1.0,0.0,0.0,0,0,0.0
test,47018,8,30786325577964,0.25,False,0.5,1.8,0.8708010208745502,10,10,4.8
test,47018,8,30786325577964,0.5,False,0.7,1.0,0.4592353806324395,6,6,2.857142857142857
test,47018,8,30786325577964,0.75,False,0.8,1.0,0.31842444320385493,4,4,2.8125
test,47018,8,30786325577964,0.9,False,0.95,1.0,0.0939355941806922,1,1,1.368421052631579
test,47018,8,30786325577964,1.0,True,1.0,0.0,0.0,0,0,0.0
test,47018,9,2199023256351,0.25,False,0.7,1.0,0.42544576807515816,6,6,3.0714285714285716
test,47018,9,2199023256351,0.5,False,0.7,1.0,0.38388295331256034,6,6,2.142857142857143
test,47018,9,2199023256351,0.75,False,0.85,1.0,0.20179460455266893,3,3,1.7058823529411764
test,47018,9,2199023256351,0.9,False,0.9,1.0,0.13650930973175077,2,2,1.1666666666666667
test,47018,9,2199023256351,1.0,True,1.0,0.0,0.0,0,0,0.0
test,47018,10,32985348835319,0.25,False,0.75,1.0,0.40534542199297896,5,5,3.8666666666666667
test,47018,10,32985348835319,0.5,False,0.9,1.0,0.19276437301099514,2,2,3.0
test,47018,10,32985348835319,0.75,False,0.85,1.0,0.18484670165755082,3,3,1.5294117647058822
test,47018,10,32985348835319,0.9,False,0.95,1.0,0.0783452971272949,1,1,1.105263157894737
test,47018,10,32985348835319,1.0,True,1.0,0.0,0.0,0,0,0.0
test,47018,11,28587302324330,0.25,False,0.8,1.0,0.37702773109186305,4,4,3.375
test,47018,11,28587302324330,0.5,False,0.9,1.0,0.2095806236591075,2,2,2.7222222222222223
test,47018,11,28587302324330,0.75,False,0.9,1.0,0.16798247500923705,2,2,2.0
test,47018,11,28587302324330,0.9,False,0.95,1.0,0.08393536654691006,1,1,0.8421052631578947
test,47018,11,28587302324330,1.0,True,1.0,0.0,0.0,0,0,0.0
test,47018,12,28587302331918,0.25,False,0.75,1.0,0.3864368456727406,5,5,3.1333333333333333
test,47018,12,28587302331918,0.5,False,0.9,1.0,0.1577394267778168,2,2,2.1666666666666665
test,47018,12,28587302331918,0.75,False,0.9,1.0,0.15687199361138449,2,2,1.5555555555555556
test,47018,12,28587302331918,0.9,False,0.95,1.0,0.07953327840504795,1,1,1.1578947368421053
test,47018,12,28587302331918,1.0,True,1.0,0.0,0.0,0,0,0.0
test,47018,13,4398046519752,0.25,False,0.6,1.0,0.528681223466048,8,8,4.333333333333333
test,47018,13,4398046519752,0.5,False,0.8,1.0,0.25301231107484956,4,4,1.75
test,47018,13,4398046519752,0.75,False,0.8,1.0,0.2440076268294001,4,4,1.4375
test,47018,13,4398046519752,0.9,False,0.9,1.0,0.12801742641597189,2,2,0.9444444444444444
test,47018,13,4398046519752,1.0,True,1.0,0.0,0.0,0,0,0.0
test,47018,14,32985348841588,0.25,True,1.0,0.0,0.0,0,0,0.0
test,47018,14,32985348841588,0.5,True,1.0,0.0,0.0,0,0,0.0
test,47018,14,32985348841588,0.75,True,1.0,0.0,0.0,0,0,0.0
test,47018,14,32985348841588,0.9,True,1.0,0.0,0.0,0,0,0.0
test,47018,14,32985348841588,1.0,True,1.0,0.0,0.0,0,0,0.0
test,47018,15,6597069772017,0.25,False,0.6,1.0,0.5213998360380462,8,8,2.6666666666666665
test,47018,15,6597069772017,0.5,False,0.7,1.0,0.38632143728115775,6,6,2.5714285714285716
test,47018,15,6597069772017,0.75,False,0.9,1.0,0.15750937575546525,2,2,1.3888888888888888
test,47018,15,6597069772017,0.9,False,0.95,1.0,0.0801134600647099,1,1,0.9473684210526315
test,47018,15,6597069772017,1.0,True,1.0,0.0,0.0,0,0,0.0
test,47018,16,30786325578215,0.25,False,0.65,1.0,0.5843412520691122,7,7,3.076923076923077
test,47018,16,30786325578215,0.5,False,0.7,1.0,0.42116952577895345,6,6,2.357142857142857
test,47018,16,30786325578215,0.75,False,0.85,1.0,0.23461285137653265,3,3,2.235294117647059
test,47018,16,30786325578215,0.9,False,0.9,1.0,0.1401520548592238,2,2,1.5
test,47018,16,30786325578215,1.0,True,1.0,0.0,0.0,0,0,0.0
test,47018,17,24189255818308,0.25,False,0.65,1.0,0.5069361516169633,7,7,3.4615384615384617
test,47018,17,24189255818308,0.5,False,0.7,1.0,0.38084799904880395,6,6,1.8571428571428572
test,47018,17,24189255818308,0.75,False,0.9,1.0,0.17016004523649508,2,2,2.2222222222222223
test,47018,17,24189255818308,0.9,False,0.95,1.0,0.09260326664704757,1,1,1.7894736842105263
test,47018,17,24189255818308,1.0,True,1.0,0.0,0.0,0,0,0.0
test,47018,18,15393162789346,0.25,False,0.55,1.0,0.5758032153879786,9,9,5.636363636363637
test,47018,18,15393162789346,0.5,False,0.85,1.0,0.23342054373570648,3,3,4.647058823529412
test,47018,18,15393162789346,0.75,False,0.95,1.0,0.12397059281647252,1,1,3.526315789473684
test,47018,18,15393162789346,0.9,True,1.0,0.11111111111111116,0.045410009843256376,0,0,2.1
test,47018,18,15393162789346,1.0,True,1.0,0.0,0.0,0,0,0.0
test,47018,19,26388279069359,0.25,False,0.65,1.0,0.4960953103536638,7,7,2.769230769230769
test,47018,19,26388279069359,0.5,False,0.8,1.0,0.2827860124112802,4,4,1.625
test,47018,19,26388279069359,0.75,False,0.9,1.0,0.1661773188038016,2,2,1.7777777777777777
test,47018,19,26388279069359,0.9,False,0.95,1.0,0.08864454388369744,1,1,0.8947368421052632
test,47018,19,26388279069359,1.0,True,1.0,0.0,0.0,0,0,0.0
test,47019,0,2199023262215,0.25,False,0.55,1.0,0.5340106262083888,9,9,4.363636363636363
test,47019,0,2199023262215,0.5,False,0.85,1.0,0.21793482202195352,3,3,3.2941176470588234
test,47019,0,2199023262215,0.75,False,0.95,1.0,0.09969215250894434,1,1,2.1578947368421053
test,47019,0,2199023262215,0.9,True,1.0,0.1435185185185186,0.042444962168971936,0,0,2.2
test,47019,0,2199023262215,1.0,True,1.0,0.0,0.0,0,0,0.0
test,47019,1,10995116281525,0.25,False,0.7,1.0,0.48464657925959953,6,6,2.5714285714285716
test,47019,1,10995116281525,0.5,False,0.75,1.0,0.3429886465482358,5,5,2.2
test,47019,1,10995116281525,0.75,False,0.8,1.0,0.27815028261755553,4,4,2.3125
test,47019,1,10995116281525,0.9,False,0.85,1.0,0.19170999464231067,3,3,1.0588235294117647
test,47019,1,10995116281525,1.0,True,1.0,0.0,0.0,0,0,0.0
test,47019,2,17592186053645,0.25,False,0.6,1.0,0.49351533385715085,8,8,3.5833333333333335
test,47019,2,17592186053645,0.5,False,0.65,1.0,0.40009802827770946,7,7,1.7692307692307692
test,47019,2,17592186053645,0.75,False,0.85,1.0,0.20332454508989914,3,3,2.3529411764705883
test,47019,2,17592186053645,0.9,False,0.9,1.0,0.1354374435384554,2,2,1.3888888888888888
test,47019,2,17592186053645,1.0,True,1.0,0.0,0.0,0,0,0.0
test,47019,3,28587302328950,0.25,False,0.65,1.0,0.48776083427842964,7,7,5.384615384615385
test,47019,3,28587302328950,0.5,False,0.7,1.0,0.35648307141410684,6,6,3.5
test,47019,3,28587302328950,0.75,False,0.75,1.0,0.28640899849327794,5,5,1.2666666666666666
test,47019,3,28587302328950,0.9,False,0.9,1.0,0.13474556811493982,2,2,1.8888888888888888
test,47019,3,28587302328950,1.0,True,1.0,0.0,0.0,0,0,0.0
test,47019,4,15393162793550,0.25,False,0.5,1.0,0.5425368792121135,10,10,2.1
test,47019,4,15393162793550,0.5,False,0.8,1.0,0.29431824092389236,4,4,3.8125
test,47019,4,15393162793550,0.75,False,0.9,1.0,0.16771621101729428,2,2,2.5
test,47019,4,15393162793550,0.9,False,0.9,1.0,0.1346532328077964,2,2,1.3888888888888888
test,47019,4,15393162793550,1.0,True,1.0,0.0,0.0,0,0,0.0
test,47019,5,30786325579731,0.25,False,0.65,1.0,0.46423423588330764,7,7,4.538461538461538
test,47019,5,30786325579731,0.5,False,0.8,1.0,0.28356279629298436,4,4,2.25
test,47019,5,30786325579731,0.75,False,0.95,1.0,0.11477689358241197,1,1,1.736842105263158
test,47019,5,30786325579731,0.9,False,0.95,1.0,0.0916560403271501,1,1,1.368421052631579
test,47019,5,30786325579731,1.0,True,1.0,0.0,0.0,0,0,0.0
test,47019,6,13194139533366,0.25,True,1.0,0.0,0.0,0,0,0.0
test,47019,6,13194139533366,0.5,True,1.0,0.0,0.0,0,0,0.0
test,47019,6,13194139533366,0.75,True,1.0,0.0,0.0,0,0,0.0
test,47019,6,13194139533366,0.9,True,1.0,0.0,0.0,0,0,0.0
test,47019,6,13194139533366,1.0,True,1.0,0.0,0.0,0,0,0.0
test,47019,7,21990232564633,0.25,False,0.6,1.0,0.4961579746156467,8,8,4.583333333333333
test,47019,7,21990232564633,0.5,False,0.8,1.0,0.23632599411622998,4,4,1.4375
test,47019,7,21990232564633,0.75,False,0.85,1.0,0.2006967682288096,3,3,1.588235294117647
test,47019,7,21990232564633,0.9,False,0.95,1.0,0.08501540601192137,1,1,0.9473684210526315
test,47019,7,21990232564633,1.0,True,1.0,0.0,0.0,0,0,0.0
test,47019,8,30786325577964,0.25,False,0.6,1.8,0.7040616246498599,8,8,4.166666666666667
test,47019,8,30786325577964,0.5,False,0.65,1.0,0.4652370056414174,7,7,3.076923076923077
test,47019,8,30786325577964,0.75,False,0.75,1.0,0.33231797070032365,5,5,2.533333333333333
test,47019,8,30786325577964,0.9,False,0.95,1.0,0.0985928106026145,1,1,2.1578947368421053
test,47019,8,30786325577964,1.0,True,1.0,0.0,0.0,0,0,0.0
test,47019,9,2199023256351,0.25,False,0.45,1.0,0.6275577792937985,11,11,3.7777777777777777
test,47019,9,2199023256351,0.5,False,0.75,1.0,0.30444124213546464,5,5,1.6666666666666667
test,47019,9,2199023256351,0.75,False,0.8,1.0,0.24170855653382559,4,4,1.6875
test,47019,9,2199023256351,0.9,False,0.8,1.0,0.22026719274790513,4,4,0.75
test,47019,9,2199023256351,1.0,True,1.0,0.0,0.0,0,0,0.0
test,47019,10,32985348835319,0.25,False,0.6,1.0,0.4502351203429952,8,8,2.3333333333333335
test,47019,10,32985348835319,0.5,False,0.7,1.0,0.380933580405862,6,6,3.5714285714285716
test,47019,10,32985348835319,0.75,False,0.9,1.0,0.15708753912393353,2,2,2.2222222222222223
test,47019,10,32985348835319,0.9,False,0.9,1.0,0.13876551383984911,2,2,1.3333333333333333
test,47019,10,32985348835319,1.0,True,1.0,0.0,0.0,0,0,0.0
test,47019,11,28587302324330,0.25,False,0.65,1.0,0.4707677502706914,7,7,3.3846153846153846
test,47019,11,28587302324330,0.5,False,0.8,1.0,0.27760211026959747,4,4,2.5
test,47019,11,28587302324330,0.75,False,0.85,1.0,0.20008896170560964,3,3,1.5294117647058822
test,47019,11,28587302324330,0.9,False,0.9,1.0,0.14286386852432878,2,2,1.7777777777777777
test,47019,11,28587302324330,1.0,True,1.0,0.0,0.0,0,0,0.0
test,47019,12,28587302331918,0.25,False,0.7,1.0,0.4398160260164411,6,6,4.928571428571429
test,47019,12,28587302331918,0.5,False,0.85,1.0,0.21420379248041357,3,3,2.3529411764705883
test,47019,12,28587302331918,0.75,False,0.95,1.0,0.11568918524789036,1,1,2.0
test,47019,12,28587302331918,0.9,False,0.95,1.0,0.0892005992226781,1,1,1.7894736842105263
test,47019,12,28587302331918,1.0,True,1.0,0.0,0.0,0,0,0.0
test,47019,13,4398046519752,0.25,False,0.5,1.0,0.5983115133158237,10,10,2.7
test,47019,13,4398046519752,0.5,False,0.75,1.0,0.31126101509168225,5,5,2.2
test,47019,13,4398046519752,0.75,False,0.85,1.0,0.19218642044480633,3,3,1.6470588235294117
test,47019,13,4398046519752,0.9,False,0.9,1.0,0.1343429894920837,2,2,1.1666666666666667
test,47019,13,4398046519752,1.0,True,1.0,0.0,0.0,0,0,0.0
test,47019,14,32985348841588,0.25,True,1.0,0.0,0.0,0,0,0.0
test,47019,14,32985348841588,0.5,True,1.0,0.0,0.0,0,0,0.0
test,47019,14,32985348841588,0.75,True,1.0,0.0,0.0,0,0,0.0
test,47019,14,32985348841588,0.9,True,1.0,0.0,0.0,0,0,0.0
test,47019,14,32985348841588,1.0,True,1.0,0.0,0.0,0,0,0.0
test,47019,15,6597069772017,0.25,False,0.55,1.0,0.511465183541041,9,9,2.4545454545454546
test,47019,15,6597069772017,0.5,False,0.7,1.0,0.3696153315504799,6,6,3.5
test,47019,15,6597069772017,0.75,False,0.9,1.0,0.15150441323551364,2,2,1.9444444444444444
test,47019,15,6597069772017,0.9,False,0.95,1.0,0.08481145334954181,1,1,1.368421052631579
test,47019,15,6597069772017,1.0,True,1.0,0.0,0.0,0,0,0.0
test,47019,16,30786325578215,0.25,False,0.5,1.0,0.6276692979981064,10,10,4.3
test,47019,16,30786325578215,0.5,False,0.65,1.0,0.4429072668438933,7,7,3.3076923076923075
test,47019,16,30786325578215,0.75,False,0.85,1.0,0.21316929033135326,3,3,2.176470588235294
test,47019,16,30786325578215,0.9,False,0.95,1.0,0.0898476884008999,1,1,1.5789473684210527
test,47019,16,30786325578215,1.0,True,1.0,0.0,0.0,0,0,0.0
test,47019,17,24189255818308,0.25,False,0.65,1.0,0.45397881014592684,7,7,4.230769230769231
test,47019,17,24189255818308,0.5,False,0.75,1.0,0.302152563728895,5,5,1.7333333333333334
test,47019,17,24189255818308,0.75,False,0.9,1.0,0.16238933908275252,2,2,1.6666666666666667
test,47019,17,24189255818308,0.9,False,0.95,1.0,0.09149791241273335,1,1,1.263157894736842
test,47019,17,24189255818308,1.0,True,1.0,0.0,0.0,0,0,0.0
test,47019,18,15393162789346,0.25,False,0.7,1.0,0.36799655895817096,6,6,5.428571428571429
test,47019,18,15393162789346,0.5,False,0.65,1.0,0.40501024373364797,7,7,2.4615384615384617
test,47019,18,15393162789346,0.75,False,0.85,1.0,0.20161738023143125,3,3,1.7058823529411764
test,47019,18,15393162789346,0.9,False,0.9,1.0,0.14738722336217305,2,2,1.6666666666666667
test,47019,18,15393162789346,1.0,True,1.0,0.0,0.0,0,0,0.0
test,47019,19,26388279069359,0.25,False,0.55,1.0,0.517287503996673,9,9,3.3636363636363638
test,47019,19,26388279069359,0.5,False,0.75,1.0,0.29641732872210996,5,5,1.6
test,47019,19,26388279069359,0.75,False,0.85,1.0,0.19562796738545107,3,3,1.2352941176470589
test,47019,19,26388279069359,0.9,False,0.9,1.0,0.12605154344027752,2,2,0.6111111111111112
test,47019,19,26388279069359,1.0,True,1.0,0.0,0.0,0,0,0.0
test,47020,0,2199023262215,0.25,False,0.75,1.0,0.352062876190614,5,5,4.866666666666666
test,47020,0,2199023262215,0.5,False,0.9,1.0,0.2004399590737233,2,2,4.111111111111111
test,47020,0,2199023262215,0.75,True,1.0,0.15555555555555556,0.06023378301895427,0,0,2.4
test,47020,0,2199023262215,0.9,True,1.0,0.11111111111111108,0.03464780901782866,0,0,1.8
test,47020,0,2199023262215,1.0,True,1.0,0.0,0.0,0,0,0.0
test,47020,1,10995116281525,0.25,False,0.6,1.0,0.5897629517596246,8,8,2.8333333333333335
test,47020,1,10995116281525,0.5,False,0.8,1.0,0.32036719649084644,4,4,3.3125
test,47020,1,10995116281525,0.75,False,0.8,1.0,0.2722463071155464,4,4,1.5625
test,47020,1,10995116281525,0.9,False,0.8,1.0,0.23941229202268904,4,4,1.5625
test,47020,1,10995116281525,1.0,True,1.0,0.0,0.0,0,0,0.0
test,47020,2,17592186053645,0.25,False,0.65,1.0,0.46224807534618206,7,7,6.230769230769231
test,47020,2,17592186053645,0.5,False,0.8,1.0,0.281165144175823,4,4,4.0625
test,47020,2,17592186053645,0.75,False,0.9,1.0,0.1537732656202569,2,2,2.3333333333333335
test,47020,2,17592186053645,0.9,False,0.95,1.0,0.0849238134961731,1,1,1.263157894736842
test,47020,2,17592186053645,1.0,True,1.0,0.0,0.0,0,0,0.0
test,47020,3,28587302328950,0.25,False,0.5,1.0,0.5649963993993046,10,10,2.5
test,47020,3,28587302328950,0.5,False,0.65,1.0,0.3982582825314063,7,7,2.230769230769231
test,47020,3,28587302328950,0.75,False,0.9,1.0,0.13884120644177575,2,2,2.2222222222222223
test,47020,3,28587302328950,0.9,False,0.9,1.0,0.12078812651820606,2,2,1.4444444444444444
test,47020,3,28587302328950,1.0,True,1.0,0.0,0.0,0,0,0.0
test,47020,4,15393162793550,0.25,False,0.65,1.0,0.47423594287193066,7,7,3.6153846153846154
test,47020,4,15393162793550,0.5,False,0.8,1.0,0.2791129547057689,4,4,2.875
test,47020,4,15393162793550,0.75,False,0.9,1.0,0.16754376764592882,2,2,2.5555555555555554
test,47020,4,15393162793550,0.9,False,0.95,1.0,0.07877987220362037,1,1,1.2105263157894737
test,47020,4,15393162793550,1.0,True,1.0,0.0,0.0,0,0,0.0
test,47020,5,30786325579731,0.25,False,0.7,1.0,0.4146465196976835,6,6,3.357142857142857
test,47020,5,30786325579731,0.5,False,0.75,1.0,0.30626335659156534,5,5,1.5333333333333334
test,47020,5,30786325579731,0.75,False,0.85,1.0,0.18986407538376038,3,3,1.1764705882352942
test,47020,5,30786325579731,0.9,False,0.95,1.0,0.08358888915003665,1,1,1.105263157894737
test,47020,5,30786325579731,1.0,True,1.0,0.0,0.0,0,0,0.0
test,47020,6,13194139533366,0.25,True,1.0,0.0,0.0,0,0,0.0
test,47020,6,13194139533366,0.5,True,1.0,0.0,0.0,0,0,0.0
test,47020,6,13194139533366,0.75,True,1.0,0.0,0.0,0,0,0.0
test,47020,6,13194139533366,0.9,True,1.0,0.0,0.0,0,0,0.0
test,47020,6,13194139533366,1.0,True,1.0,0.0,0.0,0,0,0.0
test,47020,7,21990232564633,0.25,False,0.55,1.0,0.5635759050704614,9,9,3.909090909090909
test,47020,7,21990232564633,0.5,False,0.85,1.0,0.24993835985638047,3,3,4.0
test,47020,7,21990232564633,0.75,False,0.9,1.0,0.14650766656655928,2,2,1.2222222222222223
test,47020,7,21990232564633,0.9,False,0.9,1.0,0.1323631470259743,2,2,1.2777777777777777
test,47020,7,21990232564633,1.0,True,1.0,0.0,0.0,0,0,0.0
test,47020,8,30786325577964,0.25,False,0.35,1.5454545454545454,0.8041125541125542,13,13,3.5714285714285716
test,47020,8,30786325577964,0.5,False,0.5,1.0,0.6035677149647738,10,10,3.1
test,47020,8,30786325577964,0.75,False,0.8,1.0,0.2929768624621566,4,4,3.625
test,47020,8,30786325577964,0.9,False,0.95,1.0,0.1138720529651902,1,1,2.3684210526315788
test,47020,8,30786325577964,1.0,True,1.0,0.0,0.0,0,0,0.0
test,47020,9,2199023256351,0.25,False,0.7,1.0,0.4297572701335177,6,6,4.0
test,47020,9,2199023256351,0.5,False,0.75,1.0,0.2959039700663936,5,5,2.066666666666667
test,47020,9,2199023256351,0.75,False,0.85,1.0,0.18996851060854028,3,3,1.588235294117647
test,47020,9,2199023256351,0.9,False,0.9,1.0,0.12655980356578178,2,2,1.1666666666666667
test,47020,9,2199023256351,1.0,True,1.0,0.0,0.0,0,0,0.0
test,47020,10,32985348835319,0.25,False,0.55,1.0,0.5716132916140801,9,9,4.181818181818182
test,47020,10,32985348835319,0.5,False,0.8,1.0,0.28574845684732075,4,4,3.5
test,47020,10,32985348835319,0.75,False,0.85,1.0,0.2021016225917339,3,3,1.7058823529411764
test,47020,10,32985348835319,0.9,False,0.85,1.0,0.1821695356264106,3,3,0.7647058823529411
test,47020,10,32985348835319,1.0,True,1.0,0.0,0.0,0,0,0.0
test,47020,11,28587302324330,0.25,False,0.65,1.0,0.4547190456801643,7,7,2.6923076923076925
test,47020,11,28587302324330,0.5,False,0.8,1.0,0.2759365547655489,4,4,2.5625
test,47020,11,28587302324330,0.75,False,0.85,1.0,0.19237476846158993,3,3,1.588235294117647
test,47020,11,28587302324330,0.9,False,0.85,1.0,0.18247878069754025,3,3,1.1764705882352942
test,47020,11,28587302324330,1.0,True,1.0,0.0,0.0,0,0,0.0
test,47020,12,28587302331918,0.25,False,0.65,1.0,0.4333433147580547,7,7,3.076923076923077
test,47020,12,28587302331918,0.5,False,0.7,1.0,0.3453508367135484,6,6,1.1428571428571428
test,47020,12,28587302331918,0.75,False,0.9,1.0,0.1405831611916592,2,2,1.3888888888888888
test,47020,12,28587302331918,0.9,False,0.9,1.0,0.1269726008020915,2,2,0.4444444444444444
test,47020,12,28587302331918,1.0,True,1.0,0.0,0.0,0,0,0.0
test,47020,13,4398046519752,0.25,False,0.75,1.0,0.37880577448459496,5,5,3.6
test,47020,13,4398046519752,0.5,False,0.8,1.0,0.28740550231779016,4,4,2.5625
test,47020,13,4398046519752,0.75,False,0.95,1.0,0.08909499191317269,1,1,1.1578947368421053
test,47020,13,4398046519752,0.9,False,0.95,1.0,0.07295322587815942,1,1,0.7368421052631579
test,47020,13,4398046519752,1.0,True,1.0,0.0,0.0,0,0,0.0
test,47020,14,32985348841588,0.25,True,1.0,0.0,0.0,0,0,0.0
test,47020,14,32985348841588,0.5,True,1.0,0.0,0.0,0,0,0.0
test,47020,14,32985348841588,0.75,True,1.0,0.0,0.0,0,0,0.0
test,47020,14,32985348841588,0.9,True,1.0,0.0,0.0,0,0,0.0
test,47020,14,32985348841588,1.0,True,1.0,0.0,0.0,0,0,0.0
test,47020,15,6597069772017,0.25,False,0.65,1.0,0.49235017976066303,7,7,3.6923076923076925
test,47020,15,6597069772017,0.5,False,0.75,1.0,0.33815016692134614,5,5,3.066666666666667
test,47020,15,6597069772017,0.75,False,0.85,1.0,0.20059666799511283,3,3,1.7647058823529411
test,47020,15,6597069772017,0.9,False,0.95,1.0,0.07895352437157951,1,1,1.0526315789473684
test,47020,15,6597069772017,1.0,True,1.0,0.0,0.0,0,0,0.0
test,47020,16,30786325578215,0.25,False,0.65,1.0,0.5044306185034754,7,7,4.769230769230769
test,47020,16,30786325578215,0.5,False,0.75,1.0,0.3301616310956514,5,5,3.2
test,47020,16,30786325578215,0.75,False,0.9,1.0,0.1603172932510073,2,2,2.3333333333333335
test,47020,16,30786325578215,0.9,False,0.9,1.0,0.12605435910242427,2,2,1.3333333333333333
test,47020,16,30786325578215,1.0,True,1.0,0.0,0.0,0,0,0.0
test,47020,17,24189255818308,0.25,False,0.75,1.0,0.3578337015415628,5,5,3.2666666666666666
test,47020,17,24189255818308,0.5,False,0.75,1.0,0.3375855333976473,5,5,2.6
test,47020,17,24189255818308,0.75,False,0.95,1.0,0.10730699958542111,1,1,1.9473684210526316
test,47020,17,24189255818308,0.9,False,0.95,1.0,0.07957609732273191,1,1,1.2105263157894737
test,47020,17,24189255818308,1.0,True,1.0,0.0,0.0,0,0,0.0
test,47020,18,15393162789346,0.25,False,0.6,1.0,0.5456537779644327,8,8,3.1666666666666665
test,47020,18,15393162789346,0.5,False,0.75,1.0,0.3237030623724728,5,5,3.4
test,47020,18,15393162789346,0.75,False,0.85,1.0,0.1994594187785131,3,3,1.7647058823529411
test,47020,18,15393162789346,0.9,False,0.85,1.0,0.18000120835495226,3,3,1.8823529411764706
test,47020,18,15393162789346,1.0,True,1.0,0.0,0.0,0,0,0.0
test,47020,19,26388279069359,0.25,False,0.75,1.0,0.4100784664941794,5,5,4.266666666666667
test,47020,19,26388279069359,0.5,False,0.85,1.0,0.24642457975413593,3,3,2.6470588235294117
test,47020,19,26388279069359,0.75,False,0.9,1.0,0.14411510903534952,2,2,1.5
test,47020,19,26388279069359,0.9,False,0.9,1.0,0.13498231076734407,2,2,0.7222222222222222
test,47020,19,26388279069359,1.0,True,1.0,0.0,0.0,0,0,0.0
test,47021,0,2199023262215,0.25,False,0.6,1.0,0.47082696164446647,8,8,2.3333333333333335
test,47021,0,2199023262215,0.5,False,0.85,1.0,0.2620522738794091,3,3,4.529411764705882
test,47021,0,2199023262215,0.75,False,0.9,1.0,0.14934973613473448,2,2,2.3333333333333335
test,47021,0,2199023262215,0.9,False,0.95,1.0,0.08228120930163384,1,1,1.736842105263158
test,47021,0,2199023262215,1.0,True,1.0,0.0,0.0,0,0,0.0
test,47021,1,10995116281525,0.25,False,0.65,1.0,0.5131589497414097,7,7,4.769230769230769
test,47021,1,10995116281525,0.5,False,0.75,1.0,0.35725858792955456,5,5,2.466666666666667
test,47021,1,10995116281525,0.75,False,0.9,1.0,0.16912419091799819,2,2,2.0555555555555554
test,47021,1,10995116281525,0.9,True,1.0,0.1598915989159892,0.0489370863784513,0,0,1.5
test,47021,1,10995116281525,1.0,True,1.0,0.0,0.0,0,0,0.0
test,47021,2,17592186053645,0.25,False,0.7,1.0,0.4319228595076912,6,6,2.2142857142857144
test,47021,2,17592186053645,0.5,False,0.65,1.0,0.4092632061906657,7,7,1.3076923076923077
test,47021,2,17592186053645,0.75,False,0.8,1.0,0.26208593008490755,4,4,2.0
test,47021,2,17592186053645,0.9,False,0.95,1.0,0.08778721801665287,1,1,1.3157894736842106
test,47021,2,17592186053645,1.0,True,1.0,0.0,0.0,0,0,0.0
test,47021,3,28587302328950,0.25,False,0.65,1.0,0.49371671864215855,7,7,2.8461538461538463
test,47021,3,28587302328950,0.5,False,0.8,1.0,0.30783720991388464,4,4,3.75
test,47021,3,28587302328950,0.75,False,0.85,1.0,0.21206457924877808,3,3,2.176470588235294
test,47021,3,28587302328950,0.9,False,0.8,1.0,0.23002747986664032,4,4,1.625
test,47021,3,28587302328950,1.0,True,1.0,0.0,0.0,0,0,0.0
test,47021,4,15393162793550,0.25,False,0.7,1.0,0.4287036948763525,6,6,3.9285714285714284
test,47021,4,15393162793550,0.5,False,0.75,1.0,0.33248362381788454,5,5,3.8
test,47021,4,15393162793550,0.75,False,0.9,1.0,0.15341073766381919,2,2,2.2777777777777777
test,47021,4,15393162793550,0.9,False,0.95,1.0,0.08728833229045135,1,1,1.2105263157894737
test,47021,4,15393162793550,1.0,True,1.0,0.0,0.0,0,0,0.0
test,47021,5,30786325579731,0.25,False,0.7,1.0,0.4135806637586672,6,6,3.5
test,47021,5,30786325579731,0.5,False,0.8,1.0,0.29878266370639917,4,4,3.0625
test,47021,5,30786325579731,0.75,False,0.8,1.0,0.23444276868936975,4,4,1.25
test,47021,5,30786325579731,0.9,False,0.9,1.0,0.13099881512790218,2,2,0.3888888888888889
test,47021,5,30786325579731,1.0,True,1.0,0.0,0.0,0,0,0.0
test,47021,6,13194139533366,0.25,True,1.0,0.0,0.0,0,0,0.0
test,47021,6,13194139533366,0.5,True,1.0,0.0,0.0,0,0,0.0
test,47021,6,13194139533366,0.75,True,1.0,0.0,0.0,0,0,0.0
test,47021,6,13194139533366,0.9,True,1.0,0.0,0.0,0,0,0.0
test,47021,6,13194139533366,1.0,True,1.0,0.0,0.0,0,0,0.0
test,47021,7,21990232564633,0.25,False,0.75,1.0,0.36766437304780825,5,5,2.4
test,47021,7,21990232564633,0.5,False,0.8,1.0,0.26701626999631295,4,4,2.0625
test,47021,7,21990232564633,0.75,False,0.85,1.0,0.18701988924085228,3,3,1.411764705882353
test,47021,7,21990232564633,0.9,False,0.85,1.0,0.18149005938071017,3,3,1.0
test,47021,7,21990232564633,1.0,True,1.0,0.0,0.0,0,0,0.0
test,47021,8,30786325577964,0.25,False,0.6,1.0,0.656981286687169,8,8,4.583333333333333
test,47021,8,30786325577964,0.5,False,0.7,1.0,0.4621022931317049,6,6,3.0
test,47021,8,30786325577964,0.75,False,0.75,1.0,0.35696397284632575,5,5,1.6666666666666667
test,47021,8,30786325577964,0.9,False,0.8,1.0,0.2623241341991342,4,4,1.9375
test,47021,8,30786325577964,1.0,True,1.0,0.0,0.0,0,0,0.0
test,47021,9,2199023256351,0.25,False,0.65,1.0,0.4456167589639265,7,7,2.923076923076923
test,47021,9,2199023256351,0.5,False,0.7,1.0,0.37052330329204264,6,6,1.9285714285714286
test,47021,9,2199023256351,0.75,False,0.9,1.0,0.14119097064921687,2,2,1.2777777777777777
test,47021,9,2199023256351,0.9,False,0.95,1.0,0.08902765152045775,1,1,1.2105263157894737
test,47021,9,2199023256351,1.0,True,1.0,0.0,0.0,0,0,0.0
test,47021,10,32985348835319,0.25,False,0.75,1.0,0.3439517069646757,5,5,2.533333333333333
test,47021,10,32985348835319,0.5,False,0.75,1.0,0.322431039497191,5,5,2.466666666666667
test,47021,10,32985348835319,0.75,False,0.85,1.0,0.18590520560253862,3,3,1.1764705882352942
test,47021,10,32985348835319,0.9,False,0.9,1.0,0.12782027989456018,2,2,1.2222222222222223
test,47021,10,32985348835319,1.0,True,1.0,0.0,0.0,0,0,0.0
test,47021,11,28587302324330,0.25,False,0.7,1.0,0.39745315034072815,6,6,2.5
test,47021,11,28587302324330,0.5,False,0.8,1.0,0.3058809625209745,4,4,2.875
test,47021,11,28587302324330,0.75,False,0.9,1.0,0.1559480342612945,2,2,1.6666666666666667
test,47021,11,28587302324330,0.9,False,0.95,1.0,0.08302078569618046,1,1,1.105263157894737
test,47021,11,28587302324330,1.0,True,1.0,0.0,0.0,0,0,0.0
test,47021,12,28587302331918,0.25,False,0.8,1.0,0.3495529538278287,4,4,4.3125
test,47021,12,28587302331918,0.5,False,0.8,1.0,0.28652569696970376,4,4,1.9375
test,47021,12,28587302331918,0.75,False,0.85,1.0,0.20137907985665732,3,3,1.2352941176470589
test,47021,12,28587302331918,0.9,False,0.9,1.0,0.1409832076581855,2,2,1.3333333333333333
test,47021,12,28587302331918,1.0,True,1.0,0.0,0.0,0,0,0.0
test,47021,13,4398046519752,0.25,False,0.85,1.0,0.2936915036422991,3,3,2.1176470588235294
test,47021,13,4398046519752,0.5,False,0.85,1.0,0.2574985798394521,3,3,3.588235294117647
test,47021,13,4398046519752,0.75,False,0.9,1.0,0.15186474399812472,2,2,1.0555555555555556
test,47021,13,4398046519752,0.9,False,0.9,1.0,0.13356142487696068,2,2,0.7222222222222222
test,47021,13,4398046519752,1.0,True,1.0,0.0,0.0,0,0,0.0
test,47021,14,32985348841588,0.25,True,1.0,0.0,0.0,0,0,0.0
test,47021,14,32985348841588,0.5,True,1.0,0.0,0.0,0,0,0.0
test,47021,14,32985348841588,0.75,True,1.0,0.0,0.0,0,0,0.0
test,47021,14,32985348841588,0.9,True,1.0,0.0,0.0,0,0,0.0
test,47021,14,32985348841588,1.0,True,1.0,0.0,0.0,0,0,0.0
test,47021,15,6597069772017,0.25,False,0.65,1.0,0.4659024623451723,7,7,3.1538461538461537
test,47021,15,6597069772017,0.5,False,0.65,1.0,0.4190613432861575,7,7,2.3846153846153846
test,47021,15,6597069772017,0.75,False,0.85,1.0,0.20055881859585795,3,3,1.588235294117647
test,47021,15,6597069772017,0.9,False,0.95,1.0,0.08390504171399134,1,1,1.1578947368421053
test,47021,15,6597069772017,1.0,True,1.0,0.0,0.0,0,0,0.0
test,47021,16,30786325578215,0.25,False,0.7,1.0,0.4171105995531807,6,6,2.857142857142857
test,47021,16,30786325578215,0.5,False,0.8,1.0,0.30778385235193834,4,4,3.3125
test,47021,16,30786325578215,0.75,False,0.9,1.0,0.15732022586636263,2,2,2.5
test,47021,16,30786325578215,0.9,False,0.95,1.0,0.08841470927509014,1,1,1.4736842105263157
test,47021,16,30786325578215,1.0,True,1.0,0.0,0.0,0,0,0.0
test,47021,17,24189255818308,0.25,False,0.6,1.0,0.5256601229234663,8,8,2.5
test,47021,17,24189255818308,0.5,False,0.8,1.0,0.31038047412630365,4,4,2.6875
test,47021,17,24189255818308,0.75,False,0.95,1.0,0.13103623684057458,1,1,2.0526315789473686
test,47021,17,24189255818308,0.9,True,1.0,0.07638888888888884,0.036871717582957333,0,0,0.8
test,47021,17,24189255818308,1.0,True,1.0,0.0,0.0,0,0,0.0
test,47021,18,15393162789346,0.25,False,0.7,1.0,0.41061946459240123,6,6,4.0
test,47021,18,15393162789346,0.5,False,0.8,1.0,0.30701415391952996,4,4,4.5625
test,47021,18,15393162789346,0.75,False,0.9,1.0,0.16086388322040895,2,2,2.1666666666666665
test,47021,18,15393162789346,0.9,False,0.95,1.0,0.08320096979871447,1,1,1.4210526315789473
test,47021,18,15393162789346,1.0,True,1.0,0.0,0.0,0,0,0.0
test,47021,19,26388279069359,0.25,False,0.8,1.0,0.30399974800262314,4,4,2.125
test,47021,19,26388279069359,0.5,False,0.7,1.0,0.36327640916549386,6,6,1.6428571428571428
test,47021,19,26388279069359,0.75,False,0.85,1.0,0.19490318787329045,3,3,0.9411764705882353
test,47021,19,26388279069359,0.9,False,0.9,1.0,0.1296665359702473,2,2,1.0
test,47021,19,26388279069359,1.0,True,1.0,0.0,0.0,0,0,0.0
test,47022,0,2199023262215,0.25,False,0.7,1.0,0.4576805505243448,6,6,5.857142857142857
test,47022,0,2199023262215,0.5,False,0.75,1.0,0.3377641070720817,5,5,3.3333333333333335
test,47022,0,2199023262215,0.75,False,0.85,1.0,0.20574218778268,3,3,2.6470588235294117
test,47022,0,2199023262215,0.9,False,0.95,1.0,0.0938752815552957,1,1,2.526315789473684
test,47022,0,2199023262215,1.0,True,1.0,0.0,0.0,0,0,0.0
test,47022,1,10995116281525,0.25,False,0.7,1.0,0.4686645352371902,6,6,3.5714285714285716
test,47022,1,10995116281525,0.5,False,0.8,1.0,0.29861427876238733,4,4,2.9375
test,47022,1,10995116281525,0.75,False,0.9,1.0,0.15683061960677563,2,2,2.5
test,47022,1,10995116281525,0.9,False,0.85,1.0,0.19040432404010335,3,3,1.8235294117647058
test,47022,1,10995116281525,1.0,True,1.0,0.0,0.0,0,0,0.0
test,47022,2,17592186053645,0.25,False,0.55,1.0,0.5494608927050335,9,9,3.4545454545454546
test,47022,2,17592186053645,0.5,False,0.75,1.0,0.3394560655297554,5,5,3.933333333333333
test,47022,2,17592186053645,0.75,False,0.9,1.0,0.1687634679746404,2,2,2.7777777777777777
test,47022,2,17592186053645,0.9,False,0.95,1.0,0.0867640913364819,1,1,1.5263157894736843
test,47022,2,17592186053645,1.0,True,1.0,0.0,0.0,0,0,0.0
test,47022,3,28587302328950,0.25,False,0.6,1.0,0.5117757369163907,8,8,4.416666666666667
test,47022,3,28587302328950,0.5,False,0.85,1.0,0.2174368565754284,3,3,4.294117647058823
test,47022,3,28587302328950,0.75,False,0.9,1.0,0.14680019511806464,2,2,2.5555555555555554
test,47022,3,28587302328950,0.9,False,0.9,1.0,0.13264956380600607,2,2,1.8888888888888888
test,47022,3,28587302328950,1.0,True,1.0,0.0,0.0,0,0,0.0
test,47022,4,15393162793550,0.25,False,0.6,1.0,0.5223290353054387,8,8,4.166666666666667
test,47022,4,15393162793550,0.5,False,0.6,1.0,0.46466885306388317,8,8,3.25
test,47022,4,15393162793550,0.75,False,0.85,1.0,0.2143361578173854,3,3,3.176470588235294
test,47022,4,15393162793550,0.9,False,0.9,1.0,0.13137992435054893,2,2,1.4444444444444444
test,47022,4,15393162793550,1.0,True,1.0,0.0,0.0,0,0,0.0
test,47022,5,30786325579731,0.25,False,0.6,1.0,0.48111558941555305,8,8,2.75
test,47022,5,30786325579731,0.5,False,0.75,1.0,0.3049436171747142,5,5,2.533333333333333
test,47022,5,30786325579731,0.75,False,0.9,1.0,0.14448339243042094,2,2,1.6666666666666667
test,47022,5,30786325579731,0.9,False,0.9,1.0,0.12758805038377247,2,2,1.2777777777777777
test,47022,5,30786325579731,1.0,True,1.0,0.0,0.0,0,0,0.0
test,47022,6,13194139533366,0.25,True,1.0,0.0,0.0,0,0,0.0
test,47022,6,13194139533366,0.5,True,1.0,0.0,0.0,0,0,0.0
test,47022,6,13194139533366,0.75,True,1.0,0.0,0.0,0,0,0.0
test,47022,6,13194139533366,0.9,True,1.0,0.0,0.0,0,0,0.0
test,47022,6,13194139533366,1.0,True,1.0,0.0,0.0,0,0,0.0
test,47022,7,21990232564633,0.25,False,0.7,1.0,0.3722819573162556,6,6,2.4285714285714284
test,47022,7,21990232564633,0.5,False,0.8,1.0,0.2769493497315082,4,4,2.5625
test,47022,7,21990232564633,0.75,False,0.9,1.0,0.1505659729148135,2,2,1.8888888888888888
test,47022,7,21990232564633,0.9,False,0.95,1.0,0.07397926925637119,1,1,0.8421052631578947
test,47022,7,21990232564633,1.0,True,1.0,0.0,0.0,0,0,0.0
test,47022,8,30786325577964,0.25,False,0.55,1.0,0.5850752923547041,9,9,3.909090909090909
test,47022,8,30786325577964,0.5,False,0.75,1.0,0.3475262849895203,5,5,2.466666666666667
test,47022,8,30786325577964,0.75,False,0.85,1.0,0.25110554478201536,3,3,2.823529411764706
test,47022,8,30786325577964,0.9,False,0.8,1.0,0.2766237234987235,4,4,2.625
test,47022,8,30786325577964,1.0,True,1.0,0.0,0.0,0,0,0.0
test,47022,9,2199023256351,0.25,False,0.7,1.0,0.4119746607456807,6,6,4.0
test,47022,9,2199023256351,0.5,False,0.8,1.0,0.2561909380399008,4,4,2.1875
test,47022,9,2199023256351,0.75,False,0.8,1.0,0.23808083577146416,4,4,1.25
test,47022,9,2199023256351,0.9,False,0.85,1.0,0.17459289557700614,3,3,1.1764705882352942
test,47022,9,2199023256351,1.0,True,1.0,0.0,0.0,0,0,0.0
test,47022,10,32985348835319,0.25,False,0.75,1.0,0.3859426273927282,5,5,4.466666666666667
test,47022,10,32985348835319,0.5,False,0.8,1.0,0.2722909059747278,4,4,2.625
test,47022,10,32985348835319,0.75,False,0.8,1.0,0.24070711684906118,4,4,1.625
test,47022,10,32985348835319,0.9,False,0.9,1.0,0.13204188231806954,2,2,1.3333333333333333
test,47022,10,32985348835319,1.0,True,1.0,0.0,0.0,0,0,0.0
test,47022,11,28587302324330,0.25,False,0.7,1.0,0.45485234066268,6,6,3.7142857142857144
test,47022,11,28587302324330,0.5,False,0.8,1.0,0.2870661900231424,4,4,2.25
test,47022,11,28587302324330,0.75,False,0.85,1.0,0.20220477898822367,3,3,1.588235294117647
test,47022,11,28587302324330,0.9,False,0.9,1.0,0.1302453590066535,2,2,0.6666666666666666
test,47022,11,28587302324330,1.0,True,1.0,0.0,0.0,0,0,0.0
test,47022,12,28587302331918,0.25,False,0.65,1.0,0.4389336903458448,7,7,2.923076923076923
test,47022,12,28587302331918,0.5,False,0.85,1.0,0.23321970490133728,3,3,2.5294117647058822
test,47022,12,28587302331918,0.75,False,0.9,1.0,0.15801782494080183,2,2,1.7222222222222223
test,47022,12,28587302331918,0.9,False,0.85,1.0,0.17300516855719345,3,3,1.0588235294117647
test,47022,12,28587302331918,1.0,True,1.0,0.0,0.0,0,0,0.0
test,47022,13,4398046519752,0.25,False,0.75,1.0,0.36574664958679254,5,5,2.3333333333333335
test,47022,13,4398046519752,0.5,False,0.8,1.0,0.2613851050535564,4,4,1.75
test,47022,13,4398046519752,0.75,False,0.95,1.0,0.08675394456262323,1,1,0.7894736842105263
test,47022,13,4398046519752,0.9,False,0.9,1.0,0.12882553812326697,2,2,1.0555555555555556
test,47022,13,4398046519752,1.0,True,1.0,0.0,0.0,0,0,0.0
test,47022,14,32985348841588,0.25,True,1.0,0.0,0.0,0,0,0.0
test,47022,14,32985348841588,0.5,True,1.0,0.0,0.0,0,0,0.0
test,47022,14,32985348841588,0.75,True,1.0,0.0,0.0,0,0,0.0
test,47022,14,32985348841588,0.9,True,1.0,0.0,0.0,0,0,0.0
test,47022,14,32985348841588,1.0,True,1.0,0.0,0.0,0,0,0.0
test,47022,15,6597069772017,0.25,False,0.55,1.0,0.5159643240342116,9,9,1.8181818181818181
test,47022,15,6597069772017,0.5,False,0.75,1.0,0.3209230824410839,5,5,3.2
test,47022,15,6597069772017,0.75,False,0.8,1.0,0.2365104929194203,4,4,1.25
test,47022,15,6597069772017,0.9,False,0.95,1.0,0.08015078682601844,1,1,1.4736842105263157
test,47022,15,6597069772017,1.0,True,1.0,0.0,0.0,0,0,0.0
test,47022,16,30786325578215,0.25,False,0.65,1.0,0.5112379068737782,7,7,3.769230769230769
test,47022,16,30786325578215,0.5,False,0.75,1.0,0.3831320813840485,5,5,3.466666666666667
test,47022,16,30786325578215,0.75,False,0.95,1.0,0.12839312289502677,1,1,2.4210526315789473
test,47022,16,30786325578215,0.9,False,0.95,1.0,0.09156232168052614,1,1,1.5789473684210527
test,47022,16,30786325578215,1.0,True,1.0,0.0,0.0,0,0,0.0
test,47022,17,24189255818308,0.25,False,0.6,1.0,0.5119337472587574,8,8,3.4166666666666665
test,47022,17,24189255818308,0.5,False,0.7,1.0,0.40652290603880675,6,6,4.285714285714286
test,47022,17,24189255818308,0.75,False,0.9,1.0,0.1639004948840715,2,2,1.8888888888888888
test,47022,17,24189255818308,0.9,False,0.85,1.0,0.18749860402821467,3,3,1.2941176470588236
test,47022,17,24189255818308,1.0,True,1.0,0.0,0.0,0,0,0.0
test,47022,18,15393162789346,0.25,False,0.65,1.0,0.5276628589128589,7,7,6.461538461538462
test,47022,18,15393162789346,0.5,False,0.85,1.0,0.2394493263177883,3,3,4.529411764705882
test,47022,18,15393162789346,0.75,False,0.85,1.0,0.20331469482015668,3,3,2.2941176470588234
test,47022,18,15393162789346,0.9,False,0.85,1.0,0.1775709473966035,3,3,1.1764705882352942
test,47022,18,15393162789346,1.0,True,1.0,0.0,0.0,0,0,0.0
test,47022,19,26388279069359,0.25,False,0.7,1.0,0.39083058420467875,6,6,2.7857142857142856
test,47022,19,26388279069359,0.5,False,0.7,1.0,0.35365371638887966,6,6,1.7142857142857142
test,47022,19,26388279069359,0.75,False,0.8,1.0,0.2388267733603891,4,4,0.6875
test,47022,19,26388279069359,0.9,False,0.9,1.0,0.13138624012391334,2,2,1.0555555555555556
test,47022,19,26388279069359,1.0,True,1.0,0.0,0.0,0,0,0.0
test,47023,0,2199023262215,0.25,False,0.75,1.0,0.4027249867183419,5,5,2.533333333333333
test,47023,0,2199023262215,0.5,False,0.85,1.0,0.2861849208729845,3,3,2.823529411764706
test,47023,0,2199023262215,0.75,False,0.9,1.0,0.16205763344738616,2,2,2.2222222222222223
test,47023,0,2199023262215,0.9,False,0.95,1.0,0.09126078902684855,1,1,1.631578947368421
test,47023,0,2199023262215,1.0,True,1.0,0.0,0.0,0,0,0.0
test,47023,1,10995116281525,0.25,False,0.55,1.0,0.6320336298566741,9,9,4.909090909090909
test,47023,1,10995116281525,0.5,False,0.65,1.0,0.4275461879307443,7,7,3.230769230769231
test,47023,1,10995116281525,0.75,False,0.85,1.0,0.21170224006958088,3,3,3.3529411764705883
test,47023,1,10995116281525,0.9,True,1.0,0.11111111111111115,0.05438092876356589,0,0,2.4
test,47023,1,10995116281525,1.0,True,1.0,0.0,0.0,0,0,0.0
test,47023,2,17592186053645,0.25,False,0.7,1.0,0.4526740664883304,6,6,2.857142857142857
test,47023,2,17592186053645,0.5,False,0.75,1.0,0.3216125519010611,5,5,2.2666666666666666
test,47023,2,17592186053645,0.75,False,0.9,1.0,0.15375132440500527,2,2,2.111111111111111
test,47023,2,17592186053645,0.9,False,0.9,1.0,0.13942994219440646,2,2,2.111111111111111
test,47023,2,17592186053645,1.0,True,1.0,0.0,0.0,0,0,0.0
test,47023,3,28587302328950,0.25,False,0.7,1.0,0.48566243672294124,6,6,3.7142857142857144
test,47023,3,28587302328950,0.5,False,0.75,1.0,0.34640845190560937,5,5,3.1333333333333333
test,47023,3,28587302328950,0.75,False,0.85,1.0,0.20119573863983747,3,3,3.0
test,47023,3,28587302328950,0.9,False,0.95,1.0,0.07547736517442334,1,1,1.105263157894737
test,47023,3,28587302328950,1.0,True,1.0,0.0,0.0,0,0,0.0
test,47023,4,15393162793550,0.25,False,0.7,1.0,0.46335310109293754,6,6,2.857142857142857
test,47023,4,15393162793550,0.5,False,0.85,1.0,0.254838782426995,3,3,2.0
test,47023,4,15393162793550,0.75,False,0.85,1.0,0.20614451801250958,3,3,2.0588235294117645
test,47023,4,15393162793550,0.9,False,0.9,1.0,0.13465870490550613,2,2,0.8888888888888888
test,47023,4,15393162793550,1.0,True,1.0,0.0,0.0,0,0,0.0
test,47023,5,30786325579731,0.25,False,0.7,1.0,0.41383422333391506,6,6,3.142857142857143
test,47023,5,30786325579731,0.5,False,0.8,1.0,0.2897746270452558,4,4,2.5625
test,47023,5,30786325579731,0.75,False,0.85,1.0,0.19152199726727953,3,3,1.411764705882353
test,47023,5,30786325579731,0.9,False,0.95,1.0,0.08286447828164248,1,1,1.105263157894737
test,47023,5,30786325579731,1.0,True,1.0,0.0,0.0,0,0,0.0
test,47023,6,13194139533366,0.25,True,1.0,0.0,0.0,0,0,0.0
test,47023,6,13194139533366,0.5,True,1.0,0.0,0.0,0,0,0.0
test,47023,6,13194139533366,0.75,True,1.0,0.0,0.0,0,0,0.0
test,47023,6,13194139533366,0.9,True,1.0,0.0,0.0,0,0,0.0
test,47023,6,13194139533366,1.0,True,1.0,0.0,0.0,0,0,0.0
test,47023,7,21990232564633,0.25,False,0.75,1.0,0.4291239967548308,5,5,2.933333333333333
test,47023,7,21990232564633,0.5,False,0.8,1.0,0.31512670734990145,4,4,2.4375
test,47023,7,21990232564633,0.75,False,0.9,1.0,0.15531993822044723,2,2,1.7222222222222223
test,47023,7,21990232564633,0.9,False,0.9,1.0,0.13577678881942046,2,2,1.0
test,47023,7,21990232564633,1.0,True,1.0,0.0,0.0,0,0,0.0
test,47023,8,30786325577964,0.25,False,0.7,1.0,0.5590156412215236,6,6,2.7857142857142856
test,47023,8,30786325577964,0.5,False,0.65,1.0,0.46791529956971134,7,7,2.1538461538461537
test,47023,8,30786325577964,0.75,False,0.9,1.0,0.20247662740309796,2,2,2.2777777777777777
test,47023,8,30786325577964,0.9,False,0.9,1.0,0.1609916000847373,2,2,1.4444444444444444
test,47023,8,30786325577964,1.0,True,1.0,0.0,0.0,0,0,0.0
test,47023,9,2199023256351,0.25,False,0.7,1.0,0.4322063918862466,6,6,3.5
test,47023,9,2199023256351,0.5,False,0.85,1.0,0.23882903735762354,3,3,2.1176470588235294
test,47023,9,2199023256351,0.75,False,0.85,1.0,0.1843043901041419,3,3,1.3529411764705883
test,47023,9,2199023256351,0.9,True,1.0,0.09090909090909091,0.027626881159870165,0,0,1.3
test,47023,9,2199023256351,1.0,True,1.0,0.0,0.0,0,0,0.0
test,47023,10,32985348835319,0.25,False,0.7,1.0,0.46535769305126673,6,6,3.5714285714285716
test,47023,10,32985348835319,0.5,False,0.85,1.0,0.2616575471032548,3,3,2.1176470588235294
test,47023,10,32985348835319,0.75,False,0.85,1.0,0.1992233023805646,3,3,1.588235294117647
test,47023,10,32985348835319,0.9,False,0.95,1.0,0.08019250859557829,1,1,1.105263157894737
test,47023,10,32985348835319,1.0,True,1.0,0.0,0.0,0,0,0.0
test,47023,11,28587302324330,0.25,False,0.65,1.0,0.4615969696840887,7,7,2.6923076923076925
test,47023,11,28587302324330,0.5,False,0.75,1.0,0.3450150803846642,5,5,2.8666666666666667
test,47023,11,28587302324330,0.75,False,0.85,1.0,0.20700961159824888,3,3,1.5294117647058822
test,47023,11,28587302324330,0.9,False,0.85,1.0,0.179077452644611,3,3,1.2941176470588236
test,47023,11,28587302324330,1.0,True,1.0,0.0,0.0,0,0,0.0
test,47023,12,28587302331918,0.25,False,0.9,1.0,0.28461381585920736,2,2,3.1666666666666665
test,47023,12,28587302331918,0.5,False,0.9,1.0,0.24441155973405898,2,2,3.3333333333333335
test,47023,12,28587302331918,0.75,False,0.9,1.0,0.15633307262232538,2,2,1.6666666666666667
test,47023,12,28587302331918,0.9,False,0.9,1.0,0.13801552056813376,2,2,1.1666666666666667
test,47023,12,28587302331918,1.0,True,1.0,0.0,0.0,0,0,0.0
test,47023,13,4398046519752,0.25,False,0.7,1.0,0.49471605210408337,6,6,5.0
test,47023,13,4398046519752,0.5,False,0.85,1.0,0.2539429627407657,3,3,3.0
test,47023,13,4398046519752,0.75,False,0.85,1.0,0.20436207950231017,3,3,1.7647058823529411
test,47023,13,4398046519752,0.9,False,0.9,1.0,0.1412259819563279,2,2,1.5
test,47023,13,4398046519752,1.0,True,1.0,0.0,0.0,0,0,0.0
test,47023,14,32985348841588,0.25,True,1.0,0.0,0.0,0,0,0.0
test,47023,14,32985348841588,0.5,True,1.0,0.0,0.0,0,0,0.0
test,47023,14,32985348841588,0.75,True,1.0,0.0,0.0,0,0,0.0
test,47023,14,32985348841588,0.9,True,1.0,0.0,0.0,0,0,0.0
test,47023,14,32985348841588,1.0,True,1.0,0.0,0.0,0,0,0.0
test,47023,15,6597069772017,0.25,False,0.65,1.0,0.5054571871078827,7,7,4.3076923076923075
test,47023,15,6597069772017,0.5,False,0.85,1.0,0.24969993732960694,3,3,2.5294117647058822
test,47023,15,6597069772017,0.75,False,0.9,1.0,0.1662278066342043,2,2,2.111111111111111
test,47023,15,6597069772017,0.9,False,0.95,1.0,0.0823691991224165,1,1,1.5789473684210527
test,47023,15,6597069772017,1.0,True,1.0,0.0,0.0,0,0,0.0
test,47023,16,30786325578215,0.25,False,0.7,1.0,0.4491008136322564,6,6,3.857142857142857
test,47023,16,30786325578215,0.5,False,0.8,1.0,0.3101871629964358,4,4,2.375
test,47023,16,30786325578215,0.75,False,0.9,1.0,0.14218825077920302,2,2,1.2777777777777777
test,47023,16,30786325578215,0.9,False,0.9,1.0,0.13022297159147583,2,2,1.1666666666666667
test,47023,16,30786325578215,1.0,True,1.0,0.0,0.0,0,0,0.0
test,47023,17,24189255818308,0.25,False,0.7,1.0,0.4531094502086811,6,6,3.857142857142857
test,47023,17,24189255818308,0.5,False,0.75,1.0,0.35603172406149464,5,5,2.933333333333333
test,47023,17,24189255818308,0.75,False,0.9,1.0,0.13355949228058744,2,2,1.5555555555555556
test,47023,17,24189255818308,0.9,False,0.95,1.0,0.08390269661203431,1,1,1.368421052631579
test,47023,17,24189255818308,1.0,True,1.0,0.0,0.0,0,0,0.0
test,47023,18,15393162789346,0.25,False,0.75,1.0,0.4146098157926265,5,5,4.266666666666667
test,47023,18,15393162789346,0.5,False,0.75,1.0,0.37106799450987304,5,5,3.4
test,47023,18,15393162789346,0.75,False,0.9,1.0,0.1648949410310812,2,2,2.9444444444444446
test,47023,18,15393162789346,0.9,False,0.9,1.0,0.13136907999279507,2,2,1.4444444444444444
test,47023,18,15393162789346,1.0,True,1.0,0.0,0.0,0,0,0.0
test,47023,19,26388279069359,0.25,False,0.7,1.0,0.42132864382239693,6,6,2.7857142857142856
test,47023,19,26388279069359,0.5,False,0.8,1.0,0.29649686624124066,4,4,3.1875
test,47023,19,26388279069359,0.75,False,0.8,1.0,0.26222310155245143,4,4,1.875
test,47023,19,26388279069359,0.9,False,0.9,1.0,0.13812817506531463,2,2,1.0555555555555556
test,47023,19,26388279069359,1.0,True,1.0,0.0,0.0,0,0,0.0
test,47024,0,2199023262215,0.25,False,0.6,1.0,0.46072820754250376,8,8,3.3333333333333335
test,47024,0,2199023262215,0.5,False,0.8,1.0,0.265174721019347,4,4,3.0625
test,47024,0,2199023262215,0.75,False,0.9,1.0,0.14810479965666914,2,2,2.2777777777777777
test,47024,0,2199023262215,0.9,False,0.95,1.0,0.08569952116305984,1,1,1.4736842105263157
test,47024,0,2199023262215,1.0,True,1.0,0.0,0.0,0,0,0.0
test,47024,1,10995116281525,0.25,False,0.55,1.0,0.6556079985216272,9,9,3.4545454545454546
test,47024,1,10995116281525,0.5,False,0.8,1.0,0.33589068817187634,4,4,3.6875
test,47024,1,10995116281525,0.75,False,0.85,1.0,0.2167544823402605,3,3,1.588235294117647
test,47024,1,10995116281525,0.9,False,0.9,1.0,0.13508451399260182,2,2,1.0
test,47024,1,10995116281525,1.0,True,1.0,0.0,0.0,0,0,0.0
test,47024,2,17592186053645,0.25,False,0.6,1.0,0.49655391194891757,8,8,3.8333333333333335
test,47024,2,17592186053645,0.5,False,0.8,1.0,0.2803796199012875,4,4,4.0
test,47024,2,17592186053645,0.75,False,0.85,1.0,0.20824951448893705,3,3,3.0
test,47024,2,17592186053645,0.9,False,0.95,1.0,0.09212661883870095,1,1,1.4736842105263157
test,47024,2,17592186053645,1.0,True,1.0,0.0,0.0,0,0,0.0
test,47024,3,28587302328950,0.25,False,0.5,1.0,0.6339739082768607,10,10,3.4
test,47024,3,28587302328950,0.5,False,0.7,1.0,0.40861506718562063,6,6,5.642857142857143
test,47024,3,28587302328950,0.75,False,0.9,1.0,0.16791516634292064,2,2,3.8333333333333335
test,47024,3,28587302328950,0.9,False,0.9,1.0,0.12996804426442413,2,2,2.2222222222222223
test,47024,3,28587302328950,1.0,True,1.0,0.0,0.0,0,0,0.0
test,47024,4,15393162793550,0.25,False,0.55,1.0,0.5158065405370282,9,9,4.0
test,47024,4,15393162793550,0.5,False,0.6,1.0,0.4741205451948078,8,8,4.25
test,47024,4,15393162793550,0.75,False,0.8,1.0,0.2429807002457657,4,4,1.5
test,47024,4,15393162793550,0.9,False,0.95,1.0,0.08463261814167099,1,1,1.263157894736842
test,47024,4,15393162793550,1.0,True,1.0,0.0,0.0,0,0,0.0
test,47024,5,30786325579731,0.25,False,0.65,1.0,0.4704733904406746,7,7,3.8461538461538463
test,47024,5,30786325579731,0.5,False,0.75,1.0,0.3596690582161672,5,5,3.466666666666667
test,47024,5,30786325579731,0.75,False,0.9,1.0,0.14858817247754225,2,2,1.6111111111111112
test,47024,5,30786325579731,0.9,False,0.95,1.0,0.08424522470530874,1,1,1.4210526315789473
test,47024,5,30786325579731,1.0,True,1.0,0.0,0.0,0,0,0.0
test,47024,6,13194139533366,0.25,True,1.0,0.0,0.0,0,0,0.0
test,47024,6,13194139533366,0.5,True,1.0,0.0,0.0,0,0,0.0
test,47024,6,13194139533366,0.75,True,1.0,0.0,0.0,0,0,0.0
test,47024,6,13194139533366,0.9,True,1.0,0.0,0.0,0,0,0.0
test,47024,6,13194139533366,1.0,True,1.0,0.0,0.0,0,0,0.0
test,47024,7,21990232564633,0.25,False,0.65,1.0,0.4805424008039038,7,7,3.5384615384615383
test,47024,7,21990232564633,0.5,False,0.85,1.0,0.23253174068117594,3,3,3.2941176470588234
test,47024,7,21990232564633,0.75,False,0.9,1.0,0.15093986576639912,2,2,0.9444444444444444
test,47024,7,21990232564633,0.9,False,0.95,1.0,0.0830689905219403,1,1,0.8947368421052632
test,47024,7,21990232564633,1.0,True,1.0,0.0,0.0,0,0,0.0
test,47024,8,30786325577964,0.25,False,0.55,1.1818181818181819,0.7357636807636807,9,9,3.0
test,47024,8,30786325577964,0.5,False,0.7,1.0,0.47099775632863866,6,6,3.5714285714285716
test,47024,8,30786325577964,0.75,False,0.85,1.0,0.26703095651625064,3,3,3.0
test,47024,8,30786325577964,0.9,False,0.95,1.0,0.12636987875958464,1,1,2.6315789473684212
test,47024,8,30786325577964,1.0,True,1.0,0.0,0.0,0,0,0.0
test,47024,9,2199023256351,0.25,False,0.7,1.0,0.39574168286411504,6,6,3.642857142857143
test,47024,9,2199023256351,0.5,False,0.8,1.0,0.2852495446228091,4,4,3.25
test,47024,9,2199023256351,0.75,False,0.9,1.0,0.1493016938632471,2,2,2.111111111111111
test,47024,9,2199023256351,0.9,False,0.9,1.0,0.12331696858710886,2,2,1.2222222222222223
test,47024,9,2199023256351,1.0,True,1.0,0.0,0.0,0,0,0.0
test,47024,10,32985348835319,0.25,False,0.8,1.0,0.3228544986400561,4,4,3.5625
test,47024,10,32985348835319,0.5,False,0.75,1.0,0.33974592562533046,5,5,2.8
test,47024,10,32985348835319,0.75,False,0.9,1.0,0.14765137739940232,2,2,1.5
test,47024,10,32985348835319,0.9,False,0.95,1.0,0.0796015957329141,1,1,0.8947368421052632
test,47024,10,32985348835319,1.0,True,1.0,0.0,0.0,0,0,0.0
test,47024,11,28587302324330,0.25,False,0.7,1.0,0.4789083812151742,6,6,5.857142857142857
test,47024,11,28587302324330,0.5,False,0.75,1.0,0.31665859712337363,5,5,2.2666666666666666
test,47024,11,28587302324330,0.75,False,0.8,1.0,0.2403365920083888,4,4,1.625
test,47024,11,28587302324330,0.9,False,0.9,1.0,0.12717544519579088,2,2,0.9444444444444444
test,47024,11,28587302324330,1.0,True,1.0,0.0,0.0,0,0,0.0
test,47024,12,28587302331918,0.25,False,0.75,1.0,0.41530323307578987,5,5,4.6
test,47024,12,28587302331918,0.5,False,0.8,1.0,0.2987473362789296,4,4,1.9375
test,47024,12,28587302331918,0.75,False,0.9,1.0,0.15395370920960244,2,2,1.6666666666666667
test,47024,12,28587302331918,0.9,False,0.95,1.0,0.0802209210676094,1,1,0.9473684210526315
test,47024,12,28587302331918,1.0,True,1.0,0.0,0.0,0,0,0.0
test,47024,13,4398046519752,0.25,False,0.65,1.0,0.4599675386166574,7,7,3.230769230769231
test,47024,13,4398046519752,0.5,False,0.7,1.0,0.3709528096200022,6,6,3.2142857142857144
test,47024,13,4398046519752,0.75,False,0.85,1.0,0.19417671482377621,3,3,1.3529411764705883
test,47024,13,4398046519752,0.9,False,0.95,1.0,0.08512388338418958,1,1,1.4210526315789473
test,47024,13,4398046519752,1.0,True,1.0,0.0,0.0,0,0,0.0
test,47024,14,32985348841588,0.25,True,1.0,0.0,0.0,0,0,0.0
test,47024,14,32985348841588,0.5,True,1.0,0.0,0.0,0,0,0.0
test,47024,14,32985348841588,0.75,True,1.0,0.0,0.0,0,0,0.0
test,47024,14,32985348841588,0.9,True,1.0,0.0,0.0,0,0,0.0
test,47024,14,32985348841588,1.0,True,1.0,0.0,0.0,0,0,0.0
test,47024,15,6597069772017,0.25,False,0.65,1.0,0.45609250394955686,7,7,3.5384615384615383
test,47024,15,6597069772017,0.5,False,0.75,1.0,0.3375859150258176,5,5,2.8666666666666667
test,47024,15,6597069772017,0.75,False,0.8,1.0,0.2539272423857197,4,4,2.375
test,47024,15,6597069772017,0.9,False,0.95,1.0,0.07272143497856298,1,1,0.9473684210526315
test,47024,15,6597069772017,1.0,True,1.0,0.0,0.0,0,0,0.0
test,47024,16,30786325578215,0.25,False,0.6,1.0,0.509030720035879,8,8,4.333333333333333
test,47024,16,30786325578215,0.5,False,0.6,1.0,0.4836138984524675,8,8,3.6666666666666665
test,47024,16,30786325578215,0.75,False,0.85,1.0,0.20468960911844616,3,3,2.176470588235294
test,47024,16,30786325578215,0.9,False,0.95,1.0,0.08601747509773726,1,1,1.4736842105263157
test,47024,16,30786325578215,1.0,True,1.0,0.0,0.0,0,0,0.0
test,47024,17,24189255818308,0.25,False,0.6,1.0,0.5585562455261874,8,8,5.666666666666667
test,47024,17,24189255818308,0.5,False,0.85,1.0,0.27579356933963556,3,3,4.235294117647059
test,47024,17,24189255818308,0.75,False,0.9,1.0,0.17115701335370662,2,2,1.9444444444444444
test,47024,17,24189255818308,0.9,False,0.9,1.0,0.14467407637098564,2,2,1.1666666666666667
test,47024,17,24189255818308,1.0,True,1.0,0.0,0.0,0,0,0.0
test,47024,18,15393162789346,0.25,False,0.65,1.0,0.463321007646722,7,7,5.076923076923077
test,47024,18,15393162789346,0.5,False,0.85,1.0,0.24550976296732804,3,3,4.352941176470588
test,47024,18,15393162789346,0.75,False,0.9,1.0,0.14903753960050065,2,2,2.5
test,47024,18,15393162789346,0.9,False,0.95,1.0,0.08521006304710399,1,1,1.736842105263158
test,47024,18,15393162789346,1.0,True,1.0,0.0,0.0,0,0,0.0
test,47024,19,26388279069359,0.25,False,0.7,1.0,0.41393315841312506,6,6,2.7142857142857144
test,47024,19,26388279069359,0.5,False,0.7,1.0,0.36162944808557324,6,6,1.7142857142857142
test,47024,19,26388279069359,0.75,False,0.85,1.0,0.19604490238374833,3,3,0.9411764705882353
test,47024,19,26388279069359,0.9,False,0.95,1.0,0.09014957347238753,1,1,0.631578947368421
test,47024,19,26388279069359,1.0,True,1.0,0.0,0.0,0,0,0.0
test,47025,0,2199023262215,0.25,False,0.7,1.0,0.43083392843595847,6,6,5.357142857142857
test,47025,0,2199023262215,0.5,False,0.85,1.0,0.22171381302673301,3,3,2.9411764705882355
test,47025,0,2199023262215,0.75,False,0.9,1.0,0.14063017023155394,2,2,2.2222222222222223
test,47025,0,2199023262215,0.9,False,0.95,1.0,0.07054398128634883,1,1,1.263157894736842
test,47025,0,2199023262215,1.0,True,1.0,0.0,0.0,0,0,0.0
test,47025,1,10995116281525,0.25,False,0.6,1.0,0.48568565219178533,8,8,2.3333333333333335
test,47025,1,10995116281525,0.5,False,0.85,1.0,0.23747108336783218,3,3,3.0588235294117645
test,47025,1,10995116281525,0.75,False,0.8,1.0,0.27712064543743414,4,4,2.1875
test,47025,1,10995116281525,0.9,False,0.85,1.0,0.17730282367826095,3,3,0.8235294117647058
test,47025,1,10995116281525,1.0,True,1.0,0.0,0.0,0,0,0.0
test,47025,2,17592186053645,0.25,False,0.65,1.0,0.45759413905382296,7,7,4.615384615384615
test,47025,2,17592186053645,0.5,False,0.8,1.0,0.2869164424701165,4,4,4.5
test,47025,2,17592186053645,0.75,False,0.9,1.0,0.1553240132158018,2,2,2.4444444444444446
test,47025,2,17592186053645,0.9,False,0.95,1.0,0.0866073485957861,1,1,1.7894736842105263
test,47025,2,17592186053645,1.0,True,1.0,0.0,0.0,0,0,0.0
test,47025,3,28587302328950,0.25,False,0.7,1.0,0.4192776789217788,6,6,3.5714285714285716
test,47025,3,28587302328950,0.5,False,0.75,1.0,0.3083951757156866,5,5,2.933333333333333
test,47025,3,28587302328950,0.75,False,0.8,1.0,0.23238829353988036,4,4,1.8125
test,47025,3,28587302328950,0.9,False,0.9,1.0,0.1175011400301917,2,2,1.1666666666666667
test,47025,3,28587302328950,1.0,True,1.0,0.0,0.0,0,0,0.0
test,47025,4,15393162793550,0.25,False,0.55,1.0,0.5355422931157858,9,9,4.545454545454546
test,47025,4,15393162793550,0.5,False,0.75,1.0,0.3177294501092016,5,5,3.466666666666667
test,47025,4,15393162793550,0.75,False,0.8,1.0,0.2460798881025469,4,4,2.1875
test,47025,4,15393162793550,0.9,False,0.9,1.0,0.12628284211821938,2,2,1.3333333333333333
test,47025,4,15393162793550,1.0,True,1.0,0.0,0.0,0,0,0.0
test,47025,5,30786325579731,0.25,False,0.6,1.0,0.4872571238224036,8,8,3.6666666666666665
test,47025,5,30786325579731,0.5,False,0.8,1.0,0.27391618821161257,4,4,1.6875
test,47025,5,30786325579731,0.75,False,0.85,1.0,0.19658001931311417,3,3,1.6470588235294117
test,47025,5,30786325579731,0.9,False,0.95,1.0,0.08205406489643932,1,1,1.0
test,47025,5,30786325579731,1.0,True,1.0,0.0,0.0,0,0,0.0
test,47025,6,13194139533366,0.25,True,1.0,0.0,0.0,0,0,0.0
test,47025,6,13194139533366,0.5,True,1.0,0.0,0.0,0,0,0.0
test,47025,6,13194139533366,0.75,True,1.0,0.0,0.0,0,0,0.0
test,47025,6,13194139533366,0.9,True,1.0,0.0,0.0,0,0,0.0
test,47025,6,13194139533366,1.0,True,1.0,0.0,0.0,0,0,0.0
test,47025,7,21990232564633,0.25,False,0.6,1.0,0.49086595754511053,8,8,4.333333333333333
test,47025,7,21990232564633,0.5,False,0.85,1.0,0.2321966959511783,3,3,2.823529411764706
test,47025,7,21990232564633,0.75,False,0.95,1.0,0.09658886059089786,1,1,1.7894736842105263
test,47025,7,21990232564633,0.9,True,1.0,0.10256410256410262,0.03354464163111347,0,0,1.1
test,47025,7,21990232564633,1.0,True,1.0,0.0,0.0,0,0,0.0
test,47025,8,30786325577964,0.25,False,0.5,1.2222222222222223,0.7209507894066718,10,10,4.6
test,47025,8,30786325577964,0.5,False,0.7,1.0,0.46733980480304005,6,6,4.928571428571429
test,47025,8,30786325577964,0.75,False,0.85,1.0,0.23050206873736284,3,3,2.5294117647058822
test,47025,8,30786325577964,0.9,False,0.95,1.0,0.10770095463722913,1,1,1.6842105263157894
test,47025,8,30786325577964,1.0,True,1.0,0.0,0.0,0,0,0.0
test,47025,9,2199023256351,0.25,False,0.55,1.0,0.5196392584430244,9,9,2.4545454545454546
test,47025,9,2199023256351,0.5,False,0.7,1.0,0.34106602944120046,6,6,2.0714285714285716
test,47025,9,2199023256351,0.75,False,0.9,1.0,0.15356429780466957,2,2,2.611111111111111
test,47025,9,2199023256351,0.9,False,0.9,1.0,0.12621412121171677,2,2,1.2222222222222223
test,47025,9,2199023256351,1.0,True,1.0,0.0,0.0,0,0,0.0
test,47025,10,32985348835319,0.25,False,0.65,1.0,0.4510210631670083,7,7,3.5384615384615383
test,47025,10,32985348835319,0.5,False,0.8,1.0,0.27284579867084524,4,4,2.0
test,47025,10,32985348835319,0.75,False,0.85,1.0,0.1990070747800316,3,3,1.588235294117647
test,47025,10,32985348835319,0.9,False,0.85,1.0,0.1755235806490082,3,3,1.0
test,47025,10,32985348835319,1.0,True,1.0,0.0,0.0,0,0,0.0
test,47025,11,28587302324330,0.25,False,0.65,1.0,0.4904266669195293,7,7,4.615384615384615
test,47025,11,28587302324330,0.5,False,0.8,1.0,0.267866276709347,4,4,2.125
test,47025,11,28587302324330,0.75,False,0.8,1.0,0.24696326861902057,4,4,1.375
test,47025,11,28587302324330,0.9,False,0.85,1.0,0.17430938636582372,3,3,1.1176470588235294
test,47025,11,28587302324330,1.0,True,1.0,0.0,0.0,0,0,0.0
test,47025,12,28587302331918,0.25,False,0.7,1.0,0.41041023861231196,6,6,4.0
test,47025,12,28587302331918,0.5,False,0.85,1.0,0.21320753753285926,3,3,2.588235294117647
test,47025,12,28587302331918,0.75,False,0.9,1.0,0.15052787903625292,2,2,1.6666666666666667
test,47025,12,28587302331918,0.9,False,0.95,1.0,0.07476929694601289,1,1,0.7894736842105263
test,47025,12,28587302331918,1.0,True,1.0,0.0,0.0,0,0,0.0
test,47025,13,4398046519752,0.25,False,0.55,1.0,0.5369466891991734,9,9,3.8181818181818183
test,47025,13,4398046519752,0.5,False,0.7,1.0,0.3493984669814161,6,6,2.2857142857142856
test,47025,13,4398046519752,0.75,False,0.85,1.0,0.18412687035601033,3,3,1.0
test,47025,13,4398046519752,0.9,False,0.9,1.0,0.12649121256887358,2,2,0.6111111111111112
test,47025,13,4398046519752,1.0,True,1.0,0.0,0.0,0,0,0.0
test,47025,14,32985348841588,0.25,True,1.0,0.0,0.0,0,0,0.0
test,47025,14,32985348841588,0.5,True,1.0,0.0,0.0,0,0,0.0
test,47025,14,32985348841588,0.75,True,1.0,0.0,0.0,0,0,0.0
test,47025,14,32985348841588,0.9,True,1.0,0.0,0.0,0,0,0.0
test,47025,14,32985348841588,1.0,True,1.0,0.0,0.0,0,0,0.0
test,47025,15,6597069772017,0.25,False,0.55,1.0,0.5234095669450277,9,9,2.8181818181818183
test,47025,15,6597069772017,0.5,False,0.7,1.0,0.3581646451037436,6,6,2.2857142857142856
test,47025,15,6597069772017,0.75,False,0.9,1.0,0.150123648869129,2,2,1.9444444444444444
test,47025,15,6597069772017,0.9,False,0.95,1.0,0.07606199459950867,1,1,1.263157894736842
test,47025,15,6597069772017,1.0,True,1.0,0.0,0.0,0,0,0.0
test,47025,16,30786325578215,0.25,False,0.7,1.0,0.4262740255685141,6,6,5.142857142857143
test,47025,16,30786325578215,0.5,False,0.85,1.0,0.25455681346582165,3,3,3.7058823529411766
test,47025,16,30786325578215,0.75,False,0.95,1.0,0.12845477266888078,1,1,2.9473684210526314
test,47025,16,30786325578215,0.9,False,0.9,1.0,0.1404328842316,2,2,1.6666666666666667
test,47025,16,30786325578215,1.0,True,1.0,0.0,0.0,0,0,0.0
test,47025,17,24189255818308,0.25,False,0.55,1.0,0.5122035915650374,9,9,1.7272727272727273
test,47025,17,24189255818308,0.5,False,0.75,1.0,0.32321032312032216,5,5,3.466666666666667
test,47025,17,24189255818308,0.75,False,0.85,1.0,0.20745563538950146,3,3,2.235294117647059
test,47025,17,24189255818308,0.9,False,0.95,1.0,0.0896404771772379,1,1,1.4210526315789473
test,47025,17,24189255818308,1.0,True,1.0,0.0,0.0,0,0,0.0
test,47025,18,15393162789346,0.25,False,0.45,1.0,0.6156491103747201,11,11,3.888888888888889
test,47025,18,15393162789346,0.5,False,0.7,1.0,0.3677709838724369,6,6,3.357142857142857
test,47025,18,15393162789346,0.75,False,0.95,1.0,0.10719365903447356,1,1,2.6842105263157894
test,47025,18,15393162789346,0.9,False,0.9,1.0,0.12998647395631277,2,2,1.4444444444444444
test,47025,18,15393162789346,1.0,True,1.0,0.0,0.0,0,0,0.0
test,47025,19,26388279069359,0.25,False,0.6,1.0,0.469631350029461,8,8,1.8333333333333333
test,47025,19,26388279069359,0.5,False,0.7,1.0,0.37353415718115673,6,6,3.0
test,47025,19,26388279069359,0.75,False,0.85,1.0,0.20373021981823403,3,3,1.8235294117647058
test,47025,19,26388279069359,0.9,False,0.95,1.0,0.07717521070251093,1,1,0.8421052631578947
test,47025,19,26388279069359,1.0,True,1.0,0.0,0.0,0,0,0.0
test,47026,0,2199023262215,0.25,False,0.7,1.0,0.4447017383430826,6,6,3.7142857142857144
test,47026,0,2199023262215,0.5,False,0.8,1.0,0.26966324942257985,4,4,1.875
test,47026,0,2199023262215,0.75,False,0.95,1.0,0.1018313419113455,1,1,2.473684210526316
test,47026,0,2199023262215,0.9,True,1.0,0.11111111111111105,0.03799067016730302,0,0,1.3
test,47026,0,2199023262215,1.0,True,1.0,0.0,0.0,0,0,0.0
test,47026,1,10995116281525,0.25,False,0.65,1.0,0.5774712392843309,7,7,4.615384615384615
test,47026,1,10995116281525,0.5,False,0.7,1.0,0.43655670173726546,6,6,4.0
test,47026,1,10995116281525,0.75,False,0.9,1.0,0.17220407034535443,2,2,2.5
test,47026,1,10995116281525,0.9,False,0.95,1.0,0.08519358808099721,1,1,1.105263157894737
test,47026,1,10995116281525,1.0,True,1.0,0.0,0.0,0,0,0.0
test,47026,2,17592186053645,0.25,False,0.65,1.0,0.4537068986280226,7,7,4.0
test,47026,2,17592186053645,0.5,False,0.75,1.0,0.35553149067928363,5,5,3.8
test,47026,2,17592186053645,0.75,False,0.8,1.0,0.262750070389343,4,4,2.0
test,47026,2,17592186053645,0.9,False,0.9,1.0,0.13250949639076132,2,2,1.2777777777777777
test,47026,2,17592186053645,1.0,True,1.0,0.0,0.0,0,0,0.0
test,47026,3,28587302328950,0.25,False,0.65,1.0,0.49132228002081446,7,7,2.4615384615384617
test,47026,3,28587302328950,0.5,False,0.75,1.0,0.3538237066865179,5,5,4.4
test,47026,3,28587302328950,0.75,False,0.85,1.0,0.20994676223330178,3,3,1.9411764705882353
test,47026,3,28587302328950,0.9,False,0.95,1.0,0.08684997508771833,1,1,1.5263157894736843
test,47026,3,28587302328950,1.0,True,1.0,0.0,0.0,0,0,0.0
test,47026,4,15393162793550,0.25,False,0.7,1.0,0.44215233442725976,6,6,3.7142857142857144
test,47026,4,15393162793550,0.5,False,0.75,1.0,0.3238728403158714,5,5,3.1333333333333333
test,47026,4,15393162793550,0.75,False,0.85,1.0,0.2119041702215593,3,3,2.176470588235294
test,47026,4,15393162793550,0.9,False,0.95,1.0,0.09327067318758576,1,1,1.7894736842105263
test,47026,4,15393162793550,1.0,True,1.0,0.0,0.0,0,0,0.0
test,47026,5,30786325579731,0.25,False,0.7,1.0,0.41121895180713697,6,6,3.142857142857143
test,47026,5,30786325579731,0.5,False,0.85,1.0,0.23791707622786276,3,3,1.9411764705882353
test,47026,5,30786325579731,0.75,False,0.9,1.0,0.14892113579896302,2,2,1.4444444444444444
test,47026,5,30786325579731,0.9,False,0.95,1.0,0.08360305354602504,1,1,1.368421052631579
test,47026,5,30786325579731,1.0,True,1.0,0.0,0.0,0,0,0.0
test,47026,6,13194139533366,0.25,True,1.0,0.0,0.0,0,0,0.0
test,47026,6,13194139533366,0.5,True,1.0,0.0,0.0,0,0,0.0
test,47026,6,13194139533366,0.75,True,1.0,0.0,0.0,0,0,0.0
test,47026,6,13194139533366,0.9,True,1.0,0.0,0.0,0,0,0.0
test,47026,6,13194139533366,1.0,True,1.0,0.0,0.0,0,0,0.0
test,47026,7,21990232564633,0.25,False,0.7,1.0,0.42870712086727647,6,6,3.642857142857143
test,47026,7,21990232564633,0.5,False,0.65,1.0,0.4145748800836597,7,7,2.0
test,47026,7,21990232564633,0.75,False,0.9,1.0,0.13952513289006346,2,2,0.8888888888888888
test,47026,7,21990232564633,0.9,False,0.9,1.0,0.13224814046544556,2,2,0.7222222222222222
test,47026,7,21990232564633,1.0,True,1.0,0.0,0.0,0,0,0.0
test,47026,8,30786325577964,0.25,False,0.45,1.0,0.6329052809935163,11,11,3.3333333333333335
test,47026,8,30786325577964,0.5,False,0.55,1.0,0.5538772950905304,9,9,3.5454545454545454
test,47026,8,30786325577964,0.75,False,0.85,1.0,0.21975052452993632,3,3,2.7058823529411766
test,47026,8,30786325577964,0.9,False,0.9,1.0,0.1578692209206915,2,2,2.5
test,47026,8,30786325577964,1.0,True,1.0,0.0,0.0,0,0,0.0
test,47026,9,2199023256351,0.25,False,0.7,1.0,0.3967176267175144,6,6,2.857142857142857
test,47026,9,2199023256351,0.5,False,0.8,1.0,0.2655133683001886,4,4,2.1875
test,47026,9,2199023256351,0.75,False,0.95,1.0,0.10584472479769975,1,1,2.0526315789473686
test,47026,9,2199023256351,0.9,False,0.9,1.0,0.12774817634010807,2,2,1.3333333333333333
test,47026,9,2199023256351,1.0,True,1.0,0.0,0.0,0,0,0.0
test,47026,10,32985348835319,0.25,False,0.75,1.0,0.36927422325573744,5,5,2.8
test,47026,10,32985348835319,0.5,False,0.8,1.0,0.26590197364930385,4,4,2.0625
test,47026,10,32985348835319,0.75,False,0.85,1.0,0.2015113288036996,3,3,1.411764705882353
test,47026,10,32985348835319,0.9,False,0.85,1.0,0.18825722851600452,3,3,1.0588235294117647
test,47026,10,32985348835319,1.0,True,1.0,0.0,0.0,0,0,0.0
test,47026,11,28587302324330,0.25,False,0.7,1.0,0.453933802040458,6,6,4.642857142857143
test,47026,11,28587302324330,0.5,False,0.75,1.0,0.31451984774590774,5,5,2.2666666666666666
test,47026,11,28587302324330,0.75,False,0.85,1.0,0.20810169348244906,3,3,1.7058823529411764
test,47026,11,28587302324330,0.9,False,0.9,1.0,0.1342128418634407,2,2,1.2777777777777777
test,47026,11,28587302324330,1.0,True,1.0,0.0,0.0,0,0,0.0
test,47026,12,28587302331918,0.25,False,0.65,1.0,0.49029669818051014,7,7,3.076923076923077
test,47026,12,28587302331918,0.5,False,0.8,1.0,0.26477886459259053,4,4,2.0
test,47026,12,28587302331918,0.75,False,0.85,1.0,0.18524246100444633,3,3,1.5294117647058822
test,47026,12,28587302331918,0.9,False,0.95,1.0,0.07936751800006163,1,1,1.105263157894737
test,47026,12,28587302331918,1.0,True,1.0,0.0,0.0,0,0,0.0
test,47026,13,4398046519752,0.25,False,0.65,1.0,0.45238789826273623,7,7,3.3846153846153846
test,47026,13,4398046519752,0.5,False,0.75,1.0,0.31475091919711834,5,5,2.1333333333333333
test,47026,13,4398046519752,0.75,False,0.8,1.0,0.24307813451459043,4,4,1.875
test,47026,13,4398046519752,0.9,False,0.9,1.0,0.12958876669763852,2,2,0.8333333333333334
test,47026,13,4398046519752,1.0,True,1.0,0.0,0.0,0,0,0.0
test,47026,14,32985348841588,0.25,True,1.0,0.0,0.0,0,0,0.0
test,47026,14,32985348841588,0.5,True,1.0,0.0,0.0,0,0,0.0
test,47026,14,32985348841588,0.75,True,1.0,0.0,0.0,0,0,0.0
test,47026,14,32985348841588,0.9,True,1.0,0.0,0.0,0,0,0.0
test,47026,14,32985348841588,1.0,True,1.0,0.0,0.0,0,0,0.0
test,47026,15,6597069772017,0.25,False,0.6,1.0,0.4591080121407022,8,8,2.0
test,47026,15,6597069772017,0.5,False,0.65,1.0,0.40141739224347955,7,7,1.1538461538461537
test,47026,15,6597069772017,0.75,False,0.85,1.0,0.19610791862269883,3,3,1.9411764705882353
test,47026,15,6597069772017,0.9,False,0.95,1.0,0.08500088268052633,1,1,1.1578947368421053
test,47026,15,6597069772017,1.0,True,1.0,0.0,0.0,0,0,0.0
test,47026,16,30786325578215,0.25,False,0.5,1.0,0.6185343708648865,10,10,2.2
test,47026,16,30786325578215,0.5,False,0.6,1.0,0.4520831223244362,8,8,2.0833333333333335
test,47026,16,30786325578215,0.75,False,0.8,1.0,0.275592983082618,4,4,2.6875
test,47026,16,30786325578215,0.9,False,0.9,1.0,0.14353811204293523,2,2,2.1666666666666665
test,47026,16,30786325578215,1.0,True,1.0,0.0,0.0,0,0,0.0
test,47026,17,24189255818308,0.25,False,0.8,1.0,0.34771775718465353,4,4,5.1875
test,47026,17,24189255818308,0.5,False,0.75,1.0,0.3419809690451378,5,5,2.066666666666667
test,47026,17,24189255818308,0.75,False,0.9,1.0,0.17561338238399415,2,2,2.7222222222222223
test,47026,17,24189255818308,0.9,False,0.95,1.0,0.0931027830765081,1,1,0.9473684210526315
test,47026,17,24189255818308,1.0,True,1.0,0.0,0.0,0,0,0.0
test,47026,18,15393162789346,0.25,False,0.7,1.0,0.426476950769685,6,6,3.2142857142857144
test,47026,18,15393162789346,0.5,False,0.7,1.0,0.3650223033058023,6,6,2.642857142857143
test,47026,18,15393162789346,0.75,False,0.95,1.0,0.12003980083491987,1,1,2.8421052631578947
test,47026,18,15393162789346,0.9,False,0.9,1.0,0.14196449595385766,2,2,1.5555555555555556
test,47026,18,15393162789346,1.0,True,1.0,0.0,0.0,0,0,0.0
test,47026,19,26388279069359,0.25,False,0.65,1.0,0.44340890156688345,7,7,2.1538461538461537
test,47026,19,26388279069359,0.5,False,0.8,1.0,0.2847530194494335,4,4,2.0
test,47026,19,26388279069359,0.75,False,0.85,1.0,0.19921696129161723,3,3,1.588235294117647
test,47026,19,26388279069359,0.9,False,0.85,1.0,0.18227542119064888,3,3,1.2352941176470589
test,47026,19,26388279069359,1.0,True,1.0,0.0,0.0,0,0,0.0
test,47027,0,2199023262215,0.25,False,0.7,1.0,0.4372004588343629,6,6,5.071428571428571
test,47027,0,2199023262215,0.5,False,0.85,1.0,0.2599588673313169,3,3,3.823529411764706
test,47027,0,2199023262215,0.75,False,0.95,1.0,0.10508605977979828,1,1,2.1052631578947367
test,47027,0,2199023262215,0.9,False,0.95,1.0,0.08487531074426313,1,1,1.631578947368421
test,47027,0,2199023262215,1.0,True,1.0,0.0,0.0,0,0,0.0
test,47027,1,10995116281525,0.25,False,0.85,1.0,0.3854236850840851,3,3,2.764705882352941
test,47027,1,10995116281525,0.5,False,0.85,1.0,0.2416398518023664,3,3,1.411764705882353
test,47027,1,10995116281525,0.75,False,0.8,1.0,0.26428075305996435,4,4,2.3125
test,47027,1,10995116281525,0.9,False,0.9,1.0,0.14558389313068595,2,2,1.7777777777777777
test,47027,1,10995116281525,1.0,True,1.0,0.0,0.0,0,0,0.0
test,47027,2,17592186053645,0.25,False,0.65,1.0,0.4785590689473187,7,7,4.076923076923077
test,47027,2,17592186053645,0.5,False,0.75,1.0,0.32957523809378064,5,5,4.0
test,47027,2,17592186053645,0.75,False,0.9,1.0,0.15044058224217413,2,2,2.9444444444444446
test,47027,2,17592186053645,0.9,False,0.95,1.0,0.08213063006459333,1,1,1.631578947368421
test,47027,2,17592186053645,1.0,True,1.0,0.0,0.0,0,0,0.0
test,47027,3,28587302328950,0.25,False,0.55,1.0,0.5725593281420468,9,9,6.090909090909091
test,47027,3,28587302328950,0.5,False,0.85,1.0,0.22644549612276124,3,3,4.0
test,47027,3,28587302328950,0.75,False,0.85,1.0,0.18640396646602936,3,3,2.5294117647058822
test,47027,3,28587302328950,0.9,False,0.95,1.0,0.07845208637915861,1,1,1.4736842105263157
test,47027,3,28587302328950,1.0,True,1.0,0.0,0.0,0,0,0.0
test,47027,4,15393162793550,0.25,False,0.7,1.0,0.4081353817410246,6,6,2.7857142857142856
test,47027,4,15393162793550,0.5,False,0.75,1.0,0.3410705884682374,5,5,3.0
test,47027,4,15393162793550,0.75,False,0.8,1.0,0.2413808216533276,4,4,2.1875
test,47027,4,15393162793550,0.9,False,0.9,1.0,0.13726809714769708,2,2,1.6111111111111112
test,47027,4,15393162793550,1.0,True,1.0,0.0,0.0,0,0,0.0
test,47027,5,30786325579731,0.25,False,0.7,1.0,0.3993043974929852,6,6,3.642857142857143
test,47027,5,30786325579731,0.5,False,0.8,1.0,0.2785226724772312,4,4,2.75
test,47027,5,30786325579731,0.75,False,0.8,1.0,0.22706270163549536,4,4,1.0
test,47027,5,30786325579731,0.9,False,0.95,1.0,0.08314330629575704,1,1,1.4736842105263157
test,47027,5,30786325579731,1.0,True,1.0,0.0,0.0,0,0,0.0
test,47027,6,13194139533366,0.25,True,1.0,0.0,0.0,0,0,0.0
test,47027,6,13194139533366,0.5,True,1.0,0.0,0.0,0,0,0.0
test,47027,6,13194139533366,0.75,True,1.0,0.0,0.0,0,0,0.0
test,47027,6,13194139533366,0.9,True,1.0,0.0,0.0,0,0,0.0
test,47027,6,13194139533366,1.0,True,1.0,0.0,0.0,0,0,0.0
test,47027,7,21990232564633,0.25,False,0.7,1.0,0.4284464223366807,6,6,3.642857142857143
test,47027,7,21990232564633,0.5,False,0.75,1.0,0.33843144828399785,5,5,2.8
test,47027,7,21990232564633,0.75,False,0.85,1.0,0.19614234993000695,3,3,1.588235294117647
test,47027,7,21990232564633,0.9,False,0.95,1.0,0.08371856055407881,1,1,1.2105263157894737
test,47027,7,21990232564633,1.0,True,1.0,0.0,0.0,0,0,0.0
test,47027,8,30786325577964,0.25,False,0.5,1.1538461538461537,0.7564675602175602,10,10,3.5
test,47027,8,30786325577964,0.5,False,0.75,1.0,0.4336508140552258,5,5,3.0
test,47027,8,30786325577964,0.75,False,0.85,1.0,0.2793362247774013,3,3,2.6470588235294117
test,47027,8,30786325577964,0.9,False,0.95,1.0,0.13246387780701505,1,1,2.0
test,47027,8,30786325577964,1.0,True,1.0,0.0,0.0,0,0,0.0
test,47027,9,2199023256351,0.25,False,0.75,1.0,0.3430248579499088,5,5,2.066666666666667
test,47027,9,2199023256351,0.5,False,0.8,1.0,0.288087980396753,4,4,3.1875
test,47027,9,2199023256351,0.75,False,0.85,1.0,0.18417595111017965,3,3,1.411764705882353
test,47027,9,2199023256351,0.9,False,0.9,1.0,0.12513235639683068,2,2,1.0
test,47027,9,2199023256351,1.0,True,1.0,0.0,0.0,0,0,0.0
test,47027,10,32985348835319,0.25,False,0.75,1.0,0.3544219928134087,5,5,2.8
test,47027,10,32985348835319,0.5,False,0.8,1.0,0.2675991811147508,4,4,2.0625
test,47027,10,32985348835319,0.75,False,0.85,1.0,0.18960474611654424,3,3,1.2352941176470589
test,47027,10,32985348835319,0.9,False,0.85,1.0,0.1741037077044668,3,3,0.7058823529411765
test,47027,10,32985348835319,1.0,True,1.0,0.0,0.0,0,0,0.0
test,47027,11,28587302324330,0.25,False,0.8,1.0,0.37063863507807415,4,4,4.5
test,47027,11,28587302324330,0.5,False,0.85,1.0,0.2669288974347775,3,3,2.8823529411764706
test,47027,11,28587302324330,0.75,False,0.9,1.0,0.14876128864360383,2,2,1.6666666666666667
test,47027,11,28587302324330,0.9,False,0.95,1.0,0.08487495787769138,1,1,0.9473684210526315
test,47027,11,28587302324330,1.0,True,1.0,0.0,0.0,0,0,0.0
test,47027,12,28587302331918,0.25,False,0.65,1.0,0.44628394071243616,7,7,3.230769230769231
test,47027,12,28587302331918,0.5,False,0.8,1.0,0.2751816345287435,4,4,2.0625
test,47027,12,28587302331918,0.75,False,0.8,1.0,0.23857615713014863,4,4,1.375
test,47027,12,28587302331918,0.9,False,0.9,1.0,0.12974592301117266,2,2,1.0555555555555556
test,47027,12,28587302331918,1.0,True,1.0,0.0,0.0,0,0,0.0
test,47027,13,4398046519752,0.25,False,0.75,1.0,0.4009849856647583,5,5,4.2
test,47027,13,4398046519752,0.5,False,0.85,1.0,0.24504719476305992,3,3,2.9411764705882355
test,47027,13,4398046519752,0.75,False,0.9,1.0,0.15939048326958313,2,2,2.0
test,47027,13,4398046519752,0.9,False,0.9,1.0,0.13844995660184595,2,2,1.7777777777777777
test,47027,13,4398046519752,1.0,True,1.0,0.0,0.0,0,0,0.0
test,47027,14,32985348841588,0.25,True,1.0,0.0,0.0,0,0,0.0
test,47027,14,32985348841588,0.5,True,1.0,0.0,0.0,0,0,0.0
test,47027,14,32985348841588,0.75,True,1.0,0.0,0.0,0,0,0.0
test,47027,14,32985348841588,0.9,True,1.0,0.0,0.0,0,0,0.0
test,47027,14,32985348841588,1.0,True,1.0,0.0,0.0,0,0,0.0
test,47027,15,6597069772017,0.25,False,0.65,1.0,0.40904323635535,7,7,2.076923076923077
test,47027,15,6597069772017,0.5,False,0.75,1.0,0.32551774491543717,5,5,2.2
test,47027,15,6597069772017,0.75,False,0.9,1.0,0.14895998175456507,2,2,1.6666666666666667
test,47027,15,6597069772017,0.9,False,0.9,1.0,0.1281968703710832,2,2,1.1111111111111112
test,47027,15,6597069772017,1.0,True,1.0,0.0,0.0,0,0,0.0
test,47027,16,30786325578215,0.25,False,0.8,1.0,0.39954603256874244,4,4,4.75
test,47027,16,30786325578215,0.5,False,0.85,1.0,0.25342296853181184,3,3,3.235294117647059
test,47027,16,30786325578215,0.75,False,0.95,1.0,0.1204537809628197,1,1,3.1052631578947367
test,47027,16,30786325578215,0.9,True,1.0,0.17562724014336925,0.04133918049003022,0,0,1.8
test,47027,16,30786325578215,1.0,True,1.0,0.0,0.0,0,0,0.0
test,47027,17,24189255818308,0.25,False,0.5,1.0,0.6169752054764734,10,10,3.7
test,47027,17,24189255818308,0.5,False,0.7,1.0,0.3877423321608795,6,6,2.5714285714285716
test,47027,17,24189255818308,0.75,False,0.7,1.0,0.3305935155494605,6,6,1.2142857142857142
test,47027,17,24189255818308,0.9,False,0.9,1.0,0.14204261241335378,2,2,1.0555555555555556
test,47027,17,24189255818308,1.0,True,1.0,0.0,0.0,0,0,0.0
test,47027,18,15393162789346,0.25,False,0.6,1.0,0.49295718840347796,8,8,2.75
test,47027,18,15393162789346,0.5,False,0.8,1.0,0.2854589414309835,4,4,3.5625
test,47027,18,15393162789346,0.75,False,0.9,1.0,0.14446377350069345,2,2,2.9444444444444446
test,47027,18,15393162789346,0.9,False,0.95,1.0,0.0894201589654487,1,1,2.0
test,47027,18,15393162789346,1.0,True,1.0,0.0,0.0,0,0,0.0
test,47027,19,26388279069359,0.25,False,0.6,1.0,0.5240617308799457,8,8,2.3333333333333335
test,47027,19,26388279069359,0.5,False,0.65,1.0,0.41551806742064257,7,7,1.6923076923076923
test,47027,19,26388279069359,0.75,False,0.8,1.0,0.2315929071142019,4,4,1.375
test,47027,19,26388279069359,0.9,False,0.95,1.0,0.0813096094201379,1,1,1.4210526315789473
test,47027,19,26388279069359,1.0,True,1.0,0.0,0.0,0,0,0.0
test,47028,0,2199023262215,0.25,False,0.75,1.0,0.3812322557067019,5,5,3.0
test,47028,0,2199023262215,0.5,False,0.85,1.0,0.2463110084212709,3,3,2.6470588235294117
test,47028,0,2199023262215,0.75,False,0.9,1.0,0.15702030432180797,2,2,1.7222222222222223
test,47028,0,2199023262215,0.9,False,0.95,1.0,0.09079937223348572,1,1,1.4210526315789473
test,47028,0,2199023262215,1.0,True,1.0,0.0,0.0,0,0,0.0
test,47028,1,10995116281525,0.25,False,0.7,1.0,0.4475535970468122,6,6,3.7857142857142856
test,47028,1,10995116281525,0.5,False,0.7,1.0,0.39263620448145325,6,6,4.357142857142857
test,47028,1,10995116281525,0.75,False,0.9,1.0,0.16515751701786952,2,2,3.0555555555555554
test,47028,1,10995116281525,0.9,False,0.95,1.0,0.10522325934303116,1,1,2.4210526315789473
test,47028,1,10995116281525,1.0,True,1.0,0.0,0.0,0,0,0.0
test,47028,2,17592186053645,0.25,False,0.75,1.0,0.41638963221164965,5,5,3.933333333333333
test,47028,2,17592186053645,0.5,False,0.7,1.0,0.3469153744718059,6,6,2.0714285714285716
test,47028,2,17592186053645,0.75,False,0.85,1.0,0.21185402436770392,3,3,3.764705882352941
test,47028,2,17592186053645,0.9,True,1.0,0.1666666666666667,0.043248581335043154,0,0,2.0
test,47028,2,17592186053645,1.0,True,1.0,0.0,0.0,0,0,0.0
test,47028,3,28587302328950,0.25,False,0.6,1.0,0.49662384835203116,8,8,4.916666666666667
test,47028,3,28587302328950,0.5,False,0.8,1.0,0.267275488844656,4,4,3.0
test,47028,3,28587302328950,0.75,False,0.75,1.0,0.29073884312333986,5,5,2.3333333333333335
test,47028,3,28587302328950,0.9,False,0.95,1.0,0.0848322031500036,1,1,2.0
test,47028,3,28587302328950,1.0,True,1.0,0.0,0.0,0,0,0.0
test,47028,4,15393162793550,0.25,False,0.7,1.0,0.40100122998191556,6,6,3.142857142857143
test,47028,4,15393162793550,0.5,False,0.85,1.0,0.24380363787457454,3,3,2.5294117647058822
test,47028,4,15393162793550,0.75,False,0.75,1.0,0.28811339453568646,5,5,1.0666666666666667
test,47028,4,15393162793550,0.9,False,0.95,1.0,0.08875583849177945,1,1,1.5263157894736843
test,47028,4,15393162793550,1.0,True,1.0,0.0,0.0,0,0,0.0
test,47028,5,30786325579731,0.25,False,0.7,1.0,0.38917464570164245,6,6,2.142857142857143
test,47028,5,30786325579731,0.5,False,0.85,1.0,0.24012155984724748,3,3,3.0
test,47028,5,30786325579731,0.75,False,0.9,1.0,0.1604319460227043,2,2,1.6111111111111112
test,47028,5,30786325579731,0.9,False,0.9,1.0,0.1351437942251176,2,2,1.1666666666666667
test,47028,5,30786325579731,1.0,True,1.0,0.0,0.0,0,0,0.0
test,47028,6,13194139533366,0.25,True,1.0,0.0,0.0,0,0,0.0
test,47028,6,13194139533366,0.5,True,1.0,0.0,0.0,0,0,0.0
test,47028,6,13194139533366,0.75,True,1.0,0.0,0.0,0,0,0.0
test,47028,6,13194139533366,0.9,True,1.0,0.0,0.0,0,0,0.0
test,47028,6,13194139533366,1.0,True,1.0,0.0,0.0,0,0,0.0
test,47028,7,21990232564633,0.25,False,0.65,1.0,0.4753359416983036,7,7,4.923076923076923
test,47028,7,21990232564633,0.5,False,0.8,1.0,0.28273318506062317,4,4,3.6875
test,47028,7,21990232564633,0.75,False,0.85,1.0,0.18603678649995156,3,3,1.7058823529411764
test,47028,7,21990232564633,0.9,False,0.85,1.0,0.17627497786022278,3,3,1.0
test,47028,7,21990232564633,1.0,True,1.0,0.0,0.0,0,0,0.0
test,47028,8,30786325577964,0.25,False,0.55,1.0,0.6913226397785222,9,9,3.8181818181818183
test,47028,8,30786325577964,0.5,False,0.75,1.0,0.41645930866519104,5,5,3.6666666666666665
test,47028,8,30786325577964,0.75,False,0.8,1.0,0.32435299177946236,4,4,3.375
test,47028,8,30786325577964,0.9,False,0.9,1.0,0.17262479713460105,2,2,2.0555555555555554
test,47028,8,30786325577964,1.0,True,1.0,0.0,0.0,0,0,0.0
test,47028,9,2199023256351,0.25,False,0.6,1.0,0.509059826381774,8,8,3.6666666666666665
test,47028,9,2199023256351,0.5,False,0.8,1.0,0.2654656462383063,4,4,2.1875
test,47028,9,2199023256351,0.75,False,0.85,1.0,0.1990742445240316,3,3,1.7647058823529411
test,47028,9,2199023256351,0.9,False,0.85,1.0,0.17847020534883343,3,3,1.3529411764705883
test,47028,9,2199023256351,1.0,True,1.0,0.0,0.0,0,0,0.0
test,47028,10,32985348835319,0.25,False,0.75,1.0,0.38735133025529084,5,5,3.2666666666666666
test,47028,10,32985348835319,0.5,False,0.8,1.0,0.2719972254218881,4,4,1.8125
test,47028,10,32985348835319,0.75,False,0.95,1.0,0.10004110861268986,1,1,1.631578947368421
test,47028,10,32985348835319,0.9,False,0.95,1.0,0.08529527093242789,1,1,1.263157894736842
test,47028,10,32985348835319,1.0,True,1.0,0.0,0.0,0,0,0.0
test,47028,11,28587302324330,0.25,False,0.65,1.0,0.4810926723669386,7,7,2.8461538461538463
test,47028,11,28587302324330,0.5,False,0.8,1.0,0.273163222081095,4,4,2.125
test,47028,11,28587302324330,0.75,False,0.85,1.0,0.19939828224612,3,3,1.6470588235294117
test,47028,11,28587302324330,0.9,False,0.9,1.0,0.14003311096931761,2,2,1.2777777777777777
test,47028,11,28587302324330,1.0,True,1.0,0.0,0.0,0,0,0.0
test,47028,12,28587302331918,0.25,False,0.8,1.0,0.334381154035288,4,4,2.6875
test,47028,12,28587302331918,0.5,False,0.85,1.0,0.22921469774274578,3,3,1.8235294117647058
test,47028,12,28587302331918,0.75,False,0.9,1.0,0.15031816647729868,2,2,1.2222222222222223
test,47028,12,28587302331918,0.9,False,0.95,1.0,0.09184488870427521,1,1,0.9473684210526315
test,47028,12,28587302331918,1.0,True,1.0,0.0,0.0,0,0,0.0
test,47028,13,4398046519752,0.25,False,0.65,1.0,0.48027884395300313,7,7,3.0
test,47028,13,4398046519752,0.5,False,0.85,1.0,0.23346663994207803,3,3,2.411764705882353
test,47028,13,4398046519752,0.75,False,0.9,1.0,0.1669542840841505,2,2,2.5
test,47028,13,4398046519752,0.9,False,0.95,1.0,0.09649034811793678,1,1,1.4210526315789473
test,47028,13,4398046519752,1.0,True,1.0,0.0,0.0,0,0,0.0
test,47028,14,32985348841588,0.25,True,1.0,0.0,0.0,0,0,0.0
test,47028,14,32985348841588,0.5,True,1.0,0.0,0.0,0,0,0.0
test,47028,14,32985348841588,0.75,True,1.0,0.0,0.0,0,0,0.0
test,47028,14,32985348841588,0.9,True,1.0,0.0,0.0,0,0,0.0
test,47028,14,32985348841588,1.0,True,1.0,0.0,0.0,0,0,0.0
test,47028,15,6597069772017,0.25,False,0.65,1.0,0.4573845095713411,7,7,2.0
test,47028,15,6597069772017,0.5,False,0.75,1.0,0.3106014886283298,5,5,2.4
test,47028,15,6597069772017,0.75,False,0.85,1.0,0.19440933116742692,3,3,1.411764705882353
test,47028,15,6597069772017,0.9,False,0.9,1.0,0.13650179373596155,2,2,1.6666666666666667
test,47028,15,6597069772017,1.0,True,1.0,0.0,0.0,0,0,0.0
test,47028,16,30786325578215,0.25,False,0.7,1.0,0.4518245810837773,6,6,2.5
test,47028,16,30786325578215,0.5,False,0.7,1.0,0.38737825709964857,6,6,2.0
test,47028,16,30786325578215,0.75,False,0.9,1.0,0.1638224799657552,2,2,1.5
test,47028,16,30786325578215,0.9,False,0.95,1.0,0.0970054651836927,1,1,2.210526315789474
test,47028,16,30786325578215,1.0,True,1.0,0.0,0.0,0,0,0.0
test,47028,17,24189255818308,0.25,False,0.75,1.0,0.36358624408645696,5,5,2.6666666666666665
test,47028,17,24189255818308,0.5,False,0.85,1.0,0.2543171238594817,3,3,3.176470588235294
test,47028,17,24189255818308,0.75,False,0.9,1.0,0.16514810918072215,2,2,2.2222222222222223
test,47028,17,24189255818308,0.9,False,0.9,1.0,0.1345491142111792,2,2,0.7777777777777778
test,47028,17,24189255818308,1.0,True,1.0,0.0,0.0,0,0,0.0
test,47028,18,15393162789346,0.25,False,0.65,1.0,0.4979039526615524,7,7,4.6923076923076925
test,47028,18,15393162789346,0.5,False,0.75,1.0,0.3395431225885942,5,5,4.066666666666666
test,47028,18,15393162789346,0.75,False,0.85,1.0,0.2047850210657137,3,3,2.9411764705882355
test,47028,18,15393162789346,0.9,False,0.95,1.0,0.0889636951815486,1,1,1.5263157894736843
test,47028,18,15393162789346,1.0,True,1.0,0.0,0.0,0,0,0.0
test,47028,19,26388279069359,0.25,False,0.75,1.0,0.3645633145146187,5,5,1.3333333333333333
test,47028,19,26388279069359,0.5,False,0.8,1.0,0.2656641870530342,4,4,1.1875
test,47028,19,26388279069359,0.75,False,0.9,1.0,0.14855677432837106,2,2,0.8333333333333334
test,47028,19,26388279069359,0.9,False,0.85,1.0,0.18317475504028266,3,3,0.6470588235294118
test,47028,19,26388279069359,1.0,True,1.0,0.0,0.0,0,0,0.0
test,47029,0,2199023262215,0.25,False,0.75,1.0,0.4345964503438687,5,5,5.333333333333333
test,47029,0,2199023262215,0.5,False,0.85,1.0,0.25130649657439336,3,3,4.411764705882353
test,47029,0,2199023262215,0.75,False,0.95,1.0,0.10250256707457255,1,1,2.789473684210526
test,47029,0,2199023262215,0.9,False,0.95,1.0,0.07406204504884176,1,1,1.631578947368421
test,47029,0,2199023262215,1.0,True,1.0,0.0,0.0,0,0,0.0
test,47029,1,10995116281525,0.25,False,0.6,1.0,0.5554942842477046,8,8,2.6666666666666665
test,47029,1,10995116281525,0.5,False,0.7,1.0,0.3731728061367906,6,6,2.0714285714285716
test,47029,1,10995116281525,0.75,False,0.8,1.0,0.2613698078350715,4,4,2.125
test,47029,1,10995116281525,0.9,False,0.95,1.0,0.08468033742751663,1,1,1.3157894736842106
test,47029,1,10995116281525,1.0,True,1.0,0.0,0.0,0,0,0.0
test,47029,2,17592186053645,0.25,False,0.7,1.0,0.42408446881664263,6,6,4.571428571428571
test,47029,2,17592186053645,0.5,False,0.8,1.0,0.3001268073198104,4,4,4.25
test,47029,2,17592186053645,0.75,False,0.9,1.0,0.15567326492638392,2,2,2.6666666666666665
test,47029,2,17592186053645,0.9,False,0.95,1.0,0.0744601033701526,1,1,0.9473684210526315
test,47029,2,17592186053645,1.0,True,1.0,0.0,0.0,0,0,0.0
test,47029,3,28587302328950,0.25,False,0.65,1.0,0.45916217041051655,7,7,3.8461538461538463
test,47029,3,28587302328950,0.5,False,0.75,1.0,0.3189895452312489,5,5,3.066666666666667
test,47029,3,28587302328950,0.75,False,0.8,1.0,0.2563756126921298,4,4,2.875
test,47029,3,28587302328950,0.9,False,0.85,1.0,0.18748416493495995,3,3,1.8235294117647058
test,47029,3,28587302328950,1.0,True,1.0,0.0,0.0,0,0,0.0
test,47029,4,15393162793550,0.25,False,0.45,1.0,0.6192700136305352,11,11,3.2222222222222223
test,47029,4,15393162793550,0.5,False,0.7,1.0,0.3273892543423672,6,6,1.5
test,47029,4,15393162793550,0.75,False,0.75,1.0,0.304710138249253,5,5,1.8666666666666667
test,47029,4,15393162793550,0.9,False,0.95,1.0,0.0850352210901735,1,1,1.263157894736842
test,47029,4,15393162793550,1.0,True,1.0,0.0,0.0,0,0,0.0
test,47029,5,30786325579731,0.25,False,0.75,1.0,0.40115735708549893,5,5,4.333333333333333
test,47029,5,30786325579731,0.5,False,0.75,1.0,0.3221658206857676,5,5,2.8666666666666667
test,47029,5,30786325579731,0.75,False,0.9,1.0,0.1503181108326325,2,2,1.8333333333333333
test,47029,5,30786325579731,0.9,False,0.9,1.0,0.13231284114610048,2,2,1.2777777777777777
test,47029,5,30786325579731,1.0,True,1.0,0.0,0.0,0,0,0.0
test,47029,6,13194139533366,0.25,True,1.0,0.0,0.0,0,0,0.0
test,47029,6,13194139533366,0.5,True,1.0,0.0,0.0,0,0,0.0
test,47029,6,13194139533366,0.75,True,1.0,0.0,0.0,0,0,0.0
test,47029,6,13194139533366,0.9,True,1.0,0.0,0.0,0,0,0.0
test,47029,6,13194139533366,1.0,True,1.0,0.0,0.0,0,0,0.0
test,47029,7,21990232564633,0.25,False,0.7,1.0,0.4428039039517747,6,6,4.928571428571429
test,47029,7,21990232564633,0.5,False,0.8,1.0,0.2602500759375798,4,4,1.8125
test,47029,7,21990232564633,0.75,False,0.9,1.0,0.15825687538989305,2,2,1.8888888888888888
test,47029,7,21990232564633,0.9,False,0.95,1.0,0.07927980178519413,1,1,1.0
test,47029,7,21990232564633,1.0,True,1.0,0.0,0.0,0,0,0.0
test,47029,8,30786325577964,0.25,False,0.55,1.2222222222222223,0.678798595195654,9,9,5.818181818181818
test,47029,8,30786325577964,0.5,False,0.7,1.0,0.4270010749054867,6,6,4.214285714285714
test,47029,8,30786325577964,0.75,False,0.8,1.0,0.31592766710413767,4,4,2.0625
test,47029,8,30786325577964,0.9,False,0.95,1.0,0.12302665562469484,1,1,2.0
test,47029,8,30786325577964,1.0,True,1.0,0.0,0.0,0,0,0.0
test,47029,9,2199023256351,0.25,False,0.75,1.0,0.3970817186202267,5,5,4.4
test,47029,9,2199023256351,0.5,False,0.7,1.0,0.35379907015988066,6,6,1.5714285714285714
test,47029,9,2199023256351,0.75,False,0.85,1.0,0.1918903467926544,3,3,1.9411764705882353
test,47029,9,2199023256351,0.9,False,0.8,1.0,0.229868569284886,4,4,1.25
test,47029,9,2199023256351,1.0,True,1.0,0.0,0.0,0,0,0.0
test,47029,10,32985348835319,0.25,False,0.65,1.0,0.43821890869967317,7,7,3.6153846153846154
test,47029,10,32985348835319,0.5,False,0.8,1.0,0.2771005496104686,4,4,3.1875
test,47029,10,32985348835319,0.75,False,0.95,1.0,0.11386733180639601,1,1,1.5789473684210527
test,47029,10,32985348835319,0.9,False,0.95,1.0,0.08121718034797519,1,1,1.105263157894737
test,47029,10,32985348835319,1.0,True,1.0,0.0,0.0,0,0,0.0
test,47029,11,28587302324330,0.25,False,0.7,1.0,0.45835372868928703,6,6,2.2857142857142856
test,47029,11,28587302324330,0.5,False,0.8,1.0,0.2563752208373801,4,4,2.75
test,47029,11,28587302324330,0.75,False,0.95,1.0,0.09627411457755065,1,1,1.5789473684210527
test,47029,11,28587302324330,0.9,False,0.95,1.0,0.07491695858486772,1,1,0.8421052631578947
test,47029,11,28587302324330,1.0,True,1.0,0.0,0.0,0,0,0.0
test,47029,12,28587302331918,0.25,False,0.75,1.0,0.3424372880301486,5,5,2.4
test,47029,12,28587302331918,0.5,False,0.75,1.0,0.29418335333041434,5,5,1.2
test,47029,12,28587302331918,0.75,False,0.95,1.0,0.08994994286990851,1,1,1.0
test,47029,12,28587302331918,0.9,False,0.95,1.0,0.08312065082294365,1,1,0.8947368421052632
test,47029,12,28587302331918,1.0,True,1.0,0.0,0.0,0,0,0.0
test,47029,13,4398046519752,0.25,False,0.5,1.0,0.5858195259089187,10,10,3.0
test,47029,13,4398046519752,0.5,False,0.8,1.0,0.2613255086273897,4,4,2.3125
test,47029,13,4398046519752,0.75,False,0.85,1.0,0.1941909542728452,3,3,1.8823529411764706
test,47029,13,4398046519752,0.9,False,0.9,1.0,0.13264314251494397,2,2,1.2222222222222223
test,47029,13,4398046519752,1.0,True,1.0,0.0,0.0,0,0,0.0
test,47029,14,32985348841588,0.25,True,1.0,0.0,0.0,0,0,0.0
test,47029,14,32985348841588,0.5,True,1.0,0.0,0.0,0,0,0.0
test,47029,14,32985348841588,0.75,True,1.0,0.0,0.0,0,0,0.0
test,47029,14,32985348841588,0.9,True,1.0,0.0,0.0,0,0,0.0
test,47029,14,32985348841588,1.0,True,1.0,0.0,0.0,0,0,0.0
test,47029,15,6597069772017,0.25,False,0.7,1.0,0.3977388878329389,6,6,3.0
test,47029,15,6597069772017,0.5,False,0.75,1.0,0.29628282206267276,5,5,1.4
test,47029,15,6597069772017,0.75,False,0.8,1.0,0.2493716159849479,4,4,2.0
test,47029,15,6597069772017,0.9,False,0.9,1.0,0.13128203349594839,2,2,1.1111111111111112
test,47029,15,6597069772017,1.0,True,1.0,0.0,0.0,0,0,0.0
test,47029,16,30786325578215,0.25,False,0.55,1.0,0.5890268688141025,9,9,3.727272727272727
test,47029,16,30786325578215,0.5,False,0.8,1.0,0.32443768074472656,4,4,3.8125
test,47029,16,30786325578215,0.75,False,0.9,1.0,0.17558206318584732,2,2,2.1666666666666665
test,47029,16,30786325578215,0.9,True,1.0,0.11111111111111104,0.03738152435535903,0,0,1.2
test,47029,16,30786325578215,1.0,True,1.0,0.0,0.0,0,0,0.0
test,47029,17,24189255818308,0.25,False,0.6,1.0,0.5064193557408301,8,8,4.5
test,47029,17,24189255818308,0.5,False,0.85,1.0,0.2257275409750196,3,3,3.0
test,47029,17,24189255818308,0.75,False,0.9,1.0,0.1498000891461507,2,2,2.1666666666666665
test,47029,17,24189255818308,0.9,False,0.95,1.0,0.08318523159605566,1,1,1.0526315789473684
test,47029,17,24189255818308,1.0,True,1.0,0.0,0.0,0,0,0.0
test,47029,18,15393162789346,0.25,False,0.6,1.0,0.5458296120571132,8,8,4.833333333333333
test,47029,18,15393162789346,0.5,False,0.7,1.0,0.3591768022086147,6,6,3.2142857142857144
test,47029,18,15393162789346,0.75,True,1.0,0.18699186991869912,0.06327151677156809,0,0,3.4
test,47029,18,15393162789346,0.9,False,0.9,1.0,0.12947841092834067,2,2,1.8888888888888888
test,47029,18,15393162789346,1.0,True,1.0,0.0,0.0,0,0,0.0
test,47029,19,26388279069359,0.25,False,0.65,1.0,0.44693501949181347,7,7,3.230769230769231
test,47029,19,26388279069359,0.5,False,0.65,1.0,0.3979384189225589,7,7,1.8461538461538463
test,47029,19,26388279069359,0.75,False,0.8,1.0,0.22819339532390465,4,4,0.875
test,47029,19,26388279069359,0.9,False,0.85,1.0,0.18146651953703685,3,3,0.9411764705882353
test,47029,19,26388279069359,1.0,True,1.0,0.0,0.0,0,0,0.0
test,47030,0,2199023262215,0.25,False,0.75,1.0,0.3563561439595649,5,5,3.2666666666666666
test,47030,0,2199023262215,0.5,False,0.85,1.0,0.20719270017356695,3,3,1.0588235294117647
test,47030,0,2199023262215,0.75,False,0.9,1.0,0.13602804382220163,2,2,0.8888888888888888
test,47030,0,2199023262215,0.9,False,0.9,1.0,0.13234592774771187,2,2,1.7777777777777777
test,47030,0,2199023262215,1.0,True,1.0,0.0,0.0,0,0,0.0
test,47030,1,10995116281525,0.25,False,0.65,1.0,0.5622829801585317,7,7,3.0
test,47030,1,10995116281525,0.5,False,0.85,1.0,0.2929569088601788,3,3,2.6470588235294117
test,47030,1,10995116281525,0.75,False,0.85,1.0,0.20845598182987976,3,3,1.8235294117647058
test,47030,1,10995116281525,0.9,False,0.85,1.0,0.1850223753396582,3,3,1.411764705882353
test,47030,1,10995116281525,1.0,True,1.0,0.0,0.0,0,0,0.0
test,47030,2,17592186053645,0.25,False,0.8,1.0,0.3255699432180711,4,4,2.625
test,47030,2,17592186053645,0.5,False,0.85,1.0,0.24813901131703991,3,3,2.764705882352941
test,47030,2,17592186053645,0.75,False,0.9,1.0,0.15369905117484015,2,2,1.8333333333333333
test,47030,2,17592186053645,0.9,False,0.9,1.0,0.1347875681517674,2,2,1.7777777777777777
test,47030,2,17592186053645,1.0,True,1.0,0.0,0.0,0,0,0.0
test,47030,3,28587302328950,0.25,False,0.7,1.0,0.4634006919859406,6,6,4.857142857142857
test,47030,3,28587302328950,0.5,False,0.75,1.0,0.34451495861516956,5,5,2.933333333333333
test,47030,3,28587302328950,0.75,False,0.75,1.0,0.2833203781403709,5,5,1.9333333333333333
test,47030,3,28587302328950,0.9,False,0.85,1.0,0.18395083921837702,3,3,1.9411764705882353
test,47030,3,28587302328950,1.0,True,1.0,0.0,0.0,0,0,0.0
test,47030,4,15393162793550,0.25,False,0.75,1.0,0.4066839660483062,5,5,4.2
test,47030,4,15393162793550,0.5,False,0.75,1.0,0.34238841361938155,5,5,2.4
test,47030,4,15393162793550,0.75,False,0.85,1.0,0.21195759667156486,3,3,2.823529411764706
test,47030,4,15393162793550,0.9,False,0.9,1.0,0.12721812543846062,2,2,1.0555555555555556
test,47030,4,15393162793550,1.0,True,1.0,0.0,0.0,0,0,0.0
test,47030,5,30786325579731,0.25,False,0.65,1.0,0.4738922723138752,7,7,1.4615384615384615
test,47030,5,30786325579731,0.5,False,0.85,1.0,0.24656273117266406,3,3,2.3529411764705883
test,47030,5,30786325579731,0.75,False,0.85,1.0,0.20391288510612257,3,3,2.0588235294117645
test,47030,5,30786325579731,0.9,False,0.95,1.0,0.07393733112461306,1,1,0.6842105263157895
test,47030,5,30786325579731,1.0,True,1.0,0.0,0.0,0,0,0.0
test,47030,6,13194139533366,0.25,True,1.0,0.0,0.0,0,0,0.0
test,47030,6,13194139533366,0.5,True,1.0,0.0,0.0,0,0,0.0
test,47030,6,13194139533366,0.75,True,1.0,0.0,0.0,0,0,0.0
test,47030,6,13194139533366,0.9,True,1.0,0.0,0.0,0,0,0.0
test,47030,6,13194139533366,1.0,True,1.0,0.0,0.0,0,0,0.0
test,47030,7,21990232564633,0.25,False,0.75,1.0,0.36327359239615603,5,5,2.1333333333333333
test,47030,7,21990232564633,0.5,False,0.85,1.0,0.21912349060287192,3,3,2.0588235294117645
test,47030,7,21990232564633,0.75,False,0.85,1.0,0.18400485875813863,3,3,1.4705882352941178
test,47030,7,21990232564633,0.9,False,0.9,1.0,0.13055634408763422,2,2,1.0
test,47030,7,21990232564633,1.0,True,1.0,0.0,0.0,0,0,0.0
test,47030,8,30786325577964,0.25,False,0.7,1.4,0.6805730299112652,6,6,6.0
test,47030,8,30786325577964,0.5,False,0.7,1.0,0.4286691698824051,6,6,4.0
test,47030,8,30786325577964,0.75,False,0.8,1.0,0.2772791533085651,4,4,2.1875
test,47030,8,30786325577964,0.9,False,0.9,1.0,0.1694406741588114,2,2,2.611111111111111
test,47030,8,30786325577964,1.0,True,1.0,0.0,0.0,0,0,0.0
test,47030,9,2199023256351,0.25,False,0.65,1.0,0.4304531285209222,7,7,2.6923076923076925
test,47030,9,2199023256351,0.5,False,0.8,1.0,0.26936222590633985,4,4,2.1875
test,47030,9,2199023256351,0.75,False,0.85,1.0,0.19206228635991934,3,3,1.7647058823529411
test,47030,9,2199023256351,0.9,False,0.95,1.0,0.07525381263336589,1,1,0.8421052631578947
test,47030,9,2199023256351,1.0,True,1.0,0.0,0.0,0,0,0.0
test,47030,10,32985348835319,0.25,False,0.75,1.0,0.3575903637074638,5,5,3.0
test,47030,10,32985348835319,0.5,False,0.8,1.0,0.2992584617046509,4,4,2.4375
test,47030,10,32985348835319,0.75,False,0.85,1.0,0.19919921873116314,3,3,1.588235294117647
test,47030,10,32985348835319,0.9,False,0.9,1.0,0.12807171829361777,2,2,1.6111111111111112
test,47030,10,32985348835319,1.0,True,1.0,0.0,0.0,0,0,0.0
test,47030,11,28587302324330,0.25,False,0.65,1.0,0.45306977602463483,7,7,1.3846153846153846
test,47030,11,28587302324330,0.5,False,0.8,1.0,0.3043020142076613,4,4,2.75
test,47030,11,28587302324330,0.75,False,0.9,1.0,0.16697917383827968,2,2,2.7777777777777777
test,47030,11,28587302324330,0.9,False,0.95,1.0,0.0877281421702518,1,1,1.2105263157894737
test,47030,11,28587302324330,1.0,True,1.0,0.0,0.0,0,0,0.0
test,47030,12,28587302331918,0.25,False,0.65,1.0,0.43950799817879665,7,7,3.3846153846153846
test,47030,12,28587302331918,0.5,False,0.7,1.0,0.36779048360463207,6,6,1.7142857142857142
test,47030,12,28587302331918,0.75,False,0.9,1.0,0.14753537563286379,2,2,1.4444444444444444
test,47030,12,28587302331918,0.9,False,0.95,1.0,0.07840552820549548,1,1,1.1578947368421053
test,47030,12,28587302331918,1.0,True,1.0,0.0,0.0,0,0,0.0
test,47030,13,4398046519752,0.25,False,0.6,1.0,0.5273587567339572,8,8,3.1666666666666665
test,47030,13,4398046519752,0.5,False,0.75,1.0,0.3433860488638367,5,5,2.3333333333333335
test,47030,13,4398046519752,0.75,False,0.8,1.0,0.23999301165287767,4,4,0.9375
test,47030,13,4398046519752,0.9,False,0.95,1.0,0.08063813219237688,1,1,1.2105263157894737
test,47030,13,4398046519752,1.0,True,1.0,0.0,0.0,0,0,0.0
test,47030,14,32985348841588,0.25,True,1.0,0.0,0.0,0,0,0.0
test,47030,14,32985348841588,0.5,True,1.0,0.0,0.0,0,0,0.0
test,47030,14,32985348841588,0.75,True,1.0,0.0,0.0,0,0,0.0
test,47030,14,32985348841588,0.9,True,1.0,0.0,0.0,0,0,0.0
test,47030,14,32985348841588,1.0,True,1.0,0.0,0.0,0,0,0.0
test,47030,15,6597069772017,0.25,False,0.6,1.0,0.5216806553719173,8,8,3.4166666666666665
test,47030,15,6597069772017,0.5,False,0.85,1.0,0.21508702479882583,3,3,1.9411764705882353
test,47030,15,6597069772017,0.75,False,0.8,1.0,0.2320308819046078,4,4,1.6875
test,47030,15,6597069772017,0.9,False,0.9,1.0,0.12231353697322209,2,2,0.7777777777777778
test,47030,15,6597069772017,1.0,True,1.0,0.0,0.0,0,0,0.0
test,47030,16,30786325578215,0.25,False,0.6,1.0,0.5143602875323975,8,8,4.083333333333333
test,47030,16,30786325578215,0.5,False,0.8,1.0,0.2954359658443347,4,4,3.125
test,47030,16,30786325578215,0.75,False,0.9,1.0,0.15197475142928804,2,2,1.8888888888888888
test,47030,16,30786325578215,0.9,False,0.95,1.0,0.08939752371496226,1,1,1.631578947368421
test,47030,16,30786325578215,1.0,True,1.0,0.0,0.0,0,0,0.0
test,47030,17,24189255818308,0.25,False,0.7,1.0,0.47571668290277713,6,6,3.5714285714285716
test,47030,17,24189255818308,0.5,False,0.85,1.0,0.25488604365427453,3,3,2.7058823529411766
test,47030,17,24189255818308,0.75,False,0.8,1.0,0.24084017152167028,4,4,1.125
test,47030,17,24189255818308,0.9,False,0.95,1.0,0.07810222680368188,1,1,0.7368421052631579
test,47030,17,24189255818308,1.0,True,1.0,0.0,0.0,0,0,0.0
test,47030,18,15393162789346,0.25,False,0.55,1.0,0.5550533582584698,9,9,3.6363636363636362
test,47030,18,15393162789346,0.5,False,0.65,1.0,0.4425250211039412,7,7,3.5384615384615383
test,47030,18,15393162789346,0.75,False,0.9,1.0,0.14879814478310915,2,2,1.7222222222222223
test,47030,18,15393162789346,0.9,False,0.95,1.0,0.08777241243032081,1,1,1.9473684210526316
test,47030,18,15393162789346,1.0,True,1.0,0.0,0.0,0,0,0.0
test,47030,19,26388279069359,0.25,False,0.75,1.0,0.36242626130471695,5,5,0.8666666666666667
test,47030,19,26388279069359,0.5,False,0.8,1.0,0.31113278698176033,4,4,2.5625
test,47030,19,26388279069359,0.75,False,0.85,1.0,0.19339802153730756,3,3,1.0588235294117647
test,47030,19,26388279069359,0.9,False,0.85,1.0,0.1733882243407298,3,3,1.2941176470588236
test,47030,19,26388279069359,1.0,True,1.0,0.0,0.0,0,0,0.0
test,47031,0,2199023262215,0.25,False,0.7,1.0,0.41317994250463874,6,6,4.071428571428571
test,47031,0,2199023262215,0.5,False,0.9,1.0,0.17913705557740736,2,2,2.9444444444444446
test,47031,0,2199023262215,0.75,False,0.9,1.0,0.15373277434327298,2,2,1.9444444444444444
test,47031,0,2199023262215,0.9,False,0.95,1.0,0.08576310536276997,1,1,2.210526315789474
test,47031,0,2199023262215,1.0,True,1.0,0.0,0.0,0,0,0.0
test,47031,1,10995116281525,0.25,False,0.55,1.0,0.5766222819850623,9,9,3.6363636363636362
test,47031,1,10995116281525,0.5,False,0.75,1.0,0.3538075555437774,5,5,4.333333333333333
test,47031,1,10995116281525,0.75,False,0.85,1.0,0.2221572694770721,3,3,2.0
test,47031,1,10995116281525,0.9,False,0.9,1.0,0.14593476296115887,2,2,2.6666666666666665
test,47031,1,10995116281525,1.0,True,1.0,0.0,0.0,0,0,0.0
test,47031,2,17592186053645,0.25,False,0.6,1.0,0.49839331962212496,8,8,6.083333333333333
test,47031,2,17592186053645,0.5,False,0.75,1.0,0.33440340556478043,5,5,4.533333333333333
test,47031,2,17592186053645,0.75,False,0.85,1.0,0.2162236064651289,3,3,3.176470588235294
test,47031,2,17592186053645,0.9,False,0.9,1.0,0.14183966190654454,2,2,2.0
test,47031,2,17592186053645,1.0,True,1.0,0.0,0.0,0,0,0.0
test,47031,3,28587302328950,0.25,False,0.6,1.0,0.5069276213338622,8,8,4.5
test,47031,3,28587302328950,0.5,False,0.7,1.0,0.3668928866163454,6,6,3.642857142857143
test,47031,3,28587302328950,0.75,False,0.75,1.0,0.2999508595914286,5,5,3.1333333333333333
test,47031,3,28587302328950,0.9,False,0.9,1.0,0.14384754337738626,2,2,2.7777777777777777
test,47031,3,28587302328950,1.0,True,1.0,0.0,0.0,0,0,0.0
test,47031,4,15393162793550,0.25,False,0.6,1.0,0.49278243138389366,8,8,3.25
test,47031,4,15393162793550,0.5,False,0.65,1.0,0.401588965104381,7,7,1.0769230769230769
test,47031,4,15393162793550,0.75,False,0.8,1.0,0.23379463770213982,4,4,1.125
test,47031,4,15393162793550,0.9,False,0.9,1.0,0.1244859568372108,2,2,0.8888888888888888
test,47031,4,15393162793550,1.0,True,1.0,0.0,0.0,0,0,0.0
test,47031,5,30786325579731,0.25,False,0.65,1.0,0.43665477493231525,7,7,3.076923076923077
test,47031,5,30786325579731,0.5,False,0.8,1.0,0.28462502936795075,4,4,1.5625
test,47031,5,30786325579731,0.75,False,0.9,1.0,0.1605947697323193,2,2,1.7222222222222223
test,47031,5,30786325579731,0.9,False,0.95,1.0,0.08480542768074742,1,1,1.263157894736842
test,47031,5,30786325579731,1.0,True,1.0,0.0,0.0,0,0,0.0
test,47031,6,13194139533366,0.25,True,1.0,0.0,0.0,0,0,0.0
test,47031,6,13194139533366,0.5,True,1.0,0.0,0.0,0,0,0.0
test,47031,6,13194139533366,0.75,True,1.0,0.0,0.0,0,0,0.0
test,47031,6,13194139533366,0.9,True,1.0,0.0,0.0,0,0,0.0
test,47031,6,13194139533366,1.0,True,1.0,0.0,0.0,0,0,0.0
test,47031,7,21990232564633,0.25,False,0.65,1.0,0.4371782224310583,7,7,2.3846153846153846
test,47031,7,21990232564633,0.5,False,0.9,1.0,0.18259510772719975,2,2,2.2777777777777777
test,47031,7,21990232564633,0.75,True,1.0,0.17460317460317465,0.0787000038167522,0,0,2.3
test,47031,7,21990232564633,0.9,True,1.0,0.08932461873638348,0.03466313902870935,0,0,1.1
test,47031,7,21990232564633,1.0,True,1.0,0.0,0.0,0,0,0.0
test,47031,8,30786325577964,0.25,False,0.55,1.0,0.6521697665080018,9,9,3.5454545454545454
test,47031,8,30786325577964,0.5,False,0.75,1.0,0.36808082848524026,5,5,2.466666666666667
test,47031,8,30786325577964,0.75,False,0.75,1.0,0.3305671289494819,5,5,2.3333333333333335
test,47031,8,30786325577964,0.9,False,0.85,1.0,0.21419953503286834,3,3,2.0
test,47031,8,30786325577964,1.0,True,1.0,0.0,0.0,0,0,0.0
test,47031,9,2199023256351,0.25,False,0.65,1.0,0.4521091585647786,7,7,3.4615384615384617
test,47031,9,2199023256351,0.5,False,0.9,1.0,0.1862343149527918,2,2,2.9444444444444446
test,47031,9,2199023256351,0.75,False,0.9,1.0,0.14829153975955742,2,2,1.0555555555555556
test,47031,9,2199023256351,0.9,False,0.95,1.0,0.08458462788605955,1,1,1.3157894736842106
test,47031,9,2199023256351,1.0,True,1.0,0.0,0.0,0,0,0.0
test,47031,10,32985348835319,0.25,False,0.6,1.0,0.4606187834146128,8,8,1.9166666666666667
test,47031,10,32985348835319,0.5,False,0.9,1.0,0.17601802186751173,2,2,2.5555555555555554
test,47031,10,32985348835319,0.75,False,0.95,1.0,0.11267604053679144,1,1,2.263157894736842
test,47031,10,32985348835319,0.9,False,0.95,1.0,0.08853555633291052,1,1,1.5263157894736843
test,47031,10,32985348835319,1.0,True,1.0,0.0,0.0,0,0,0.0
test,47031,11,28587302324330,0.25,False,0.55,1.0,0.5009335970201765,9,9,2.909090909090909
test,47031,11,28587302324330,0.5,False,0.75,1.0,0.30236078610966244,5,5,2.1333333333333333
test,47031,11,28587302324330,0.75,False,0.85,1.0,0.20031233640630175,3,3,1.7058823529411764
test,47031,11,28587302324330,0.9,False,0.95,1.0,0.08826941982073663,1,1,1.0
test,47031,11,28587302324330,1.0,True,1.0,0.0,0.0,0,0,0.0
test,47031,12,28587302331918,0.25,False,0.75,1.0,0.351406181884509,5,5,3.466666666666667
test,47031,12,28587302331918,0.5,False,0.75,1.0,0.32446167003924775,5,5,2.3333333333333335
test,47031,12,28587302331918,0.75,False,0.85,1.0,0.1910589738366978,3,3,1.3529411764705883
test,47031,12,28587302331918,0.9,False,0.9,1.0,0.1374520617656726,2,2,1.1666666666666667
test,47031,12,28587302331918,1.0,True,1.0,0.0,0.0,0,0,0.0
test,47031,13,4398046519752,0.25,False,0.6,1.0,0.47580847751306854,8,8,2.5
test,47031,13,4398046519752,0.5,False,0.75,1.0,0.3260107814018995,5,5,2.7333333333333334
test,47031,13,4398046519752,0.75,False,0.8,1.0,0.23853777880056498,4,4,1.375
test,47031,13,4398046519752,0.9,False,0.9,1.0,0.13575765511168514,2,2,1.1666666666666667
test,47031,13,4398046519752,1.0,True,1.0,0.0,0.0,0,0,0.0
test,47031,14,32985348841588,0.25,True,1.0,0.0,0.0,0,0,0.0
test,47031,14,32985348841588,0.5,True,1.0,0.0,0.0,0,0,0.0
test,47031,14,32985348841588,0.75,True,1.0,0.0,0.0,0,0,0.0
test,47031,14,32985348841588,0.9,True,1.0,0.0,0.0,0,0,0.0
test,47031,14,32985348841588,1.0,True,1.0,0.0,0.0,0,0,0.0
test,47031,15,6597069772017,0.25,False,0.6,1.0,0.5164874153767537,8,8,2.5
test,47031,15,6597069772017,0.5,False,0.7,1.0,0.36635994761084534,6,6,1.7142857142857142
test,47031,15,6597069772017,0.75,False,0.9,1.0,0.14188455839991915,2,2,1.3333333333333333
test,47031,15,6597069772017,0.9,False,0.9,1.0,0.12596709464863595,2,2,1.3333333333333333
test,47031,15,6597069772017,1.0,True,1.0,0.0,0.0,0,0,0.0
test,47031,16,30786325578215,0.25,False,0.6,1.0,0.5668143379031552,8,8,4.833333333333333
test,47031,16,30786325578215,0.5,False,0.85,1.0,0.24562201930899738,3,3,4.882352941176471
test,47031,16,30786325578215,0.75,False,0.9,1.0,0.1762016238006631,2,2,3.3333333333333335
test,47031,16,30786325578215,0.9,False,0.9,1.0,0.1459672905758385,2,2,1.6666666666666667
test,47031,16,30786325578215,1.0,True,1.0,0.0,0.0,0,0,0.0
test,47031,17,24189255818308,0.25,False,0.65,1.0,0.4985574276180634,7,7,4.923076923076923
test,47031,17,24189255818308,0.5,False,0.85,1.0,0.24468847992176687,3,3,2.1176470588235294
test,47031,17,24189255818308,0.75,False,0.9,1.0,0.1562405409543384,2,2,1.5555555555555556
test,47031,17,24189255818308,0.9,False,0.9,1.0,0.13381843859011458,2,2,1.1111111111111112
test,47031,17,24189255818308,1.0,True,1.0,0.0,0.0,0,0,0.0
test,47031,18,15393162789346,0.25,False,0.6,1.0,0.487714718236664,8,8,4.833333333333333
test,47031,18,15393162789346,0.5,False,0.85,1.0,0.20914780960340257,3,3,2.2941176470588234
test,47031,18,15393162789346,0.75,False,0.95,1.0,0.10234621963570698,1,1,2.9473684210526314
test,47031,18,15393162789346,0.9,True,1.0,0.07936507936507939,0.027742223640614627,0,0,1.4
test,47031,18,15393162789346,1.0,True,1.0,0.0,0.0,0,0,0.0
test,47031,19,26388279069359,0.25,False,0.6,1.0,0.47301527401479915,8,8,2.8333333333333335
test,47031,19,26388279069359,0.5,False,0.8,1.0,0.25871006921776823,4,4,1.8125
test,47031,19,26388279069359,0.75,False,0.9,1.0,0.159907189073187,2,2,1.8888888888888888
test,47031,19,26388279069359,0.9,False,0.9,1.0,0.13069022611992162,2,2,1.0555555555555556
test,47031,19,26388279069359,1.0,True,1.0,0.0,0.0,0,0,0.0
test,47032,0,2199023262215,0.25,False,0.6,1.0,0.5122450077098952,8,8,3.75
test,47032,0,2199023262215,0.5,False,0.8,1.0,0.26555686739639045,4,4,2.5
test,47032,0,2199023262215,0.75,False,0.95,1.0,0.09668765219725076,1,1,2.4210526315789473
test,47032,0,2199023262215,0.9,False,0.95,1.0,0.08833154827416685,1,1,2.1052631578947367
test,47032,0,2199023262215,1.0,True,1.0,0.0,0.0,0,0,0.0
test,47032,1,10995116281525,0.25,False,0.5,1.0,0.6633535177842351,10,10,3.4
test,47032,1,10995116281525,0.5,False,0.7,1.0,0.3922441991648296,6,6,3.7142857142857144
test,47032,1,10995116281525,0.75,False,0.85,1.0,0.21911801573281658,3,3,2.3529411764705883
test,47032,1,10995116281525,0.9,False,0.8,1.0,0.23975697142269436,4,4,1.5625
test,47032,1,10995116281525,1.0,True,1.0,0.0,0.0,0,0,0.0
test,47032,2,17592186053645,0.25,False,0.6,1.0,0.5358766576529108,8,8,4.083333333333333
test,47032,2,17592186053645,0.5,False,0.75,1.0,0.337552387609524,5,5,2.2
test,47032,2,17592186053645,0.75,False,0.85,1.0,0.19127136979243964,3,3,2.2941176470588234
test,47032,2,17592186053645,0.9,False,0.9,1.0,0.1366099203088845,2,2,1.0555555555555556
test,47032,2,17592186053645,1.0,True,1.0,0.0,0.0,0,0,0.0
test,47032,3,28587302328950,0.25,False,0.6,1.0,0.5529198527050372,8,8,4.5
test,47032,3,28587302328950,0.5,False,0.7,1.0,0.3714643550273711,6,6,3.642857142857143
test,47032,3,28587302328950,0.75,False,0.9,1.0,0.14941595538377103,2,2,3.2222222222222223
test,47032,3,28587302328950,0.9,False,0.9,1.0,0.13729791722275447,2,2,2.4444444444444446
test,47032,3,28587302328950,1.0,True,1.0,0.0,0.0,0,0,0.0
test,47032,4,15393162793550,0.25,False,0.65,1.0,0.5207015634351023,7,7,3.230769230769231
test,47032,4,15393162793550,0.5,False,0.8,1.0,0.29391840598081737,4,4,3.4375
test,47032,4,15393162793550,0.75,False,0.85,1.0,0.19548858193785879,3,3,2.176470588235294
test,47032,4,15393162793550,0.9,False,0.9,1.0,0.1431184558071175,2,2,1.7777777777777777
test,47032,4,15393162793550,1.0,True,1.0,0.0,0.0,0,0,0.0
test,47032,5,30786325579731,0.25,False,0.75,1.0,0.41762597181843547,5,5,4.4
test,47032,5,30786325579731,0.5,False,0.8,1.0,0.3013129115314407,4,4,2.6875
test,47032,5,30786325579731,0.75,False,0.9,1.0,0.14046805629058795,2,2,0.9444444444444444
test,47032,5,30786325579731,0.9,False,0.9,1.0,0.1248224475152713,2,2,0.7777777777777778
test,47032,5,30786325579731,1.0,True,1.0,0.0,0.0,0,0,0.0
test,47032,6,13194139533366,0.25,True,1.0,0.0,0.0,0,0,0.0
test,47032,6,13194139533366,0.5,True,1.0,0.0,0.0,0,0,0.0
test,47032,6,13194139533366,0.75,True,1.0,0.0,0.0,0,0,0.0
test,47032,6,13194139533366,0.9,True,1.0,0.0,0.0,0,0,0.0
test,47032,6,13194139533366,1.0,True,1.0,0.0,0.0,0,0,0.0
test,47032,7,21990232564633,0.25,False,0.65,1.0,0.4985299057330509,7,7,3.6923076923076925
test,47032,7,21990232564633,0.5,False,0.7,1.0,0.3569775182784428,6,6,2.142857142857143
test,47032,7,21990232564633,0.75,False,0.85,1.0,0.19137899594582047,3,3,1.6470588235294117
test,47032,7,21990232564633,0.9,False,0.9,1.0,0.1350581321098968,2,2,1.1666666666666667
test,47032,7,21990232564633,1.0,True,1.0,0.0,0.0,0,0,0.0
test,47032,8,30786325577964,0.25,False,0.55,1.0,0.7069814417608535,9,9,4.545454545454546
test,47032,8,30786325577964,0.5,False,0.75,1.0,0.41362264777705954,5,5,2.4
test,47032,8,30786325577964,0.75,False,0.75,1.0,0.3492178164972283,5,5,1.6666666666666667
test,47032,8,30786325577964,0.9,False,0.85,1.0,0.1991608450554529,3,3,1.8823529411764706
test,47032,8,30786325577964,1.0,True,1.0,0.0,0.0,0,0,0.0
test,47032,9,2199023256351,0.25,False,0.75,1.0,0.39811025504969494,5,5,4.333333333333333
test,47032,9,2199023256351,0.5,False,0.8,1.0,0.27119341466033153,4,4,2.0625
test,47032,9,2199023256351,0.75,False,0.85,1.0,0.18158379951697046,3,3,1.0588235294117647
test,47032,9,2199023256351,0.9,False,0.9,1.0,0.1350043494173036,2,2,1.2777777777777777
test,47032,9,2199023256351,1.0,True,1.0,0.0,0.0,0,0,0.0
test,47032,10,32985348835319,0.25,False,0.75,1.0,0.39621016688887795,5,5,4.066666666666666
test,47032,10,32985348835319,0.5,False,0.85,1.0,0.21832972466008638,3,3,2.411764705882353
test,47032,10,32985348835319,0.75,False,0.9,1.0,0.14447627729403,2,2,1.8333333333333333
test,47032,10,32985348835319,0.9,False,0.9,1.0,0.132614513783804,2,2,1.0
test,47032,10,32985348835319,1.0,True,1.0,0.0,0.0,0,0,0.0
test,47032,11,28587302324330,0.25,False,0.65,1.0,0.4913000377138079,7,7,3.076923076923077
test,47032,11,28587302324330,0.5,False,0.8,1.0,0.27354402286393975,4,4,2.375
test,47032,11,28587302324330,0.75,False,0.9,1.0,0.15357894704784272,2,2,1.5555555555555556
test,47032,11,28587302324330,0.9,False,0.95,1.0,0.08878172163771599,1,1,0.8421052631578947
test,47032,11,28587302324330,1.0,True,1.0,0.0,0.0,0,0,0.0
test,47032,12,28587302331918,0.25,False,0.8,1.0,0.4254415157781066,4,4,5.4375
test,47032,12,28587302331918,0.5,False,0.85,1.0,0.2714927315428667,3,3,3.0588235294117645
test,47032,12,28587302331918,0.75,False,0.95,1.0,0.10374926430384217,1,1,1.631578947368421
test,47032,12,28587302331918,0.9,False,0.95,1.0,0.08100824170768323,1,1,1.2105263157894737
test,47032,12,28587302331918,1.0,True,1.0,0.0,0.0,0,0,0.0
test,47032,13,4398046519752,0.25,False,0.65,1.0,0.47132001294822856,7,7,3.6153846153846154
test,47032,13,4398046519752,0.5,False,0.9,1.0,0.20346546896135678,2,2,2.7222222222222223
test,47032,13,4398046519752,0.75,False,0.9,1.0,0.1441775172576687,2,2,1.4444444444444444
test,47032,13,4398046519752,0.9,False,0.9,1.0,0.1342438014466629,2,2,0.8888888888888888
test,47032,13,4398046519752,1.0,True,1.0,0.0,0.0,0,0,0.0
test,47032,14,32985348841588,0.25,True,1.0,0.0,0.0,0,0,0.0
test,47032,14,32985348841588,0.5,True,1.0,0.0,0.0,0,0,0.0
test,47032,14,32985348841588,0.75,True,1.0,0.0,0.0,0,0,0.0
test,47032,14,32985348841588,0.9,True,1.0,0.0,0.0,0,0,0.0
test,47032,14,32985348841588,1.0,True,1.0,0.0,0.0,0,0,0.0
test,47032,15,6597069772017,0.25,False,0.65,1.0,0.45560223997444654,7,7,3.4615384615384617
test,47032,15,6597069772017,0.5,False,0.75,1.0,0.3280170049765577,5,5,1.4666666666666666
test,47032,15,6597069772017,0.75,False,0.85,1.0,0.19573629866721262,3,3,1.588235294117647
test,47032,15,6597069772017,0.9,False,0.95,1.0,0.08034361829423897,1,1,1.1578947368421053
test,47032,15,6597069772017,1.0,True,1.0,0.0,0.0,0,0,0.0
test,47032,16,30786325578215,0.25,False,0.65,1.0,0.523317965791157,7,7,5.6923076923076925
test,47032,16,30786325578215,0.5,False,0.85,1.0,0.27826321452723635,3,3,3.4705882352941178
test,47032,16,30786325578215,0.75,False,0.9,1.0,0.1612481968353049,2,2,2.611111111111111
test,47032,16,30786325578215,0.9,True,1.0,0.15824915824915822,0.0544819673387945,0,0,2.3
test,47032,16,30786325578215,1.0,True,1.0,0.0,0.0,0,0,0.0
test,47032,17,24189255818308,0.25,False,0.75,1.0,0.46608264142672357,5,5,4.666666666666667
test,47032,17,24189255818308,0.5,False,0.8,1.0,0.3104756032439288,4,4,3.375
test,47032,17,24189255818308,0.75,False,0.9,1.0,0.15542503952994235,2,2,1.7222222222222223
test,47032,17,24189255818308,0.9,False,0.9,1.0,0.13928591085236644,2,2,1.1666666666666667
test,47032,17,24189255818308,1.0,True,1.0,0.0,0.0,0,0,0.0
test,47032,18,15393162789346,0.25,False,0.6,1.0,0.49742618148263,8,8,4.333333333333333
test,47032,18,15393162789346,0.5,False,0.7,1.0,0.3935705122733808,6,6,3.7142857142857144
test,47032,18,15393162789346,0.75,False,0.9,1.0,0.14378723661466747,2,2,2.0
test,47032,18,15393162789346,0.9,False,0.95,1.0,0.0819822668978877,1,1,1.263157894736842
test,47032,18,15393162789346,1.0,True,1.0,0.0,0.0,0,0,0.0
test,47032,19,26388279069359,0.25,False,0.7,1.0,0.3794690317466193,6,6,1.5
test,47032,19,26388279069359,0.5,False,0.85,1.0,0.230408939395839,3,3,1.1176470588235294
test,47032,19,26388279069359,0.75,False,0.85,1.0,0.2015470827782005,3,3,1.5294117647058822
test,47032,19,26388279069359,0.9,False,0.8,1.0,0.23731819480111235,4,4,1.125
test,47032,19,26388279069359,1.0,True,1.0,0.0,0.0,0,0,0.0
test,47033,0,2199023262215,0.25,False,0.65,1.0,0.46546342248473627,7,7,3.3076923076923075
test,47033,0,2199023262215,0.5,False,0.8,1.0,0.2923647491807913,4,4,3.1875
test,47033,0,2199023262215,0.75,False,0.95,1.0,0.11461342434469828,1,1,1.894736842105263
test,47033,0,2199023262215,0.9,False,0.95,1.0,0.07404083379739848,1,1,0.5789473684210527
test,47033,0,2199023262215,1.0,True,1.0,0.0,0.0,0,0,0.0
test,47033,1,10995116281525,0.25,False,0.65,1.0,0.5563790965794919,7,7,4.769230769230769
test,47033,1,10995116281525,0.5,False,0.8,1.0,0.297794329187794,4,4,2.75
test,47033,1,10995116281525,0.75,False,0.8,1.0,0.264866775681583,4,4,2.875
test,47033,1,10995116281525,0.9,False,0.95,1.0,0.0908332622707689,1,1,1.9473684210526316
test,47033,1,10995116281525,1.0,True,1.0,0.0,0.0,0,0,0.0
test,47033,2,17592186053645,0.25,False,0.65,1.0,0.4621567670450323,7,7,3.3846153846153846
test,47033,2,17592186053645,0.5,False,0.7,1.0,0.38182792591865383,6,6,3.9285714285714284
test,47033,2,17592186053645,0.75,False,0.85,1.0,0.19566158997823319,3,3,1.9411764705882353
test,47033,2,17592186053645,0.9,False,0.95,1.0,0.08401928638765312,1,1,1.2105263157894737
test,47033,2,17592186053645,1.0,True,1.0,0.0,0.0,0,0,0.0
test,47033,3,28587302328950,0.25,False,0.7,1.0,0.42800448261349955,6,6,4.785714285714286
test,47033,3,28587302328950,0.5,False,0.8,1.0,0.29187055199093337,4,4,3.875
test,47033,3,28587302328950,0.75,False,0.95,1.0,0.11905124577645869,1,1,3.0526315789473686
test,47033,3,28587302328950,0.9,False,0.9,1.0,0.126667603565992,2,2,2.0555555555555554
test,47033,3,28587302328950,1.0,True,1.0,0.0,0.0,0,0,0.0
test,47033,4,15393162793550,0.25,False,0.7,1.0,0.434405065372497,6,6,5.285714285714286
test,47033,4,15393162793550,0.5,False,0.8,1.0,0.2950644851931074,4,4,3.0
test,47033,4,15393162793550,0.75,False,0.85,1.0,0.21256263480987525,3,3,1.7647058823529411
test,47033,4,15393162793550,0.9,False,0.9,1.0,0.14469080198997605,2,2,1.7222222222222223
test,47033,4,15393162793550,1.0,True,1.0,0.0,0.0,0,0,0.0
test,47033,5,30786325579731,0.25,False,0.8,1.0,0.32970614330200304,4,4,4.25
test,47033,5,30786325579731,0.5,False,0.75,1.0,0.33917039631841034,5,5,3.6
test,47033,5,30786325579731,0.75,False,0.85,1.0,0.2098220618667745,3,3,2.588235294117647
test,47033,5,30786325579731,0.9,False,0.9,1.0,0.1250638798288413,2,2,1.3888888888888888
test,47033,5,30786325579731,1.0,True,1.0,0.0,0.0,0,0,0.0
test,47033,6,13194139533366,0.25,True,1.0,0.0,0.0,0,0,0.0
test,47033,6,13194139533366,0.5,True,1.0,0.0,0.0,0,0,0.0
test,47033,6,13194139533366,0.75,True,1.0,0.0,0.0,0,0,0.0
test,47033,6,13194139533366,0.9,True,1.0,0.0,0.0,0,0,0.0
test,47033,6,13194139533366,1.0,True,1.0,0.0,0.0,0,0,0.0
test,47033,7,21990232564633,0.25,False,0.65,1.0,0.4682293663127345,7,7,2.6153846153846154
test,47033,7,21990232564633,0.5,False,0.75,1.0,0.33024620487381157,5,5,2.533333333333333
test,47033,7,21990232564633,0.75,False,0.9,1.0,0.15383677439060114,2,2,1.9444444444444444
test,47033,7,21990232564633,0.9,False,0.9,1.0,0.13391062764141864,2,2,1.2777777777777777
test,47033,7,21990232564633,1.0,True,1.0,0.0,0.0,0,0,0.0
test,47033,8,30786325577964,0.25,False,0.45,1.8,0.8106098803157626,11,11,4.777777777777778
test,47033,8,30786325577964,0.5,False,0.6,1.0,0.5849128567510921,8,8,3.9166666666666665
test,47033,8,30786325577964,0.75,False,0.7,1.0,0.3967708136090489,6,6,2.5
test,47033,8,30786325577964,0.9,False,0.8,1.0,0.2566141034891035,4,4,1.5625
test,47033,8,30786325577964,1.0,True,1.0,0.0,0.0,0,0,0.0
test,47033,9,2199023256351,0.25,False,0.75,1.0,0.3963864528955633,5,5,4.266666666666667
test,47033,9,2199023256351,0.5,False,0.75,1.0,0.35202228461154034,5,5,3.1333333333333333
test,47033,9,2199023256351,0.75,False,0.85,1.0,0.21113787803731646,3,3,2.1176470588235294
test,47033,9,2199023256351,0.9,False,0.9,1.0,0.12245277419367424,2,2,0.8888888888888888
test,47033,9,2199023256351,1.0,True,1.0,0.0,0.0,0,0,0.0
test,47033,10,32985348835319,0.25,False,0.75,1.0,0.38639017901310035,5,5,4.066666666666666
test,47033,10,32985348835319,0.5,False,0.8,1.0,0.3013947797644717,4,4,2.375
test,47033,10,32985348835319,0.75,False,0.9,1.0,0.165619364022636,2,2,1.7777777777777777
test,47033,10,32985348835319,0.9,False,0.95,1.0,0.07628019555330741,1,1,0.9473684210526315
test,47033,10,32985348835319,1.0,True,1.0,0.0,0.0,0,0,0.0
test,47033,11,28587302324330,0.25,False,0.7,1.0,0.3912548855328854,6,6,2.9285714285714284
test,47033,11,28587302324330,0.5,False,0.9,1.0,0.17006441458452312,2,2,1.8333333333333333
test,47033,11,28587302324330,0.75,False,0.95,1.0,0.10347466647043806,1,1,1.5263157894736843
test,47033,11,28587302324330,0.9,False,0.95,1.0,0.07981568743416861,1,1,0.5789473684210527
test,47033,11,28587302324330,1.0,True,1.0,0.0,0.0,0,0,0.0
test,47033,12,28587302331918,0.25,False,0.8,1.0,0.3264772372872817,4,4,4.125
test,47033,12,28587302331918,0.5,False,0.85,1.0,0.2563687309532104,3,3,2.176470588235294
test,47033,12,28587302331918,0.75,False,0.95,1.0,0.12726167049675374,1,1,1.368421052631579
test,47033,12,28587302331918,0.9,False,0.95,1.0,0.07687076244444702,1,1,0.5263157894736842
test,47033,12,28587302331918,1.0,True,1.0,0.0,0.0,0,0,0.0
test,47033,13,4398046519752,0.25,False,0.6,1.0,0.5215521466800537,8,8,3.1666666666666665
test,47033,13,4398046519752,0.5,False,0.9,1.0,0.18708434987268893,2,2,3.0555555555555554
test,47033,13,4398046519752,0.75,False,0.9,1.0,0.1629724174244755,2,2,1.7777777777777777
test,47033,13,4398046519752,0.9,False,0.95,1.0,0.0710324249448305,1,1,0.7894736842105263
test,47033,13,4398046519752,1.0,True,1.0,0.0,0.0,0,0,0.0
test,47033,14,32985348841588,0.25,True,1.0,0.0,0.0,0,0,0.0
test,47033,14,32985348841588,0.5,True,1.0,0.0,0.0,0,0,0.0
test,47033,14,32985348841588,0.75,True,1.0,0.0,0.0,0,0,0.0
test,47033,14,32985348841588,0.9,True,1.0,0.0,0.0,0,0,0.0
test,47033,14,32985348841588,1.0,True,1.0,0.0,0.0,0,0,0.0
test,47033,15,6597069772017,0.25,False,0.75,1.0,0.39332254633877317,5,5,3.533333333333333
test,47033,15,6597069772017,0.5,False,0.85,1.0,0.2521695554600024,3,3,3.235294117647059
test,47033,15,6597069772017,0.75,False,0.9,1.0,0.15958705666985953,2,2,1.6666666666666667
test,47033,15,6597069772017,0.9,False,0.95,1.0,0.07508686691627334,1,1,0.8421052631578947
test,47033,15,6597069772017,1.0,True,1.0,0.0,0.0,0,0,0.0
test,47033,16,30786325578215,0.25,False,0.65,1.0,0.49795806801200754,7,7,5.076923076923077
test,47033,16,30786325578215,0.5,False,0.9,1.0,0.19284623926473232,2,2,2.3333333333333335
test,47033,16,30786325578215,0.75,False,0.9,1.0,0.17035801269516834,2,2,1.8333333333333333
test,47033,16,30786325578215,0.9,False,0.9,1.0,0.1328067260403661,2,2,1.2222222222222223
test,47033,16,30786325578215,1.0,True,1.0,0.0,0.0,0,0,0.0
test,47033,17,24189255818308,0.25,False,0.55,1.0,0.5776096370268535,9,9,4.818181818181818
test,47033,17,24189255818308,0.5,False,0.75,1.0,0.3610478221440044,5,5,3.6
test,47033,17,24189255818308,0.75,False,0.85,1.0,0.21592435097565182,3,3,2.1176470588235294
test,47033,17,24189255818308,0.9,False,0.95,1.0,0.08280329284694236,1,1,0.9473684210526315
test,47033,17,24189255818308,1.0,True,1.0,0.0,0.0,0,0,0.0
test,47033,18,15393162789346,0.25,False,0.65,1.0,0.4890287055582852,7,7,4.230769230769231
test,47033,18,15393162789346,0.5,False,0.75,1.0,0.3159884276386612,5,5,3.8666666666666667
test,47033,18,15393162789346,0.75,False,0.95,1.0,0.10973962977824751,1,1,3.3157894736842106
test,47033,18,15393162789346,0.9,True,1.0,0.05413105413105403,0.02513754713359584,0,0,1.0
test,47033,18,15393162789346,1.0,True,1.0,0.0,0.0,0,0,0.0
test,47033,19,26388279069359,0.25,False,0.8,1.0,0.3825451340751466,4,4,3.875
test,47033,19,26388279069359,0.5,False,0.8,1.0,0.31889484548625646,4,4,3.0
test,47033,19,26388279069359,0.75,False,0.8,1.0,0.25714349727710595,4,4,1.3125
test,47033,19,26388279069359,0.9,False,0.95,1.0,0.08500155399048716,1,1,0.9473684210526315
test,47033,19,26388279069359,1.0,True,1.0,0.0,0.0,0,0,0.0
test,47034,0,2199023262215,0.25,False,0.65,1.0,0.44465604185208385,7,7,2.076923076923077
test,47034,0,2199023262215,0.5,False,0.85,1.0,0.2369964248617052,3,3,4.0
test,47034,0,2199023262215,0.75,False,0.85,1.0,0.2030134074479187,3,3,1.6470588235294117
test,47034,0,2199023262215,0.9,False,0.95,1.0,0.07756254235972922,1,1,1.368421052631579
test,47034,0,2199023262215,1.0,True,1.0,0.0,0.0,0,0,0.0
test,47034,1,10995116281525,0.25,False,0.6,1.0,0.5558182961659206,8,8,3.1666666666666665
test,47034,1,10995116281525,0.5,False,0.75,1.0,0.3293045901700774,5,5,1.8
test,47034,1,10995116281525,0.75,False,0.85,1.0,0.19730717051582078,3,3,2.235294117647059
test,47034,1,10995116281525,0.9,False,0.9,1.0,0.14500984747600865,2,2,2.611111111111111
test,47034,1,10995116281525,1.0,True,1.0,0.0,0.0,0,0,0.0
test,47034,2,17592186053645,0.25,False,0.5,1.0,0.567010418325934,10,10,4.7
test,47034,2,17592186053645,0.5,False,0.7,1.0,0.3895083799089184,6,6,4.142857142857143
test,47034,2,17592186053645,0.75,False,0.8,1.0,0.27173089125652805,4,4,3.0625
test,47034,2,17592186053645,0.9,False,0.95,1.0,0.08744317095367397,1,1,1.4210526315789473
test,47034,2,17592186053645,1.0,True,1.0,0.0,0.0,0,0,0.0
test,47034,3,28587302328950,0.25,False,0.75,1.0,0.37831919071453773,5,5,4.4
test,47034,3,28587302328950,0.5,False,0.8,1.0,0.29702132314456325,4,4,4.8125
test,47034,3,28587302328950,0.75,False,0.85,1.0,0.2036168898494093,3,3,2.2941176470588234
test,47034,3,28587302328950,0.9,False,0.95,1.0,0.07150769595231715,1,1,1.105263157894737
test,47034,3,28587302328950,1.0,True,1.0,0.0,0.0,0,0,0.0
test,47034,4,15393162793550,0.25,False,0.7,1.0,0.460247766815713,6,6,3.142857142857143
test,47034,4,15393162793550,0.5,False,0.75,1.0,0.3579825864170475,5,5,2.8666666666666667
test,47034,4,15393162793550,0.75,False,0.8,1.0,0.24761742741477621,4,4,1.5
test,47034,4,15393162793550,0.9,False,0.9,1.0,0.1272678819170558,2,2,0.8333333333333334
test,47034,4,15393162793550,1.0,True,1.0,0.0,0.0,0,0,0.0
test,47034,5,30786325579731,0.25,False,0.7,1.0,0.4433689354486237,6,6,3.0714285714285716
test,47034,5,30786325579731,0.5,False,0.75,1.0,0.3353087582557285,5,5,2.466666666666667
test,47034,5,30786325579731,0.75,False,0.85,1.0,0.21313061787428073,3,3,1.6470588235294117
test,47034,5,30786325579731,0.9,False,0.9,1.0,0.12810330540913462,2,2,1.3333333333333333
test,47034,5,30786325579731,1.0,True,1.0,0.0,0.0,0,0,0.0
test,47034,6,13194139533366,0.25,True,1.0,0.0,0.0,0,0,0.0
test,47034,6,13194139533366,0.5,True,1.0,0.0,0.0,0,0,0.0
test,47034,6,13194139533366,0.75,True,1.0,0.0,0.0,0,0,0.0
test,47034,6,13194139533366,0.9,True,1.0,0.0,0.0,0,0,0.0
test,47034,6,13194139533366,1.0,True,1.0,0.0,0.0,0,0,0.0
test,47034,7,21990232564633,0.25,False,0.7,1.0,0.35570068225444007,6,6,2.0714285714285716
test,47034,7,21990232564633,0.5,False,0.8,1.0,0.27903956583088985,4,4,2.625
test,47034,7,21990232564633,0.75,False,0.9,1.0,0.14354192189350548,2,2,1.7222222222222223
test,47034,7,21990232564633,0.9,True,1.0,0.08212560386473432,0.034180548820548703,0,0,1.0
test,47034,7,21990232564633,1.0,True,1.0,0.0,0.0,0,0,0.0
test,47034,8,30786325577964,0.25,False,0.55,1.6666666666666667,0.7672582972582973,9,9,4.7272727272727275
test,47034,8,30786325577964,0.5,False,0.65,1.0,0.5436512711145064,7,7,5.153846153846154
test,47034,8,30786325577964,0.75,False,0.8,1.0,0.29503963356904533,4,4,3.5
test,47034,8,30786325577964,0.9,False,0.85,1.0,0.20144108115921838,3,3,2.235294117647059
test,47034,8,30786325577964,1.0,True,1.0,0.0,0.0,0,0,0.0
test,47034,9,2199023256351,0.25,False,0.65,1.0,0.45159231270238126,7,7,2.3076923076923075
test,47034,9,2199023256351,0.5,False,0.8,1.0,0.25303189147541133,4,4,1.0625
test,47034,9,2199023256351,0.75,False,0.9,1.0,0.14550847801458766,2,2,1.2777777777777777
test,47034,9,2199023256351,0.9,False,0.95,1.0,0.07466808342452251,1,1,1.1578947368421053
test,47034,9,2199023256351,1.0,True,1.0,0.0,0.0,0,0,0.0
test,47034,10,32985348835319,0.25,False,0.55,1.0,0.5169975736549322,9,9,1.7272727272727273
test,47034,10,32985348835319,0.5,False,0.75,1.0,0.30526324310950353,5,5,1.8666666666666667
test,47034,10,32985348835319,0.75,False,0.85,1.0,0.2024159552482486,3,3,2.0
test,47034,10,32985348835319,0.9,False,0.85,1.0,0.17497649506523721,3,3,0.7058823529411765
test,47034,10,32985348835319,1.0,True,1.0,0.0,0.0,0,0,0.0
test,47034,11,28587302324330,0.25,False,0.65,1.0,0.4794738190738048,7,7,2.1538461538461537
test,47034,11,28587302324330,0.5,False,0.85,1.0,0.2327044075287191,3,3,2.5294117647058822
test,47034,11,28587302324330,0.75,False,0.8,1.0,0.24969026838470548,4,4,1.75
test,47034,11,28587302324330,0.9,False,0.95,1.0,0.08669555096908757,1,1,1.368421052631579
test,47034,11,28587302324330,1.0,True,1.0,0.0,0.0,0,0,0.0
test,47034,12,28587302331918,0.25,False,0.65,1.0,0.4344504964219339,7,7,2.769230769230769
test,47034,12,28587302331918,0.5,False,0.75,1.0,0.30190720876911065,5,5,1.6
test,47034,12,28587302331918,0.75,False,0.85,1.0,0.1974143258699344,3,3,0.8823529411764706
test,47034,12,28587302331918,0.9,False,0.95,1.0,0.06892377951652714,1,1,0.7368421052631579
test,47034,12,28587302331918,1.0,True,1.0,0.0,0.0,0,0,0.0
test,47034,13,4398046519752,0.25,False,0.55,1.0,0.5210108584654495,9,9,2.090909090909091
test,47034,13,4398046519752,0.5,False,0.75,1.0,0.3136298160415542,5,5,2.066666666666667
test,47034,13,4398046519752,0.75,False,0.85,1.0,0.201493828150003,3,3,2.0
test,47034,13,4398046519752,0.9,False,0.95,1.0,0.07483229912634119,1,1,0.631578947368421
test,47034,13,4398046519752,1.0,True,1.0,0.0,0.0,0,0,0.0
test,47034,14,32985348841588,0.25,True,1.0,0.0,0.0,0,0,0.0
test,47034,14,32985348841588,0.5,True,1.0,0.0,0.0,0,0,0.0
test,47034,14,32985348841588,0.75,True,1.0,0.0,0.0,0,0,0.0
test,47034,14,32985348841588,0.9,True,1.0,0.0,0.0,0,0,0.0
test,47034,14,32985348841588,1.0,True,1.0,0.0,0.0,0,0,0.0
test,47034,15,6597069772017,0.25,False,0.6,1.0,0.48171516974843287,8,8,3.5833333333333335
test,47034,15,6597069772017,0.5,False,0.75,1.0,0.31755604658919573,5,5,2.8666666666666667
test,47034,15,6597069772017,0.75,False,0.8,1.0,0.2516990652825675,4,4,1.4375
test,47034,15,6597069772017,0.9,False,0.9,1.0,0.12950234931060506,2,2,1.1111111111111112
test,47034,15,6597069772017,1.0,True,1.0,0.0,0.0,0,0,0.0
test,47034,16,30786325578215,0.25,False,0.7,1.0,0.46658218646379995,6,6,4.5
test,47034,16,30786325578215,0.5,False,0.85,1.0,0.2891132614304912,3,3,4.705882352941177
test,47034,16,30786325578215,0.75,False,0.9,1.0,0.18706965252476243,2,2,2.7222222222222223
test,47034,16,30786325578215,0.9,True,1.0,0.09909909909909903,0.04114576896862027,0,0,1.1
test,47034,16,30786325578215,1.0,True,1.0,0.0,0.0,0,0,0.0
test,47034,17,24189255818308,0.25,False,0.65,1.0,0.4521840477336713,7,7,2.0
test,47034,17,24189255818308,0.5,False,0.8,1.0,0.2520248488123818,4,4,1.5
test,47034,17,24189255818308,0.75,False,0.9,1.0,0.15735633269263632,2,2,1.7777777777777777
test,47034,17,24189255818308,0.9,False,0.9,1.0,0.13449297453299663,2,2,0.8333333333333334
test,47034,17,24189255818308,1.0,True,1.0,0.0,0.0,0,0,0.0
test,47034,18,15393162789346,0.25,False,0.6,1.0,0.5391556015352208,8,8,5.25
test,47034,18,15393162789346,0.5,False,0.85,1.0,0.22934279717055786,3,3,2.8823529411764706
test,47034,18,15393162789346,0.75,False,0.9,1.0,0.15400156795678882,2,2,2.5
test,47034,18,15393162789346,0.9,False,0.95,1.0,0.08734931992919251,1,1,2.1052631578947367
test,47034,18,15393162789346,1.0,True,1.0,0.0,0.0,0,0,0.0
test,47034,19,26388279069359,0.25,False,0.75,1.0,0.4179470510059759,5,5,3.2
test,47034,19,26388279069359,0.5,False,0.75,1.0,0.3155667664154639,5,5,2.1333333333333333
test,47034,19,26388279069359,0.75,False,0.85,1.0,0.19997728721190472,3,3,1.411764705882353
test,47034,19,26388279069359,0.9,False,0.95,1.0,0.07163360869562971,1,1,0.8421052631578947
test,47034,19,26388279069359,1.0,True,1.0,0.0,0.0,0,0,0.0
test,47035,0,2199023262215,0.25,False,0.75,1.0,0.39801062970534784,5,5,4.6
test,47035,0,2199023262215,0.5,False,0.85,1.0,0.22682762366748804,3,3,2.7058823529411766
test,47035,0,2199023262215,0.75,False,0.9,1.0,0.16037051185672735,2,2,1.4444444444444444
test,47035,0,2199023262215,0.9,True,1.0,0.11111111111111108,0.04149860376673847,0,0,1.2
test,47035,0,2199023262215,1.0,True,1.0,0.0,0.0,0,0,0.0
test,47035,1,10995116281525,0.25,False,0.6,1.0,0.5786489219781281,8,8,6.416666666666667
test,47035,1,10995116281525,0.5,False,0.75,1.0,0.37211632294899855,5,5,3.533333333333333
test,47035,1,10995116281525,0.75,False,0.8,1.0,0.27658949156219365,4,4,2.625
test,47035,1,10995116281525,0.9,False,0.85,1.0,0.1897548359521895,3,3,1.0588235294117647
test,47035,1,10995116281525,1.0,True,1.0,0.0,0.0,0,0,0.0
test,47035,2,17592186053645,0.25,False,0.65,1.0,0.5140840541433681,7,7,4.923076923076923
test,47035,2,17592186053645,0.5,False,0.8,1.0,0.29376805932309746,4,4,3.25
test,47035,2,17592186053645,0.75,False,0.85,1.0,0.20749880895761988,3,3,2.588235294117647
test,47035,2,17592186053645,0.9,True,1.0,0.07859078590785906,0.03876426962939976,0,0,1.6
test,47035,2,17592186053645,1.0,True,1.0,0.0,0.0,0,0,0.0
test,47035,3,28587302328950,0.25,False,0.65,1.0,0.45243452958143254,7,7,3.230769230769231
test,47035,3,28587302328950,0.5,False,0.8,1.0,0.27773262705774576,4,4,3.0625
test,47035,3,28587302328950,0.75,False,0.85,1.0,0.20110326852313504,3,3,3.0
test,47035,3,28587302328950,0.9,False,0.95,1.0,0.08376658615185864,1,1,1.3157894736842106
test,47035,3,28587302328950,1.0,True,1.0,0.0,0.0,0,0,0.0
test,47035,4,15393162793550,0.25,False,0.6,1.0,0.5093571606573153,8,8,3.8333333333333335
test,47035,4,15393162793550,0.5,False,0.7,1.0,0.3603818956914765,6,6,2.642857142857143
test,47035,4,15393162793550,0.75,False,0.8,1.0,0.24159361307064797,4,4,1.5
test,47035,4,15393162793550,0.9,False,0.95,1.0,0.09354293000711726,1,1,1.9473684210526316
test,47035,4,15393162793550,1.0,True,1.0,0.0,0.0,0,0,0.0
test,47035,5,30786325579731,0.25,False,0.7,1.0,0.43015080387106214,6,6,4.928571428571429
test,47035,5,30786325579731,0.5,False,0.75,1.0,0.3443659373454885,5,5,2.4
test,47035,5,30786325579731,0.75,False,0.85,1.0,0.20496340283686995,3,3,1.7647058823529411
test,47035,5,30786325579731,0.9,False,0.95,1.0,0.08824863206274683,1,1,1.105263157894737
test,47035,5,30786325579731,1.0,True,1.0,0.0,0.0,0,0,0.0
test,47035,6,13194139533366,0.25,True,1.0,0.0,0.0,0,0,0.0
test,47035,6,13194139533366,0.5,True,1.0,0.0,0.0,0,0,0.0
test,47035,6,13194139533366,0.75,True,1.0,0.0,0.0,0,0,0.0
test,47035,6,13194139533366,0.9,True,1.0,0.0,0.0,0,0,0.0
test,47035,6,13194139533366,1.0,True,1.0,0.0,0.0,0,0,0.0
test,47035,7,21990232564633,0.25,False,0.65,1.0,0.4709244354138521,7,7,4.0
test,47035,7,21990232564633,0.5,False,0.8,1.0,0.3015498490544189,4,4,3.875
test,47035,7,21990232564633,0.75,False,0.9,1.0,0.16552093053097167,2,2,2.0555555555555554
test,47035,7,21990232564633,0.9,False,0.95,1.0,0.08178134198548558,1,1,1.0
test,47035,7,21990232564633,1.0,True,1.0,0.0,0.0,0,0,0.0
test,47035,8,30786325577964,0.25,False,0.65,1.4,0.6525674488909783,7,7,3.4615384615384617
test,47035,8,30786325577964,0.5,False,0.75,1.0,0.4527881881190705,5,5,2.933333333333333
test,47035,8,30786325577964,0.75,False,0.9,1.0,0.2208097838980192,2,2,2.388888888888889
test,47035,8,30786325577964,0.9,False,0.95,1.0,0.1276582372783353,1,1,2.473684210526316
test,47035,8,30786325577964,1.0,True,1.0,0.0,0.0,0,0,0.0
test,47035,9,2199023256351,0.25,False,0.7,1.0,0.38631285439900087,6,6,3.0714285714285716
test,47035,9,2199023256351,0.5,False,0.75,1.0,0.31247507009324527,5,5,1.8666666666666667
test,47035,9,2199023256351,0.75,False,0.85,1.0,0.19126448820376066,3,3,1.6470588235294117
test,47035,9,2199023256351,0.9,False,0.95,1.0,0.08264806681418876,1,1,1.1578947368421053
test,47035,9,2199023256351,1.0,True,1.0,0.0,0.0,0,0,0.0
test,47035,10,32985348835319,0.25,False,0.6,1.0,0.5083214977289201,8,8,3.0833333333333335
test,47035,10,32985348835319,0.5,False,0.8,1.0,0.3199238123133766,4,4,3.4375
test,47035,10,32985348835319,0.75,False,0.9,1.0,0.16252049586295586,2,2,1.5555555555555556
test,47035,10,32985348835319,0.9,False,0.9,1.0,0.13491540110460148,2,2,1.2777777777777777
test,47035,10,32985348835319,1.0,True,1.0,0.0,0.0,0,0,0.0
test,47035,11,28587302324330,0.25,False,0.5,1.0,0.5766727539661131,10,10,1.8
test,47035,11,28587302324330,0.5,False,0.7,1.0,0.3642098291368138,6,6,2.7142857142857144
test,47035,11,28587302324330,0.75,False,0.75,1.0,0.29162169725796583,5,5,1.7333333333333334
test,47035,11,28587302324330,0.9,False,0.85,1.0,0.18503530205255875,3,3,1.2941176470588236
test,47035,11,28587302324330,1.0,True,1.0,0.0,0.0,0,0,0.0
test,47035,12,28587302331918,0.25,False,0.65,1.0,0.4476229142793187,7,7,2.923076923076923
test,47035,12,28587302331918,0.5,False,0.8,1.0,0.2759869764907908,4,4,2.875
test,47035,12,28587302331918,0.75,False,0.8,1.0,0.25164773169095384,4,4,1.5625
test,47035,12,28587302331918,0.9,False,0.9,1.0,0.12274461761321184,2,2,0.4444444444444444
test,47035,12,28587302331918,1.0,True,1.0,0.0,0.0,0,0,0.0
test,47035,13,4398046519752,0.25,False,0.55,1.0,0.5517058043121595,9,9,3.5454545454545454
test,47035,13,4398046519752,0.5,False,0.8,1.0,0.2989384439264121,4,4,4.0
test,47035,13,4398046519752,0.75,False,0.9,1.0,0.15114883525399453,2,2,1.6111111111111112
test,47035,13,4398046519752,0.9,False,0.9,1.0,0.12544956627636197,2,2,0.8333333333333334
test,47035,13,4398046519752,1.0,True,1.0,0.0,0.0,0,0,0.0
test,47035,14,32985348841588,0.25,True,1.0,0.0,0.0,0,0,0.0
test,47035,14,32985348841588,0.5,True,1.0,0.0,0.0,0,0,0.0
test,47035,14,32985348841588,0.75,True,1.0,0.0,0.0,0,0,0.0
test,47035,14,32985348841588,0.9,True,1.0,0.0,0.0,0,0,0.0
test,47035,14,32985348841588,1.0,True,1.0,0.0,0.0,0,0,0.0
test,47035,15,6597069772017,0.25,False,0.5,1.0,0.5776328652835396,10,10,3.5
test,47035,15,6597069772017,0.5,False,0.7,1.0,0.3721934403200532,6,6,1.9285714285714286
test,47035,15,6597069772017,0.75,False,0.85,1.0,0.20545393497718517,3,3,2.3529411764705883
test,47035,15,6597069772017,0.9,False,0.95,1.0,0.07973836465094909,1,1,0.9473684210526315
test,47035,15,6597069772017,1.0,True,1.0,0.0,0.0,0,0,0.0
test,47035,16,30786325578215,0.25,False,0.5,1.0,0.5690014134181581,10,10,3.1
test,47035,16,30786325578215,0.5,False,0.8,1.0,0.26909721530711356,4,4,2.5
test,47035,16,30786325578215,0.75,False,0.85,1.0,0.20645594380340224,3,3,1.411764705882353
test,47035,16,30786325578215,0.9,False,0.9,1.0,0.13811270931774136,2,2,1.2777777777777777
test,47035,16,30786325578215,1.0,True,1.0,0.0,0.0,0,0,0.0
test,47035,17,24189255818308,0.25,False,0.65,1.0,0.5073419545140516,7,7,5.769230769230769
test,47035,17,24189255818308,0.5,False,0.85,1.0,0.24461969793348648,3,3,3.4705882352941178
test,47035,17,24189255818308,0.75,False,0.85,1.0,0.2189642169804495,3,3,2.9411764705882355
test,47035,17,24189255818308,0.9,False,0.9,1.0,0.12871105999840954,2,2,1.2777777777777777
test,47035,17,24189255818308,1.0,True,1.0,0.0,0.0,0,0,0.0
test,47035,18,15393162789346,0.25,False,0.6,1.0,0.490622794335888,8,8,3.6666666666666665
test,47035,18,15393162789346,0.5,False,0.85,1.0,0.21269931225448743,3,3,3.0
test,47035,18,15393162789346,0.75,False,0.95,1.0,0.11094778650235662,1,1,2.8947368421052633
test,47035,18,15393162789346,0.9,True,1.0,0.11111111111111106,0.04071882833601691,0,0,1.6
test,47035,18,15393162789346,1.0,True,1.0,0.0,0.0,0,0,0.0
test,47035,19,26388279069359,0.25,False,0.65,1.0,0.44260570189524184,7,7,3.4615384615384617
test,47035,19,26388279069359,0.5,False,0.85,1.0,0.22675126742430182,3,3,2.0588235294117645
test,47035,19,26388279069359,0.75,False,0.9,1.0,0.15883917453161192,2,2,1.6666666666666667
test,47035,19,26388279069359,0.9,False,0.95,1.0,0.09090168029088583,1,1,1.1578947368421053
test,47035,19,26388279069359,1.0,True,1.0,0.0,0.0,0,0,0.0
test,47036,0,2199023262215,0.25,False,0.65,1.0,0.44332260529969403,7,7,2.6923076923076925
test,47036,0,2199023262215,0.5,False,0.8,1.0,0.26583603209091533,4,4,1.8125
test,47036,0,2199023262215,0.75,False,0.95,1.0,0.10363739943464148,1,1,2.263157894736842
test,47036,0,2199023262215,0.9,False,0.95,1.0,0.09518658953356292,1,1,1.7894736842105263
test,47036,0,2199023262215,1.0,True,1.0,0.0,0.0,0,0,0.0
test,47036,1,10995116281525,0.25,False,0.6,1.0,0.5606858721723592,8,8,4.583333333333333
test,47036,1,10995116281525,0.5,False,0.85,1.0,0.24241607315495242,3,3,1.1176470588235294
test,47036,1,10995116281525,0.75,False,0.9,1.0,0.16466240954230735,2,2,1.9444444444444444
test,47036,1,10995116281525,0.9,False,0.95,1.0,0.09830371822365368,1,1,1.631578947368421
test,47036,1,10995116281525,1.0,True,1.0,0.0,0.0,0,0,0.0
test,47036,2,17592186053645,0.25,False,0.65,1.0,0.45431052740431355,7,7,3.923076923076923
test,47036,2,17592186053645,0.5,False,0.8,1.0,0.28686999826451703,4,4,4.1875
test,47036,2,17592186053645,0.75,False,0.95,1.0,0.1243241168415028,1,1,2.1578947368421053
test,47036,2,17592186053645,0.9,False,0.95,1.0,0.09394510218559866,1,1,1.263157894736842
test,47036,2,17592186053645,1.0,True,1.0,0.0,0.0,0,0,0.0
test,47036,3,28587302328950,0.25,False,0.7,1.0,0.3976466675974063,6,6,4.928571428571429
test,47036,3,28587302328950,0.5,False,0.75,1.0,0.32230151819265057,5,5,3.466666666666667
test,47036,3,28587302328950,0.75,False,0.85,1.0,0.20383009417968015,3,3,3.0
test,47036,3,28587302328950,0.9,False,0.9,1.0,0.13685149123579238,2,2,2.111111111111111
test,47036,3,28587302328950,1.0,True,1.0,0.0,0.0,0,0,0.0
test,47036,4,15393162793550,0.25,False,0.55,1.0,0.5520040719184558,9,9,4.090909090909091
test,47036,4,15393162793550,0.5,False,0.65,1.0,0.40183560813584657,7,7,2.6153846153846154
test,47036,4,15393162793550,0.75,False,0.85,1.0,0.20411600778943254,3,3,2.6470588235294117
test,47036,4,15393162793550,0.9,True,1.0,0.11111111111111101,0.040991733571695624,0,0,1.7
test,47036,4,15393162793550,1.0,True,1.0,0.0,0.0,0,0,0.0
test,47036,5,30786325579731,0.25,False,0.65,1.0,0.5171677892078349,7,7,5.538461538461538
test,47036,5,30786325579731,0.5,False,0.85,1.0,0.25013646487768215,3,3,3.235294117647059
test,47036,5,30786325579731,0.75,False,0.9,1.0,0.14527493120382662,2,2,1.6111111111111112
test,47036,5,30786325579731,0.9,False,0.9,1.0,0.1532297452528155,2,2,1.9444444444444444
test,47036,5,30786325579731,1.0,True,1.0,0.0,0.0,0,0,0.0
test,47036,6,13194139533366,0.25,True,1.0,0.0,0.0,0,0,0.0
test,47036,6,13194139533366,0.5,True,1.0,0.0,0.0,0,0,0.0
test,47036,6,13194139533366,0.75,True,1.0,0.0,0.0,0,0,0.0
test,47036,6,13194139533366,0.9,True,1.0,0.0,0.0,0,0,0.0
test,47036,6,13194139533366,1.0,True,1.0,0.0,0.0,0,0,0.0
test,47036,7,21990232564633,0.25,False,0.75,1.0,0.39682569467485257,5,5,3.6666666666666665
test,47036,7,21990232564633,0.5,False,0.85,1.0,0.24601032677984908,3,3,2.8823529411764706
test,47036,7,21990232564633,0.75,False,0.95,1.0,0.10812862854138064,1,1,1.2105263157894737
test,47036,7,21990232564633,0.9,False,0.95,1.0,0.08652651815355177,1,1,1.1578947368421053
test,47036,7,21990232564633,1.0,True,1.0,0.0,0.0,0,0,0.0
test,47036,8,30786325577964,0.25,False,0.5,1.2222222222222223,0.6431556841850959,10,10,4.2
test,47036,8,30786325577964,0.5,False,0.7,1.0,0.45621415349356526,6,6,3.5714285714285716
test,47036,8,30786325577964,0.75,False,0.8,1.0,0.28486613604260663,4,4,2.875
test,47036,8,30786325577964,0.9,False,0.95,1.0,0.13887418182761319,1,1,2.8947368421052633
test,47036,8,30786325577964,1.0,True,1.0,0.0,0.0,0,0,0.0
test,47036,9,2199023256351,0.25,False,0.65,1.0,0.4589082593897918,7,7,3.8461538461538463
test,47036,9,2199023256351,0.5,False,0.75,1.0,0.3270248130723755,5,5,3.6666666666666665
test,47036,9,2199023256351,0.75,False,0.95,1.0,0.10297582920413666,1,1,2.3684210526315788
test,47036,9,2199023256351,0.9,True,1.0,0.08396946564885496,0.04627316188001846,0,0,1.2
test,47036,9,2199023256351,1.0,True,1.0,0.0,0.0,0,0,0.0
test,47036,10,32985348835319,0.25,False,0.75,1.0,0.3906197196838097,5,5,4.0
test,47036,10,32985348835319,0.5,False,0.8,1.0,0.3103399758794366,4,4,3.5625
test,47036,10,32985348835319,0.75,False,0.85,1.0,0.2052339194164118,3,3,2.0588235294117645
test,47036,10,32985348835319,0.9,False,0.9,1.0,0.13847602402210707,2,2,1.4444444444444444
test,47036,10,32985348835319,1.0,True,1.0,0.0,0.0,0,0,0.0
test,47036,11,28587302324330,0.25,False,0.65,1.0,0.48583148352276523,7,7,3.8461538461538463
test,47036,11,28587302324330,0.5,False,0.8,1.0,0.2755005331647884,4,4,2.25
test,47036,11,28587302324330,0.75,False,0.8,1.0,0.24435752490518015,4,4,1.6875
test,47036,11,28587302324330,0.9,False,0.95,1.0,0.10025550158638823,1,1,1.5263157894736843
test,47036,11,28587302324330,1.0,True,1.0,0.0,0.0,0,0,0.0
test,47036,12,28587302331918,0.25,False,0.6,1.0,0.48353398416814386,8,8,3.0833333333333335
test,47036,12,28587302331918,0.5,False,0.85,1.0,0.218371511975162,3,3,2.2941176470588234
test,47036,12,28587302331918,0.75,False,0.9,1.0,0.14811320711452552,2,2,1.3333333333333333
test,47036,12,28587302331918,0.9,True,1.0,0.09195402298850566,0.040713416504648665,0,0,1.2
test,47036,12,28587302331918,1.0,True,1.0,0.0,0.0,0,0,0.0
test,47036,13,4398046519752,0.25,False,0.45,1.0,0.6128404860715013,11,11,3.2222222222222223
test,47036,13,4398046519752,0.5,False,0.8,1.0,0.27154801123858524,4,4,2.8125
test,47036,13,4398046519752,0.75,False,0.8,1.0,0.23395350427798994,4,4,1.25
test,47036,13,4398046519752,0.9,False,0.85,1.0,0.17591521560825044,3,3,0.6470588235294118
test,47036,13,4398046519752,1.0,True,1.0,0.0,0.0,0,0,0.0
test,47036,14,32985348841588,0.25,True,1.0,0.0,0.0,0,0,0.0
test,47036,14,32985348841588,0.5,True,1.0,0.0,0.0,0,0,0.0
test,47036,14,32985348841588,0.75,True,1.0,0.0,0.0,0,0,0.0
test,47036,14,32985348841588,0.9,True,1.0,0.0,0.0,0,0,0.0
test,47036,14,32985348841588,1.0,True,1.0,0.0,0.0,0,0,0.0
test,47036,15,6597069772017,0.25,False,0.65,1.0,0.4575055333592233,7,7,4.0
test,47036,15,6597069772017,0.5,False,0.8,1.0,0.2701984773284528,4,4,2.75
test,47036,15,6597069772017,0.75,False,0.75,1.0,0.2886205097430048,5,5,1.4
test,47036,15,6597069772017,0.9,False,0.9,1.0,0.1349310237251667,2,2,1.1666666666666667
test,47036,15,6597069772017,1.0,True,1.0,0.0,0.0,0,0,0.0
test,47036,16,30786325578215,0.25,False,0.7,1.0,0.4616876179021682,6,6,3.2142857142857144
test,47036,16,30786325578215,0.5,False,0.9,1.0,0.20882962045497627,2,2,3.0555555555555554
test,47036,16,30786325578215,0.75,False,0.9,1.0,0.14564525484148666,2,2,1.4444444444444444
test,47036,16,30786325578215,0.9,False,0.95,1.0,0.08808654607053258,1,1,1.5263157894736843
test,47036,16,30786325578215,1.0,True,1.0,0.0,0.0,0,0,0.0
test,47036,17,24189255818308,0.25,False,0.55,1.0,0.5929432007285842,9,9,3.8181818181818183
test,47036,17,24189255818308,0.5,False,0.75,1.0,0.3442000044546529,5,5,3.4
test,47036,17,24189255818308,0.75,False,0.9,1.0,0.17269612197837417,2,2,2.5
test,47036,17,24189255818308,0.9,False,0.95,1.0,0.10284461509442425,1,1,1.5263157894736843
test,47036,17,24189255818308,1.0,True,1.0,0.0,0.0,0,0,0.0
test,47036,18,15393162789346,0.25,False,0.55,1.0,0.5353556559356147,9,9,4.636363636363637
test,47036,18,15393162789346,0.5,False,0.75,1.0,0.30947523750461114,5,5,3.6666666666666665
test,47036,18,15393162789346,0.75,False,0.8,1.0,0.2487819585237026,4,4,2.625
test,47036,18,15393162789346,0.9,False,0.9,1.0,0.14717273278148962,2,2,1.9444444444444444
test,47036,18,15393162789346,1.0,True,1.0,0.0,0.0,0,0,0.0
test,47036,19,26388279069359,0.25,False,0.75,1.0,0.3750592552903656,5,5,3.533333333333333
test,47036,19,26388279069359,0.5,False,0.85,1.0,0.2293675088223237,3,3,2.1176470588235294
test,47036,19,26388279069359,0.75,False,0.85,1.0,0.2046818387934338,3,3,1.3529411764705883
test,47036,19,26388279069359,0.9,False,0.85,1.0,0.17830370431174125,3,3,0.8823529411764706
test,47036,19,26388279069359,1.0,True,1.0,0.0,0.0,0,0,0.0
test,47037,0,2199023262215,0.25,False,0.6,1.0,0.5103768607913765,8,8,3.6666666666666665
test,47037,0,2199023262215,0.5,False,0.95,1.0,0.15540150614623102,1,1,2.9473684210526314
test,47037,0,2199023262215,0.75,False,0.95,1.0,0.10824610208814538,1,1,2.3157894736842106
test,47037,0,2199023262215,0.9,False,0.95,1.0,0.08712892737809423,1,1,1.9473684210526316
test,47037,0,2199023262215,1.0,True,1.0,0.0,0.0,0,0,0.0
test,47037,1,10995116281525,0.25,False,0.7,1.0,0.5121794732246097,6,6,2.0
test,47037,1,10995116281525,0.5,False,0.7,1.0,0.44264356766861146,6,6,2.357142857142857
test,47037,1,10995116281525,0.75,False,0.9,1.0,0.1775775164716772,2,2,1.8333333333333333
test,47037,1,10995116281525,0.9,False,0.95,1.0,0.09340022806735351,1,1,1.368421052631579
test,47037,1,10995116281525,1.0,True,1.0,0.0,0.0,0,0,0.0
test,47037,2,17592186053645,0.25,False,0.55,1.0,0.564024017459836,9,9,5.7272727272727275
test,47037,2,17592186053645,0.5,False,0.75,1.0,0.35396411766838176,5,5,3.1333333333333333
test,47037,2,17592186053645,0.75,False,0.85,1.0,0.20928993552865607,3,3,2.6470588235294117
test,47037,2,17592186053645,0.9,False,0.85,1.0,0.17584451768164086,3,3,1.4705882352941178
test,47037,2,17592186053645,1.0,True,1.0,0.0,0.0,0,0,0.0
test,47037,3,28587302328950,0.25,False,0.8,1.0,0.3717728993933164,4,4,5.9375
test,47037,3,28587302328950,0.5,False,0.75,1.0,0.3496012169992261,5,5,2.8
test,47037,3,28587302328950,0.75,False,0.8,1.0,0.25783426712221136,4,4,2.5625
test,47037,3,28587302328950,0.9,False,0.9,1.0,0.13137977146513233,2,2,1.6666666666666667
test,47037,3,28587302328950,1.0,True,1.0,0.0,0.0,0,0,0.0
test,47037,4,15393162793550,0.25,False,0.6,1.0,0.49007369981915305,8,8,2.6666666666666665
test,47037,4,15393162793550,0.5,False,0.75,1.0,0.3260909555471675,5,5,2.466666666666667
test,47037,4,15393162793550,0.75,False,0.9,1.0,0.14610363575705537,2,2,2.0555555555555554
test,47037,4,15393162793550,0.9,False,0.95,1.0,0.07735451095815878,1,1,0.7368421052631579
test,47037,4,15393162793550,1.0,True,1.0,0.0,0.0,0,0,0.0
test,47037,5,30786325579731,0.25,False,0.65,1.0,0.4361442645753414,7,7,2.923076923076923
test,47037,5,30786325579731,0.5,False,0.85,1.0,0.23019386694449398,3,3,2.1176470588235294
test,47037,5,30786325579731,0.75,False,0.9,1.0,0.16180519037326474,2,2,2.2222222222222223
test,47037,5,30786325579731,0.9,True,1.0,0.08641975308641968,0.029250257970537284,0,0,1.6
test,47037,5,30786325579731,1.0,True,1.0,0.0,0.0,0,0,0.0
test,47037,6,13194139533366,0.25,True,1.0,0.0,0.0,0,0,0.0
test,47037,6,13194139533366,0.5,True,1.0,0.0,0.0,0,0,0.0
test,47037,6,13194139533366,0.75,True,1.0,0.0,0.0,0,0,0.0
test,47037,6,13194139533366,0.9,True,1.0,0.0,0.0,0,0,0.0
test,47037,6,13194139533366,1.0,True,1.0,0.0,0.0,0,0,0.0
test,47037,7,21990232564633,0.25,False,0.65,1.0,0.5182040744780618,7,7,3.1538461538461537
test,47037,7,21990232564633,0.5,False,0.85,1.0,0.2282576682281719,3,3,2.2941176470588234
test,47037,7,21990232564633,0.75,False,0.9,1.0,0.15145119335821114,2,2,1.1666666666666667
test,47037,7,21990232564633,0.9,False,0.95,1.0,0.08665463332678466,1,1,1.1578947368421053
test,47037,7,21990232564633,1.0,True,1.0,0.0,0.0,0,0,0.0
test,47037,8,30786325577964,0.25,False,0.55,1.0,0.6226104777575366,9,9,3.6363636363636362
test,47037,8,30786325577964,0.5,False,0.75,1.0,0.42146297330120863,5,5,3.466666666666667
test,47037,8,30786325577964,0.75,False,0.8,1.0,0.31883962442785974,4,4,3.125
test,47037,8,30786325577964,0.9,False,0.9,1.0,0.1484329486780467,2,2,2.111111111111111
test,47037,8,30786325577964,1.0,True,1.0,0.0,0.0,0,0,0.0
test,47037,9,2199023256351,0.25,False,0.7,1.0,0.45085173585649774,6,6,4.0
test,47037,9,2199023256351,0.5,False,0.85,1.0,0.24284649665162314,3,3,1.7647058823529411
test,47037,9,2199023256351,0.75,False,0.85,1.0,0.1856956033476566,3,3,1.0588235294117647
test,47037,9,2199023256351,0.9,False,0.85,1.0,0.17796435673708905,3,3,1.2352941176470589
test,47037,9,2199023256351,1.0,True,1.0,0.0,0.0,0,0,0.0
test,47037,10,32985348835319,0.25,False,0.65,1.0,0.45466441225116583,7,7,4.0
test,47037,10,32985348835319,0.5,False,0.7,1.0,0.38240022996351447,6,6,2.0
test,47037,10,32985348835319,0.75,False,0.85,1.0,0.1886900827793759,3,3,1.6470588235294117
test,47037,10,32985348835319,0.9,False,0.85,1.0,0.1835164434915047,3,3,1.5294117647058822
test,47037,10,32985348835319,1.0,True,1.0,0.0,0.0,0,0,0.0
test,47037,11,28587302324330,0.25,False,0.6,1.0,0.4890986394974721,8,8,3.3333333333333335
test,47037,11,28587302324330,0.5,False,0.8,1.0,0.2754829474367741,4,4,1.75
test,47037,11,28587302324330,0.75,False,0.95,1.0,0.10421912494845983,1,1,2.1052631578947367
test,47037,11,28587302324330,0.9,False,0.95,1.0,0.08324689712159934,1,1,1.0526315789473684
test,47037,11,28587302324330,1.0,True,1.0,0.0,0.0,0,0,0.0
test,47037,12,28587302331918,0.25,False,0.7,1.0,0.44506981217367125,6,6,3.857142857142857
test,47037,12,28587302331918,0.5,False,0.9,1.0,0.20656933732147947,2,2,1.8333333333333333
test,47037,12,28587302331918,0.75,False,0.95,1.0,0.11067742346942462,1,1,1.5263157894736843
test,47037,12,28587302331918,0.9,True,1.0,0.08527131782945731,0.03639508356368108,0,0,1.1
test,47037,12,28587302331918,1.0,True,1.0,0.0,0.0,0,0,0.0
test,47037,13,4398046519752,0.25,False,0.65,1.0,0.4597010032192942,7,7,2.4615384615384617
test,47037,13,4398046519752,0.5,False,0.8,1.0,0.28667307999610886,4,4,3.0
test,47037,13,4398046519752,0.75,False,0.85,1.0,0.19254409946116974,3,3,1.7058823529411764
test,47037,13,4398046519752,0.9,False,0.9,1.0,0.12815654572566879,2,2,1.0555555555555556
test,47037,13,4398046519752,1.0,True,1.0,0.0,0.0,0,0,0.0
test,47037,14,32985348841588,0.25,True,1.0,0.0,0.0,0,0,0.0
test,47037,14,32985348841588,0.5,True,1.0,0.0,0.0,0,0,0.0
test,47037,14,32985348841588,0.75,True,1.0,0.0,0.0,0,0,0.0
test,47037,14,32985348841588,0.9,True,1.0,0.0,0.0,0,0,0.0
test,47037,14,32985348841588,1.0,True,1.0,0.0,0.0,0,0,0.0
test,47037,15,6597069772017,0.25,False,0.6,1.0,0.5007350585535838,8,8,2.1666666666666665
test,47037,15,6597069772017,0.5,False,0.75,1.0,0.29042059398733866,5,5,1.3333333333333333
test,47037,15,6597069772017,0.75,False,0.9,1.0,0.13509197885845012,2,2,1.6111111111111112
test,47037,15,6597069772017,0.9,False,0.95,1.0,0.07901548859370086,1,1,0.8947368421052632
test,47037,15,6597069772017,1.0,True,1.0,0.0,0.0,0,0,0.0
test,47037,16,30786325578215,0.25,False,0.65,1.0,0.4762297339159292,7,7,5.0
test,47037,16,30786325578215,0.5,False,0.85,1.0,0.2559866788068145,3,3,3.7058823529411766
test,47037,16,30786325578215,0.75,False,0.9,1.0,0.16393296602775045,2,2,2.7777777777777777
test,47037,16,30786325578215,0.9,False,0.95,1.0,0.09315833167420404,1,1,2.1578947368421053
test,47037,16,30786325578215,1.0,True,1.0,0.0,0.0,0,0,0.0
test,47037,17,24189255818308,0.25,False,0.75,1.0,0.39055139776785064,5,5,4.466666666666667
test,47037,17,24189255818308,0.5,False,0.8,1.0,0.29492567568260486,4,4,2.6875
test,47037,17,24189255818308,0.75,False,0.9,1.0,0.15731078037513116,2,2,1.8333333333333333
test,47037,17,24189255818308,0.9,False,0.9,1.0,0.13168604941197287,2,2,1.0
test,47037,17,24189255818308,1.0,True,1.0,0.0,0.0,0,0,0.0
test,47037,18,15393162789346,0.25,False,0.65,1.0,0.46222573308649295,7,7,3.923076923076923
test,47037,18,15393162789346,0.5,False,0.9,1.0,0.2113190517894305,2,2,3.7222222222222223
test,47037,18,15393162789346,0.75,False,0.85,1.0,0.2201952792077168,3,3,3.588235294117647
test,47037,18,15393162789346,0.9,False,0.95,1.0,0.0960370271225663,1,1,2.3157894736842106
test,47037,18,15393162789346,1.0,True,1.0,0.0,0.0,0,0,0.0
test,47037,19,26388279069359,0.25,False,0.65,1.0,0.5017167409231972,7,7,4.923076923076923
test,47037,19,26388279069359,0.5,False,0.65,1.0,0.41805575217527824,7,7,1.6153846153846154
test,47037,19,26388279069359,0.75,False,0.85,1.0,0.19271258435523186,3,3,1.1176470588235294
test,47037,19,26388279069359,0.9,False,0.9,1.0,0.129899986213228,2,2,1.1111111111111112
test,47037,19,26388279069359,1.0,True,1.0,0.0,0.0,0,0,0.0
test,47038,0,2199023262215,0.25,False,0.6,1.0,0.5097461873312193,8,8,4.583333333333333
test,47038,0,2199023262215,0.5,False,0.7,1.0,0.3612610407317122,6,6,3.0714285714285716
test,47038,0,2199023262215,0.75,False,0.85,1.0,0.20106073492820165,3,3,2.1176470588235294
test,47038,0,2199023262215,0.9,False,0.95,1.0,0.08352434038954791,1,1,1.368421052631579
test,47038,0,2199023262215,1.0,True,1.0,0.0,0.0,0,0,0.0
test,47038,1,10995116281525,0.25,False,0.5,1.0,0.5960321185810908,10,10,6.8
test,47038,1,10995116281525,0.5,False,0.75,1.0,0.34014914828174353,5,5,3.466666666666667
test,47038,1,10995116281525,0.75,False,0.8,1.0,0.25269605985266547,4,4,2.625
test,47038,1,10995116281525,0.9,False,0.9,1.0,0.15293738465736315,2,2,2.1666666666666665
test,47038,1,10995116281525,1.0,True,1.0,0.0,0.0,0,0,0.0
test,47038,2,17592186053645,0.25,False,0.65,1.0,0.4542526384714075,7,7,3.923076923076923
test,47038,2,17592186053645,0.5,False,0.8,1.0,0.27944520682238794,4,4,2.875
test,47038,2,17592186053645,0.75,False,0.85,1.0,0.20878844392381674,3,3,1.5294117647058822
test,47038,2,17592186053645,0.9,False,0.9,1.0,0.1336418581813194,2,2,1.1666666666666667
test,47038,2,17592186053645,1.0,True,1.0,0.0,0.0,0,0,0.0
test,47038,3,28587302328950,0.25,False,0.6,1.0,0.5355922423293032,8,8,3.4166666666666665
test,47038,3,28587302328950,0.5,False,0.75,1.0,0.32868452798818143,5,5,2.6
test,47038,3,28587302328950,0.75,False,0.85,1.0,0.2161467068231151,3,3,2.4705882352941178
test,47038,3,28587302328950,0.9,False,0.8,1.0,0.23801507116778872,4,4,1.8125
test,47038,3,28587302328950,1.0,True,1.0,0.0,0.0,0,0,0.0
test,47038,4,15393162793550,0.25,False,0.55,1.0,0.5189652350039504,9,9,3.4545454545454546
test,47038,4,15393162793550,0.5,False,0.85,1.0,0.21676523041750206,3,3,3.1176470588235294
test,47038,4,15393162793550,0.75,False,0.85,1.0,0.19718414544172919,3,3,2.0
test,47038,4,15393162793550,0.9,False,0.9,1.0,0.13239526945562047,2,2,1.2777777777777777
test,47038,4,15393162793550,1.0,True,1.0,0.0,0.0,0,0,0.0
test,47038,5,30786325579731,0.25,False,0.6,1.0,0.47378829605118356,8,8,2.9166666666666665
test,47038,5,30786325579731,0.5,False,0.85,1.0,0.22675487130144636,3,3,2.4705882352941178
test,47038,5,30786325579731,0.75,False,0.95,1.0,0.1084584589379689,1,1,2.0
test,47038,5,30786325579731,0.9,True,1.0,0.15343915343915351,0.0356265000559206,0,0,0.6
test,47038,5,30786325579731,1.0,True,1.0,0.0,0.0,0,0,0.0
test,47038,6,13194139533366,0.25,True,1.0,0.0,0.0,0,0,0.0
test,47038,6,13194139533366,0.5,True,1.0,0.0,0.0,0,0,0.0
test,47038,6,13194139533366,0.75,True,1.0,0.0,0.0,0,0,0.0
test,47038,6,13194139533366,0.9,True,1.0,0.0,0.0,0,0,0.0
test,47038,6,13194139533366,1.0,True,1.0,0.0,0.0,0,0,0.0
test,47038,7,21990232564633,0.25,False,0.6,1.0,0.49594096896438566,8,8,2.9166666666666665
test,47038,7,21990232564633,0.5,False,0.65,1.0,0.4231102050379648,7,7,2.769230769230769
test,47038,7,21990232564633,0.75,False,0.8,1.0,0.24567617272024878,4,4,1.8125
test,47038,7,21990232564633,0.9,False,0.9,1.0,0.13476385713406425,2,2,1.2222222222222223
test,47038,7,21990232564633,1.0,True,1.0,0.0,0.0,0,0,0.0
test,47038,8,30786325577964,0.25,False,0.65,1.1538461538461537,0.6179294480029773,7,7,2.6923076923076925
test,47038,8,30786325577964,0.5,False,0.7,1.0,0.4439578681122799,6,6,2.5714285714285716
test,47038,8,30786325577964,0.75,False,0.85,1.0,0.25614198981846037,3,3,2.235294117647059
test,47038,8,30786325577964,0.9,False,0.9,1.0,0.1760321468654802,2,2,2.5555555555555554
test,47038,8,30786325577964,1.0,True,1.0,0.0,0.0,0,0,0.0
test,47038,9,2199023256351,0.25,False,0.6,1.0,0.4624109568814461,8,8,2.1666666666666665
test,47038,9,2199023256351,0.5,False,0.85,1.0,0.19979447694204466,3,3,1.8235294117647058
test,47038,9,2199023256351,0.75,False,0.9,1.0,0.1527567316596366,2,2,2.0555555555555554
test,47038,9,2199023256351,0.9,False,0.9,1.0,0.1240984276132084,2,2,1.1111111111111112
test,47038,9,2199023256351,1.0,True,1.0,0.0,0.0,0,0,0.0
test,47038,10,32985348835319,0.25,False,0.75,1.0,0.3867927300456273,5,5,3.466666666666667
test,47038,10,32985348835319,0.5,False,0.85,1.0,0.23632383336804183,3,3,2.2941176470588234
test,47038,10,32985348835319,0.75,False,0.85,1.0,0.20285369706227785,3,3,1.7647058823529411
test,47038,10,32985348835319,0.9,False,0.95,1.0,0.08689156079970337,1,1,1.105263157894737
test,47038,10,32985348835319,1.0,True,1.0,0.0,0.0,0,0,0.0
test,47038,11,28587302324330,0.25,False,0.6,1.0,0.5372616045555623,8,8,4.416666666666667
test,47038,11,28587302324330,0.5,False,0.8,1.0,0.27927917120189527,4,4,2.75
test,47038,11,28587302324330,0.75,False,0.95,1.0,0.12928343389283173,1,1,2.6842105263157894
test,47038,11,28587302324330,0.9,False,0.95,1.0,0.08686290500924279,1,1,1.6842105263157894
test,47038,11,28587302324330,1.0,True,1.0,0.0,0.0,0,0,0.0
test,47038,12,28587302331918,0.25,False,0.7,1.0,0.4002695325993046,6,6,3.7857142857142856
test,47038,12,28587302331918,0.5,False,0.85,1.0,0.22491692741498875,3,3,2.764705882352941
test,47038,12,28587302331918,0.75,False,0.9,1.0,0.16075370056952526,2,2,1.6666666666666667
test,47038,12,28587302331918,0.9,True,1.0,0.07142857142857142,0.035210844809126375,0,0,1.5
test,47038,12,28587302331918,1.0,True,1.0,0.0,0.0,0,0,0.0
test,47038,13,4398046519752,0.25,False,0.7,1.0,0.42122552149278647,6,6,4.214285714285714
test,47038,13,4398046519752,0.5,False,0.75,1.0,0.31214972759353976,5,5,1.9333333333333333
test,47038,13,4398046519752,0.75,False,0.9,1.0,0.14572998431349315,2,2,1.4444444444444444
test,47038,13,4398046519752,0.9,False,0.95,1.0,0.08193041012600773,1,1,1.0526315789473684
test,47038,13,4398046519752,1.0,True,1.0,0.0,0.0,0,0,0.0
test,47038,14,32985348841588,0.25,True,1.0,0.0,0.0,0,0,0.0
test,47038,14,32985348841588,0.5,True,1.0,0.0,0.0,0,0,0.0
test,47038,14,32985348841588,0.75,True,1.0,0.0,0.0,0,0,0.0
test,47038,14,32985348841588,0.9,True,1.0,0.0,0.0,0,0,0.0
test,47038,14,32985348841588,1.0,True,1.0,0.0,0.0,0,0,0.0
test,47038,15,6597069772017,0.25,False,0.55,1.0,0.5223546291699857,9,9,2.1818181818181817
test,47038,15,6597069772017,0.5,False,0.8,1.0,0.2537518391847772,4,4,1.9375
test,47038,15,6597069772017,0.75,False,0.9,1.0,0.15283861500429205,2,2,1.7222222222222223
test,47038,15,6597069772017,0.9,True,1.0,0.12854030501089328,0.03746486837952891,0,0,1.0
test,47038,15,6597069772017,1.0,True,1.0,0.0,0.0,0,0,0.0
test,47038,16,30786325578215,0.25,False,0.7,1.0,0.4360588725882689,6,6,4.642857142857143
test,47038,16,30786325578215,0.5,False,0.7,1.0,0.353323742371766,6,6,2.2857142857142856
test,47038,16,30786325578215,0.75,False,0.85,1.0,0.21477484784912426,3,3,2.823529411764706
test,47038,16,30786325578215,0.9,False,0.95,1.0,0.09203509358026966,1,1,1.7894736842105263
test,47038,16,30786325578215,1.0,True,1.0,0.0,0.0,0,0,0.0
test,47038,17,24189255818308,0.25,False,0.55,1.0,0.541076823177107,9,9,2.909090909090909
test,47038,17,24189255818308,0.5,False,0.8,1.0,0.279073924829483,4,4,3.125
test,47038,17,24189255818308,0.75,False,0.85,1.0,0.1923439652263599,3,3,1.411764705882353
test,47038,17,24189255818308,0.9,False,0.95,1.0,0.08730061982056872,1,1,1.105263157894737
test,47038,17,24189255818308,1.0,True,1.0,0.0,0.0,0,0,0.0
test,47038,18,15393162789346,0.25,False,0.55,1.0,0.5350914499178777,9,9,3.727272727272727
test,47038,18,15393162789346,0.5,False,0.8,1.0,0.2586082083960399,4,4,3.125
test,47038,18,15393162789346,0.75,False,0.9,1.0,0.1669646360806946,2,2,3.2222222222222223
test,47038,18,15393162789346,0.9,False,0.95,1.0,0.09253707006537285,1,1,1.894736842105263
test,47038,18,15393162789346,1.0,True,1.0,0.0,0.0,0,0,0.0
test,47038,19,26388279069359,0.25,False,0.7,1.0,0.3778137420238399,6,6,2.2857142857142856
test,47038,19,26388279069359,0.5,False,0.8,1.0,0.2578202791780909,4,4,2.1875
test,47038,19,26388279069359,0.75,False,0.85,1.0,0.20611621282519543,3,3,1.9411764705882353
test,47038,19,26388279069359,0.9,False,0.95,1.0,0.07810101436002048,1,1,1.0526315789473684
test,47038,19,26388279069359,1.0,True,1.0,0.0,0.0,0,0,0.0
test,47039,0,2199023262215,0.25,False,0.6,1.0,0.5236167226558462,8,8,4.75
test,47039,0,2199023262215,0.5,False,0.9,1.0,0.16671953813308235,2,2,2.6666666666666665
test,47039,0,2199023262215,0.75,False,0.9,1.0,0.149900808415712,2,2,1.5
test,47039,0,2199023262215,0.9,False,0.95,1.0,0.0836409787777114,1,1,1.5789473684210527
test,47039,0,2199023262215,1.0,True,1.0,0.0,0.0,0,0,0.0
test,47039,1,10995116281525,0.25,False,0.6,1.0,0.5784259966607422,8,8,3.6666666666666665
test,47039,1,10995116281525,0.5,False,0.65,1.0,0.44908598107724007,7,7,4.3076923076923075
test,47039,1,10995116281525,0.75,False,0.85,1.0,0.22459544840973905,3,3,2.9411764705882355
test,47039,1,10995116281525,0.9,False,0.85,1.0,0.18920454035371476,3,3,1.5294117647058822
test,47039,1,10995116281525,1.0,True,1.0,0.0,0.0,0,0,0.0
test,47039,2,17592186053645,0.25,False,0.6,1.0,0.5155585513604403,8,8,4.083333333333333
test,47039,2,17592186053645,0.5,False,0.75,1.0,0.3087343957346843,5,5,3.0
test,47039,2,17592186053645,0.75,False,0.95,1.0,0.10077942984749337,1,1,1.9473684210526316
test,47039,2,17592186053645,0.9,False,0.95,1.0,0.09225361937485957,1,1,1.894736842105263
test,47039,2,17592186053645,1.0,True,1.0,0.0,0.0,0,0,0.0
test,47039,3,28587302328950,0.25,False,0.65,1.0,0.4450362776555564,7,7,3.4615384615384617
test,47039,3,28587302328950,0.5,False,0.8,1.0,0.25532257834646516,4,4,2.125
test,47039,3,28587302328950,0.75,False,0.9,1.0,0.1623798510293259,2,2,3.7222222222222223
test,47039,3,28587302328950,0.9,False,0.9,1.0,0.1291284710760241,2,2,1.4444444444444444
test,47039,3,28587302328950,1.0,True,1.0,0.0,0.0,0,0,0.0
test,47039,4,15393162793550,0.25,False,0.55,1.0,0.5316730998613612,9,9,3.3636363636363638
test,47039,4,15393162793550,0.5,False,0.75,1.0,0.3111720788562281,5,5,2.7333333333333334
test,47039,4,15393162793550,0.75,False,0.85,1.0,0.19570856443799864,3,3,1.5294117647058822
test,47039,4,15393162793550,0.9,False,0.95,1.0,0.0979479631369283,1,1,2.0526315789473686
test,47039,4,15393162793550,1.0,True,1.0,0.0,0.0,0,0,0.0
test,47039,5,30786325579731,0.25,False,0.6,1.0,0.5101337653247348,8,8,3.5
test,47039,5,30786325579731,0.5,False,0.85,1.0,0.23465974514404714,3,3,1.588235294117647
test,47039,5,30786325579731,0.75,False,0.85,1.0,0.20119324477584963,3,3,1.7058823529411764
test,47039,5,30786325579731,0.9,False,0.85,1.0,0.17093906482792873,3,3,0.7058823529411765
test,47039,5,30786325579731,1.0,True,1.0,0.0,0.0,0,0,0.0
test,47039,6,13194139533366,0.25,True,1.0,0.0,0.0,0,0,0.0
test,47039,6,13194139533366,0.5,True,1.0,0.0,0.0,0,0,0.0
test,47039,6,13194139533366,0.75,True,1.0,0.0,0.0,0,0,0.0
test,47039,6,13194139533366,0.9,True,1.0,0.0,0.0,0,0,0.0
test,47039,6,13194139533366,1.0,True,1.0,0.0,0.0,0,0,0.0
test,47039,7,21990232564633,0.25,False,0.5,1.0,0.5914983628477835,10,10,5.2
test,47039,7,21990232564633,0.5,False,0.8,1.0,0.25529906333216296,4,4,2.5625
test,47039,7,21990232564633,0.75,False,0.85,1.0,0.1914045337044258,3,3,1.4705882352941178
test,47039,7,21990232564633,0.9,False,0.9,1.0,0.13381306145259625,2,2,1.2222222222222223
test,47039,7,21990232564633,1.0,True,1.0,0.0,0.0,0,0,0.0
test,47039,8,30786325577964,0.25,False,0.5,1.0,0.665079120226179,10,10,5.0
test,47039,8,30786325577964,0.5,False,0.7,1.0,0.43022049437490617,6,6,2.7142857142857144
test,47039,8,30786325577964,0.75,False,0.85,1.0,0.25337521411050823,3,3,3.6470588235294117
test,47039,8,30786325577964,0.9,False,0.9,1.0,0.1671433958198664,2,2,2.0
test,47039,8,30786325577964,1.0,True,1.0,0.0,0.0,0,0,0.0
test,47039,9,2199023256351,0.25,False,0.7,1.0,0.40397882574534644,6,6,3.357142857142857
test,47039,9,2199023256351,0.5,False,0.7,1.0,0.35334725800851474,6,6,1.5714285714285714
test,47039,9,2199023256351,0.75,False,0.9,1.0,0.15354951409202353,2,2,2.2222222222222223
test,47039,9,2199023256351,0.9,False,0.95,1.0,0.07484317407595073,1,1,1.0526315789473684
test,47039,9,2199023256351,1.0,True,1.0,0.0,0.0,0,0,0.0
test,47039,10,32985348835319,0.25,False,0.75,1.0,0.3738150860304465,5,5,4.533333333333333
test,47039,10,32985348835319,0.5,False,0.75,1.0,0.31507513154576616,5,5,3.0
test,47039,10,32985348835319,0.75,False,0.85,1.0,0.1914849378568414,3,3,1.0
test,47039,10,32985348835319,0.9,False,0.85,1.0,0.1791231317705279,3,3,1.0588235294117647
test,47039,10,32985348835319,1.0,True,1.0,0.0,0.0,0,0,0.0
test,47039,11,28587302324330,0.25,False,0.7,1.0,0.4280814141266477,6,6,4.785714285714286
test,47039,11,28587302324330,0.5,False,0.65,1.0,0.408880263260638,7,7,2.1538461538461537
test,47039,11,28587302324330,0.75,False,0.85,1.0,0.20176206161789226,3,3,1.6470588235294117
test,47039,11,28587302324330,0.9,False,0.9,1.0,0.13717374334874916,2,2,1.3333333333333333
test,47039,11,28587302324330,1.0,True,1.0,0.0,0.0,0,0,0.0
test,47039,12,28587302331918,0.25,False,0.9,1.0,0.25384905248285117,2,2,4.777777777777778
test,47039,12,28587302331918,0.5,False,0.85,1.0,0.22175125984526822,3,3,1.9411764705882353
test,47039,12,28587302331918,0.75,False,0.95,1.0,0.10496550265500763,1,1,1.5263157894736843
test,47039,12,28587302331918,0.9,True,1.0,0.08602150537634412,0.030644583484355427,0,0,1.3
test,47039,12,28587302331918,1.0,True,1.0,0.0,0.0,0,0,0.0
test,47039,13,4398046519752,0.25,False,0.75,1.0,0.39468241690500944,5,5,3.2666666666666666
test,47039,13,4398046519752,0.5,False,0.85,1.0,0.22882851997808248,3,3,2.9411764705882355
test,47039,13,4398046519752,0.75,False,0.9,1.0,0.14367788090986733,2,2,1.6111111111111112
test,47039,13,4398046519752,0.9,False,0.85,1.0,0.17948238170960643,3,3,1.0588235294117647
test,47039,13,4398046519752,1.0,True,1.0,0.0,0.0,0,0,0.0
test,47039,14,32985348841588,0.25,True,1.0,0.0,0.0,0,0,0.0
test,47039,14,32985348841588,0.5,True,1.0,0.0,0.0,0,0,0.0
test,47039,14,32985348841588,0.75,True,1.0,0.0,0.0,0,0,0.0
test,47039,14,32985348841588,0.9,True,1.0,0.0,0.0,0,0,0.0
test,47039,14,32985348841588,1.0,True,1.0,0.0,0.0,0,0,0.0
test,47039,15,6597069772017,0.25,False,0.65,1.0,0.46716555188734965,7,7,4.769230769230769
test,47039,15,6597069772017,0.5,False,0.65,1.0,0.42378890668024394,7,7,3.1538461538461537
test,47039,15,6597069772017,0.75,False,0.85,1.0,0.20951420498394896,3,3,2.4705882352941178
test,47039,15,6597069772017,0.9,False,0.95,1.0,0.0807388616910992,1,1,1.0526315789473684
test,47039,15,6597069772017,1.0,True,1.0,0.0,0.0,0,0,0.0
test,47039,16,30786325578215,0.25,False,0.6,1.0,0.5176324416112228,8,8,4.416666666666667
test,47039,16,30786325578215,0.5,False,0.8,1.0,0.2828111162168627,4,4,3.0625
test,47039,16,30786325578215,0.75,False,0.95,1.0,0.11303916011974513,1,1,1.8421052631578947
test,47039,16,30786325578215,0.9,False,0.9,1.0,0.13530129402949728,2,2,1.7222222222222223
test,47039,16,30786325578215,1.0,True,1.0,0.0,0.0,0,0,0.0
test,47039,17,24189255818308,0.25,False,0.6,1.0,0.4742250050166266,8,8,3.25
test,47039,17,24189255818308,0.5,False,0.7,1.0,0.3824207965709708,6,6,2.7857142857142856
test,47039,17,24189255818308,0.75,False,0.85,1.0,0.20919317467762916,3,3,2.1176470588235294
test,47039,17,24189255818308,0.9,False,0.95,1.0,0.08921725153390908,1,1,1.105263157894737
test,47039,17,24189255818308,1.0,True,1.0,0.0,0.0,0,0,0.0
test,47039,18,15393162789346,0.25,False,0.6,1.0,0.5048725682277972,8,8,6.5
test,47039,18,15393162789346,0.5,False,0.7,1.0,0.3481226391867933,6,6,2.7857142857142856
test,47039,18,15393162789346,0.75,False,0.85,1.0,0.20336730385801075,3,3,3.0
test,47039,18,15393162789346,0.9,False,0.9,1.0,0.1425234866032875,2,2,1.8333333333333333
test,47039,18,15393162789346,1.0,True,1.0,0.0,0.0,0,0,0.0
test,47039,19,26388279069359,0.25,False,0.5,1.0,0.5833641011711175,10,10,3.0
test,47039,19,26388279069359,0.5,False,0.75,1.0,0.3252863394411979,5,5,2.8666666666666667
test,47039,19,26388279069359,0.75,False,0.85,1.0,0.2143380995151904,3,3,2.823529411764706
test,47039,19,26388279069359,0.9,False,0.9,1.0,0.12943679978229436,2,2,0.6111111111111112
test,47039,19,26388279069359,1.0,True,1.0,0.0,0.0,0,0,0.0
test,47040,0,2199023262215,0.25,False,0.75,1.0,0.4162809521918146,5,5,4.6
test,47040,0,2199023262215,0.5,False,0.8,1.0,0.28645812795535736,4,4,3.75
test,47040,0,2199023262215,0.75,False,0.95,1.0,0.10457361035742323,1,1,1.7894736842105263
test,47040,0,2199023262215,0.9,False,0.95,1.0,0.07845707845441183,1,1,1.2105263157894737
test,47040,0,2199023262215,1.0,True,1.0,0.0,0.0,0,0,0.0
test,47040,1,10995116281525,0.25,False,0.8,1.0,0.4580296577946818,4,4,4.0625
test,47040,1,10995116281525,0.5,False,0.8,1.0,0.3080003897044633,4,4,4.4375
test,47040,1,10995116281525,0.75,False,0.8,1.0,0.2422072630244001,4,4,1.75
test,47040,1,10995116281525,0.9,False,0.9,1.0,0.1436059016012682,2,2,2.2777777777777777
test,47040,1,10995116281525,1.0,True,1.0,0.0,0.0,0,0,0.0
test,47040,2,17592186053645,0.25,False,0.65,1.0,0.4528975463143,7,7,3.0
test,47040,2,17592186053645,0.5,False,0.8,1.0,0.2675018469724452,4,4,3.1875
test,47040,2,17592186053645,0.75,False,0.9,1.0,0.14380183115397677,2,2,1.5
test,47040,2,17592186053645,0.9,False,0.9,1.0,0.12273556724560528,2,2,0.9444444444444444
test,47040,2,17592186053645,1.0,True,1.0,0.0,0.0,0,0,0.0
test,47040,3,28587302328950,0.25,False,0.75,1.0,0.4355374863444016,5,5,6.066666666666666
test,47040,3,28587302328950,0.5,False,0.75,1.0,0.34584063005610755,5,5,2.6666666666666665
test,47040,3,28587302328950,0.75,False,0.85,1.0,0.20433042998600054,3,3,2.1176470588235294
test,47040,3,28587302328950,0.9,False,0.9,1.0,0.1316423977091045,2,2,1.1111111111111112
test,47040,3,28587302328950,1.0,True,1.0,0.0,0.0,0,0,0.0
test,47040,4,15393162793550,0.25,False,0.55,1.0,0.6032528916192031,9,9,5.2727272727272725
test,47040,4,15393162793550,0.5,False,0.75,1.0,0.3050243702634212,5,5,2.466666666666667
test,47040,4,15393162793550,0.75,False,0.9,1.0,0.14251911581023766,2,2,1.8333333333333333
test,47040,4,15393162793550,0.9,False,0.95,1.0,0.07149773678732524,1,1,1.0
test,47040,4,15393162793550,1.0,True,1.0,0.0,0.0,0,0,0.0
test,47040,5,30786325579731,0.25,False,0.6,1.0,0.5114660723403952,8,8,3.9166666666666665
test,47040,5,30786325579731,0.5,False,0.8,1.0,0.2729384905418341,4,4,2.1875
test,47040,5,30786325579731,0.75,False,0.95,1.0,0.0942621969980677,1,1,1.6842105263157894
test,47040,5,30786325579731,0.9,False,0.95,1.0,0.0745641081692775,1,1,0.631578947368421
test,47040,5,30786325579731,1.0,True,1.0,0.0,0.0,0,0,0.0
test,47040,6,13194139533366,0.25,True,1.0,0.0,0.0,0,0,0.0
test,47040,6,13194139533366,0.5,True,1.0,0.0,0.0,0,0,0.0
test,47040,6,13194139533366,0.75,True,1.0,0.0,0.0,0,0,0.0
test,47040,6,13194139533366,0.9,True,1.0,0.0,0.0,0,0,0.0
test,47040,6,13194139533366,1.0,True,1.0,0.0,0.0,0,0,0.0
test,47040,7,21990232564633,0.25,False,0.55,1.0,0.5596962683539247,9,9,3.5454545454545454
test,47040,7,21990232564633,0.5,False,0.8,1.0,0.2819899939189987,4,4,3.375
test,47040,7,21990232564633,0.75,False,0.95,1.0,0.10066102186878456,1,1,2.0
test,47040,7,21990232564633,0.9,True,1.0,0.09537856440511315,0.03514112894745941,0,0,1.2
test,47040,7,21990232564633,1.0,True,1.0,0.0,0.0,0,0,0.0
test,47040,8,30786325577964,0.25,False,0.6,1.1176470588235294,0.638640289449113,8,8,3.75
test,47040,8,30786325577964,0.5,False,0.6,1.0,0.5598532594856124,8,8,3.4166666666666665
test,47040,8,30786325577964,0.75,False,0.9,1.0,0.18232635012046777,2,2,2.1666666666666665
test,47040,8,30786325577964,0.9,False,0.9,1.0,0.1602041091624425,2,2,2.2222222222222223
test,47040,8,30786325577964,1.0,True,1.0,0.0,0.0,0,0,0.0
test,47040,9,2199023256351,0.25,False,0.6,1.0,0.5213358406036128,8,8,3.5
test,47040,9,2199023256351,0.5,False,0.8,1.0,0.26567508634124193,4,4,2.5625
test,47040,9,2199023256351,0.75,False,0.85,1.0,0.18775731368883739,3,3,1.411764705882353
test,47040,9,2199023256351,0.9,False,0.9,1.0,0.12599380553007253,2,2,1.3333333333333333
test,47040,9,2199023256351,1.0,True,1.0,0.0,0.0,0,0,0.0
test,47040,10,32985348835319,0.25,False,0.7,1.0,0.38634611481281317,6,6,2.7142857142857144
test,47040,10,32985348835319,0.5,False,0.85,1.0,0.22185374301603428,3,3,2.2941176470588234
test,47040,10,32985348835319,0.75,False,0.95,1.0,0.09911500954578137,1,1,1.263157894736842
test,47040,10,32985348835319,0.9,False,0.9,1.0,0.12965713522945685,2,2,0.9444444444444444
test,47040,10,32985348835319,1.0,True,1.0,0.0,0.0,0,0,0.0
test,47040,11,28587302324330,0.25,False,0.65,1.0,0.48472065517512875,7,7,4.076923076923077
test,47040,11,28587302324330,0.5,False,0.85,1.0,0.24431177241497096,3,3,2.764705882352941
test,47040,11,28587302324330,0.75,True,1.0,0.13888888888888884,0.046309643539096806,0,0,1.6
test,47040,11,28587302324330,0.9,False,0.9,1.0,0.13274316983002568,2,2,1.0
test,47040,11,28587302324330,1.0,True,1.0,0.0,0.0,0,0,0.0
test,47040,12,28587302331918,0.25,False,0.7,1.0,0.4214899949733681,6,6,4.214285714285714
test,47040,12,28587302331918,0.5,False,0.85,1.0,0.23915481067609679,3,3,2.6470588235294117
test,47040,12,28587302331918,0.75,True,1.0,0.14285714285714285,0.057284626572320585,0,0,1.6
test,47040,12,28587302331918,0.9,True,1.0,0.08119658119658119,0.03434595926995859,0,0,1.0
test,47040,12,28587302331918,1.0,True,1.0,0.0,0.0,0,0,0.0
test,47040,13,4398046519752,0.25,False,0.7,1.0,0.44911045050687204,6,6,3.7857142857142856
test,47040,13,4398046519752,0.5,False,0.75,1.0,0.32536713356701036,5,5,3.2666666666666666
test,47040,13,4398046519752,0.75,False,0.95,1.0,0.09044717103058403,1,1,1.263157894736842
test,47040,13,4398046519752,0.9,False,0.95,1.0,0.08095098660444963,1,1,1.0
test,47040,13,4398046519752,1.0,True,1.0,0.0,0.0,0,0,0.0
test,47040,14,32985348841588,0.25,True,1.0,0.0,0.0,0,0,0.0
test,47040,14,32985348841588,0.5,True,1.0,0.0,0.0,0,0,0.0
test,47040,14,32985348841588,0.75,True,1.0,0.0,0.0,0,0,0.0
test,47040,14,32985348841588,0.9,True,1.0,0.0,0.0,0,0,0.0
test,47040,14,32985348841588,1.0,True,1.0,0.0,0.0,0,0,0.0
test,47040,15,6597069772017,0.25,False,0.7,1.0,0.4111034439480332,6,6,3.4285714285714284
test,47040,15,6597069772017,0.5,False,0.85,1.0,0.23248330974104517,3,3,2.411764705882353
test,47040,15,6597069772017,0.75,False,0.9,1.0,0.15080683542638948,2,2,1.8888888888888888
test,47040,15,6597069772017,0.9,False,0.95,1.0,0.07531346873309523,1,1,0.9473684210526315
test,47040,15,6597069772017,1.0,True,1.0,0.0,0.0,0,0,0.0
test,47040,16,30786325578215,0.25,False,0.6,1.0,0.5627637764543916,8,8,6.416666666666667
test,47040,16,30786325578215,0.5,False,0.75,1.0,0.34213257826320576,5,5,2.8666666666666667
test,47040,16,30786325578215,0.75,False,0.9,1.0,0.15952393455443883,2,2,2.111111111111111
test,47040,16,30786325578215,0.9,False,0.85,1.0,0.19934476570306225,3,3,1.4705882352941178
test,47040,16,30786325578215,1.0,True,1.0,0.0,0.0,0,0,0.0
test,47040,17,24189255818308,0.25,False,0.7,1.0,0.40700238712385206,6,6,1.7857142857142858
test,47040,17,24189255818308,0.5,False,0.7,1.0,0.3616802000080695,6,6,2.2857142857142856
test,47040,17,24189255818308,0.75,False,0.9,1.0,0.14597503828970196,2,2,1.3888888888888888
test,47040,17,24189255818308,0.9,False,0.95,1.0,0.08014660624742884,1,1,0.9473684210526315
test,47040,17,24189255818308,1.0,True,1.0,0.0,0.0,0,0,0.0
test,47040,18,15393162789346,0.25,False,0.75,1.0,0.4183540426035236,5,5,6.066666666666666
test,47040,18,15393162789346,0.5,False,0.8,1.0,0.28007008603169803,4,4,3.75
test,47040,18,15393162789346,0.75,False,0.9,1.0,0.15593855207880128,2,2,3.0555555555555554
test,47040,18,15393162789346,0.9,False,0.95,1.0,0.08133609291547494,1,1,1.4736842105263157
test,47040,18,15393162789346,1.0,True,1.0,0.0,0.0,0,0,0.0
test,47040,19,26388279069359,0.25,False,0.65,1.0,0.4524694269809119,7,7,2.1538461538461537
test,47040,19,26388279069359,0.5,False,0.85,1.0,0.23113699143251534,3,3,2.6470588235294117
test,47040,19,26388279069359,0.75,False,0.9,1.0,0.1541513446445872,2,2,1.7222222222222223
test,47040,19,26388279069359,0.9,False,0.95,1.0,0.08011004048831363,1,1,0.7894736842105263
test,47040,19,26388279069359,1.0,True,1.0,0.0,0.0,0,0,0.0
test,47041,0,2199023262215,0.25,False,0.55,1.0,0.5578818583077896,9,9,3.272727272727273
test,47041,0,2199023262215,0.5,False,0.8,1.0,0.27925693831661264,4,4,3.5625
test,47041,0,2199023262215,0.75,False,0.85,1.0,0.20197970553137087,3,3,1.1764705882352942
test,47041,0,2199023262215,0.9,True,1.0,0.0657596371882086,0.03149151471373508,0,0,1.2
test,47041,0,2199023262215,1.0,True,1.0,0.0,0.0,0,0,0.0
test,47041,1,10995116281525,0.25,False,0.5,1.0,0.6099331186751099,10,10,2.6
test,47041,1,10995116281525,0.5,False,0.7,1.0,0.3847208514421866,6,6,2.0714285714285716
test,47041,1,10995116281525,0.75,False,0.75,1.0,0.31100264399243926,5,5,1.6666666666666667
test,47041,1,10995116281525,0.9,False,0.9,1.0,0.13713791640982792,2,2,1.0555555555555556
test,47041,1,10995116281525,1.0,True,1.0,0.0,0.0,0,0,0.0
test,47041,2,17592186053645,0.25,False,0.65,1.0,0.492645330593158,7,7,6.076923076923077
test,47041,2,17592186053645,0.5,False,0.8,1.0,0.2789088536505636,4,4,3.75
test,47041,2,17592186053645,0.75,False,0.85,1.0,0.22180581164715152,3,3,3.3529411764705883
test,47041,2,17592186053645,0.9,False,0.9,1.0,0.13153096642155904,2,2,1.7777777777777777
test,47041,2,17592186053645,1.0,True,1.0,0.0,0.0,0,0,0.0
test,47041,3,28587302328950,0.25,False,0.75,1.0,0.40078091165029334,5,5,5.2
test,47041,3,28587302328950,0.5,False,0.75,1.0,0.313455091999305,5,5,2.4
test,47041,3,28587302328950,0.75,False,0.8,1.0,0.253087217633937,4,4,2.4375
test,47041,3,28587302328950,0.9,False,0.9,1.0,0.13032634254182868,2,2,1.6666666666666667
test,47041,3,28587302328950,1.0,True,1.0,0.0,0.0,0,0,0.0
test,47041,4,15393162793550,0.25,False,0.45,1.0,0.6719185608792542,11,11,2.7777777777777777
test,47041,4,15393162793550,0.5,False,0.7,1.0,0.36635972780858295,6,6,3.357142857142857
test,47041,4,15393162793550,0.75,False,0.8,1.0,0.2502031028124677,4,4,1.625
test,47041,4,15393162793550,0.9,False,0.95,1.0,0.09125657149856664,1,1,1.368421052631579
test,47041,4,15393162793550,1.0,True,1.0,0.0,0.0,0,0,0.0
test,47041,5,30786325579731,0.25,False,0.7,1.0,0.40051655926233487,6,6,3.142857142857143
test,47041,5,30786325579731,0.5,False,0.8,1.0,0.2641457845369282,4,4,2.3125
test,47041,5,30786325579731,0.75,False,0.95,1.0,0.12131205008829529,1,1,1.1578947368421053
test,47041,5,30786325579731,0.9,True,1.0,0.06837606837606841,0.037244575786012125,0,0,0.6
test,47041,5,30786325579731,1.0,True,1.0,0.0,0.0,0,0,0.0
test,47041,6,13194139533366,0.25,True,1.0,0.0,0.0,0,0,0.0
test,47041,6,13194139533366,0.5,True,1.0,0.0,0.0,0,0,0.0
test,47041,6,13194139533366,0.75,True,1.0,0.0,0.0,0,0,0.0
test,47041,6,13194139533366,0.9,True,1.0,0.0,0.0,0,0,0.0
test,47041,6,13194139533366,1.0,True,1.0,0.0,0.0,0,0,0.0
test,47041,7,21990232564633,0.25,False,0.7,1.0,0.4600076648825965,6,6,5.142857142857143
test,47041,7,21990232564633,0.5,False,0.8,1.0,0.27522100882984335,4,4,2.125
test,47041,7,21990232564633,0.75,False,0.9,1.0,0.16320708458386549,2,2,1.8333333333333333
test,47041,7,21990232564633,0.9,False,0.95,1.0,0.08356314293335544,1,1,0.8421052631578947
test,47041,7,21990232564633,1.0,True,1.0,0.0,0.0,0,0,0.0
test,47041,8,30786325577964,0.25,False,0.55,1.0,0.7074706747500865,9,9,5.090909090909091
test,47041,8,30786325577964,0.5,False,0.65,1.0,0.4732467736511854,7,7,5.0
test,47041,8,30786325577964,0.75,False,0.85,1.0,0.24875042713278006,3,3,2.0
test,47041,8,30786325577964,0.9,False,0.9,1.0,0.15316039715549518,2,2,1.7777777777777777
test,47041,8,30786325577964,1.0,True,1.0,0.0,0.0,0,0,0.0
test,47041,9,2199023256351,0.25,False,0.7,1.0,0.4074064277986057,6,6,2.9285714285714284
test,47041,9,2199023256351,0.5,False,0.85,1.0,0.2225922957930674,3,3,2.176470588235294
test,47041,9,2199023256351,0.75,False,0.95,1.0,0.11267535978391954,1,1,1.894736842105263
test,47041,9,2199023256351,0.9,False,0.95,1.0,0.08571024013867884,1,1,1.0526315789473684
test,47041,9,2199023256351,1.0,True,1.0,0.0,0.0,0,0,0.0
test,47041,10,32985348835319,0.25,False,0.75,1.0,0.36477397480793605,5,5,2.6666666666666665
test,47041,10,32985348835319,0.5,False,0.8,1.0,0.2814502166285286,4,4,2.1875
test,47041,10,32985348835319,0.75,False,0.8,1.0,0.24339770400484065,4,4,1.0625
test,47041,10,32985348835319,0.9,False,0.95,1.0,0.08445825082056693,1,1,0.9473684210526315
test,47041,10,32985348835319,1.0,True,1.0,0.0,0.0,0,0,0.0
test,47041,11,28587302324330,0.25,False,0.55,1.0,0.5219781397296669,9,9,2.5454545454545454
test,47041,11,28587302324330,0.5,False,0.7,1.0,0.37785195378136055,6,6,2.7857142857142856
test,47041,11,28587302324330,0.75,False,0.8,1.0,0.2615137933500903,4,4,2.1875
test,47041,11,28587302324330,0.9,False,0.9,1.0,0.13191957874621585,2,2,1.4444444444444444
test,47041,11,28587302324330,1.0,True,1.0,0.0,0.0,0,0,0.0
test,47041,12,28587302331918,0.25,False,0.65,1.0,0.4782685875756735,7,7,4.615384615384615
test,47041,12,28587302331918,0.5,False,0.8,1.0,0.29727461847893344,4,4,2.6875
test,47041,12,28587302331918,0.75,False,0.85,1.0,0.21085047505983368,3,3,1.8235294117647058
test,47041,12,28587302331918,0.9,False,0.95,1.0,0.08214534477432862,1,1,0.6842105263157895
test,47041,12,28587302331918,1.0,True,1.0,0.0,0.0,0,0,0.0
test,47041,13,4398046519752,0.25,False,0.55,1.0,0.5648875585336562,9,9,5.0
test,47041,13,4398046519752,0.5,False,0.8,1.0,0.273936343589352,4,4,2.3125
test,47041,13,4398046519752,0.75,False,0.85,1.0,0.21089277639767,3,3,2.0588235294117645
test,47041,13,4398046519752,0.9,False,0.9,1.0,0.1294487742416473,2,2,1.1666666666666667
test,47041,13,4398046519752,1.0,True,1.0,0.0,0.0,0,0,0.0
test,47041,14,32985348841588,0.25,True,1.0,0.0,0.0,0,0,0.0
test,47041,14,32985348841588,0.5,True,1.0,0.0,0.0,0,0,0.0
test,47041,14,32985348841588,0.75,True,1.0,0.0,0.0,0,0,0.0
test,47041,14,32985348841588,0.9,True,1.0,0.0,0.0,0,0,0.0
test,47041,14,32985348841588,1.0,True,1.0,0.0,0.0,0,0,0.0
test,47041,15,6597069772017,0.25,False,0.6,1.0,0.5220683290848216,8,8,4.916666666666667
test,47041,15,6597069772017,0.5,False,0.9,1.0,0.19186501147043497,2,2,3.0555555555555554
test,47041,15,6597069772017,0.75,False,0.9,1.0,0.15060977781448115,2,2,1.6666666666666667
test,47041,15,6597069772017,0.9,False,0.95,1.0,0.09076593729348723,1,1,1.1578947368421053
test,47041,15,6597069772017,1.0,True,1.0,0.0,0.0,0,0,0.0
test,47041,16,30786325578215,0.25,False,0.6,1.0,0.4802153128878717,8,8,3.25
test,47041,16,30786325578215,0.5,False,0.8,1.0,0.2880740915317189,4,4,3.3125
test,47041,16,30786325578215,0.75,False,0.9,1.0,0.17021442160028097,2,2,2.1666666666666665
test,47041,16,30786325578215,0.9,True,1.0,0.11111111111111115,0.04447693606663798,0,0,1.0
test,47041,16,30786325578215,1.0,True,1.0,0.0,0.0,0,0,0.0
test,47041,17,24189255818308,0.25,False,0.6,1.0,0.5118300594368278,8,8,3.4166666666666665
test,47041,17,24189255818308,0.5,False,0.7,1.0,0.37279200062314655,6,6,2.2142857142857144
test,47041,17,24189255818308,0.75,False,0.9,1.0,0.16064866421037055,2,2,1.7777777777777777
test,47041,17,24189255818308,0.9,True,1.0,0.07744107744107749,0.039726717954436094,0,0,1.1
test,47041,17,24189255818308,1.0,True,1.0,0.0,0.0,0,0,0.0
test,47041,18,15393162789346,0.25,False,0.7,1.0,0.4123819520206391,6,6,5.071428571428571
test,47041,18,15393162789346,0.5,False,0.8,1.0,0.27845074064975467,4,4,4.0625
test,47041,18,15393162789346,0.75,False,0.9,1.0,0.1654746568001423,2,2,4.388888888888889
test,47041,18,15393162789346,0.9,False,0.95,1.0,0.09185878944351225,1,1,2.0526315789473686
test,47041,18,15393162789346,1.0,True,1.0,0.0,0.0,0,0,0.0
test,47041,19,26388279069359,0.25,False,0.65,1.0,0.44323085338887386,7,7,3.230769230769231
test,47041,19,26388279069359,0.5,False,0.9,1.0,0.2084379759001985,2,2,2.7777777777777777
test,47041,19,26388279069359,0.75,False,0.95,1.0,0.12208863561330538,1,1,2.526315789473684
test,47041,19,26388279069359,0.9,False,0.95,1.0,0.08932712611147962,1,1,1.105263157894737
test,47041,19,26388279069359,1.0,True,1.0,0.0,0.0,0,0,0.0
test,47042,0,2199023262215,0.25,False,0.65,1.0,0.4700083190951833,7,7,2.1538461538461537
test,47042,0,2199023262215,0.5,False,0.75,1.0,0.33292315844210446,5,5,2.1333333333333333
test,47042,0,2199023262215,0.75,False,0.85,1.0,0.1928527486437688,3,3,1.411764705882353
test,47042,0,2199023262215,0.9,False,0.95,1.0,0.08334564159581771,1,1,1.3157894736842106
test,47042,0,2199023262215,1.0,True,1.0,0.0,0.0,0,0,0.0
test,47042,1,10995116281525,0.25,False,0.65,1.0,0.49145339905500285,7,7,4.230769230769231
test,47042,1,10995116281525,0.5,False,0.8,1.0,0.32004611939950156,4,4,3.5
test,47042,1,10995116281525,0.75,False,0.9,1.0,0.1819979838469487,2,2,2.6666666666666665
test,47042,1,10995116281525,0.9,False,0.9,1.0,0.14296511696772668,2,2,1.3888888888888888
test,47042,1,10995116281525,1.0,True,1.0,0.0,0.0,0,0,0.0
test,47042,2,17592186053645,0.25,False,0.7,1.0,0.4266998427295232,6,6,3.7142857142857144
test,47042,2,17592186053645,0.5,False,0.8,1.0,0.2745025241184408,4,4,2.6875
test,47042,2,17592186053645,0.75,False,0.9,1.0,0.1589209230034349,2,2,2.5
test,47042,2,17592186053645,0.9,False,0.95,1.0,0.08405845158378765,1,1,1.6842105263157894
test,47042,2,17592186053645,1.0,True,1.0,0.0,0.0,0,0,0.0
test,47042,3,28587302328950,0.25,False,0.45,1.0,0.621629572031573,11,11,5.0
test,47042,3,28587302328950,0.5,False,0.7,1.0,0.3452712917925079,6,6,1.2857142857142858
test,47042,3,28587302328950,0.75,False,0.85,1.0,0.19400011151662655,3,3,2.764705882352941
test,47042,3,28587302328950,0.9,False,0.95,1.0,0.08245077789384331,1,1,2.210526315789474
test,47042,3,28587302328950,1.0,True,1.0,0.0,0.0,0,0,0.0
test,47042,4,15393162793550,0.25,False,0.6,1.0,0.5132983342673973,8,8,5.25
test,47042,4,15393162793550,0.5,False,0.75,1.0,0.30361425461216396,5,5,2.8666666666666667
test,47042,4,15393162793550,0.75,False,0.85,1.0,0.19206224136727737,3,3,2.176470588235294
test,47042,4,15393162793550,0.9,False,0.9,1.0,0.12184950270316834,2,2,0.7777777777777778
test,47042,4,15393162793550,1.0,True,1.0,0.0,0.0,0,0,0.0
test,47042,5,30786325579731,0.25,False,0.85,1.0,0.3470890052944116,3,3,5.176470588235294
test,47042,5,30786325579731,0.5,False,0.9,1.0,0.1785070855909322,2,2,1.7222222222222223
test,47042,5,30786325579731,0.75,False,0.9,1.0,0.15846606379621744,2,2,1.9444444444444444
test,47042,5,30786325579731,0.9,False,0.95,1.0,0.07488998906673265,1,1,0.631578947368421
test,47042,5,30786325579731,1.0,True,1.0,0.0,0.0,0,0,0.0
test,47042,6,13194139533366,0.25,True,1.0,0.0,0.0,0,0,0.0
test,47042,6,13194139533366,0.5,True,1.0,0.0,0.0,0,0,0.0
test,47042,6,13194139533366,0.75,True,1.0,0.0,0.0,0,0,0.0
test,47042,6,13194139533366,0.9,True,1.0,0.0,0.0,0,0,0.0
test,47042,6,13194139533366,1.0,True,1.0,0.0,0.0,0,0,0.0
test,47042,7,21990232564633,0.25,False,0.75,1.0,0.4069959874851164,5,5,4.6
test,47042,7,21990232564633,0.5,False,0.8,1.0,0.2830633185392267,4,4,2.25
test,47042,7,21990232564633,0.75,False,0.9,1.0,0.14735279302923748,2,2,1.4444444444444444
test,47042,7,21990232564633,0.9,True,1.0,0.05820105820105816,0.022855161651799755,0,0,0.7
test,47042,7,21990232564633,1.0,True,1.0,0.0,0.0,0,0,0.0
test,47042,8,30786325577964,0.25,False,0.55,1.2222222222222223,0.7091675399763635,9,9,3.1818181818181817
test,47042,8,30786325577964,0.5,False,0.65,1.0,0.4522169946067005,7,7,2.6923076923076925
test,47042,8,30786325577964,0.75,False,0.75,1.0,0.3516230637554167,5,5,3.6666666666666665
test,47042,8,30786325577964,0.9,False,0.9,1.0,0.15613761918908975,2,2,1.7222222222222223
test,47042,8,30786325577964,1.0,True,1.0,0.0,0.0,0,0,0.0
test,47042,9,2199023256351,0.25,False,0.55,1.0,0.540893435832904,9,9,3.6363636363636362
test,47042,9,2199023256351,0.5,False,0.85,1.0,0.20281279003786817,3,3,2.3529411764705883
test,47042,9,2199023256351,0.75,False,0.9,1.0,0.14483646128738772,2,2,2.3333333333333335
test,47042,9,2199023256351,0.9,False,0.9,1.0,0.12612676576426446,2,2,1.3888888888888888
test,47042,9,2199023256351,1.0,True,1.0,0.0,0.0,0,0,0.0
test,47042,10,32985348835319,0.25,False,0.7,1.0,0.4379309280499776,6,6,3.4285714285714284
test,47042,10,32985348835319,0.5,False,0.9,1.0,0.17960053348380223,2,2,2.0555555555555554
test,47042,10,32985348835319,0.75,False,0.9,1.0,0.15521260671140918,2,2,1.7777777777777777
test,47042,10,32985348835319,0.9,False,0.95,1.0,0.08034219090399004,1,1,0.9473684210526315
test,47042,10,32985348835319,1.0,True,1.0,0.0,0.0,0,0,0.0
test,47042,11,28587302324330,0.25,False,0.65,1.0,0.4936207238778921,7,7,3.230769230769231
test,47042,11,28587302324330,0.5,False,0.7,1.0,0.36804837642196037,6,6,2.0714285714285716
test,47042,11,28587302324330,0.75,False,0.85,1.0,0.20456345172499493,3,3,1.7647058823529411
test,47042,11,28587302324330,0.9,False,0.9,1.0,0.12434912220605579,2,2,1.1666666666666667
test,47042,11,28587302324330,1.0,True,1.0,0.0,0.0,0,0,0.0
test,47042,12,28587302331918,0.25,False,0.6,1.0,0.5413700081043258,8,8,4.5
test,47042,12,28587302331918,0.5,False,0.8,1.0,0.2639170731945134,4,4,2.1875
test,47042,12,28587302331918,0.75,False,0.85,1.0,0.17918249819188262,3,3,0.7647058823529411
test,47042,12,28587302331918,0.9,False,0.95,1.0,0.08092988825695037,1,1,0.7368421052631579
test,47042,12,28587302331918,1.0,True,1.0,0.0,0.0,0,0,0.0
test,47042,13,4398046519752,0.25,False,0.65,1.0,0.47626128722108685,7,7,4.3076923076923075
test,47042,13,4398046519752,0.5,False,0.75,1.0,0.3366559344388394,5,5,2.2666666666666666
test,47042,13,4398046519752,0.75,False,0.85,1.0,0.1967905902824903,3,3,1.411764705882353
test,47042,13,4398046519752,0.9,False,0.95,1.0,0.08170140913154793,1,1,1.105263157894737
test,47042,13,4398046519752,1.0,True,1.0,0.0,0.0,0,0,0.0
test,47042,14,32985348841588,0.25,True,1.0,0.0,0.0,0,0,0.0
test,47042,14,32985348841588,0.5,True,1.0,0.0,0.0,0,0,0.0
test,47042,14,32985348841588,0.75,True,1.0,0.0,0.0,0,0,0.0
test,47042,14,32985348841588,0.9,True,1.0,0.0,0.0,0,0,0.0
test,47042,14,32985348841588,1.0,True,1.0,0.0,0.0,0,0,0.0
test,47042,15,6597069772017,0.25,False,0.6,1.0,0.5494247282470635,8,8,3.5
test,47042,15,6597069772017,0.5,False,0.75,1.0,0.3164092719526418,5,5,2.1333333333333333
test,47042,15,6597069772017,0.75,False,0.95,1.0,0.10458032286097944,1,1,1.6842105263157894
test,47042,15,6597069772017,0.9,False,0.95,1.0,0.07974966004193725,1,1,0.9473684210526315
test,47042,15,6597069772017,1.0,True,1.0,0.0,0.0,0,0,0.0
test,47042,16,30786325578215,0.25,False,0.55,1.0,0.6386320148877537,9,9,5.545454545454546
test,47042,16,30786325578215,0.5,False,0.8,1.0,0.31475625381866273,4,4,2.5
test,47042,16,30786325578215,0.75,False,0.85,1.0,0.2172082565931602,3,3,2.411764705882353
test,47042,16,30786325578215,0.9,False,0.95,1.0,0.09757402614844313,1,1,1.7894736842105263
test,47042,16,30786325578215,1.0,True,1.0,0.0,0.0,0,0,0.0
test,47042,17,24189255818308,0.25,False,0.7,1.0,0.4312196729895127,6,6,3.857142857142857
test,47042,17,24189255818308,0.5,False,0.7,1.0,0.37792095413248117,6,6,2.0714285714285716
test,47042,17,24189255818308,0.75,False,0.9,1.0,0.14612122162086452,2,2,1.7777777777777777
test,47042,17,24189255818308,0.9,False,0.9,1.0,0.12976628598068332,2,2,1.4444444444444444
test,47042,17,24189255818308,1.0,True,1.0,0.0,0.0,0,0,0.0
test,47042,18,15393162789346,0.25,False,0.55,1.0,0.55630005858359,9,9,4.909090909090909
test,47042,18,15393162789346,0.5,False,0.8,1.0,0.27592427449601614,4,4,2.5
test,47042,18,15393162789346,0.75,False,0.95,1.0,0.10635518826664576,1,1,2.6842105263157894
test,47042,18,15393162789346,0.9,True,1.0,0.07859078590785906,0.029068527259414917,0,0,1.7
test,47042,18,15393162789346,1.0,True,1.0,0.0,0.0,0,0,0.0
test,47042,19,26388279069359,0.25,False,0.7,1.0,0.46554964822923106,6,6,4.714285714285714
test,47042,19,26388279069359,0.5,False,0.85,1.0,0.23983651349962076,3,3,2.0
test,47042,19,26388279069359,0.75,False,0.9,1.0,0.13196519994210265,2,2,0.6666666666666666
test,47042,19,26388279069359,0.9,False,0.95,1.0,0.08024876735792254,1,1,0.9473684210526315
test,47042,19,26388279069359,1.0,True,1.0,0.0,0.0,0,0,0.0
test,47043,0,2199023262215,0.25,False,0.65,1.0,0.5415779704522538,7,7,2.6153846153846154
test,47043,0,2199023262215,0.5,False,0.9,1.0,0.17005027305887963,2,2,2.111111111111111
test,47043,0,2199023262215,0.75,False,0.95,1.0,0.10772235257291218,1,1,2.0526315789473686
test,47043,0,2199023262215,0.9,False,0.95,1.0,0.08280866039669914,1,1,1.368421052631579
test,47043,0,2199023262215,1.0,True,1.0,0.0,0.0,0,0,0.0
test,47043,1,10995116281525,0.25,False,0.65,1.0,0.5736754306966613,7,7,5.461538461538462
test,47043,1,10995116281525,0.5,False,0.75,1.0,0.36182228733313304,5,5,2.6666666666666665
test,47043,1,10995116281525,0.75,False,0.9,1.0,0.15507087177035703,2,2,1.4444444444444444
test,47043,1,10995116281525,0.9,False,0.9,1.0,0.15042399010964635,2,2,1.9444444444444444
test,47043,1,10995116281525,1.0,True,1.0,0.0,0.0,0,0,0.0
test,47043,2,17592186053645,0.25,False,0.75,1.0,0.4986533218650616,5,5,3.0
test,47043,2,17592186053645,0.5,False,0.75,1.0,0.34884279129469564,5,5,3.2666666666666666
test,47043,2,17592186053645,0.75,False,0.85,1.0,0.21636004339796738,3,3,2.176470588235294
test,47043,2,17592186053645,0.9,True,1.0,0.11111111111111102,0.04545258977516757,0,0,1.9
test,47043,2,17592186053645,1.0,True,1.0,0.0,0.0,0,0,0.0
test,47043,3,28587302328950,0.25,False,0.55,1.0512820512820513,0.591939740753312,9,9,3.4545454545454546
test,47043,3,28587302328950,0.5,False,0.65,1.0,0.4287294194134839,7,7,3.5384615384615383
test,47043,3,28587302328950,0.75,False,0.9,1.0,0.14292212637710872,2,2,2.111111111111111
test,47043,3,28587302328950,0.9,False,0.85,1.0,0.17340937658701466,3,3,1.3529411764705883
test,47043,3,28587302328950,1.0,True,1.0,0.0,0.0,0,0,0.0
test,47043,4,15393162793550,0.25,False,0.65,1.0,0.5425653491260898,7,7,4.923076923076923
test,47043,4,15393162793550,0.5,False,0.75,1.0,0.32568408078487965,5,5,3.3333333333333335
test,47043,4,15393162793550,0.75,False,0.85,1.0,0.19494005957191293,3,3,2.176470588235294
test,47043,4,15393162793550,0.9,False,0.9,1.0,0.13121419348669755,2,2,1.2222222222222223
test,47043,4,15393162793550,1.0,True,1.0,0.0,0.0,0,0,0.0
test,47043,5,30786325579731,0.25,False,0.75,1.0,0.4466356927981095,5,5,2.533333333333333
test,47043,5,30786325579731,0.5,False,0.8,1.0,0.28820093373252,4,4,2.5625
test,47043,5,30786325579731,0.75,False,0.9,1.0,0.142818392838913,2,2,1.2222222222222223
test,47043,5,30786325579731,0.9,False,0.95,1.0,0.07553193057950186,1,1,0.7894736842105263
test,47043,5,30786325579731,1.0,True,1.0,0.0,0.0,0,0,0.0
test,47043,6,13194139533366,0.25,True,1.0,0.0,0.0,0,0,0.0
test,47043,6,13194139533366,0.5,True,1.0,0.0,0.0,0,0,0.0
test,47043,6,13194139533366,0.75,True,1.0,0.0,0.0,0,0,0.0
test,47043,6,13194139533366,0.9,True,1.0,0.0,0.0,0,0,0.0
test,47043,6,13194139533366,1.0,True,1.0,0.0,0.0,0,0,0.0
test,47043,7,21990232564633,0.25,False,0.7,1.0,0.44173346863289636,6,6,2.142857142857143
test,47043,7,21990232564633,0.5,False,0.8,1.0,0.2751120719449608,4,4,1.9375
test,47043,7,21990232564633,0.75,False,0.85,1.0,0.1945031001552605,3,3,1.3529411764705883
test,47043,7,21990232564633,0.9,False,0.9,1.0,0.12432954357469564,2,2,0.7222222222222222
test,47043,7,21990232564633,1.0,True,1.0,0.0,0.0,0,0,0.0
test,47043,8,30786325577964,0.25,False,0.7,1.6666666666666667,0.6871954352836707,6,6,4.0
test,47043,8,30786325577964,0.5,False,0.75,1.0,0.39181624339712573,5,5,3.3333333333333335
test,47043,8,30786325577964,0.75,False,0.85,1.0,0.22743843302666833,3,3,2.0
test,47043,8,30786325577964,0.9,False,0.95,1.0,0.10225855072668796,1,1,1.736842105263158
test,47043,8,30786325577964,1.0,True,1.0,0.0,0.0,0,0,0.0
test,47043,9,2199023256351,0.25,False,0.7,1.0,0.4429519931612297,6,6,2.857142857142857
test,47043,9,2199023256351,0.5,False,0.7,1.0,0.3572754796273961,6,6,2.142857142857143
test,47043,9,2199023256351,0.75,False,0.85,1.0,0.1750110388185474,3,3,1.0
test,47043,9,2199023256351,0.9,False,0.9,1.0,0.1184934078663344,2,2,0.8333333333333334
test,47043,9,2199023256351,1.0,True,1.0,0.0,0.0,0,0,0.0
test,47043,10,32985348835319,0.25,False,0.7,1.0,0.44054119980467066,6,6,3.357142857142857
test,47043,10,32985348835319,0.5,False,0.8,1.0,0.2629993825718059,4,4,1.125
test,47043,10,32985348835319,0.75,False,0.85,1.0,0.19227748870408679,3,3,1.1764705882352942
test,47043,10,32985348835319,0.9,False,0.9,1.0,0.12294525520594297,2,2,0.6111111111111112
test,47043,10,32985348835319,1.0,True,1.0,0.0,0.0,0,0,0.0
test,47043,11,28587302324330,0.25,False,0.65,1.0,0.4843147962848656,7,7,2.923076923076923
test,47043,11,28587302324330,0.5,False,0.8,1.0,0.2682464332459831,4,4,2.3125
test,47043,11,28587302324330,0.75,False,0.85,1.0,0.1949459014831823,3,3,1.2352941176470589
test,47043,11,28587302324330,0.9,False,0.9,1.0,0.13588109545023735,2,2,1.0
test,47043,11,28587302324330,1.0,True,1.0,0.0,0.0,0,0,0.0
test,47043,12,28587302331918,0.25,False,0.75,1.0,0.4328345192935588,5,5,4.333333333333333
test,47043,12,28587302331918,0.5,False,0.85,1.0,0.2503895018528891,3,3,2.4705882352941178
test,47043,12,28587302331918,0.75,False,0.95,1.0,0.1002093742541637,1,1,1.631578947368421
test,47043,12,28587302331918,0.9,False,0.9,1.0,0.13087603819167834,2,2,0.7222222222222222
test,47043,12,28587302331918,1.0,True,1.0,0.0,0.0,0,0,0.0
test,47043,13,4398046519752,0.25,False,0.5,1.0,0.5961726200366938,10,10,1.8
test,47043,13,4398046519752,0.5,False,0.7,1.0,0.378305820384751,6,6,1.6428571428571428
test,47043,13,4398046519752,0.75,False,0.9,1.0,0.15905932158815217,2,2,1.8333333333333333
test,47043,13,4398046519752,0.9,False,0.95,1.0,0.08215466512552239,1,1,1.0526315789473684
test,47043,13,4398046519752,1.0,True,1.0,0.0,0.0,0,0,0.0
test,47043,14,32985348841588,0.25,True,1.0,0.0,0.0,0,0,0.0
test,47043,14,32985348841588,0.5,True,1.0,0.0,0.0,0,0,0.0
test,47043,14,32985348841588,0.75,True,1.0,0.0,0.0,0,0,0.0
test,47043,14,32985348841588,0.9,True,1.0,0.0,0.0,0,0,0.0
test,47043,14,32985348841588,1.0,True,1.0,0.0,0.0,0,0,0.0
test,47043,15,6597069772017,0.25,False,0.75,1.0,0.42511680214353575,5,5,2.933333333333333
test,47043,15,6597069772017,0.5,False,0.8,1.0,0.28888113870433185,4,4,2.0
test,47043,15,6597069772017,0.75,False,0.9,1.0,0.14878177773159854,2,2,1.7222222222222223
test,47043,15,6597069772017,0.9,True,1.0,0.1111111111111111,0.039744034225771,0,0,1.6
test,47043,15,6597069772017,1.0,True,1.0,0.0,0.0,0,0,0.0
test,47043,16,30786325578215,0.25,False,0.65,1.0,0.5507956730985131,7,7,3.6923076923076925
test,47043,16,30786325578215,0.5,False,0.9,1.0,0.21821430435703645,2,2,3.2777777777777777
test,47043,16,30786325578215,0.75,False,0.95,1.0,0.1330651494825589,1,1,2.8947368421052633
test,47043,16,30786325578215,0.9,False,0.95,1.0,0.09224129850691658,1,1,1.9473684210526316
test,47043,16,30786325578215,1.0,True,1.0,0.0,0.0,0,0,0.0
test,47043,17,24189255818308,0.25,False,0.75,1.0,0.47890407458679246,5,5,4.266666666666667
test,47043,17,24189255818308,0.5,False,0.8,1.0,0.32714411838921237,4,4,3.6875
test,47043,17,24189255818308,0.75,False,0.95,1.0,0.11718736854216405,1,1,2.3684210526315788
test,47043,17,24189255818308,0.9,False,0.95,1.0,0.08003850911762914,1,1,0.8947368421052632
test,47043,17,24189255818308,1.0,True,1.0,0.0,0.0,0,0,0.0
test,47043,18,15393162789346,0.25,False,0.55,1.0,0.628061989738819,9,9,2.6363636363636362
test,47043,18,15393162789346,0.5,False,0.8,1.0,0.27534974562056813,4,4,3.25
test,47043,18,15393162789346,0.75,False,0.9,1.0,0.14857223303277303,2,2,2.3333333333333335
test,47043,18,15393162789346,0.9,False,0.9,1.0,0.12613174541969188,2,2,1.6666666666666667
test,47043,18,15393162789346,1.0,True,1.0,0.0,0.0,0,0,0.0
test,47043,19,26388279069359,0.25,False,0.65,1.0,0.5099760379222557,7,7,2.6923076923076925
test,47043,19,26388279069359,0.5,False,0.7,1.0,0.37635967637747464,6,6,1.6428571428571428
test,47043,19,26388279069359,0.75,False,0.85,1.0,0.1911082308642385,3,3,0.8823529411764706
test,47043,19,26388279069359,0.9,False,0.9,1.0,0.13366190772683606,2,2,1.1666666666666667
test,47043,19,26388279069359,1.0,True,1.0,0.0,0.0,0,0,0.0
test,47044,0,2199023262215,0.25,False,0.7,1.0,0.43921024251126967,6,6,3.5
test,47044,0,2199023262215,0.5,False,0.75,1.0,0.32394147878679425,5,5,2.8666666666666667
test,47044,0,2199023262215,0.75,False,0.85,1.0,0.2087656416508052,3,3,2.7058823529411766
test,47044,0,2199023262215,0.9,False,0.9,1.0,0.1417333469821445,2,2,2.1666666666666665
test,47044,0,2199023262215,1.0,True,1.0,0.0,0.0,0,0,0.0
test,47044,1,10995116281525,0.25,False,0.55,1.0,0.5522762335795912,9,9,4.090909090909091
test,47044,1,10995116281525,0.5,False,0.6,1.0,0.46535180810070215,8,8,1.1666666666666667
test,47044,1,10995116281525,0.75,False,0.8,1.0,0.2603950614260052,4,4,1.8125
test,47044,1,10995116281525,0.9,False,0.85,1.0,0.1938111956416072,3,3,1.3529411764705883
test,47044,1,10995116281525,1.0,True,1.0,0.0,0.0,0,0,0.0
test,47044,2,17592186053645,0.25,False,0.75,1.0,0.3687567152711269,5,5,4.466666666666667
test,47044,2,17592186053645,0.5,False,0.75,1.0,0.3589325021602712,5,5,4.266666666666667
test,47044,2,17592186053645,0.75,False,0.9,1.0,0.15519805393815173,2,2,2.888888888888889
test,47044,2,17592186053645,0.9,False,0.9,1.0,0.14735417197626208,2,2,2.2777777777777777
test,47044,2,17592186053645,1.0,True,1.0,0.0,0.0,0,0,0.0
test,47044,3,28587302328950,0.25,False,0.7,1.0,0.446456322888762,6,6,3.7142857142857144
test,47044,3,28587302328950,0.5,False,0.8,1.0,0.28154454346601804,4,4,2.9375
test,47044,3,28587302328950,0.75,False,0.85,1.0,0.21669333507856603,3,3,2.5294117647058822
test,47044,3,28587302328950,0.9,False,0.9,1.0,0.14119564531323167,2,2,1.6666666666666667
test,47044,3,28587302328950,1.0,True,1.0,0.0,0.0,0,0,0.0
test,47044,4,15393162793550,0.25,False,0.65,1.0,0.5205843909705317,7,7,4.3076923076923075
test,47044,4,15393162793550,0.5,False,0.8,1.0,0.28829962516816615,4,4,1.6875
test,47044,4,15393162793550,0.75,False,0.9,1.0,0.14598310156457078,2,2,1.7222222222222223
test,47044,4,15393162793550,0.9,False,0.9,1.0,0.11636552942739231,2,2,1.1111111111111112
test,47044,4,15393162793550,1.0,True,1.0,0.0,0.0,0,0,0.0
test,47044,5,30786325579731,0.25,False,0.8,1.0,0.3655929541692173,4,4,2.5
test,47044,5,30786325579731,0.5,False,0.85,1.0,0.21319171255990862,3,3,1.7058823529411764
test,47044,5,30786325579731,0.75,False,0.9,1.0,0.14878062391245325,2,2,1.3888888888888888
test,47044,5,30786325579731,0.9,False,0.95,1.0,0.08528731586971222,1,1,1.5789473684210527
test,47044,5,30786325579731,1.0,True,1.0,0.0,0.0,0,0,0.0
test,47044,6,13194139533366,0.25,True,1.0,0.0,0.0,0,0,0.0
test,47044,6,13194139533366,0.5,True,1.0,0.0,0.0,0,0,0.0
test,47044,6,13194139533366,0.75,True,1.0,0.0,0.0,0,0,0.0
test,47044,6,13194139533366,0.9,True,1.0,0.0,0.0,0,0,0.0
test,47044,6,13194139533366,1.0,True,1.0,0.0,0.0,0,0,0.0
test,47044,7,21990232564633,0.25,False,0.6,1.0,0.5547501278535483,8,8,3.0833333333333335
test,47044,7,21990232564633,0.5,False,0.8,1.0,0.2981817191563789,4,4,2.0625
test,47044,7,21990232564633,0.75,False,0.85,1.0,0.20073422096810747,3,3,1.4705882352941178
test,47044,7,21990232564633,0.9,False,0.95,1.0,0.08623977562388789,1,1,1.105263157894737
test,47044,7,21990232564633,1.0,True,1.0,0.0,0.0,0,0,0.0
test,47044,8,30786325577964,0.25,False,0.5,1.0,0.7593356561738915,10,10,3.6
test,47044,8,30786325577964,0.5,False,0.8,1.0,0.44681581490405026,4,4,5.6875
test,47044,8,30786325577964,0.75,False,0.85,1.0,0.27420643898585073,3,3,4.0588235294117645
test,47044,8,30786325577964,0.9,False,0.95,1.0,0.10341083208730266,1,1,2.4210526315789473
test,47044,8,30786325577964,1.0,True,1.0,0.0,0.0,0,0,0.0
test,47044,9,2199023256351,0.25,False,0.7,1.0,0.4191889411788458,6,6,3.9285714285714284
test,47044,9,2199023256351,0.5,False,0.8,1.0,0.2796509434774069,4,4,2.5625
test,47044,9,2199023256351,0.75,False,0.85,1.0,0.19447647662556672,3,3,1.7647058823529411
test,47044,9,2199023256351,0.9,False,0.85,1.0,0.17882749338282317,3,3,0.7058823529411765
test,47044,9,2199023256351,1.0,True,1.0,0.0,0.0,0,0,0.0
test,47044,10,32985348835319,0.25,False,0.7,1.0,0.4036729849172942,6,6,2.5714285714285716
test,47044,10,32985348835319,0.5,False,0.8,1.0,0.2701861351558691,4,4,2.625
test,47044,10,32985348835319,0.75,False,0.85,1.0,0.19438275891202014,3,3,1.2941176470588236
test,47044,10,32985348835319,0.9,False,0.9,1.0,0.1367041084303146,2,2,1.3333333333333333
test,47044,10,32985348835319,1.0,True,1.0,0.0,0.0,0,0,0.0
test,47044,11,28587302324330,0.25,False,0.7,1.0,0.4219764112340686,6,6,2.9285714285714284
test,47044,11,28587302324330,0.5,False,0.65,1.0,0.4149696540904326,7,7,2.076923076923077
test,47044,11,28587302324330,0.75,False,0.8,1.0,0.2578338066248177,4,4,1.9375
test,47044,11,28587302324330,0.9,False,0.9,1.0,0.12929484332022245,2,2,0.9444444444444444
test,47044,11,28587302324330,1.0,True,1.0,0.0,0.0,0,0,0.0
test,47044,12,28587302331918,0.25,False,0.75,1.0,0.3469338562746006,5,5,3.0
test,47044,12,28587302331918,0.5,False,0.75,1.0,0.3243578492445257,5,5,2.7333333333333334
test,47044,12,28587302331918,0.75,False,0.8,1.0,0.24308630052402097,4,4,1.5625
test,47044,12,28587302331918,0.9,False,0.9,1.0,0.12461047038985784,2,2,0.6666666666666666
test,47044,12,28587302331918,1.0,True,1.0,0.0,0.0,0,0,0.0
test,47044,13,4398046519752,0.25,False,0.65,1.0,0.4371141020002954,7,7,3.3846153846153846
test,47044,13,4398046519752,0.5,False,0.75,1.0,0.34002923114587874,5,5,3.533333333333333
test,47044,13,4398046519752,0.75,False,0.85,1.0,0.20384954505897968,3,3,2.1176470588235294
test,47044,13,4398046519752,0.9,False,0.9,1.0,0.1354415464305402,2,2,1.7777777777777777
test,47044,13,4398046519752,1.0,True,1.0,0.0,0.0,0,0,0.0
test,47044,14,32985348841588,0.25,True,1.0,0.0,0.0,0,0,0.0
test,47044,14,32985348841588,0.5,True,1.0,0.0,0.0,0,0,0.0
test,47044,14,32985348841588,0.75,True,1.0,0.0,0.0,0,0,0.0
test,47044,14,32985348841588,0.9,True,1.0,0.0,0.0,0,0,0.0
test,47044,14,32985348841588,1.0,True,1.0,0.0,0.0,0,0,0.0
test,47044,15,6597069772017,0.25,False,0.65,1.0,0.4770113947180385,7,7,1.9230769230769231
test,47044,15,6597069772017,0.5,False,0.75,1.0,0.32150936869126673,5,5,1.6666666666666667
test,47044,15,6597069772017,0.75,False,0.9,1.0,0.1296901964134592,2,2,1.0
test,47044,15,6597069772017,0.9,False,0.95,1.0,0.0728750313019309,1,1,1.0526315789473684
test,47044,15,6597069772017,1.0,True,1.0,0.0,0.0,0,0,0.0
test,47044,16,30786325578215,0.25,False,0.55,1.0,0.5618581230942341,9,9,3.272727272727273
test,47044,16,30786325578215,0.5,False,0.7,1.0,0.381729087312553,6,6,1.7857142857142858
test,47044,16,30786325578215,0.75,False,0.9,1.0,0.1699441502049806,2,2,2.8333333333333335
test,47044,16,30786325578215,0.9,False,0.95,1.0,0.07942826283648638,1,1,1.736842105263158
test,47044,16,30786325578215,1.0,True,1.0,0.0,0.0,0,0,0.0
test,47044,17,24189255818308,0.25,False,0.8,1.0,0.47667914686641727,4,4,4.6875
test,47044,17,24189255818308,0.5,False,0.85,1.0,0.25167886487420377,3,3,3.0
test,47044,17,24189255818308,0.75,False,0.9,1.0,0.14761319774414822,2,2,1.2777777777777777
test,47044,17,24189255818308,0.9,True,1.0,0.07744107744107749,0.03472122370046897,0,0,0.7
test,47044,17,24189255818308,1.0,True,1.0,0.0,0.0,0,0,0.0
test,47044,18,15393162789346,0.25,False,0.45,1.0,0.6424946157924881,11,11,3.4444444444444446
test,47044,18,15393162789346,0.5,False,0.8,1.0,0.29283208874050926,4,4,4.0625
test,47044,18,15393162789346,0.75,False,0.75,1.0,0.30181435743862345,5,5,3.1333333333333333
test,47044,18,15393162789346,0.9,False,0.9,1.0,0.1359522375905161,2,2,1.5
test,47044,18,15393162789346,1.0,True,1.0,0.0,0.0,0,0,0.0
test,47044,19,26388279069359,0.25,False,0.65,1.0,0.4675474517329035,7,7,3.3076923076923075
test,47044,19,26388279069359,0.5,False,0.75,1.0,0.32614653313892855,5,5,2.533333333333333
test,47044,19,26388279069359,0.75,False,0.85,1.0,0.20620110388867877,3,3,1.7647058823529411
test,47044,19,26388279069359,0.9,False,0.9,1.0,0.13287208664929637,2,2,0.6111111111111112
test,47044,19,26388279069359,1.0,True,1.0,0.0,0.0,0,0,0.0
test,47045,0,2199023262215,0.25,False,0.6,1.0,0.542245867839559,8,8,2.5
test,47045,0,2199023262215,0.5,False,0.85,1.0,0.26761745633807155,3,3,3.823529411764706
test,47045,0,2199023262215,0.75,False,0.95,1.0,0.1123626965823149,1,1,2.5789473684210527
test,47045,0,2199023262215,0.9,False,0.95,1.0,0.08888901112432156,1,1,2.3157894736842106
test,47045,0,2199023262215,1.0,True,1.0,0.0,0.0,0,0,0.0
test,47045,1,10995116281525,0.25,False,0.5,1.0,0.6038016140331476,10,10,4.2
test,47045,1,10995116281525,0.5,False,0.65,1.0,0.4118404034869493,7,7,2.3846153846153846
test,47045,1,10995116281525,0.75,False,0.75,1.0,0.3135425816960618,5,5,2.933333333333333
test,47045,1,10995116281525,0.9,False,0.85,1.0,0.18696582763577166,3,3,1.8823529411764706
test,47045,1,10995116281525,1.0,True,1.0,0.0,0.0,0,0,0.0
test,47045,2,17592186053645,0.25,False,0.7,1.0,0.4413088252050198,6,6,2.7142857142857144
test,47045,2,17592186053645,0.5,False,0.75,1.0,0.3247905995430931,5,5,2.1333333333333333
test,47045,2,17592186053645,0.75,False,0.95,1.0,0.10903120971084757,1,1,1.7894736842105263
test,47045,2,17592186053645,0.9,False,0.9,1.0,0.13947248809974583,2,2,1.6111111111111112
test,47045,2,17592186053645,1.0,True,1.0,0.0,0.0,0,0,0.0
test,47045,3,28587302328950,0.25,False,0.7,1.0,0.5117434906050795,6,6,2.7142857142857144
test,47045,3,28587302328950,0.5,False,0.85,1.0,0.2532810175984296,3,3,4.352941176470588
test,47045,3,28587302328950,0.75,False,0.8,1.0,0.2515500940588173,4,4,2.1875
test,47045,3,28587302328950,0.9,False,0.95,1.0,0.09086732759845681,1,1,1.9473684210526316
test,47045,3,28587302328950,1.0,True,1.0,0.0,0.0,0,0,0.0
test,47045,4,15393162793550,0.25,False,0.55,1.0,0.5557565703754934,9,9,2.1818181818181817
test,47045,4,15393162793550,0.5,False,0.75,1.0,0.3301465639254814,5,5,2.6
test,47045,4,15393162793550,0.75,False,0.8,1.0,0.2551014393356047,4,4,2.0625
test,47045,4,15393162793550,0.9,False,0.9,1.0,0.13855162345441602,2,2,1.4444444444444444
test,47045,4,15393162793550,1.0,True,1.0,0.0,0.0,0,0,0.0
test,47045,5,30786325579731,0.25,False,0.75,1.0,0.43654177096408037,5,5,3.6666666666666665
test,47045,5,30786325579731,0.5,False,0.75,1.0,0.3376744228668952,5,5,1.9333333333333333
test,47045,5,30786325579731,0.75,False,0.85,1.0,0.1983218094694253,3,3,1.1176470588235294
test,47045,5,30786325579731,0.9,True,1.0,0.07744107744107749,0.02857535726171436,0,0,1.0
test,47045,5,30786325579731,1.0,True,1.0,0.0,0.0,0,0,0.0
test,47045,6,13194139533366,0.25,True,1.0,0.0,0.0,0,0,0.0
test,47045,6,13194139533366,0.5,True,1.0,0.0,0.0,0,0,0.0
test,47045,6,13194139533366,0.75,True,1.0,0.0,0.0,0,0,0.0
test,47045,6,13194139533366,0.9,True,1.0,0.0,0.0,0,0,0.0
test,47045,6,13194139533366,1.0,True,1.0,0.0,0.0,0,0,0.0
test,47045,7,21990232564633,0.25,False,0.65,1.0,0.49095635699521567,7,7,2.923076923076923
test,47045,7,21990232564633,0.5,False,0.75,1.0,0.32556794465944605,5,5,2.2
test,47045,7,21990232564633,0.75,False,0.85,1.0,0.1885718822429274,3,3,1.5294117647058822
test,47045,7,21990232564633,0.9,False,0.9,1.0,0.13058227065697406,2,2,1.1666666666666667
test,47045,7,21990232564633,1.0,True,1.0,0.0,0.0,0,0,0.0
test,47045,8,30786325577964,0.25,False,0.65,1.0,0.5916398389192506,7,7,4.0
test,47045,8,30786325577964,0.5,False,0.65,1.0,0.45886365676806856,7,7,2.6923076923076925
test,47045,8,30786325577964,0.75,False,0.75,1.0,0.3239211823035352,5,5,3.0
test,47045,8,30786325577964,0.9,False,0.85,1.0,0.20745783582793384,3,3,1.8235294117647058
test,47045,8,30786325577964,1.0,True,1.0,0.0,0.0,0,0,0.0
test,47045,9,2199023256351,0.25,False,0.75,1.0,0.4320457769717934,5,5,3.7333333333333334
test,47045,9,2199023256351,0.5,False,0.75,1.0,0.3519087525416641,5,5,2.2666666666666666
test,47045,9,2199023256351,0.75,False,0.9,1.0,0.14988502659671993,2,2,0.8888888888888888
test,47045,9,2199023256351,0.9,False,0.9,1.0,0.12888571793653394,2,2,1.2222222222222223
test,47045,9,2199023256351,1.0,True,1.0,0.0,0.0,0,0,0.0
test,47045,10,32985348835319,0.25,False,0.6,1.0,0.5408486780292054,8,8,3.5833333333333335
test,47045,10,32985348835319,0.5,False,0.8,1.0,0.2789339780822381,4,4,2.6875
test,47045,10,32985348835319,0.75,False,0.9,1.0,0.14121114886503988,2,2,1.5555555555555556
test,47045,10,32985348835319,0.9,False,0.95,1.0,0.0859902112223564,1,1,1.368421052631579
test,47045,10,32985348835319,1.0,True,1.0,0.0,0.0,0,0,0.0
test,47045,11,28587302324330,0.25,False,0.7,1.0,0.44450484540371765,6,6,3.4285714285714284
test,47045,11,28587302324330,0.5,False,0.7,1.0,0.37140442981436633,6,6,1.9285714285714286
test,47045,11,28587302324330,0.75,False,0.85,1.0,0.19140711959857387,3,3,1.3529411764705883
test,47045,11,28587302324330,0.9,False,0.9,1.0,0.1374310094463898,2,2,0.9444444444444444
test,47045,11,28587302324330,1.0,True,1.0,0.0,0.0,0,0,0.0
test,47045,12,28587302331918,0.25,False,0.75,1.0,0.39919281788053285,5,5,2.8
test,47045,12,28587302331918,0.5,False,0.85,1.0,0.24759021861783376,3,3,2.4705882352941178
test,47045,12,28587302331918,0.75,False,0.9,1.0,0.16201035756413718,2,2,1.5
test,47045,12,28587302331918,0.9,False,0.95,1.0,0.09341207296413642,1,1,0.8421052631578947
test,47045,12,28587302331918,1.0,True,1.0,0.0,0.0,0,0,0.0
test,47045,13,4398046519752,0.25,False,0.6,1.0,0.5393434783670349,8,8,2.0833333333333335
test,47045,13,4398046519752,0.5,False,0.85,1.0,0.22498497804638898,3,3,2.176470588235294
test,47045,13,4398046519752,0.75,False,0.85,1.0,0.18624528599116022,3,3,1.1176470588235294
test,47045,13,4398046519752,0.9,False,0.9,1.0,0.12773026378959648,2,2,1.1111111111111112
test,47045,13,4398046519752,1.0,True,1.0,0.0,0.0,0,0,0.0
test,47045,14,32985348841588,0.25,True,1.0,0.0,0.0,0,0,0.0
test,47045,14,32985348841588,0.5,True,1.0,0.0,0.0,0,0,0.0
test,47045,14,32985348841588,0.75,True,1.0,0.0,0.0,0,0,0.0
test,47045,14,32985348841588,0.9,True,1.0,0.0,0.0,0,0,0.0
test,47045,14,32985348841588,1.0,True,1.0,0.0,0.0,0,0,0.0
test,47045,15,6597069772017,0.25,False,0.65,1.0,0.5158312561388418,7,7,3.923076923076923
test,47045,15,6597069772017,0.5,False,0.75,1.0,0.33345507173235267,5,5,1.3333333333333333
test,47045,15,6597069772017,0.75,False,0.8,1.0,0.2453001625001172,4,4,1.6875
test,47045,15,6597069772017,0.9,True,1.0,0.06753812636165574,0.03686994049825701,0,0,1.7
test,47045,15,6597069772017,1.0,True,1.0,0.0,0.0,0,0,0.0
test,47045,16,30786325578215,0.25,False,0.7,1.0,0.4684829391396625,6,6,4.285714285714286
test,47045,16,30786325578215,0.5,False,0.75,1.0,0.3738626606214762,5,5,3.6666666666666665
test,47045,16,30786325578215,0.75,False,0.85,1.0,0.21401203777982944,3,3,1.588235294117647
test,47045,16,30786325578215,0.9,False,0.95,1.0,0.09742217369857017,1,1,1.7894736842105263
test,47045,16,30786325578215,1.0,True,1.0,0.0,0.0,0,0,0.0
test,47045,17,24189255818308,0.25,False,0.7,1.0,0.45534231082185095,6,6,4.642857142857143
test,47045,17,24189255818308,0.5,False,0.85,1.0,0.25328925612682324,3,3,2.9411764705882355
test,47045,17,24189255818308,0.75,False,0.85,1.0,0.21196400853704467,3,3,2.176470588235294
test,47045,17,24189255818308,0.9,False,0.9,1.0,0.13687018681878999,2,2,0.9444444444444444
test,47045,17,24189255818308,1.0,True,1.0,0.0,0.0,0,0,0.0
test,47045,18,15393162789346,0.25,False,0.7,1.1818181818181819,0.4651846443306752,6,6,4.142857142857143
test,47045,18,15393162789346,0.5,False,0.85,1.0,0.26043373511518364,3,3,4.235294117647059
test,47045,18,15393162789346,0.75,False,0.9,1.0,0.17249745226960042,2,2,3.7777777777777777
test,47045,18,15393162789346,0.9,False,0.95,1.0,0.0837514082698512,1,1,1.7894736842105263
test,47045,18,15393162789346,1.0,True,1.0,0.0,0.0,0,0,0.0
test,47045,19,26388279069359,0.25,False,0.75,1.0,0.4555782455447213,5,5,4.0
test,47045,19,26388279069359,0.5,False,0.8,1.0,0.29443445768695153,4,4,2.4375
test,47045,19,26388279069359,0.75,False,0.85,1.0,0.19721752158135933,3,3,1.0588235294117647
test,47045,19,26388279069359,0.9,False,0.9,1.0,0.12240720423094129,2,2,0.7777777777777778
test,47045,19,26388279069359,1.0,True,1.0,0.0,0.0,0,0,0.0
test,47046,0,2199023262215,0.25,False,0.75,1.0,0.41655178033698076,5,5,4.066666666666666
test,47046,0,2199023262215,0.5,False,0.85,1.0,0.2162224561721275,3,3,2.411764705882353
test,47046,0,2199023262215,0.75,False,0.9,1.0,0.15274502924048322,2,2,2.2222222222222223
test,47046,0,2199023262215,0.9,False,0.95,1.0,0.07827730295976071,1,1,1.4210526315789473
test,47046,0,2199023262215,1.0,True,1.0,0.0,0.0,0,0,0.0
test,47046,1,10995116281525,0.25,False,0.65,1.0,0.5724083944365386,7,7,5.3076923076923075
test,47046,1,10995116281525,0.5,False,0.85,1.0,0.2998281701473633,3,3,3.176470588235294
test,47046,1,10995116281525,0.75,False,0.85,1.0,0.22539375724070024,3,3,2.0
test,47046,1,10995116281525,0.9,False,0.95,1.0,0.0932242343200894,1,1,1.736842105263158
test,47046,1,10995116281525,1.0,True,1.0,0.0,0.0,0,0,0.0
test,47046,2,17592186053645,0.25,False,0.55,1.0,0.5703734762870998,9,9,3.727272727272727
test,47046,2,17592186053645,0.5,False,0.8,1.0,0.28527781595126867,4,4,3.9375
test,47046,2,17592186053645,0.75,False,0.9,1.0,0.16851752641731504,2,2,2.6666666666666665
test,47046,2,17592186053645,0.9,False,0.9,1.0,0.13875690058267712,2,2,1.8333333333333333
test,47046,2,17592186053645,1.0,True,1.0,0.0,0.0,0,0,0.0
test,47046,3,28587302328950,0.25,False,0.6,1.0,0.5371021002141771,8,8,3.6666666666666665
test,47046,3,28587302328950,0.5,False,0.7,1.0,0.3705465093007164,6,6,2.7857142857142856
test,47046,3,28587302328950,0.75,False,0.8,1.0,0.25069909870788365,4,4,1.875
test,47046,3,28587302328950,0.9,False,0.95,1.0,0.07040836015292314,1,1,0.9473684210526315
test,47046,3,28587302328950,1.0,True,1.0,0.0,0.0,0,0,0.0
test,47046,4,15393162793550,0.25,False,0.7,1.0,0.4402349084549268,6,6,3.5
test,47046,4,15393162793550,0.5,False,0.9,1.0,0.16583600888144714,2,2,2.888888888888889
test,47046,4,15393162793550,0.75,False,0.9,1.0,0.15152355528195294,2,2,2.3333333333333335
test,47046,4,15393162793550,0.9,False,0.95,1.0,0.09071478644893467,1,1,1.6842105263157894
test,47046,4,15393162793550,1.0,True,1.0,0.0,0.0,0,0,0.0
test,47046,5,30786325579731,0.25,False,0.8,1.0,0.3394136120382911,4,4,3.9375
test,47046,5,30786325579731,0.5,False,0.8,1.0,0.268923998242991,4,4,2.0625
test,47046,5,30786325579731,0.75,False,0.9,1.0,0.1553607336283668,2,2,1.6111111111111112
test,47046,5,30786325579731,0.9,False,0.95,1.0,0.08692215906854649,1,1,1.368421052631579
test,47046,5,30786325579731,1.0,True,1.0,0.0,0.0,0,0,0.0
test,47046,6,13194139533366,0.25,True,1.0,0.0,0.0,0,0,0.0
test,47046,6,13194139533366,0.5,True,1.0,0.0,0.0,0,0,0.0
test,47046,6,13194139533366,0.75,True,1.0,0.0,0.0,0,0,0.0
test,47046,6,13194139533366,0.9,True,1.0,0.0,0.0,0,0,0.0
test,47046,6,13194139533366,1.0,True,1.0,0.0,0.0,0,0,0.0
test,47046,7,21990232564633,0.25,False,0.7,1.0,0.4453906735264955,6,6,2.9285714285714284
test,47046,7,21990232564633,0.5,False,0.85,1.0,0.2287492852116344,3,3,2.0588235294117645
test,47046,7,21990232564633,0.75,False,0.95,1.0,0.09566965191659435,1,1,1.1578947368421053
test,47046,7,21990232564633,0.9,False,0.85,1.0,0.17331207248345498,3,3,0.5882352941176471
test,47046,7,21990232564633,1.0,True,1.0,0.0,0.0,0,0,0.0
test,47046,8,30786325577964,0.25,False,0.55,1.0,0.6830123389682213,9,9,3.3636363636363638
test,47046,8,30786325577964,0.5,False,0.75,1.0,0.40708436579760104,5,5,3.933333333333333
test,47046,8,30786325577964,0.75,False,0.8,1.0,0.28114121717062895,4,4,2.0
test,47046,8,30786325577964,0.9,False,0.95,1.0,0.12165913471060527,1,1,1.894736842105263
test,47046,8,30786325577964,1.0,True,1.0,0.0,0.0,0,0,0.0
test,47046,9,2199023256351,0.25,False,0.7,1.0,0.41884493916639676,6,6,2.857142857142857
test,47046,9,2199023256351,0.5,False,0.75,1.0,0.32808765774891374,5,5,3.1333333333333333
test,47046,9,2199023256351,0.75,False,0.9,1.0,0.15082191080934151,2,2,1.9444444444444444
test,47046,9,2199023256351,0.9,False,0.95,1.0,0.07535283503675719,1,1,1.0
test,47046,9,2199023256351,1.0,True,1.0,0.0,0.0,0,0,0.0
test,47046,10,32985348835319,0.25,False,0.7,1.0,0.38733199712359495,6,6,3.0714285714285716
test,47046,10,32985348835319,0.5,False,0.85,1.0,0.20801802865391222,3,3,2.0
test,47046,10,32985348835319,0.75,False,0.85,1.0,0.21516293378448642,3,3,2.0588235294117645
test,47046,10,32985348835319,0.9,False,0.9,1.0,0.13629060134193008,2,2,0.8888888888888888
test,47046,10,32985348835319,1.0,True,1.0,0.0,0.0,0,0,0.0
test,47046,11,28587302324330,0.25,False,0.7,1.0,0.4304238558909101,6,6,4.071428571428571
test,47046,11,28587302324330,0.5,False,0.85,1.0,0.22554481631568732,3,3,2.0588235294117645
test,47046,11,28587302324330,0.75,False,0.95,1.0,0.1102204712307346,1,1,1.0526315789473684
test,47046,11,28587302324330,0.9,True,1.0,0.06349206349206347,0.03091017344078687,0,0,0.6
test,47046,11,28587302324330,1.0,True,1.0,0.0,0.0,0,0,0.0
test,47046,12,28587302331918,0.25,False,0.75,1.0,0.41278147513941194,5,5,3.533333333333333
test,47046,12,28587302331918,0.5,False,0.8,1.0,0.31805227496856237,4,4,2.625
test,47046,12,28587302331918,0.75,False,0.9,1.0,0.16554031569106592,2,2,1.2777777777777777
test,47046,12,28587302331918,0.9,False,0.9,1.0,0.13435037641642283,2,2,0.7222222222222222
test,47046,12,28587302331918,1.0,True,1.0,0.0,0.0,0,0,0.0
test,47046,13,4398046519752,0.25,False,0.7,1.0,0.42078160281864313,6,6,2.857142857142857
test,47046,13,4398046519752,0.5,False,0.8,1.0,0.2823249176362449,4,4,2.25
test,47046,13,4398046519752,0.75,False,0.9,1.0,0.15329091164907893,2,2,1.9444444444444444
test,47046,13,4398046519752,0.9,False,0.9,1.0,0.13032722895891666,2,2,1.0555555555555556
test,47046,13,4398046519752,1.0,True,1.0,0.0,0.0,0,0,0.0
test,47046,14,32985348841588,0.25,True,1.0,0.0,0.0,0,0,0.0
test,47046,14,32985348841588,0.5,True,1.0,0.0,0.0,0,0,0.0
test,47046,14,32985348841588,0.75,True,1.0,0.0,0.0,0,0,0.0
test,47046,14,32985348841588,0.9,True,1.0,0.0,0.0,0,0,0.0
test,47046,14,32985348841588,1.0,True,1.0,0.0,0.0,0,0,0.0
test,47046,15,6597069772017,0.25,False,0.65,1.0,0.458987007907644,7,7,2.5384615384615383
test,47046,15,6597069772017,0.5,False,0.9,1.0,0.20726554649198453,2,2,3.1666666666666665
test,47046,15,6597069772017,0.75,False,0.9,1.0,0.15277752417399787,2,2,1.6666666666666667
test,47046,15,6597069772017,0.9,False,0.95,1.0,0.0837930699644111,1,1,1.5789473684210527
test,47046,15,6597069772017,1.0,True,1.0,0.0,0.0,0,0,0.0
test,47046,16,30786325578215,0.25,False,0.75,1.0,0.40587308551784795,5,5,4.0
test,47046,16,30786325578215,0.5,False,0.75,1.0,0.35310071717898495,5,5,2.6
test,47046,16,30786325578215,0.75,False,0.85,1.0,0.20626204250258592,3,3,1.4705882352941178
test,47046,16,30786325578215,0.9,True,1.0,0.11111111111111119,0.05230784164971493,0,0,1.6
test,47046,16,30786325578215,1.0,True,1.0,0.0,0.0,0,0,0.0
test,47046,17,24189255818308,0.25,False,0.65,1.0,0.4690846774381171,7,7,3.4615384615384617
test,47046,17,24189255818308,0.5,False,0.8,1.0,0.2608696440805395,4,4,1.875
test,47046,17,24189255818308,0.75,False,0.85,1.0,0.1915878037598161,3,3,1.3529411764705883
test,47046,17,24189255818308,0.9,False,0.85,1.0,0.1907445428246147,3,3,1.588235294117647
test,47046,17,24189255818308,1.0,True,1.0,0.0,0.0,0,0,0.0
test,47046,18,15393162789346,0.25,False,0.7,1.0,0.40327539547757024,6,6,3.7142857142857144
test,47046,18,15393162789346,0.5,False,0.8,1.0,0.2649175832300508,4,4,2.25
test,47046,18,15393162789346,0.75,False,0.85,1.0,0.2018342356503522,3,3,2.4705882352941178
test,47046,18,15393162789346,0.9,False,0.9,1.0,0.13374313817078343,2,2,1.3888888888888888
test,47046,18,15393162789346,1.0,True,1.0,0.0,0.0,0,0,0.0
test,47046,19,26388279069359,0.25,False,0.55,1.0,0.56483917803006,9,9,2.6363636363636362
test,47046,19,26388279069359,0.5,False,0.85,1.0,0.23619535899141578,3,3,2.235294117647059
test,47046,19,26388279069359,0.75,False,0.85,1.0,0.20885774656490508,3,3,1.6470588235294117
test,47046,19,26388279069359,0.9,False,0.9,1.0,0.1319264600258088,2,2,0.7777777777777778
test,47046,19,26388279069359,1.0,True,1.0,0.0,0.0,0,0,0.0
test,47047,0,2199023262215,0.25,False,0.6,1.0,0.5277792429260456,8,8,4.166666666666667
test,47047,0,2199023262215,0.5,False,0.8,1.0,0.28098525622002246,4,4,2.9375
test,47047,0,2199023262215,0.75,False,0.9,1.0,0.16333889324260562,2,2,3.1666666666666665
test,47047,0,2199023262215,0.9,False,0.95,1.0,0.07893005204286645,1,1,1.0
test,47047,0,2199023262215,1.0,True,1.0,0.0,0.0,0,0,0.0
test,47047,1,10995116281525,0.25,False,0.55,1.0,0.6289276948861791,9,9,4.7272727272727275
test,47047,1,10995116281525,0.5,False,0.8,1.0,0.33914857924367453,4,4,4.75
test,47047,1,10995116281525,0.75,False,0.8,1.0,0.2838605922325511,4,4,3.3125
test,47047,1,10995116281525,0.9,False,0.85,1.0,0.19760361234552712,3,3,1.6470588235294117
test,47047,1,10995116281525,1.0,True,1.0,0.0,0.0,0,0,0.0
test,47047,2,17592186053645,0.25,False,0.45,1.0,0.6498970961144745,11,11,3.888888888888889
test,47047,2,17592186053645,0.5,False,0.7,1.0,0.3711805532094302,6,6,2.857142857142857
test,47047,2,17592186053645,0.75,False,0.85,1.0,0.20812913798001903,3,3,2.6470588235294117
test,47047,2,17592186053645,0.9,False,0.9,1.0,0.12658427379362963,2,2,1.3333333333333333
test,47047,2,17592186053645,1.0,True,1.0,0.0,0.0,0,0,0.0
test,47047,3,28587302328950,0.25,False,0.65,1.0,0.46528303966324314,7,7,3.4615384615384617
test,47047,3,28587302328950,0.5,False,0.65,1.0,0.40021236229300483,7,7,2.923076923076923
test,47047,3,28587302328950,0.75,False,0.8,1.0,0.24426932392810824,4,4,2.625
test,47047,3,28587302328950,0.9,False,0.85,1.0,0.17658456817511467,3,3,2.1176470588235294
test,47047,3,28587302328950,1.0,True,1.0,0.0,0.0,0,0,0.0
test,47047,4,15393162793550,0.25,False,0.6,1.0,0.5560907400181095,8,8,5.0
test,47047,4,15393162793550,0.5,False,0.7,1.0,0.37459496863135844,6,6,2.357142857142857
test,47047,4,15393162793550,0.75,False,0.85,1.0,0.20273457850092852,3,3,2.235294117647059
test,47047,4,15393162793550,0.9,False,0.9,1.0,0.13671813321459278,2,2,1.5
test,47047,4,15393162793550,1.0,True,1.0,0.0,0.0,0,0,0.0
test,47047,5,30786325579731,0.25,False,0.8,1.0,0.3490793336460331,4,4,3.8125
test,47047,5,30786325579731,0.5,False,0.8,1.0,0.28057709493503163,4,4,2.1875
test,47047,5,30786325579731,0.75,False,0.85,1.0,0.19955349709051795,3,3,2.0588235294117645
test,47047,5,30786325579731,0.9,False,0.9,1.0,0.13418193193727582,2,2,1.0555555555555556
test,47047,5,30786325579731,1.0,True,1.0,0.0,0.0,0,0,0.0
test,47047,6,13194139533366,0.25,True,1.0,0.0,0.0,0,0,0.0
test,47047,6,13194139533366,0.5,True,1.0,0.0,0.0,0,0,0.0
test,47047,6,13194139533366,0.75,True,1.0,0.0,0.0,0,0,0.0
test,47047,6,13194139533366,0.9,True,1.0,0.0,0.0,0,0,0.0
test,47047,6,13194139533366,1.0,True,1.0,0.0,0.0,0,0,0.0
test,47047,7,21990232564633,0.25,False,0.7,1.0,0.3769254627991528,6,6,2.2142857142857144
test,47047,7,21990232564633,0.5,False,0.75,1.0,0.33202037105490695,5,5,2.6666666666666665
test,47047,7,21990232564633,0.75,False,0.8,1.0,0.24975737279371585,4,4,2.125
test,47047,7,21990232564633,0.9,False,0.95,1.0,0.08104537505629729,1,1,1.4210526315789473
test,47047,7,21990232564633,1.0,True,1.0,0.0,0.0,0,0,0.0
test,47047,8,30786325577964,0.25,False,0.7,1.0,0.5628611992582581,6,6,6.428571428571429
test,47047,8,30786325577964,0.5,False,0.65,1.0,0.5141376189170307,7,7,3.3846153846153846
test,47047,8,30786325577964,0.75,False,0.85,1.0,0.25976379829321006,3,3,3.235294117647059
test,47047,8,30786325577964,0.9,False,0.85,1.0,0.2355234407930486,3,3,2.764705882352941
test,47047,8,30786325577964,1.0,True,1.0,0.0,0.0,0,0,0.0
test,47047,9,2199023256351,0.25,False,0.65,1.0,0.46475173701754385,7,7,3.6153846153846154
test,47047,9,2199023256351,0.5,False,0.75,1.0,0.3022878365234706,5,5,2.1333333333333333
test,47047,9,2199023256351,0.75,False,0.8,1.0,0.2443313962966264,4,4,1.5
test,47047,9,2199023256351,0.9,False,0.9,1.0,0.1355779613354482,2,2,1.5555555555555556
test,47047,9,2199023256351,1.0,True,1.0,0.0,0.0,0,0,0.0
test,47047,10,32985348835319,0.25,False,0.7,1.0,0.4255743472949745,6,6,4.428571428571429
test,47047,10,32985348835319,0.5,False,0.85,1.0,0.24579528117386923,3,3,2.8823529411764706
test,47047,10,32985348835319,0.75,False,0.85,1.0,0.20319201049897484,3,3,1.6470588235294117
test,47047,10,32985348835319,0.9,False,0.9,1.0,0.13097698992792844,2,2,1.1666666666666667
test,47047,10,32985348835319,1.0,True,1.0,0.0,0.0,0,0,0.0
test,47047,11,28587302324330,0.25,False,0.6,1.0,0.516614768258512,8,8,4.166666666666667
test,47047,11,28587302324330,0.5,False,0.85,1.0,0.25671041403235706,3,3,2.8823529411764706
test,47047,11,28587302324330,0.75,False,0.9,1.0,0.16210152085610624,2,2,2.0
test,47047,11,28587302324330,0.9,False,0.95,1.0,0.08493889673362673,1,1,1.4210526315789473
test,47047,11,28587302324330,1.0,True,1.0,0.0,0.0,0,0,0.0
test,47047,12,28587302331918,0.25,False,0.7,1.0,0.4365648185291747,6,6,4.0
test,47047,12,28587302331918,0.5,False,0.75,1.0,0.34853333743767007,5,5,3.4
test,47047,12,28587302331918,0.75,False,0.8,1.0,0.24871929556621547,4,4,1.6875
test,47047,12,28587302331918,0.9,False,0.95,1.0,0.06665861157081576,1,1,0.6842105263157895
test,47047,12,28587302331918,1.0,True,1.0,0.0,0.0,0,0,0.0
test,47047,13,4398046519752,0.25,False,0.6,1.0,0.5883168131602406,8,8,6.0
test,47047,13,4398046519752,0.5,False,0.7,1.0,0.387439258799349,6,6,3.0714285714285716
test,47047,13,4398046519752,0.75,False,0.85,1.0,0.21456142416509238,3,3,2.1176470588235294
test,47047,13,4398046519752,0.9,False,0.85,1.0,0.1755878137755244,3,3,1.0
test,47047,13,4398046519752,1.0,True,1.0,0.0,0.0,0,0,0.0
test,47047,14,32985348841588,0.25,True,1.0,0.0,0.0,0,0,0.0
test,47047,14,32985348841588,0.5,True,1.0,0.0,0.0,0,0,0.0
test,47047,14,32985348841588,0.75,True,1.0,0.0,0.0,0,0,0.0
test,47047,14,32985348841588,0.9,True,1.0,0.0,0.0,0,0,0.0
test,47047,14,32985348841588,1.0,True,1.0,0.0,0.0,0,0,0.0
test,47047,15,6597069772017,0.25,False,0.6,1.0,0.5459103157975578,8,8,3.25
test,47047,15,6597069772017,0.5,False,0.7,1.0,0.42505974009168757,6,6,3.142857142857143
test,47047,15,6597069772017,0.75,False,0.8,1.0,0.2761560922458507,4,4,1.875
test,47047,15,6597069772017,0.9,False,0.9,1.0,0.13930152778569718,2,2,1.4444444444444444
test,47047,15,6597069772017,1.0,True,1.0,0.0,0.0,0,0,0.0
test,47047,16,30786325578215,0.25,False,0.55,1.0,0.6212367096035806,9,9,6.454545454545454
test,47047,16,30786325578215,0.5,False,0.8,1.0,0.32329074219970716,4,4,3.5
test,47047,16,30786325578215,0.75,False,0.8,1.0,0.25833069998178104,4,4,1.4375
test,47047,16,30786325578215,0.9,False,0.85,1.0,0.1901683824970279,3,3,1.411764705882353
test,47047,16,30786325578215,1.0,True,1.0,0.0,0.0,0,0,0.0
test,47047,17,24189255818308,0.25,False,0.7,1.0,0.4471773774746783,6,6,4.642857142857143
test,47047,17,24189255818308,0.5,False,0.85,1.0,0.22513742669867448,3,3,2.764705882352941
test,47047,17,24189255818308,0.75,False,0.9,1.0,0.15551403300003103,2,2,1.8333333333333333
test,47047,17,24189255818308,0.9,False,0.95,1.0,0.09728756472348425,1,1,1.631578947368421
test,47047,17,24189255818308,1.0,True,1.0,0.0,0.0,0,0,0.0
test,47047,18,15393162789346,0.25,False,0.6,1.0,0.616724620581443,8,8,5.833333333333333
test,47047,18,15393162789346,0.5,False,0.7,1.0,0.40035464142236543,6,6,4.714285714285714
test,47047,18,15393162789346,0.75,False,0.85,1.0,0.21755947749328491,3,3,3.4705882352941178
test,47047,18,15393162789346,0.9,False,0.9,1.0,0.14409815165364195,2,2,2.3333333333333335
test,47047,18,15393162789346,1.0,True,1.0,0.0,0.0,0,0,0.0
test,47047,19,26388279069359,0.25,False,0.7,1.0,0.44319450440367947,6,6,4.5
test,47047,19,26388279069359,0.5,False,0.85,1.0,0.24921173035712801,3,3,2.4705882352941178
test,47047,19,26388279069359,0.75,False,0.85,1.0,0.2022736650061976,3,3,1.6470588235294117
test,47047,19,26388279069359,0.9,False,0.95,1.0,0.08259395288095975,1,1,1.4210526315789473
test,47047,19,26388279069359,1.0,True,1.0,0.0,0.0,0,0,0.0
test,47048,0,2199023262215,0.25,False,0.65,1.0,0.47463456282030003,7,7,2.923076923076923
test,47048,0,2199023262215,0.5,False,0.85,1.0,0.21681435252683098,3,3,3.1176470588235294
test,47048,0,2199023262215,0.75,False,0.9,1.0,0.16520286286384586,2,2,2.388888888888889
test,47048,0,2199023262215,0.9,False,0.95,1.0,0.08521244149553883,1,1,2.0
test,47048,0,2199023262215,1.0,True,1.0,0.0,0.0,0,0,0.0
test,47048,1,10995116281525,0.25,False,0.55,1.0,0.6488826721448399,9,9,5.181818181818182
test,47048,1,10995116281525,0.5,False,0.75,1.0,0.37548288803259844,5,5,4.466666666666667
test,47048,1,10995116281525,0.75,False,0.85,1.0,0.24490164670698206,3,3,3.5294117647058822
test,47048,1,10995116281525,0.9,False,0.9,1.0,0.1566539908405401,2,2,2.2222222222222223
test,47048,1,10995116281525,1.0,True,1.0,0.0,0.0,0,0,0.0
test,47048,2,17592186053645,0.25,False,0.7,1.0,0.4677350343941863,6,6,3.7142857142857144
test,47048,2,17592186053645,0.5,False,0.85,1.0,0.23200792507016188,3,3,3.764705882352941
test,47048,2,17592186053645,0.75,False,0.85,1.0,0.2175720138859945,3,3,2.0
test,47048,2,17592186053645,0.9,False,0.95,1.0,0.08600909832552833,1,1,1.0
test,47048,2,17592186053645,1.0,True,1.0,0.0,0.0,0,0,0.0
test,47048,3,28587302328950,0.25,False,0.5,1.0,0.6343045265859438,10,10,3.5
test,47048,3,28587302328950,0.5,False,0.75,1.0,0.3194965626620981,5,5,3.466666666666667
test,47048,3,28587302328950,0.75,False,0.8,1.0,0.25812437957506695,4,4,2.5625
test,47048,3,28587302328950,0.9,False,0.85,1.0,0.18341394673298028,3,3,1.8235294117647058
test,47048,3,28587302328950,1.0,True,1.0,0.0,0.0,0,0,0.0
test,47048,4,15393162793550,0.25,False,0.65,1.0,0.4316867830602469,7,7,1.6153846153846154
test,47048,4,15393162793550,0.5,False,0.7,1.0,0.3437103809570009,6,6,2.0714285714285716
test,47048,4,15393162793550,0.75,False,0.85,1.0,0.20326259049550002,3,3,2.7058823529411766
test,47048,4,15393162793550,0.9,False,0.95,1.0,0.08893952952228078,1,1,1.3157894736842106
test,47048,4,15393162793550,1.0,True,1.0,0.0,0.0,0,0,0.0
test,47048,5,30786325579731,0.25,False,0.75,1.0,0.37671334010288465,5,5,3.3333333333333335
test,47048,5,30786325579731,0.5,False,0.8,1.0,0.2547060732916856,4,4,1.875
test,47048,5,30786325579731,0.75,False,0.9,1.0,0.1663921478249602,2,2,1.7777777777777777
test,47048,5,30786325579731,0.9,True,1.0,0.09401709401709407,0.03865415717303795,0,0,1.3
test,47048,5,30786325579731,1.0,True,1.0,0.0,0.0,0,0,0.0
test,47048,6,13194139533366,0.25,True,1.0,0.0,0.0,0,0,0.0
test,47048,6,13194139533366,0.5,True,1.0,0.0,0.0,0,0,0.0
test,47048,6,13194139533366,0.75,True,1.0,0.0,0.0,0,0,0.0
test,47048,6,13194139533366,0.9,True,1.0,0.0,0.0,0,0,0.0
test,47048,6,13194139533366,1.0,True,1.0,0.0,0.0,0,0,0.0
test,47048,7,21990232564633,0.25,False,0.75,1.0,0.40130176900802716,5,5,4.066666666666666
test,47048,7,21990232564633,0.5,False,0.85,1.0,0.23418977115560818,3,3,2.764705882352941
test,47048,7,21990232564633,0.75,False,0.9,1.0,0.18415155291076743,2,2,3.0
test,47048,7,21990232564633,0.9,False,0.95,1.0,0.0925769392779235,1,1,1.631578947368421
test,47048,7,21990232564633,1.0,True,1.0,0.0,0.0,0,0,0.0
test,47048,8,30786325577964,0.25,False,0.35,1.0,0.7317346460728814,13,13,3.142857142857143
test,47048,8,30786325577964,0.5,False,0.6,1.0,0.5173068108362225,8,8,4.166666666666667
test,47048,8,30786325577964,0.75,False,0.75,1.0,0.3151924246777188,5,5,2.3333333333333335
test,47048,8,30786325577964,0.9,False,0.95,1.0,0.11501109865080453,1,1,1.4736842105263157
test,47048,8,30786325577964,1.0,True,1.0,0.0,0.0,0,0,0.0
test,47048,9,2199023256351,0.25,False,0.7,1.0,0.4095443295949924,6,6,2.5714285714285716
test,47048,9,2199023256351,0.5,False,0.8,1.0,0.25672139471889954,4,4,1.125
test,47048,9,2199023256351,0.75,False,0.9,1.0,0.1527824189531278,2,2,1.9444444444444444
test,47048,9,2199023256351,0.9,False,0.85,1.0,0.18365785763127823,3,3,1.0
test,47048,9,2199023256351,1.0,True,1.0,0.0,0.0,0,0,0.0
test,47048,10,32985348835319,0.25,False,0.75,1.0,0.408124388619465,5,5,4.266666666666667
test,47048,10,32985348835319,0.5,False,0.9,1.0,0.18088093160509006,2,2,3.2222222222222223
test,47048,10,32985348835319,0.75,False,0.95,1.0,0.10548326335791032,1,1,2.0526315789473686
test,47048,10,32985348835319,0.9,True,1.0,0.13398692810457521,0.036593768548489614,0,0,1.5
test,47048,10,32985348835319,1.0,True,1.0,0.0,0.0,0,0,0.0
test,47048,11,28587302324330,0.25,False,0.65,1.0,0.4631109664199859,7,7,2.769230769230769
test,47048,11,28587302324330,0.5,False,0.7,1.0,0.3689054547279017,6,6,2.0714285714285716
test,47048,11,28587302324330,0.75,False,0.75,1.0,0.30415416118300115,5,5,1.5333333333333334
test,47048,11,28587302324330,0.9,False,0.9,1.0,0.14057470787576076,2,2,1.2222222222222223
test,47048,11,28587302324330,1.0,True,1.0,0.0,0.0,0,0,0.0
test,47048,12,28587302331918,0.25,False,0.65,1.0,0.47571968010357146,7,7,4.153846153846154
test,47048,12,28587302331918,0.5,False,0.85,1.0,0.22724088556436045,3,3,2.764705882352941
test,47048,12,28587302331918,0.75,False,0.9,1.0,0.16181621732273077,2,2,1.7222222222222223
test,47048,12,28587302331918,0.9,False,0.95,1.0,0.08730005102774022,1,1,0.8947368421052632
test,47048,12,28587302331918,1.0,True,1.0,0.0,0.0,0,0,0.0
test,47048,13,4398046519752,0.25,False,0.65,1.0,0.500931656786009,7,7,5.076923076923077
test,47048,13,4398046519752,0.5,False,0.8,1.0,0.2753185288386625,4,4,2.75
test,47048,13,4398046519752,0.75,False,0.9,1.0,0.15024937121297388,2,2,1.8333333333333333
test,47048,13,4398046519752,0.9,False,0.95,1.0,0.08337648491869304,1,1,1.1578947368421053
test,47048,13,4398046519752,1.0,True,1.0,0.0,0.0,0,0,0.0
test,47048,14,32985348841588,0.25,True,1.0,0.0,0.0,0,0,0.0
test,47048,14,32985348841588,0.5,True,1.0,0.0,0.0,0,0,0.0
test,47048,14,32985348841588,0.75,True,1.0,0.0,0.0,0,0,0.0
test,47048,14,32985348841588,0.9,True,1.0,0.0,0.0,0,0,0.0
test,47048,14,32985348841588,1.0,True,1.0,0.0,0.0,0,0,0.0
test,47048,15,6597069772017,0.25,False,0.65,1.0,0.5084086254990745,7,7,4.461538461538462
test,47048,15,6597069772017,0.5,False,0.8,1.0,0.2594682047057265,4,4,2.5625
test,47048,15,6597069772017,0.75,False,0.9,1.0,0.1519457385752886,2,2,2.6666666666666665
test,47048,15,6597069772017,0.9,False,0.95,1.0,0.08723970954712959,1,1,1.4210526315789473
test,47048,15,6597069772017,1.0,True,1.0,0.0,0.0,0,0,0.0
test,47048,16,30786325578215,0.25,False,0.65,1.0,0.48846540471414723,7,7,2.4615384615384617
test,47048,16,30786325578215,0.5,False,0.7,1.0,0.375199191626633,6,6,2.7142857142857144
test,47048,16,30786325578215,0.75,False,0.8,1.0,0.24798213470466574,4,4,1.8125
test,47048,16,30786325578215,0.9,False,0.9,1.0,0.13514542124657264,2,2,1.3888888888888888
test,47048,16,30786325578215,1.0,True,1.0,0.0,0.0,0,0,0.0
test,47048,17,24189255818308,0.25,False,0.65,1.0,0.4677563392935721,7,7,1.6923076923076923
test,47048,17,24189255818308,0.5,False,0.85,1.0,0.23417194773876937,3,3,2.588235294117647
test,47048,17,24189255818308,0.75,False,0.9,1.0,0.15389930648507605,2,2,1.5555555555555556
test,47048,17,24189255818308,0.9,False,0.95,1.0,0.08903656684926356,1,1,1.4736842105263157
test,47048,17,24189255818308,1.0,True,1.0,0.0,0.0,0,0,0.0
test,47048,18,15393162789346,0.25,False,0.6,1.0,0.5192825022819834,8,8,5.416666666666667
test,47048,18,15393162789346,0.5,False,0.8,1.0,0.2673827722468233,4,4,3.625
test,47048,18,15393162789346,0.75,False,0.85,1.0,0.2121479753221211,3,3,3.0
test,47048,18,15393162789346,0.9,False,0.95,1.0,0.08796003890966748,1,1,1.6842105263157894
test,47048,18,15393162789346,1.0,True,1.0,0.0,0.0,0,0,0.0
test,47048,19,26388279069359,0.25,False,0.6,1.0,0.5127626317229215,8,8,3.6666666666666665
test,47048,19,26388279069359,0.5,False,0.8,1.0,0.2729487309976998,4,4,2.375
test,47048,19,26388279069359,0.75,False,0.85,1.0,0.20134454532190374,3,3,1.411764705882353
test,47048,19,26388279069359,0.9,False,0.9,1.0,0.1439268468735226,2,2,1.1111111111111112
test,47048,19,26388279069359,1.0,True,1.0,0.0,0.0,0,0,0.0
test,47049,0,2199023262215,0.25,False,0.65,1.0,0.4633203657836268,7,7,3.6923076923076925
test,47049,0,2199023262215,0.5,False,0.85,1.0,0.22456114223309015,3,3,2.5294117647058822
test,47049,0,2199023262215,0.75,False,0.9,1.0,0.16367011657945094,2,2,2.5
test,47049,0,2199023262215,0.9,True,1.0,0.09090909090909091,0.03139420757171657,0,0,1.2
test,47049,0,2199023262215,1.0,True,1.0,0.0,0.0,0,0,0.0
test,47049,1,10995116281525,0.25,False,0.65,1.0,0.4941956473892894,7,7,2.769230769230769
test,47049,1,10995116281525,0.5,False,0.7,1.0,0.41245159161148576,6,6,2.857142857142857
test,47049,1,10995116281525,0.75,False,0.8,1.0,0.26714057798828794,4,4,1.9375
test,47049,1,10995116281525,0.9,False,0.95,1.0,0.08836566685876765,1,1,1.736842105263158
test,47049,1,10995116281525,1.0,True,1.0,0.0,0.0,0,0,0.0
test,47049,2,17592186053645,0.25,False,0.55,1.0,0.528590316662602,9,9,4.818181818181818
test,47049,2,17592186053645,0.5,False,0.8,1.0,0.2855360505905654,4,4,3.375
test,47049,2,17592186053645,0.75,False,0.9,1.0,0.16334192262764077,2,2,2.7777777777777777
test,47049,2,17592186053645,0.9,False,0.85,1.0,0.18139328438716806,3,3,1.3529411764705883
test,47049,2,17592186053645,1.0,True,1.0,0.0,0.0,0,0,0.0
test,47049,3,28587302328950,0.25,False,0.5,1.0,0.596658928314987,10,10,3.9
test,47049,3,28587302328950,0.5,False,0.85,1.0,0.22722793308687117,3,3,3.823529411764706
test,47049,3,28587302328950,0.75,False,0.85,1.0,0.21851187894751067,3,3,2.5294117647058822
test,47049,3,28587302328950,0.9,False,0.9,1.0,0.14324816626878475,2,2,2.9444444444444446
test,47049,3,28587302328950,1.0,True,1.0,0.0,0.0,0,0,0.0
test,47049,4,15393162793550,0.25,False,0.6,1.0,0.5078514435047324,8,8,4.25
test,47049,4,15393162793550,0.5,False,0.8,1.0,0.30121706355443933,4,4,3.5625
test,47049,4,15393162793550,0.75,False,0.85,1.0,0.199471544881576,3,3,1.8235294117647058
test,47049,4,15393162793550,0.9,False,0.95,1.0,0.0860467534865505,1,1,1.631578947368421
test,47049,4,15393162793550,1.0,True,1.0,0.0,0.0,0,0,0.0
test,47049,5,30786325579731,0.25,False,0.7,1.0,0.37895090994128344,6,6,2.0
test,47049,5,30786325579731,0.5,False,0.85,1.0,0.22393847180511867,3,3,1.5294117647058822
test,47049,5,30786325579731,0.75,False,0.9,1.0,0.15578076476429067,2,2,1.9444444444444444
test,47049,5,30786325579731,0.9,False,0.9,1.0,0.13425893115501614,2,2,0.8888888888888888
test,47049,5,30786325579731,1.0,True,1.0,0.0,0.0,0,0,0.0
test,47049,6,13194139533366,0.25,True,1.0,0.0,0.0,0,0,0.0
test,47049,6,13194139533366,0.5,True,1.0,0.0,0.0,0,0,0.0
test,47049,6,13194139533366,0.75,True,1.0,0.0,0.0,0,0,0.0
test,47049,6,13194139533366,0.9,True,1.0,0.0,0.0,0,0,0.0
test,47049,6,13194139533366,1.0,True,1.0,0.0,0.0,0,0,0.0
test,47049,7,21990232564633,0.25,False,0.5,1.0,0.5747679577871794,10,10,2.0
test,47049,7,21990232564633,0.5,False,0.75,1.0,0.31124592565637815,5,5,2.066666666666667
test,47049,7,21990232564633,0.75,False,0.9,1.0,0.15943248351483522,2,2,1.5
test,47049,7,21990232564633,0.9,False,0.9,1.0,0.12500291870980398,2,2,0.7222222222222222
test,47049,7,21990232564633,1.0,True,1.0,0.0,0.0,0,0,0.0
test,47049,8,30786325577964,0.25,False,0.45,1.0,0.7110138391020744,11,11,3.4444444444444446
test,47049,8,30786325577964,0.5,False,0.85,1.0,0.3690044595926949,3,3,3.0
test,47049,8,30786325577964,0.75,False,0.9,1.0,0.20702650290885583,2,2,1.7777777777777777
test,47049,8,30786325577964,0.9,False,0.9,1.0,0.15817088004588004,2,2,2.1666666666666665
test,47049,8,30786325577964,1.0,True,1.0,0.0,0.0,0,0,0.0
test,47049,9,2199023256351,0.25,False,0.7,1.0,0.37803132842305204,6,6,3.2142857142857144
test,47049,9,2199023256351,0.5,False,0.85,1.0,0.21145120093749248,3,3,2.0
test,47049,9,2199023256351,0.75,False,0.95,1.0,0.09522613385835045,1,1,1.5789473684210527
test,47049,9,2199023256351,0.9,False,0.9,1.0,0.13126982726846106,2,2,1.3333333333333333
test,47049,9,2199023256351,1.0,True,1.0,0.0,0.0,0,0,0.0
test,47049,10,32985348835319,0.25,False,0.75,1.0,0.3367623761859148,5,5,3.0
test,47049,10,32985348835319,0.5,False,0.85,1.0,0.21377101917531466,3,3,2.6470588235294117
test,47049,10,32985348835319,0.75,False,0.9,1.0,0.1397786106313928,2,2,1.3333333333333333
test,47049,10,32985348835319,0.9,False,0.95,1.0,0.07894458034208852,1,1,1.0526315789473684
test,47049,10,32985348835319,1.0,True,1.0,0.0,0.0,0,0,0.0
test,47049,11,28587302324330,0.25,False,0.7,1.0,0.39846582937143216,6,6,1.8571428571428572
test,47049,11,28587302324330,0.5,False,0.75,1.0,0.3147743451899361,5,5,1.7333333333333334
test,47049,11,28587302324330,0.75,False,0.85,1.0,0.20938702093051362,3,3,1.0588235294117647
test,47049,11,28587302324330,0.9,False,0.95,1.0,0.09490213439153442,1,1,1.2105263157894737
test,47049,11,28587302324330,1.0,True,1.0,0.0,0.0,0,0,0.0
test,47049,12,28587302331918,0.25,False,0.7,1.0,0.3583623081259951,6,6,1.7142857142857142
test,47049,12,28587302331918,0.5,False,0.8,1.0,0.27793618324647673,4,4,2.5
test,47049,12,28587302331918,0.75,False,0.95,1.0,0.09741684918974956,1,1,1.4736842105263157
test,47049,12,28587302331918,0.9,False,0.95,1.0,0.07896116033348359,1,1,1.1578947368421053
test,47049,12,28587302331918,1.0,True,1.0,0.0,0.0,0,0,0.0
test,47049,13,4398046519752,0.25,False,0.65,1.0,0.4295690133480744,7,7,2.6153846153846154
test,47049,13,4398046519752,0.5,False,0.7,1.0,0.37576201196254977,6,6,3.5
test,47049,13,4398046519752,0.75,False,0.9,1.0,0.15153056883331562,2,2,1.7777777777777777
test,47049,13,4398046519752,0.9,False,0.9,1.0,0.12411214364949515,2,2,0.5
test,47049,13,4398046519752,1.0,True,1.0,0.0,0.0,0,0,0.0
test,47049,14,32985348841588,0.25,True,1.0,0.0,0.0,0,0,0.0
test,47049,14,32985348841588,0.5,True,1.0,0.0,0.0,0,0,0.0
test,47049,14,32985348841588,0.75,True,1.0,0.0,0.0,0,0,0.0
test,47049,14,32985348841588,0.9,True,1.0,0.0,0.0,0,0,0.0
test,47049,14,32985348841588,1.0,True,1.0,0.0,0.0,0,0,0.0
test,47049,15,6597069772017,0.25,False,0.7,1.0,0.4071214530785362,6,6,2.642857142857143
test,47049,15,6597069772017,0.5,False,0.75,1.0,0.31211175439782324,5,5,2.2666666666666666
test,47049,15,6597069772017,0.75,False,0.85,1.0,0.19687853559789645,3,3,1.8235294117647058
test,47049,15,6597069772017,0.9,True,1.0,0.08496732026143795,0.035704413384006324,0,0,1.2
test,47049,15,6597069772017,1.0,True,1.0,0.0,0.0,0,0,0.0
test,47049,16,30786325578215,0.25,False,0.7,1.0,0.3705757775920283,6,6,3.0714285714285716
test,47049,16,30786325578215,0.5,False,0.75,1.0,0.32258497029251065,5,5,2.0
test,47049,16,30786325578215,0.75,False,0.9,1.0,0.17336800679332273,2,2,1.7222222222222223
test,47049,16,30786325578215,0.9,False,0.95,1.0,0.09261264001186868,1,1,0.7894736842105263
test,47049,16,30786325578215,1.0,True,1.0,0.0,0.0,0,0,0.0
test,47049,17,24189255818308,0.25,False,0.75,1.0,0.4090490018454235,5,5,3.8
test,47049,17,24189255818308,0.5,False,0.8,1.0,0.2947590377693453,4,4,2.5625
test,47049,17,24189255818308,0.75,False,0.8,1.0,0.2579018915461519,4,4,2.375
test,47049,17,24189255818308,0.9,False,0.9,1.0,0.14537073805265555,2,2,1.6666666666666667
test,47049,17,24189255818308,1.0,True,1.0,0.0,0.0,0,0,0.0
test,47049,18,15393162789346,0.25,False,0.65,1.0,0.44845254336331897,7,7,3.076923076923077
test,47049,18,15393162789346,0.5,False,0.7,1.0,0.3999539376151024,6,6,4.428571428571429
test,47049,18,15393162789346,0.75,False,0.85,1.0,0.2059426394658416,3,3,2.1176470588235294
test,47049,18,15393162789346,0.9,False,0.9,1.0,0.14224982129653968,2,2,2.111111111111111
test,47049,18,15393162789346,1.0,True,1.0,0.0,0.0,0,0,0.0
test,47049,19,26388279069359,0.25,False,0.65,1.0,0.42046144424278664,7,7,2.1538461538461537
test,47049,19,26388279069359,0.5,False,0.75,1.0,0.309958240278155,5,5,1.0
test,47049,19,26388279069359,0.75,False,0.8,1.0,0.242292549309237,4,4,1.0
test,47049,19,26388279069359,0.9,False,0.85,1.0,0.18327218272171697,3,3,1.0588235294117647
test,47049,19,26388279069359,1.0,True,1.0,0.0,0.0,0,0,0.0
