epoch,mode,request,country,kind,budget,step,fidelity,raw_count,uncertainty,accepted,query_ms
0,joint_no_history,0,FR,node,0.2,0,0.15,2144,0.11563058806372707,True,1.0375999845564365
0,joint_no_history,0,FR,edge,0.2,0,0.25,864,0.1475784767080472,True,2.2185999841894954
0,joint_no_history,1,FR,node,0.2,0,0.15,2144,0.11563058806372707,True,0.9338000090792775
0,joint_no_history,1,FR,edge,0.2,0,0.25,864,0.1475784767080472,True,2.077899989672005
0,joint_no_history,2,FR,node,0.05,0,0.35,5220,0.04369063469565827,True,1.4550999912898988
0,joint_no_history,2,FR,edge,0.05,0,1.0,13428,0.0,True,1.1937000090256333
0,joint_no_history,3,DE,node,0.05,0,0.35,3457,0.05368759077722651,False,0.765499979024753
0,joint_no_history,3,DE,node,0.05,1,0.5,4885,0.035913300018609526,True,0.7709000201430172
0,joint_no_history,3,DE,edge,0.05,0,1.0,5833,0.0,True,0.9569000103510916
0,joint_no_history,4,DE,node,0.1,0,0.25,2434,0.08405845383090714,True,0.8229999803006649
0,joint_no_history,4,DE,edge,0.1,0,0.75,3353,0.06381223653141518,True,1.8179999897256494
0,joint_no_history,5,FR,node,0.1,0,0.25,3696,0.06821434337575573,True,0.8544999873265624
0,joint_no_history,5,FR,edge,0.1,0,0.75,7688,0.042141894516054657,True,1.8589000101201236
0,joint_no_history,6,DE,node,0.2,0,0.15,1468,0.13974043700237251,True,1.1309999972581863
0,joint_no_history,6,DE,edge,0.2,0,0.25,334,0.23735952331116417,False,1.806499989470467
0,joint_no_history,6,DE,edge,0.2,1,0.35,695,0.19606146405734132,True,1.6410000098403543
0,joint_no_history,7,FR,node,0.2,0,0.15,2144,0.11563058806372707,True,0.7715999963693321
0,joint_no_history,7,FR,edge,0.2,0,0.25,864,0.1475784767080472,True,2.0862999954260886
0,joint_no_history,8,DE,node,0.05,0,0.35,3457,0.05368759077722651,False,0.9589999972376972
0,joint_no_history,8,DE,node,0.05,1,0.5,4885,0.035913300018609526,True,0.9324999991804361
0,joint_no_history,8,DE,edge,0.05,0,1.0,5833,0.0,True,0.9267000132240355
0,joint_no_history,9,FR,node,0.05,0,0.35,5220,0.04369063469565827,True,0.9070000087376684
0,joint_no_history,9,FR,edge,0.05,0,1.0,13428,0.0,True,1.7165000026579946
0,joint_no_history,10,DE,node,0.2,0,0.15,1468,0.13974043700237251,True,0.759599992306903
0,joint_no_history,10,DE,edge,0.2,0,0.25,334,0.23735952331116417,False,1.9435999856796116
0,joint_no_history,10,DE,edge,0.2,1,0.35,695,0.19606146405734132,True,1.8318000074941665
0,joint_no_history,11,FR,node,0.2,0,0.15,2144,0.11563058806372707,True,0.8873000042513013
0,joint_no_history,11,FR,edge,0.2,0,0.25,864,0.1475784767080472,True,1.9025999936275184
0,no_history,0,FR,node,0.2,0,0.15,2144,0.04232035784040764,True,0.9953000117093325
0,no_history,0,FR,edge,0.2,0,0.25,864,0.07989472959703758,True,2.4124999763444066
0,no_history,1,FR,node,0.2,0,0.15,2144,0.04232035784040764,True,0.9502999891992658
0,no_history,1,FR,edge,0.2,0,0.25,864,0.07989472959703758,True,2.2458999883383512
0,no_history,2,FR,node,0.05,0,0.15,2144,0.04232035784040764,True,0.9959999879356474
0,no_history,2,FR,edge,0.05,0,0.75,7688,0.02605542080248601,True,2.274900005431846
0,no_history,3,DE,node,0.05,0,0.15,1468,0.05114447135264985,False,0.822600006358698
0,no_history,3,DE,node,0.05,1,0.25,2434,0.035409710912854477,True,0.7844000065233558
0,no_history,3,DE,edge,0.05,0,0.75,3353,0.039453724002379086,True,2.517499990062788
0,no_history,4,DE,node,0.1,0,0.15,1468,0.05114447135264985,True,0.7839000027161092
0,no_history,4,DE,edge,0.1,0,0.35,695,0.119195285103298,False,1.961500005563721
0,no_history,4,DE,edge,0.1,1,0.5,1473,0.0647393977093217,True,2.00459998450242
0,no_history,5,FR,node,0.1,0,0.15,2144,0.04232035784040764,True,0.9641999786254019
0,no_history,5,FR,edge,0.1,0,0.35,1678,0.07671062140292052,True,2.1043000160716474
0,no_history,6,DE,node,0.2,0,0.15,1468,0.05114447135264985,True,0.7707999902777374
0,no_history,6,DE,edge,0.2,0,0.25,334,0.12849959801213437,True,2.5495000008959323
0,no_history,7,FR,node,0.2,0,0.15,2144,0.04232035784040764,True,0.9389999904669821
0,no_history,7,FR,edge,0.2,0,0.25,864,0.07989472959703758,True,1.9779999856837094
0,no_history,8,DE,node,0.05,0,0.15,1468,0.05114447135264985,False,0.6942999898456037
0,no_history,8,DE,node,0.05,1,0.25,2434,0.035409710912854477,True,0.6874999962747097
0,no_history,8,DE,edge,0.05,0,0.75,3353,0.039453724002379086,True,1.9483999931253493
0,no_history,9,FR,node,0.05,0,0.15,2144,0.04232035784040764,True,0.814300001366064
0,no_history,9,FR,edge,0.05,0,0.75,7688,0.02605542080248601,True,1.9142000237479806
0,no_history,10,DE,node,0.2,0,0.15,1468,0.05114447135264985,True,0.6770000036340207
0,no_history,10,DE,edge,0.2,0,0.25,334,0.12849959801213437,True,2.9992000199854374
0,no_history,11,FR,node,0.2,0,0.15,2144,0.04232035784040764,True,0.8187000057660043
0,no_history,11,FR,edge,0.2,0,0.25,864,0.07989472959703758,True,2.027699985774234
1,joint_no_history,0,FR,node,0.2,0,0.15,2234,0.11327746994210308,True,0.9615000162739307
1,joint_no_history,0,FR,edge,0.2,0,0.25,767,0.15663262003457146,True,2.341799990972504
1,joint_no_history,1,FR,node,0.2,0,0.15,2234,0.11327746994210308,True,0.8682000043336302
1,joint_no_history,1,FR,edge,0.2,0,0.25,767,0.15663262003457146,True,2.6000000070780516
1,joint_no_history,2,FR,node,0.05,0,0.35,5324,0.04326179966494772,True,0.830999983008951
1,joint_no_history,2,FR,edge,0.05,0,1.0,13428,0.0,True,1.0189999884460121
1,joint_no_history,3,FR,node,0.05,0,0.35,5324,0.04326179966494772,True,0.8145000028889626
1,joint_no_history,3,FR,edge,0.05,0,1.0,13428,0.0,True,1.0084999958053231
1,joint_no_history,4,FR,node,0.1,0,0.25,3733,0.06787544491078518,True,1.2688999995589256
1,joint_no_history,4,FR,edge,0.1,0,0.75,7569,0.042471880501832794,True,2.7624999929685146
1,joint_no_history,5,DE,node,0.1,0,0.25,2489,0.08312453636205647,True,1.3945000246167183
1,joint_no_history,5,DE,edge,0.1,0,0.75,3269,0.06462689380948017,True,2.39129998954013
1,joint_no_history,6,DE,node,0.2,0,0.15,1448,0.14070218570237772,True,0.8357999904546887
1,joint_no_history,6,DE,edge,0.2,0,0.25,346,0.23320714119914415,False,2.076599979773164
1,joint_no_history,6,DE,edge,0.2,1,0.35,657,0.20165173307239942,False,2.0326999947428703
1,joint_no_history,6,DE,edge,0.2,2,0.5,1406,0.16651220214003368,True,2.2452999837696552
1,joint_no_history,7,DE,node,0.2,0,0.15,1448,0.14070218570237772,True,0.7365999917965382
1,joint_no_history,7,DE,edge,0.2,0,0.25,346,0.23320714119914415,False,1.8311000021640211
1,joint_no_history,7,DE,edge,0.2,1,0.35,657,0.20165173307239942,False,1.9629999878816307
1,joint_no_history,7,DE,edge,0.2,2,0.5,1406,0.16651220214003368,True,3.1424000044353306
1,joint_no_history,8,DE,node,0.05,0,0.35,3426,0.0539299386146126,False,0.680199998896569
1,joint_no_history,8,DE,node,0.05,1,0.5,4908,0.0358290522713346,True,0.6680999940726906
1,joint_no_history,8,DE,edge,0.05,0,1.0,5833,0.0,True,0.8717000018805265
1,joint_no_history,9,DE,node,0.05,0,0.35,3426,0.0539299386146126,False,0.6788999889977276
1,joint_no_history,9,DE,node,0.05,1,0.5,4908,0.0358290522713346,True,0.6957000005058944
1,joint_no_history,9,DE,edge,0.05,0,1.0,5833,0.0,True,0.8855999913066626
1,joint_no_history,10,DE,node,0.2,0,0.15,1448,0.14070218570237772,True,0.6757999944966286
1,joint_no_history,10,DE,edge,0.2,0,0.25,346,0.23320714119914415,False,1.7536999948788434
1,joint_no_history,10,DE,edge,0.2,1,0.35,657,0.20165173307239942,False,1.7385999963153154
1,joint_no_history,10,DE,edge,0.2,2,0.5,1406,0.16651220214003368,True,1.733200013404712
1,joint_no_history,11,DE,node,0.2,0,0.15,1448,0.14070218570237772,True,0.7809999806340784
1,joint_no_history,11,DE,edge,0.2,0,0.25,346,0.23320714119914415,False,2.04309998662211
1,joint_no_history,11,DE,edge,0.2,1,0.35,657,0.20165173307239942,False,1.8733000033535063
1,joint_no_history,11,DE,edge,0.2,2,0.5,1406,0.16651220214003368,True,1.6936000029090792
1,no_history,0,FR,node,0.2,0,0.15,2234,0.041459125508933284,True,0.8097999962046742
1,no_history,0,FR,edge,0.2,0,0.25,767,0.08479638157869157,True,1.789500005543232
1,no_history,1,FR,node,0.2,0,0.15,2234,0.041459125508933284,True,0.9771000186447054
1,no_history,1,FR,edge,0.2,0,0.25,767,0.08479638157869157,True,3.434100013691932
1,no_history,2,FR,node,0.05,0,0.15,2234,0.041459125508933284,True,0.9866000036709011
1,no_history,2,FR,edge,0.05,0,0.75,7569,0.026259443991692586,True,2.2231000184547156
1,no_history,3,FR,node,0.05,0,0.15,2234,0.041459125508933284,True,0.9265000117011368
1,no_history,3,FR,edge,0.05,0,0.75,7569,0.026259443991692586,True,2.0206999906804413
1,no_history,4,FR,node,0.1,0,0.15,2234,0.041459125508933284,True,0.8853999897837639
1,no_history,4,FR,edge,0.1,0,0.35,1625,0.07795155739755799,True,2.146000013453886
1,no_history,5,DE,node,0.1,0,0.15,1448,0.05149646773888578,True,0.759899994591251
1,no_history,5,DE,edge,0.1,0,0.35,657,0.12259388111122693,False,1.827100000809878
1,no_history,5,DE,edge,0.1,1,0.5,1406,0.06626395719224669,True,2.288799994857982
1,no_history,6,DE,node,0.2,0,0.15,1448,0.05149646773888578,True,0.6923000037204474
1,no_history,6,DE,edge,0.2,0,0.25,346,0.1262516181344201,True,1.7732999986037612
1,no_history,7,DE,node,0.2,0,0.15,1448,0.05149646773888578,True,0.6675999902654439
1,no_history,7,DE,edge,0.2,0,0.25,346,0.1262516181344201,True,1.730799995129928
1,no_history,8,DE,node,0.05,0,0.15,1448,0.05149646773888578,False,0.698099989676848
1,no_history,8,DE,node,0.05,1,0.25,2489,0.035016297209873565,True,0.7029999978840351
1,no_history,8,DE,edge,0.05,0,0.75,3269,0.03995740895611803,True,2.4492999946232885
1,no_history,9,DE,node,0.05,0,0.15,1448,0.05149646773888578,False,0.7628999883309007
1,no_history,9,DE,node,0.05,1,0.25,2489,0.035016297209873565,True,0.760800001444295
1,no_history,9,DE,edge,0.05,0,0.75,3269,0.03995740895611803,True,1.7960999975912273
1,no_history,10,DE,node,0.2,0,0.15,1448,0.05149646773888578,True,0.6961000035516918
1,no_history,10,DE,edge,0.2,0,0.25,346,0.1262516181344201,True,1.8278000061400235
1,no_history,11,DE,node,0.2,0,0.15,1448,0.05149646773888578,True,0.7333999965339899
1,no_history,11,DE,edge,0.2,0,0.25,346,0.1262516181344201,True,1.854700007243082
2,no_history,0,FR,node,0.2,0,0.15,2294,0.04091334753264913,True,0.9449000062886626
2,no_history,0,FR,edge,0.2,0,0.25,886,0.07889657339645073,True,1.9261999987065792
2,no_history,1,DE,node,0.2,0,0.15,1458,0.05131956420083181,True,0.7124000112526119
2,no_history,1,DE,edge,0.2,0,0.25,365,0.12292170349308798,True,2.1526000055018812
2,no_history,2,FR,node,0.05,0,0.15,2294,0.04091334753264913,True,0.9568000095896423
2,no_history,2,FR,edge,0.05,0,0.75,7593,0.026217910641866505,True,2.0443999965209514
2,no_history,3,FR,node,0.05,0,0.15,2294,0.04091334753264913,True,1.431499986210838
2,no_history,3,FR,edge,0.05,0,0.75,7593,0.026217910641866505,True,2.520299982279539
2,no_history,4,DE,node,0.1,0,0.15,1458,0.05131956420083181,True,0.7997000066097826
2,no_history,4,DE,edge,0.1,0,0.35,665,0.12185424310163588,False,2.0871000015176833
2,no_history,4,DE,edge,0.1,1,0.5,1385,0.06676442936306273,True,1.992999983485788
2,no_history,5,FR,node,0.1,0,0.15,2294,0.04091334753264913,True,0.9528999798931181
2,no_history,5,FR,edge,0.1,0,0.35,1739,0.07535319791275419,True,2.1050999930594116
2,no_history,6,DE,node,0.2,0,0.15,1458,0.05131956420083181,True,0.74970000423491
2,no_history,6,DE,edge,0.2,0,0.25,365,0.12292170349308798,True,2.430699998512864
2,no_history,7,FR,node,0.2,0,0.15,2294,0.04091334753264913,True,0.9034000104293227
2,no_history,7,FR,edge,0.2,0,0.25,886,0.07889657339645073,True,2.0475999917834997
2,no_history,8,FR,node,0.05,0,0.15,2294,0.04091334753264913,True,0.9139000030700117
2,no_history,8,FR,edge,0.05,0,0.75,7593,0.026217910641866505,True,2.226099983090535
2,no_history,9,DE,node,0.05,0,0.15,1458,0.05131956420083181,False,0.8786000253167003
2,no_history,9,DE,node,0.05,1,0.25,2427,0.03546073882947482,True,0.853499979712069
2,no_history,9,DE,edge,0.05,0,0.75,3228,0.04021036504806581,True,3.099800000200048
2,no_history,10,DE,node,0.2,0,0.15,1458,0.05131956420083181,True,0.8093999931588769
2,no_history,10,DE,edge,0.2,0,0.25,365,0.12292170349308798,True,2.046799985691905
2,no_history,11,DE,node,0.2,0,0.15,1458,0.05131956420083181,True,0.7256999961100519
2,no_history,11,DE,edge,0.2,0,0.25,365,0.12292170349308798,True,1.8677999905776232
2,joint_no_history,0,FR,node,0.2,0,0.15,2294,0.11178625787371857,True,0.9469000215176493
2,joint_no_history,0,FR,edge,0.2,0,0.25,886,0.1457347209015971,True,2.0195000106468797
2,joint_no_history,1,DE,node,0.2,0,0.15,1458,0.1402188377067659,True,0.9763999842107296
2,joint_no_history,1,DE,edge,0.2,0,0.25,365,0.22705625073597852,False,1.9788999925367534
2,joint_no_history,1,DE,edge,0.2,1,0.35,665,0.2004351202600117,False,2.075600001262501
2,joint_no_history,1,DE,edge,0.2,2,0.5,1385,0.16776981980736688,True,1.8221000209450722
2,joint_no_history,2,FR,node,0.05,0,0.35,5285,0.043421128802079836,True,0.900499988347292
2,joint_no_history,2,FR,edge,0.05,0,1.0,13428,0.0,True,1.122299989219755
2,joint_no_history,3,FR,node,0.05,0,0.35,5285,0.043421128802079836,True,0.9587999957147986
2,joint_no_history,3,FR,edge,0.05,0,1.0,13428,0.0,True,1.1689999955706298
2,joint_no_history,4,DE,node,0.1,0,0.25,2427,0.08417958805264295,True,0.7990000012796372
2,joint_no_history,4,DE,edge,0.1,0,0.75,3228,0.0650360236034246,True,2.2114999883342534
2,joint_no_history,5,FR,node,0.1,0,0.25,3811,0.06717724822408466,True,0.9373000066261739
2,joint_no_history,5,FR,edge,0.1,0,0.75,7593,0.04240470468991492,True,2.4096000124700367
2,joint_no_history,6,DE,node,0.2,0,0.15,1458,0.1402188377067659,True,0.7878000033088028
2,joint_no_history,6,DE,edge,0.2,0,0.25,365,0.22705625073597852,False,2.038199978414923
2,joint_no_history,6,DE,edge,0.2,1,0.35,665,0.2004351202600117,False,1.8904000171460211
2,joint_no_history,6,DE,edge,0.2,2,0.5,1385,0.16776981980736688,True,1.9172999891452491
2,joint_no_history,7,FR,node,0.2,0,0.15,2294,0.11178625787371857,True,1.3111000007484108
2,joint_no_history,7,FR,edge,0.2,0,0.25,886,0.1457347209015971,True,2.3016999766696244
2,joint_no_history,8,FR,node,0.05,0,0.35,5285,0.043421128802079836,True,0.9346999868284911
2,joint_no_history,8,FR,edge,0.05,0,1.0,13428,0.0,True,1.126899995142594
2,joint_no_history,9,DE,node,0.05,0,0.35,3397,0.054159647845474106,False,0.812400016002357
2,joint_no_history,9,DE,node,0.05,1,0.5,4882,0.03592433272585416,True,0.8181000011973083
2,joint_no_history,9,DE,edge,0.05,0,1.0,5833,0.0,True,1.0451999842189252
2,joint_no_history,10,DE,node,0.2,0,0.15,1458,0.1402188377067659,True,0.8029000018723309
2,joint_no_history,10,DE,edge,0.2,0,0.25,365,0.22705625073597852,False,2.0444999972824007
2,joint_no_history,10,DE,edge,0.2,1,0.35,665,0.2004351202600117,False,3.096400003414601
2,joint_no_history,10,DE,edge,0.2,2,0.5,1385,0.16776981980736688,True,2.2966999968048185
2,joint_no_history,11,DE,node,0.2,0,0.15,1458,0.1402188377067659,True,0.7186000002548099
2,joint_no_history,11,DE,edge,0.2,0,0.25,365,0.22705625073597852,False,1.864599995315075
2,joint_no_history,11,DE,edge,0.2,1,0.35,665,0.2004351202600117,False,2.0952999766450375
2,joint_no_history,11,DE,edge,0.2,2,0.5,1385,0.16776981980736688,True,2.2284000006038696
3,no_history,0,FR,node,0.2,0,0.15,2206,0.04172140908160592,True,1.2491999950725585
3,no_history,0,FR,edge,0.2,0,0.25,843,0.0808837382625562,True,2.1738999930676073
3,no_history,1,FR,node,0.2,0,0.15,2206,0.04172140908160592,True,0.8928000170271844
3,no_history,1,FR,edge,0.2,0,0.25,843,0.0808837382625562,True,2.0428999850992113
3,no_history,2,FR,node,0.05,0,0.15,2206,0.04172140908160592,True,0.8870000019669533
3,no_history,2,FR,edge,0.05,0,0.75,7519,0.026346609616754838,True,2.0056000212207437
3,no_history,3,DE,node,0.05,0,0.15,1493,0.05071446143990136,False,0.738300004741177
3,no_history,3,DE,node,0.05,1,0.25,2450,0.03529389797495096,True,0.7172999903559685
3,no_history,3,DE,edge,0.05,0,0.75,3312,0.03969717618609455,True,2.6840000064112246
3,no_history,4,FR,node,0.1,0,0.15,2206,0.04172140908160592,True,0.8742999925743788
3,no_history,4,FR,edge,0.1,0,0.35,1640,0.07759425273240778,True,1.9415999995544553
3,no_history,5,DE,node,0.1,0,0.15,1493,0.05071446143990136,True,0.7053999870549887
3,no_history,5,DE,edge,0.1,0,0.35,748,0.11489488112218883,False,1.80309999268502
3,no_history,5,DE,edge,0.1,1,0.5,1515,0.0638357127357185,True,1.791399990906939
3,no_history,6,DE,node,0.2,0,0.15,1493,0.05071446143990136,True,0.6781000120099634
3,no_history,6,DE,edge,0.2,0,0.25,399,0.11756784416029818,True,1.7491999897174537
3,no_history,7,FR,node,0.2,0,0.15,2206,0.04172140908160592,True,1.201900013256818
3,no_history,7,FR,edge,0.2,0,0.25,843,0.0808837382625562,True,2.056299999821931
3,no_history,8,DE,node,0.05,0,0.15,1493,0.05071446143990136,False,0.7020000193733722
3,no_history,8,DE,node,0.05,1,0.25,2450,0.03529389797495096,True,0.6771999760530889
3,no_history,8,DE,edge,0.05,0,0.75,3312,0.03969717618609455,True,1.800600002752617
3,no_history,9,DE,node,0.05,0,0.15,1493,0.05071446143990136,False,0.7218000246211886
3,no_history,9,DE,node,0.05,1,0.25,2450,0.03529389797495096,True,0.7065999961923808
3,no_history,9,DE,edge,0.05,0,0.75,3312,0.03969717618609455,True,1.8128000083379447
3,no_history,10,FR,node,0.2,0,0.15,2206,0.04172140908160592,True,0.8902999979909509
3,no_history,10,FR,edge,0.2,0,0.25,843,0.0808837382625562,True,2.5676999939605594
3,no_history,11,FR,node,0.2,0,0.15,2206,0.04172140908160592,True,1.05489999987185
3,no_history,11,FR,edge,0.2,0,0.25,843,0.0808837382625562,True,2.235899999504909
3,joint_no_history,0,FR,node,0.2,0,0.15,2206,0.11399409913181742,True,0.8859999943524599
3,joint_no_history,0,FR,edge,0.2,0,0.25,843,0.14940533553896695,True,2.1151000109966844
3,joint_no_history,1,FR,node,0.2,0,0.15,2206,0.11399409913181742,True,0.8354999881703407
3,joint_no_history,1,FR,edge,0.2,0,0.25,843,0.14940533553896695,True,2.435300004435703
3,joint_no_history,2,FR,node,0.05,0,0.35,5198,0.043782995129599586,True,0.7951000006869435
3,joint_no_history,2,FR,edge,0.05,0,1.0,13428,0.0,True,1.0594999766908586
3,joint_no_history,3,DE,node,0.05,0,0.35,3441,0.05381226459568331,False,0.7939000206533819
3,joint_no_history,3,DE,node,0.05,1,0.5,4938,0.0357200497301052,True,0.8060999971348792
3,joint_no_history,3,DE,edge,0.05,0,1.0,5833,0.0,True,1.049300015438348
3,joint_no_history,4,FR,node,0.1,0,0.25,3736,0.0678481875193196,True,0.9578000172041357
3,joint_no_history,4,FR,edge,0.1,0,0.75,7519,0.042612861705116564,True,2.1895999961998314
3,joint_no_history,5,DE,node,0.1,0,0.25,2450,0.08378352765266911,True,1.057399989804253
3,joint_no_history,5,DE,edge,0.1,0,0.75,3312,0.06420599475637778,True,2.2795999830123037
3,joint_no_history,6,DE,node,0.2,0,0.15,1493,0.13856553438761093,True,0.6884000031277537
3,joint_no_history,6,DE,edge,0.2,0,0.25,399,0.21716680735432675,False,1.7607999907340854
3,joint_no_history,6,DE,edge,0.2,1,0.35,748,0.18898783274848888,True,1.7183999880217016
3,joint_no_history,7,FR,node,0.2,0,0.15,2206,0.11399409913181742,True,0.7882000063546002
3,joint_no_history,7,FR,edge,0.2,0,0.25,843,0.14940533553896695,True,1.9048000103794038
3,joint_no_history,8,DE,node,0.05,0,0.35,3441,0.05381226459568331,False,0.747899990528822
3,joint_no_history,8,DE,node,0.05,1,0.5,4938,0.0357200497301052,True,0.744799996027723
3,joint_no_history,8,DE,edge,0.05,0,1.0,5833,0.0,True,0.9769999887794256
3,joint_no_history,9,DE,node,0.05,0,0.35,3441,0.05381226459568331,False,0.9880000143311918
3,joint_no_history,9,DE,node,0.05,1,0.5,4938,0.0357200497301052,True,0.7117000059224665
3,joint_no_history,9,DE,edge,0.05,0,1.0,5833,0.0,True,0.9978000016417354
3,joint_no_history,10,FR,node,0.2,0,0.15,2206,0.11399409913181742,True,0.8665999921504408
3,joint_no_history,10,FR,edge,0.2,0,0.25,843,0.14940533553896695,True,2.280299988342449
3,joint_no_history,11,FR,node,0.2,0,0.15,2206,0.11399409913181742,True,0.8495999791193753
3,joint_no_history,11,FR,edge,0.2,0,0.25,843,0.14940533553896695,True,1.9359999860171229
4,joint_no_history,0,DE,node,0.2,0,0.15,1456,0.14031510880475798,True,0.7501000072807074
4,joint_no_history,0,DE,edge,0.2,0,0.25,332,0.2380733881510046,False,1.8276000046171248
4,joint_no_history,0,DE,edge,0.2,1,0.35,664,0.20058599353712198,False,1.8593999848235399
4,joint_no_history,0,DE,edge,0.2,2,0.5,1347,0.17011982485410235,True,1.9020000181626529
4,joint_no_history,1,DE,node,0.2,0,0.15,1456,0.14031510880475798,True,0.7076000038068742
4,joint_no_history,1,DE,edge,0.2,0,0.25,332,0.2380733881510046,False,1.857199997175485
4,joint_no_history,1,DE,edge,0.2,1,0.35,664,0.20058599353712198,False,1.7823000089265406
4,joint_no_history,1,DE,edge,0.2,2,0.5,1347,0.17011982485410235,True,1.781200000550598
4,joint_no_history,2,FR,node,0.05,0,0.35,5201,0.04377036602637172,True,1.0954999888781458
4,joint_no_history,2,FR,edge,0.05,0,1.0,13428,0.0,True,1.1664000048767775
4,joint_no_history,3,DE,node,0.05,0,0.35,3377,0.05431978908157285,False,0.7255999953486025
4,joint_no_history,3,DE,node,0.05,1,0.5,4844,0.03606496627519985,True,0.6934000120963901
4,joint_no_history,3,DE,edge,0.05,0,1.0,5833,0.0,True,0.8323999936692417
4,joint_no_history,4,FR,node,0.1,0,0.25,3724,0.06795741461582262,True,0.8256000000983477
4,joint_no_history,4,FR,edge,0.1,0,0.75,7602,0.04237959581293402,True,1.9076000025961548
4,joint_no_history,5,FR,node,0.1,0,0.25,3724,0.06795741461582262,True,0.8966999885160476
4,joint_no_history,5,FR,edge,0.1,0,0.75,7602,0.04237959581293402,True,1.9931999850086868
4,joint_no_history,6,FR,node,0.2,0,0.15,2241,0.11310041450517734,True,0.9490999800618738
4,joint_no_history,6,FR,edge,0.2,0,0.25,859,0.14800736013686017,True,2.1287999988999218
4,joint_no_history,7,FR,node,0.2,0,0.15,2241,0.11310041450517734,True,0.9200000204145908
4,joint_no_history,7,FR,edge,0.2,0,0.25,859,0.14800736013686017,True,2.072200004477054
4,joint_no_history,8,FR,node,0.05,0,0.35,5201,0.04377036602637172,True,0.9176000021398067
4,joint_no_history,8,FR,edge,0.05,0,1.0,13428,0.0,True,1.1306999949738383
4,joint_no_history,9,FR,node,0.05,0,0.35,5201,0.04377036602637172,True,0.9290000016335398
4,joint_no_history,9,FR,edge,0.05,0,1.0,13428,0.0,True,1.4559999981429428
4,joint_no_history,10,DE,node,0.2,0,0.15,1456,0.14031510880475798,True,0.7742999878246337
4,joint_no_history,10,DE,edge,0.2,0,0.25,332,0.2380733881510046,False,1.923300005728379
4,joint_no_history,10,DE,edge,0.2,1,0.35,664,0.20058599353712198,False,1.9080000056419522
4,joint_no_history,10,DE,edge,0.2,2,0.5,1347,0.17011982485410235,True,1.9938999903388321
4,joint_no_history,11,DE,node,0.2,0,0.15,1456,0.14031510880475798,True,0.7131000165827572
4,joint_no_history,11,DE,edge,0.2,0,0.25,332,0.2380733881510046,False,1.7742000054568052
4,joint_no_history,11,DE,edge,0.2,1,0.35,664,0.20058599353712198,False,1.7564000154379755
4,joint_no_history,11,DE,edge,0.2,2,0.5,1347,0.17011982485410235,True,1.7502999980933964
4,no_history,0,DE,node,0.2,0,0.15,1456,0.05135479905853631,True,0.7372999971266836
4,no_history,0,DE,edge,0.2,0,0.25,332,0.12888606384116386,True,1.8172000127378851
4,no_history,1,DE,node,0.2,0,0.15,1456,0.05135479905853631,True,0.6582000060006976
4,no_history,1,DE,edge,0.2,0,0.25,332,0.12888606384116386,True,1.7388999985996634
4,no_history,2,FR,node,0.05,0,0.15,2241,0.04139432388875854,True,0.8178999996744096
4,no_history,2,FR,edge,0.05,0,0.75,7602,0.02620238636695841,True,1.8782999832183123
4,no_history,3,DE,node,0.05,0,0.15,1456,0.05135479905853631,False,0.826300005428493
4,no_history,3,DE,node,0.05,1,0.25,2392,0.035719229360862574,True,0.7846000080462545
4,no_history,3,DE,edge,0.05,0,0.75,3201,0.04037959342521858,True,2.7907000039704144
4,no_history,4,FR,node,0.1,0,0.15,2241,0.04139432388875854,True,0.8945000008679926
4,no_history,4,FR,edge,0.1,0,0.35,1625,0.07795155739755799,True,1.979399996344
4,no_history,5,FR,node,0.1,0,0.15,2241,0.04139432388875854,True,0.9038000134751201
4,no_history,5,FR,edge,0.1,0,0.35,1625,0.07795155739755799,True,2.19870000728406
4,no_history,6,FR,node,0.2,0,0.15,2241,0.04139432388875854,True,0.9636000031605363
4,no_history,6,FR,edge,0.2,0,0.25,859,0.0801269147119541,True,2.1336000063456595
4,no_history,7,FR,node,0.2,0,0.15,2241,0.04139432388875854,True,0.9663999953772873
4,no_history,7,FR,edge,0.2,0,0.25,859,0.0801269147119541,True,2.044299995759502
4,no_history,8,FR,node,0.05,0,0.15,2241,0.04139432388875854,True,0.8377000049222261
4,no_history,8,FR,edge,0.05,0,0.75,7602,0.02620238636695841,True,1.991200027987361
4,no_history,9,FR,node,0.05,0,0.15,2241,0.04139432388875854,True,0.8488000021316111
4,no_history,9,FR,edge,0.05,0,0.75,7602,0.02620238636695841,True,2.0237999851815403
4,no_history,10,DE,node,0.2,0,0.15,1456,0.05135479905853631,True,0.7232000061776489
4,no_history,10,DE,edge,0.2,0,0.25,332,0.12888606384116386,True,2.298799983691424
4,no_history,11,DE,node,0.2,0,0.15,1456,0.05135479905853631,True,0.6615000020246953
4,no_history,11,DE,edge,0.2,0,0.25,332,0.12888606384116386,True,1.742499996908009
5,no_history,0,DE,node,0.2,0,0.15,1513,0.0503781549356696,True,0.7418000022880733
5,no_history,0,DE,edge,0.2,0,0.25,375,0.12127167291355458,True,1.823400001740083
5,no_history,1,FR,node,0.2,0,0.15,2226,0.041533558469233046,True,0.9299999801442027
5,no_history,1,FR,edge,0.2,0,0.25,794,0.08334215985831131,True,3.196100005879998
5,no_history,2,DE,node,0.05,0,0.15,1513,0.0503781549356696,False,0.7505999819841236
5,no_history,2,DE,node,0.05,1,0.25,2474,0.035122289674701684,True,0.7258999976329505
5,no_history,2,DE,edge,0.05,0,0.75,3234,0.04017304683580539,True,2.14540000888519
5,no_history,3,FR,node,0.05,0,0.15,2226,0.041533558469233046,True,0.9434999956283718
5,no_history,3,FR,edge,0.05,0,0.75,7517,0.026350114320410744,True,2.0687999785877764
5,no_history,4,DE,node,0.1,0,0.15,1513,0.0503781549356696,True,0.7195000071078539
5,no_history,4,DE,edge,0.1,0,0.35,704,0.1184309326773923,False,1.787000015610829
5,no_history,4,DE,edge,0.1,1,0.5,1429,0.06572852912513528,True,1.8202000064775348
5,no_history,5,FR,node,0.1,0,0.15,2226,0.041533558469233046,True,0.8806999830994755
5,no_history,5,FR,edge,0.1,0,0.35,1585,0.0789290445780869,True,1.8911999941337854
5,no_history,6,FR,node,0.2,0,0.15,2226,0.041533558469233046,True,0.8419000077992678
5,no_history,6,FR,edge,0.2,0,0.25,794,0.08334215985831131,True,2.0003000099677593
5,no_history,7,DE,node,0.2,0,0.15,1513,0.0503781549356696,True,0.7763000030536205
5,no_history,7,DE,edge,0.2,0,0.25,375,0.12127167291355458,True,1.8968999793287367
5,no_history,8,FR,node,0.05,0,0.15,2226,0.041533558469233046,True,0.9451000078115612
5,no_history,8,FR,edge,0.05,0,0.75,7517,0.026350114320410744,True,3.39729999541305
5,no_history,9,FR,node,0.05,0,0.15,2226,0.041533558469233046,True,0.9589999972376972
5,no_history,9,FR,edge,0.05,0,0.75,7517,0.026350114320410744,True,1.9867000228259712
5,no_history,10,FR,node,0.2,0,0.15,2226,0.041533558469233046,True,0.8193999819923192
5,no_history,10,FR,edge,0.2,0,0.25,794,0.08334215985831131,True,1.8607999954838306
5,no_history,11,DE,node,0.2,0,0.15,1513,0.0503781549356696,True,0.6960000027902424
5,no_history,11,DE,edge,0.2,0,0.25,375,0.12127167291355458,True,1.7850000003818423
5,joint_no_history,0,DE,node,0.2,0,0.15,1513,0.13764665466072817,True,0.7583000115118921
5,joint_no_history,0,DE,edge,0.2,0,0.25,375,0.22400837760745781,False,1.8496999982744455
5,joint_no_history,0,DE,edge,0.2,1,0.35,704,0.19480419909464602,True,1.7819000058807433
5,joint_no_history,1,FR,node,0.2,0,0.15,2226,0.11348084078795563,True,0.8166999905370176
5,joint_no_history,1,FR,edge,0.2,0,0.25,794,0.15394643751199572,True,2.500599977793172
5,joint_no_history,2,DE,node,0.05,0,0.35,3398,0.05415167791711877,False,0.7920999778434634
5,joint_no_history,2,DE,node,0.05,1,0.5,4885,0.035913300018609526,True,0.7757999992463738
5,joint_no_history,2,DE,edge,0.05,0,1.0,5833,0.0,True,1.0177000076510012
5,joint_no_history,3,FR,node,0.05,0,0.35,5190,0.043816726255658016,True,1.2144999927841127
5,joint_no_history,3,FR,edge,0.05,0,1.0,13428,0.0,True,1.1585000029299408
5,joint_no_history,4,DE,node,0.1,0,0.25,2474,0.08337614990200051,True,0.7399999885819852
5,joint_no_history,4,DE,edge,0.1,0,0.75,3234,0.06497566533185692,True,1.8798999954015017
5,joint_no_history,5,FR,node,0.1,0,0.25,3722,0.06797567046964174,True,0.901699997484684
5,joint_no_history,5,FR,edge,0.1,0,0.75,7517,0.04261853019356267,True,2.116899995598942
5,joint_no_history,6,FR,node,0.2,0,0.15,2226,0.11348084078795563,True,0.8701999904587865
5,joint_no_history,6,FR,edge,0.2,0,0.25,794,0.15394643751199572,True,1.9675999938044697
5,joint_no_history,7,DE,node,0.2,0,0.15,1513,0.13764665466072817,True,1.0146000131499022
5,joint_no_history,7,DE,edge,0.2,0,0.25,375,0.22400837760745781,False,1.9773999811150134
5,joint_no_history,7,DE,edge,0.2,1,0.35,704,0.19480419909464602,True,1.9203000119887292
5,joint_no_history,8,FR,node,0.05,0,0.35,5190,0.043816726255658016,True,0.9099000017158687
5,joint_no_history,8,FR,edge,0.05,0,1.0,13428,0.0,True,1.132400007918477
5,joint_no_history,9,FR,node,0.05,0,0.35,5190,0.043816726255658016,True,0.9835000091698021
5,joint_no_history,9,FR,edge,0.05,0,1.0,13428,0.0,True,1.2223999947309494
5,joint_no_history,10,FR,node,0.2,0,0.15,2226,0.11348084078795563,True,1.0734000243246555
5,joint_no_history,10,FR,edge,0.2,0,0.25,794,0.15394643751199572,True,2.7344999834895134
5,joint_no_history,11,DE,node,0.2,0,0.15,1513,0.13764665466072817,True,0.7532000017818063
5,joint_no_history,11,DE,edge,0.2,0,0.25,375,0.22400837760745781,False,1.8906999903265387
5,joint_no_history,11,DE,edge,0.2,1,0.35,704,0.19480419909464602,True,1.95870001334697
6,joint_no_history,0,DE,node,0.2,0,0.15,1473,0.13950306561135611,True,0.7708999910391867
6,joint_no_history,0,DE,edge,0.2,0,0.25,410,0.21423378764042114,False,1.9592000171542168
6,joint_no_history,0,DE,edge,0.2,1,0.35,759,0.18761335754159192,True,1.8721999949775636
6,joint_no_history,1,FR,node,0.2,0,0.15,2282,0.11207978903427376,True,1.1458999942988157
6,joint_no_history,1,FR,edge,0.2,0,0.25,885,0.14581703365648052,True,2.158399991458282
6,joint_no_history,2,DE,node,0.05,0,0.35,3483,0.05348683106932458,False,0.7310000073630363
6,joint_no_history,2,DE,node,0.05,1,0.5,5018,0.03543417038616827,True,0.6929000082891434
6,joint_no_history,2,DE,edge,0.05,0,1.0,5833,0.0,True,0.9379000111948699
6,joint_no_history,3,DE,node,0.05,0,0.35,3483,0.05348683106932458,False,0.7129000150598586
6,joint_no_history,3,DE,node,0.05,1,0.5,5018,0.03543417038616827,True,0.7228000031318516
6,joint_no_history,3,DE,edge,0.05,0,1.0,5833,0.0,True,0.90970000019297
6,joint_no_history,4,FR,node,0.1,0,0.25,3807,0.06721253039470204,True,0.881000014487654
6,joint_no_history,4,FR,edge,0.1,0,0.75,7568,0.04247468642662044,True,2.535299980081618
6,joint_no_history,5,FR,node,0.1,0,0.25,3807,0.06721253039470204,True,0.9239000210072845
6,joint_no_history,5,FR,edge,0.1,0,0.75,7568,0.04247468642662044,True,2.1308000141289085
6,joint_no_history,6,DE,node,0.2,0,0.15,1473,0.13950306561135611,True,0.7705999887548387
6,joint_no_history,6,DE,edge,0.2,0,0.25,410,0.21423378764042114,False,1.9471999839879572
6,joint_no_history,6,DE,edge,0.2,1,0.35,759,0.18761335754159192,True,1.947000011568889
6,joint_no_history,7,FR,node,0.2,0,0.15,2282,0.11207978903427376,True,0.9666999976616353
6,joint_no_history,7,FR,edge,0.2,0,0.25,885,0.14581703365648052,True,2.146199985872954
6,joint_no_history,8,DE,node,0.05,0,0.35,3483,0.05348683106932458,False,0.8069000032264739
6,joint_no_history,8,DE,node,0.05,1,0.5,5018,0.03543417038616827,True,0.9055999980773777
6,joint_no_history,8,DE,edge,0.05,0,1.0,5833,0.0,True,0.9824000007938594
6,joint_no_history,9,FR,node,0.05,0,0.35,5325,0.04325773733340536,True,0.9352999913971871
6,joint_no_history,9,FR,edge,0.05,0,1.0,13428,0.0,True,1.3696000096388161
6,joint_no_history,10,DE,node,0.2,0,0.15,1473,0.13950306561135611,True,0.7860999903641641
6,joint_no_history,10,DE,edge,0.2,0,0.25,410,0.21423378764042114,False,1.8999000021722168
6,joint_no_history,10,DE,edge,0.2,1,0.35,759,0.18761335754159192,True,1.9157000060658902
6,joint_no_history,11,FR,node,0.2,0,0.15,2282,0.11207978903427376,True,0.9496999846305698
6,joint_no_history,11,FR,edge,0.2,0,0.25,885,0.14581703365648052,True,2.434599999105558
6,no_history,0,DE,node,0.2,0,0.15,1473,0.051057594321432545,True,0.8486000006087124
6,no_history,0,DE,edge,0.2,0,0.25,410,0.1159799919058746,True,2.0422000088728964
6,no_history,1,FR,node,0.2,0,0.15,2282,0.04102077882708447,True,0.970599998254329
6,no_history,1,FR,edge,0.2,0,0.25,885,0.07894113514719173,True,2.163900004234165
6,no_history,2,DE,node,0.05,0,0.15,1473,0.051057594321432545,False,0.8240999886766076
6,no_history,2,DE,node,0.05,1,0.25,2513,0.03484868732588886,True,0.7396000146400183
6,no_history,2,DE,edge,0.05,0,0.75,3338,0.03954227141083847,True,1.9099000201094896
6,no_history,3,DE,node,0.05,0,0.15,1473,0.051057594321432545,False,0.7219999970402569
6,no_history,3,DE,node,0.05,1,0.25,2513,0.03484868732588886,True,0.7007000094745308
6,no_history,3,DE,edge,0.05,0,0.75,3338,0.03954227141083847,True,1.8840999982785434
6,no_history,4,FR,node,0.1,0,0.15,2282,0.04102077882708447,True,0.8890999888535589
6,no_history,4,FR,edge,0.1,0,0.35,1739,0.07535319791275419,True,1.8313000036869198
6,no_history,5,FR,node,0.1,0,0.15,2282,0.04102077882708447,True,0.8124999876599759
6,no_history,5,FR,edge,0.1,0,0.35,1739,0.07535319791275419,True,2.533300023060292
6,no_history,6,DE,node,0.2,0,0.15,1473,0.051057594321432545,True,0.6793000211473554
6,no_history,6,DE,edge,0.2,0,0.25,410,0.1159799919058746,True,1.608200022019446
6,no_history,7,FR,node,0.2,0,0.15,2282,0.04102077882708447,True,0.8913000056054443
6,no_history,7,FR,edge,0.2,0,0.25,885,0.07894113514719173,True,2.307800023118034
6,no_history,8,DE,node,0.05,0,0.15,1473,0.051057594321432545,False,0.7605999999213964
6,no_history,8,DE,node,0.05,1,0.25,2513,0.03484868732588886,True,0.7822000188753009
6,no_history,8,DE,edge,0.05,0,0.75,3338,0.03954227141083847,True,2.0035000052303076
6,no_history,9,FR,node,0.05,0,0.15,2282,0.04102077882708447,True,1.5952000103425235
6,no_history,9,FR,edge,0.05,0,0.75,7568,0.026261178834226878,True,2.0555999944917858
6,no_history,10,DE,node,0.2,0,0.15,1473,0.051057594321432545,True,0.7076000038068742
6,no_history,10,DE,edge,0.2,0,0.25,410,0.1159799919058746,True,1.898199989227578
6,no_history,11,FR,node,0.2,0,0.15,2282,0.04102077882708447,True,0.8726999803911895
6,no_history,11,FR,edge,0.2,0,0.25,885,0.07894113514719173,True,2.0657999848481268
7,no_history,0,FR,node,0.2,0,0.15,2272,0.04111095431253313,True,0.9568000095896423
7,no_history,0,FR,edge,0.2,0,0.25,860,0.08008031574627279,True,2.190400002291426
7,no_history,1,FR,node,0.2,0,0.15,2272,0.04111095431253313,True,0.9468000207562
7,no_history,1,FR,edge,0.2,0,0.25,860,0.08008031574627279,True,1.9567999988794327
7,no_history,2,FR,node,0.05,0,0.15,2272,0.04111095431253313,True,0.8073000062722713
7,no_history,2,FR,edge,0.05,0,0.75,7538,0.026313384529185333,True,1.8943000177387148
7,no_history,3,FR,node,0.05,0,0.15,2272,0.04111095431253313,True,0.845799979288131
7,no_history,3,FR,edge,0.05,0,0.75,7538,0.026313384529185333,True,2.084800013108179
7,no_history,4,DE,node,0.1,0,0.15,1516,0.050328283791682714,True,0.7397000154014677
7,no_history,4,DE,edge,0.1,0,0.35,704,0.1184309326773923,False,2.0770000119227916
7,no_history,4,DE,edge,0.1,1,0.5,1452,0.06520587392640438,True,2.0662999886553735
7,no_history,5,DE,node,0.1,0,0.15,1516,0.050328283791682714,True,0.6860000139568001
7,no_history,5,DE,edge,0.1,0,0.35,704,0.1184309326773923,False,1.8421999993734062
7,no_history,5,DE,edge,0.1,1,0.5,1452,0.06520587392640438,True,1.8161000043619424
7,no_history,6,FR,node,0.2,0,0.15,2272,0.04111095431253313,True,0.8563000010326505
7,no_history,6,FR,edge,0.2,0,0.25,860,0.08008031574627279,True,2.1764999837614596
7,no_history,7,FR,node,0.2,0,0.15,2272,0.04111095431253313,True,0.9609000117052346
7,no_history,7,FR,edge,0.2,0,0.25,860,0.08008031574627279,True,2.0622999873012304
7,no_history,8,FR,node,0.05,0,0.15,2272,0.04111095431253313,True,0.8350999851245433
7,no_history,8,FR,edge,0.05,0,0.75,7538,0.026313384529185333,True,1.9291999924462289
7,no_history,9,FR,node,0.05,0,0.15,2272,0.04111095431253313,True,0.9357000235468149
7,no_history,9,FR,edge,0.05,0,0.75,7538,0.026313384529185333,True,1.963999995496124
7,no_history,10,DE,node,0.2,0,0.15,1516,0.050328283791682714,True,0.6983999919611961
7,no_history,10,DE,edge,0.2,0,0.25,359,0.12394464792767461,True,1.9611000025179237
7,no_history,11,DE,node,0.2,0,0.15,1516,0.050328283791682714,True,0.7999000081326813
7,no_history,11,DE,edge,0.2,0,0.25,359,0.12394464792767461,True,1.7524999857414514
7,joint_no_history,0,FR,node,0.2,0,0.15,2272,0.11232617268846405,True,0.8865999989211559
7,joint_no_history,0,FR,edge,0.2,0,0.25,860,0.14792128431676413,True,2.236800006357953
7,joint_no_history,1,FR,node,0.2,0,0.15,2272,0.11232617268846405,True,0.9277000208385289
7,joint_no_history,1,FR,edge,0.2,0,0.25,860,0.14792128431676413,True,2.1456000104080886
7,joint_no_history,2,FR,node,0.05,0,0.35,5233,0.04363633205494605,True,1.2540000025182962
7,joint_no_history,2,FR,edge,0.05,0,1.0,13428,0.0,True,1.181900006486103
7,joint_no_history,3,FR,node,0.05,0,0.35,5233,0.04363633205494605,True,0.993099994957447
7,joint_no_history,3,FR,edge,0.05,0,1.0,13428,0.0,True,1.1916000221390277
7,joint_no_history,4,DE,node,0.1,0,0.25,2473,0.0833930054869098,True,0.8584000170230865
7,joint_no_history,4,DE,edge,0.1,0,0.75,3269,0.06462689380948017,True,2.0954000065103173
7,joint_no_history,5,DE,node,0.1,0,0.25,2473,0.0833930054869098,True,0.7880999764893204
7,joint_no_history,5,DE,edge,0.1,0,0.75,3269,0.06462689380948017,True,2.2837000142317265
7,joint_no_history,6,FR,node,0.2,0,0.15,2272,0.11232617268846405,True,0.899200007552281
7,joint_no_history,6,FR,edge,0.2,0,0.25,860,0.14792128431676413,True,2.106700005242601
7,joint_no_history,7,FR,node,0.2,0,0.15,2272,0.11232617268846405,True,0.9161000198218971
7,joint_no_history,7,FR,edge,0.2,0,0.25,860,0.14792128431676413,True,2.032200020039454
7,joint_no_history,8,FR,node,0.05,0,0.35,5233,0.04363633205494605,True,0.8060999971348792
7,joint_no_history,8,FR,edge,0.05,0,1.0,13428,0.0,True,1.0383999906480312
7,joint_no_history,9,FR,node,0.05,0,0.35,5233,0.04363633205494605,True,0.9781999979168177
7,joint_no_history,9,FR,edge,0.05,0,1.0,13428,0.0,True,1.8592999840620905
7,joint_no_history,10,DE,node,0.2,0,0.15,1516,0.13751039329620093,True,0.7885000086389482
7,joint_no_history,10,DE,edge,0.2,0,0.25,359,0.2289457944164526,False,1.9711999921128154
7,joint_no_history,10,DE,edge,0.2,1,0.35,704,0.19480419909464602,True,1.8244000093545765
7,joint_no_history,11,DE,node,0.2,0,0.15,1516,0.13751039329620093,True,0.6585000082850456
7,joint_no_history,11,DE,edge,0.2,0,0.25,359,0.2289457944164526,False,1.7303999920841306
7,joint_no_history,11,DE,edge,0.2,1,0.35,704,0.19480419909464602,True,1.6336999833583832
8,joint_no_history,0,FR,node,0.2,0,0.15,2189,0.11443588801769349,True,0.9445000032428652
8,joint_no_history,0,FR,edge,0.2,0,0.25,726,0.1609947018633242,True,1.951999991433695
8,joint_no_history,1,FR,node,0.2,0,0.15,2189,0.11443588801769349,True,0.8904999995138496
8,joint_no_history,1,FR,edge,0.2,0,0.25,726,0.1609947018633242,True,2.255999977933243
8,joint_no_history,2,DE,node,0.05,0,0.35,3510,0.0532807153466908,False,0.8035000064410269
8,joint_no_history,2,DE,node,0.05,1,0.5,4967,0.03561562071061265,True,0.7897999894339591
8,joint_no_history,2,DE,edge,0.05,0,1.0,5833,0.0,True,0.9791000047698617
8,joint_no_history,3,DE,node,0.05,0,0.35,3510,0.0532807153466908,False,0.797300017438829
8,joint_no_history,3,DE,node,0.05,1,0.5,4967,0.03561562071061265,True,0.7408000237774104
8,joint_no_history,3,DE,edge,0.05,0,1.0,5833,0.0,True,1.0369000083301216
8,joint_no_history,4,FR,node,0.1,0,0.25,3625,0.06887913409988322,True,0.8621000160928816
8,joint_no_history,4,FR,edge,0.1,0,0.75,7513,0.04262987396011798,True,1.813899987610057
8,joint_no_history,5,FR,node,0.1,0,0.25,3625,0.06887913409988322,True,0.7764999754726887
8,joint_no_history,5,FR,edge,0.1,0,0.75,7513,0.04262987396011798,True,1.8700999789871275
8,joint_no_history,6,DE,node,0.2,0,0.15,1499,0.13828794038382622,True,0.6613000005017966
8,joint_no_history,6,DE,edge,0.2,0,0.25,382,0.22194645517404574,False,1.6925999952945858
8,joint_no_history,6,DE,edge,0.2,1,0.35,738,0.19026392984260568,True,2.3338999890256673
8,joint_no_history,7,FR,node,0.2,0,0.15,2189,0.11443588801769349,True,0.7938000198919326
8,joint_no_history,7,FR,edge,0.2,0,0.25,726,0.1609947018633242,True,1.8601999909151345
8,joint_no_history,8,DE,node,0.05,0,0.35,3510,0.0532807153466908,False,0.6913999968674034
8,joint_no_history,8,DE,node,0.05,1,0.5,4967,0.03561562071061265,True,0.7465000089723617
8,joint_no_history,8,DE,edge,0.05,0,1.0,5833,0.0,True,0.9000000136438757
8,joint_no_history,9,FR,node,0.05,0,0.35,5090,0.044245052432877616,True,0.7906999962870032
8,joint_no_history,9,FR,edge,0.05,0,1.0,13428,0.0,True,1.0929999989457428
8,joint_no_history,10,FR,node,0.2,0,0.15,2189,0.11443588801769349,True,0.7937999907881021
8,joint_no_history,10,FR,edge,0.2,0,0.25,726,0.1609947018633242,True,3.357899986440316
8,joint_no_history,11,FR,node,0.2,0,0.15,2189,0.11443588801769349,True,1.0400000028312206
8,joint_no_history,11,FR,edge,0.2,0,0.25,726,0.1609947018633242,True,2.622999978484586
8,no_history,0,FR,node,0.2,0,0.15,2189,0.041883102142700496,True,0.9126999939326197
8,no_history,0,FR,edge,0.2,0,0.25,726,0.0871578868331319,True,2.0537999807856977
8,no_history,1,FR,node,0.2,0,0.15,2189,0.041883102142700496,True,0.847299990709871
8,no_history,1,FR,edge,0.2,0,0.25,726,0.0871578868331319,True,2.9144000145606697
8,no_history,2,DE,node,0.05,0,0.15,1499,0.05061286308455921,False,0.6478000141214579
8,no_history,2,DE,node,0.05,1,0.25,2466,0.035179214006502334,True,0.6480999873019755
8,no_history,2,DE,edge,0.05,0,0.75,3280,0.03989035093365099,True,1.6630000027362257
8,no_history,3,DE,node,0.05,0,0.15,1499,0.05061286308455921,False,0.6503000040538609
8,no_history,3,DE,node,0.05,1,0.25,2466,0.035179214006502334,True,0.6529999955091625
8,no_history,3,DE,edge,0.05,0,0.75,3280,0.03989035093365099,True,1.8011999782174826
8,no_history,4,FR,node,0.1,0,0.15,2189,0.041883102142700496,True,0.8656000136397779
8,no_history,4,FR,edge,0.1,0,0.35,1522,0.08054603247012783,True,2.181799995014444
8,no_history,5,FR,node,0.1,0,0.15,2189,0.041883102142700496,True,1.7191999941132963
8,no_history,5,FR,edge,0.1,0,0.35,1522,0.08054603247012783,True,2.3181000142358243
8,no_history,6,DE,node,0.2,0,0.15,1499,0.05061286308455921,True,0.7600999961141497
8,no_history,6,DE,edge,0.2,0,0.25,382,0.120155407595317,True,1.9017000158783048
8,no_history,7,FR,node,0.2,0,0.15,2189,0.041883102142700496,True,0.9185000089928508
8,no_history,7,FR,edge,0.2,0,0.25,726,0.0871578868331319,True,2.237400010926649
8,no_history,8,DE,node,0.05,0,0.15,1499,0.05061286308455921,False,0.7229000038933009
8,no_history,8,DE,node,0.05,1,0.25,2466,0.035179214006502334,True,0.6997000018600374
8,no_history,8,DE,edge,0.05,0,0.75,3280,0.03989035093365099,True,2.342099993256852
8,no_history,9,FR,node,0.05,0,0.15,2189,0.041883102142700496,True,0.8655999845359474
8,no_history,9,FR,edge,0.05,0,0.75,7513,0.026357127925624224,True,1.8201000057160854
8,no_history,10,FR,node,0.2,0,0.15,2189,0.041883102142700496,True,0.828499993076548
8,no_history,10,FR,edge,0.2,0,0.25,726,0.0871578868331319,True,2.8074999863747507
8,no_history,11,FR,node,0.2,0,0.15,2189,0.041883102142700496,True,1.0711000068113208
8,no_history,11,FR,edge,0.2,0,0.25,726,0.0871578868331319,True,2.3201999720185995
9,no_history,0,DE,node,0.2,0,0.15,1494,0.05069748588747937,True,0.6647999980486929
9,no_history,0,DE,edge,0.2,0,0.25,333,0.12869239571697336,True,1.8631999846547842
9,no_history,1,DE,node,0.2,0,0.15,1494,0.05069748588747937,True,0.6083999760448933
9,no_history,1,DE,edge,0.2,0,0.25,333,0.12869239571697336,True,1.5790000034030527
9,no_history,2,DE,node,0.05,0,0.15,1494,0.05069748588747937,False,0.7009000109974295
9,no_history,2,DE,node,0.05,1,0.25,2482,0.03506564078351547,True,0.7115000043995678
9,no_history,2,DE,edge,0.05,0,0.75,3320,0.03964931941621127,True,1.9671999907586724
9,no_history,3,DE,node,0.05,0,0.15,1494,0.05069748588747937,False,0.7593000191263855
9,no_history,3,DE,node,0.05,1,0.25,2482,0.03506564078351547,True,0.7493000011891127
9,no_history,3,DE,edge,0.05,0,0.75,3320,0.03964931941621127,True,2.0816999895032495
9,no_history,4,DE,node,0.1,0,0.15,1494,0.05069748588747937,True,0.7100999937392771
9,no_history,4,DE,edge,0.1,0,0.35,638,0.12440594648094666,False,1.9407999934628606
9,no_history,4,DE,edge,0.1,1,0.5,1364,0.06727641532266584,True,1.7722999909892678
9,no_history,5,FR,node,0.1,0,0.15,2263,0.04119262277152991,True,0.841799977933988
9,no_history,5,FR,edge,0.1,0,0.35,1595,0.07868122906976012,True,1.8531999958213419
9,no_history,6,FR,node,0.2,0,0.15,2263,0.04119262277152991,True,1.1024999839719385
9,no_history,6,FR,edge,0.2,0,0.25,795,0.08328972691203407,True,2.433000016026199
9,no_history,7,DE,node,0.2,0,0.15,1494,0.05069748588747937,True,0.8276999869849533
9,no_history,7,DE,edge,0.2,0,0.25,333,0.12869239571697336,True,1.9866999937221408
9,no_history,8,DE,node,0.05,0,0.15,1494,0.05069748588747937,False,0.9674000029917806
9,no_history,8,DE,node,0.05,1,0.25,2482,0.03506564078351547,True,0.8067000017035753
9,no_history,8,DE,edge,0.05,0,0.75,3320,0.03964931941621127,True,2.034100005403161
9,no_history,9,DE,node,0.05,0,0.15,1494,0.05069748588747937,False,0.7110000005923212
9,no_history,9,DE,node,0.05,1,0.25,2482,0.03506564078351547,True,0.7019999902695417
9,no_history,9,DE,edge,0.05,0,0.75,3320,0.03964931941621127,True,2.762800024356693
9,no_history,10,DE,node,0.2,0,0.15,1494,0.05069748588747937,True,0.6881000008434057
9,no_history,10,DE,edge,0.2,0,0.25,333,0.12869239571697336,True,2.003900008276105
9,no_history,11,FR,node,0.2,0,0.15,2263,0.04119262277152991,True,0.82230000407435
9,no_history,11,FR,edge,0.2,0,0.25,795,0.08328972691203407,True,2.1006999886594713
9,joint_no_history,0,DE,node,0.2,0,0.15,1494,0.13851915261747885,True,0.6905000191181898
9,joint_no_history,0,DE,edge,0.2,0,0.25,333,0.23771565182848253,False,2.0568999752867967
9,joint_no_history,0,DE,edge,0.2,1,0.35,638,0.20463235591370532,False,3.5896000044886023
9,joint_no_history,0,DE,edge,0.2,2,0.5,1364,0.16905637004086652,True,2.5932000135071576
9,joint_no_history,1,DE,node,0.2,0,0.15,1494,0.13851915261747885,True,0.7624000136274844
9,joint_no_history,1,DE,edge,0.2,0,0.25,333,0.23771565182848253,False,1.587799983099103
9,joint_no_history,1,DE,edge,0.2,1,0.35,638,0.20463235591370532,False,1.867900020442903
9,joint_no_history,1,DE,edge,0.2,2,0.5,1364,0.16905637004086652,True,1.7724999925121665
9,joint_no_history,2,DE,node,0.05,0,0.35,3408,0.0540721716667567,False,0.6660999788437039
9,joint_no_history,2,DE,node,0.05,1,0.5,4882,0.03592433272585416,True,0.8685000066179782
9,joint_no_history,2,DE,edge,0.05,0,1.0,5833,0.0,True,1.0009999969042838
9,joint_no_history,3,DE,node,0.05,0,0.35,3408,0.0540721716667567,False,0.7738999847788364
9,joint_no_history,3,DE,node,0.05,1,0.5,4882,0.03592433272585416,True,0.7865999941714108
9,joint_no_history,3,DE,edge,0.05,0,1.0,5833,0.0,True,1.0438999743200839
9,joint_no_history,4,DE,node,0.1,0,0.25,2482,0.08324167215333808,True,0.7518000202253461
9,joint_no_history,4,DE,edge,0.1,0,0.75,3320,0.06412859147958604,True,1.9172000174876302
9,joint_no_history,5,FR,node,0.1,0,0.25,3740,0.06781189535971875,True,0.9272999886889011
9,joint_no_history,5,FR,edge,0.1,0,0.75,7527,0.04259021034845686,True,2.2344000171869993
9,joint_no_history,6,FR,node,0.2,0,0.15,2263,0.11254931286075813,True,0.9550999966450036
9,joint_no_history,6,FR,edge,0.2,0,0.25,795,0.15384958538695648,True,2.101499994751066
9,joint_no_history,7,DE,node,0.2,0,0.15,1494,0.13851915261747885,True,1.0120999941136688
9,joint_no_history,7,DE,edge,0.2,0,0.25,333,0.23771565182848253,False,1.9860999891534448
9,joint_no_history,7,DE,edge,0.2,1,0.35,638,0.20463235591370532,False,1.957500004209578
9,joint_no_history,7,DE,edge,0.2,2,0.5,1364,0.16905637004086652,True,1.9026999943889678
9,joint_no_history,8,DE,node,0.05,0,0.35,3408,0.0540721716667567,False,0.7866000232752413
9,joint_no_history,8,DE,node,0.05,1,0.5,4882,0.03592433272585416,True,0.7557999924756587
9,joint_no_history,8,DE,edge,0.05,0,1.0,5833,0.0,True,0.989399995887652
9,joint_no_history,9,DE,node,0.05,0,0.35,3408,0.0540721716667567,False,0.7446999952662736
9,joint_no_history,9,DE,node,0.05,1,0.5,4882,0.03592433272585416,True,0.737000023946166
9,joint_no_history,9,DE,edge,0.05,0,1.0,5833,0.0,True,0.9599000040907413
9,joint_no_history,10,DE,node,0.2,0,0.15,1494,0.13851915261747885,True,1.3156000059098005
9,joint_no_history,10,DE,edge,0.2,0,0.25,333,0.23771565182848253,False,2.9553000058513135
9,joint_no_history,10,DE,edge,0.2,1,0.35,638,0.20463235591370532,False,2.1254000021144748
9,joint_no_history,10,DE,edge,0.2,2,0.5,1364,0.16905637004086652,True,2.227299992227927
9,joint_no_history,11,FR,node,0.2,0,0.15,2263,0.11254931286075813,True,0.8240999886766076
9,joint_no_history,11,FR,edge,0.2,0,0.25,795,0.15384958538695648,True,1.916500012157485
10,no_history,0,DE,node,0.2,0,0.15,1533,0.05004845142684213,True,0.7366999925579876
10,no_history,0,DE,edge,0.2,0,0.25,347,0.12606956812171777,True,2.975400013383478
10,no_history,1,FR,node,0.2,0,0.15,2276,0.041074812807250304,True,0.8138999983202666
10,no_history,1,FR,edge,0.2,0,0.25,850,0.08054999904494513,True,1.803999999538064
10,no_history,2,FR,node,0.05,0,0.15,2276,0.041074812807250304,True,0.8251999970525503
10,no_history,2,FR,edge,0.05,0,0.75,7522,0.02634135518234325,True,2.2205000277608633
10,no_history,3,DE,node,0.05,0,0.15,1533,0.05004845142684213,False,0.6090999813750386
10,no_history,3,DE,node,0.05,1,0.25,2496,0.03496716135716949,True,0.6008999771438539
10,no_history,3,DE,edge,0.05,0,0.75,3273,0.039932985109730805,True,2.1142000041436404
10,no_history,4,DE,node,0.1,0,0.15,1533,0.05004845142684213,True,1.4814000169280916
10,no_history,4,DE,edge,0.1,0,0.35,698,0.11893885895091741,False,2.0379999768920243
10,no_history,4,DE,edge,0.1,1,0.5,1368,0.06717798598638057,True,1.9973999878857285
10,no_history,5,DE,node,0.1,0,0.15,1533,0.05004845142684213,True,1.1741000053007156
10,no_history,5,DE,edge,0.1,0,0.35,698,0.11893885895091741,False,3.513599978759885
10,no_history,5,DE,edge,0.1,1,0.5,1368,0.06717798598638057,True,3.672299993922934
10,no_history,6,DE,node,0.2,0,0.15,1533,0.05004845142684213,True,2.8628000000026077
10,no_history,6,DE,edge,0.2,0,0.25,347,0.12606956812171777,True,3.137299994705245
10,no_history,7,FR,node,0.2,0,0.15,2276,0.041074812807250304,True,1.3173999905120581
10,no_history,7,FR,edge,0.2,0,0.25,850,0.08054999904494513,True,2.6188999763689935
10,no_history,8,DE,node,0.05,0,0.15,1533,0.05004845142684213,False,1.3768000062555075
10,no_history,8,DE,node,0.05,1,0.25,2496,0.03496716135716949,True,1.6333000094164163
10,no_history,8,DE,edge,0.05,0,0.75,3273,0.039932985109730805,True,3.8582000124733895
10,no_history,9,DE,node,0.05,0,0.15,1533,0.05004845142684213,False,1.7836999904830009
10,no_history,9,DE,node,0.05,1,0.25,2496,0.03496716135716949,True,1.711699995212257
10,no_history,9,DE,edge,0.05,0,0.75,3273,0.039932985109730805,True,5.611500004306436
10,no_history,10,DE,node,0.2,0,0.15,1533,0.05004845142684213,True,1.3938999909441918
10,no_history,10,DE,edge,0.2,0,0.25,347,0.12606956812171777,True,2.6476999919395894
10,no_history,11,FR,node,0.2,0,0.15,2276,0.041074812807250304,True,0.8184000034816563
10,no_history,11,FR,edge,0.2,0,0.25,850,0.08054999904494513,True,1.955900021130219
10,joint_no_history,0,DE,node,0.2,0,0.15,1533,0.13674581609135308,True,1.1473000049591064
10,joint_no_history,0,DE,edge,0.2,0,0.25,347,0.23287086540604995,False,2.073499985272065
10,joint_no_history,0,DE,edge,0.2,1,0.35,698,0.19563967483292058,True,1.9407000218052417
10,joint_no_history,1,FR,node,0.2,0,0.15,2276,0.112227424385694,True,0.8847999852150679
10,joint_no_history,1,FR,edge,0.2,0,0.25,850,0.1487888652711384,True,2.2043999924790114
10,joint_no_history,2,FR,node,0.05,0,0.35,5202,0.043766158753230235,True,0.9472999954596162
10,joint_no_history,2,FR,edge,0.05,0,1.0,13428,0.0,True,1.1399000068195164
10,joint_no_history,3,DE,node,0.05,0,0.35,3483,0.05348683106932458,False,1.048700010869652
10,joint_no_history,3,DE,node,0.05,1,0.5,4917,0.035796246783969386,True,1.2614000006578863
10,joint_no_history,3,DE,edge,0.05,0,1.0,5833,0.0,True,1.1601000151131302
10,joint_no_history,4,DE,node,0.1,0,0.25,2496,0.08300789367564392,True,0.683299993397668
10,joint_no_history,4,DE,edge,0.1,0,0.75,3273,0.06458739081446314,True,1.7460000235587358
10,joint_no_history,5,DE,node,0.1,0,0.25,2496,0.08300789367564392,True,0.6779999821446836
10,joint_no_history,5,DE,edge,0.1,0,0.75,3273,0.06458739081446314,True,1.711999997496605
10,joint_no_history,6,DE,node,0.2,0,0.15,1533,0.13674581609135308,True,0.6266999989748001
10,joint_no_history,6,DE,edge,0.2,0,0.25,347,0.23287086540604995,False,2.3484999837819487
10,joint_no_history,6,DE,edge,0.2,1,0.35,698,0.19563967483292058,True,2.213200001278892
10,joint_no_history,7,FR,node,0.2,0,0.15,2276,0.112227424385694,True,0.8325000235345215
10,joint_no_history,7,FR,edge,0.2,0,0.25,850,0.1487888652711384,True,1.9356999837327749
10,joint_no_history,8,DE,node,0.05,0,0.35,3483,0.05348683106932458,False,0.6296999927144498
10,joint_no_history,8,DE,node,0.05,1,0.5,4917,0.035796246783969386,True,0.6338000239338726
10,joint_no_history,8,DE,edge,0.05,0,1.0,5833,0.0,True,1.1063999845646322
10,joint_no_history,9,DE,node,0.05,0,0.35,3483,0.05348683106932458,False,0.6315000064205378
10,joint_no_history,9,DE,node,0.05,1,0.5,4917,0.035796246783969386,True,0.6464000034611672
10,joint_no_history,9,DE,edge,0.05,0,1.0,5833,0.0,True,0.9368000028189272
10,joint_no_history,10,DE,node,0.2,0,0.15,1533,0.13674581609135308,True,0.7156000065151602
10,joint_no_history,10,DE,edge,0.2,0,0.25,347,0.23287086540604995,False,3.197899990482256
10,joint_no_history,10,DE,edge,0.2,1,0.35,698,0.19563967483292058,True,2.501799986930564
10,joint_no_history,11,FR,node,0.2,0,0.15,2276,0.112227424385694,True,0.8073000062722713
10,joint_no_history,11,FR,edge,0.2,0,0.25,850,0.1487888652711384,True,1.9067999965045601
11,joint_no_history,0,DE,node,0.2,0,0.15,1488,0.13879814414407582,True,0.7233000069390982
11,joint_no_history,0,DE,edge,0.2,0,0.25,355,0.23023201686511885,False,1.9235000072512776
11,joint_no_history,0,DE,edge,0.2,1,0.35,681,0.19806652753425422,True,1.9739999843295664
11,joint_no_history,1,DE,node,0.2,0,0.15,1488,0.13879814414407582,True,0.6693000032100827
11,joint_no_history,1,DE,edge,0.2,0,0.25,355,0.23023201686511885,False,1.8871999927796423
11,joint_no_history,1,DE,edge,0.2,1,0.35,681,0.19806652753425422,True,2.0167000184301287
11,joint_no_history,2,DE,node,0.05,0,0.35,3405,0.054095986762237175,False,0.7197000086307526
11,joint_no_history,2,DE,node,0.05,1,0.5,4893,0.03588392908749019,True,0.6897000130265951
11,joint_no_history,2,DE,edge,0.05,0,1.0,5833,0.0,True,0.982900004601106
11,joint_no_history,3,DE,node,0.05,0,0.35,3405,0.054095986762237175,False,0.7374999986495823
11,joint_no_history,3,DE,node,0.05,1,0.5,4893,0.03588392908749019,True,0.7560999947600067
11,joint_no_history,3,DE,edge,0.05,0,1.0,5833,0.0,True,1.0325999755878001
11,joint_no_history,4,DE,node,0.1,0,0.25,2445,0.08386915212841563,True,1.0153999901376665
11,joint_no_history,4,DE,edge,0.1,0,0.75,3309,0.06423509332789491,True,2.2772999946027994
11,joint_no_history,5,DE,node,0.1,0,0.25,2445,0.08386915212841563,True,0.738300004741177
11,joint_no_history,5,DE,edge,0.1,0,0.75,3309,0.06423509332789491,True,1.891699997941032
11,joint_no_history,6,FR,node,0.2,0,0.15,2267,0.11244997540728102,True,0.829099997645244
11,joint_no_history,6,FR,edge,0.2,0,0.25,817,0.1517640355216332,True,2.3849999997764826
11,joint_no_history,7,DE,node,0.2,0,0.15,1488,0.13879814414407582,True,0.919299985980615
11,joint_no_history,7,DE,edge,0.2,0,0.25,355,0.23023201686511885,False,3.461299987975508
11,joint_no_history,7,DE,edge,0.2,1,0.35,681,0.19806652753425422,True,3.3604000054765493
11,joint_no_history,8,FR,node,0.05,0,0.35,5254,0.043549038519259155,True,0.8326999959535897
11,joint_no_history,8,FR,edge,0.05,0,1.0,13428,0.0,True,1.014800014672801
11,joint_no_history,9,FR,node,0.05,0,0.35,5254,0.043549038519259155,True,0.8864999981597066
11,joint_no_history,9,FR,edge,0.05,0,1.0,13428,0.0,True,1.30229999194853
11,joint_no_history,10,FR,node,0.2,0,0.15,2267,0.11244997540728102,True,1.160499989055097
11,joint_no_history,10,FR,edge,0.2,0,0.25,817,0.1517640355216332,True,3.8271000084932894
11,joint_no_history,11,FR,node,0.2,0,0.15,2267,0.11244997540728102,True,0.9654999885242432
11,joint_no_history,11,FR,edge,0.2,0,0.25,817,0.1517640355216332,True,1.9737999828066677
11,no_history,0,DE,node,0.2,0,0.15,1488,0.05079959573088446,True,0.6572000274900347
11,no_history,0,DE,edge,0.2,0,0.25,355,0.12464097165339731,True,1.7805999959819019
11,no_history,1,DE,node,0.2,0,0.15,1488,0.05079959573088446,True,0.6330000178422779
11,no_history,1,DE,edge,0.2,0,0.25,355,0.12464097165339731,True,2.455399982864037
11,no_history,2,DE,node,0.05,0,0.15,1488,0.05079959573088446,False,0.9101000032387674
11,no_history,2,DE,node,0.05,1,0.25,2445,0.035329967374221,True,1.111799996579066
11,no_history,2,DE,edge,0.05,0,0.75,3309,0.03971516720273812,True,1.7110999906435609
11,no_history,3,DE,node,0.05,0,0.15,1488,0.05079959573088446,False,0.6422000005841255
11,no_history,3,DE,node,0.05,1,0.25,2445,0.035329967374221,True,0.5831999878864735
11,no_history,3,DE,edge,0.05,0,0.75,3309,0.03971516720273812,True,1.740300009259954
11,no_history,4,DE,node,0.1,0,0.15,1488,0.05079959573088446,True,0.8090999908745289
11,no_history,4,DE,edge,0.1,0,0.35,681,0.12041426056045844,False,1.725599984638393
11,no_history,4,DE,edge,0.1,1,0.5,1458,0.0650715671433832,True,1.759199978550896
11,no_history,5,DE,node,0.1,0,0.15,1488,0.05079959573088446,True,0.6322000117506832
11,no_history,5,DE,edge,0.1,0,0.35,681,0.12041426056045844,False,3.429200005484745
11,no_history,5,DE,edge,0.1,1,0.5,1458,0.0650715671433832,True,2.264200011268258
11,no_history,6,FR,node,0.2,0,0.15,2267,0.041156265639316854,True,1.2266999983694404
11,no_history,6,FR,edge,0.2,0,0.25,817,0.08216067038381979,True,2.9644000169355422
11,no_history,7,DE,node,0.2,0,0.15,1488,0.05079959573088446,True,0.7425999792758375
11,no_history,7,DE,edge,0.2,0,0.25,355,0.12464097165339731,True,2.5687000015750527
11,no_history,8,FR,node,0.05,0,0.15,2267,0.041156265639316854,True,0.8500000112690032
11,no_history,8,FR,edge,0.05,0,0.75,7616,0.026178292213479427,True,2.745499979937449
11,no_history,9,FR,node,0.05,0,0.15,2267,0.041156265639316854,True,2.217400004155934
11,no_history,9,FR,edge,0.05,0,0.75,7616,0.026178292213479427,True,2.066999993985519
11,no_history,10,FR,node,0.2,0,0.15,2267,0.041156265639316854,True,0.9483000030741096
11,no_history,10,FR,edge,0.2,0,0.25,817,0.08216067038381979,True,2.750500018009916
11,no_history,11,FR,node,0.2,0,0.15,2267,0.041156265639316854,True,0.9294000046793371
11,no_history,11,FR,edge,0.2,0,0.25,817,0.08216067038381979,True,2.217500004917383
12,no_history,0,DE,node,0.2,0,0.15,1445,0.05154989656294609,True,0.7952000014483929
12,no_history,0,DE,edge,0.2,0,0.25,384,0.11984209439555636,True,2.4071999941952527
12,no_history,1,FR,node,0.2,0,0.15,2220,0.04158964702749437,True,1.0045999952126294
12,no_history,1,FR,edge,0.2,0,0.25,815,0.08226141925107977,True,2.9261000163387507
12,no_history,2,DE,node,0.05,0,0.15,1445,0.05154989656294609,False,0.5991999933030456
12,no_history,2,DE,node,0.05,1,0.25,2462,0.03520778016143795,True,0.7564000261481851
12,no_history,2,DE,edge,0.05,0,0.75,3343,0.039512689397712436,True,1.740000006975606
12,no_history,3,FR,node,0.05,0,0.15,2220,0.04158964702749437,True,0.835899991216138
12,no_history,3,FR,edge,0.05,0,0.75,7471,0.026431110519374898,True,2.087999979266897
12,no_history,4,FR,node,0.1,0,0.15,2220,0.04158964702749437,True,0.9518000006210059
12,no_history,4,FR,edge,0.1,0,0.35,1634,0.07773658410130226,True,2.3779000039212406
12,no_history,5,DE,node,0.1,0,0.15,1445,0.05154989656294609,True,0.8791000000201166
12,no_history,5,DE,edge,0.1,0,0.35,735,0.11590650474280656,False,2.092800015816465
12,no_history,5,DE,edge,0.1,1,0.5,1483,0.06452075676834672,True,2.027600014116615
12,no_history,6,FR,node,0.2,0,0.15,2220,0.04158964702749437,True,0.8816999907139689
12,no_history,6,FR,edge,0.2,0,0.25,815,0.08226141925107977,True,2.1597000013571233
12,no_history,7,DE,node,0.2,0,0.15,1445,0.05154989656294609,True,0.7777000137139112
12,no_history,7,DE,edge,0.2,0,0.25,384,0.11984209439555636,True,2.579899999545887
12,no_history,8,DE,node,0.05,0,0.15,1445,0.05154989656294609,False,0.7263000006787479
12,no_history,8,DE,node,0.05,1,0.25,2462,0.03520778016143795,True,1.1585000029299408
12,no_history,8,DE,edge,0.05,0,0.75,3343,0.039512689397712436,True,2.104899991536513
12,no_history,9,DE,node,0.05,0,0.15,1445,0.05154989656294609,False,0.7073000015225261
12,no_history,9,DE,node,0.05,1,0.25,2462,0.03520778016143795,True,0.6929000082891434
12,no_history,9,DE,edge,0.05,0,0.75,3343,0.039512689397712436,True,1.8453000229783356
12,no_history,10,DE,node,0.2,0,0.15,1445,0.05154989656294609,True,0.6827999895904213
12,no_history,10,DE,edge,0.2,0,0.25,384,0.11984209439555636,True,1.812600006815046
12,no_history,11,DE,node,0.2,0,0.15,1445,0.05154989656294609,True,0.7200999825727195
12,no_history,11,DE,edge,0.2,0,0.25,384,0.11984209439555636,True,1.846599974669516
12,joint_no_history,0,DE,node,0.2,0,0.15,1445,0.14084816760472701,True,0.913099996978417
12,joint_no_history,0,DE,edge,0.2,0,0.25,384,0.22136771506207079,False,1.8974000122398138
12,joint_no_history,0,DE,edge,0.2,1,0.35,735,0.19065182816543355,True,2.2068999824114144
12,joint_no_history,1,FR,node,0.2,0,0.15,2220,0.11363408979874755,True,0.9224000095855445
12,joint_no_history,1,FR,edge,0.2,0,0.25,815,0.15195013496067356,True,2.1690999856218696
12,joint_no_history,2,DE,node,0.05,0,0.35,3470,0.053586928875723125,False,0.8557999972254038
12,joint_no_history,2,DE,node,0.05,1,0.5,4996,0.03551210227561687,True,0.7964999822434038
12,joint_no_history,2,DE,edge,0.05,0,1.0,5833,0.0,True,1.2985000212211162
12,joint_no_history,3,FR,node,0.05,0,0.35,5207,0.04374514057079866,True,1.1215999838896096
12,joint_no_history,3,FR,edge,0.05,0,1.0,13428,0.0,True,1.2581000046338886
12,joint_no_history,4,FR,node,0.1,0,0.25,3727,0.06793005839279567,True,0.9358000243082643
12,joint_no_history,4,FR,edge,0.1,0,0.75,7471,0.042749533000956325,True,2.2951999853830785
12,joint_no_history,5,DE,node,0.1,0,0.25,2462,0.08357909417765381,True,0.8208000217564404
12,joint_no_history,5,DE,edge,0.1,0,0.75,3343,0.06390760683800407,True,2.08760000532493
12,joint_no_history,6,FR,node,0.2,0,0.15,2220,0.11363408979874755,True,1.1992999934591353
12,joint_no_history,6,FR,edge,0.2,0,0.25,815,0.15195013496067356,True,2.35130000510253
12,joint_no_history,7,DE,node,0.2,0,0.15,1445,0.14084816760472701,True,0.6557999877259135
12,joint_no_history,7,DE,edge,0.2,0,0.25,384,0.22136771506207079,False,2.470300009008497
12,joint_no_history,7,DE,edge,0.2,1,0.35,735,0.19065182816543355,True,2.368100016610697
12,joint_no_history,8,DE,node,0.05,0,0.35,3470,0.053586928875723125,False,0.828799995360896
12,joint_no_history,8,DE,node,0.05,1,0.5,4996,0.03551210227561687,True,1.1415000190027058
12,joint_no_history,8,DE,edge,0.05,0,1.0,5833,0.0,True,1.2392000062391162
12,joint_no_history,9,DE,node,0.05,0,0.35,3470,0.053586928875723125,False,0.7239000115077943
12,joint_no_history,9,DE,node,0.05,1,0.5,4996,0.03551210227561687,True,1.3957999763078988
12,joint_no_history,9,DE,edge,0.05,0,1.0,5833,0.0,True,0.972700014244765
12,joint_no_history,10,DE,node,0.2,0,0.15,1445,0.14084816760472701,True,0.6593000143766403
12,joint_no_history,10,DE,edge,0.2,0,0.25,384,0.22136771506207079,False,1.822799997171387
12,joint_no_history,10,DE,edge,0.2,1,0.35,735,0.19065182816543355,True,1.788599998690188
12,joint_no_history,11,DE,node,0.2,0,0.15,1445,0.14084816760472701,True,0.7070999999996275
12,joint_no_history,11,DE,edge,0.2,0,0.25,384,0.22136771506207079,False,1.8382999987807125
12,joint_no_history,11,DE,edge,0.2,1,0.35,735,0.19065182816543355,True,1.8463000014889985
13,joint_no_history,0,FR,node,0.2,0,0.15,2191,0.11438364611220096,True,0.9895999974105507
13,joint_no_history,0,FR,edge,0.2,0,0.25,846,0.14914019720130295,True,2.673399983905256
13,joint_no_history,1,DE,node,0.2,0,0.15,1481,0.13912577468219878,True,0.767599995015189
13,joint_no_history,1,DE,edge,0.2,0,0.25,380,0.2225297582960419,False,2.0997999818064272
13,joint_no_history,1,DE,edge,0.2,1,0.35,726,0.19182991452475806,True,1.6954999882727861
13,joint_no_history,2,FR,node,0.05,0,0.35,5154,0.04396948695002814,True,0.8809000137262046
13,joint_no_history,2,FR,edge,0.05,0,1.0,13428,0.0,True,1.1261999898124486
13,joint_no_history,3,FR,node,0.05,0,0.35,5154,0.04396948695002814,True,1.0282000002916902
13,joint_no_history,3,FR,edge,0.05,0,1.0,13428,0.0,True,1.1938000097870827
13,joint_no_history,4,DE,node,0.1,0,0.25,2493,0.08305782324026442,True,0.7915000023785979
13,joint_no_history,4,DE,edge,0.1,0,0.75,3365,0.06369835380556077,True,2.081499987980351
13,joint_no_history,5,DE,node,0.1,0,0.25,2493,0.08305782324026442,True,0.7493000011891127
13,joint_no_history,5,DE,edge,0.1,0,0.75,3365,0.06369835380556077,True,1.8367999873589724
13,joint_no_history,6,DE,node,0.2,0,0.15,1481,0.13912577468219878,True,0.8443999977316707
13,joint_no_history,6,DE,edge,0.2,0,0.25,380,0.2225297582960419,False,2.7526000048965216
13,joint_no_history,6,DE,edge,0.2,1,0.35,726,0.19182991452475806,True,1.7814000020734966
13,joint_no_history,7,DE,node,0.2,0,0.15,1481,0.13912577468219878,True,0.666600011754781
13,joint_no_history,7,DE,edge,0.2,0,0.25,380,0.2225297582960419,False,1.8188999965786934
13,joint_no_history,7,DE,edge,0.2,1,0.35,726,0.19182991452475806,True,2.195200009737164
13,joint_no_history,8,FR,node,0.05,0,0.35,5154,0.04396948695002814,True,0.8996000105980784
13,joint_no_history,8,FR,edge,0.05,0,1.0,13428,0.0,True,1.1480999819468707
13,joint_no_history,9,DE,node,0.05,0,0.35,3455,0.053703127629173016,False,0.8365999965462834
13,joint_no_history,9,DE,node,0.05,1,0.5,4948,0.03568393603193248,True,0.8203999896068126
13,joint_no_history,9,DE,edge,0.05,0,1.0,5833,0.0,True,1.6013999993447214
13,joint_no_history,10,FR,node,0.2,0,0.15,2191,0.11438364611220096,True,0.9536999859847128
13,joint_no_history,10,FR,edge,0.2,0,0.25,846,0.14914019720130295,True,2.10390001302585
13,joint_no_history,11,FR,node,0.2,0,0.15,2191,0.11438364611220096,True,0.9629999985918403
13,joint_no_history,11,FR,edge,0.2,0,0.25,846,0.14914019720130295,True,2.1816999942529947
13,no_history,0,FR,node,0.2,0,0.15,2191,0.04186398180290347,True,0.9811999916564673
13,no_history,0,FR,edge,0.2,0,0.25,846,0.08074020001588232,True,3.2500999805051833
13,no_history,1,DE,node,0.2,0,0.15,1481,0.05091950726852334,True,0.7304000027943403
13,no_history,1,DE,edge,0.2,0,0.25,380,0.12047119107705861,True,1.8599999893922359
13,no_history,2,FR,node,0.05,0,0.15,2191,0.04186398180290347,True,0.90079999063164
13,no_history,2,FR,edge,0.05,0,0.75,7494,0.026390519199596382,True,2.086399996187538
13,no_history,3,FR,node,0.05,0,0.15,2191,0.04186398180290347,True,0.9722000104375184
13,no_history,3,FR,edge,0.05,0,0.75,7494,0.026390519199596382,True,2.1453999797813594
13,no_history,4,DE,node,0.1,0,0.15,1481,0.05091950726852334,True,1.454299985198304
13,no_history,4,DE,edge,0.1,0,0.35,726,0.11662272065066555,False,2.006700000492856
13,no_history,4,DE,edge,0.1,1,0.5,1449,0.06527333992885496,True,1.9557999912649393
13,no_history,5,DE,node,0.1,0,0.15,1481,0.05091950726852334,True,0.7305000035557896
13,no_history,5,DE,edge,0.1,0,0.35,726,0.11662272065066555,False,1.9842000037897378
13,no_history,5,DE,edge,0.1,1,0.5,1449,0.06527333992885496,True,1.9808000070042908
13,no_history,6,DE,node,0.2,0,0.15,1481,0.05091950726852334,True,0.6844000017736107
13,no_history,6,DE,edge,0.2,0,0.25,380,0.12047119107705861,True,1.8446999893058091
13,no_history,7,DE,node,0.2,0,0.15,1481,0.05091950726852334,True,0.6499000010080636
13,no_history,7,DE,edge,0.2,0,0.25,380,0.12047119107705861,True,3.6075000243727118
13,no_history,8,FR,node,0.05,0,0.15,2191,0.04186398180290347,True,0.7948999991640449
13,no_history,8,FR,edge,0.05,0,0.75,7494,0.026390519199596382,True,1.8424000008963048
13,no_history,9,DE,node,0.05,0,0.15,1481,0.05091950726852334,False,0.7796999998390675
13,no_history,9,DE,node,0.05,1,0.25,2493,0.03498819423808322,True,0.7995999767445028
13,no_history,9,DE,edge,0.05,0,0.75,3365,0.039383312779097686,True,1.9781000155489892
13,no_history,10,FR,node,0.2,0,0.15,2191,0.04186398180290347,True,0.8475999929942191
13,no_history,10,FR,edge,0.2,0,0.25,846,0.08074020001588232,True,1.9372000242583454
13,no_history,11,FR,node,0.2,0,0.15,2191,0.04186398180290347,True,1.3753000239375979
13,no_history,11,FR,edge,0.2,0,0.25,846,0.08074020001588232,True,2.1268000127747655
14,no_history,0,FR,node,0.2,0,0.15,2229,0.04150559915373241,True,0.9626999963074923
14,no_history,0,FR,edge,0.2,0,0.25,807,0.0826681530991664,True,2.1852000209037215
14,no_history,1,DE,node,0.2,0,0.15,1466,0.05117934655026044,True,0.8074999786913395
14,no_history,1,DE,edge,0.2,0,0.25,404,0.11683805533220244,True,2.3618999985046685
14,no_history,2,FR,node,0.05,0,0.15,2229,0.04150559915373241,True,0.9456999832764268
14,no_history,2,FR,edge,0.05,0,0.75,7466,0.02643995953047668,True,2.12899997131899
14,no_history,3,DE,node,0.05,0,0.15,1466,0.05117934655026044,False,0.7144999981392175
14,no_history,3,DE,node,0.05,1,0.25,2451,0.03528669734282972,True,0.6924000044818968
14,no_history,3,DE,edge,0.05,0,0.75,3193,0.04043014692661203,True,1.8406999879516661
14,no_history,4,FR,node,0.1,0,0.15,2229,0.04150559915373241,True,0.8903999987524003
14,no_history,4,FR,edge,0.1,0,0.35,1622,0.07802361246522801,True,2.0658000139519572
14,no_history,5,FR,node,0.1,0,0.15,2229,0.04150559915373241,True,0.8619999862276018
14,no_history,5,FR,edge,0.1,0,0.35,1622,0.07802361246522801,True,3.1580000068061054
14,no_history,6,DE,node,0.2,0,0.15,1466,0.05117934655026044,True,0.6828999903518707
14,no_history,6,DE,edge,0.2,0,0.25,404,0.11683805533220244,True,1.8426000024192035
14,no_history,7,FR,node,0.2,0,0.15,2229,0.04150559915373241,True,0.8394999895244837
14,no_history,7,FR,edge,0.2,0,0.25,807,0.0826681530991664,True,2.339300001040101
14,no_history,8,DE,node,0.05,0,0.15,1466,0.05117934655026044,False,0.7900999917183071
14,no_history,8,DE,node,0.05,1,0.25,2451,0.03528669734282972,True,0.7942999945953488
14,no_history,8,DE,edge,0.05,0,0.75,3193,0.04043014692661203,True,2.0918999798595905
14,no_history,9,FR,node,0.05,0,0.15,2229,0.04150559915373241,True,0.9531000105198473
14,no_history,9,FR,edge,0.05,0,0.75,7466,0.02643995953047668,True,2.160699979867786
14,no_history,10,FR,node,0.2,0,0.15,2229,0.04150559915373241,True,0.8538000111002475
14,no_history,10,FR,edge,0.2,0,0.25,807,0.0826681530991664,True,1.9894999859388918
14,no_history,11,FR,node,0.2,0,0.15,2229,0.04150559915373241,True,1.2697000056505203
14,no_history,11,FR,edge,0.2,0,0.25,807,0.0826681530991664,True,2.4642000207677484
14,joint_no_history,0,FR,node,0.2,0,0.15,2229,0.11340444842602454,True,1.9175999914295971
14,joint_no_history,0,FR,edge,0.2,0,0.25,807,0.1527014381070635,True,4.607100010616705
14,joint_no_history,1,DE,node,0.2,0,0.15,1466,0.13983572541235614,True,1.8029999919235706
14,joint_no_history,1,DE,edge,0.2,0,0.25,404,0.21581876945355247,False,3.451700002187863
14,joint_no_history,1,DE,edge,0.2,1,0.35,774,0.18578650431405921,True,2.533199993195012
14,joint_no_history,2,FR,node,0.05,0,0.35,5251,0.04356147695580144,True,1.4519999967887998
14,joint_no_history,2,FR,edge,0.05,0,1.0,13428,0.0,True,2.3868000134825706
14,joint_no_history,3,DE,node,0.05,0,0.35,3450,0.05374202884950724,False,1.0531000152695924
14,joint_no_history,3,DE,node,0.05,1,0.5,4896,0.035872933552043615,True,0.9655000176280737
14,joint_no_history,3,DE,edge,0.05,0,1.0,5833,0.0,True,0.9530999814160168
14,joint_no_history,4,FR,node,0.1,0,0.25,3732,0.06788453801082071,True,0.6997000018600374
14,joint_no_history,4,FR,edge,0.1,0,0.75,7466,0.042763845342915774,True,1.723699999274686
14,joint_no_history,5,FR,node,0.1,0,0.25,3732,0.06788453801082071,True,1.09940001857467
14,joint_no_history,5,FR,edge,0.1,0,0.75,7466,0.042763845342915774,True,1.9107999978587031
14,joint_no_history,6,DE,node,0.2,0,0.15,1466,0.13983572541235614,True,0.8116999815683812
14,joint_no_history,6,DE,edge,0.2,0,0.25,404,0.21581876945355247,False,1.7515000072307885
14,joint_no_history,6,DE,edge,0.2,1,0.35,774,0.18578650431405921,True,1.7748000100255013
14,joint_no_history,7,FR,node,0.2,0,0.15,2229,0.11340444842602454,True,0.8128999907057732
14,joint_no_history,7,FR,edge,0.2,0,0.25,807,0.1527014381070635,True,2.057599980616942
14,joint_no_history,8,DE,node,0.05,0,0.35,3450,0.05374202884950724,False,0.7137000211514533
14,joint_no_history,8,DE,node,0.05,1,0.5,4896,0.035872933552043615,True,0.7172999903559685
14,joint_no_history,8,DE,edge,0.05,0,1.0,5833,0.0,True,1.1517999810166657
14,joint_no_history,9,FR,node,0.05,0,0.35,5251,0.04356147695580144,True,0.8558000263292342
14,joint_no_history,9,FR,edge,0.05,0,1.0,13428,0.0,True,1.052199979312718
14,joint_no_history,10,FR,node,0.2,0,0.15,2229,0.11340444842602454,True,0.8623999892733991
14,joint_no_history,10,FR,edge,0.2,0,0.25,807,0.1527014381070635,True,2.1597000013571233
14,joint_no_history,11,FR,node,0.2,0,0.15,2229,0.11340444842602454,True,0.9452000085730106
14,joint_no_history,11,FR,edge,0.2,0,0.25,807,0.1527014381070635,True,2.1616999874822795
15,joint_no_history,0,DE,node,0.2,0,0.15,1474,0.13945573632564742,True,0.7954000029712915
15,joint_no_history,0,DE,edge,0.2,0,0.25,334,0.23735952331116417,False,1.8969000084325671
15,joint_no_history,0,DE,edge,0.2,1,0.35,667,0.2001343922282848,False,1.8700000073295087
15,joint_no_history,0,DE,edge,0.2,2,0.5,1417,0.16586463588138212,True,1.8385000003036112
15,joint_no_history,1,DE,node,0.2,0,0.15,1474,0.13945573632564742,True,0.6913999968674034
15,joint_no_history,1,DE,edge,0.2,0,0.25,334,0.23735952331116417,False,1.8127000075764954
15,joint_no_history,1,DE,edge,0.2,1,0.35,667,0.2001343922282848,False,1.8207999819424003
15,joint_no_history,1,DE,edge,0.2,2,0.5,1417,0.16586463588138212,True,1.8019000126514584
15,joint_no_history,2,FR,node,0.05,0,0.35,5259,0.043528331448277585,True,1.2580000038724393
15,joint_no_history,2,FR,edge,0.05,0,1.0,13428,0.0,True,1.0722000151872635
15,joint_no_history,3,FR,node,0.05,0,0.35,5259,0.043528331448277585,True,0.7677999965380877
15,joint_no_history,3,FR,edge,0.05,0,1.0,13428,0.0,True,0.9809999901335686
15,joint_no_history,4,DE,node,0.1,0,0.25,2459,0.08363006222437337,True,0.8022999973036349
15,joint_no_history,4,DE,edge,0.1,0,0.75,3258,0.0647359019114679,True,2.0086000149603933
15,joint_no_history,5,FR,node,0.1,0,0.25,3723,0.06796654070390724,True,0.8961999847088009
15,joint_no_history,5,FR,edge,0.1,0,0.75,7564,0.04248591568958639,True,2.0932999905198812
15,joint_no_history,6,FR,node,0.2,0,0.15,2252,0.11282385422473812,True,1.0808999941218644
15,joint_no_history,6,FR,edge,0.2,0,0.25,828,0.15075257051658367,True,2.869000018108636
15,joint_no_history,7,FR,node,0.2,0,0.15,2252,0.11282385422473812,True,0.8753000001888722
15,joint_no_history,7,FR,edge,0.2,0,0.25,828,0.15075257051658367,True,2.383699989877641
15,joint_no_history,8,FR,node,0.05,0,0.35,5259,0.043528331448277585,True,0.9157999884337187
15,joint_no_history,8,FR,edge,0.05,0,1.0,13428,0.0,True,1.0519000061322004
15,joint_no_history,9,FR,node,0.05,0,0.35,5259,0.043528331448277585,True,0.8828999998513609
15,joint_no_history,9,FR,edge,0.05,0,1.0,13428,0.0,True,1.9019999890588224
15,joint_no_history,10,FR,node,0.2,0,0.15,2252,0.11282385422473812,True,0.8746999956201762
15,joint_no_history,10,FR,edge,0.2,0,0.25,828,0.15075257051658367,True,2.072300005238503
15,joint_no_history,11,FR,node,0.2,0,0.15,2252,0.11282385422473812,True,0.914699980057776
15,joint_no_history,11,FR,edge,0.2,0,0.25,828,0.15075257051658367,True,2.337499987334013
15,no_history,0,DE,node,0.2,0,0.15,1474,0.051040271981893634,True,0.7948999991640449
15,no_history,0,DE,edge,0.2,0,0.25,334,0.12849959801213437,True,2.372400020249188
15,no_history,1,DE,node,0.2,0,0.15,1474,0.051040271981893634,True,0.7336999988183379
15,no_history,1,DE,edge,0.2,0,0.25,334,0.12849959801213437,True,1.7506000003777444
15,no_history,2,FR,node,0.05,0,0.15,2252,0.041293103872250624,True,0.7845000072848052
15,no_history,2,FR,edge,0.05,0,0.75,7564,0.026268121644350616,True,1.8840999982785434
15,no_history,3,FR,node,0.05,0,0.15,2252,0.041293103872250624,True,0.9077999857254326
15,no_history,3,FR,edge,0.05,0,0.75,7564,0.026268121644350616,True,2.2163999965414405
15,no_history,4,DE,node,0.1,0,0.15,1474,0.051040271981893634,True,0.9200999920722097
15,no_history,4,DE,edge,0.1,0,0.35,667,0.12167141592724655,False,2.4602000194136053
15,no_history,4,DE,edge,0.1,1,0.5,1417,0.06600625654153797,True,1.9070999987889081
15,no_history,5,FR,node,0.1,0,0.15,2252,0.041293103872250624,True,0.9179000044241548
15,no_history,5,FR,edge,0.1,0,0.35,1639,0.07761792034092901,True,2.137500006938353
15,no_history,6,FR,node,0.2,0,0.15,2252,0.041293103872250624,True,0.7899999909568578
15,no_history,6,FR,edge,0.2,0,0.25,828,0.08161309241121903,True,1.788900000974536
15,no_history,7,FR,node,0.2,0,0.15,2252,0.041293103872250624,True,0.961000012466684
15,no_history,7,FR,edge,0.2,0,0.25,828,0.08161309241121903,True,2.578500017989427
15,no_history,8,FR,node,0.05,0,0.15,2252,0.041293103872250624,True,1.025600009597838
15,no_history,8,FR,edge,0.05,0,0.75,7564,0.026268121644350616,True,2.2659999958705157
15,no_history,9,FR,node,0.05,0,0.15,2252,0.041293103872250624,True,0.985699996817857
15,no_history,9,FR,edge,0.05,0,0.75,7564,0.026268121644350616,True,2.157899987651035
15,no_history,10,FR,node,0.2,0,0.15,2252,0.041293103872250624,True,0.9514999983366579
15,no_history,10,FR,edge,0.2,0,0.25,828,0.08161309241121903,True,2.112299989676103
15,no_history,11,FR,node,0.2,0,0.15,2252,0.041293103872250624,True,0.953300012042746
15,no_history,11,FR,edge,0.2,0,0.25,828,0.08161309241121903,True,2.1825000003445894
16,joint_no_history,0,FR,node,0.2,0,0.15,2200,0.11414943978866517,True,1.1010999733116478
16,joint_no_history,0,FR,edge,0.2,0,0.25,814,0.15204344177632007,True,2.080800011754036
16,joint_no_history,1,FR,node,0.2,0,0.15,2200,0.11414943978866517,True,1.1527000169735402
16,joint_no_history,1,FR,edge,0.2,0,0.25,814,0.15204344177632007,True,2.075299998978153
16,joint_no_history,2,DE,node,0.05,0,0.35,3380,0.05429567731486815,False,0.6400000129360706
16,joint_no_history,2,DE,node,0.05,1,0.5,4880,0.035931693515343525,True,0.6314000056590885
16,joint_no_history,2,DE,edge,0.05,0,1.0,5833,0.0,True,0.8807999838609248
16,joint_no_history,3,FR,node,0.05,0,0.35,5203,0.04376195269308375,True,0.9202999935951084
16,joint_no_history,3,FR,edge,0.05,0,1.0,13428,0.0,True,1.0383999906480312
16,joint_no_history,4,DE,node,0.1,0,0.25,2406,0.08454615719961865,True,0.6522999901790172
16,joint_no_history,4,DE,edge,0.1,0,0.75,3303,0.06429340935745233,True,1.55720001203008
16,joint_no_history,5,DE,node,0.1,0,0.25,2406,0.08454615719961865,True,0.6655000033788383
16,joint_no_history,5,DE,edge,0.1,0,0.75,3303,0.06429340935745233,True,1.8059999856632203
16,joint_no_history,6,FR,node,0.2,0,0.15,2200,0.11414943978866517,True,0.8234000124502927
16,joint_no_history,6,FR,edge,0.2,0,0.25,814,0.15204344177632007,True,2.3622000007890165
16,joint_no_history,7,FR,node,0.2,0,0.15,2200,0.11414943978866517,True,1.0440000041853637
16,joint_no_history,7,FR,edge,0.2,0,0.25,814,0.15204344177632007,True,2.1979000011924654
16,joint_no_history,8,DE,node,0.05,0,0.35,3380,0.05429567731486815,False,0.7634000212419778
16,joint_no_history,8,DE,node,0.05,1,0.5,4880,0.035931693515343525,True,0.7563999970443547
16,joint_no_history,8,DE,edge,0.05,0,1.0,5833,0.0,True,1.1591000074986368
16,joint_no_history,9,FR,node,0.05,0,0.35,5203,0.04376195269308375,True,1.0387999936938286
16,joint_no_history,9,FR,edge,0.05,0,1.0,13428,0.0,True,1.0400999744888395
16,joint_no_history,10,DE,node,0.2,0,0.15,1472,0.13955044311844841,True,0.6833999941591173
16,joint_no_history,10,DE,edge,0.2,0,0.25,354,0.23055697400195457,False,1.72460000612773
16,joint_no_history,10,DE,edge,0.2,1,0.35,698,0.19563967483292058,True,1.7435000045225024
16,joint_no_history,11,FR,node,0.2,0,0.15,2200,0.11414943978866517,True,0.7804999768268317
16,joint_no_history,11,FR,edge,0.2,0,0.25,814,0.15204344177632007,True,2.4960000009741634
16,no_history,0,FR,node,0.2,0,0.15,2200,0.04177826317441168,True,1.0886999953072518
16,no_history,0,FR,edge,0.2,0,0.25,814,0.08231193286913524,True,2.3453999892808497
16,no_history,1,FR,node,0.2,0,0.15,2200,0.04177826317441168,True,0.8895999926608056
16,no_history,1,FR,edge,0.2,0,0.25,814,0.08231193286913524,True,2.028899994911626
16,no_history,2,DE,node,0.05,0,0.15,1472,0.05107493430981544,False,0.6567999953404069
16,no_history,2,DE,node,0.05,1,0.25,2406,0.03561515646306694,True,0.6483000179287046
16,no_history,2,DE,edge,0.05,0,0.75,3303,0.03975122274098806,True,1.6776999982539564
16,no_history,3,FR,node,0.05,0,0.15,2200,0.04177826317441168,True,0.7630000181961805
16,no_history,3,FR,edge,0.05,0,0.75,7583,0.02623519224063306,True,2.6246000197716057
16,no_history,4,DE,node,0.1,0,0.15,1472,0.05107493430981544,True,0.7005000079516321
16,no_history,4,DE,edge,0.1,0,0.35,698,0.11893885895091741,False,1.6650999896228313
16,no_history,4,DE,edge,0.1,1,0.5,1403,0.06633476464666996,True,1.6899000038392842
16,no_history,5,DE,node,0.1,0,0.15,1472,0.05107493430981544,True,0.6370999908540398
16,no_history,5,DE,edge,0.1,0,0.35,698,0.11893885895091741,False,1.9152000022586435
16,no_history,5,DE,edge,0.1,1,0.5,1403,0.06633476464666996,True,1.8274000030942261
16,no_history,6,FR,node,0.2,0,0.15,2200,0.04177826317441168,True,0.7523999956902117
16,no_history,6,FR,edge,0.2,0,0.25,814,0.08231193286913524,True,3.9496999816037714
16,no_history,7,FR,node,0.2,0,0.15,2200,0.04177826317441168,True,0.9168999968096614
16,no_history,7,FR,edge,0.2,0,0.25,814,0.08231193286913524,True,2.546699979575351
16,no_history,8,DE,node,0.05,0,0.15,1472,0.05107493430981544,False,0.8793000015430152
16,no_history,8,DE,node,0.05,1,0.25,2406,0.03561515646306694,True,0.8072000055108219
16,no_history,8,DE,edge,0.05,0,0.75,3303,0.03975122274098806,True,1.9778000132646412
16,no_history,9,FR,node,0.05,0,0.15,2200,0.04177826317441168,True,0.7864999934099615
16,no_history,9,FR,edge,0.05,0,0.75,7583,0.02623519224063306,True,1.823700004024431
16,no_history,10,DE,node,0.2,0,0.15,1472,0.05107493430981544,True,0.7990000012796372
16,no_history,10,DE,edge,0.2,0,0.25,354,0.12481689407214865,True,1.9533000013325363
16,no_history,11,FR,node,0.2,0,0.15,2200,0.04177826317441168,True,0.8545999880880117
16,no_history,11,FR,edge,0.2,0,0.25,814,0.08231193286913524,True,1.8649999983608723
17,joint_no_history,0,FR,node,0.2,0,0.15,2304,0.1115434023666189,True,0.878200022270903
17,joint_no_history,0,FR,edge,0.2,0,0.25,792,0.15414069176909645,True,2.2555000032298267
17,joint_no_history,1,FR,node,0.2,0,0.15,2304,0.1115434023666189,True,0.8641000022180378
17,joint_no_history,1,FR,edge,0.2,0,0.25,792,0.15414069176909645,True,2.1693000162485987
17,joint_no_history,2,DE,node,0.05,0,0.35,3363,0.054432736930715445,False,1.0237999958917499
17,joint_no_history,2,DE,node,0.05,1,0.5,4912,0.03581446092384643,True,0.7791999960318208
17,joint_no_history,2,DE,edge,0.05,0,1.0,5833,0.0,True,0.8991000067908317
17,joint_no_history,3,DE,node,0.05,0,0.35,3363,0.054432736930715445,False,0.6855000101495534
17,joint_no_history,3,DE,node,0.05,1,0.5,4912,0.03581446092384643,True,0.7097000197973102
17,joint_no_history,3,DE,edge,0.05,0,1.0,5833,0.0,True,0.9382000134792179
17,joint_no_history,4,FR,node,0.1,0,0.25,3754,0.06768532992009829,True,0.9027000050991774
17,joint_no_history,4,FR,edge,0.1,0,0.75,7654,0.04223539051440695,True,2.9198000265751034
17,joint_no_history,5,FR,node,0.1,0,0.25,3754,0.06768532992009829,True,1.342200004728511
17,joint_no_history,5,FR,edge,0.1,0,0.75,7654,0.04223539051440695,True,2.667599997948855
17,joint_no_history,6,DE,node,0.2,0,0.15,1438,0.14119056685046602,True,0.696899980539456
17,joint_no_history,6,DE,edge,0.2,0,0.25,340,0.23525585236436192,False,1.8273999739903957
17,joint_no_history,6,DE,edge,0.2,1,0.35,700,0.19535998966513868,True,2.2327000042423606
17,joint_no_history,7,FR,node,0.2,0,0.15,2304,0.1115434023666189,True,1.1723999923560768
17,joint_no_history,7,FR,edge,0.2,0,0.25,792,0.15414069176909645,True,2.4158000014722347
17,joint_no_history,8,DE,node,0.05,0,0.35,3363,0.054432736930715445,False,1.2157000019215047
17,joint_no_history,8,DE,node,0.05,1,0.5,4912,0.03581446092384643,True,1.2941999884787947
17,joint_no_history,8,DE,edge,0.05,0,1.0,5833,0.0,True,1.7681000172160566
17,joint_no_history,9,DE,node,0.05,0,0.35,3363,0.054432736930715445,False,0.905699998838827
17,joint_no_history,9,DE,node,0.05,1,0.5,4912,0.03581446092384643,True,0.8518999966327101
17,joint_no_history,9,DE,edge,0.05,0,1.0,5833,0.0,True,0.9162999922409654
17,joint_no_history,10,DE,node,0.2,0,0.15,1438,0.14119056685046602,True,0.6916999991517514
17,joint_no_history,10,DE,edge,0.2,0,0.25,340,0.23525585236436192,False,1.8467000045347959
17,joint_no_history,10,DE,edge,0.2,1,0.35,700,0.19535998966513868,True,1.6879999893717468
17,joint_no_history,11,FR,node,0.2,0,0.15,2304,0.1115434023666189,True,0.7507999835070223
17,joint_no_history,11,FR,edge,0.2,0,0.25,792,0.15414069176909645,True,2.068800007691607
17,no_history,0,FR,node,0.2,0,0.15,2304,0.04082446333568987,True,1.0543999960646033
17,no_history,0,FR,edge,0.2,0,0.25,792,0.0834473235087997,True,2.877399994758889
17,no_history,1,FR,node,0.2,0,0.15,2304,0.04082446333568987,True,0.9243999957107008
17,no_history,1,FR,edge,0.2,0,0.25,792,0.0834473235087997,True,2.052400028333068
17,no_history,2,DE,node,0.05,0,0.15,1438,0.05167521339170747,False,0.7760000007692724
17,no_history,2,DE,node,0.05,1,0.25,2402,0.03564479871244543,True,0.749099999666214
17,no_history,2,DE,edge,0.05,0,0.75,3254,0.04004939912227637,True,1.8736000056378543
17,no_history,3,DE,node,0.05,0,0.15,1438,0.05167521339170747,False,0.735800014808774
17,no_history,3,DE,node,0.05,1,0.25,2402,0.03564479871244543,True,0.7339000003412366
17,no_history,3,DE,edge,0.05,0,0.75,3254,0.04004939912227637,True,2.1798999805469066
17,no_history,4,FR,node,0.1,0,0.15,2304,0.04082446333568987,True,0.8593999955337495
17,no_history,4,FR,edge,0.1,0,0.35,1607,0.07838690922628169,True,1.9135999900754541
17,no_history,5,FR,node,0.1,0,0.15,2304,0.04082446333568987,True,0.9105999779421836
17,no_history,5,FR,edge,0.1,0,0.35,1607,0.07838690922628169,True,2.093799994327128
17,no_history,6,DE,node,0.2,0,0.15,1438,0.05167521339170747,True,0.8369999995920807
17,no_history,6,DE,edge,0.2,0,0.25,340,0.12736073125320715,True,2.1373000054154545
17,no_history,7,FR,node,0.2,0,0.15,2304,0.04082446333568987,True,0.9636000031605363
17,no_history,7,FR,edge,0.2,0,0.25,792,0.0834473235087997,True,2.265799994347617
17,no_history,8,DE,node,0.05,0,0.15,1438,0.05167521339170747,False,0.7259999983943999
17,no_history,8,DE,node,0.05,1,0.25,2402,0.03564479871244543,True,0.6962000043131411
17,no_history,8,DE,edge,0.05,0,0.75,3254,0.04004939912227637,True,1.6994999896269292
17,no_history,9,DE,node,0.05,0,0.15,1438,0.05167521339170747,False,0.7385000062640756
17,no_history,9,DE,node,0.05,1,0.25,2402,0.03564479871244543,True,0.6384000007528812
17,no_history,9,DE,edge,0.05,0,0.75,3254,0.04004939912227637,True,1.6638000088278204
17,no_history,10,DE,node,0.2,0,0.15,1438,0.05167521339170747,True,0.6400999845936894
17,no_history,10,DE,edge,0.2,0,0.25,340,0.12736073125320715,True,1.6351999947801232
17,no_history,11,FR,node,0.2,0,0.15,2304,0.04082446333568987,True,0.8056999940890819
17,no_history,11,FR,edge,0.2,0,0.25,792,0.0834473235087997,True,2.687200001673773
18,joint_no_history,0,DE,node,0.2,0,0.15,1538,0.13652335650677533,True,0.7237000099848956
18,joint_no_history,0,DE,edge,0.2,0,0.25,388,0.22022368820433388,False,1.9829999946523458
18,joint_no_history,0,DE,edge,0.2,1,0.35,775,0.18566660336300053,True,1.6931999998632818
18,joint_no_history,1,FR,node,0.2,0,0.15,2243,0.11304997953522013,True,0.8003000111784786
18,joint_no_history,1,FR,edge,0.2,0,0.25,819,0.15157861818236681,True,1.8371999904047698
18,joint_no_history,2,DE,node,0.05,0,0.35,3518,0.0532201001787769,False,0.7415000000037253
18,joint_no_history,2,DE,node,0.05,1,0.5,5037,0.03536727686560098,True,1.116100000217557
18,joint_no_history,2,DE,edge,0.05,0,1.0,5833,0.0,True,0.9676999761722982
18,joint_no_history,3,FR,node,0.05,0,0.35,5240,0.04360717590943105,True,0.8980999991763383
18,joint_no_history,3,FR,edge,0.05,0,1.0,13428,0.0,True,1.1676999856717885
18,joint_no_history,4,DE,node,0.1,0,0.25,2521,0.08259528602234457,True,0.8206999918911606
18,joint_no_history,4,DE,edge,0.1,0,0.75,3465,0.06277245637721725,True,2.044299995759502
18,joint_no_history,5,FR,node,0.1,0,0.25,3703,0.06814983807208438,True,0.9425999887753278
18,joint_no_history,5,FR,edge,0.1,0,0.75,7587,0.04242146875646817,True,2.0330999977886677
18,joint_no_history,6,DE,node,0.2,0,0.15,1538,0.13652335650677533,True,1.013799977954477
18,joint_no_history,6,DE,edge,0.2,0,0.25,388,0.22022368820433388,False,1.9500000053085387
18,joint_no_history,6,DE,edge,0.2,1,0.35,775,0.18566660336300053,True,1.885800011223182
18,joint_no_history,7,DE,node,0.2,0,0.15,1538,0.13652335650677533,True,0.7229000038933009
18,joint_no_history,7,DE,edge,0.2,0,0.25,388,0.22022368820433388,False,1.8392000056337565
18,joint_no_history,7,DE,edge,0.2,1,0.35,775,0.18566660336300053,True,1.823099999455735
18,joint_no_history,8,DE,node,0.05,0,0.35,3518,0.0532201001787769,False,0.6993999995756894
18,joint_no_history,8,DE,node,0.05,1,0.5,5037,0.03536727686560098,True,0.6954999989829957
18,joint_no_history,8,DE,edge,0.05,0,1.0,5833,0.0,True,0.9182999783661216
18,joint_no_history,9,FR,node,0.05,0,0.35,5240,0.04360717590943105,True,0.8837000059429556
18,joint_no_history,9,FR,edge,0.05,0,1.0,13428,0.0,True,1.1860000086016953
18,joint_no_history,10,FR,node,0.2,0,0.15,2243,0.11304997953522013,True,0.83710000035353
18,joint_no_history,10,FR,edge,0.2,0,0.25,819,0.15157861818236681,True,3.0098000133875757
18,joint_no_history,11,FR,node,0.2,0,0.15,2243,0.11304997953522013,True,0.894299999345094
18,joint_no_history,11,FR,edge,0.2,0,0.25,819,0.15157861818236681,True,1.977299980353564
18,no_history,0,DE,node,0.2,0,0.15,1538,0.0499670320603751,True,0.8152999798767269
18,no_history,0,DE,edge,0.2,0,0.25,388,0.11922275126036833,True,2.821300004143268
18,no_history,1,FR,node,0.2,0,0.15,2243,0.04137586488053242,True,0.8921999833546579
18,no_history,1,FR,edge,0.2,0,0.25,819,0.0820602907856986,True,2.046000008704141
18,no_history,2,DE,node,0.05,0,0.15,1538,0.0499670320603751,True,0.74819999281317
18,no_history,2,DE,edge,0.05,0,0.75,3465,0.038810850449331295,True,1.8899999849963933
18,no_history,3,FR,node,0.05,0,0.15,2243,0.04137586488053242,True,0.9155000152532011
18,no_history,3,FR,edge,0.05,0,0.75,7587,0.02622827550119288,True,2.0151000062469393
18,no_history,4,DE,node,0.1,0,0.15,1538,0.0499670320603751,True,0.810900004580617
18,no_history,4,DE,edge,0.1,0,0.35,775,0.11287574449378461,False,2.579899999545887
18,no_history,4,DE,edge,0.1,1,0.5,1600,0.0621169376258547,True,1.9262999994680285
18,no_history,5,FR,node,0.1,0,0.15,2243,0.04137586488053242,True,0.8671999967191368
18,no_history,5,FR,edge,0.1,0,0.35,1625,0.07795155739755799,True,2.000699983909726
18,no_history,6,DE,node,0.2,0,0.15,1538,0.0499670320603751,True,0.7387000077869743
18,no_history,6,DE,edge,0.2,0,0.25,388,0.11922275126036833,True,1.8515000119805336
18,no_history,7,DE,node,0.2,0,0.15,1538,0.0499670320603751,True,0.7189000025391579
18,no_history,7,DE,edge,0.2,0,0.25,388,0.11922275126036833,True,1.7666000057943165
18,no_history,8,DE,node,0.05,0,0.15,1538,0.0499670320603751,True,0.9322999976575375
18,no_history,8,DE,edge,0.05,0,0.75,3465,0.038810850449331295,True,1.9054000149480999
18,no_history,9,FR,node,0.05,0,0.15,2243,0.04137586488053242,True,0.8569000056013465
18,no_history,9,FR,edge,0.05,0,0.75,7587,0.02622827550119288,True,1.9927999819628894
18,no_history,10,FR,node,0.2,0,0.15,2243,0.04137586488053242,True,0.8629999938420951
18,no_history,10,FR,edge,0.2,0,0.25,819,0.0820602907856986,True,2.1558000007644296
18,no_history,11,FR,node,0.2,0,0.15,2243,0.04137586488053242,True,0.9625999955460429
18,no_history,11,FR,edge,0.2,0,0.25,819,0.0820602907856986,True,2.980199991725385
19,no_history,0,DE,node,0.2,0,0.15,1441,0.05162139437339959,True,0.7710999925620854
19,no_history,0,DE,edge,0.2,0,0.25,371,0.12192367585397618,True,1.943000010214746
19,no_history,1,FR,node,0.2,0,0.15,2179,0.04197909837713935,True,0.8738999895285815
19,no_history,1,FR,edge,0.2,0,0.25,812,0.08241323990177692,True,1.982199988560751
19,no_history,2,FR,node,0.05,0,0.15,2179,0.04197909837713935,True,0.8911000040825456
19,no_history,2,FR,edge,0.05,0,0.75,7568,0.026261178834226878,True,3.578400006517768
19,no_history,3,DE,node,0.05,0,0.15,1441,0.05162139437339959,False,0.7906999962870032
19,no_history,3,DE,node,0.05,1,0.25,2392,0.035719229360862574,True,0.7461000059265643
19,no_history,3,DE,edge,0.05,0,0.75,3316,0.039673226153032974,True,2.529699995648116
19,no_history,4,FR,node,0.1,0,0.15,2179,0.04197909837713935,True,0.8664000197313726
19,no_history,4,FR,edge,0.1,0,0.35,1646,0.07745270031401567,True,1.9565000256989151
19,no_history,5,DE,node,0.1,0,0.15,1441,0.05162139437339959,True,0.7161999819800258
19,no_history,5,DE,edge,0.1,0,0.35,714,0.11759866001378666,False,2.025199995841831
19,no_history,5,DE,edge,0.1,1,0.5,1455,0.06513861668939702,True,2.8358999988995492
19,no_history,6,DE,node,0.2,0,0.15,1441,0.05162139437339959,True,0.7130000158213079
19,no_history,6,DE,edge,0.2,0,0.25,371,0.12192367585397618,True,1.7646999913267791
19,no_history,7,FR,node,0.2,0,0.15,2179,0.04197909837713935,True,0.8501000120304525
19,no_history,7,FR,edge,0.2,0,0.25,812,0.08241323990177692,True,2.0352000137791038
19,no_history,8,FR,node,0.05,0,0.15,2179,0.04197909837713935,True,0.9329000022262335
19,no_history,8,FR,edge,0.05,0,0.75,7568,0.026261178834226878,True,2.0895999914500862
19,no_history,9,FR,node,0.05,0,0.15,2179,0.04197909837713935,True,1.0847999947145581
19,no_history,9,FR,edge,0.05,0,0.75,7568,0.026261178834226878,True,2.2555000032298267
19,no_history,10,FR,node,0.2,0,0.15,2179,0.04197909837713935,True,0.9286999993491918
19,no_history,10,FR,edge,0.2,0,0.25,812,0.08241323990177692,True,2.0684000046458095
19,no_history,11,DE,node,0.2,0,0.15,1441,0.05162139437339959,True,0.760499999159947
19,no_history,11,DE,edge,0.2,0,0.25,371,0.12192367585397618,True,1.9127000123262405
19,joint_no_history,0,DE,node,0.2,0,0.15,1441,0.1410435188325967,True,0.7523999956902117
19,joint_no_history,0,DE,edge,0.2,0,0.25,371,0.2252127324033486,False,1.8628000107128173
19,joint_no_history,0,DE,edge,0.2,1,0.35,714,0.19343521376288556,True,1.7063000123016536
19,joint_no_history,1,FR,node,0.2,0,0.15,2179,0.11469817552201769,True,0.8761000062804669
19,joint_no_history,1,FR,edge,0.2,0,0.25,812,0.15223057223702102,True,1.9731000065803528
19,joint_no_history,2,FR,node,0.05,0,0.35,5250,0.043565625470353565,True,1.0470999986864626
19,joint_no_history,2,FR,edge,0.05,0,1.0,13428,0.0,True,1.2841999996453524
19,joint_no_history,3,DE,node,0.05,0,0.35,3424,0.053945686881444,False,0.960400007897988
19,joint_no_history,3,DE,node,0.05,1,0.5,4874,0.0359538030611842,True,0.8425999840255827
19,joint_no_history,3,DE,edge,0.05,0,1.0,5833,0.0,True,1.0786000057123601
19,joint_no_history,4,FR,node,0.1,0,0.25,3715,0.06803968201181237,True,0.9055999980773777
19,joint_no_history,4,FR,edge,0.1,0,0.75,7568,0.04247468642662044,True,1.9274000078439713
19,joint_no_history,5,DE,node,0.1,0,0.25,2392,0.08479321391510365,True,0.7111000013537705
19,joint_no_history,5,DE,edge,0.1,0,0.75,3316,0.06416725810443161,True,1.8718999926932156
19,joint_no_history,6,DE,node,0.2,0,0.15,1441,0.1410435188325967,True,0.7649000035598874
19,joint_no_history,6,DE,edge,0.2,0,0.25,371,0.2252127324033486,False,1.5802000125404447
19,joint_no_history,6,DE,edge,0.2,1,0.35,714,0.19343521376288556,True,1.5916999836917967
19,joint_no_history,7,FR,node,0.2,0,0.15,2179,0.11469817552201769,True,1.0528000129852444
19,joint_no_history,7,FR,edge,0.2,0,0.25,812,0.15223057223702102,True,1.9657000084407628
19,joint_no_history,8,FR,node,0.05,0,0.35,5250,0.043565625470353565,True,1.3837000005878508
19,joint_no_history,8,FR,edge,0.05,0,1.0,13428,0.0,True,1.3917000032961369
19,joint_no_history,9,FR,node,0.05,0,0.35,5250,0.043565625470353565,True,1.058900001225993
19,joint_no_history,9,FR,edge,0.05,0,1.0,13428,0.0,True,1.3287999900057912
19,joint_no_history,10,FR,node,0.2,0,0.15,2179,0.11469817552201769,True,0.9193000150844455
19,joint_no_history,10,FR,edge,0.2,0,0.25,812,0.15223057223702102,True,3.603999997721985
19,joint_no_history,11,DE,node,0.2,0,0.15,1441,0.1410435188325967,True,0.6510000093840063
19,joint_no_history,11,DE,edge,0.2,0,0.25,371,0.2252127324033486,False,1.7306000227108598
19,joint_no_history,11,DE,edge,0.2,1,0.35,714,0.19343521376288556,True,1.851000008173287
20,no_history,0,FR,node,0.2,0,0.15,2227,0.0415242324202844,True,0.9608000109437853
20,no_history,0,FR,edge,0.2,0,0.25,850,0.08054999904494513,True,2.404200000455603
20,no_history,1,DE,node,0.2,0,0.15,1492,0.05073145405603909,True,0.7425000076182187
20,no_history,1,DE,edge,0.2,0,0.25,335,0.12830766422612047,True,1.8362999835517257
20,no_history,2,DE,node,0.05,0,0.15,1492,0.05073145405603909,False,0.7235000084619969
20,no_history,2,DE,node,0.05,1,0.25,2456,0.03525076017356869,True,0.7063999946694821
20,no_history,2,DE,edge,0.05,0,0.75,3234,0.04017304683580539,True,1.781800005119294
20,no_history,3,FR,node,0.05,0,0.15,2227,0.0415242324202844,True,0.8366999973077327
20,no_history,3,FR,edge,0.05,0,0.75,7605,0.0261972177336372,True,1.9201999821234494
20,no_history,4,FR,node,0.1,0,0.15,2227,0.0415242324202844,True,1.550400018459186
20,no_history,4,FR,edge,0.1,0,0.35,1625,0.07795155739755799,True,2.144800004316494
20,no_history,5,FR,node,0.1,0,0.15,2227,0.0415242324202844,True,0.9387999889440835
20,no_history,5,FR,edge,0.1,0,0.35,1625,0.07795155739755799,True,2.1431999921333045
20,no_history,6,FR,node,0.2,0,0.15,2227,0.0415242324202844,True,0.9404000011272728
20,no_history,6,FR,edge,0.2,0,0.25,850,0.08054999904494513,True,2.067599998554215
20,no_history,7,DE,node,0.2,0,0.15,1492,0.05073145405603909,True,0.7591000176034868
20,no_history,7,DE,edge,0.2,0,0.25,335,0.12830766422612047,True,2.620400016894564
20,no_history,8,FR,node,0.05,0,0.15,2227,0.0415242324202844,True,1.539300021249801
20,no_history,8,FR,edge,0.05,0,0.75,7605,0.0261972177336372,True,1.8583000055514276
20,no_history,9,FR,node,0.05,0,0.15,2227,0.0415242324202844,True,1.4033000043127686
20,no_history,9,FR,edge,0.05,0,0.75,7605,0.0261972177336372,True,1.8859000119846314
20,no_history,10,FR,node,0.2,0,0.15,2227,0.0415242324202844,True,0.8311000128742307
20,no_history,10,FR,edge,0.2,0,0.25,850,0.08054999904494513,True,2.210100006777793
20,no_history,11,DE,node,0.2,0,0.15,1492,0.05073145405603909,True,0.7393000123556703
20,no_history,11,DE,edge,0.2,0,0.25,335,0.12830766422612047,True,1.8797999946400523
20,joint_no_history,0,FR,node,0.2,0,0.15,2227,0.11345535951654695,True,0.9395999950356781
20,joint_no_history,0,FR,edge,0.2,0,0.25,850,0.1487888652711384,True,2.097799995681271
20,joint_no_history,1,DE,node,0.2,0,0.15,1492,0.13861196278039903,True,0.7798999722581357
20,joint_no_history,1,DE,edge,0.2,0,0.25,335,0.2370049905915267,False,1.8134999845642596
20,joint_no_history,1,DE,edge,0.2,1,0.35,711,0.1938428753610349,True,1.8548999796621501
20,joint_no_history,2,DE,node,0.05,0,0.35,3418,0.05399301458776711,False,0.7704000163357705
20,joint_no_history,2,DE,node,0.05,1,0.5,4921,0.03578169546353725,True,0.6395000091288239
20,joint_no_history,2,DE,edge,0.05,0,1.0,5833,0.0,True,0.7721000001765788
20,joint_no_history,3,FR,node,0.05,0,0.35,5190,0.043816726255658016,True,0.7874000002630055
20,joint_no_history,3,FR,edge,0.05,0,1.0,13428,0.0,True,1.1748999822884798
20,joint_no_history,4,FR,node,0.1,0,0.25,3712,0.06806717094243836,True,0.8524000004399568
20,joint_no_history,4,FR,edge,0.1,0,0.75,7605,0.04237123609378514,True,2.1197999885771424
20,joint_no_history,5,FR,node,0.1,0,0.25,3712,0.06806717094243836,True,0.8540999842807651
20,joint_no_history,5,FR,edge,0.1,0,0.75,7605,0.04237123609378514,True,2.1831000049132854
20,joint_no_history,6,FR,node,0.2,0,0.15,2227,0.11345535951654695,True,0.8566999749746174
20,joint_no_history,6,FR,edge,0.2,0,0.25,850,0.1487888652711384,True,2.155099995434284
20,joint_no_history,7,DE,node,0.2,0,0.15,1492,0.13861196278039903,True,0.8107000030577183
20,joint_no_history,7,DE,edge,0.2,0,0.25,335,0.2370049905915267,False,1.9094999879598618
20,joint_no_history,7,DE,edge,0.2,1,0.35,711,0.1938428753610349,True,1.8616000015754253
20,joint_no_history,8,FR,node,0.05,0,0.35,5190,0.043816726255658016,True,0.8508000173605978
20,joint_no_history,8,FR,edge,0.05,0,1.0,13428,0.0,True,1.0248000035062432
20,joint_no_history,9,FR,node,0.05,0,0.35,5190,0.043816726255658016,True,1.6830000095069408
20,joint_no_history,9,FR,edge,0.05,0,1.0,13428,0.0,True,0.9901000012177974
20,joint_no_history,10,FR,node,0.2,0,0.15,2227,0.11345535951654695,True,0.8767999825067818
20,joint_no_history,10,FR,edge,0.2,0,0.25,850,0.1487888652711384,True,2.273799997055903
20,joint_no_history,11,DE,node,0.2,0,0.15,1492,0.13861196278039903,True,0.6624000088777393
20,joint_no_history,11,DE,edge,0.2,0,0.25,335,0.2370049905915267,False,1.922000024933368
20,joint_no_history,11,DE,edge,0.2,1,0.35,711,0.1938428753610349,True,2.06529998104088
21,joint_no_history,0,FR,node,0.2,0,0.15,2228,0.11342989540231836,True,1.0590000019874424
21,joint_no_history,0,FR,edge,0.2,0,0.25,824,0.15111803182989386,True,2.2505999950226396
21,joint_no_history,1,DE,node,0.2,0,0.15,1420,0.14208261861797816,True,0.6661000079475343
21,joint_no_history,1,DE,edge,0.2,0,0.25,360,0.2286275930195704,False,2.244200004497543
21,joint_no_history,1,DE,edge,0.2,1,0.35,700,0.19535998966513868,True,2.396199997747317
21,joint_no_history,2,DE,node,0.05,0,0.35,3356,0.05448947570846253,False,0.9914999827742577
21,joint_no_history,2,DE,node,0.05,1,0.5,4828,0.036124676525148995,True,0.9184000082314014
21,joint_no_history,2,DE,edge,0.05,0,1.0,5833,0.0,True,1.1517999810166657
21,joint_no_history,3,FR,node,0.05,0,0.35,5213,0.043719958678332484,True,1.1421999952290207
21,joint_no_history,3,FR,edge,0.05,0,1.0,13428,0.0,True,1.3160000089555979
21,joint_no_history,4,DE,node,0.1,0,0.25,2417,0.0843535489491802,True,0.8881999820005149
21,joint_no_history,4,DE,edge,0.1,0,0.75,3274,0.06457752637900058,True,1.81049999082461
21,joint_no_history,5,DE,node,0.1,0,0.25,2417,0.0843535489491802,True,0.6030999938957393
21,joint_no_history,5,DE,edge,0.1,0,0.75,3274,0.06457752637900058,True,1.7681999888736755
21,joint_no_history,6,DE,node,0.2,0,0.15,1420,0.14208261861797816,True,0.651800015475601
21,joint_no_history,6,DE,edge,0.2,0,0.25,360,0.2286275930195704,False,1.5790999750606716
21,joint_no_history,6,DE,edge,0.2,1,0.35,700,0.19535998966513868,True,1.6310999926645309
21,joint_no_history,7,DE,node,0.2,0,0.15,1420,0.14208261861797816,True,0.9342999837826937
21,joint_no_history,7,DE,edge,0.2,0,0.25,360,0.2286275930195704,False,1.953200000571087
21,joint_no_history,7,DE,edge,0.2,1,0.35,700,0.19535998966513868,True,1.8292000168003142
21,joint_no_history,8,FR,node,0.05,0,0.35,5213,0.043719958678332484,True,0.7733000093139708
21,joint_no_history,8,FR,edge,0.05,0,1.0,13428,0.0,True,2.4662000068929046
21,joint_no_history,9,FR,node,0.05,0,0.35,5213,0.043719958678332484,True,1.3226000010035932
21,joint_no_history,9,FR,edge,0.05,0,1.0,13428,0.0,True,1.480300008552149
21,joint_no_history,10,DE,node,0.2,0,0.15,1420,0.14208261861797816,True,1.3780000153928995
21,joint_no_history,10,DE,edge,0.2,0,0.25,360,0.2286275930195704,False,2.070099988486618
21,joint_no_history,10,DE,edge,0.2,1,0.35,700,0.19535998966513868,True,1.9260999979451299
21,joint_no_history,11,DE,node,0.2,0,0.15,1420,0.14208261861797816,True,0.7354000117629766
21,joint_no_history,11,DE,edge,0.2,0,0.25,360,0.2286275930195704,False,2.078199991956353
21,joint_no_history,11,DE,edge,0.2,1,0.35,700,0.19535998966513868,True,1.8922999734058976
21,no_history,0,FR,node,0.2,0,0.15,2228,0.041514912650798756,True,1.031499996315688
21,no_history,0,FR,edge,0.2,0,0.25,824,0.08181094262255344,True,4.377100005513057
21,no_history,1,DE,node,0.2,0,0.15,1420,0.05200170096429057,True,1.0514000023249537
21,no_history,1,DE,edge,0.2,0,0.25,360,0.12377238287162855,True,3.3452999778091908
21,no_history,2,DE,node,0.05,0,0.15,1420,0.05200170096429057,False,1.0586999997030944
21,no_history,2,DE,node,0.05,1,0.25,2417,0.03553402003767925,True,1.000799995381385
21,no_history,2,DE,edge,0.05,0,0.75,3274,0.03992688614289726,True,1.8959000008180737
21,no_history,3,FR,node,0.05,0,0.15,2228,0.041514912650798756,True,1.2969999806955457
21,no_history,3,FR,edge,0.05,0,0.75,7519,0.026346609616754838,True,1.7503999988548458
21,no_history,4,DE,node,0.1,0,0.15,1420,0.05200170096429057,True,0.6135999865364283
21,no_history,4,DE,edge,0.1,0,0.35,700,0.11876882475540014,False,1.6920999914873391
21,no_history,4,DE,edge,0.1,1,0.5,1427,0.06577457363454764,True,1.582899974891916
21,no_history,5,DE,node,0.1,0,0.15,1420,0.05200170096429057,True,0.6401000136975199
21,no_history,5,DE,edge,0.1,0,0.35,700,0.11876882475540014,False,1.7963999998755753
21,no_history,5,DE,edge,0.1,1,0.5,1427,0.06577457363454764,True,1.7425999976694584
21,no_history,6,DE,node,0.2,0,0.15,1420,0.05200170096429057,True,0.6862999871373177
21,no_history,6,DE,edge,0.2,0,0.25,360,0.12377238287162855,True,2.599200000986457
21,no_history,7,DE,node,0.2,0,0.15,1420,0.05200170096429057,True,0.8340999775100499
21,no_history,7,DE,edge,0.2,0,0.25,360,0.12377238287162855,True,2.9203000012785196
21,no_history,8,FR,node,0.05,0,0.15,2228,0.041514912650798756,True,0.8190999797079712
21,no_history,8,FR,edge,0.05,0,0.75,7519,0.026346609616754838,True,2.0973999926354736
21,no_history,9,FR,node,0.05,0,0.15,2228,0.041514912650798756,True,1.064799987943843
21,no_history,9,FR,edge,0.05,0,0.75,7519,0.026346609616754838,True,2.120599994668737
21,no_history,10,DE,node,0.2,0,0.15,1420,0.05200170096429057,True,0.7968999852892011
21,no_history,10,DE,edge,0.2,0,0.25,360,0.12377238287162855,True,2.3662000021431595
21,no_history,11,DE,node,0.2,0,0.15,1420,0.05200170096429057,True,0.7229000038933009
21,no_history,11,DE,edge,0.2,0,0.25,360,0.12377238287162855,True,1.7327999812550843
22,joint_no_history,0,DE,node,0.2,0,0.15,1410,0.142585567513272,True,0.7162000110838562
22,joint_no_history,0,DE,edge,0.2,0,0.25,311,0.24597994496697304,False,1.5301000094041228
22,joint_no_history,0,DE,edge,0.2,1,0.35,717,0.1930301133941319,True,1.5433999942615628
22,joint_no_history,1,FR,node,0.2,0,0.15,2328,0.11096694681584003,True,0.748499995097518
22,joint_no_history,1,FR,edge,0.2,0,0.25,894,0.1450811986809696,True,3.136199986329302
22,joint_no_history,2,DE,node,0.05,0,0.35,3435,0.053859241701614116,False,0.5975000094622374
22,joint_no_history,2,DE,node,0.05,1,0.5,4987,0.03554413203815145,True,0.6104999920353293
22,joint_no_history,2,DE,edge,0.05,0,1.0,5833,0.0,True,0.7777000137139112
22,joint_no_history,3,DE,node,0.05,0,0.35,3435,0.053859241701614116,False,1.253900001756847
22,joint_no_history,3,DE,node,0.05,1,0.5,4987,0.03554413203815145,True,0.6920000014360994
22,joint_no_history,3,DE,edge,0.05,0,1.0,5833,0.0,True,1.1775000020861626
22,joint_no_history,4,FR,node,0.1,0,0.25,3807,0.06721253039470204,True,1.0067999828606844
22,joint_no_history,4,FR,edge,0.1,0,0.75,7724,0.04204357239877887,True,2.3264000192284584
22,joint_no_history,5,FR,node,0.1,0,0.25,3807,0.06721253039470204,True,1.070900005288422
22,joint_no_history,5,FR,edge,0.1,0,0.75,7724,0.04204357239877887,True,2.0819999917875975
22,joint_no_history,6,DE,node,0.2,0,0.15,1410,0.142585567513272,True,0.6266000273171812
22,joint_no_history,6,DE,edge,0.2,0,0.25,311,0.24597994496697304,False,1.6188999870792031
22,joint_no_history,6,DE,edge,0.2,1,0.35,717,0.1930301133941319,True,1.8819000106304884
22,joint_no_history,7,FR,node,0.2,0,0.15,2328,0.11096694681584003,True,0.7548999856226146
22,joint_no_history,7,FR,edge,0.2,0,0.25,894,0.1450811986809696,True,3.2261000014841557
22,joint_no_history,8,FR,node,0.05,0,0.35,5343,0.04318481049761622,True,1.1558000114746392
22,joint_no_history,8,FR,edge,0.05,0,1.0,13428,0.0,True,1.4334000006783754
22,joint_no_history,9,DE,node,0.05,0,0.35,3435,0.053859241701614116,False,0.8243000193033367
22,joint_no_history,9,DE,node,0.05,1,0.5,4987,0.03554413203815145,True,0.8081999840214849
22,joint_no_history,9,DE,edge,0.05,0,1.0,5833,0.0,True,1.199499994982034
22,joint_no_history,10,FR,node,0.2,0,0.15,2328,0.11096694681584003,True,0.8734999864827842
22,joint_no_history,10,FR,edge,0.2,0,0.25,894,0.1450811986809696,True,2.0730000105686486
22,joint_no_history,11,FR,node,0.2,0,0.15,2328,0.11096694681584003,True,0.877300015417859
22,joint_no_history,11,FR,edge,0.2,0,0.25,894,0.1450811986809696,True,3.423699992708862
22,no_history,0,DE,node,0.2,0,0.15,1410,0.05218577835748467,True,0.659200013615191
22,no_history,0,DE,edge,0.2,0,0.25,311,0.13316644559429092,True,1.788900000974536
22,no_history,1,FR,node,0.2,0,0.15,2328,0.04061348278463874,True,0.7774000114295632
22,no_history,1,FR,edge,0.2,0,0.25,894,0.07854277532055663,True,1.9795999978668988
22,no_history,2,DE,node,0.05,0,0.15,1410,0.05218577835748467,False,0.7651000050827861
22,no_history,2,DE,node,0.05,1,0.25,2390,0.03573417151979301,True,0.7550999871455133
22,no_history,2,DE,edge,0.05,0,0.75,3287,0.03984785302088778,True,1.8649999983608723
22,no_history,3,DE,node,0.05,0,0.15,1410,0.05218577835748467,False,0.68450000253506
22,no_history,3,DE,node,0.05,1,0.25,2390,0.03573417151979301,True,0.8072000055108219
22,no_history,3,DE,edge,0.05,0,0.75,3287,0.03984785302088778,True,1.6912000137381256
22,no_history,4,FR,node,0.1,0,0.15,2328,0.04061348278463874,True,0.753400003304705
22,no_history,4,FR,edge,0.1,0,0.35,1716,0.07585650641218156,True,2.2311999928206205
22,no_history,5,FR,node,0.1,0,0.15,2328,0.04061348278463874,True,1.0332000092603266
22,no_history,5,FR,edge,0.1,0,0.35,1716,0.07585650641218156,True,2.9399999766610563
22,no_history,6,DE,node,0.2,0,0.15,1410,0.05218577835748467,True,1.138299994636327
22,no_history,6,DE,edge,0.2,0,0.25,311,0.13316644559429092,True,1.8549000087659806
22,no_history,7,FR,node,0.2,0,0.15,2328,0.04061348278463874,True,0.8119000121951103
22,no_history,7,FR,edge,0.2,0,0.25,894,0.07854277532055663,True,1.881500007584691
22,no_history,8,FR,node,0.05,0,0.15,2328,0.04061348278463874,True,0.7927000115159899
22,no_history,8,FR,edge,0.05,0,0.75,7724,0.025994630366525995,True,1.955300016561523
22,no_history,9,DE,node,0.05,0,0.15,1410,0.05218577835748467,False,1.1931000044569373
22,no_history,9,DE,node,0.05,1,0.25,2390,0.03573417151979301,True,1.1516999802552164
22,no_history,9,DE,edge,0.05,0,0.75,3287,0.03984785302088778,True,3.556099982233718
22,no_history,10,FR,node,0.2,0,0.15,2328,0.04061348278463874,True,1.2079000007361174
22,no_history,10,FR,edge,0.2,0,0.25,894,0.07854277532055663,True,2.194400003645569
22,no_history,11,FR,node,0.2,0,0.15,2328,0.04061348278463874,True,0.8805999823380262
22,no_history,11,FR,edge,0.2,0,0.25,894,0.07854277532055663,True,2.018099999986589
23,joint_no_history,0,FR,node,0.2,0,0.15,2265,0.11249961124082038,True,1.2793999921996146
23,joint_no_history,0,FR,edge,0.2,0,0.25,843,0.14940533553896695,True,2.4307999992743134
23,joint_no_history,1,DE,node,0.2,0,0.15,1545,0.13621372918591904,True,0.687599997036159
23,joint_no_history,1,DE,edge,0.2,0,0.25,371,0.2252127324033486,False,1.8558999872766435
23,joint_no_history,1,DE,edge,0.2,1,0.35,733,0.19091174897892277,True,1.8848000036086887
23,joint_no_history,2,DE,node,0.05,0,0.35,3440,0.053820085577425895,False,0.6582000060006976
23,joint_no_history,2,DE,node,0.05,1,0.5,4890,0.03589493473997639,True,0.6453999958466738
23,joint_no_history,2,DE,edge,0.05,0,1.0,5833,0.0,True,0.8762999786995351
23,joint_no_history,3,FR,node,0.05,0,0.35,5248,0.04357392605640018,True,0.8329999982379377
23,joint_no_history,3,FR,edge,0.05,0,1.0,13428,0.0,True,1.8481999868527055
23,joint_no_history,4,DE,node,0.1,0,0.25,2465,0.08352821920438286,True,0.8082999847829342
23,joint_no_history,4,DE,edge,0.1,0,0.75,3293,0.06439095668916166,True,1.9991000008303672
23,joint_no_history,5,DE,node,0.1,0,0.25,2465,0.08352821920438286,True,0.7221999985631555
23,joint_no_history,5,DE,edge,0.1,0,0.75,3293,0.06439095668916166,True,1.9007000082638115
23,joint_no_history,6,DE,node,0.2,0,0.15,1545,0.13621372918591904,True,0.7146999996621162
23,joint_no_history,6,DE,edge,0.2,0,0.25,371,0.2252127324033486,False,1.7893000040203333
23,joint_no_history,6,DE,edge,0.2,1,0.35,733,0.19091174897892277,True,1.7754000145941973
23,joint_no_history,7,DE,node,0.2,0,0.15,1545,0.13621372918591904,True,1.2067999923601747
23,joint_no_history,7,DE,edge,0.2,0,0.25,371,0.2252127324033486,False,1.9011000113096088
23,joint_no_history,7,DE,edge,0.2,1,0.35,733,0.19091174897892277,True,2.1272999874781817
23,joint_no_history,8,FR,node,0.05,0,0.35,5248,0.04357392605640018,True,0.9809999901335686
23,joint_no_history,8,FR,edge,0.05,0,1.0,13428,0.0,True,0.990399974398315
23,joint_no_history,9,FR,node,0.05,0,0.35,5248,0.04357392605640018,True,0.7775000121910125
23,joint_no_history,9,FR,edge,0.05,0,1.0,13428,0.0,True,1.0800000163726509
23,joint_no_history,10,FR,node,0.2,0,0.15,2265,0.11249961124082038,True,0.9945000056177378
23,joint_no_history,10,FR,edge,0.2,0,0.25,843,0.14940533553896695,True,1.8303999968338758
23,joint_no_history,11,DE,node,0.2,0,0.15,1545,0.13621372918591904,True,0.7097999914549291
23,joint_no_history,11,DE,edge,0.2,0,0.25,371,0.2252127324033486,False,1.7593000084161758
23,joint_no_history,11,DE,edge,0.2,1,0.35,733,0.19091174897892277,True,1.7151999927591532
23,no_history,0,FR,node,0.2,0,0.15,2265,0.041174432166636896,True,0.987599982181564
23,no_history,0,FR,edge,0.2,0,0.25,843,0.0808837382625562,True,2.2566000116057694
23,no_history,1,DE,node,0.2,0,0.15,1545,0.049853709632155824,True,0.7555000192951411
23,no_history,1,DE,edge,0.2,0,0.25,371,0.12192367585397618,True,1.9315000099595636
23,no_history,2,DE,node,0.05,0,0.15,1545,0.049853709632155824,True,1.0022000060416758
23,no_history,2,DE,edge,0.05,0,0.75,3293,0.039811534143810216,True,1.8551999819464982
23,no_history,3,FR,node,0.05,0,0.15,2265,0.041174432166636896,True,0.8423000108450651
23,no_history,3,FR,edge,0.05,0,0.75,7633,0.02614912419081335,True,1.9091999856755137
23,no_history,4,DE,node,0.1,0,0.15,1545,0.049853709632155824,True,0.7221999985631555
23,no_history,4,DE,edge,0.1,0,0.35,733,0.11606452322755616,False,1.8167000089306384
23,no_history,4,DE,edge,0.1,1,0.5,1468,0.06484955500816299,True,1.8011999782174826
23,no_history,5,DE,node,0.1,0,0.15,1545,0.049853709632155824,True,0.6947999936528504
23,no_history,5,DE,edge,0.1,0,0.35,733,0.11606452322755616,False,1.844200014602393
23,no_history,5,DE,edge,0.1,1,0.5,1468,0.06484955500816299,True,1.9388000073377043
23,no_history,6,DE,node,0.2,0,0.15,1545,0.049853709632155824,True,0.7138000219129026
23,no_history,6,DE,edge,0.2,0,0.25,371,0.12192367585397618,True,1.9112000009045005
23,no_history,7,DE,node,0.2,0,0.15,1545,0.049853709632155824,True,0.6134000141173601
23,no_history,7,DE,edge,0.2,0,0.25,371,0.12192367585397618,True,1.587799983099103
23,no_history,8,FR,node,0.05,0,0.15,2265,0.041174432166636896,True,0.979200005531311
23,no_history,8,FR,edge,0.05,0,0.75,7633,0.02614912419081335,True,1.9260999979451299
23,no_history,9,FR,node,0.05,0,0.15,2265,0.041174432166636896,True,1.0989999864250422
23,no_history,9,FR,edge,0.05,0,0.75,7633,0.02614912419081335,True,2.64170000446029
23,no_history,10,FR,node,0.2,0,0.15,2265,0.041174432166636896,True,0.916499993763864
23,no_history,10,FR,edge,0.2,0,0.25,843,0.0808837382625562,True,1.7607000190764666
23,no_history,11,DE,node,0.2,0,0.15,1545,0.049853709632155824,True,0.7721000001765788
23,no_history,11,DE,edge,0.2,0,0.25,371,0.12192367585397618,True,1.9116999756079167
24,joint_no_history,0,FR,node,0.2,0,0.15,2288,0.1119327347977093,True,0.9265000117011368
24,joint_no_history,0,FR,edge,0.2,0,0.25,867,0.14732292937050512,True,2.7883000147994608
24,joint_no_history,1,DE,node,0.2,0,0.15,1482,0.1390788282409492,True,0.7217999955173582
24,joint_no_history,1,DE,edge,0.2,0,0.25,378,0.2231176847058463,False,1.875999994808808
24,joint_no_history,1,DE,edge,0.2,1,0.35,714,0.19343521376288556,True,1.87569999252446
24,joint_no_history,2,FR,node,0.05,0,0.35,5255,0.04354489474090454,True,0.8717000018805265
24,joint_no_history,2,FR,edge,0.05,0,1.0,13428,0.0,True,1.2615999730769545
24,joint_no_history,3,DE,node,0.05,0,0.35,3494,0.05340256962899619,False,0.7991000020410866
24,joint_no_history,3,DE,node,0.05,1,0.5,4961,0.03563715156640932,True,0.7943999953567982
24,joint_no_history,3,DE,edge,0.05,0,1.0,5833,0.0,True,1.0282000002916902
24,joint_no_history,4,FR,node,0.1,0,0.25,3768,0.06755947051795212,True,0.9591999987605959
24,joint_no_history,4,FR,edge,0.1,0,0.75,7481,0.04272095137510899,True,2.254399994853884
24,joint_no_history,5,DE,node,0.1,0,0.25,2499,0.08295805404720856,True,0.7024000224191695
24,joint_no_history,5,DE,edge,0.1,0,0.75,3231,0.0650058234515276,True,1.8746999849099666
24,joint_no_history,6,DE,node,0.2,0,0.15,1482,0.1390788282409492,True,0.7055000169202685
24,joint_no_history,6,DE,edge,0.2,0,0.25,378,0.2231176847058463,False,1.799000019673258
24,joint_no_history,6,DE,edge,0.2,1,0.35,714,0.19343521376288556,True,1.7365999810863286
24,joint_no_history,7,DE,node,0.2,0,0.15,1482,0.1390788282409492,True,0.7328999927267432
24,joint_no_history,7,DE,edge,0.2,0,0.25,378,0.2231176847058463,False,2.154999994672835
24,joint_no_history,7,DE,edge,0.2,1,0.35,714,0.19343521376288556,True,2.0290999964345247
24,joint_no_history,8,DE,node,0.05,0,0.35,3494,0.05340256962899619,False,0.6797999958507717
24,joint_no_history,8,DE,node,0.05,1,0.5,4961,0.03563715156640932,True,0.6643999950028956
24,joint_no_history,8,DE,edge,0.05,0,1.0,5833,0.0,True,0.8935000223573297
24,joint_no_history,9,FR,node,0.05,0,0.35,5255,0.04354489474090454,True,0.8883000118657947
24,joint_no_history,9,FR,edge,0.05,0,1.0,13428,0.0,True,1.0970000002998859
24,joint_no_history,10,FR,node,0.2,0,0.15,2288,0.1119327347977093,True,1.0096000041812658
24,joint_no_history,10,FR,edge,0.2,0,0.25,867,0.14732292937050512,True,2.3538999957963824
24,joint_no_history,11,DE,node,0.2,0,0.15,1482,0.1390788282409492,True,0.7891000132076442
24,joint_no_history,11,DE,edge,0.2,0,0.25,378,0.2231176847058463,False,1.8975000130012631
24,joint_no_history,11,DE,edge,0.2,1,0.35,714,0.19343521376288556,True,2.0908000005874783
24,no_history,0,FR,node,0.2,0,0.15,2288,0.0409669575327577,True,0.8647000067867339
24,no_history,0,FR,edge,0.2,0,0.25,867,0.07975638364112589,True,1.7718000162858516
24,no_history,1,DE,node,0.2,0,0.15,1482,0.050902325048608296,True,0.7311000081244856
24,no_history,1,DE,edge,0.2,0,0.25,378,0.12078947747343609,True,1.6229000175371766
24,no_history,2,FR,node,0.05,0,0.15,2288,0.0409669575327577,True,0.825399998575449
24,no_history,2,FR,edge,0.05,0,0.75,7481,0.026413439119044577,True,1.7877000209409744
24,no_history,3,DE,node,0.05,0,0.15,1482,0.050902325048608296,False,1.2524999910965562
24,no_history,3,DE,node,0.05,1,0.25,2499,0.03494616636196711,True,0.9445000032428652
24,no_history,3,DE,edge,0.05,0,0.75,3231,0.04019169294812793,True,2.525999996578321
24,no_history,4,FR,node,0.1,0,0.15,2288,0.0409669575327577,True,0.9352999913971871
24,no_history,4,FR,edge,0.1,0,0.35,1668,0.0769402256919197,True,2.0129999902565032
24,no_history,5,DE,node,0.1,0,0.15,1482,0.050902325048608296,True,0.8206999918911606
24,no_history,5,DE,edge,0.1,0,0.35,714,0.11759866001378666,False,2.0923000120092183
24,no_history,5,DE,edge,0.1,1,0.5,1433,0.06563672945865412,True,1.8699999782256782
24,no_history,6,DE,node,0.2,0,0.15,1482,0.050902325048608296,True,0.70369997411035
24,no_history,6,DE,edge,0.2,0,0.25,378,0.12078947747343609,True,1.7463999975007027
24,no_history,7,DE,node,0.2,0,0.15,1482,0.050902325048608296,True,0.6744000129401684
24,no_history,7,DE,edge,0.2,0,0.25,378,0.12078947747343609,True,1.707999996142462
24,no_history,8,DE,node,0.05,0,0.15,1482,0.050902325048608296,False,0.6671000155620277
24,no_history,8,DE,node,0.05,1,0.25,2499,0.03494616636196711,True,0.6565999938175082
24,no_history,8,DE,edge,0.05,0,0.75,3231,0.04019169294812793,True,1.6568999853916466
24,no_history,9,FR,node,0.05,0,0.15,2288,0.0409669575327577,True,1.6142000094987452
24,no_history,9,FR,edge,0.05,0,0.75,7481,0.026413439119044577,True,1.943000010214746
24,no_history,10,FR,node,0.2,0,0.15,2288,0.0409669575327577,True,0.762699986808002
24,no_history,10,FR,edge,0.2,0,0.25,867,0.07975638364112589,True,2.108899992890656
24,no_history,11,DE,node,0.2,0,0.15,1482,0.050902325048608296,True,0.6435000104829669
24,no_history,11,DE,edge,0.2,0,0.25,378,0.12078947747343609,True,1.6191999893635511
25,no_history,0,DE,node,0.2,0,0.15,1489,0.05078253457314689,True,0.6609000265598297
25,no_history,0,DE,edge,0.2,0,0.25,390,0.1189166589677416,True,2.202000003308058
25,no_history,1,FR,node,0.2,0,0.15,2259,0.04122907642713427,True,0.7098999922163785
25,no_history,1,FR,edge,0.2,0,0.25,875,0.07939094582575566,True,3.300600015791133
25,no_history,2,DE,node,0.05,0,0.15,1489,0.05078253457314689,False,0.9238999919034541
25,no_history,2,DE,node,0.05,1,0.25,2474,0.035122289674701684,True,0.907599984202534
25,no_history,2,DE,edge,0.05,0,0.75,3272,0.039939086872331886,True,2.0981999987270683
25,no_history,3,FR,node,0.05,0,0.15,2259,0.04122907642713427,True,0.9384999866597354
25,no_history,3,FR,edge,0.05,0,0.75,7740,0.0259677486319656,True,2.044400025624782
25,no_history,4,DE,node,0.1,0,0.15,1489,0.05078253457314689,True,0.7848999812267721
25,no_history,4,DE,edge,0.1,0,0.35,738,0.11567068251530838,False,2.2438000014517456
25,no_history,4,DE,edge,0.1,1,0.5,1485,0.06447729380836675,True,2.0226999768055975
25,no_history,5,DE,node,0.1,0,0.15,1489,0.05078253457314689,True,0.6343999993987381
25,no_history,5,DE,edge,0.1,0,0.35,738,0.11567068251530838,False,1.8921000009868294
25,no_history,5,DE,edge,0.1,1,0.5,1485,0.06447729380836675,True,1.682299975072965
25,no_history,6,FR,node,0.2,0,0.15,2259,0.04122907642713427,True,1.0298999841324985
25,no_history,6,FR,edge,0.2,0,0.25,875,0.07939094582575566,True,1.9462999771349132
25,no_history,7,DE,node,0.2,0,0.15,1489,0.05078253457314689,True,1.1612999951466918
25,no_history,7,DE,edge,0.2,0,0.25,390,0.1189166589677416,True,1.7723999917507172
25,no_history,8,FR,node,0.05,0,0.15,2259,0.04122907642713427,True,0.7798000006005168
25,no_history,8,FR,edge,0.05,0,0.75,7740,0.0259677486319656,True,3.2816000166349113
25,no_history,9,FR,node,0.05,0,0.15,2259,0.04122907642713427,True,1.174800010630861
25,no_history,9,FR,edge,0.05,0,0.75,7740,0.0259677486319656,True,2.395899995462969
25,no_history,10,DE,node,0.2,0,0.15,1489,0.05078253457314689,True,0.8225000055972487
25,no_history,10,DE,edge,0.2,0,0.25,390,0.1189166589677416,True,3.265600011218339
25,no_history,11,FR,node,0.2,0,0.15,2259,0.04122907642713427,True,0.9038000134751201
25,no_history,11,FR,edge,0.2,0,0.25,875,0.07939094582575566,True,1.9868000235874206
25,joint_no_history,0,DE,node,0.2,0,0.15,1489,0.13875152847722153,True,0.823500013211742
25,joint_no_history,0,DE,edge,0.2,0,0.25,390,0.2196582862747478,False,1.7108000174630433
25,joint_no_history,0,DE,edge,0.2,1,0.35,738,0.19026392984260568,True,1.726199989207089
25,joint_no_history,1,FR,node,0.2,0,0.15,2259,0.11264891404207376,True,0.8265000069513917
25,joint_no_history,1,FR,edge,0.2,0,0.25,875,0.1466479066700609,True,3.556300012860447
25,joint_no_history,2,DE,node,0.05,0,0.35,3427,0.05392206965146943,False,0.6903000175952911
25,joint_no_history,2,DE,node,0.05,1,0.5,4889,0.03589860554171835,True,0.6433000089600682
25,joint_no_history,2,DE,edge,0.05,0,1.0,5833,0.0,True,0.7996000058483332
25,joint_no_history,3,FR,node,0.05,0,0.35,5291,0.04339650201374734,True,0.7788999937474728
25,joint_no_history,3,FR,edge,0.05,0,1.0,13428,0.0,True,1.0102000087499619
25,joint_no_history,4,DE,node,0.1,0,0.25,2474,0.08337614990200051,True,0.752199994167313
25,joint_no_history,4,DE,edge,0.1,0,0.75,3272,0.06459725977178478,True,1.9815000123344362
25,joint_no_history,5,DE,node,0.1,0,0.25,2474,0.08337614990200051,True,0.7041000062599778
25,joint_no_history,5,DE,edge,0.1,0,0.75,3272,0.06459725977178478,True,3.349000005982816
25,joint_no_history,6,FR,node,0.2,0,0.15,2259,0.11264891404207376,True,0.9503000183030963
25,joint_no_history,6,FR,edge,0.2,0,0.25,875,0.1466479066700609,True,3.5436000034678727
25,joint_no_history,7,DE,node,0.2,0,0.15,1489,0.13875152847722153,True,0.7610000029671937
25,joint_no_history,7,DE,edge,0.2,0,0.25,390,0.2196582862747478,False,1.6540000215172768
25,joint_no_history,7,DE,edge,0.2,1,0.35,738,0.19026392984260568,True,2.0106000010855496
25,joint_no_history,8,FR,node,0.05,0,0.35,5291,0.04339650201374734,True,1.3264000008348376
25,joint_no_history,8,FR,edge,0.05,0,1.0,13428,0.0,True,2.3947000154294074
25,joint_no_history,9,FR,node,0.05,0,0.35,5291,0.04339650201374734,True,0.7332999957725406
25,joint_no_history,9,FR,edge,0.05,0,1.0,13428,0.0,True,1.3253999932203442
25,joint_no_history,10,DE,node,0.2,0,0.15,1489,0.13875152847722153,True,0.9185999806504697
25,joint_no_history,10,DE,edge,0.2,0,0.25,390,0.2196582862747478,False,2.1100000012665987
25,joint_no_history,10,DE,edge,0.2,1,0.35,738,0.19026392984260568,True,1.9096999894827604
25,joint_no_history,11,FR,node,0.2,0,0.15,2259,0.11264891404207376,True,0.8656999852973968
25,joint_no_history,11,FR,edge,0.2,0,0.25,875,0.1466479066700609,True,1.8675999890547246
26,joint_no_history,0,DE,node,0.2,0,0.15,1494,0.13851915261747885,True,0.7937999907881021
26,joint_no_history,0,DE,edge,0.2,0,0.25,383,0.2216565184661102,False,1.8878999981097877
26,joint_no_history,0,DE,edge,0.2,1,0.35,745,0.18936796286656774,True,2.012699987972155
26,joint_no_history,1,FR,node,0.2,0,0.15,2310,0.11139844661679252,True,0.8760999771766365
26,joint_no_history,1,FR,edge,0.2,0,0.25,901,0.14451652131403647,True,2.032599993981421
26,joint_no_history,2,DE,node,0.05,0,0.35,3403,0.05411188098522221,False,0.7594999915454537
26,joint_no_history,2,DE,node,0.05,1,0.5,4873,0.03595749195495693,True,0.7340000011026859
26,joint_no_history,2,DE,edge,0.05,0,1.0,5833,0.0,True,1.601299998583272
26,joint_no_history,3,DE,node,0.05,0,0.35,3403,0.05411188098522221,False,0.6862999871373177
26,joint_no_history,3,DE,node,0.05,1,0.5,4873,0.03595749195495693,True,0.6641999934799969
26,joint_no_history,3,DE,edge,0.05,0,1.0,5833,0.0,True,0.9300000092480332
26,joint_no_history,4,DE,node,0.1,0,0.25,2458,0.08364707230534339,True,0.682699988828972
26,joint_no_history,4,DE,edge,0.1,0,0.75,3363,0.06371729192216935,True,2.0898000220768154
26,joint_no_history,5,FR,node,0.1,0,0.25,3806,0.06722135962697588,True,0.8459000091534108
26,joint_no_history,5,FR,edge,0.1,0,0.75,7708,0.042087186074819864,True,1.9842000037897378
26,joint_no_history,6,FR,node,0.2,0,0.15,2310,0.11139844661679252,True,1.508999994257465
26,joint_no_history,6,FR,edge,0.2,0,0.25,901,0.14451652131403647,True,1.8610999977681786
26,joint_no_history,7,DE,node,0.2,0,0.15,1494,0.13851915261747885,True,0.6246000120881945
26,joint_no_history,7,DE,edge,0.2,0,0.25,383,0.2216565184661102,False,2.644799998961389
26,joint_no_history,7,DE,edge,0.2,1,0.35,745,0.18936796286656774,True,2.3193999950308353
26,joint_no_history,8,FR,node,0.05,0,0.35,5317,0.0432902680673381,True,0.9953000117093325
26,joint_no_history,8,FR,edge,0.05,0,1.0,13428,0.0,True,1.2251999869477004
26,joint_no_history,9,DE,node,0.05,0,0.35,3403,0.05411188098522221,False,0.8067000017035753
26,joint_no_history,9,DE,node,0.05,1,0.5,4873,0.03595749195495693,True,0.8594999962951988
26,joint_no_history,9,DE,edge,0.05,0,1.0,5833,0.0,True,1.0271999926771969
26,joint_no_history,10,DE,node,0.2,0,0.15,1494,0.13851915261747885,True,0.729600025806576
26,joint_no_history,10,DE,edge,0.2,0,0.25,383,0.2216565184661102,False,1.873200002592057
26,joint_no_history,10,DE,edge,0.2,1,0.35,745,0.18936796286656774,True,1.8124000052921474
26,joint_no_history,11,DE,node,0.2,0,0.15,1494,0.13851915261747885,True,0.7108999998308718
26,joint_no_history,11,DE,edge,0.2,0,0.25,383,0.2216565184661102,False,1.7721999902278185
26,joint_no_history,11,DE,edge,0.2,1,0.35,745,0.18936796286656774,True,1.7834999889601022
26,no_history,0,DE,node,0.2,0,0.15,1494,0.05069748588747937,True,1.531499990960583
26,no_history,0,DE,edge,0.2,0,0.25,383,0.11999844422642013,True,1.9420000026002526
26,no_history,1,FR,node,0.2,0,0.15,2310,0.04077141007957138,True,0.7761999731883407
26,no_history,1,FR,edge,0.2,0,0.25,901,0.07823707528524634,True,1.8457999976817518
26,no_history,2,DE,node,0.05,0,0.15,1494,0.05069748588747937,False,0.7393999840132892
26,no_history,2,DE,node,0.05,1,0.25,2458,0.03523641601827547,True,0.6341000262182206
26,no_history,2,DE,edge,0.05,0,0.75,3363,0.039395021806494526,True,1.723699999274686
26,no_history,3,DE,node,0.05,0,0.15,1494,0.05069748588747937,False,0.6514999840874225
26,no_history,3,DE,node,0.05,1,0.25,2458,0.03523641601827547,True,0.6386000022757798
26,no_history,3,DE,edge,0.05,0,0.75,3363,0.039395021806494526,True,1.545200007967651
26,no_history,4,DE,node,0.1,0,0.15,1494,0.05069748588747937,True,1.209999987622723
26,no_history,4,DE,edge,0.1,0,0.35,745,0.11512598068078189,False,4.0043000190053135
26,no_history,4,DE,edge,0.1,1,0.5,1486,0.06445559524009005,True,1.958799985004589
26,no_history,5,FR,node,0.1,0,0.15,2310,0.04077141007957138,True,0.9768000163603574
26,no_history,5,FR,edge,0.1,0,0.35,1706,0.07607850427169816,True,2.1658000187017024
26,no_history,6,FR,node,0.2,0,0.15,2310,0.04077141007957138,True,0.9591999987605959
26,no_history,6,FR,edge,0.2,0,0.25,901,0.07823707528524634,True,2.2969999990891665
26,no_history,7,DE,node,0.2,0,0.15,1494,0.05069748588747937,True,1.236799987964332
26,no_history,7,DE,edge,0.2,0,0.25,383,0.11999844422642013,True,2.027999988058582
26,no_history,8,FR,node,0.05,0,0.15,2310,0.04077141007957138,True,0.9226000111084431
26,no_history,8,FR,edge,0.05,0,0.75,7708,0.02602159575797413,True,2.4043000012170523
26,no_history,9,DE,node,0.05,0,0.15,1494,0.05069748588747937,False,0.8833000028971583
26,no_history,9,DE,node,0.05,1,0.25,2458,0.03523641601827547,True,0.7979999936651438
26,no_history,9,DE,edge,0.05,0,0.75,3363,0.039395021806494526,True,1.9950999994762242
26,no_history,10,DE,node,0.2,0,0.15,1494,0.05069748588747937,True,1.8082000024151057
26,no_history,10,DE,edge,0.2,0,0.25,383,0.11999844422642013,True,2.5736999814398587
26,no_history,11,DE,node,0.2,0,0.15,1494,0.05069748588747937,True,0.6093000120017678
26,no_history,11,DE,edge,0.2,0,0.25,383,0.11999844422642013,True,3.127899981336668
27,joint_no_history,0,DE,node,0.2,0,0.15,1515,0.13755576877781744,True,1.0710000060498714
27,joint_no_history,0,DE,edge,0.2,0,0.25,364,0.22736792727355018,False,1.959699991857633
27,joint_no_history,0,DE,edge,0.2,1,0.35,705,0.1946659910608631,True,1.73789999098517
27,joint_no_history,1,FR,node,0.2,0,0.15,2238,0.11317619368587702,True,0.7080000068526715
27,joint_no_history,1,FR,edge,0.2,0,0.25,822,0.15130176202763373,True,2.5384000036865473
27,joint_no_history,2,DE,node,0.05,0,0.35,3456,0.05369535751734342,False,0.769199978094548
27,joint_no_history,2,DE,node,0.05,1,0.5,4938,0.0357200497301052,True,0.7106999983079731
27,joint_no_history,2,DE,edge,0.05,0,1.0,5833,0.0,True,1.30969999008812
27,joint_no_history,3,DE,node,0.05,0,0.35,3456,0.05369535751734342,False,0.6285999843385071
27,joint_no_history,3,DE,node,0.05,1,0.5,4938,0.0357200497301052,True,0.6078000005800277
27,joint_no_history,3,DE,edge,0.05,0,1.0,5833,0.0,True,0.8380000072065741
27,joint_no_history,4,DE,node,0.1,0,0.25,2494,0.08304117004245488,True,0.6122000049799681
27,joint_no_history,4,DE,edge,0.1,0,0.75,3293,0.06439095668916166,True,1.7472999752499163
27,joint_no_history,5,DE,node,0.1,0,0.25,2494,0.08304117004245488,True,0.6565999938175082
27,joint_no_history,5,DE,edge,0.1,0,0.75,3293,0.06439095668916166,True,2.2738999978173524
27,joint_no_history,6,DE,node,0.2,0,0.15,1515,0.13755576877781744,True,0.689799984684214
27,joint_no_history,6,DE,edge,0.2,0,0.25,364,0.22736792727355018,False,2.581700013251975
27,joint_no_history,6,DE,edge,0.2,1,0.35,705,0.1946659910608631,True,2.81949999043718
27,joint_no_history,7,DE,node,0.2,0,0.15,1515,0.13755576877781744,True,0.6275000050663948
27,joint_no_history,7,DE,edge,0.2,0,0.25,364,0.22736792727355018,False,1.5929000219330192
27,joint_no_history,7,DE,edge,0.2,1,0.35,705,0.1946659910608631,True,1.5580000181216747
27,joint_no_history,8,FR,node,0.05,0,0.35,5230,0.04364884546113596,True,0.7690000056754798
27,joint_no_history,8,FR,edge,0.05,0,1.0,13428,0.0,True,0.9323999984189868
27,joint_no_history,9,FR,node,0.05,0,0.35,5230,0.04364884546113596,True,0.9405000018887222
27,joint_no_history,9,FR,edge,0.05,0,1.0,13428,0.0,True,2.6855000178329647
27,joint_no_history,10,DE,node,0.2,0,0.15,1515,0.13755576877781744,True,1.153699995484203
27,joint_no_history,10,DE,edge,0.2,0,0.25,364,0.22736792727355018,False,2.276800019899383
27,joint_no_history,10,DE,edge,0.2,1,0.35,705,0.1946659910608631,True,2.1653999865520746
27,joint_no_history,11,DE,node,0.2,0,0.15,1515,0.13755576877781744,True,0.747200014302507
27,joint_no_history,11,DE,edge,0.2,0,0.25,364,0.22736792727355018,False,1.7358999757561833
27,joint_no_history,11,DE,edge,0.2,1,0.35,705,0.1946659910608631,True,1.703000016277656
27,no_history,0,DE,node,0.2,0,0.15,1515,0.05034489104631445,True,0.6915000267326832
27,no_history,0,DE,edge,0.2,0,0.25,364,0.12309043617854788,True,1.6876999870873988
27,no_history,1,FR,node,0.2,0,0.15,2238,0.04142205878224794,True,0.7270000060088933
27,no_history,1,FR,edge,0.2,0,0.25,822,0.0819104088509268,True,2.124100021319464
27,no_history,2,DE,node,0.05,0,0.15,1515,0.05034489104631445,False,0.6904999900143594
27,no_history,2,DE,node,0.05,1,0.25,2494,0.03498117906122312,True,0.6834999949205667
27,no_history,2,DE,edge,0.05,0,0.75,3293,0.039811534143810216,True,1.7149999912362546
27,no_history,3,DE,node,0.05,0,0.15,1515,0.05034489104631445,False,0.667500018607825
27,no_history,3,DE,node,0.05,1,0.25,2494,0.03498117906122312,True,0.655200012261048
27,no_history,3,DE,edge,0.05,0,0.75,3293,0.039811534143810216,True,2.7698999911081046
27,no_history,4,DE,node,0.1,0,0.15,1515,0.05034489104631445,True,0.8057000231929123
27,no_history,4,DE,edge,0.1,0,0.35,705,0.11834690930202106,False,2.2409000084735453
27,no_history,4,DE,edge,0.1,1,0.5,1482,0.0645425212340588,True,2.128500025719404
27,no_history,5,DE,node,0.1,0,0.15,1515,0.05034489104631445,True,0.6690000009257346
27,no_history,5,DE,edge,0.1,0,0.35,705,0.11834690930202106,False,1.6442000051029027
27,no_history,5,DE,edge,0.1,1,0.5,1482,0.0645425212340588,True,1.6861999756656587
27,no_history,6,DE,node,0.2,0,0.15,1515,0.05034489104631445,True,0.5698000022675842
27,no_history,6,DE,edge,0.2,0,0.25,364,0.12309043617854788,True,1.7472000035922974
27,no_history,7,DE,node,0.2,0,0.15,1515,0.05034489104631445,True,0.6986999942455441
27,no_history,7,DE,edge,0.2,0,0.25,364,0.12309043617854788,True,1.6691999917384237
27,no_history,8,FR,node,0.05,0,0.15,2238,0.04142205878224794,True,0.7772999815642834
27,no_history,8,FR,edge,0.05,0,0.75,7563,0.02626985820744671,True,2.100299985613674
27,no_history,9,FR,node,0.05,0,0.15,2238,0.04142205878224794,True,0.9546000219415873
27,no_history,9,FR,edge,0.05,0,0.75,7563,0.02626985820744671,True,2.1672000002581626
27,no_history,10,DE,node,0.2,0,0.15,1515,0.05034489104631445,True,0.7909999985713512
27,no_history,10,DE,edge,0.2,0,0.25,364,0.12309043617854788,True,3.1962000066414475
27,no_history,11,DE,node,0.2,0,0.15,1515,0.05034489104631445,True,0.7536000048276037
27,no_history,11,DE,edge,0.2,0,0.25,364,0.12309043617854788,True,1.8638999899849296
28,joint_no_history,0,DE,node,0.2,0,0.15,1443,0.14094574168473933,True,0.6972999835852534
28,joint_no_history,0,DE,edge,0.2,0,0.25,377,0.2234134007861977,False,2.0674000261351466
28,joint_no_history,0,DE,edge,0.2,1,0.35,720,0.1926275475474128,True,1.8020000134129077
28,joint_no_history,1,FR,node,0.2,0,0.15,2272,0.11232617268846405,True,0.759299990022555
28,joint_no_history,1,FR,edge,0.2,0,0.25,849,0.1488764654349071,True,1.8937999848276377
28,joint_no_history,2,FR,node,0.05,0,0.35,5202,0.043766158753230235,True,0.891200004843995
28,joint_no_history,2,FR,edge,0.05,0,1.0,13428,0.0,True,0.9734999912325293
28,joint_no_history,3,DE,node,0.05,0,0.35,3430,0.053898483412977954,False,0.6398999830707908
28,joint_no_history,3,DE,node,0.05,1,0.5,4868,0.035975953470757105,True,0.5998000269755721
28,joint_no_history,3,DE,edge,0.05,0,1.0,5833,0.0,True,1.3765000039711595
28,joint_no_history,4,DE,node,0.1,0,0.25,2465,0.08352821920438286,True,0.8699999889358878
28,joint_no_history,4,DE,edge,0.1,0,0.75,3233,0.0649857133741859,True,2.6560999976936728
28,joint_no_history,5,FR,node,0.1,0,0.25,3731,0.06789363476637389,True,1.6945000097621232
28,joint_no_history,5,FR,edge,0.1,0,0.75,7520,0.042610028308943004,True,2.660700003616512
28,joint_no_history,6,DE,node,0.2,0,0.15,1443,0.14094574168473933,True,0.7501000072807074
28,joint_no_history,6,DE,edge,0.2,0,0.25,377,0.2234134007861977,False,1.9783000170718879
28,joint_no_history,6,DE,edge,0.2,1,0.35,720,0.1926275475474128,True,1.6233999922405928
28,joint_no_history,7,FR,node,0.2,0,0.15,2272,0.11232617268846405,True,1.424399990355596
28,joint_no_history,7,FR,edge,0.2,0,0.25,849,0.1488764654349071,True,3.028000006452203
28,joint_no_history,8,DE,node,0.05,0,0.35,3430,0.053898483412977954,False,0.5844999977853149
28,joint_no_history,8,DE,node,0.05,1,0.5,4868,0.035975953470757105,True,0.5717999883927405
28,joint_no_history,8,DE,edge,0.05,0,1.0,5833,0.0,True,0.7880000048317015
28,joint_no_history,9,DE,node,0.05,0,0.35,3430,0.053898483412977954,False,0.6596000166609883
28,joint_no_history,9,DE,node,0.05,1,0.5,4868,0.035975953470757105,True,0.6950999959371984
28,joint_no_history,9,DE,edge,0.05,0,1.0,5833,0.0,True,0.9394999942742288
28,joint_no_history,10,DE,node,0.2,0,0.15,1443,0.14094574168473933,True,0.7065999961923808
28,joint_no_history,10,DE,edge,0.2,0,0.25,377,0.2234134007861977,False,1.875399990240112
28,joint_no_history,10,DE,edge,0.2,1,0.35,720,0.1926275475474128,True,1.9552999874576926
28,joint_no_history,11,FR,node,0.2,0,0.15,2272,0.11232617268846405,True,0.8618000138085335
28,joint_no_history,11,FR,edge,0.2,0,0.25,849,0.1488764654349071,True,2.8623999969568104
28,no_history,0,DE,node,0.2,0,0.15,1443,0.05158560830714126,True,0.6638999911956489
28,no_history,0,DE,edge,0.2,0,0.25,377,0.12094956962782191,True,1.8780000100377947
28,no_history,1,FR,node,0.2,0,0.15,2272,0.04111095431253313,True,0.908799993339926
28,no_history,1,FR,edge,0.2,0,0.25,849,0.08059742324631293,True,1.6835999849718064
28,no_history,2,FR,node,0.05,0,0.15,2272,0.04111095431253313,True,0.8155999821610749
28,no_history,2,FR,edge,0.05,0,0.75,7520,0.02634485778925752,True,3.2412000000476837
28,no_history,3,DE,node,0.05,0,0.15,1443,0.05158560830714126,False,0.8059999963734299
28,no_history,3,DE,node,0.05,1,0.25,2465,0.035186349026149075,True,0.765799981309101
28,no_history,3,DE,edge,0.05,0,0.75,3233,0.04017925932278845,True,2.0533000060822815
28,no_history,4,DE,node,0.1,0,0.15,1443,0.05158560830714126,True,0.759599992306903
28,no_history,4,DE,edge,0.1,0,0.35,720,0.11710764049965398,False,1.9574000034481287
28,no_history,4,DE,edge,0.1,1,0.5,1429,0.06572852912513528,True,1.893200009362772
28,no_history,5,FR,node,0.1,0,0.15,2272,0.04111095431253313,True,0.9006000182125717
28,no_history,5,FR,edge,0.1,0,0.35,1586,0.07890415760140705,True,3.1729000038467348
28,no_history,6,DE,node,0.2,0,0.15,1443,0.05158560830714126,True,0.7190000033006072
28,no_history,6,DE,edge,0.2,0,0.25,377,0.12094956962782191,True,1.9477000168990344
28,no_history,7,FR,node,0.2,0,0.15,2272,0.04111095431253313,True,0.8591000223532319
28,no_history,7,FR,edge,0.2,0,0.25,849,0.08059742324631293,True,1.8449000199325383
28,no_history,8,DE,node,0.05,0,0.15,1443,0.05158560830714126,False,0.752799998736009
28,no_history,8,DE,node,0.05,1,0.25,2465,0.035186349026149075,True,0.760800001444295
28,no_history,8,DE,edge,0.05,0,0.75,3233,0.04017925932278845,True,1.8041000002995133
28,no_history,9,DE,node,0.05,0,0.15,1443,0.05158560830714126,False,0.9497999853920192
28,no_history,9,DE,node,0.05,1,0.25,2465,0.035186349026149075,True,0.7140000234358013
28,no_history,9,DE,edge,0.05,0,0.75,3233,0.04017925932278845,True,1.9704000151250511
28,no_history,10,DE,node,0.2,0,0.15,1443,0.05158560830714126,True,0.9165999945253134
28,no_history,10,DE,edge,0.2,0,0.25,377,0.12094956962782191,True,1.9508999830577523
28,no_history,11,FR,node,0.2,0,0.15,2272,0.04111095431253313,True,0.8636999991722405
28,no_history,11,FR,edge,0.2,0,0.25,849,0.08059742324631293,True,2.9986000154167414
29,no_history,0,DE,node,0.2,0,0.15,1442,0.05160349203390737,True,0.6400999845936894
29,no_history,0,DE,edge,0.2,0,0.25,374,0.1214336925888949,True,2.8864000050816685
29,no_history,1,DE,node,0.2,0,0.15,1442,0.05160349203390737,True,1.727399998344481
29,no_history,1,DE,edge,0.2,0,0.25,374,0.1214336925888949,True,1.8290999869350344
29,no_history,2,FR,node,0.05,0,0.15,2289,0.04095800789692556,True,0.7765000045765191
29,no_history,2,FR,edge,0.05,0,0.75,7694,0.026045259442020602,True,2.353300020331517
29,no_history,3,FR,node,0.05,0,0.15,2289,0.04095800789692556,True,0.968400010606274
29,no_history,3,FR,edge,0.05,0,0.75,7694,0.026045259442020602,True,2.263300004415214
29,no_history,4,DE,node,0.1,0,0.15,1442,0.05160349203390737,True,1.4059999957680702
29,no_history,4,DE,edge,0.1,0,0.35,657,0.12259388111122693,False,2.114100003382191
29,no_history,4,DE,edge,0.1,1,0.5,1433,0.06563672945865412,True,2.0229000074323267
29,no_history,5,DE,node,0.1,0,0.15,1442,0.05160349203390737,True,0.7719999994151294
29,no_history,5,DE,edge,0.1,0,0.35,657,0.12259388111122693,False,1.8826000159606338
29,no_history,5,DE,edge,0.1,1,0.5,1433,0.06563672945865412,True,1.9297999970149249
29,no_history,6,FR,node,0.2,0,0.15,2289,0.04095800789692556,True,0.9507999930065125
29,no_history,6,FR,edge,0.2,0,0.25,813,0.08236253965711261,True,2.1280999935697764
29,no_history,7,FR,node,0.2,0,0.15,2289,0.04095800789692556,True,1.1004000261891633
29,no_history,7,FR,edge,0.2,0,0.25,813,0.08236253965711261,True,2.19130000914447
29,no_history,8,FR,node,0.05,0,0.15,2289,0.04095800789692556,True,1.0041000205092132
29,no_history,8,FR,edge,0.05,0,0.75,7694,0.026045259442020602,True,2.4311000015586615
29,no_history,9,FR,node,0.05,0,0.15,2289,0.04095800789692556,True,1.0571999882813543
29,no_history,9,FR,edge,0.05,0,0.75,7694,0.026045259442020602,True,2.133700007107109
29,no_history,10,DE,node,0.2,0,0.15,1442,0.05160349203390737,True,1.101000001654029
29,no_history,10,DE,edge,0.2,0,0.25,374,0.1214336925888949,True,1.9557999912649393
29,no_history,11,DE,node,0.2,0,0.15,1442,0.05160349203390737,True,0.6367999885696918
29,no_history,11,DE,edge,0.2,0,0.25,374,0.1214336925888949,True,1.6681000124663115
29,joint_no_history,0,DE,node,0.2,0,0.15,1442,0.14099460483118376,True,0.66970000625588
29,joint_no_history,0,DE,edge,0.2,0,0.25,374,0.2243076541305033,False,1.8455999961588532
29,joint_no_history,0,DE,edge,0.2,1,0.35,657,0.20165173307239942,False,2.022899978328496
29,joint_no_history,0,DE,edge,0.2,2,0.5,1433,0.16493606519335552,True,2.2551000001840293
29,joint_no_history,1,DE,node,0.2,0,0.15,1442,0.14099460483118376,True,1.5435000241268426
29,joint_no_history,1,DE,edge,0.2,0,0.25,374,0.2243076541305033,False,2.1210999984759837
29,joint_no_history,1,DE,edge,0.2,1,0.35,657,0.20165173307239942,False,2.067099994746968
29,joint_no_history,1,DE,edge,0.2,2,0.5,1433,0.16493606519335552,True,1.8084999755956233
29,joint_no_history,2,FR,node,0.05,0,0.35,5183,0.043846305031753366,True,0.7877000025473535
29,joint_no_history,2,FR,edge,0.05,0,1.0,13428,0.0,True,1.0972000018227845
29,joint_no_history,3,FR,node,0.05,0,0.35,5183,0.043846305031753366,True,1.0464999941177666
29,joint_no_history,3,FR,edge,0.05,0,1.0,13428,0.0,True,1.1841999948956072
29,joint_no_history,4,DE,node,0.1,0,0.25,2382,0.08497101493633294,True,1.2835999950766563
29,joint_no_history,4,DE,edge,0.1,0,0.75,3277,0.06454796016926509,True,2.3530999897047877
29,joint_no_history,5,DE,node,0.1,0,0.25,2382,0.08497101493633294,True,0.7201999833341688
29,joint_no_history,5,DE,edge,0.1,0,0.75,3277,0.06454796016926509,True,1.8427000031806529
29,joint_no_history,6,FR,node,0.2,0,0.15,2289,0.11190828198806793,True,0.8609000069554895
29,joint_no_history,6,FR,edge,0.2,0,0.25,813,0.1521369206918688,True,2.128299995092675
29,joint_no_history,7,FR,node,0.2,0,0.15,2289,0.11190828198806793,True,0.8692000119481236
29,joint_no_history,7,FR,edge,0.2,0,0.25,813,0.1521369206918688,True,2.4458999978378415
29,joint_no_history,8,FR,node,0.05,0,0.35,5183,0.043846305031753366,True,0.9342000121250749
29,joint_no_history,8,FR,edge,0.05,0,1.0,13428,0.0,True,1.2024999887216836
29,joint_no_history,9,FR,node,0.05,0,0.35,5183,0.043846305031753366,True,0.9041000157594681
29,joint_no_history,9,FR,edge,0.05,0,1.0,13428,0.0,True,1.350599981378764
29,joint_no_history,10,DE,node,0.2,0,0.15,1442,0.14099460483118376,True,0.7611000037286431
29,joint_no_history,10,DE,edge,0.2,0,0.25,374,0.2243076541305033,False,1.945199997862801
29,joint_no_history,10,DE,edge,0.2,1,0.35,657,0.20165173307239942,False,1.9162999815307558
29,joint_no_history,10,DE,edge,0.2,2,0.5,1433,0.16493606519335552,True,1.870400010375306
29,joint_no_history,11,DE,node,0.2,0,0.15,1442,0.14099460483118376,True,0.8005000127013773
29,joint_no_history,11,DE,edge,0.2,0,0.25,374,0.2243076541305033,False,1.852500019595027
29,joint_no_history,11,DE,edge,0.2,1,0.35,657,0.20165173307239942,False,1.8352000042796135
29,joint_no_history,11,DE,edge,0.2,2,0.5,1433,0.16493606519335552,True,1.7629000067245215
30,joint_no_history,0,DE,node,0.2,0,0.15,1446,0.14079945649567738,True,0.9216000034939498
30,joint_no_history,0,DE,edge,0.2,0,0.25,367,0.2264367236584587,False,1.7542999994475394
30,joint_no_history,0,DE,edge,0.2,1,0.35,703,0.194942701919889,True,2.1348000154830515
30,joint_no_history,1,FR,node,0.2,0,0.15,2246,0.11297445342978393,True,1.6127999988384545
30,joint_no_history,1,FR,edge,0.2,0,0.25,817,0.1517640355216332,True,2.173799992306158
30,joint_no_history,2,FR,node,0.05,0,0.35,5188,0.04382517122562285,True,0.7941000221762806
30,joint_no_history,2,FR,edge,0.05,0,1.0,13428,0.0,True,1.2372999917715788
30,joint_no_history,3,FR,node,0.05,0,0.35,5188,0.04382517122562285,True,0.7686000026296824
30,joint_no_history,3,FR,edge,0.05,0,1.0,13428,0.0,True,1.0228999890387058
30,joint_no_history,4,FR,node,0.1,0,0.25,3729,0.06791183925383508,True,0.9284000261686742
30,joint_no_history,4,FR,edge,0.1,0,0.75,7512,0.042632711317368295,True,4.398099990794435
30,joint_no_history,5,DE,node,0.1,0,0.25,2415,0.08438847072627098,True,0.7760000007692724
30,joint_no_history,5,DE,edge,0.1,0,0.75,3268,0.06463678088883267,True,1.9063000218011439
30,joint_no_history,6,DE,node,0.2,0,0.15,1446,0.14079945649567738,True,0.7197000086307526
30,joint_no_history,6,DE,edge,0.2,0,0.25,367,0.2264367236584587,False,1.7754999862518162
30,joint_no_history,6,DE,edge,0.2,1,0.35,703,0.194942701919889,True,1.7530999903101474
30,joint_no_history,7,FR,node,0.2,0,0.15,2246,0.11297445342978393,True,0.8338000043295324
30,joint_no_history,7,FR,edge,0.2,0,0.25,817,0.1517640355216332,True,2.4741000088397413
30,joint_no_history,8,DE,node,0.05,0,0.35,3401,0.054127789226337666,False,0.8145000028889626
30,joint_no_history,8,DE,node,0.05,1,0.5,4928,0.035756273296588315,True,0.7182999979704618
30,joint_no_history,8,DE,edge,0.05,0,1.0,5833,0.0,True,0.8855999913066626
30,joint_no_history,9,FR,node,0.05,0,0.35,5188,0.04382517122562285,True,0.8228000078815967
30,joint_no_history,9,FR,edge,0.05,0,1.0,13428,0.0,True,1.0577000211924314
30,joint_no_history,10,FR,node,0.2,0,0.15,2246,0.11297445342978393,True,0.9228000126313418
30,joint_no_history,10,FR,edge,0.2,0,0.25,817,0.1517640355216332,True,1.9868999952450395
30,joint_no_history,11,DE,node,0.2,0,0.15,1446,0.14079945649567738,True,0.7058999908622354
30,joint_no_history,11,DE,edge,0.2,0,0.25,367,0.2264367236584587,False,3.6504999734461308
30,joint_no_history,11,DE,edge,0.2,1,0.35,703,0.194942701919889,True,2.2560000070370734
30,no_history,0,DE,node,0.2,0,0.15,1446,0.05153206848129136,True,0.8533000072930008
30,no_history,0,DE,edge,0.2,0,0.25,367,0.12258630940690016,True,1.8392000056337565
30,no_history,1,FR,node,0.2,0,0.15,2246,0.04134822261163217,True,1.1406000121496618
30,no_history,1,FR,edge,0.2,0,0.25,817,0.08216067038381979,True,1.950100006069988
30,no_history,2,FR,node,0.05,0,0.15,2246,0.04134822261163217,True,1.1655999987851828
30,no_history,2,FR,edge,0.05,0,0.75,7512,0.026358882202169524,True,2.4443999864161015
30,no_history,3,FR,node,0.05,0,0.15,2246,0.04134822261163217,True,0.8892000187188387
30,no_history,3,FR,edge,0.05,0,0.75,7512,0.026358882202169524,True,1.9122000085189939
30,no_history,4,FR,node,0.1,0,0.15,2246,0.04134822261163217,True,0.9277999924961478
30,no_history,4,FR,edge,0.1,0,0.35,1591,0.07878007487389935,True,2.2584999969694763
30,no_history,5,DE,node,0.1,0,0.15,1446,0.05153206848129136,True,0.7804000051692128
30,no_history,5,DE,edge,0.1,0,0.35,703,0.11851513527080769,False,3.6028000176884234
30,no_history,5,DE,edge,0.1,1,0.5,1465,0.06491591991211494,True,2.9858000052627176
30,no_history,6,DE,node,0.2,0,0.15,1446,0.05153206848129136,True,0.7444999937433749
30,no_history,6,DE,edge,0.2,0,0.25,367,0.12258630940690016,True,1.9115999748464674
30,no_history,7,FR,node,0.2,0,0.15,2246,0.04134822261163217,True,0.8776999893598258
30,no_history,7,FR,edge,0.2,0,0.25,817,0.08216067038381979,True,2.1548999939113855
30,no_history,8,DE,node,0.05,0,0.15,1446,0.05153206848129136,False,0.7804000051692128
30,no_history,8,DE,node,0.05,1,0.25,2415,0.03554873087252086,True,0.7341000018641353
30,no_history,8,DE,edge,0.05,0,0.75,3268,0.03996352192317837,True,2.70840001758188
30,no_history,9,FR,node,0.05,0,0.15,2246,0.04134822261163217,True,0.8835000044200569
30,no_history,9,FR,edge,0.05,0,0.75,7512,0.026358882202169524,True,1.9227000011596829
30,no_history,10,FR,node,0.2,0,0.15,2246,0.04134822261163217,True,0.8584999886807054
30,no_history,10,FR,edge,0.2,0,0.25,817,0.08216067038381979,True,2.2554000024683774
30,no_history,11,DE,node,0.2,0,0.15,1446,0.05153206848129136,True,0.797900022007525
30,no_history,11,DE,edge,0.2,0,0.25,367,0.12258630940690016,True,2.1183000062592328
31,joint_no_history,0,DE,node,0.2,0,0.15,1420,0.14208261861797816,True,0.8093999931588769
31,joint_no_history,0,DE,edge,0.2,0,0.25,350,0.23187069958659554,False,2.0075000065844506
31,joint_no_history,0,DE,edge,0.2,1,0.35,722,0.1923605653712229,True,1.9269000040367246
31,joint_no_history,1,DE,node,0.2,0,0.15,1420,0.14208261861797816,True,0.7306000043172389
31,joint_no_history,1,DE,edge,0.2,0,0.25,350,0.23187069958659554,False,1.7856999766081572
31,joint_no_history,1,DE,edge,0.2,1,0.35,722,0.1923605653712229,True,1.8038999987766147
31,joint_no_history,2,FR,node,0.05,0,0.35,5210,0.04373254418701663,True,0.888400012627244
31,joint_no_history,2,FR,edge,0.05,0,1.0,13428,0.0,True,1.6348999924957752
31,joint_no_history,3,DE,node,0.05,0,0.35,3438,0.05383573777655786,False,0.8137999975588173
31,joint_no_history,3,DE,node,0.05,1,0.5,4953,0.03566592021009857,True,0.7677999965380877
31,joint_no_history,3,DE,edge,0.05,0,1.0,5833,0.0,True,0.9574999858159572
31,joint_no_history,4,DE,node,0.1,0,0.25,2475,0.08335930453362937,True,0.7352999818976969
31,joint_no_history,4,DE,edge,0.1,0,0.75,3340,0.06393630141709182,True,1.8532999965827912
31,joint_no_history,5,FR,node,0.1,0,0.25,3735,0.0678572696674788,True,0.8710999973118305
31,joint_no_history,5,FR,edge,0.1,0,0.75,7395,0.042968644532617985,True,2.0139999978709966
31,joint_no_history,6,FR,node,0.2,0,0.15,2243,0.11304997953522013,True,0.8836000051815063
31,joint_no_history,6,FR,edge,0.2,0,0.25,833,0.15029945085467653,True,4.409500019391999
31,joint_no_history,7,DE,node,0.2,0,0.15,1420,0.14208261861797816,True,0.7229000038933009
31,joint_no_history,7,DE,edge,0.2,0,0.25,350,0.23187069958659554,False,1.8511000089347363
31,joint_no_history,7,DE,edge,0.2,1,0.35,722,0.1923605653712229,True,1.8689999997150153
31,joint_no_history,8,DE,node,0.05,0,0.35,3438,0.05383573777655786,False,0.7403000199701637
31,joint_no_history,8,DE,node,0.05,1,0.5,4953,0.03566592021009857,True,0.7204999856185168
31,joint_no_history,8,DE,edge,0.05,0,1.0,5833,0.0,True,0.9283999970648438
31,joint_no_history,9,DE,node,0.05,0,0.35,3438,0.05383573777655786,False,0.7092000159900635
31,joint_no_history,9,DE,node,0.05,1,0.5,4953,0.03566592021009857,True,0.7229000038933009
31,joint_no_history,9,DE,edge,0.05,0,1.0,5833,0.0,True,1.1071999906562269
31,joint_no_history,10,FR,node,0.2,0,0.15,2243,0.11304997953522013,True,1.7054000054486096
31,joint_no_history,10,FR,edge,0.2,0,0.25,833,0.15029945085467653,True,2.0062999974470586
31,joint_no_history,11,DE,node,0.2,0,0.15,1420,0.14208261861797816,True,0.7436000159941614
31,joint_no_history,11,DE,edge,0.2,0,0.25,350,0.23187069958659554,False,1.9220999965909868
31,joint_no_history,11,DE,edge,0.2,1,0.35,722,0.1923605653712229,True,1.8458999984432012
31,no_history,0,DE,node,0.2,0,0.15,1420,0.05200170096429057,True,0.7909999985713512
31,no_history,0,DE,edge,0.2,0,0.25,350,0.1255281072022126,True,2.610299998195842
31,no_history,1,DE,node,0.2,0,0.15,1420,0.05200170096429057,True,0.8839000074658543
31,no_history,1,DE,edge,0.2,0,0.25,350,0.1255281072022126,True,1.8535999988671392
31,no_history,2,FR,node,0.05,0,0.15,2243,0.04137586488053242,True,0.8369999995920807
31,no_history,2,FR,edge,0.05,0,0.75,7395,0.026566582434571943,True,2.2274999937508255
31,no_history,3,DE,node,0.05,0,0.15,1420,0.05200170096429057,False,0.8173999958671629
31,no_history,3,DE,node,0.05,1,0.25,2475,0.03511519354579307,True,0.7981999951880425
31,no_history,3,DE,edge,0.05,0,0.75,3340,0.03953043063458532,True,1.985599985346198
31,no_history,4,DE,node,0.1,0,0.15,1420,0.05200170096429057,True,0.7869999972172081
31,no_history,4,DE,edge,0.1,0,0.35,722,0.11694532906960596,False,2.4084000033326447
31,no_history,4,DE,edge,0.1,1,0.5,1448,0.06529587517548835,True,1.9632000185083598
31,no_history,5,FR,node,0.1,0,0.15,2243,0.04137586488053242,True,0.894600001629442
31,no_history,5,FR,edge,0.1,0,0.35,1600,0.07855819345255013,True,2.0982999994885176
31,no_history,6,FR,node,0.2,0,0.15,2243,0.04137586488053242,True,0.9070000087376684
31,no_history,6,FR,edge,0.2,0,0.25,833,0.08136778649892946,True,2.299899992067367
31,no_history,7,DE,node,0.2,0,0.15,1420,0.05200170096429057,True,0.963800004683435
31,no_history,7,DE,edge,0.2,0,0.25,350,0.1255281072022126,True,2.9790999833494425
31,no_history,8,DE,node,0.05,0,0.15,1420,0.05200170096429057,False,0.7471999851986766
31,no_history,8,DE,node,0.05,1,0.25,2475,0.03511519354579307,True,0.7261000282596797
31,no_history,8,DE,edge,0.05,0,0.75,3340,0.03953043063458532,True,1.891699997941032
31,no_history,9,DE,node,0.05,0,0.15,1420,0.05200170096429057,False,0.7404999923892319
31,no_history,9,DE,node,0.05,1,0.25,2475,0.03511519354579307,True,0.7344000041484833
31,no_history,9,DE,edge,0.05,0,0.75,3340,0.03953043063458532,True,1.7914999916683882
31,no_history,10,FR,node,0.2,0,0.15,2243,0.04137586488053242,True,0.9381000127177685
31,no_history,10,FR,edge,0.2,0,0.25,833,0.08136778649892946,True,3.3048999903257936
31,no_history,11,DE,node,0.2,0,0.15,1420,0.05200170096429057,True,1.1522000131662935
31,no_history,11,DE,edge,0.2,0,0.25,350,0.1255281072022126,True,2.6085000135935843
32,no_history,0,FR,node,0.2,0,0.15,2260,0.041219953940812376,True,1.0258000111207366
32,no_history,0,FR,edge,0.2,0,0.25,829,0.08156385373861565,True,3.7013000110164285
32,no_history,1,FR,node,0.2,0,0.15,2260,0.041219953940812376,True,0.8563000010326505
32,no_history,1,FR,edge,0.2,0,0.25,829,0.08156385373861565,True,2.120599994668737
32,no_history,2,FR,node,0.05,0,0.15,2260,0.041219953940812376,True,0.896700017619878
32,no_history,2,FR,edge,0.05,0,0.75,7554,0.026285502789403614,True,1.810199988540262
32,no_history,3,DE,node,0.05,0,0.15,1479,0.050953923972194955,False,0.9075000125449151
32,no_history,3,DE,node,0.05,1,0.25,2473,0.035129390107337594,True,0.9051999950315803
32,no_history,3,DE,edge,0.05,0,0.75,3293,0.039811534143810216,True,4.065000015543774
32,no_history,4,DE,node,0.1,0,0.15,1479,0.050953923972194955,True,0.891200004843995
32,no_history,4,DE,edge,0.1,0,0.35,718,0.11727062963976789,False,2.4213999859057367
32,no_history,4,DE,edge,0.1,1,0.5,1505,0.06404744039080122,True,2.1732000168412924
32,no_history,5,DE,node,0.1,0,0.15,1479,0.050953923972194955,True,0.7496000034734607
32,no_history,5,DE,edge,0.1,0,0.35,718,0.11727062963976789,False,2.7196999872103333
32,no_history,5,DE,edge,0.1,1,0.5,1505,0.06404744039080122,True,2.1875000093132257
32,no_history,6,FR,node,0.2,0,0.15,2260,0.041219953940812376,True,1.6693999932613224
32,no_history,6,FR,edge,0.2,0,0.25,829,0.08156385373861565,True,2.2056000016164035
32,no_history,7,FR,node,0.2,0,0.15,2260,0.041219953940812376,True,1.20900000911206
32,no_history,7,FR,edge,0.2,0,0.25,829,0.08156385373861565,True,2.3382999934256077
32,no_history,8,DE,node,0.05,0,0.15,1479,0.050953923972194955,False,0.7059000199660659
32,no_history,8,DE,node,0.05,1,0.25,2473,0.035129390107337594,True,0.6974000134505332
32,no_history,8,DE,edge,0.05,0,0.75,3293,0.039811534143810216,True,1.6022000054363161
32,no_history,9,DE,node,0.05,0,0.15,1479,0.050953923972194955,False,0.5785000103060156
32,no_history,9,DE,node,0.05,1,0.25,2473,0.035129390107337594,True,0.5742000066675246
32,no_history,9,DE,edge,0.05,0,0.75,3293,0.039811534143810216,True,3.771399991819635
32,no_history,10,DE,node,0.2,0,0.15,1479,0.050953923972194955,True,0.6831000209785998
32,no_history,10,DE,edge,0.2,0,0.25,357,0.12429134692078339,True,1.6022000054363161
32,no_history,11,FR,node,0.2,0,0.15,2260,0.041219953940812376,True,0.8518999966327101
32,no_history,11,FR,edge,0.2,0,0.25,829,0.08156385373861565,True,1.9702000136021525
32,joint_no_history,0,FR,node,0.2,0,0.15,2260,0.11262398895845369,True,0.9447000047657639
32,joint_no_history,0,FR,edge,0.2,0,0.25,829,0.1506616187312208,True,3.342799987876788
32,joint_no_history,1,FR,node,0.2,0,0.15,2260,0.11262398895845369,True,0.881300016772002
32,joint_no_history,1,FR,edge,0.2,0,0.25,829,0.1506616187312208,True,2.0161999855190516
32,joint_no_history,2,FR,node,0.05,0,0.35,5222,0.04368226724663092,True,0.8935000223573297
32,joint_no_history,2,FR,edge,0.05,0,1.0,13428,0.0,True,1.1679999879561365
32,joint_no_history,3,DE,node,0.05,0,0.35,3460,0.05366431076278635,False,0.7778999861329794
32,joint_no_history,3,DE,node,0.05,1,0.5,4925,0.03576716187420352,True,0.7820999890100211
32,joint_no_history,3,DE,edge,0.05,0,1.0,5833,0.0,True,0.9566000080667436
32,joint_no_history,4,DE,node,0.1,0,0.25,2473,0.0833930054869098,True,0.7631999906152487
32,joint_no_history,4,DE,edge,0.1,0,0.75,3293,0.06439095668916166,True,4.672299983212724
32,joint_no_history,5,DE,node,0.1,0,0.25,2473,0.0833930054869098,True,0.6554000137839466
32,joint_no_history,5,DE,edge,0.1,0,0.75,3293,0.06439095668916166,True,1.679499982856214
32,joint_no_history,6,FR,node,0.2,0,0.15,2260,0.11262398895845369,True,0.818900007288903
32,joint_no_history,6,FR,edge,0.2,0,0.25,829,0.1506616187312208,True,1.9862999906763434
32,joint_no_history,7,FR,node,0.2,0,0.15,2260,0.11262398895845369,True,0.8926999871619046
32,joint_no_history,7,FR,edge,0.2,0,0.25,829,0.1506616187312208,True,2.213800005847588
32,joint_no_history,8,DE,node,0.05,0,0.35,3460,0.05366431076278635,False,0.7383999763987958
32,joint_no_history,8,DE,node,0.05,1,0.5,4925,0.03576716187420352,True,0.7116000051610172
32,joint_no_history,8,DE,edge,0.05,0,1.0,5833,0.0,True,0.9319999953731894
32,joint_no_history,9,DE,node,0.05,0,0.35,3460,0.05366431076278635,False,0.7081000076141208
32,joint_no_history,9,DE,node,0.05,1,0.5,4925,0.03576716187420352,True,0.7030999986454844
32,joint_no_history,9,DE,edge,0.05,0,1.0,5833,0.0,True,0.9883999882731587
32,joint_no_history,10,DE,node,0.2,0,0.15,1479,0.13921981036355507,True,0.7092999876476824
32,joint_no_history,10,DE,edge,0.2,0,0.25,357,0.22958620348395015,False,1.7517000087536871
32,joint_no_history,10,DE,edge,0.2,1,0.35,718,0.19289564447262664,True,1.75269998726435
32,joint_no_history,11,FR,node,0.2,0,0.15,2260,0.11262398895845369,True,0.8636999991722405
32,joint_no_history,11,FR,edge,0.2,0,0.25,829,0.1506616187312208,True,3.0772000027354807
33,no_history,0,FR,node,0.2,0,0.15,2187,0.041902248704680095,True,0.9192000143229961
33,no_history,0,FR,edge,0.2,0,0.25,915,0.0776362331204711,True,1.964900002349168
33,no_history,1,DE,node,0.2,0,0.15,1489,0.05078253457314689,True,0.773499981733039
33,no_history,1,DE,edge,0.2,0,0.25,379,0.12063001934784576,True,1.8723999965004623
33,no_history,2,DE,node,0.05,0,0.15,1489,0.05078253457314689,False,0.8207999926526099
33,no_history,2,DE,node,0.05,1,0.25,2495,0.034974168102326925,True,0.7240999839268625
33,no_history,2,DE,edge,0.05,0,0.75,3275,0.039920789969696925,True,3.055499983020127
33,no_history,3,FR,node,0.05,0,0.15,2187,0.041902248704680095,True,0.8588999917265028
33,no_history,3,FR,edge,0.05,0,0.75,7480,0.026415204664256873,True,2.012200013268739
33,no_history,4,DE,node,0.1,0,0.15,1489,0.05078253457314689,True,0.6496999994851649
33,no_history,4,DE,edge,0.1,0,0.35,704,0.1184309326773923,False,1.6961999936029315
33,no_history,4,DE,edge,0.1,1,0.5,1469,0.06482747856326516,True,1.6973000019788742
33,no_history,5,FR,node,0.1,0,0.15,2187,0.041902248704680095,True,0.832499994430691
33,no_history,5,FR,edge,0.1,0,0.35,1693,0.07637003682271712,True,2.223999996203929
33,no_history,6,DE,node,0.2,0,0.15,1489,0.05078253457314689,True,0.9842999861575663
33,no_history,6,DE,edge,0.2,0,0.25,379,0.12063001934784576,True,2.0474999910220504
33,no_history,7,FR,node,0.2,0,0.15,2187,0.041902248704680095,True,0.8607000054325908
33,no_history,7,FR,edge,0.2,0,0.25,915,0.0776362331204711,True,2.09349999204278
33,no_history,8,FR,node,0.05,0,0.15,2187,0.041902248704680095,True,0.9995000145863742
33,no_history,8,FR,edge,0.05,0,0.75,7480,0.026415204664256873,True,2.046600013272837
33,no_history,9,DE,node,0.05,0,0.15,1489,0.05078253457314689,False,0.9431999933440238
33,no_history,9,DE,node,0.05,1,0.25,2495,0.034974168102326925,True,0.8956000092439353
33,no_history,9,DE,edge,0.05,0,0.75,3275,0.039920789969696925,True,2.675600000657141
33,no_history,10,FR,node,0.2,0,0.15,2187,0.041902248704680095,True,1.0802999895531684
33,no_history,10,FR,edge,0.2,0,0.25,915,0.0776362331204711,True,4.168300016317517
33,no_history,11,FR,node,0.2,0,0.15,2187,0.041902248704680095,True,1.360700000077486
33,no_history,11,FR,edge,0.2,0,0.25,915,0.0776362331204711,True,4.270500008715317
33,joint_no_history,0,FR,node,0.2,0,0.15,2187,0.11448820156923406,True,1.9758999987971038
33,joint_no_history,0,FR,edge,0.2,0,0.25,915,0.14340666873844451,True,6.448600004659966
33,joint_no_history,1,DE,node,0.2,0,0.15,1489,0.13875152847722153,True,1.7798999906517565
33,joint_no_history,1,DE,edge,0.2,0,0.25,379,0.2228231397791405,False,3.6196000000927597
33,joint_no_history,1,DE,edge,0.2,1,0.35,704,0.19480419909464602,True,3.7779000122100115
33,joint_no_history,2,DE,node,0.05,0,0.35,3444,0.05378882209202427,False,2.139899996109307
33,joint_no_history,2,DE,node,0.05,1,0.5,4906,0.035836354636084096,True,1.4830000000074506
33,joint_no_history,2,DE,edge,0.05,0,1.0,5833,0.0,True,1.6546999977435917
33,joint_no_history,3,FR,node,0.05,0,0.35,5254,0.043549038519259155,True,1.126899995142594
33,joint_no_history,3,FR,edge,0.05,0,1.0,13428,0.0,True,1.2523999903351068
33,joint_no_history,4,DE,node,0.1,0,0.25,2495,0.08302452685759137,True,0.7373999978881329
33,joint_no_history,4,DE,edge,0.1,0,0.75,3275,0.06456766646194502,True,3.413200000068173
33,joint_no_history,5,FR,node,0.1,0,0.25,3798,0.06729211897248964,True,1.3811000098939985
33,joint_no_history,5,FR,edge,0.1,0,0.75,7480,0.04272380695823943,True,3.912599990144372
33,joint_no_history,6,DE,node,0.2,0,0.15,1489,0.13875152847722153,True,0.8193000103347003
33,joint_no_history,6,DE,edge,0.2,0,0.25,379,0.2228231397791405,False,2.2551000001840293
33,joint_no_history,6,DE,edge,0.2,1,0.35,704,0.19480419909464602,True,3.461899992544204
33,joint_no_history,7,FR,node,0.2,0,0.15,2187,0.11448820156923406,True,1.236799987964332
33,joint_no_history,7,FR,edge,0.2,0,0.25,915,0.14340666873844451,True,2.210400009062141
33,joint_no_history,8,FR,node,0.05,0,0.35,5254,0.043549038519259155,True,0.7687000033911318
33,joint_no_history,8,FR,edge,0.05,0,1.0,13428,0.0,True,1.0861999762710184
33,joint_no_history,9,DE,node,0.05,0,0.35,3444,0.05378882209202427,False,0.6086000066716224
33,joint_no_history,9,DE,node,0.05,1,0.5,4906,0.035836354636084096,True,0.6407999899238348
33,joint_no_history,9,DE,edge,0.05,0,1.0,5833,0.0,True,0.7942999945953488
33,joint_no_history,10,FR,node,0.2,0,0.15,2187,0.11448820156923406,True,0.9640999778639525
33,joint_no_history,10,FR,edge,0.2,0,0.25,915,0.14340666873844451,True,2.153100009309128
33,joint_no_history,11,FR,node,0.2,0,0.15,2187,0.11448820156923406,True,2.320800005691126
33,joint_no_history,11,FR,edge,0.2,0,0.25,915,0.14340666873844451,True,2.4887000035960227
34,joint_no_history,0,FR,node,0.2,0,0.15,2277,0.11220277797617625,True,1.0235999943688512
34,joint_no_history,0,FR,edge,0.2,0,0.25,822,0.15130176202763373,True,2.6196000108029693
34,joint_no_history,1,FR,node,0.2,0,0.15,2277,0.11220277797617625,True,0.9144000068772584
34,joint_no_history,1,FR,edge,0.2,0,0.25,822,0.15130176202763373,True,3.2251999946311116
34,joint_no_history,2,FR,node,0.05,0,0.35,5242,0.043598856310784424,True,0.7956000044941902
34,joint_no_history,2,FR,edge,0.05,0,1.0,13428,0.0,True,1.080799993360415
34,joint_no_history,3,DE,node,0.05,0,0.35,3473,0.053563779506563484,False,0.7183999987319112
34,joint_no_history,3,DE,node,0.05,1,0.5,4940,0.03571281821879917,True,0.7347000064328313
34,joint_no_history,3,DE,edge,0.05,0,1.0,5833,0.0,True,0.9507000213488936
34,joint_no_history,4,FR,node,0.1,0,0.25,3797,0.06730097961101279,True,0.8285999938379973
34,joint_no_history,4,FR,edge,0.1,0,0.75,7550,0.04252528836101695,True,2.070300019113347
34,joint_no_history,5,FR,node,0.1,0,0.25,3797,0.06730097961101279,True,1.110800018068403
34,joint_no_history,5,FR,edge,0.1,0,0.75,7550,0.04252528836101695,True,3.1989999988581985
34,joint_no_history,6,FR,node,0.2,0,0.15,2277,0.11220277797617625,True,0.8477999945171177
34,joint_no_history,6,FR,edge,0.2,0,0.25,822,0.15130176202763373,True,1.8731000018306077
34,joint_no_history,7,FR,node,0.2,0,0.15,2277,0.11220277797617625,True,0.878800026839599
34,joint_no_history,7,FR,edge,0.2,0,0.25,822,0.15130176202763373,True,1.879300019936636
34,joint_no_history,8,DE,node,0.05,0,0.35,3473,0.053563779506563484,False,0.7266000029630959
34,joint_no_history,8,DE,node,0.05,1,0.5,4940,0.03571281821879917,True,0.728700018953532
34,joint_no_history,8,DE,edge,0.05,0,1.0,5833,0.0,True,0.9071999811567366
34,joint_no_history,9,DE,node,0.05,0,0.35,3473,0.053563779506563484,False,1.2227999977767467
34,joint_no_history,9,DE,node,0.05,1,0.5,4940,0.03571281821879917,True,0.9290000016335398
34,joint_no_history,9,DE,edge,0.05,0,1.0,5833,0.0,True,1.0553000029176474
34,joint_no_history,10,DE,node,0.2,0,0.15,1458,0.1402188377067659,True,0.6778000097256154
34,joint_no_history,10,DE,edge,0.2,0,0.25,385,0.22108003759802225,False,1.8625999800860882
34,joint_no_history,10,DE,edge,0.2,1,0.35,764,0.18699843173942082,True,1.9515999883878976
34,joint_no_history,11,FR,node,0.2,0,0.15,2277,0.11220277797617625,True,0.74380001751706
34,joint_no_history,11,FR,edge,0.2,0,0.25,822,0.15130176202763373,True,2.091600006679073
34,no_history,0,FR,node,0.2,0,0.15,2277,0.041065792314595735,True,1.7862999811768532
34,no_history,0,FR,edge,0.2,0,0.25,822,0.0819104088509268,True,3.07140001677908
34,no_history,1,FR,node,0.2,0,0.15,2277,0.041065792314595735,True,1.0070000134874135
34,no_history,1,FR,edge,0.2,0,0.25,822,0.0819104088509268,True,1.953200000571087
34,no_history,2,FR,node,0.05,0,0.15,2277,0.041065792314595735,True,1.1706000077538192
34,no_history,2,FR,edge,0.05,0,0.75,7550,0.026292464914486478,True,2.3338999890256673
34,no_history,3,DE,node,0.05,0,0.15,1458,0.05131956420083181,False,1.1783000081777573
34,no_history,3,DE,node,0.05,1,0.25,2473,0.035129390107337594,True,1.2725999986287206
34,no_history,3,DE,edge,0.05,0,0.75,3276,0.03991469658799773,True,2.658099983818829
34,no_history,4,FR,node,0.1,0,0.15,2277,0.041065792314595735,True,0.919299985980615
34,no_history,4,FR,edge,0.1,0,0.35,1565,0.07943178242893224,True,2.0453999750316143
34,no_history,5,FR,node,0.1,0,0.15,2277,0.041065792314595735,True,0.7592000183649361
34,no_history,5,FR,edge,0.1,0,0.35,1565,0.07943178242893224,True,1.802100014174357
34,no_history,6,FR,node,0.2,0,0.15,2277,0.041065792314595735,True,1.9957000040449202
34,no_history,6,FR,edge,0.2,0,0.25,822,0.0819104088509268,True,2.4950999941211194
34,no_history,7,FR,node,0.2,0,0.15,2277,0.041065792314595735,True,0.8158999844454229
34,no_history,7,FR,edge,0.2,0,0.25,822,0.0819104088509268,True,1.9794999971054494
34,no_history,8,DE,node,0.05,0,0.15,1458,0.05131956420083181,False,0.6311999750323594
34,no_history,8,DE,node,0.05,1,0.25,2473,0.035129390107337594,True,0.6122000049799681
34,no_history,8,DE,edge,0.05,0,0.75,3276,0.03991469658799773,True,1.6840000171214342
34,no_history,9,DE,node,0.05,0,0.15,1458,0.05131956420083181,False,0.6182999932207167
34,no_history,9,DE,node,0.05,1,0.25,2473,0.035129390107337594,True,0.6090999813750386
34,no_history,9,DE,edge,0.05,0,0.75,3276,0.03991469658799773,True,2.458399976603687
34,no_history,10,DE,node,0.2,0,0.15,1458,0.05131956420083181,True,0.7753999962005764
34,no_history,10,DE,edge,0.2,0,0.25,385,0.1196863541161199,True,1.823700004024431
34,no_history,11,FR,node,0.2,0,0.15,2277,0.041065792314595735,True,0.814600003650412
34,no_history,11,FR,edge,0.2,0,0.25,822,0.0819104088509268,True,1.9228000019211322
35,no_history,0,FR,node,0.2,0,0.15,2132,0.04243929116485646,True,1.0454999865032732
35,no_history,0,FR,edge,0.2,0,0.25,787,0.08371198425420227,True,2.3111999907996505
35,no_history,1,FR,node,0.2,0,0.15,2132,0.04243929116485646,True,0.7975999906193465
35,no_history,1,FR,edge,0.2,0,0.25,787,0.08371198425420227,True,1.8140000174753368
35,no_history,2,DE,node,0.05,0,0.15,1522,0.050228984220185534,False,0.6581000052392483
35,no_history,2,DE,node,0.05,1,0.25,2498,0.034953160491199946,True,0.6220000213943422
35,no_history,2,DE,edge,0.05,0,0.75,3301,0.039763263093449845,True,1.598200004082173
35,no_history,3,DE,node,0.05,0,0.15,1522,0.050228984220185534,False,0.6247999845072627
35,no_history,3,DE,node,0.05,1,0.25,2498,0.034953160491199946,True,0.6247999845072627
35,no_history,3,DE,edge,0.05,0,0.75,3301,0.039763263093449845,True,2.0318999886512756
35,no_history,4,DE,node,0.1,0,0.15,1522,0.050228984220185534,True,0.9419999842066318
35,no_history,4,DE,edge,0.1,0,0.35,670,0.12139871162638083,False,1.7271999968215823
35,no_history,4,DE,edge,0.1,1,0.5,1491,0.06434743004348466,True,1.6065000090748072
35,no_history,5,DE,node,0.1,0,0.15,1522,0.050228984220185534,True,0.7461000059265643
35,no_history,5,DE,edge,0.1,0,0.35,670,0.12139871162638083,False,1.6097000043373555
35,no_history,5,DE,edge,0.1,1,0.5,1491,0.06434743004348466,True,1.5804000140633434
35,no_history,6,DE,node,0.2,0,0.15,1522,0.050228984220185534,True,0.613799988059327
35,no_history,6,DE,edge,0.2,0,0.25,343,0.12680253690313775,True,1.8912999948952347
35,no_history,7,DE,node,0.2,0,0.15,1522,0.050228984220185534,True,0.7068999984767288
35,no_history,7,DE,edge,0.2,0,0.25,343,0.12680253690313775,True,3.7514000141527504
35,no_history,8,FR,node,0.05,0,0.15,2132,0.04243929116485646,True,0.8509000181220472
35,no_history,8,FR,edge,0.05,0,0.75,7567,0.026262914020646174,True,1.917700021294877
35,no_history,9,FR,node,0.05,0,0.15,2132,0.04243929116485646,True,0.8335000020451844
35,no_history,9,FR,edge,0.05,0,0.75,7567,0.026262914020646174,True,2.619899983983487
35,no_history,10,FR,node,0.2,0,0.15,2132,0.04243929116485646,True,1.0715000098571181
35,no_history,10,FR,edge,0.2,0,0.25,787,0.08371198425420227,True,3.1279000104404986
35,no_history,11,FR,node,0.2,0,0.15,2132,0.04243929116485646,True,0.9361999982502311
35,no_history,11,FR,edge,0.2,0,0.25,787,0.08371198425420227,True,2.1878999832551926
35,joint_no_history,0,FR,node,0.2,0,0.15,2132,0.11595554586059285,True,0.9136000007856637
35,joint_no_history,0,FR,edge,0.2,0,0.25,787,0.15462956293554164,True,2.0253999973647296
35,joint_no_history,1,FR,node,0.2,0,0.15,2132,0.11595554586059285,True,0.9110999817494303
35,joint_no_history,1,FR,edge,0.2,0,0.25,787,0.15462956293554164,True,4.259400011505932
35,joint_no_history,2,DE,node,0.05,0,0.35,3470,0.053586928875723125,False,0.7140999950934201
35,joint_no_history,2,DE,node,0.05,1,0.5,5013,0.03545183712226424,True,0.7114000036381185
35,joint_no_history,2,DE,edge,0.05,0,1.0,5833,0.0,True,0.8835000044200569
35,joint_no_history,3,DE,node,0.05,0,0.35,3470,0.053586928875723125,False,0.7067999977152795
35,joint_no_history,3,DE,node,0.05,1,0.5,5013,0.03545183712226424,True,0.7016999879851937
35,joint_no_history,3,DE,edge,0.05,0,1.0,5833,0.0,True,0.8885999850463122
35,joint_no_history,4,DE,node,0.1,0,0.25,2498,0.0829746572804474,True,0.6613000005017966
35,joint_no_history,4,DE,edge,0.1,0,0.75,3301,0.06431288335740139,True,1.7033999902196229
35,joint_no_history,5,DE,node,0.1,0,0.25,2498,0.0829746572804474,True,0.7283000159077346
35,joint_no_history,5,DE,edge,0.1,0,0.75,3301,0.06431288335740139,True,3.600600000936538
35,joint_no_history,6,DE,node,0.2,0,0.15,1522,0.1372390801875076,True,0.6733999762218446
35,joint_no_history,6,DE,edge,0.2,0,0.25,343,0.23422477719450072,False,1.8090000085067004
35,joint_no_history,6,DE,edge,0.2,1,0.35,670,0.19968582746805852,True,1.8109000229742378
35,joint_no_history,7,DE,node,0.2,0,0.15,1522,0.1372390801875076,True,0.6064000190235674
35,joint_no_history,7,DE,edge,0.2,0,0.25,343,0.23422477719450072,False,1.6964999958872795
35,joint_no_history,7,DE,edge,0.2,1,0.35,670,0.19968582746805852,True,1.5551999968010932
35,joint_no_history,8,FR,node,0.05,0,0.35,5166,0.04391838933026755,True,0.8793000015430152
35,joint_no_history,8,FR,edge,0.05,0,1.0,13428,0.0,True,1.2549999810289592
35,joint_no_history,9,FR,node,0.05,0,0.35,5166,0.04391838933026755,True,0.9833000076469034
35,joint_no_history,9,FR,edge,0.05,0,1.0,13428,0.0,True,1.0991999879479408
35,joint_no_history,10,FR,node,0.2,0,0.15,2132,0.11595554586059285,True,0.8131000213325024
35,joint_no_history,10,FR,edge,0.2,0,0.25,787,0.15462956293554164,True,1.861199998529628
35,joint_no_history,11,FR,node,0.2,0,0.15,2132,0.11595554586059285,True,0.8580999856349081
35,joint_no_history,11,FR,edge,0.2,0,0.25,787,0.15462956293554164,True,2.0809000125154853
36,joint_no_history,0,DE,node,0.2,0,0.15,1515,0.13755576877781744,True,0.7460999768227339
36,joint_no_history,0,DE,edge,0.2,0,0.25,345,0.2335448780034751,False,1.8555000133346766
36,joint_no_history,0,DE,edge,0.2,1,0.35,739,0.19013515559445734,True,1.7220999870914966
36,joint_no_history,1,FR,node,0.2,0,0.15,2211,0.1138651319006496,True,0.7925000099930912
36,joint_no_history,1,FR,edge,0.2,0,0.25,839,0.14976106303189565,True,1.986199989914894
36,joint_no_history,2,DE,node,0.05,0,0.35,3465,0.05362557794593014,False,0.6151999987196177
36,joint_no_history,2,DE,node,0.05,1,0.5,4948,0.03568393603193248,True,0.5982000147923827
36,joint_no_history,2,DE,edge,0.05,0,1.0,5833,0.0,True,0.8256000000983477
36,joint_no_history,3,FR,node,0.05,0,0.35,5182,0.04385053546304612,True,0.9912000095937401
36,joint_no_history,3,FR,edge,0.05,0,1.0,13428,0.0,True,1.8900000141002238
36,joint_no_history,4,FR,node,0.1,0,0.25,3733,0.06787544491078518,True,0.8922999841161072
36,joint_no_history,4,FR,edge,0.1,0,0.75,7658,0.04222435867655012,True,1.93500000750646
36,joint_no_history,5,FR,node,0.1,0,0.25,3733,0.06787544491078518,True,0.9193000150844455
36,joint_no_history,5,FR,edge,0.1,0,0.75,7658,0.04222435867655012,True,2.0058000227436423
36,joint_no_history,6,FR,node,0.2,0,0.15,2211,0.1138651319006496,True,0.8831000013742596
36,joint_no_history,6,FR,edge,0.2,0,0.25,839,0.14976106303189565,True,2.1139000018592924
36,joint_no_history,7,DE,node,0.2,0,0.15,1515,0.13755576877781744,True,1.0943000088445842
36,joint_no_history,7,DE,edge,0.2,0,0.25,345,0.2335448780034751,False,2.103000006172806
36,joint_no_history,7,DE,edge,0.2,1,0.35,739,0.19013515559445734,True,2.0016999915242195
36,joint_no_history,8,FR,node,0.05,0,0.35,5182,0.04385053546304612,True,0.9227000118698925
36,joint_no_history,8,FR,edge,0.05,0,1.0,13428,0.0,True,1.115199993364513
36,joint_no_history,9,DE,node,0.05,0,0.35,3465,0.05362557794593014,False,0.7210999901872128
36,joint_no_history,9,DE,node,0.05,1,0.5,4948,0.03568393603193248,True,0.7390000100713223
36,joint_no_history,9,DE,edge,0.05,0,1.0,5833,0.0,True,0.961900019319728
36,joint_no_history,10,FR,node,0.2,0,0.15,2211,0.1138651319006496,True,0.884700013557449
36,joint_no_history,10,FR,edge,0.2,0,0.25,839,0.14976106303189565,True,2.784400014206767
36,joint_no_history,11,DE,node,0.2,0,0.15,1515,0.13755576877781744,True,0.6840999994892627
36,joint_no_history,11,DE,edge,0.2,0,0.25,345,0.2335448780034751,False,2.1183999779168516
36,joint_no_history,11,DE,edge,0.2,1,0.35,739,0.19013515559445734,True,1.7182000156026334
36,no_history,0,DE,node,0.2,0,0.15,1515,0.05034489104631445,True,1.2556999863591045
36,no_history,0,DE,edge,0.2,0,0.25,345,0.1264344590964553,True,2.0457000064197928
36,no_history,1,FR,node,0.2,0,0.15,2211,0.041674207562837365,True,0.838999985717237
36,no_history,1,FR,edge,0.2,0,0.25,839,0.0810763188643603,True,1.753899996401742
36,no_history,2,DE,node,0.05,0,0.15,1515,0.05034489104631445,False,0.6244000105652958
36,no_history,2,DE,node,0.05,1,0.25,2428,0.035453435618846556,True,0.6802999996580184
36,no_history,2,DE,edge,0.05,0,0.75,3225,0.04022906319604128,True,2.039000013610348
36,no_history,3,FR,node,0.05,0,0.15,2211,0.041674207562837365,True,0.8111000061035156
36,no_history,3,FR,edge,0.05,0,0.75,7658,0.026106406607170573,True,2.9553000058513135
36,no_history,4,FR,node,0.1,0,0.15,2211,0.041674207562837365,True,0.7956000044941902
36,no_history,4,FR,edge,0.1,0,0.35,1627,0.07790363144319817,True,2.269600023282692
36,no_history,5,FR,node,0.1,0,0.15,2211,0.041674207562837365,True,0.9637999755796045
36,no_history,5,FR,edge,0.1,0,0.35,1627,0.07790363144319817,True,2.1266999829094857
36,no_history,6,FR,node,0.2,0,0.15,2211,0.041674207562837365,True,0.8610000077169389
36,no_history,6,FR,edge,0.2,0,0.25,839,0.0810763188643603,True,1.9984999962616712
36,no_history,7,DE,node,0.2,0,0.15,1515,0.05034489104631445,True,0.7176999934017658
36,no_history,7,DE,edge,0.2,0,0.25,345,0.1264344590964553,True,2.2179000079631805
36,no_history,8,FR,node,0.05,0,0.15,2211,0.041674207562837365,True,0.8036999788600951
36,no_history,8,FR,edge,0.05,0,0.75,7658,0.026106406607170573,True,2.0000000076834112
36,no_history,9,DE,node,0.05,0,0.15,1515,0.05034489104631445,False,0.745099998312071
36,no_history,9,DE,node,0.05,1,0.25,2428,0.035453435618846556,True,0.7209000177681446
36,no_history,9,DE,edge,0.05,0,0.75,3225,0.04022906319604128,True,1.870400010375306
36,no_history,10,FR,node,0.2,0,0.15,2211,0.041674207562837365,True,0.8531000057701021
36,no_history,10,FR,edge,0.2,0,0.25,839,0.0810763188643603,True,3.684600000269711
36,no_history,11,DE,node,0.2,0,0.15,1515,0.05034489104631445,True,0.6773999775759876
36,no_history,11,DE,edge,0.2,0,0.25,345,0.1264344590964553,True,1.7701000033412129
37,no_history,0,FR,node,0.2,0,0.15,2271,0.04112000460528174,True,0.8428999863099307
37,no_history,0,FR,edge,0.2,0,0.25,795,0.08328972691203407,True,2.3227000201586634
37,no_history,1,DE,node,0.2,0,0.15,1505,0.05051187290129522,True,0.7906999962870032
37,no_history,1,DE,edge,0.2,0,0.25,345,0.1264344590964553,True,2.296199992997572
37,no_history,2,DE,node,0.05,0,0.15,1505,0.05051187290129522,False,0.7733000093139708
37,no_history,2,DE,node,0.05,1,0.25,2441,0.03535890265128594,True,0.8871000027284026
37,no_history,2,DE,edge,0.05,0,0.75,3248,0.04008637349462799,True,1.9101000216323882
37,no_history,3,DE,node,0.05,0,0.15,1505,0.05051187290129522,False,0.7086000114213675
37,no_history,3,DE,node,0.05,1,0.25,2441,0.03535890265128594,True,0.7194000063464046
37,no_history,3,DE,edge,0.05,0,0.75,3248,0.04008637349462799,True,1.8822999845724553
37,no_history,4,FR,node,0.1,0,0.15,2271,0.04112000460528174,True,0.8866999996826053
37,no_history,4,FR,edge,0.1,0,0.35,1605,0.07843573321683076,True,2.0580999844241887
37,no_history,5,DE,node,0.1,0,0.15,1505,0.05051187290129522,True,1.0051999997813255
37,no_history,5,DE,edge,0.1,0,0.35,701,0.11868408066701093,False,2.113199996529147
37,no_history,5,DE,edge,0.1,1,0.5,1470,0.06480542464918479,True,2.0557999960146844
37,no_history,6,FR,node,0.2,0,0.15,2271,0.04112000460528174,True,0.9589999972376972
37,no_history,6,FR,edge,0.2,0,0.25,795,0.08328972691203407,True,2.1173999994061887
37,no_history,7,DE,node,0.2,0,0.15,1505,0.05051187290129522,True,0.824499991722405
37,no_history,7,DE,edge,0.2,0,0.25,345,0.1264344590964553,True,2.163900004234165
37,no_history,8,DE,node,0.05,0,0.15,1505,0.05051187290129522,False,0.7773000106681138
37,no_history,8,DE,node,0.05,1,0.25,2441,0.03535890265128594,True,0.7613000052515417
37,no_history,8,DE,edge,0.05,0,0.75,3248,0.04008637349462799,True,3.33960002171807
37,no_history,9,FR,node,0.05,0,0.15,2271,0.04112000460528174,True,0.9539999882690609
37,no_history,9,FR,edge,0.05,0,0.75,7449,0.026470112782956065,True,1.9992000015918165
37,no_history,10,DE,node,0.2,0,0.15,1505,0.05051187290129522,True,0.7429999823216349
37,no_history,10,DE,edge,0.2,0,0.25,345,0.1264344590964553,True,1.9226000003982335
37,no_history,11,FR,node,0.2,0,0.15,2271,0.04112000460528174,True,0.8913999772630632
37,no_history,11,FR,edge,0.2,0,0.25,795,0.08328972691203407,True,2.383699989877641
37,joint_no_history,0,FR,node,0.2,0,0.15,2271,0.11235090051984528,True,0.9256000048480928
37,joint_no_history,0,FR,edge,0.2,0,0.25,795,0.15384958538695648,True,1.9802000024355948
37,joint_no_history,1,DE,node,0.2,0,0.15,1505,0.13801200806956,True,0.7316000119317323
37,joint_no_history,1,DE,edge,0.2,0,0.25,345,0.2335448780034751,False,1.8820999830495566
37,joint_no_history,1,DE,edge,0.2,1,0.35,701,0.1952205961478079,True,1.8891000072471797
37,joint_no_history,2,DE,node,0.05,0,0.35,3439,0.05382790997022399,False,0.7375999994110316
37,joint_no_history,2,DE,node,0.05,1,0.5,4926,0.03576353124313553,True,0.731500011170283
37,joint_no_history,2,DE,edge,0.05,0,1.0,5833,0.0,True,1.5207999967969954
37,joint_no_history,3,DE,node,0.05,0,0.35,3439,0.05382790997022399,False,0.7276000105775893
37,joint_no_history,3,DE,node,0.05,1,0.5,4926,0.03576353124313553,True,0.7922000077087432
37,joint_no_history,3,DE,edge,0.05,0,1.0,5833,0.0,True,0.8732000133022666
37,joint_no_history,4,FR,node,0.1,0,0.25,3702,0.06815904191277353,True,0.839899992570281
37,joint_no_history,4,FR,edge,0.1,0,0.75,7449,0.04281261504788178,True,2.3495000205002725
37,joint_no_history,5,DE,node,0.1,0,0.25,2441,0.08393784104421148,True,0.7790999952703714
37,joint_no_history,5,DE,edge,0.1,0,0.75,3248,0.06483548034582502,True,2.001799992285669
37,joint_no_history,6,FR,node,0.2,0,0.15,2271,0.11235090051984528,True,0.9992000123020262
37,joint_no_history,6,FR,edge,0.2,0,0.25,795,0.15384958538695648,True,3.105900017544627
37,joint_no_history,7,DE,node,0.2,0,0.15,1505,0.13801200806956,True,0.7796999998390675
37,joint_no_history,7,DE,edge,0.2,0,0.25,345,0.2335448780034751,False,1.8706000118982047
37,joint_no_history,7,DE,edge,0.2,1,0.35,701,0.1952205961478079,True,1.8769999733194709
37,joint_no_history,8,DE,node,0.05,0,0.35,3439,0.05382790997022399,False,0.8347999828401953
37,joint_no_history,8,DE,node,0.05,1,0.5,4926,0.03576353124313553,True,0.7580000092275441
37,joint_no_history,8,DE,edge,0.05,0,1.0,5833,0.0,True,0.9561999759171158
37,joint_no_history,9,FR,node,0.05,0,0.35,5221,0.043686450370149885,True,0.9044000180438161
37,joint_no_history,9,FR,edge,0.05,0,1.0,13428,0.0,True,1.1601000151131302
37,joint_no_history,10,DE,node,0.2,0,0.15,1505,0.13801200806956,True,0.6630000134464353
37,joint_no_history,10,DE,edge,0.2,0,0.25,345,0.2335448780034751,False,1.6141000087372959
37,joint_no_history,10,DE,edge,0.2,1,0.35,701,0.1952205961478079,True,1.6210000030696392
37,joint_no_history,11,FR,node,0.2,0,0.15,2271,0.11235090051984528,True,0.9012999944388866
37,joint_no_history,11,FR,edge,0.2,0,0.25,795,0.15384958538695648,True,1.836399984313175
38,joint_no_history,0,DE,node,0.2,0,0.15,1535,0.1366567018322364,True,1.3150000013411045
38,joint_no_history,0,DE,edge,0.2,0,0.25,394,0.21854042514432895,False,2.268100011860952
38,joint_no_history,0,DE,edge,0.2,1,0.35,772,0.18602700474395642,True,2.3591000062879175
38,joint_no_history,1,DE,node,0.2,0,0.15,1535,0.1366567018322364,True,0.7810000097379088
38,joint_no_history,1,DE,edge,0.2,0,0.25,394,0.21854042514432895,False,1.9956000032834709
38,joint_no_history,1,DE,edge,0.2,1,0.35,772,0.18602700474395642,True,1.956899999640882
38,joint_no_history,2,DE,node,0.05,0,0.35,3569,0.05283848188366192,False,0.7575000054202974
38,joint_no_history,2,DE,node,0.05,1,0.5,5069,0.0352554653963205,True,0.7451999990735203
38,joint_no_history,2,DE,edge,0.05,0,1.0,5833,0.0,True,0.9833000076469034
38,joint_no_history,3,DE,node,0.05,0,0.35,3569,0.05283848188366192,False,1.3203999842517078
38,joint_no_history,3,DE,node,0.05,1,0.5,5069,0.0352554653963205,True,0.7890000124461949
38,joint_no_history,3,DE,edge,0.05,0,1.0,5833,0.0,True,0.9617000177968293
38,joint_no_history,4,DE,node,0.1,0,0.25,2523,0.08256254259746128,True,0.7227000023704022
38,joint_no_history,4,DE,edge,0.1,0,0.75,3319,0.0641382515822965,True,1.9346000044606626
38,joint_no_history,5,FR,node,0.1,0,0.25,3867,0.06668906035099374,True,0.9621999925002456
38,joint_no_history,5,FR,edge,0.1,0,0.75,7456,0.04279251320518424,True,1.9848000083584338
38,joint_no_history,6,FR,node,0.2,0,0.15,2325,0.11103851531526067,True,0.8883000118657947
38,joint_no_history,6,FR,edge,0.2,0,0.25,874,0.14673177736989415,True,4.497699992498383
38,joint_no_history,7,DE,node,0.2,0,0.15,1535,0.1366567018322364,True,0.7672000210732222
38,joint_no_history,7,DE,edge,0.2,0,0.25,394,0.21854042514432895,False,1.8251000146847218
38,joint_no_history,7,DE,edge,0.2,1,0.35,772,0.18602700474395642,True,1.8270000000484288
38,joint_no_history,8,FR,node,0.05,0,0.35,5394,0.0429801705228172,True,0.8777000184636563
38,joint_no_history,8,FR,edge,0.05,0,1.0,13428,0.0,True,1.0535999899730086
38,joint_no_history,9,FR,node,0.05,0,0.35,5394,0.0429801705228172,True,0.9128999954555184
38,joint_no_history,9,FR,edge,0.05,0,1.0,13428,0.0,True,1.3215999933890998
38,joint_no_history,10,DE,node,0.2,0,0.15,1535,0.1366567018322364,True,0.9016000258270651
38,joint_no_history,10,DE,edge,0.2,0,0.25,394,0.21854042514432895,False,1.8111999961547554
38,joint_no_history,10,DE,edge,0.2,1,0.35,772,0.18602700474395642,True,1.7599999846424907
38,joint_no_history,11,DE,node,0.2,0,0.15,1535,0.1366567018322364,True,0.7254999945871532
38,joint_no_history,11,DE,edge,0.2,0,0.25,394,0.21854042514432895,False,1.6807999927550554
38,joint_no_history,11,DE,edge,0.2,1,0.35,772,0.18602700474395642,True,1.6927999968174845
38,no_history,0,DE,node,0.2,0,0.15,1535,0.05001583594509415,True,0.7142999966163188
38,no_history,0,DE,edge,0.2,0,0.25,394,0.11831148120243282,True,1.9921000057365745
38,no_history,1,DE,node,0.2,0,0.15,1535,0.05001583594509415,True,0.9067000064533204
38,no_history,1,DE,edge,0.2,0,0.25,394,0.11831148120243282,True,1.7785999807529151
38,no_history,2,DE,node,0.05,0,0.15,1535,0.05001583594509415,False,0.6689999718219042
38,no_history,2,DE,node,0.05,1,0.25,2523,0.03477955675329589,True,0.6437999836634845
38,no_history,2,DE,edge,0.05,0,0.75,3319,0.03965529204852898,True,1.7453999898862094
38,no_history,3,DE,node,0.05,0,0.15,1535,0.05001583594509415,False,0.6794999935664237
38,no_history,3,DE,node,0.05,1,0.25,2523,0.03477955675329589,True,0.6708999862894416
38,no_history,3,DE,edge,0.05,0,0.75,3319,0.03965529204852898,True,1.7231999954674393
38,no_history,4,DE,node,0.1,0,0.15,1535,0.05001583594509415,True,0.6806000019423664
38,no_history,4,DE,edge,0.1,0,0.35,772,0.11309484999501711,False,2.5713999930303544
38,no_history,4,DE,edge,0.1,1,0.5,1531,0.06350127317095626,True,3.9837000076659024
38,no_history,5,FR,node,0.1,0,0.15,2325,0.040639676584707574,True,0.8686000073794276
38,no_history,5,FR,edge,0.1,0,0.35,1764,0.0748173270976668,True,1.9844000053126365
38,no_history,6,FR,node,0.2,0,0.15,2325,0.040639676584707574,True,0.832499994430691
38,no_history,6,FR,edge,0.2,0,0.25,874,0.07943635100294522,True,2.0951000042259693
38,no_history,7,DE,node,0.2,0,0.15,1535,0.05001583594509415,True,0.648700020974502
38,no_history,7,DE,edge,0.2,0,0.25,394,0.11831148120243282,True,2.4160999746527523
38,no_history,8,FR,node,0.05,0,0.15,2325,0.040639676584707574,True,1.6460000188089907
38,no_history,8,FR,edge,0.05,0,0.75,7456,0.02645768424891875,True,2.138300013029948
38,no_history,9,FR,node,0.05,0,0.15,2325,0.040639676584707574,True,0.8719000034034252
38,no_history,9,FR,edge,0.05,0,0.75,7456,0.02645768424891875,True,2.3467999999411404
38,no_history,10,DE,node,0.2,0,0.15,1535,0.05001583594509415,True,0.7596999930683523
38,no_history,10,DE,edge,0.2,0,0.25,394,0.11831148120243282,True,1.9312000076752156
38,no_history,11,DE,node,0.2,0,0.15,1535,0.05001583594509415,True,0.751299987314269
38,no_history,11,DE,edge,0.2,0,0.25,394,0.11831148120243282,True,2.8556000033859164
39,no_history,0,DE,node,0.2,0,0.15,1456,0.05135479905853631,True,0.6961000035516918
39,no_history,0,DE,edge,0.2,0,0.25,353,0.12499356350816236,True,1.6031000122893602
39,no_history,1,FR,node,0.2,0,0.15,2247,0.04133902082613675,True,0.7577999786008149
39,no_history,1,FR,edge,0.2,0,0.25,791,0.08350005484013402,True,2.903299988247454
39,no_history,2,FR,node,0.05,0,0.15,2247,0.04133902082613675,True,1.9139999931212515
39,no_history,2,FR,edge,0.05,0,0.75,7626,0.026161122740776848,True,2.402699989033863
39,no_history,3,DE,node,0.05,0,0.15,1456,0.05135479905853631,False,0.7139999943319708
39,no_history,3,DE,node,0.05,1,0.25,2450,0.03529389797495096,True,0.7747000199742615
39,no_history,3,DE,edge,0.05,0,0.75,3355,0.039441962570010904,True,1.6808999935165048
39,no_history,4,FR,node,0.1,0,0.15,2247,0.04133902082613675,True,0.8009999874047935
39,no_history,4,FR,edge,0.1,0,0.35,1617,0.0781441495561953,True,1.7691999964881688
39,no_history,5,FR,node,0.1,0,0.15,2247,0.04133902082613675,True,1.0814999986905605
39,no_history,5,FR,edge,0.1,0,0.35,1617,0.0781441495561953,True,2.4707000120542943
39,no_history,6,FR,node,0.2,0,0.15,2247,0.04133902082613675,True,0.9738999942783266
39,no_history,6,FR,edge,0.2,0,0.25,791,0.08350005484013402,True,2.148200001101941
39,no_history,7,DE,node,0.2,0,0.15,1456,0.05135479905853631,True,0.7972000166773796
39,no_history,7,DE,edge,0.2,0,0.25,353,0.12499356350816236,True,1.8939999863505363
39,no_history,8,DE,node,0.05,0,0.15,1456,0.05135479905853631,False,0.7588999869767576
39,no_history,8,DE,node,0.05,1,0.25,2450,0.03529389797495096,True,0.7445000228472054
39,no_history,8,DE,edge,0.05,0,0.75,3355,0.039441962570010904,True,2.4726999981794506
39,no_history,9,FR,node,0.05,0,0.15,2247,0.04133902082613675,True,0.9248999995179474
39,no_history,9,FR,edge,0.05,0,0.75,7626,0.026161122740776848,True,1.941100024851039
39,no_history,10,DE,node,0.2,0,0.15,1456,0.05135479905853631,True,0.7763000030536205
39,no_history,10,DE,edge,0.2,0,0.25,353,0.12499356350816236,True,1.8272000015713274
39,no_history,11,FR,node,0.2,0,0.15,2247,0.04133902082613675,True,1.0159999947063625
39,no_history,11,FR,edge,0.2,0,0.25,791,0.08350005484013402,True,1.9814000115729868
39,joint_no_history,0,DE,node,0.2,0,0.15,1456,0.14031510880475798,True,0.818900007288903
39,joint_no_history,0,DE,edge,0.2,0,0.25,353,0.23088331100039333,False,1.9468000100459903
39,joint_no_history,0,DE,edge,0.2,1,0.35,688,0.19705634558012253,True,1.885800011223182
39,joint_no_history,1,FR,node,0.2,0,0.15,2247,0.11294931167951605,True,0.9227999835275114
39,joint_no_history,1,FR,edge,0.2,0,0.25,791,0.1542380950595557,True,2.1684000093955547
39,joint_no_history,2,FR,node,0.05,0,0.35,5298,0.043367823651956156,True,0.8681000035721809
39,joint_no_history,2,FR,edge,0.05,0,1.0,13428,0.0,True,1.1280000035185367
39,joint_no_history,3,DE,node,0.05,0,0.35,3443,0.053796632855456425,False,0.8463000121992081
39,joint_no_history,3,DE,node,0.05,1,0.5,4979,0.0355726758147155,True,0.7664000149816275
39,joint_no_history,3,DE,edge,0.05,0,1.0,5833,0.0,True,1.1186999909114093
39,joint_no_history,4,FR,node,0.1,0,0.25,3774,0.06750574528439095,True,0.8878999797161669
39,joint_no_history,4,FR,edge,0.1,0,0.75,7626,0.04231285625055752,True,1.965800009202212
39,joint_no_history,5,FR,node,0.1,0,0.25,3774,0.06750574528439095,True,0.8768000116106123
39,joint_no_history,5,FR,edge,0.1,0,0.75,7626,0.04231285625055752,True,2.211099985288456
39,joint_no_history,6,FR,node,0.2,0,0.15,2247,0.11294931167951605,True,0.9544999920763075
39,joint_no_history,6,FR,edge,0.2,0,0.25,791,0.1542380950595557,True,2.878900006180629
39,joint_no_history,7,DE,node,0.2,0,0.15,1456,0.14031510880475798,True,0.8609000069554895
39,joint_no_history,7,DE,edge,0.2,0,0.25,353,0.23088331100039333,False,1.794799987692386
39,joint_no_history,7,DE,edge,0.2,1,0.35,688,0.19705634558012253,True,1.6982000088319182
39,joint_no_history,8,DE,node,0.05,0,0.35,3443,0.053796632855456425,False,0.678399985190481
39,joint_no_history,8,DE,node,0.05,1,0.5,4979,0.0355726758147155,True,0.6579999753739685
39,joint_no_history,8,DE,edge,0.05,0,1.0,5833,0.0,True,0.8816999907139689
39,joint_no_history,9,FR,node,0.05,0,0.35,5298,0.043367823651956156,True,0.8773999870754778
39,joint_no_history,9,FR,edge,0.05,0,1.0,13428,0.0,True,1.1626000050455332
39,joint_no_history,10,DE,node,0.2,0,0.15,1456,0.14031510880475798,True,0.8204999903682619
39,joint_no_history,10,DE,edge,0.2,0,0.25,353,0.23088331100039333,False,2.505000011296943
39,joint_no_history,10,DE,edge,0.2,1,0.35,688,0.19705634558012253,True,1.879300019936636
39,joint_no_history,11,FR,node,0.2,0,0.15,2247,0.11294931167951605,True,0.8787999977357686
39,joint_no_history,11,FR,edge,0.2,0,0.25,791,0.1542380950595557,True,2.025800000410527
40,joint_no_history,0,FR,node,0.2,0,0.15,2191,0.11438364611220096,True,0.9316999930888414
40,joint_no_history,0,FR,edge,0.2,0,0.25,797,0.15365642826699172,True,3.8379000034183264
40,joint_no_history,1,FR,node,0.2,0,0.15,2191,0.11438364611220096,True,0.7836000004317611
40,joint_no_history,1,FR,edge,0.2,0,0.25,797,0.15365642826699172,True,3.6689999978989363
40,joint_no_history,2,FR,node,0.05,0,0.35,5170,0.04390139633704862,True,1.5187999815680087
40,joint_no_history,2,FR,edge,0.05,0,1.0,13428,0.0,True,1.4165999891702086
40,joint_no_history,3,DE,node,0.05,0,0.35,3576,0.0527867410342677,False,1.037000009091571
40,joint_no_history,3,DE,node,0.05,1,0.5,5003,0.035487250014044625,True,1.0840000177267939
40,joint_no_history,3,DE,edge,0.05,0,1.0,5833,0.0,True,0.838399981148541
40,joint_no_history,4,FR,node,0.1,0,0.25,3686,0.06830681236679743,True,0.902900006622076
40,joint_no_history,4,FR,edge,0.1,0,0.75,7396,0.0429657395774355,True,1.662499998928979
40,joint_no_history,5,FR,node,0.1,0,0.25,3686,0.06830681236679743,True,0.8707999950274825
40,joint_no_history,5,FR,edge,0.1,0,0.75,7396,0.0429657395774355,True,2.3102999839466065
40,joint_no_history,6,FR,node,0.2,0,0.15,2191,0.11438364611220096,True,0.9313999908044934
40,joint_no_history,6,FR,edge,0.2,0,0.25,797,0.15365642826699172,True,2.376100019318983
40,joint_no_history,7,DE,node,0.2,0,0.15,1538,0.13652335650677533,True,0.7119000074453652
40,joint_no_history,7,DE,edge,0.2,0,0.25,425,0.21041923119654715,False,1.80460000410676
40,joint_no_history,7,DE,edge,0.2,1,0.35,773,0.18590663785672198,True,1.7451000167056918
40,joint_no_history,8,FR,node,0.05,0,0.35,5170,0.04390139633704862,True,0.8234000124502927
40,joint_no_history,8,FR,edge,0.05,0,1.0,13428,0.0,True,1.7647999920882285
40,joint_no_history,9,DE,node,0.05,0,0.35,3576,0.0527867410342677,False,0.8916999795474112
40,joint_no_history,9,DE,node,0.05,1,0.5,5003,0.035487250014044625,True,0.8548999903723598
40,joint_no_history,9,DE,edge,0.05,0,1.0,5833,0.0,True,1.0935000027529895
40,joint_no_history,10,DE,node,0.2,0,0.15,1538,0.13652335650677533,True,1.0478999756742269
40,joint_no_history,10,DE,edge,0.2,0,0.25,425,0.21041923119654715,False,2.27719999384135
40,joint_no_history,10,DE,edge,0.2,1,0.35,773,0.18590663785672198,True,1.9728000042960048
40,joint_no_history,11,FR,node,0.2,0,0.15,2191,0.11438364611220096,True,0.9689000144135207
40,joint_no_history,11,FR,edge,0.2,0,0.25,797,0.15365642826699172,True,2.0309999817982316
40,no_history,0,FR,node,0.2,0,0.15,2191,0.04186398180290347,True,0.7488999981433153
40,no_history,0,FR,edge,0.2,0,0.25,797,0.08318515721993829,True,2.1517999994102865
40,no_history,1,FR,node,0.2,0,0.15,2191,0.04186398180290347,True,0.8592000231146812
40,no_history,1,FR,edge,0.2,0,0.25,797,0.08318515721993829,True,1.9978999916929752
40,no_history,2,FR,node,0.05,0,0.15,2191,0.04186398180290347,True,0.8842999814078212
40,no_history,2,FR,edge,0.05,0,0.75,7396,0.026564786363689006,True,1.8287000129930675
40,no_history,3,DE,node,0.05,0,0.15,1538,0.0499670320603751,True,0.6943000189494342
40,no_history,3,DE,edge,0.05,0,0.75,3270,0.03995129879338545,True,2.1253000013530254
40,no_history,4,FR,node,0.1,0,0.15,2191,0.04186398180290347,True,0.9255999757442623
40,no_history,4,FR,edge,0.1,0,0.35,1634,0.07773658410130226,True,2.7494000096339732
40,no_history,5,FR,node,0.1,0,0.15,2191,0.04186398180290347,True,0.7163000118453056
40,no_history,5,FR,edge,0.1,0,0.35,1634,0.07773658410130226,True,2.1342000109143555
40,no_history,6,FR,node,0.2,0,0.15,2191,0.04186398180290347,True,0.7912000000942498
40,no_history,6,FR,edge,0.2,0,0.25,797,0.08318515721993829,True,1.7538000247441232
40,no_history,7,DE,node,0.2,0,0.15,1538,0.0499670320603751,True,0.8034999773371965
40,no_history,7,DE,edge,0.2,0,0.25,425,0.11391490109850126,True,1.9785999902524054
40,no_history,8,FR,node,0.05,0,0.15,2191,0.04186398180290347,True,1.3282999861985445
40,no_history,8,FR,edge,0.05,0,0.75,7396,0.026564786363689006,True,1.9007999799214303
40,no_history,9,DE,node,0.05,0,0.15,1538,0.0499670320603751,True,0.6659000064246356
40,no_history,9,DE,edge,0.05,0,0.75,3270,0.03995129879338545,True,1.951999991433695
40,no_history,10,DE,node,0.2,0,0.15,1538,0.0499670320603751,True,0.5630999803543091
40,no_history,10,DE,edge,0.2,0,0.25,425,0.11391490109850126,True,1.715999998850748
40,no_history,11,FR,node,0.2,0,0.15,2191,0.04186398180290347,True,0.7402000192087144
40,no_history,11,FR,edge,0.2,0,0.25,797,0.08318515721993829,True,3.118299995549023
41,no_history,0,DE,node,0.2,0,0.15,1448,0.05149646773888578,True,0.7972000166773796
41,no_history,0,DE,edge,0.2,0,0.25,350,0.1255281072022126,True,1.7859999788925052
41,no_history,1,FR,node,0.2,0,0.15,2251,0.0413022750225852,True,0.9765999857336283
41,no_history,1,FR,edge,0.2,0,0.25,820,0.08201023875860482,True,1.961500005563721
41,no_history,2,DE,node,0.05,0,0.15,1448,0.05149646773888578,False,0.7114000036381185
41,no_history,2,DE,node,0.05,1,0.25,2446,0.03532274464750252,True,0.6969000096432865
41,no_history,2,DE,edge,0.05,0,0.75,3273,0.039932985109730805,True,2.0902999967802316
41,no_history,3,DE,node,0.05,0,0.15,1448,0.05149646773888578,False,0.7822000188753009
41,no_history,3,DE,node,0.05,1,0.25,2446,0.03532274464750252,True,0.7952999731060117
41,no_history,3,DE,edge,0.05,0,0.75,3273,0.039932985109730805,True,1.8202999781351537
41,no_history,4,FR,node,0.1,0,0.15,2251,0.0413022750225852,True,0.8712999988347292
41,no_history,4,FR,edge,0.1,0,0.35,1613,0.0782409824924226,True,1.9571000011637807
41,no_history,5,DE,node,0.1,0,0.15,1448,0.05149646773888578,True,0.7621999830007553
41,no_history,5,DE,edge,0.1,0,0.35,692,0.11945337696471166,False,1.9020000181626529
41,no_history,5,DE,edge,0.1,1,0.5,1418,0.06598297801620052,True,1.8865999882109463
41,no_history,6,DE,node,0.2,0,0.15,1448,0.05149646773888578,True,0.7488999981433153
41,no_history,6,DE,edge,0.2,0,0.25,350,0.1255281072022126,True,2.435000002151355
41,no_history,7,DE,node,0.2,0,0.15,1448,0.05149646773888578,True,0.7226000016089529
41,no_history,7,DE,edge,0.2,0,0.25,350,0.1255281072022126,True,2.0220000005792826
41,no_history,8,DE,node,0.05,0,0.15,1448,0.05149646773888578,False,0.7123999821487814
41,no_history,8,DE,node,0.05,1,0.25,2446,0.03532274464750252,True,0.6951000250410289
41,no_history,8,DE,edge,0.05,0,0.75,3273,0.039932985109730805,True,1.7863000102806836
41,no_history,9,DE,node,0.05,0,0.15,1448,0.05149646773888578,False,0.682099984260276
41,no_history,9,DE,node,0.05,1,0.25,2446,0.03532274464750252,True,0.6856000109110028
41,no_history,9,DE,edge,0.05,0,0.75,3273,0.039932985109730805,True,1.9539000059012324
41,no_history,10,FR,node,0.2,0,0.15,2251,0.0413022750225852,True,1.2632999860215932
41,no_history,10,FR,edge,0.2,0,0.25,820,0.08201023875860482,True,2.08020000718534
41,no_history,11,FR,node,0.2,0,0.15,2251,0.0413022750225852,True,0.8014999912120402
41,no_history,11,FR,edge,0.2,0,0.25,820,0.08201023875860482,True,2.0166999893262982
41,joint_no_history,0,DE,node,0.2,0,0.15,1448,0.14070218570237772,True,0.9651000145822763
41,joint_no_history,0,DE,edge,0.2,0,0.25,350,0.23187069958659554,False,3.3567000064067543
41,joint_no_history,0,DE,edge,0.2,1,0.35,692,0.19648599316657742,True,3.6026999878231436
41,joint_no_history,1,FR,node,0.2,0,0.15,2251,0.11284891227151568,True,0.8890999888535589
41,joint_no_history,1,FR,edge,0.2,0,0.25,820,0.15148616399982054,True,2.4514000106137246
41,joint_no_history,2,DE,node,0.05,0,0.35,3421,0.05396933517083067,False,0.7151999743655324
41,joint_no_history,2,DE,node,0.05,1,0.5,4857,0.03601666910580273,True,0.697499985108152
41,joint_no_history,2,DE,edge,0.05,0,1.0,5833,0.0,True,0.9059000003617257
41,joint_no_history,3,DE,node,0.05,0,0.35,3421,0.05396933517083067,False,0.7014000148046762
41,joint_no_history,3,DE,node,0.05,1,0.5,4857,0.03601666910580273,True,0.7001000049058348
41,joint_no_history,3,DE,edge,0.05,0,1.0,5833,0.0,True,1.0282000002916902
41,joint_no_history,4,FR,node,0.1,0,0.25,3696,0.06821434337575573,True,1.058299996657297
41,joint_no_history,4,FR,edge,0.1,0,0.75,7598,0.04239074980597172,True,1.8925000040326267
41,joint_no_history,5,DE,node,0.1,0,0.25,2446,0.0838520062318594,True,0.761799979954958
41,joint_no_history,5,DE,edge,0.1,0,0.75,3273,0.06458739081446314,True,1.9600999949034303
41,joint_no_history,6,DE,node,0.2,0,0.15,1448,0.14070218570237772,True,0.7326999912038445
41,joint_no_history,6,DE,edge,0.2,0,0.25,350,0.23187069958659554,False,1.8142999906558543
41,joint_no_history,6,DE,edge,0.2,1,0.35,692,0.19648599316657742,True,1.7974000074900687
41,joint_no_history,7,DE,node,0.2,0,0.15,1448,0.14070218570237772,True,0.7137999928090721
41,joint_no_history,7,DE,edge,0.2,0,0.25,350,0.23187069958659554,False,3.9607000071555376
41,joint_no_history,7,DE,edge,0.2,1,0.35,692,0.19648599316657742,True,2.4249999842140824
41,joint_no_history,8,DE,node,0.05,0,0.35,3421,0.05396933517083067,False,0.6818000110797584
41,joint_no_history,8,DE,node,0.05,1,0.5,4857,0.03601666910580273,True,0.6622000073548406
41,joint_no_history,8,DE,edge,0.05,0,1.0,5833,0.0,True,0.8971999923232943
41,joint_no_history,9,DE,node,0.05,0,0.35,3421,0.05396933517083067,False,0.7133999897632748
41,joint_no_history,9,DE,node,0.05,1,0.5,4857,0.03601666910580273,True,0.6830000202171504
41,joint_no_history,9,DE,edge,0.05,0,1.0,5833,0.0,True,0.9674000029917806
41,joint_no_history,10,FR,node,0.2,0,0.15,2251,0.11284891227151568,True,0.8668999944347888
41,joint_no_history,10,FR,edge,0.2,0,0.25,820,0.15148616399982054,True,2.3956000222824514
41,joint_no_history,11,FR,node,0.2,0,0.15,2251,0.11284891227151568,True,0.9828000038396567
41,joint_no_history,11,FR,edge,0.2,0,0.25,820,0.15148616399982054,True,2.0271000103093684
42,no_history,0,DE,node,0.2,0,0.15,1482,0.050902325048608296,True,0.7354999834205955
42,no_history,0,DE,edge,0.2,0,0.25,358,0.12411763426158072,True,1.7657999997027218
42,no_history,1,FR,node,0.2,0,0.15,2258,0.041238204972895896,True,0.8687000081408769
42,no_history,1,FR,edge,0.2,0,0.25,905,0.07806398419868084,True,2.08020000718534
42,no_history,2,DE,node,0.05,0,0.15,1482,0.050902325048608296,False,1.2210000131744891
42,no_history,2,DE,node,0.05,1,0.25,2475,0.03511519354579307,True,0.8733999857213348
42,no_history,2,DE,edge,0.05,0,0.75,3242,0.04012345046277725,True,2.050700015388429
42,no_history,3,FR,node,0.05,0,0.15,2258,0.041238204972895896,True,0.8639000006951392
42,no_history,3,FR,edge,0.05,0,0.75,7597,0.026211007558376166,True,2.0846000115852803
42,no_history,4,FR,node,0.1,0,0.15,2258,0.041238204972895896,True,0.8123000152409077
42,no_history,4,FR,edge,0.1,0,0.35,1699,0.07623506757999231,True,1.9010999822057784
42,no_history,5,FR,node,0.1,0,0.15,2258,0.041238204972895896,True,0.9994000138249248
42,no_history,5,FR,edge,0.1,0,0.35,1699,0.07623506757999231,True,3.9752000011503696
42,no_history,6,DE,node,0.2,0,0.15,1482,0.050902325048608296,True,0.7882000063546002
42,no_history,6,DE,edge,0.2,0,0.25,358,0.12411763426158072,True,2.0129000185988843
42,no_history,7,FR,node,0.2,0,0.15,2258,0.041238204972895896,True,0.9304000122938305
42,no_history,7,FR,edge,0.2,0,0.25,905,0.07806398419868084,True,2.13049998274073
42,no_history,8,DE,node,0.05,0,0.15,1482,0.050902325048608296,False,0.7553999894298613
42,no_history,8,DE,node,0.05,1,0.25,2475,0.03511519354579307,True,0.8719000034034252
42,no_history,8,DE,edge,0.05,0,0.75,3242,0.04012345046277725,True,2.1967999928165227
42,no_history,9,DE,node,0.05,0,0.15,1482,0.050902325048608296,False,0.7575000054202974
42,no_history,9,DE,node,0.05,1,0.25,2475,0.03511519354579307,True,0.6609999982174486
42,no_history,9,DE,edge,0.05,0,0.75,3242,0.04012345046277725,True,1.96899997536093
42,no_history,10,DE,node,0.2,0,0.15,1482,0.050902325048608296,True,0.6637999904341996
42,no_history,10,DE,edge,0.2,0,0.25,358,0.12411763426158072,True,1.7706999788060784
42,no_history,11,FR,node,0.2,0,0.15,2258,0.041238204972895896,True,0.7597999938298017
42,no_history,11,FR,edge,0.2,0,0.25,905,0.07806398419868084,True,2.0363999938126653
42,joint_no_history,0,DE,node,0.2,0,0.15,1482,0.1390788282409492,True,0.7822000188753009
42,joint_no_history,0,DE,edge,0.2,0,0.25,358,0.22926532813010223,False,1.8266999977640808
42,joint_no_history,0,DE,edge,0.2,1,0.35,715,0.1932998970525419,True,1.7927000008057803
42,joint_no_history,1,FR,node,0.2,0,0.15,2258,0.11267385568171122,True,0.8922000124584883
42,joint_no_history,1,FR,edge,0.2,0,0.25,905,0.14419679410529673,True,2.025499998126179
42,joint_no_history,2,DE,node,0.05,0,0.35,3509,0.05328830681432877,False,0.7449999975506216
42,joint_no_history,2,DE,node,0.05,1,0.5,4982,0.03556196384183081,True,0.7866999949328601
42,joint_no_history,2,DE,edge,0.05,0,1.0,5833,0.0,True,0.9866000036709011
42,joint_no_history,3,FR,node,0.05,0,0.35,5279,0.04344579756392331,True,1.4491000038105994
42,joint_no_history,3,FR,edge,0.05,0,1.0,13428,0.0,True,1.1283000058028847
42,joint_no_history,4,FR,node,0.1,0,0.25,3803,0.06724786821543723,True,0.9221999789588153
42,joint_no_history,4,FR,edge,0.1,0,0.75,7597,0.04239353968058766,True,2.152000000933185
42,joint_no_history,5,FR,node,0.1,0,0.25,3803,0.06724786821543723,True,0.9680999792180955
42,joint_no_history,5,FR,edge,0.1,0,0.75,7597,0.04239353968058766,True,2.0494999771472067
42,joint_no_history,6,DE,node,0.2,0,0.15,1482,0.1390788282409492,True,0.8130999922286719
42,joint_no_history,6,DE,edge,0.2,0,0.25,358,0.22926532813010223,False,3.6244000075384974
42,joint_no_history,6,DE,edge,0.2,1,0.35,715,0.1932998970525419,True,2.3886000271886587
42,joint_no_history,7,FR,node,0.2,0,0.15,2258,0.11267385568171122,True,0.891500007128343
42,joint_no_history,7,FR,edge,0.2,0,0.25,905,0.14419679410529673,True,1.8467000045347959
42,joint_no_history,8,DE,node,0.05,0,0.35,3509,0.05328830681432877,False,0.6942000181879848
42,joint_no_history,8,DE,node,0.05,1,0.5,4982,0.03556196384183081,True,0.7692999788559973
42,joint_no_history,8,DE,edge,0.05,0,1.0,5833,0.0,True,0.849199976073578
42,joint_no_history,9,DE,node,0.05,0,0.35,3509,0.05328830681432877,False,0.6709999870508909
42,joint_no_history,9,DE,node,0.05,1,0.5,4982,0.03556196384183081,True,0.6679999933112413
42,joint_no_history,9,DE,edge,0.05,0,1.0,5833,0.0,True,1.0823000047821552
42,joint_no_history,10,DE,node,0.2,0,0.15,1482,0.1390788282409492,True,0.7841000042390078
42,joint_no_history,10,DE,edge,0.2,0,0.25,358,0.22926532813010223,False,2.3806999961379915
42,joint_no_history,10,DE,edge,0.2,1,0.35,715,0.1932998970525419,True,1.7285999783780426
42,joint_no_history,11,FR,node,0.2,0,0.15,2258,0.11267385568171122,True,0.7991000020410866
42,joint_no_history,11,FR,edge,0.2,0,0.25,905,0.14419679410529673,True,3.0709000129718333
43,no_history,0,DE,node,0.2,0,0.15,1453,0.051407787687310275,True,0.742000003810972
43,no_history,0,DE,edge,0.2,0,0.25,357,0.12429134692078339,True,2.526299998862669
43,no_history,1,FR,node,0.2,0,0.15,2275,0.041083839246829054,True,1.3106999977026135
43,no_history,1,FR,edge,0.2,0,0.25,858,0.08017359512063965,True,2.0237999851815403
43,no_history,2,DE,node,0.05,0,0.15,1453,0.051407787687310275,False,0.7250999915413558
43,no_history,2,DE,node,0.05,1,0.25,2442,0.03535166216740717,True,0.7089000137057155
43,no_history,2,DE,edge,0.05,0,0.75,3278,0.03990251819058596,True,1.8405999871902168
43,no_history,3,DE,node,0.05,0,0.15,1453,0.051407787687310275,False,0.7203999848570675
43,no_history,3,DE,node,0.05,1,0.25,2442,0.03535166216740717,True,0.6858999840915203
43,no_history,3,DE,edge,0.05,0,0.75,3278,0.03990251819058596,True,1.8429000047035515
43,no_history,4,FR,node,0.1,0,0.15,2275,0.041083839246829054,True,0.9547999943606555
43,no_history,4,FR,edge,0.1,0,0.35,1671,0.07687112803479126,True,2.6455000042915344
43,no_history,5,DE,node,0.1,0,0.15,1453,0.051407787687310275,True,0.686399987898767
43,no_history,5,DE,edge,0.1,0,0.35,734,0.11598543325365106,False,1.7448999860789627
43,no_history,5,DE,edge,0.1,1,0.5,1461,0.06500472422163915,True,1.7044999985955656
43,no_history,6,FR,node,0.2,0,0.15,2275,0.041083839246829054,True,0.8545999880880117
43,no_history,6,FR,edge,0.2,0,0.25,858,0.08017359512063965,True,1.833599992096424
43,no_history,7,FR,node,0.2,0,0.15,2275,0.041083839246829054,True,0.8097999962046742
43,no_history,7,FR,edge,0.2,0,0.25,858,0.08017359512063965,True,2.5271000049542636
43,no_history,8,DE,node,0.05,0,0.15,1453,0.051407787687310275,False,0.7074000022839755
43,no_history,8,DE,node,0.05,1,0.25,2442,0.03535166216740717,True,0.8335000020451844
43,no_history,8,DE,edge,0.05,0,0.75,3278,0.03990251819058596,True,1.717500010272488
43,no_history,9,DE,node,0.05,0,0.15,1453,0.051407787687310275,False,0.7037000032141805
43,no_history,9,DE,node,0.05,1,0.25,2442,0.03535166216740717,True,0.6725999992340803
43,no_history,9,DE,edge,0.05,0,0.75,3278,0.03990251819058596,True,1.8677999905776232
43,no_history,10,DE,node,0.2,0,0.15,1453,0.051407787687310275,True,0.6508000078611076
43,no_history,10,DE,edge,0.2,0,0.25,357,0.12429134692078339,True,1.7558000108692795
43,no_history,11,DE,node,0.2,0,0.15,1453,0.051407787687310275,True,0.6411000213120133
43,no_history,11,DE,edge,0.2,0,0.25,357,0.12429134692078339,True,2.821900008711964
43,joint_no_history,0,DE,node,0.2,0,0.15,1453,0.1404598879753153,True,0.7047000108286738
43,joint_no_history,0,DE,edge,0.2,0,0.25,357,0.22958620348395015,False,1.812900009099394
43,joint_no_history,0,DE,edge,0.2,1,0.35,734,0.1907816557788213,True,2.0782999927178025
43,joint_no_history,1,FR,node,0.2,0,0.15,2275,0.1122520870438064,True,0.7862999918870628
43,joint_no_history,1,FR,edge,0.2,0,0.25,858,0.14809358639534642,True,2.0080000103916973
43,joint_no_history,2,DE,node,0.05,0,0.35,3439,0.05382790997022399,False,0.818300002720207
43,joint_no_history,2,DE,node,0.05,1,0.5,4883,0.03592065402708604,True,0.856599974213168
43,joint_no_history,2,DE,edge,0.05,0,1.0,5833,0.0,True,1.5469999925699085
43,joint_no_history,3,DE,node,0.05,0,0.35,3439,0.05382790997022399,False,0.7264000014401972
43,joint_no_history,3,DE,node,0.05,1,0.5,4883,0.03592065402708604,True,0.7365999917965382
43,joint_no_history,3,DE,edge,0.05,0,1.0,5833,0.0,True,0.96750000375323
43,joint_no_history,4,FR,node,0.1,0,0.25,3805,0.06723019233966455,True,0.8963000145740807
43,joint_no_history,4,FR,edge,0.1,0,0.75,7536,0.04256477069839308,True,2.1825000003445894
43,joint_no_history,5,DE,node,0.1,0,0.25,2442,0.08392065299426284,True,0.7611000037286431
43,joint_no_history,5,DE,edge,0.1,0,0.75,3278,0.06453811378675502,True,1.89939999836497
43,joint_no_history,6,FR,node,0.2,0,0.15,2275,0.1122520870438064,True,1.572600012877956
43,joint_no_history,6,FR,edge,0.2,0,0.25,858,0.14809358639534642,True,2.5736999814398587
43,joint_no_history,7,FR,node,0.2,0,0.15,2275,0.1122520870438064,True,0.8670000243000686
43,joint_no_history,7,FR,edge,0.2,0,0.25,858,0.14809358639534642,True,2.227099990705028
43,joint_no_history,8,DE,node,0.05,0,0.35,3439,0.05382790997022399,False,0.6919000006746501
43,joint_no_history,8,DE,node,0.05,1,0.5,4883,0.03592065402708604,True,0.6770000036340207
43,joint_no_history,8,DE,edge,0.05,0,1.0,5833,0.0,True,0.7493000011891127
43,joint_no_history,9,DE,node,0.05,0,0.35,3439,0.05382790997022399,False,0.6571999983862042
43,joint_no_history,9,DE,node,0.05,1,0.5,4883,0.03592065402708604,True,0.68450000253506
43,joint_no_history,9,DE,edge,0.05,0,1.0,5833,0.0,True,1.6079999913927168
43,joint_no_history,10,DE,node,0.2,0,0.15,1453,0.1404598879753153,True,0.6940000166650862
43,joint_no_history,10,DE,edge,0.2,0,0.25,357,0.22958620348395015,False,1.7968999745789915
43,joint_no_history,10,DE,edge,0.2,1,0.35,734,0.1907816557788213,True,1.7571999924257398
43,joint_no_history,11,DE,node,0.2,0,0.15,1453,0.1404598879753153,True,0.6958000012673438
43,joint_no_history,11,DE,edge,0.2,0,0.25,357,0.22958620348395015,False,2.303999994182959
43,joint_no_history,11,DE,edge,0.2,1,0.35,734,0.1907816557788213,True,3.112400008831173
44,no_history,0,FR,node,0.2,0,0.15,2379,0.04017579697628474,True,1.0840999893844128
44,no_history,0,FR,edge,0.2,0,0.25,914,0.07767869209718646,True,2.59129999903962
44,no_history,1,FR,node,0.2,0,0.15,2379,0.04017579697628474,True,0.8251999970525503
44,no_history,1,FR,edge,0.2,0,0.25,914,0.07767869209718646,True,2.1625999943353236
44,no_history,2,FR,node,0.05,0,0.15,2379,0.04017579697628474,True,0.7371999963652343
44,no_history,2,FR,edge,0.05,0,0.75,7752,0.025947641971086323,True,2.058799989754334
44,no_history,3,DE,node,0.05,0,0.15,1479,0.050953923972194955,False,0.7254999945871532
44,no_history,3,DE,node,0.05,1,0.25,2451,0.03528669734282972,True,0.6328999879769981
44,no_history,3,DE,edge,0.05,0,0.75,3215,0.04029157926047751,True,2.7760000084526837
44,no_history,4,FR,node,0.1,0,0.15,2379,0.04017579697628474,True,1.2083000037819147
44,no_history,4,FR,edge,0.1,0,0.35,1727,0.07561453926807578,True,1.9085000094491988
44,no_history,5,FR,node,0.1,0,0.15,2379,0.04017579697628474,True,0.922399980481714
44,no_history,5,FR,edge,0.1,0,0.35,1727,0.07561453926807578,True,2.761999989161268
44,no_history,6,FR,node,0.2,0,0.15,2379,0.04017579697628474,True,1.0365000052843243
44,no_history,6,FR,edge,0.2,0,0.25,914,0.07767869209718646,True,3.1396000122185796
44,no_history,7,FR,node,0.2,0,0.15,2379,0.04017579697628474,True,0.8978999976534396
44,no_history,7,FR,edge,0.2,0,0.25,914,0.07767869209718646,True,1.9800000009126961
44,no_history,8,DE,node,0.05,0,0.15,1479,0.050953923972194955,False,0.7150000019464642
44,no_history,8,DE,node,0.05,1,0.25,2451,0.03528669734282972,True,0.8501000120304525
44,no_history,8,DE,edge,0.05,0,0.75,3215,0.04029157926047751,True,1.888399972813204
44,no_history,9,DE,node,0.05,0,0.15,1479,0.050953923972194955,False,0.6828000186942518
44,no_history,9,DE,node,0.05,1,0.25,2451,0.03528669734282972,True,0.662000005831942
44,no_history,9,DE,edge,0.05,0,0.75,3215,0.04029157926047751,True,1.9217999943066388
44,no_history,10,FR,node,0.2,0,0.15,2379,0.04017579697628474,True,1.2426000030245632
44,no_history,10,FR,edge,0.2,0,0.25,914,0.07767869209718646,True,1.9935999880544841
44,no_history,11,FR,node,0.2,0,0.15,2379,0.04017579697628474,True,0.7987999997567385
44,no_history,11,FR,edge,0.2,0,0.25,914,0.07767869209718646,True,2.3435000039171427
44,joint_no_history,0,FR,node,0.2,0,0.15,2379,0.10977107159195905,True,0.8861999958753586
44,joint_no_history,0,FR,edge,0.2,0,0.25,914,0.14348509732989026,True,2.784700016491115
44,joint_no_history,1,FR,node,0.2,0,0.15,2379,0.10977107159195905,True,1.0167000000365078
44,joint_no_history,1,FR,edge,0.2,0,0.25,914,0.14348509732989026,True,2.173199987737462
44,joint_no_history,2,FR,node,0.05,0,0.35,5350,0.0431565495051552,True,0.9750000026542693
44,joint_no_history,2,FR,edge,0.05,0,1.0,13428,0.0,True,1.26530000125058
44,joint_no_history,3,DE,node,0.05,0,0.35,3444,0.05378882209202427,False,0.8243000193033367
44,joint_no_history,3,DE,node,0.05,1,0.5,4896,0.035872933552043615,True,0.8170999935828149
44,joint_no_history,3,DE,edge,0.05,0,1.0,5833,0.0,True,1.048799982527271
44,joint_no_history,4,FR,node,0.1,0,0.25,3881,0.06656866736500981,True,0.9938000002875924
44,joint_no_history,4,FR,edge,0.1,0,0.75,7752,0.04196757362604332,True,2.690299996174872
44,joint_no_history,5,FR,node,0.1,0,0.25,3881,0.06656866736500981,True,0.8626000199001282
44,joint_no_history,5,FR,edge,0.1,0,0.75,7752,0.04196757362604332,True,1.9940999918617308
44,joint_no_history,6,FR,node,0.2,0,0.15,2379,0.10977107159195905,True,0.8360000210814178
44,joint_no_history,6,FR,edge,0.2,0,0.25,914,0.14348509732989026,True,2.516899985494092
44,joint_no_history,7,FR,node,0.2,0,0.15,2379,0.10977107159195905,True,1.1726999946404248
44,joint_no_history,7,FR,edge,0.2,0,0.25,914,0.14348509732989026,True,3.27290000859648
44,joint_no_history,8,DE,node,0.05,0,0.35,3444,0.05378882209202427,False,0.7480999920517206
44,joint_no_history,8,DE,node,0.05,1,0.5,4896,0.035872933552043615,True,0.7395999855361879
44,joint_no_history,8,DE,edge,0.05,0,1.0,5833,0.0,True,0.9512000251561403
44,joint_no_history,9,DE,node,0.05,0,0.35,3444,0.05378882209202427,False,0.7194000063464046
44,joint_no_history,9,DE,node,0.05,1,0.5,4896,0.035872933552043615,True,0.7170999888330698
44,joint_no_history,9,DE,edge,0.05,0,1.0,5833,0.0,True,0.9039000142365694
44,joint_no_history,10,FR,node,0.2,0,0.15,2379,0.10977107159195905,True,0.8866999996826053
44,joint_no_history,10,FR,edge,0.2,0,0.25,914,0.14348509732989026,True,3.4570000134408474
44,joint_no_history,11,FR,node,0.2,0,0.15,2379,0.10977107159195905,True,1.2246000114828348
44,joint_no_history,11,FR,edge,0.2,0,0.25,914,0.14348509732989026,True,2.2711000056006014
45,no_history,0,DE,node,0.2,0,0.15,1471,0.05109229197703185,True,0.7683000003453344
45,no_history,0,DE,edge,0.2,0,0.25,370,0.1220883264028001,True,3.2801000052131712
45,no_history,1,FR,node,0.2,0,0.15,2307,0.04079791083640234,True,0.8627000206615776
45,no_history,1,FR,edge,0.2,0,0.25,852,0.08045540124478642,True,2.6353999855928123
45,no_history,2,FR,node,0.05,0,0.15,2307,0.04079791083640234,True,0.8394000178668648
45,no_history,2,FR,edge,0.05,0,0.75,7510,0.026362391806366178,True,1.7762999923434108
45,no_history,3,FR,node,0.05,0,0.15,2307,0.04079791083640234,True,0.8733999857213348
45,no_history,3,FR,edge,0.05,0,0.75,7510,0.026362391806366178,True,2.1504000178538263
45,no_history,4,FR,node,0.1,0,0.15,2307,0.04079791083640234,True,1.879600022220984
45,no_history,4,FR,edge,0.1,0,0.35,1637,0.07766532060204377,True,2.105199993820861
45,no_history,5,DE,node,0.1,0,0.15,1471,0.05109229197703185,True,0.671899993903935
45,no_history,5,DE,edge,0.1,0,0.35,718,0.11727062963976789,False,1.7531999910715967
45,no_history,5,DE,edge,0.1,1,0.5,1528,0.0635635802405693,True,1.664300012635067
45,no_history,6,DE,node,0.2,0,0.15,1471,0.05109229197703185,True,0.9136000007856637
45,no_history,6,DE,edge,0.2,0,0.25,370,0.1220883264028001,True,1.9395999843254685
45,no_history,7,FR,node,0.2,0,0.15,2307,0.04079791083640234,True,0.7237999816425145
45,no_history,7,FR,edge,0.2,0,0.25,852,0.08045540124478642,True,3.608300001360476
45,no_history,8,DE,node,0.05,0,0.15,1471,0.05109229197703185,False,0.8322999929077923
45,no_history,8,DE,node,0.05,1,0.25,2495,0.034974168102326925,True,0.6309000018518418
45,no_history,8,DE,edge,0.05,0,0.75,3330,0.03958974114150944,True,1.8891000072471797
45,no_history,9,FR,node,0.05,0,0.15,2307,0.04079791083640234,True,0.8753000001888722
45,no_history,9,FR,edge,0.05,0,0.75,7510,0.026362391806366178,True,1.9111000001430511
45,no_history,10,FR,node,0.2,0,0.15,2307,0.04079791083640234,True,0.8992999792098999
45,no_history,10,FR,edge,0.2,0,0.25,852,0.08045540124478642,True,2.150099986465648
45,no_history,11,FR,node,0.2,0,0.15,2307,0.04079791083640234,True,0.9193000150844455
45,no_history,11,FR,edge,0.2,0,0.25,852,0.08045540124478642,True,2.193499996792525
45,joint_no_history,0,DE,node,0.2,0,0.15,1471,0.13959786892886375,True,0.7600999961141497
45,joint_no_history,0,DE,edge,0.2,0,0.25,370,0.22551686857487246,False,1.8823999853339046
45,joint_no_history,0,DE,edge,0.2,1,0.35,718,0.19289564447262664,True,1.8228999979328364
45,joint_no_history,1,FR,node,0.2,0,0.15,2307,0.1114708538045591,True,0.9972999978344887
45,joint_no_history,1,FR,edge,0.2,0,0.25,852,0.1486141278470584,True,3.828899993095547
45,joint_no_history,2,FR,node,0.05,0,0.35,5282,0.04343345792886337,True,0.9529000089969486
45,joint_no_history,2,FR,edge,0.05,0,1.0,13428,0.0,True,1.136700011556968
45,joint_no_history,3,FR,node,0.05,0,0.35,5282,0.04343345792886337,True,0.8833000028971583
45,joint_no_history,3,FR,edge,0.05,0,1.0,13428,0.0,True,1.513900002464652
45,joint_no_history,4,FR,node,0.1,0,0.25,3799,0.06728326183273789,True,0.9514999983366579
45,joint_no_history,4,FR,edge,0.1,0,0.75,7510,0.04263838773192209,True,2.093199989758432
45,joint_no_history,5,DE,node,0.1,0,0.25,2495,0.08302452685759137,True,0.77039998723194
45,joint_no_history,5,DE,edge,0.1,0,0.75,3330,0.06403222990527235,True,2.5443999911658466
45,joint_no_history,6,DE,node,0.2,0,0.15,1471,0.13959786892886375,True,0.7474999874830246
45,joint_no_history,6,DE,edge,0.2,0,0.25,370,0.22551686857487246,False,1.8447000184096396
45,joint_no_history,6,DE,edge,0.2,1,0.35,718,0.19289564447262664,True,1.9215000211261213
45,joint_no_history,7,FR,node,0.2,0,0.15,2307,0.1114708538045591,True,12.019999994663522
45,joint_no_history,7,FR,edge,0.2,0,0.25,852,0.1486141278470584,True,5.448900017654523
45,joint_no_history,8,DE,node,0.05,0,0.35,3481,0.053502194226633895,False,0.6404999876394868
45,joint_no_history,8,DE,node,0.05,1,0.5,4977,0.03557982251007936,True,0.6105999927967787
45,joint_no_history,8,DE,edge,0.05,0,1.0,5833,0.0,True,1.0701999999582767
45,joint_no_history,9,FR,node,0.05,0,0.35,5282,0.04343345792886337,True,0.7375999994110316
45,joint_no_history,9,FR,edge,0.05,0,1.0,13428,0.0,True,1.4204999897629023
45,joint_no_history,10,FR,node,0.2,0,0.15,2307,0.1114708538045591,True,1.0239000257570297
45,joint_no_history,10,FR,edge,0.2,0,0.25,852,0.1486141278470584,True,3.6111999943386763
45,joint_no_history,11,FR,node,0.2,0,0.15,2307,0.1114708538045591,True,0.972400011960417
45,joint_no_history,11,FR,edge,0.2,0,0.25,852,0.1486141278470584,True,2.142699988326058
46,joint_no_history,0,DE,node,0.2,0,0.15,1512,0.13769216521071062,True,0.8221000025514513
46,joint_no_history,0,DE,edge,0.2,0,0.25,393,0.21881828975133644,False,2.046700014034286
46,joint_no_history,0,DE,edge,0.2,1,0.35,749,0.18886163050887328,True,1.7590000061318278
46,joint_no_history,1,FR,node,0.2,0,0.15,2221,0.1136085051784078,True,1.1393000022508204
46,joint_no_history,1,FR,edge,0.2,0,0.25,782,0.15512311530114234,True,1.893200009362772
46,joint_no_history,2,FR,node,0.05,0,0.35,5170,0.04390139633704862,True,0.7899999909568578
46,joint_no_history,2,FR,edge,0.05,0,1.0,13428,0.0,True,0.9113000123761594
46,joint_no_history,3,FR,node,0.05,0,0.35,5170,0.04390139633704862,True,1.7021999810822308
46,joint_no_history,3,FR,edge,0.05,0,1.0,13428,0.0,True,1.6448000096715987
46,joint_no_history,4,DE,node,0.1,0,0.25,2509,0.08279256803751753,True,0.8343000081367791
46,joint_no_history,4,DE,edge,0.1,0,0.75,3359,0.0637552188850053,True,1.9397000141907483
46,joint_no_history,5,FR,node,0.1,0,0.25,3709,0.06809469321768222,True,0.9602999780327082
46,joint_no_history,5,FR,edge,0.1,0,0.75,7375,0.04302686765489786,True,1.7853000026661903
46,joint_no_history,6,FR,node,0.2,0,0.15,2221,0.1136085051784078,True,0.8172999951057136
46,joint_no_history,6,FR,edge,0.2,0,0.25,782,0.15512311530114234,True,2.7565000054892153
46,joint_no_history,7,FR,node,0.2,0,0.15,2221,0.1136085051784078,True,1.0242999996989965
46,joint_no_history,7,FR,edge,0.2,0,0.25,782,0.15512311530114234,True,2.2526999819092453
46,joint_no_history,8,FR,node,0.05,0,0.35,5170,0.04390139633704862,True,0.7935000176075846
46,joint_no_history,8,FR,edge,0.05,0,1.0,13428,0.0,True,1.0786000057123601
46,joint_no_history,9,FR,node,0.05,0,0.35,5170,0.04390139633704862,True,0.9212000004481524
46,joint_no_history,9,FR,edge,0.05,0,1.0,13428,0.0,True,1.205000007757917
46,joint_no_history,10,DE,node,0.2,0,0.15,1512,0.13769216521071062,True,0.8004000119399279
46,joint_no_history,10,DE,edge,0.2,0,0.25,393,0.21881828975133644,False,2.441499993437901
46,joint_no_history,10,DE,edge,0.2,1,0.35,749,0.18886163050887328,True,2.4733999744057655
46,joint_no_history,11,DE,node,0.2,0,0.15,1512,0.13769216521071062,True,0.6957000005058944
46,joint_no_history,11,DE,edge,0.2,0,0.25,393,0.21881828975133644,False,1.9579000072553754
46,joint_no_history,11,DE,edge,0.2,1,0.35,749,0.18886163050887328,True,1.7928000015672296
46,no_history,0,DE,node,0.2,0,0.15,1512,0.05039481162481236,True,0.6751000182703137
46,no_history,0,DE,edge,0.2,0,0.25,393,0.11846190908417174,True,1.618400012375787
46,no_history,1,FR,node,0.2,0,0.15,2221,0.04158028315322787,True,1.2871000217273831
46,no_history,1,FR,edge,0.2,0,0.25,782,0.08397917926577333,True,2.1303999819792807
46,no_history,2,FR,node,0.05,0,0.15,2221,0.04158028315322787,True,0.8078999817371368
46,no_history,2,FR,edge,0.05,0,0.75,7375,0.02660258053026408,True,1.9201999821234494
46,no_history,3,FR,node,0.05,0,0.15,2221,0.04158028315322787,True,0.7857999880798161
46,no_history,3,FR,edge,0.05,0,0.75,7375,0.02660258053026408,True,2.070399990770966
46,no_history,4,DE,node,0.1,0,0.15,1512,0.05039481162481236,True,0.7080000068526715
46,no_history,4,DE,edge,0.1,0,0.35,749,0.11481815665211521,False,2.1293000027071685
46,no_history,4,DE,edge,0.1,1,0.5,1466,0.06489377564406074,True,3.9159000152722
46,no_history,5,FR,node,0.1,0,0.15,2221,0.04158028315322787,True,0.8798000053502619
46,no_history,5,FR,edge,0.1,0,0.35,1576,0.07915409220771022,True,1.930400001583621
46,no_history,6,FR,node,0.2,0,0.15,2221,0.04158028315322787,True,0.8004000119399279
46,no_history,6,FR,edge,0.2,0,0.25,782,0.08397917926577333,True,1.9083000079263002
46,no_history,7,FR,node,0.2,0,0.15,2221,0.04158028315322787,True,0.7998000073712319
46,no_history,7,FR,edge,0.2,0,0.25,782,0.08397917926577333,True,1.9310999778099358
46,no_history,8,FR,node,0.05,0,0.15,2221,0.04158028315322787,True,1.6116999904625118
46,no_history,8,FR,edge,0.05,0,0.75,7375,0.02660258053026408,True,1.9845000060740858
46,no_history,9,FR,node,0.05,0,0.15,2221,0.04158028315322787,True,0.8114000083878636
46,no_history,9,FR,edge,0.05,0,0.75,7375,0.02660258053026408,True,1.9116000039502978
46,no_history,10,DE,node,0.2,0,0.15,1512,0.05039481162481236,True,0.7022999925538898
46,no_history,10,DE,edge,0.2,0,0.25,393,0.11846190908417174,True,1.8599999893922359
46,no_history,11,DE,node,0.2,0,0.15,1512,0.05039481162481236,True,0.7451999990735203
46,no_history,11,DE,edge,0.2,0,0.25,393,0.11846190908417174,True,2.534300001570955
47,joint_no_history,0,FR,node,0.2,0,0.15,2203,0.11407169013283652,True,0.913099996978417
47,joint_no_history,0,FR,edge,0.2,0,0.25,763,0.15704265377287233,True,1.9595999910961837
47,joint_no_history,1,DE,node,0.2,0,0.15,1489,0.13875152847722153,True,0.6972999835852534
47,joint_no_history,1,DE,edge,0.2,0,0.25,365,0.22705625073597852,False,1.8711999873630702
47,joint_no_history,1,DE,edge,0.2,1,0.35,716,0.19316486392600107,True,1.8196000019088387
47,joint_no_history,2,FR,node,0.05,0,0.35,5141,0.04402504447137283,True,0.904499989701435
47,joint_no_history,2,FR,edge,0.05,0,1.0,13428,0.0,True,1.34529999922961
47,joint_no_history,3,DE,node,0.05,0,0.35,3466,0.053617841441822085,False,0.7821999897714704
47,joint_no_history,3,DE,node,0.05,1,0.5,4996,0.03551210227561687,True,0.7861999911256135
47,joint_no_history,3,DE,edge,0.05,0,1.0,5833,0.0,True,1.0138000070583075
47,joint_no_history,4,FR,node,0.1,0,0.25,3704,0.06814063795890414,True,0.95420001889579
47,joint_no_history,4,FR,edge,0.1,0,0.75,7472,0.04274667225661606,True,2.277400024468079
47,joint_no_history,5,FR,node,0.1,0,0.25,3704,0.06814063795890414,True,0.9879000135697424
47,joint_no_history,5,FR,edge,0.1,0,0.75,7472,0.04274667225661606,True,2.2004999918863177
47,joint_no_history,6,DE,node,0.2,0,0.15,1489,0.13875152847722153,True,1.3038000033702701
47,joint_no_history,6,DE,edge,0.2,0,0.25,365,0.22705625073597852,False,2.3370000126305968
47,joint_no_history,6,DE,edge,0.2,1,0.35,716,0.19316486392600107,True,2.118100004736334
47,joint_no_history,7,DE,node,0.2,0,0.15,1489,0.13875152847722153,True,0.7212999917101115
47,joint_no_history,7,DE,edge,0.2,0,0.25,365,0.22705625073597852,False,1.7573999939486384
47,joint_no_history,7,DE,edge,0.2,1,0.35,716,0.19316486392600107,True,1.7380999925080687
47,joint_no_history,8,DE,node,0.05,0,0.35,3466,0.053617841441822085,False,0.7411999977193773
47,joint_no_history,8,DE,node,0.05,1,0.5,4996,0.03551210227561687,True,0.6787000165786594
47,joint_no_history,8,DE,edge,0.05,0,1.0,5833,0.0,True,0.8846000127959996
47,joint_no_history,9,DE,node,0.05,0,0.35,3466,0.053617841441822085,False,1.5174000000115484
47,joint_no_history,9,DE,node,0.05,1,0.5,4996,0.03551210227561687,True,1.0722999868448824
47,joint_no_history,9,DE,edge,0.05,0,1.0,5833,0.0,True,0.9323999984189868
47,joint_no_history,10,DE,node,0.2,0,0.15,1489,0.13875152847722153,True,0.6919000006746501
47,joint_no_history,10,DE,edge,0.2,0,0.25,365,0.22705625073597852,False,2.498999994713813
47,joint_no_history,10,DE,edge,0.2,1,0.35,716,0.19316486392600107,True,2.0434999896679074
47,joint_no_history,11,DE,node,0.2,0,0.15,1489,0.13875152847722153,True,0.7599999953527004
47,joint_no_history,11,DE,edge,0.2,0,0.25,365,0.22705625073597852,False,1.7488000157754868
47,joint_no_history,11,DE,edge,0.2,1,0.35,716,0.19316486392600107,True,1.7619999998714775
47,no_history,0,FR,node,0.2,0,0.15,2203,0.04174980709447872,True,0.9174000006169081
47,no_history,0,FR,edge,0.2,0,0.25,763,0.08501836201498528,True,1.9776000117417425
47,no_history,1,DE,node,0.2,0,0.15,1489,0.05078253457314689,True,0.833700003568083
47,no_history,1,DE,edge,0.2,0,0.25,365,0.12292170349308798,True,1.9993000023532659
47,no_history,2,FR,node,0.05,0,0.15,2203,0.04174980709447872,True,0.9609999833628535
47,no_history,2,FR,edge,0.05,0,0.75,7472,0.026429341783098328,True,2.3350999981630594
47,no_history,3,DE,node,0.05,0,0.15,1489,0.05078253457314689,False,0.9103000047616661
47,no_history,3,DE,node,0.05,1,0.25,2512,0.034855623078236544,True,0.7560999947600067
47,no_history,3,DE,edge,0.05,0,0.75,3339,0.03953634969288526,True,1.9347999768797308
47,no_history,4,FR,node,0.1,0,0.15,2203,0.04174980709447872,True,0.9207999974023551
47,no_history,4,FR,edge,0.1,0,0.35,1531,0.08030893815619863,True,2.347300003748387
47,no_history,5,FR,node,0.1,0,0.15,2203,0.04174980709447872,True,0.8970000199042261
47,no_history,5,FR,edge,0.1,0,0.35,1531,0.08030893815619863,True,1.933799998369068
47,no_history,6,DE,node,0.2,0,0.15,1489,0.05078253457314689,True,1.1645999911706895
47,no_history,6,DE,edge,0.2,0,0.25,365,0.12292170349308798,True,2.2250000038184226
47,no_history,7,DE,node,0.2,0,0.15,1489,0.05078253457314689,True,0.6232000014279038
47,no_history,7,DE,edge,0.2,0,0.25,365,0.12292170349308798,True,1.6545999969821423
47,no_history,8,DE,node,0.05,0,0.15,1489,0.05078253457314689,False,0.6769000028725713
47,no_history,8,DE,node,0.05,1,0.25,2512,0.034855623078236544,True,0.9275000193156302
47,no_history,8,DE,edge,0.05,0,0.75,3339,0.03953634969288526,True,1.7475000058766454
47,no_history,9,DE,node,0.05,0,0.15,1489,0.05078253457314689,False,0.691299996105954
47,no_history,9,DE,node,0.05,1,0.25,2512,0.034855623078236544,True,0.6736999785061926
47,no_history,9,DE,edge,0.05,0,0.75,3339,0.03953634969288526,True,1.9882999768014997
47,no_history,10,DE,node,0.2,0,0.15,1489,0.05078253457314689,True,1.4405000256374478
47,no_history,10,DE,edge,0.2,0,0.25,365,0.12292170349308798,True,1.8959000008180737
47,no_history,11,DE,node,0.2,0,0.15,1489,0.05078253457314689,True,0.8401000231970102
47,no_history,11,DE,edge,0.2,0,0.25,365,0.12292170349308798,True,1.8413999932818115
48,joint_no_history,0,FR,node,0.2,0,0.15,2218,0.11368531093716065,True,0.8744999940972775
48,joint_no_history,0,FR,edge,0.2,0,0.25,868,0.14723804147560327,True,1.8959000008180737
48,joint_no_history,1,FR,node,0.2,0,0.15,2218,0.11368531093716065,True,1.1916999937966466
48,joint_no_history,1,FR,edge,0.2,0,0.25,868,0.14723804147560327,True,2.409400010947138
48,joint_no_history,2,DE,node,0.05,0,0.35,3317,0.054808872680447186,False,0.7695999811403453
48,joint_no_history,2,DE,node,0.05,1,0.5,4800,0.03622988695623991,True,0.7451999990735203
48,joint_no_history,2,DE,edge,0.05,0,1.0,5833,0.0,True,0.977399991825223
48,joint_no_history,3,FR,node,0.05,0,0.35,5261,0.04352005688657403,True,0.9632000001147389
48,joint_no_history,3,FR,edge,0.05,0,1.0,13428,0.0,True,1.2046000047121197
48,joint_no_history,4,DE,node,0.1,0,0.25,2385,0.08491755723054689,True,0.8911000040825456
48,joint_no_history,4,DE,edge,0.1,0,0.75,3302,0.06430314414581267,True,3.4546999959275126
48,joint_no_history,5,DE,node,0.1,0,0.25,2385,0.08491755723054689,True,0.8529000042472035
48,joint_no_history,5,DE,edge,0.1,0,0.75,3302,0.06430314414581267,True,1.895099994726479
48,joint_no_history,6,FR,node,0.2,0,0.15,2218,0.11368531093716065,True,0.9015999967232347
48,joint_no_history,6,FR,edge,0.2,0,0.25,868,0.14723804147560327,True,2.07129999762401
48,joint_no_history,7,DE,node,0.2,0,0.15,1410,0.142585567513272,True,0.7890000124461949
48,joint_no_history,7,DE,edge,0.2,0,0.25,337,0.2363006651393889,False,2.2557000047527254
48,joint_no_history,7,DE,edge,0.2,1,0.35,616,0.20825444871916107,False,1.9346000044606626
48,joint_no_history,7,DE,edge,0.2,2,0.5,1358,0.16942942611064088,True,2.234399988083169
48,joint_no_history,8,DE,node,0.05,0,0.35,3317,0.054808872680447186,False,0.6730000022798777
48,joint_no_history,8,DE,node,0.05,1,0.5,4800,0.03622988695623991,True,0.6729999731760472
48,joint_no_history,8,DE,edge,0.05,0,1.0,5833,0.0,True,1.053999993018806
48,joint_no_history,9,FR,node,0.05,0,0.35,5261,0.04352005688657403,True,0.831599987577647
48,joint_no_history,9,FR,edge,0.05,0,1.0,13428,0.0,True,1.0824000055436045
48,joint_no_history,10,DE,node,0.2,0,0.15,1410,0.142585567513272,True,0.8951999770943075
48,joint_no_history,10,DE,edge,0.2,0,0.25,337,0.2363006651393889,False,2.2687999880872667
48,joint_no_history,10,DE,edge,0.2,1,0.35,616,0.20825444871916107,False,2.0093999919481575
48,joint_no_history,10,DE,edge,0.2,2,0.5,1358,0.16942942611064088,True,2.330099989194423
48,joint_no_history,11,DE,node,0.2,0,0.15,1410,0.142585567513272,True,0.7298999989870936
48,joint_no_history,11,DE,edge,0.2,0,0.25,337,0.2363006651393889,False,1.9174999906681478
48,joint_no_history,11,DE,edge,0.2,1,0.35,616,0.20825444871916107,False,1.8445999885443598
48,joint_no_history,11,DE,edge,0.2,2,0.5,1358,0.16942942611064088,True,1.7703000048641115
48,no_history,0,FR,node,0.2,0,0.15,2218,0.041608393770401535,True,0.8629999938420951
48,no_history,0,FR,edge,0.2,0,0.25,868,0.07971042778387263,True,2.1921999868936837
48,no_history,1,FR,node,0.2,0,0.15,2218,0.041608393770401535,True,1.1924999998882413
48,no_history,1,FR,edge,0.2,0,0.25,868,0.07971042778387263,True,2.4176999868359417
48,no_history,2,DE,node,0.05,0,0.15,1410,0.05218577835748467,False,0.745700002880767
48,no_history,2,DE,node,0.05,1,0.25,2385,0.0357716091115376,True,0.7357999857049435
48,no_history,2,DE,edge,0.05,0,0.75,3302,0.039757241549825795,True,1.9136999908369035
48,no_history,3,FR,node,0.05,0,0.15,2218,0.041608393770401535,True,0.898300000699237
48,no_history,3,FR,edge,0.05,0,0.75,7511,0.026360636829044635,True,2.000800013775006
48,no_history,4,DE,node,0.1,0,0.15,1410,0.05218577835748467,True,0.777499983087182
48,no_history,4,DE,edge,0.1,0,0.35,616,0.12660799259282635,False,3.256700001657009
48,no_history,4,DE,edge,0.1,1,0.5,1358,0.06742487394083393,True,2.871800010325387
48,no_history,5,DE,node,0.1,0,0.15,1410,0.05218577835748467,True,0.7422000053338706
48,no_history,5,DE,edge,0.1,0,0.35,616,0.12660799259282635,False,1.8644999945536256
48,no_history,5,DE,edge,0.1,1,0.5,1358,0.06742487394083393,True,1.7756999877747148
48,no_history,6,FR,node,0.2,0,0.15,2218,0.041608393770401535,True,0.8562000002712011
48,no_history,6,FR,edge,0.2,0,0.25,868,0.07971042778387263,True,1.9292000215500593
48,no_history,7,DE,node,0.2,0,0.15,1410,0.05218577835748467,True,0.755899993237108
48,no_history,7,DE,edge,0.2,0,0.25,337,0.1279263627463784,True,3.855800023302436
48,no_history,8,DE,node,0.05,0,0.15,1410,0.05218577835748467,False,0.7704000163357705
48,no_history,8,DE,node,0.05,1,0.25,2385,0.0357716091115376,True,0.728100014384836
48,no_history,8,DE,edge,0.05,0,0.75,3302,0.039757241549825795,True,3.3990999800153077
48,no_history,9,FR,node,0.05,0,0.15,2218,0.041608393770401535,True,0.828799995360896
48,no_history,9,FR,edge,0.05,0,0.75,7511,0.026360636829044635,True,1.8834999937098473
48,no_history,10,DE,node,0.2,0,0.15,1410,0.05218577835748467,True,0.7573999755550176
48,no_history,10,DE,edge,0.2,0,0.25,337,0.1279263627463784,True,1.920500013511628
48,no_history,11,DE,node,0.2,0,0.15,1410,0.05218577835748467,True,1.2149999965913594
48,no_history,11,DE,edge,0.2,0,0.25,337,0.1279263627463784,True,2.4680999922566116
49,joint_no_history,0,DE,node,0.2,0,0.15,1501,0.13819577913374687,True,0.7266000029630959
49,joint_no_history,0,DE,edge,0.2,0,0.25,371,0.2252127324033486,False,1.6365000046789646
49,joint_no_history,0,DE,edge,0.2,1,0.35,762,0.18724367568970884,True,1.7365000094287097
49,joint_no_history,1,DE,node,0.2,0,0.15,1501,0.13819577913374687,True,0.676499999826774
49,joint_no_history,1,DE,edge,0.2,0,0.25,371,0.2252127324033486,False,1.9155000045429915
49,joint_no_history,1,DE,edge,0.2,1,0.35,762,0.18724367568970884,True,2.1829999750480056
49,joint_no_history,2,FR,node,0.05,0,0.35,5217,0.043703194889879414,True,0.9569000103510916
49,joint_no_history,2,FR,edge,0.05,0,1.0,13428,0.0,True,1.2777000083588064
49,joint_no_history,3,FR,node,0.05,0,0.35,5217,0.043703194889879414,True,0.9479000000283122
49,joint_no_history,3,FR,edge,0.05,0,1.0,13428,0.0,True,1.1599000135902315
49,joint_no_history,4,DE,node,0.1,0,0.25,2496,0.08300789367564392,True,0.7926000107545406
49,joint_no_history,4,DE,edge,0.1,0,0.75,3318,0.06414791605181301,True,1.816000003600493
49,joint_no_history,5,DE,node,0.1,0,0.25,2496,0.08300789367564392,True,0.6238000059965998
49,joint_no_history,5,DE,edge,0.1,0,0.75,3318,0.06414791605181301,True,4.44340001558885
49,joint_no_history,6,DE,node,0.2,0,0.15,1501,0.13819577913374687,True,0.6018000131007284
49,joint_no_history,6,DE,edge,0.2,0,0.25,371,0.2252127324033486,False,1.7307000234723091
49,joint_no_history,6,DE,edge,0.2,1,0.35,762,0.18724367568970884,True,1.959300017915666
49,joint_no_history,7,FR,node,0.2,0,0.15,2163,0.11512161277391739,True,0.9713000035844743
49,joint_no_history,7,FR,edge,0.2,0,0.25,850,0.1487888652711384,True,1.8998000014107674
49,joint_no_history,8,DE,node,0.05,0,0.35,3514,0.05325038188829898,False,0.8385000110138208
49,joint_no_history,8,DE,node,0.05,1,0.5,5025,0.035409481268284644,True,0.7326999912038445
49,joint_no_history,8,DE,edge,0.05,0,1.0,5833,0.0,True,1.4391000149771571
49,joint_no_history,9,FR,node,0.05,0,0.35,5217,0.043703194889879414,True,1.6459999897051603
49,joint_no_history,9,FR,edge,0.05,0,1.0,13428,0.0,True,1.2174000148661435
49,joint_no_history,10,FR,node,0.2,0,0.15,2163,0.11512161277391739,True,0.9059000003617257
49,joint_no_history,10,FR,edge,0.2,0,0.25,850,0.1487888652711384,True,2.227899996796623
49,joint_no_history,11,FR,node,0.2,0,0.15,2163,0.11512161277391739,True,1.0145999840460718
49,joint_no_history,11,FR,edge,0.2,0,0.25,850,0.1487888652711384,True,2.1510000224225223
49,no_history,0,DE,node,0.2,0,0.15,1501,0.050579132415644615,True,0.7475999882444739
49,no_history,0,DE,edge,0.2,0,0.25,371,0.12192367585397618,True,1.9604000262916088
49,no_history,1,DE,node,0.2,0,0.15,1501,0.050579132415644615,True,0.6710000161547214
49,no_history,1,DE,edge,0.2,0,0.25,371,0.12192367585397618,True,1.6982000088319182
49,no_history,2,FR,node,0.05,0,0.15,2163,0.04213407480961652,True,0.8389000140596181
49,no_history,2,FR,edge,0.05,0,0.75,7565,0.02626638542559434,True,3.2173999934457242
49,no_history,3,FR,node,0.05,0,0.15,2163,0.04213407480961652,True,1.3814000121783465
49,no_history,3,FR,edge,0.05,0,0.75,7565,0.02626638542559434,True,2.6704999909270555
49,no_history,4,DE,node,0.1,0,0.15,1501,0.050579132415644615,True,0.7550999871455133
49,no_history,4,DE,edge,0.1,0,0.35,762,0.11383452334670362,False,1.8721999949775636
49,no_history,4,DE,edge,0.1,1,0.5,1571,0.06268764221382901,True,1.9585999834816903
49,no_history,5,DE,node,0.1,0,0.15,1501,0.050579132415644615,True,0.7817000150680542
49,no_history,5,DE,edge,0.1,0,0.35,762,0.11383452334670362,False,2.9501999961212277
49,no_history,5,DE,edge,0.1,1,0.5,1571,0.06268764221382901,True,3.055499983020127
49,no_history,6,DE,node,0.2,0,0.15,1501,0.050579132415644615,True,0.7640999974682927
49,no_history,6,DE,edge,0.2,0,0.25,371,0.12192367585397618,True,1.8663000082597136
49,no_history,7,FR,node,0.2,0,0.15,2163,0.04213407480961652,True,0.831599987577647
49,no_history,7,FR,edge,0.2,0,0.25,850,0.08054999904494513,True,1.9977999909315258
49,no_history,8,DE,node,0.05,0,0.15,1501,0.050579132415644615,False,0.8652000105939806
49,no_history,8,DE,node,0.05,1,0.25,2496,0.03496716135716949,True,0.9579999896232039
49,no_history,8,DE,edge,0.05,0,0.75,3318,0.039661267380748315,True,2.916700002970174
49,no_history,9,FR,node,0.05,0,0.15,2163,0.04213407480961652,True,0.8900999964680523
49,no_history,9,FR,edge,0.05,0,0.75,7565,0.02626638542559434,True,2.319599996553734
49,no_history,10,FR,node,0.2,0,0.15,2163,0.04213407480961652,True,0.8414000039920211
49,no_history,10,FR,edge,0.2,0,0.25,850,0.08054999904494513,True,1.8598999886307865
49,no_history,11,FR,node,0.2,0,0.15,2163,0.04213407480961652,True,1.0389999952167273
49,no_history,11,FR,edge,0.2,0,0.25,850,0.08054999904494513,True,2.212799998233095
50,no_history,0,FR,node,0.2,0,0.15,2151,0.04225144014785284,True,0.9136000007856637
50,no_history,0,FR,edge,0.2,0,0.25,800,0.08302903855142761,True,2.0454999757930636
50,no_history,1,FR,node,0.2,0,0.15,2151,0.04225144014785284,True,1.1009000008925796
50,no_history,1,FR,edge,0.2,0,0.25,800,0.08302903855142761,True,3.223499981686473
50,no_history,2,FR,node,0.05,0,0.15,2151,0.04225144014785284,True,0.7795999990776181
50,no_history,2,FR,edge,0.05,0,0.75,7502,0.02637644425502211,True,1.8789000168908387
50,no_history,3,DE,node,0.05,0,0.15,1483,0.050885160210808286,False,0.683899997966364
50,no_history,3,DE,node,0.05,1,0.25,2486,0.03503741893525452,True,0.6763999990653247
50,no_history,3,DE,edge,0.05,0,0.75,3300,0.039769287373931865,True,1.6707000031601638
50,no_history,4,FR,node,0.1,0,0.15,2151,0.04225144014785284,True,0.7958000060170889
50,no_history,4,FR,edge,0.1,0,0.35,1566,0.0794064170179617,True,2.2684000141453
50,no_history,5,FR,node,0.1,0,0.15,2151,0.04225144014785284,True,1.415400009136647
50,no_history,5,FR,edge,0.1,0,0.35,1566,0.0794064170179617,True,2.242999995360151
50,no_history,6,FR,node,0.2,0,0.15,2151,0.04225144014785284,True,0.840199994854629
50,no_history,6,FR,edge,0.2,0,0.25,800,0.08302903855142761,True,1.9640999962575734
50,no_history,7,FR,node,0.2,0,0.15,2151,0.04225144014785284,True,0.8497000089846551
50,no_history,7,FR,edge,0.2,0,0.25,800,0.08302903855142761,True,1.9683999998960644
50,no_history,8,FR,node,0.05,0,0.15,2151,0.04225144014785284,True,0.9294000046793371
50,no_history,8,FR,edge,0.05,0,0.75,7502,0.02637644425502211,True,3.378199995495379
50,no_history,9,FR,node,0.05,0,0.15,2151,0.04225144014785284,True,0.8592999947723001
50,no_history,9,FR,edge,0.05,0,0.75,7502,0.02637644425502211,True,1.892900007078424
50,no_history,10,FR,node,0.2,0,0.15,2151,0.04225144014785284,True,0.9095999994315207
50,no_history,10,FR,edge,0.2,0,0.25,800,0.08302903855142761,True,2.3885999980848283
50,no_history,11,FR,node,0.2,0,0.15,2151,0.04225144014785284,True,0.9171999990940094
50,no_history,11,FR,edge,0.2,0,0.25,800,0.08302903855142761,True,2.2047999955248088
50,joint_no_history,0,FR,node,0.2,0,0.15,2151,0.11544228641117114,True,0.8886999858077615
50,joint_no_history,0,FR,edge,0.2,0,0.25,800,0.15336805185717475,True,1.9041999767068774
50,joint_no_history,1,FR,node,0.2,0,0.15,2151,0.11544228641117114,True,1.002699980745092
50,joint_no_history,1,FR,edge,0.2,0,0.25,800,0.15336805185717475,True,2.0958999812137336
50,joint_no_history,2,FR,node,0.05,0,0.35,5125,0.04409371293887461,True,0.919599988264963
50,joint_no_history,2,FR,edge,0.05,0,1.0,13428,0.0,True,1.418800005922094
50,joint_no_history,3,DE,node,0.05,0,0.35,3445,0.05378101472975192,False,0.8244000200647861
50,joint_no_history,3,DE,node,0.05,1,0.5,4924,0.0357707936112159,True,0.7795999990776181
50,joint_no_history,3,DE,edge,0.05,0,1.0,5833,0.0,True,1.229999994393438
50,joint_no_history,4,FR,node,0.1,0,0.25,3616,0.06896479877845252,True,1.1668000079225749
50,joint_no_history,4,FR,edge,0.1,0,0.75,7502,0.04266111608520564,True,2.0631999941542745
50,joint_no_history,5,FR,node,0.1,0,0.25,3616,0.06896479877845252,True,0.8751999994274229
50,joint_no_history,5,FR,edge,0.1,0,0.75,7502,0.04266111608520564,True,1.7047000001184642
50,joint_no_history,6,FR,node,0.2,0,0.15,2151,0.11544228641117114,True,1.3181999966036528
50,joint_no_history,6,FR,edge,0.2,0,0.25,800,0.15336805185717475,True,2.417400013655424
50,joint_no_history,7,FR,node,0.2,0,0.15,2151,0.11544228641117114,True,0.8823999960441142
50,joint_no_history,7,FR,edge,0.2,0,0.25,800,0.15336805185717475,True,2.0736000151373446
50,joint_no_history,8,FR,node,0.05,0,0.35,5125,0.04409371293887461,True,0.9107000078074634
50,joint_no_history,8,FR,edge,0.05,0,1.0,13428,0.0,True,1.1666000063996762
50,joint_no_history,9,FR,node,0.05,0,0.35,5125,0.04409371293887461,True,0.9483000030741096
50,joint_no_history,9,FR,edge,0.05,0,1.0,13428,0.0,True,1.497599994763732
50,joint_no_history,10,FR,node,0.2,0,0.15,2151,0.11544228641117114,True,0.9849000198300928
50,joint_no_history,10,FR,edge,0.2,0,0.25,800,0.15336805185717475,True,2.2123999951872975
50,joint_no_history,11,FR,node,0.2,0,0.15,2151,0.11544228641117114,True,0.9721999813336879
50,joint_no_history,11,FR,edge,0.2,0,0.25,800,0.15336805185717475,True,2.170399995520711
51,no_history,0,DE,node,0.2,0,0.15,1448,0.05149646773888578,True,0.8296000014524907
51,no_history,0,DE,edge,0.2,0,0.25,369,0.12225364581015224,True,3.3066000032704324
51,no_history,1,DE,node,0.2,0,0.15,1448,0.05149646773888578,True,0.8462000114377588
51,no_history,1,DE,edge,0.2,0,0.25,369,0.12225364581015224,True,2.130100008798763
51,no_history,2,FR,node,0.05,0,0.15,2245,0.04135743054462943,True,0.7813999836798757
51,no_history,2,FR,edge,0.05,0,0.75,7343,0.026660483100261884,True,1.788599998690188
51,no_history,3,FR,node,0.05,0,0.15,2245,0.04135743054462943,True,1.1105999874416739
51,no_history,3,FR,edge,0.05,0,0.75,7343,0.026660483100261884,True,2.741600008448586
51,no_history,4,FR,node,0.1,0,0.15,2245,0.04135743054462943,True,1.7038999940268695
51,no_history,4,FR,edge,0.1,0,0.35,1629,0.07785579377737731,True,2.6111999759450555
51,no_history,5,DE,node,0.1,0,0.15,1448,0.05149646773888578,True,0.9511999960523099
51,no_history,5,DE,edge,0.1,0,0.35,696,0.11910962552694254,False,1.9293999939691275
51,no_history,5,DE,edge,0.1,1,0.5,1411,0.06614644697884783,True,1.7766999953892082
51,no_history,6,FR,node,0.2,0,0.15,2245,0.04135743054462943,True,0.9592999995220453
51,no_history,6,FR,edge,0.2,0,0.25,839,0.0810763188643603,True,1.811399997677654
51,no_history,7,DE,node,0.2,0,0.15,1448,0.05149646773888578,True,0.8758000039961189
51,no_history,7,DE,edge,0.2,0,0.25,369,0.12225364581015224,True,2.5292000209446996
51,no_history,8,DE,node,0.05,0,0.15,1448,0.05149646773888578,False,0.614399992628023
51,no_history,8,DE,node,0.05,1,0.25,2434,0.035409710912854477,True,0.6419999990612268
51,no_history,8,DE,edge,0.05,0,0.75,3303,0.03975122274098806,True,1.6344999894499779
51,no_history,9,DE,node,0.05,0,0.15,1448,0.05149646773888578,False,0.7925000099930912
51,no_history,9,DE,node,0.05,1,0.25,2434,0.035409710912854477,True,0.7973999890964478
51,no_history,9,DE,edge,0.05,0,0.75,3303,0.03975122274098806,True,2.0025999983772635
51,no_history,10,DE,node,0.2,0,0.15,1448,0.05149646773888578,True,0.7086999830789864
51,no_history,10,DE,edge,0.2,0,0.25,369,0.12225364581015224,True,2.012599987210706
51,no_history,11,FR,node,0.2,0,0.15,2245,0.04135743054462943,True,0.9785000002011657
51,no_history,11,FR,edge,0.2,0,0.25,839,0.0810763188643603,True,1.880600000731647
51,joint_no_history,0,DE,node,0.2,0,0.15,1448,0.14070218570237772,True,0.9563999774400145
51,joint_no_history,0,DE,edge,0.2,0,0.25,369,0.2258222402361868,False,2.125700004398823
51,joint_no_history,0,DE,edge,0.2,1,0.35,696,0.19592056467582444,True,2.1345000131987035
51,joint_no_history,1,DE,node,0.2,0,0.15,1448,0.14070218570237772,True,0.9308000153396279
51,joint_no_history,1,DE,edge,0.2,0,0.25,369,0.2258222402361868,False,3.191800002241507
51,joint_no_history,1,DE,edge,0.2,1,0.35,696,0.19592056467582444,True,1.9462000054772943
51,joint_no_history,2,FR,node,0.05,0,0.35,5196,0.043791420607427904,True,0.9205000242218375
51,joint_no_history,2,FR,edge,0.05,0,1.0,13428,0.0,True,1.0830000101123005
51,joint_no_history,3,FR,node,0.05,0,0.35,5196,0.043791420607427904,True,0.9574000141583383
51,joint_no_history,3,FR,edge,0.05,0,1.0,13428,0.0,True,1.2575000000651926
51,joint_no_history,4,FR,node,0.1,0,0.25,3672,0.0684369029992915,True,1.0297000117134303
51,joint_no_history,4,FR,edge,0.1,0,0.75,7343,0.043120518953625814,True,4.003500012913719
51,joint_no_history,5,DE,node,0.1,0,0.25,2434,0.08405845383090714,True,0.7536000048276037
51,joint_no_history,5,DE,edge,0.1,0,0.75,3303,0.06429340935745233,True,1.8993000267073512
51,joint_no_history,6,FR,node,0.2,0,0.15,2245,0.11299961197667854,True,0.90970000019297
51,joint_no_history,6,FR,edge,0.2,0,0.25,839,0.14976106303189565,True,2.2563999809790403
51,joint_no_history,7,DE,node,0.2,0,0.15,1448,0.14070218570237772,True,0.7627000159118325
51,joint_no_history,7,DE,edge,0.2,0,0.25,369,0.2258222402361868,False,2.2237999946810305
51,joint_no_history,7,DE,edge,0.2,1,0.35,696,0.19592056467582444,True,2.6741999899968505
51,joint_no_history,8,DE,node,0.05,0,0.35,3436,0.053851403639766364,False,0.7511999865528196
51,joint_no_history,8,DE,node,0.05,1,0.5,4896,0.035872933552043615,True,0.6173999863676727
51,joint_no_history,8,DE,edge,0.05,0,1.0,5833,0.0,True,0.7921000069472939
51,joint_no_history,9,DE,node,0.05,0,0.35,3436,0.053851403639766364,False,0.5849000008311123
51,joint_no_history,9,DE,node,0.05,1,0.5,4896,0.035872933552043615,True,0.6984999927226454
51,joint_no_history,9,DE,edge,0.05,0,1.0,5833,0.0,True,0.8066000009421259
51,joint_no_history,10,DE,node,0.2,0,0.15,1448,0.14070218570237772,True,0.6730999739374965
51,joint_no_history,10,DE,edge,0.2,0,0.25,369,0.2258222402361868,False,2.136199997039512
51,joint_no_history,10,DE,edge,0.2,1,0.35,696,0.19592056467582444,True,1.895399997010827
51,joint_no_history,11,FR,node,0.2,0,0.15,2245,0.11299961197667854,True,1.0578999936114997
51,joint_no_history,11,FR,edge,0.2,0,0.25,839,0.14976106303189565,True,2.585600013844669
52,joint_no_history,0,FR,node,0.2,0,0.15,2223,0.11355738773816947,True,0.8196999842766672
52,joint_no_history,0,FR,edge,0.2,0,0.25,839,0.14976106303189565,True,1.8854000081773847
52,joint_no_history,1,DE,node,0.2,0,0.15,1432,0.14148604795534905,True,0.9487000061199069
52,joint_no_history,1,DE,edge,0.2,0,0.25,366,0.22674585243537507,False,2.0824999955948442
52,joint_no_history,1,DE,edge,0.2,1,0.35,718,0.19289564447262664,True,1.9920000049751252
52,joint_no_history,2,DE,node,0.05,0,0.35,3387,0.05423954115907096,False,0.8731000125408173
52,joint_no_history,2,DE,node,0.05,1,0.5,4874,0.0359538030611842,True,0.8516000234521925
52,joint_no_history,2,DE,edge,0.05,0,1.0,5833,0.0,True,0.8718000026419759
52,joint_no_history,3,FR,node,0.05,0,0.35,5260,0.04352419357750933,True,0.9839000122155994
52,joint_no_history,3,FR,edge,0.05,0,1.0,13428,0.0,True,1.4568000042345375
52,joint_no_history,4,DE,node,0.1,0,0.25,2426,0.08419693572682044,True,0.7645000005140901
52,joint_no_history,4,DE,edge,0.1,0,0.75,3347,0.06386940742823245,True,1.6337999841198325
52,joint_no_history,5,FR,node,0.1,0,0.25,3749,0.06773045047035306,True,0.75559999095276
52,joint_no_history,5,FR,edge,0.1,0,0.75,7489,0.042698127304360005,True,3.4842999884858727
52,joint_no_history,6,FR,node,0.2,0,0.15,2223,0.11355738773816947,True,0.7893999863881618
52,joint_no_history,6,FR,edge,0.2,0,0.25,839,0.14976106303189565,True,2.2402000031434
52,joint_no_history,7,DE,node,0.2,0,0.15,1432,0.14148604795534905,True,0.7293999951798469
52,joint_no_history,7,DE,edge,0.2,0,0.25,366,0.22674585243537507,False,1.8349000019952655
52,joint_no_history,7,DE,edge,0.2,1,0.35,718,0.19289564447262664,True,1.8720999942161143
52,joint_no_history,8,DE,node,0.05,0,0.35,3387,0.05423954115907096,False,0.7462000066880137
52,joint_no_history,8,DE,node,0.05,1,0.5,4874,0.0359538030611842,True,0.746300007449463
52,joint_no_history,8,DE,edge,0.05,0,1.0,5833,0.0,True,1.0939000057987869
52,joint_no_history,9,DE,node,0.05,0,0.35,3387,0.05423954115907096,False,0.8106000022962689
52,joint_no_history,9,DE,node,0.05,1,0.5,4874,0.0359538030611842,True,0.7828999951016158
52,joint_no_history,9,DE,edge,0.05,0,1.0,5833,0.0,True,1.025900011882186
52,joint_no_history,10,DE,node,0.2,0,0.15,1432,0.14148604795534905,True,0.8014999912120402
52,joint_no_history,10,DE,edge,0.2,0,0.25,366,0.22674585243537507,False,2.2478000028058887
52,joint_no_history,10,DE,edge,0.2,1,0.35,718,0.19289564447262664,True,1.9711999921128154
52,joint_no_history,11,DE,node,0.2,0,0.15,1432,0.14148604795534905,True,0.6987999950069934
52,joint_no_history,11,DE,edge,0.2,0,0.25,366,0.22674585243537507,False,1.7942000122275203
52,joint_no_history,11,DE,edge,0.2,1,0.35,718,0.19289564447262664,True,1.8152000266127288
52,no_history,0,FR,node,0.2,0,0.15,2223,0.04156157436346042,True,0.8755000017117709
52,no_history,0,FR,edge,0.2,0,0.25,839,0.0810763188643603,True,1.8069999932777137
52,no_history,1,DE,node,0.2,0,0.15,1432,0.051783358358390826,True,0.671599991619587
52,no_history,1,DE,edge,0.2,0,0.25,366,0.12275366280824508,True,1.6843000194057822
52,no_history,2,DE,node,0.05,0,0.15,1432,0.051783358358390826,False,0.689199980115518
52,no_history,2,DE,node,0.05,1,0.25,2426,0.03546804655522565,True,0.6449999928008765
52,no_history,2,DE,edge,0.05,0,0.75,3347,0.03948907152985348,True,1.6337000124622136
52,no_history,3,FR,node,0.05,0,0.15,2223,0.04156157436346042,True,1.8162000051233917
52,no_history,3,FR,edge,0.05,0,0.75,7489,0.026399327490352516,True,2.181799995014444
52,no_history,4,DE,node,0.1,0,0.15,1432,0.051783358358390826,True,0.6577000021934509
52,no_history,4,DE,edge,0.1,0,0.35,718,0.11727062963976789,False,1.7414999892935157
52,no_history,4,DE,edge,0.1,1,0.5,1458,0.0650715671433832,True,1.7469999729655683
52,no_history,5,FR,node,0.1,0,0.15,2223,0.04156157436346042,True,0.8288999961223453
52,no_history,5,FR,edge,0.1,0,0.35,1676,0.07675637781701183,True,2.1843000140506774
52,no_history,6,FR,node,0.2,0,0.15,2223,0.04156157436346042,True,0.9545999928377569
52,no_history,6,FR,edge,0.2,0,0.25,839,0.0810763188643603,True,3.431999997701496
52,no_history,7,DE,node,0.2,0,0.15,1432,0.051783358358390826,True,0.7145999989006668
52,no_history,7,DE,edge,0.2,0,0.25,366,0.12275366280824508,True,1.8660000059753656
52,no_history,8,DE,node,0.05,0,0.15,1432,0.051783358358390826,False,0.7051000138744712
52,no_history,8,DE,node,0.05,1,0.25,2426,0.03546804655522565,True,0.6898000137880445
52,no_history,8,DE,edge,0.05,0,0.75,3347,0.03948907152985348,True,1.9269000040367246
52,no_history,9,DE,node,0.05,0,0.15,1432,0.051783358358390826,False,0.7133000181056559
52,no_history,9,DE,node,0.05,1,0.25,2426,0.03546804655522565,True,0.6861999863758683
52,no_history,9,DE,edge,0.05,0,0.75,3347,0.03948907152985348,True,1.7893000040203333
52,no_history,10,DE,node,0.2,0,0.15,1432,0.051783358358390826,True,1.3134999899193645
52,no_history,10,DE,edge,0.2,0,0.25,366,0.12275366280824508,True,2.113199996529147
52,no_history,11,DE,node,0.2,0,0.15,1432,0.051783358358390826,True,0.6699000077787787
52,no_history,11,DE,edge,0.2,0,0.25,366,0.12275366280824508,True,1.6890999977476895
53,no_history,0,DE,node,0.2,0,0.15,1463,0.0512317933751757,True,0.770699989516288
53,no_history,0,DE,edge,0.2,0,0.25,378,0.12078947747343609,True,1.7134000081568956
53,no_history,1,DE,node,0.2,0,0.15,1463,0.0512317933751757,True,0.6926999776624143
53,no_history,1,DE,edge,0.2,0,0.25,378,0.12078947747343609,True,3.615399997215718
53,no_history,2,FR,node,0.05,0,0.15,2244,0.041366644631976604,True,0.8482999983243644
53,no_history,2,FR,edge,0.05,0,0.75,7439,0.02648789825347243,True,1.9509000121615827
53,no_history,3,FR,node,0.05,0,0.15,2244,0.041366644631976604,True,0.9196999890264124
53,no_history,3,FR,edge,0.05,0,0.75,7439,0.02648789825347243,True,2.387599990470335
53,no_history,4,DE,node,0.1,0,0.15,1463,0.0512317933751757,True,0.8610000077169389
53,no_history,4,DE,edge,0.1,0,0.35,717,0.1173523798272074,False,2.0059999951627105
53,no_history,4,DE,edge,0.1,1,0.5,1501,0.0641327233052642,True,2.676700009033084
53,no_history,5,DE,node,0.1,0,0.15,1463,0.0512317933751757,True,0.8845000120345503
53,no_history,5,DE,edge,0.1,0,0.35,717,0.1173523798272074,False,1.8403000140096992
53,no_history,5,DE,edge,0.1,1,0.5,1501,0.0641327233052642,True,1.854700007243082
53,no_history,6,FR,node,0.2,0,0.15,2244,0.041366644631976604,True,0.8593999955337495
53,no_history,6,FR,edge,0.2,0,0.25,836,0.08122166045493587,True,1.9888000097125769
53,no_history,7,FR,node,0.2,0,0.15,2244,0.041366644631976604,True,0.8723000064492226
53,no_history,7,FR,edge,0.2,0,0.25,836,0.08122166045493587,True,2.127099985955283
53,no_history,8,DE,node,0.05,0,0.15,1463,0.0512317933751757,False,0.8794000023044646
53,no_history,8,DE,node,0.05,1,0.25,2503,0.03491823177208169,True,0.6466000049840659
53,no_history,8,DE,edge,0.05,0,0.75,3409,0.039128326907831294,True,1.9011000113096088
53,no_history,9,DE,node,0.05,0,0.15,1463,0.0512317933751757,False,0.6337999948300421
53,no_history,9,DE,node,0.05,1,0.25,2503,0.03491823177208169,True,0.6487999926321208
53,no_history,9,DE,edge,0.05,0,0.75,3409,0.039128326907831294,True,1.58680000458844
53,no_history,10,DE,node,0.2,0,0.15,1463,0.0512317933751757,True,0.7117000059224665
53,no_history,10,DE,edge,0.2,0,0.25,378,0.12078947747343609,True,1.8176000157836825
53,no_history,11,FR,node,0.2,0,0.15,2244,0.041366644631976604,True,0.8694999851286411
53,no_history,11,FR,edge,0.2,0,0.25,836,0.08122166045493587,True,3.870600019581616
53,joint_no_history,0,DE,node,0.2,0,0.15,1463,0.13997902422920205,True,0.7448999967891723
53,joint_no_history,0,DE,edge,0.2,0,0.25,378,0.2231176847058463,False,1.7985999875236303
53,joint_no_history,0,DE,edge,0.2,1,0.35,717,0.1930301133941319,True,1.7828999843914062
53,joint_no_history,1,DE,node,0.2,0,0.15,1463,0.13997902422920205,True,0.7209999894257635
53,joint_no_history,1,DE,edge,0.2,0,0.25,378,0.2231176847058463,False,1.7820000066421926
53,joint_no_history,1,DE,edge,0.2,1,0.35,717,0.1930301133941319,True,1.7652000242378563
53,joint_no_history,2,FR,node,0.05,0,0.35,5235,0.04362799576065755,True,1.1579999991226941
53,joint_no_history,2,FR,edge,0.05,0,1.0,13428,0.0,True,2.1924999891780317
53,joint_no_history,3,FR,node,0.05,0,0.35,5235,0.04362799576065755,True,1.0735999967437238
53,joint_no_history,3,FR,edge,0.05,0,1.0,13428,0.0,True,1.1999999987892807
53,joint_no_history,4,DE,node,0.1,0,0.25,2503,0.08289174064408739,True,0.7570000016130507
53,joint_no_history,4,DE,edge,0.1,0,0.75,3409,0.06328594105769346,True,1.7946000152733177
53,joint_no_history,5,DE,node,0.1,0,0.25,2503,0.08289174064408739,True,0.7067999977152795
53,joint_no_history,5,DE,edge,0.1,0,0.75,3409,0.06328594105769346,True,3.3549999934621155
53,joint_no_history,6,FR,node,0.2,0,0.15,2244,0.11302478733891064,True,1.1277000012341887
53,joint_no_history,6,FR,edge,0.2,0,0.25,836,0.15002953243716993,True,3.3312000159639865
53,joint_no_history,7,FR,node,0.2,0,0.15,2244,0.11302478733891064,True,1.0812999971676618
53,joint_no_history,7,FR,edge,0.2,0,0.25,836,0.15002953243716993,True,2.3099000100046396
53,joint_no_history,8,DE,node,0.05,0,0.35,3489,0.05344082088354545,False,0.6683999963570386
53,joint_no_history,8,DE,node,0.05,1,0.5,4987,0.03554413203815145,True,0.6231000006664544
53,joint_no_history,8,DE,edge,0.05,0,1.0,5833,0.0,True,1.2816000089515
53,joint_no_history,9,DE,node,0.05,0,0.35,3489,0.05344082088354545,False,0.9600000048521906
53,joint_no_history,9,DE,node,0.05,1,0.5,4987,0.03554413203815145,True,0.9554999996908009
53,joint_no_history,9,DE,edge,0.05,0,1.0,5833,0.0,True,1.479099999414757
53,joint_no_history,10,DE,node,0.2,0,0.15,1463,0.13997902422920205,True,0.7992000028025359
53,joint_no_history,10,DE,edge,0.2,0,0.25,378,0.2231176847058463,False,2.308800001628697
53,joint_no_history,10,DE,edge,0.2,1,0.35,717,0.1930301133941319,True,2.299800020409748
53,joint_no_history,11,FR,node,0.2,0,0.15,2244,0.11302478733891064,True,1.4676999999210238
53,joint_no_history,11,FR,edge,0.2,0,0.25,836,0.15002953243716993,True,3.6665000079665333
54,joint_no_history,0,FR,node,0.2,0,0.15,2234,0.11327746994210308,True,0.842699984787032
54,joint_no_history,0,FR,edge,0.2,0,0.25,821,0.15139387878626032,True,1.8691000004764646
54,joint_no_history,1,DE,node,0.2,0,0.15,1483,0.139031929292308,True,0.5869999877177179
54,joint_no_history,1,DE,edge,0.2,0,0.25,382,0.22194645517404574,False,2.394099981756881
54,joint_no_history,1,DE,edge,0.2,1,0.35,749,0.18886163050887328,True,1.859000010881573
54,joint_no_history,2,DE,node,0.05,0,0.35,3498,0.05337202769362466,False,0.5907999875489622
54,joint_no_history,2,DE,node,0.05,1,0.5,5019,0.03543064020729164,True,0.5861999816261232
54,joint_no_history,2,DE,edge,0.05,0,1.0,5833,0.0,True,0.8690000104252249
54,joint_no_history,3,FR,node,0.05,0,0.35,5256,0.043540752145191326,True,1.1319000041112304
54,joint_no_history,3,FR,edge,0.05,0,1.0,13428,0.0,True,1.8282999808434397
54,joint_no_history,4,FR,node,0.1,0,0.25,3768,0.06755947051795212,True,1.1521000124048442
54,joint_no_history,4,FR,edge,0.1,0,0.75,7439,0.042841381170221564,True,2.2709000040777028
54,joint_no_history,5,DE,node,0.1,0,0.25,2487,0.08315795326244636,True,0.6373999931383878
54,joint_no_history,5,DE,edge,0.1,0,0.75,3305,0.06427395303703179,True,2.2458999883383512
54,joint_no_history,6,FR,node,0.2,0,0.15,2234,0.11327746994210308,True,1.3642999983858317
54,joint_no_history,6,FR,edge,0.2,0,0.25,821,0.15139387878626032,True,2.2920000192243606
54,joint_no_history,7,DE,node,0.2,0,0.15,1483,0.139031929292308,True,0.6694999756291509
54,joint_no_history,7,DE,edge,0.2,0,0.25,382,0.22194645517404574,False,1.6842999903019518
54,joint_no_history,7,DE,edge,0.2,1,0.35,749,0.18886163050887328,True,1.6090999997686595
54,joint_no_history,8,FR,node,0.05,0,0.35,5256,0.043540752145191326,True,0.7657000096514821
54,joint_no_history,8,FR,edge,0.05,0,1.0,13428,0.0,True,1.2571999977808446
54,joint_no_history,9,DE,node,0.05,0,0.35,3498,0.05337202769362466,False,0.8579999848734587
54,joint_no_history,9,DE,node,0.05,1,0.5,5019,0.03543064020729164,True,0.8396999910473824
54,joint_no_history,9,DE,edge,0.05,0,1.0,5833,0.0,True,1.6583999968133867
54,joint_no_history,10,DE,node,0.2,0,0.15,1483,0.139031929292308,True,0.8054999925661832
54,joint_no_history,10,DE,edge,0.2,0,0.25,382,0.22194645517404574,False,1.688200019998476
54,joint_no_history,10,DE,edge,0.2,1,0.35,749,0.18886163050887328,True,1.9397999858483672
54,joint_no_history,11,FR,node,0.2,0,0.15,2234,0.11327746994210308,True,0.7425000076182187
54,joint_no_history,11,FR,edge,0.2,0,0.25,821,0.15139387878626032,True,2.2477000020444393
54,no_history,0,FR,node,0.2,0,0.15,2234,0.041459125508933284,True,1.8077999993693084
54,no_history,0,FR,edge,0.2,0,0.25,821,0.08196027820644528,True,2.554900012910366
54,no_history,1,DE,node,0.2,0,0.15,1483,0.050885160210808286,True,0.8359999919775873
54,no_history,1,DE,edge,0.2,0,0.25,382,0.120155407595317,True,2.3560000117868185
54,no_history,2,DE,node,0.05,0,0.15,1483,0.050885160210808286,False,0.797300017438829
54,no_history,2,DE,node,0.05,1,0.25,2487,0.03503037411384315,True,0.7779999868944287
54,no_history,2,DE,edge,0.05,0,0.75,3305,0.039739193319395925,True,2.3130000045057386
54,no_history,3,FR,node,0.05,0,0.15,2234,0.041459125508933284,True,1.864599995315075
54,no_history,3,FR,edge,0.05,0,0.75,7439,0.02648789825347243,True,3.24469999759458
54,no_history,4,FR,node,0.1,0,0.15,2234,0.041459125508933284,True,1.507100008893758
54,no_history,4,FR,edge,0.1,0,0.35,1603,0.07848464855255934,True,2.7772000175900757
54,no_history,5,DE,node,0.1,0,0.15,1483,0.050885160210808286,True,1.0774999973364174
54,no_history,5,DE,edge,0.1,0,0.35,749,0.11481815665211521,False,4.69230001908727
54,no_history,5,DE,edge,0.1,1,0.5,1564,0.06282777123923253,True,2.844799979357049
54,no_history,6,FR,node,0.2,0,0.15,2234,0.041459125508933284,True,1.1741000053007156
54,no_history,6,FR,edge,0.2,0,0.25,821,0.08196027820644528,True,2.195999986724928
54,no_history,7,DE,node,0.2,0,0.15,1483,0.050885160210808286,True,0.5975999811198562
54,no_history,7,DE,edge,0.2,0,0.25,382,0.120155407595317,True,1.503400009823963
54,no_history,8,FR,node,0.05,0,0.15,2234,0.041459125508933284,True,1.0291000071447343
54,no_history,8,FR,edge,0.05,0,0.75,7439,0.02648789825347243,True,2.4896999821066856
54,no_history,9,DE,node,0.05,0,0.15,1483,0.050885160210808286,False,0.6443999882321805
54,no_history,9,DE,node,0.05,1,0.25,2487,0.03503037411384315,True,0.6480000156443566
54,no_history,9,DE,edge,0.05,0,0.75,3305,0.039739193319395925,True,1.7515999788884073
54,no_history,10,DE,node,0.2,0,0.15,1483,0.050885160210808286,True,0.6929999799467623
54,no_history,10,DE,edge,0.2,0,0.25,382,0.120155407595317,True,1.6972000012174249
54,no_history,11,FR,node,0.2,0,0.15,2234,0.041459125508933284,True,0.8723999781068414
54,no_history,11,FR,edge,0.2,0,0.25,821,0.08196027820644528,True,2.4668999831192195
55,no_history,0,FR,node,0.2,0,0.15,2274,0.04109287163986922,True,0.8436999924015254
55,no_history,0,FR,edge,0.2,0,0.25,888,0.07880767582073,True,1.9214999920222908
55,no_history,1,DE,node,0.2,0,0.15,1431,0.05180144861513774,True,0.9318000229541212
55,no_history,1,DE,edge,0.2,0,0.25,359,0.12394464792767461,True,2.399299992248416
55,no_history,2,DE,node,0.05,0,0.15,1431,0.05180144861513774,False,0.9611000132281333
55,no_history,2,DE,node,0.05,1,0.25,2474,0.035122289674701684,True,0.8990000060293823
55,no_history,2,DE,edge,0.05,0,0.75,3341,0.039524514233948344,True,2.409799984889105
55,no_history,3,DE,node,0.05,0,0.15,1431,0.05180144861513774,False,0.7713999948464334
55,no_history,3,DE,node,0.05,1,0.25,2474,0.035122289674701684,True,0.7284999883268028
55,no_history,3,DE,edge,0.05,0,0.75,3341,0.039524514233948344,True,1.886400015791878
55,no_history,4,FR,node,0.1,0,0.15,2274,0.04109287163986922,True,0.8510000188834965
55,no_history,4,FR,edge,0.1,0,0.35,1677,0.07673348937820952,True,2.0407999982126057
55,no_history,5,FR,node,0.1,0,0.15,2274,0.04109287163986922,True,0.8566000033169985
55,no_history,5,FR,edge,0.1,0,0.35,1677,0.07673348937820952,True,3.0202000052668154
55,no_history,6,DE,node,0.2,0,0.15,1431,0.05180144861513774,True,0.828499993076548
55,no_history,6,DE,edge,0.2,0,0.25,359,0.12394464792767461,True,1.9403999904170632
55,no_history,7,DE,node,0.2,0,0.15,1431,0.05180144861513774,True,0.755299988668412
55,no_history,7,DE,edge,0.2,0,0.25,359,0.12394464792767461,True,1.8124000052921474
55,no_history,8,DE,node,0.05,0,0.15,1431,0.05180144861513774,False,0.6146000232547522
55,no_history,8,DE,node,0.05,1,0.25,2474,0.035122289674701684,True,0.6178999901749194
55,no_history,8,DE,edge,0.05,0,0.75,3341,0.039524514233948344,True,1.6255999798886478
55,no_history,9,DE,node,0.05,0,0.15,1431,0.05180144861513774,False,0.6329000170808285
55,no_history,9,DE,node,0.05,1,0.25,2474,0.035122289674701684,True,0.8797999762464315
55,no_history,9,DE,edge,0.05,0,0.75,3341,0.039524514233948344,True,2.600700012408197
55,no_history,10,DE,node,0.2,0,0.15,1431,0.05180144861513774,True,0.6080000021029264
55,no_history,10,DE,edge,0.2,0,0.25,359,0.12394464792767461,True,1.6715000092517585
55,no_history,11,FR,node,0.2,0,0.15,2274,0.04109287163986922,True,0.7653000066056848
55,no_history,11,FR,edge,0.2,0,0.25,888,0.07880767582073,True,2.459699986502528
55,joint_no_history,0,FR,node,0.2,0,0.15,2274,0.11227676596837496,True,1.20160001097247
55,joint_no_history,0,FR,edge,0.2,0,0.25,888,0.1455705127132213,True,2.2035999863874167
55,joint_no_history,1,DE,node,0.2,0,0.15,1431,0.14153547539719058,True,0.754000007873401
55,joint_no_history,1,DE,edge,0.2,0,0.25,359,0.2289457944164526,False,1.822799997171387
55,joint_no_history,1,DE,edge,0.2,1,0.35,746,0.18924099807665481,True,1.8412999925203621
55,joint_no_history,2,DE,node,0.05,0,0.35,3475,0.053548363250809854,False,0.7123000104911625
55,joint_no_history,2,DE,node,0.05,1,0.5,4986,0.03554769625295491,True,0.7038000039756298
55,joint_no_history,2,DE,edge,0.05,0,1.0,5833,0.0,True,0.9251000010408461
55,joint_no_history,3,DE,node,0.05,0,0.35,3475,0.053548363250809854,False,0.7045000093057752
55,joint_no_history,3,DE,node,0.05,1,0.5,4986,0.03554769625295491,True,0.7115000043995678
55,joint_no_history,3,DE,edge,0.05,0,1.0,5833,0.0,True,1.883999997517094
55,joint_no_history,4,FR,node,0.1,0,0.25,3772,0.06752363945177865,True,0.8894000202417374
55,joint_no_history,4,FR,edge,0.1,0,0.75,7478,0.04272951984279504,True,2.1587000228464603
55,joint_no_history,5,FR,node,0.1,0,0.25,3772,0.06752363945177865,True,0.9713000035844743
55,joint_no_history,5,FR,edge,0.1,0,0.75,7478,0.04272951984279504,True,2.2948999830987304
55,joint_no_history,6,DE,node,0.2,0,0.15,1431,0.14153547539719058,True,0.8325999951921403
55,joint_no_history,6,DE,edge,0.2,0,0.25,359,0.2289457944164526,False,2.176800015149638
55,joint_no_history,6,DE,edge,0.2,1,0.35,746,0.18924099807665481,True,3.0152999970596284
55,joint_no_history,7,DE,node,0.2,0,0.15,1431,0.14153547539719058,True,0.7762000022921711
55,joint_no_history,7,DE,edge,0.2,0,0.25,359,0.2289457944164526,False,1.9109999993816018
55,joint_no_history,7,DE,edge,0.2,1,0.35,746,0.18924099807665481,True,1.8785000138450414
55,joint_no_history,8,DE,node,0.05,0,0.35,3475,0.053548363250809854,False,0.7159999804571271
55,joint_no_history,8,DE,node,0.05,1,0.5,4986,0.03554769625295491,True,0.7163000118453056
55,joint_no_history,8,DE,edge,0.05,0,1.0,5833,0.0,True,0.9340000106021762
55,joint_no_history,9,DE,node,0.05,0,0.35,3475,0.053548363250809854,False,0.7164999842643738
55,joint_no_history,9,DE,node,0.05,1,0.5,4986,0.03554769625295491,True,0.7207999879028648
55,joint_no_history,9,DE,edge,0.05,0,1.0,5833,0.0,True,0.9354999929200858
55,joint_no_history,10,DE,node,0.2,0,0.15,1431,0.14153547539719058,True,1.5106000064406544
55,joint_no_history,10,DE,edge,0.2,0,0.25,359,0.2289457944164526,False,2.0207999914418906
55,joint_no_history,10,DE,edge,0.2,1,0.35,746,0.18924099807665481,True,1.95569999050349
55,joint_no_history,11,FR,node,0.2,0,0.15,2274,0.11227676596837496,True,0.8542999858036637
55,joint_no_history,11,FR,edge,0.2,0,0.25,888,0.1455705127132213,True,2.0213999960105866
56,no_history,0,DE,node,0.2,0,0.15,1434,0.05174723462999145,True,0.7613000052515417
56,no_history,0,DE,edge,0.2,0,0.25,373,0.12159636338196964,True,3.571199980797246
56,no_history,1,DE,node,0.2,0,0.15,1434,0.05174723462999145,True,0.7145999989006668
56,no_history,1,DE,edge,0.2,0,0.25,373,0.12159636338196964,True,1.8114999984391034
56,no_history,2,FR,node,0.05,0,0.15,2208,0.04170250923507251,True,0.8567000040784478
56,no_history,2,FR,edge,0.05,0,0.75,7510,0.026362391806366178,True,2.150099986465648
56,no_history,3,FR,node,0.05,0,0.15,2208,0.04170250923507251,True,1.2523999903351068
56,no_history,3,FR,edge,0.05,0,0.75,7510,0.026362391806366178,True,2.5028999953065068
56,no_history,4,DE,node,0.1,0,0.15,1434,0.05174723462999145,True,0.7095999899320304
56,no_history,4,DE,edge,0.1,0,0.35,690,0.11962637253249382,False,1.7670000088401139
56,no_history,4,DE,edge,0.1,1,0.5,1415,0.06605288760107483,True,1.7022000101860613
56,no_history,5,DE,node,0.1,0,0.15,1434,0.05174723462999145,True,0.6688000285066664
56,no_history,5,DE,edge,0.1,0,0.35,690,0.11962637253249382,False,1.51269999332726
56,no_history,5,DE,edge,0.1,1,0.5,1415,0.06605288760107483,True,1.5565000066999346
56,no_history,6,DE,node,0.2,0,0.15,1434,0.05174723462999145,True,0.7203999848570675
56,no_history,6,DE,edge,0.2,0,0.25,373,0.12159636338196964,True,1.99269998120144
56,no_history,7,DE,node,0.2,0,0.15,1434,0.05174723462999145,True,1.4771999849472195
56,no_history,7,DE,edge,0.2,0,0.25,373,0.12159636338196964,True,2.0539000106509775
56,no_history,8,FR,node,0.05,0,0.15,2208,0.04170250923507251,True,1.0643999848980457
56,no_history,8,FR,edge,0.05,0,0.75,7510,0.026362391806366178,True,2.1077000128570944
56,no_history,9,DE,node,0.05,0,0.15,1434,0.05174723462999145,False,0.7437999884132296
56,no_history,9,DE,node,0.05,1,0.25,2468,0.035164956978963824,True,0.7299999997485429
56,no_history,9,DE,edge,0.05,0,0.75,3206,0.04034809362057641,True,1.8174000142607838
56,no_history,10,FR,node,0.2,0,0.15,2208,0.04170250923507251,True,0.8889999880921096
56,no_history,10,FR,edge,0.2,0,0.25,844,0.08083580715419142,True,4.038699989905581
56,no_history,11,FR,node,0.2,0,0.15,2208,0.04170250923507251,True,0.8686000073794276
56,no_history,11,FR,edge,0.2,0,0.25,844,0.08083580715419142,True,2.097799995681271
56,joint_no_history,0,DE,node,0.2,0,0.15,1434,0.1413873482238008,True,0.7662000134587288
56,joint_no_history,0,DE,edge,0.2,0,0.25,373,0.22460813337322608,False,1.8492999952286482
56,joint_no_history,0,DE,edge,0.2,1,0.35,690,0.19677054942453182,True,1.895099994726479
56,joint_no_history,1,DE,node,0.2,0,0.15,1434,0.1413873482238008,True,0.8272999839391559
56,joint_no_history,1,DE,edge,0.2,0,0.25,373,0.22460813337322608,False,3.2082000107038766
56,joint_no_history,1,DE,edge,0.2,1,0.35,690,0.19677054942453182,True,2.070799993816763
56,joint_no_history,2,FR,node,0.05,0,0.35,5288,0.04340881016866665,True,0.8764000085648149
56,joint_no_history,2,FR,edge,0.05,0,1.0,13428,0.0,True,1.1091000051237643
56,joint_no_history,3,FR,node,0.05,0,0.35,5288,0.04340881016866665,True,1.0100000072270632
56,joint_no_history,3,FR,edge,0.05,0,1.0,13428,0.0,True,1.2212999863550067
56,joint_no_history,4,DE,node,0.1,0,0.25,2468,0.08347743702163374,True,0.8340000058524311
56,joint_no_history,4,DE,edge,0.1,0,0.75,3206,0.06525878504023219,True,4.166999977314845
56,joint_no_history,5,DE,node,0.1,0,0.25,2468,0.08347743702163374,True,0.7801000028848648
56,joint_no_history,5,DE,edge,0.1,0,0.75,3206,0.06525878504023219,True,1.871999993454665
56,joint_no_history,6,DE,node,0.2,0,0.15,1434,0.1413873482238008,True,0.7113000028766692
56,joint_no_history,6,DE,edge,0.2,0,0.25,373,0.22460813337322608,False,1.8837999959941953
56,joint_no_history,6,DE,edge,0.2,1,0.35,690,0.19677054942453182,True,1.7997999966610223
56,joint_no_history,7,DE,node,0.2,0,0.15,1434,0.1413873482238008,True,0.7166999857872725
56,joint_no_history,7,DE,edge,0.2,0,0.25,373,0.22460813337322608,False,1.7949000175576657
56,joint_no_history,7,DE,edge,0.2,1,0.35,690,0.19677054942453182,True,2.216799999587238
56,joint_no_history,8,FR,node,0.05,0,0.35,5288,0.04340881016866665,True,0.9135000000242144
56,joint_no_history,8,FR,edge,0.05,0,1.0,13428,0.0,True,1.0774999973364174
56,joint_no_history,9,DE,node,0.05,0,0.35,3382,0.05427962063040797,False,0.6864999886602163
56,joint_no_history,9,DE,node,0.05,1,0.5,4838,0.036087322904855085,True,0.7118000066839159
56,joint_no_history,9,DE,edge,0.05,0,1.0,5833,0.0,True,0.8914000063668936
56,joint_no_history,10,FR,node,0.2,0,0.15,2208,0.11394245967316224,True,0.8339000050909817
56,joint_no_history,10,FR,edge,0.2,0,0.25,844,0.1493167990360577,True,1.7413999885320663
56,joint_no_history,11,FR,node,0.2,0,0.15,2208,0.11394245967316224,True,0.7991000020410866
56,joint_no_history,11,FR,edge,0.2,0,0.25,844,0.1493167990360577,True,3.167000017128885
57,no_history,0,FR,node,0.2,0,0.15,2236,0.04144057971265352,True,0.984499987680465
57,no_history,0,FR,edge,0.2,0,0.25,874,0.07943635100294522,True,2.0742999913636595
57,no_history,1,FR,node,0.2,0,0.15,2236,0.04144057971265352,True,0.9594000002834946
57,no_history,1,FR,edge,0.2,0,0.25,874,0.07943635100294522,True,2.6107000012416393
57,no_history,2,DE,node,0.05,0,0.15,1548,0.04980537834630834,True,0.8017999934963882
57,no_history,2,DE,edge,0.05,0,0.75,3315,0.039679209597174234,True,2.0428999850992113
57,no_history,3,FR,node,0.05,0,0.15,2236,0.04144057971265352,True,0.815200008219108
57,no_history,3,FR,edge,0.05,0,0.75,7573,0.026252508058134803,True,1.8666000105440617
57,no_history,4,FR,node,0.1,0,0.15,2236,0.04144057971265352,True,0.7953000022098422
57,no_history,4,FR,edge,0.1,0,0.35,1675,0.07677928674986548,True,1.8181000195909292
57,no_history,5,DE,node,0.1,0,0.15,1548,0.04980537834630834,True,0.7671999919693917
57,no_history,5,DE,edge,0.1,0,0.35,744,0.11520332431105842,False,4.1495000186841935
57,no_history,5,DE,edge,0.1,1,0.5,1457,0.06509389398128274,True,2.3271999962162226
57,no_history,6,DE,node,0.2,0,0.15,1548,0.04980537834630834,True,0.665100000333041
57,no_history,6,DE,edge,0.2,0,0.25,387,0.11937668644554186,True,1.723399996990338
57,no_history,7,FR,node,0.2,0,0.15,2236,0.04144057971265352,True,0.8512999920640141
57,no_history,7,FR,edge,0.2,0,0.25,874,0.07943635100294522,True,2.1815000218339264
57,no_history,8,DE,node,0.05,0,0.15,1548,0.04980537834630834,True,0.7828999951016158
57,no_history,8,DE,edge,0.05,0,0.75,3315,0.039679209597174234,True,2.1610000112559646
57,no_history,9,DE,node,0.05,0,0.15,1548,0.04980537834630834,True,0.7890999841038138
57,no_history,9,DE,edge,0.05,0,0.75,3315,0.039679209597174234,True,1.845400023739785
57,no_history,10,FR,node,0.2,0,0.15,2236,0.04144057971265352,True,0.8592000231146812
57,no_history,10,FR,edge,0.2,0,0.25,874,0.07943635100294522,True,2.1188000100664794
57,no_history,11,FR,node,0.2,0,0.15,2236,0.04144057971265352,True,0.9247999987564981
57,no_history,11,FR,edge,0.2,0,0.25,874,0.07943635100294522,True,1.9909999973606318
57,joint_no_history,0,FR,node,0.2,0,0.15,2236,0.1132267978438655,True,1.556300005177036
57,joint_no_history,0,FR,edge,0.2,0,0.25,874,0.14673177736989415,True,2.2662999981548637
57,joint_no_history,1,FR,node,0.2,0,0.15,2236,0.1132267978438655,True,0.9295000054407865
57,joint_no_history,1,FR,edge,0.2,0,0.25,874,0.14673177736989415,True,2.14389999746345
57,joint_no_history,2,DE,node,0.05,0,0.35,3491,0.05342551052056585,False,0.7620000105816871
57,joint_no_history,2,DE,node,0.05,1,0.5,4960,0.03564074384015126,True,0.754000007873401
57,joint_no_history,2,DE,edge,0.05,0,1.0,5833,0.0,True,0.9588999964762479
57,joint_no_history,3,FR,node,0.05,0,0.35,5255,0.04354489474090454,True,0.9214000019710511
57,joint_no_history,3,FR,edge,0.05,0,1.0,13428,0.0,True,2.3467999999411404
57,joint_no_history,4,FR,node,0.1,0,0.25,3757,0.06765830083552497,True,0.9965000208467245
57,joint_no_history,4,FR,edge,0.1,0,0.75,7573,0.04246066236098686,True,1.9109999993816018
57,joint_no_history,5,DE,node,0.1,0,0.25,2507,0.08282558601212522,True,0.8653000113554299
57,joint_no_history,5,DE,edge,0.1,0,0.75,3315,0.0641769356941261,True,1.874799985671416
57,joint_no_history,6,DE,node,0.2,0,0.15,1548,0.13608167512755084,True,0.6919000006746501
57,joint_no_history,6,DE,edge,0.2,0,0.25,387,0.2205080313675721,False,1.7047000001184642
57,joint_no_history,6,DE,edge,0.2,1,0.35,744,0.18949518354794273,True,1.7216999840456992
57,joint_no_history,7,FR,node,0.2,0,0.15,2236,0.1132267978438655,True,1.5195999876596034
57,joint_no_history,7,FR,edge,0.2,0,0.25,874,0.14673177736989415,True,1.9213999912608415
57,joint_no_history,8,DE,node,0.05,0,0.35,3491,0.05342551052056585,False,0.7298999989870936
57,joint_no_history,8,DE,node,0.05,1,0.5,4960,0.03564074384015126,True,0.7143000257201493
57,joint_no_history,8,DE,edge,0.05,0,1.0,5833,0.0,True,1.2005999742541462
57,joint_no_history,9,DE,node,0.05,0,0.35,3491,0.05342551052056585,False,0.6783000135328621
57,joint_no_history,9,DE,node,0.05,1,0.5,4960,0.03564074384015126,True,0.6599999906029552
57,joint_no_history,9,DE,edge,0.05,0,1.0,5833,0.0,True,0.8760000055190176
57,joint_no_history,10,FR,node,0.2,0,0.15,2236,0.1132267978438655,True,0.8490000036545098
57,joint_no_history,10,FR,edge,0.2,0,0.25,874,0.14673177736989415,True,2.430300024570897
57,joint_no_history,11,FR,node,0.2,0,0.15,2236,0.1132267978438655,True,0.981399993179366
57,joint_no_history,11,FR,edge,0.2,0,0.25,874,0.14673177736989415,True,2.13350000558421
58,no_history,0,DE,node,0.2,0,0.15,1527,0.05014668204426931,True,0.7872999995015562
58,no_history,0,DE,edge,0.2,0,0.25,404,0.11683805533220244,True,1.8504999752622098
58,no_history,1,DE,node,0.2,0,0.15,1527,0.05014668204426931,True,0.7172000186983496
58,no_history,1,DE,edge,0.2,0,0.25,404,0.11683805533220244,True,1.9497999746818095
58,no_history,2,FR,node,0.05,0,0.15,2271,0.04112000460528174,True,0.9471999946981668
58,no_history,2,FR,edge,0.05,0,0.75,7614,0.026181730166375396,True,1.9879000028595328
58,no_history,3,FR,node,0.05,0,0.15,2271,0.04112000460528174,True,0.8024999988265336
58,no_history,3,FR,edge,0.05,0,0.75,7614,0.026181730166375396,True,1.8865000165533274
58,no_history,4,DE,node,0.1,0,0.15,1527,0.05014668204426931,True,0.7843999774195254
58,no_history,4,DE,edge,0.1,0,0.35,770,0.11324163117293982,False,1.930700003867969
58,no_history,4,DE,edge,0.1,1,0.5,1486,0.06445559524009005,True,1.9156000053044409
58,no_history,5,DE,node,0.1,0,0.15,1527,0.05014668204426931,True,0.7668999896850437
58,no_history,5,DE,edge,0.1,0,0.35,770,0.11324163117293982,False,2.1231999853625894
58,no_history,5,DE,edge,0.1,1,0.5,1486,0.06445559524009005,True,1.866100006736815
58,no_history,6,DE,node,0.2,0,0.15,1527,0.05014668204426931,True,0.7265000022016466
58,no_history,6,DE,edge,0.2,0,0.25,404,0.11683805533220244,True,1.9278000108897686
58,no_history,7,FR,node,0.2,0,0.15,2271,0.04112000460528174,True,0.7705999887548387
58,no_history,7,FR,edge,0.2,0,0.25,876,0.07934561841936263,True,2.015300007769838
58,no_history,8,FR,node,0.05,0,0.15,2271,0.04112000460528174,True,0.7888000109232962
58,no_history,8,FR,edge,0.05,0,0.75,7614,0.026181730166375396,True,2.2532999864779413
58,no_history,9,DE,node,0.05,0,0.15,1527,0.05014668204426931,False,0.9250000002793968
58,no_history,9,DE,node,0.05,1,0.25,2552,0.034581381027576304,True,0.6985999934840947
58,no_history,9,DE,edge,0.05,0,0.75,3283,0.03987212089952032,True,1.820000004954636
58,no_history,10,DE,node,0.2,0,0.15,1527,0.05014668204426931,True,0.6701999809592962
58,no_history,10,DE,edge,0.2,0,0.25,404,0.11683805533220244,True,1.7056999786291271
58,no_history,11,DE,node,0.2,0,0.15,1527,0.05014668204426931,True,0.6647999980486929
58,no_history,11,DE,edge,0.2,0,0.25,404,0.11683805533220244,True,1.7634000105317682
58,joint_no_history,0,DE,node,0.2,0,0.15,1527,0.1370142085303254,True,0.7633999921381474
58,joint_no_history,0,DE,edge,0.2,0,0.25,404,0.21581876945355247,False,1.9924000080209225
58,joint_no_history,0,DE,edge,0.2,1,0.35,770,0.18626844158111527,True,1.7596999823581427
58,joint_no_history,1,DE,node,0.2,0,0.15,1527,0.1370142085303254,True,0.6840999994892627
58,joint_no_history,1,DE,edge,0.2,0,0.25,404,0.21581876945355247,False,1.6929999983403832
58,joint_no_history,1,DE,edge,0.2,1,0.35,770,0.18626844158111527,True,1.8017000111285597
58,joint_no_history,2,FR,node,0.05,0,0.35,5336,0.043213127082878326,True,0.7676999957766384
58,joint_no_history,2,FR,edge,0.05,0,1.0,13428,0.0,True,1.217099983477965
58,joint_no_history,3,FR,node,0.05,0,0.35,5336,0.043213127082878326,True,0.9468000207562
58,joint_no_history,3,FR,edge,0.05,0,1.0,13428,0.0,True,1.2732000031974167
58,joint_no_history,4,DE,node,0.1,0,0.25,2552,0.08209209692983628,True,0.8515999943483621
58,joint_no_history,4,DE,edge,0.1,0,0.75,3283,0.0644889493751198,True,1.9146999984513968
58,joint_no_history,5,DE,node,0.1,0,0.25,2552,0.08209209692983628,True,0.6041000015102327
58,joint_no_history,5,DE,edge,0.1,0,0.75,3283,0.0644889493751198,True,1.7817000043578446
58,joint_no_history,6,DE,node,0.2,0,0.15,1527,0.1370142085303254,True,0.6622000073548406
58,joint_no_history,6,DE,edge,0.2,0,0.25,404,0.21581876945355247,False,1.9794999971054494
58,joint_no_history,6,DE,edge,0.2,1,0.35,770,0.18626844158111527,True,3.8967000145930797
58,joint_no_history,7,FR,node,0.2,0,0.15,2271,0.11235090051984528,True,0.9250000002793968
58,joint_no_history,7,FR,edge,0.2,0,0.25,876,0.1465641796254567,True,1.950700010638684
58,joint_no_history,8,FR,node,0.05,0,0.35,5336,0.043213127082878326,True,0.8309000113513321
58,joint_no_history,8,FR,edge,0.05,0,1.0,13428,0.0,True,1.046299992594868
58,joint_no_history,9,DE,node,0.05,0,0.35,3554,0.05294986943307913,False,0.7311999797821045
58,joint_no_history,9,DE,node,0.05,1,0.5,4981,0.03556553342415767,True,0.7389999809674919
58,joint_no_history,9,DE,edge,0.05,0,1.0,5833,0.0,True,0.9139000030700117
58,joint_no_history,10,DE,node,0.2,0,0.15,1527,0.1370142085303254,True,0.6961000035516918
58,joint_no_history,10,DE,edge,0.2,0,0.25,404,0.21581876945355247,False,2.341499988688156
58,joint_no_history,10,DE,edge,0.2,1,0.35,770,0.18626844158111527,True,1.8368000164628029
58,joint_no_history,11,DE,node,0.2,0,0.15,1527,0.1370142085303254,True,0.6597000174224377
58,joint_no_history,11,DE,edge,0.2,0,0.25,404,0.21581876945355247,False,1.7439000075682998
58,joint_no_history,11,DE,edge,0.2,1,0.35,770,0.18626844158111527,True,1.6980000073090196
59,no_history,0,FR,node,0.2,0,0.15,2221,0.04158028315322787,True,1.3917000032961369
59,no_history,0,FR,edge,0.2,0,0.25,856,0.08026720121804419,True,2.28459999198094
59,no_history,1,DE,node,0.2,0,0.15,1442,0.05160349203390737,True,0.6917999999132007
59,no_history,1,DE,edge,0.2,0,0.25,358,0.12411763426158072,True,1.7877999925985932
59,no_history,2,DE,node,0.05,0,0.15,1442,0.05160349203390737,False,0.6757000228390098
59,no_history,2,DE,node,0.05,1,0.25,2456,0.03525076017356869,True,0.6481999880634248
59,no_history,2,DE,edge,0.05,0,0.75,3240,0.040135832333296574,True,1.7662000027485192
59,no_history,3,DE,node,0.05,0,0.15,1442,0.05160349203390737,False,0.6666999834123999
59,no_history,3,DE,node,0.05,1,0.25,2456,0.03525076017356869,True,0.6538999732583761
59,no_history,3,DE,edge,0.05,0,0.75,3240,0.040135832333296574,True,1.7760999908205122
59,no_history,4,FR,node,0.1,0,0.15,2221,0.04158028315322787,True,0.8863999973982573
59,no_history,4,FR,edge,0.1,0,0.35,1722,0.07572423690194367,True,2.0133999933023006
59,no_history,5,FR,node,0.1,0,0.15,2221,0.04158028315322787,True,0.8544999873265624
59,no_history,5,FR,edge,0.1,0,0.35,1722,0.07572423690194367,True,2.185199991799891
59,no_history,6,FR,node,0.2,0,0.15,2221,0.04158028315322787,True,1.6112000157590955
59,no_history,6,FR,edge,0.2,0,0.25,856,0.08026720121804419,True,1.9331999938003719
59,no_history,7,DE,node,0.2,0,0.15,1442,0.05160349203390737,True,1.479700003983453
59,no_history,7,DE,edge,0.2,0,0.25,358,0.12411763426158072,True,1.9860000174958259
59,no_history,8,FR,node,0.05,0,0.15,2221,0.04158028315322787,True,0.7406999939121306
59,no_history,8,FR,edge,0.05,0,0.75,7652,0.026116639732254428,True,2.3981000122148544
59,no_history,9,FR,node,0.05,0,0.15,2221,0.04158028315322787,True,0.9445000032428652
59,no_history,9,FR,edge,0.05,0,0.75,7652,0.026116639732254428,True,1.9902999920304865
59,no_history,10,FR,node,0.2,0,0.15,2221,0.04158028315322787,True,0.90079999063164
59,no_history,10,FR,edge,0.2,0,0.25,856,0.08026720121804419,True,3.7681999965570867
59,no_history,11,FR,node,0.2,0,0.15,2221,0.04158028315322787,True,0.9115000138990581
59,no_history,11,FR,edge,0.2,0,0.25,856,0.08026720121804419,True,2.0472999894991517
59,joint_no_history,0,FR,node,0.2,0,0.15,2221,0.1136085051784078,True,0.9553999989293516
59,joint_no_history,0,FR,edge,0.2,0,0.25,856,0.14826649198417838,True,2.236500004073605
59,joint_no_history,1,DE,node,0.2,0,0.15,1442,0.14099460483118376,True,0.7543999818153679
59,joint_no_history,1,DE,edge,0.2,0,0.25,358,0.22926532813010223,False,3.6413999914657325
59,joint_no_history,1,DE,edge,0.2,1,0.35,687,0.1971997114379957,True,2.0212999952491373
59,joint_no_history,2,DE,node,0.05,0,0.35,3410,0.054056312399172066,False,0.9445000032428652
59,joint_no_history,2,DE,node,0.05,1,0.5,4878,0.03593905883129981,True,0.6799999973736703
59,joint_no_history,2,DE,edge,0.05,0,1.0,5833,0.0,True,0.8385999826714396
59,joint_no_history,3,DE,node,0.05,0,0.35,3410,0.054056312399172066,False,0.6219000206328928
59,joint_no_history,3,DE,node,0.05,1,0.5,4878,0.03593905883129981,True,0.6203000084497035
59,joint_no_history,3,DE,edge,0.05,0,1.0,5833,0.0,True,0.8876000065356493
59,joint_no_history,4,FR,node,0.1,0,0.25,3745,0.06776661195209131,True,0.8042999834287912
59,joint_no_history,4,FR,edge,0.1,0,0.75,7652,0.04224090967686297,True,2.1176000009290874
59,joint_no_history,5,FR,node,0.1,0,0.25,3745,0.06776661195209131,True,1.4312000130303204
59,joint_no_history,5,FR,edge,0.1,0,0.75,7652,0.04224090967686297,True,2.289700001711026
59,joint_no_history,6,FR,node,0.2,0,0.15,2221,0.1136085051784078,True,0.8953000069595873
59,joint_no_history,6,FR,edge,0.2,0,0.25,856,0.14826649198417838,True,2.0912000036332756
59,joint_no_history,7,DE,node,0.2,0,0.15,1442,0.14099460483118376,True,0.8111000061035156
59,joint_no_history,7,DE,edge,0.2,0,0.25,358,0.22926532813010223,False,1.951399986864999
59,joint_no_history,7,DE,edge,0.2,1,0.35,687,0.1971997114379957,True,1.9355999829713255
59,joint_no_history,8,FR,node,0.05,0,0.35,5271,0.04347875474489182,True,1.0065000096801668
59,joint_no_history,8,FR,edge,0.05,0,1.0,13428,0.0,True,1.422800007276237
59,joint_no_history,9,FR,node,0.05,0,0.35,5271,0.04347875474489182,True,0.838699983432889
59,joint_no_history,9,FR,edge,0.05,0,1.0,13428,0.0,True,1.0310999932698905
59,joint_no_history,10,FR,node,0.2,0,0.15,2221,0.1136085051784078,True,0.8131000213325024
59,joint_no_history,10,FR,edge,0.2,0,0.25,856,0.14826649198417838,True,2.0234000112395734
59,joint_no_history,11,FR,node,0.2,0,0.15,2221,0.1136085051784078,True,0.9166000236291438
59,joint_no_history,11,FR,edge,0.2,0,0.25,856,0.14826649198417838,True,2.2003999911248684
60,joint_no_history,0,FR,node,0.2,0,0.15,2229,0.11340444842602454,True,0.9463999886065722
60,joint_no_history,0,FR,edge,0.2,0,0.25,833,0.15029945085467653,True,1.992399978917092
60,joint_no_history,1,FR,node,0.2,0,0.15,2229,0.11340444842602454,True,0.8086000161711127
60,joint_no_history,1,FR,edge,0.2,0,0.25,833,0.15029945085467653,True,1.9566999981179833
60,joint_no_history,2,DE,node,0.05,0,0.35,3408,0.0540721716667567,False,0.7385000062640756
60,joint_no_history,2,DE,node,0.05,1,0.5,4899,0.03586194811814583,True,0.7237999816425145
60,joint_no_history,2,DE,edge,0.05,0,1.0,5833,0.0,True,0.916799996048212
60,joint_no_history,3,FR,node,0.05,0,0.35,5285,0.043421128802079836,True,0.835299986647442
60,joint_no_history,3,FR,edge,0.05,0,1.0,13428,0.0,True,0.975500006461516
60,joint_no_history,4,DE,node,0.1,0,0.25,2439,0.08397224885096269,True,0.8364000241272151
60,joint_no_history,4,DE,edge,0.1,0,0.75,3249,0.0648255018185869,True,1.8047000048682094
60,joint_no_history,5,DE,node,0.1,0,0.25,2439,0.08397224885096269,True,0.7473000150639564
60,joint_no_history,5,DE,edge,0.1,0,0.75,3249,0.0648255018185869,True,1.854100002674386
60,joint_no_history,6,DE,node,0.2,0,0.15,1488,0.13879814414407582,True,0.6849000055808574
60,joint_no_history,6,DE,edge,0.2,0,0.25,365,0.22705625073597852,False,1.8038999987766147
60,joint_no_history,6,DE,edge,0.2,1,0.35,728,0.19156623066881284,True,2.584700006991625
60,joint_no_history,7,FR,node,0.2,0,0.15,2229,0.11340444842602454,True,0.8791000000201166
60,joint_no_history,7,FR,edge,0.2,0,0.25,833,0.15029945085467653,True,2.0475999917834997
60,joint_no_history,8,FR,node,0.05,0,0.35,5285,0.043421128802079836,True,0.9244000248145312
60,joint_no_history,8,FR,edge,0.05,0,1.0,13428,0.0,True,1.2679999927058816
60,joint_no_history,9,FR,node,0.05,0,0.35,5285,0.043421128802079836,True,1.0036000167019665
60,joint_no_history,9,FR,edge,0.05,0,1.0,13428,0.0,True,1.2449999921955168
60,joint_no_history,10,DE,node,0.2,0,0.15,1488,0.13879814414407582,True,1.403400005074218
60,joint_no_history,10,DE,edge,0.2,0,0.25,365,0.22705625073597852,False,2.115300012519583
60,joint_no_history,10,DE,edge,0.2,1,0.35,728,0.19156623066881284,True,1.8974000122398138
60,joint_no_history,11,DE,node,0.2,0,0.15,1488,0.13879814414407582,True,0.7220999978017062
60,joint_no_history,11,DE,edge,0.2,0,0.25,365,0.22705625073597852,False,1.7703000048641115
60,joint_no_history,11,DE,edge,0.2,1,0.35,728,0.19156623066881284,True,1.812999980757013
60,no_history,0,FR,node,0.2,0,0.15,2229,0.04150559915373241,True,0.8874000050127506
60,no_history,0,FR,edge,0.2,0,0.25,833,0.08136778649892946,True,2.0658000139519572
60,no_history,1,FR,node,0.2,0,0.15,2229,0.04150559915373241,True,0.9009999921545386
60,no_history,1,FR,edge,0.2,0,0.25,833,0.08136778649892946,True,2.0112000056542456
60,no_history,2,DE,node,0.05,0,0.15,1488,0.05079959573088446,False,0.6806000019423664
60,no_history,2,DE,node,0.05,1,0.25,2439,0.03537339697558861,True,0.6480000156443566
60,no_history,2,DE,edge,0.05,0,0.75,3249,0.04008020398732026,True,1.6306999896187335
60,no_history,3,FR,node,0.05,0,0.15,2229,0.04150559915373241,True,0.8566000033169985
60,no_history,3,FR,edge,0.05,0,0.75,7530,0.026327358712076462,True,2.3188999912235886
60,no_history,4,DE,node,0.1,0,0.15,1488,0.05079959573088446,True,0.7754999969620258
60,no_history,4,DE,edge,0.1,0,0.35,728,0.11646241442966675,False,3.5923999967053533
60,no_history,4,DE,edge,0.1,1,0.5,1408,0.06621687799824498,True,2.217400004155934
60,no_history,5,DE,node,0.1,0,0.15,1488,0.05079959573088446,True,0.5848000000696629
60,no_history,5,DE,edge,0.1,0,0.35,728,0.11646241442966675,False,1.6561000084038824
60,no_history,5,DE,edge,0.1,1,0.5,1408,0.06621687799824498,True,1.6649000172037631
60,no_history,6,DE,node,0.2,0,0.15,1488,0.05079959573088446,True,0.6258999928832054
60,no_history,6,DE,edge,0.2,0,0.25,365,0.12292170349308798,True,1.972900005057454
60,no_history,7,FR,node,0.2,0,0.15,2229,0.04150559915373241,True,0.9075000125449151
60,no_history,7,FR,edge,0.2,0,0.25,833,0.08136778649892946,True,3.037599992239848
60,no_history,8,FR,node,0.05,0,0.15,2229,0.04150559915373241,True,0.8262000046670437
60,no_history,8,FR,edge,0.05,0,0.75,7530,0.026327358712076462,True,1.9415999995544553
60,no_history,9,FR,node,0.05,0,0.15,2229,0.04150559915373241,True,0.824799994006753
60,no_history,9,FR,edge,0.05,0,0.75,7530,0.026327358712076462,True,1.874700014013797
60,no_history,10,DE,node,0.2,0,0.15,1488,0.05079959573088446,True,0.7291999936569482
60,no_history,10,DE,edge,0.2,0,0.25,365,0.12292170349308798,True,2.6749000244308263
60,no_history,11,DE,node,0.2,0,0.15,1488,0.05079959573088446,True,0.9612999856472015
60,no_history,11,DE,edge,0.2,0,0.25,365,0.12292170349308798,True,2.321799984201789
61,no_history,0,DE,node,0.2,0,0.15,1514,0.050361514751917344,True,0.7520999934058636
61,no_history,0,DE,edge,0.2,0,0.25,355,0.12464097165339731,True,1.7759999900590628
61,no_history,1,FR,node,0.2,0,0.15,2344,0.04047463286442218,True,0.8744999940972775
61,no_history,1,FR,edge,0.2,0,0.25,959,0.07583430289477554,True,2.1638000034727156
61,no_history,2,FR,node,0.05,0,0.15,2344,0.04047463286442218,True,1.8502000020816922
61,no_history,2,FR,edge,0.05,0,0.75,7636,0.026143987006482156,True,3.0769000004511327
61,no_history,3,FR,node,0.05,0,0.15,2344,0.04047463286442218,True,0.8951000054366887
61,no_history,3,FR,edge,0.05,0,0.75,7636,0.026143987006482156,True,1.8689999997150153
61,no_history,4,FR,node,0.1,0,0.15,2344,0.04047463286442218,True,1.2625999806914479
61,no_history,4,FR,edge,0.1,0,0.35,1761,0.07488102853713138,True,3.4414000110700727
61,no_history,5,DE,node,0.1,0,0.15,1514,0.050361514751917344,True,0.9030000073835254
61,no_history,5,DE,edge,0.1,0,0.35,726,0.11662272065066555,False,3.6167999787721783
61,no_history,5,DE,edge,0.1,1,0.5,1503,0.0640900392916803,True,3.1176000193227082
61,no_history,6,FR,node,0.2,0,0.15,2344,0.04047463286442218,True,1.4523000281769782
61,no_history,6,FR,edge,0.2,0,0.25,959,0.07583430289477554,True,5.661699979100376
61,no_history,7,DE,node,0.2,0,0.15,1514,0.050361514751917344,True,1.800900005036965
61,no_history,7,DE,edge,0.2,0,0.25,355,0.12464097165339731,True,4.076699988218024
61,no_history,8,FR,node,0.05,0,0.15,2344,0.04047463286442218,True,1.344699994660914
61,no_history,8,FR,edge,0.05,0,0.75,7636,0.026143987006482156,True,2.655599993886426
61,no_history,9,DE,node,0.05,0,0.15,1514,0.050361514751917344,False,0.7589000160805881
61,no_history,9,DE,node,0.05,1,0.25,2447,0.03531552634873552,True,0.6936000136192888
61,no_history,9,DE,edge,0.05,0,0.75,3274,0.03992688614289726,True,1.7043000261764973
61,no_history,10,DE,node,0.2,0,0.15,1514,0.050361514751917344,True,0.6408999906852841
61,no_history,10,DE,edge,0.2,0,0.25,355,0.12464097165339731,True,1.5514999977312982
61,no_history,11,FR,node,0.2,0,0.15,2344,0.04047463286442218,True,0.745099998312071
61,no_history,11,FR,edge,0.2,0,0.25,959,0.07583430289477554,True,4.528099991148338
61,joint_no_history,0,DE,node,0.2,0,0.15,1514,0.13760118920790715,True,1.0138000070583075
61,joint_no_history,0,DE,edge,0.2,0,0.25,355,0.23023201686511885,False,2.452499989885837
61,joint_no_history,0,DE,edge,0.2,1,0.35,726,0.19182991452475806,True,2.1946000051684678
61,joint_no_history,1,FR,node,0.2,0,0.15,2344,0.11058757152823524,True,0.9185999806504697
61,joint_no_history,1,FR,edge,0.2,0,0.25,959,0.14007821241618668,True,4.407500004163012
61,joint_no_history,2,FR,node,0.05,0,0.35,5275,0.04346226678269678,True,0.7639999967068434
61,joint_no_history,2,FR,edge,0.05,0,1.0,13428,0.0,True,0.987899984465912
61,joint_no_history,3,FR,node,0.05,0,0.35,5275,0.04346226678269678,True,0.8224000048357993
61,joint_no_history,3,FR,edge,0.05,0,1.0,13428,0.0,True,1.6539999924134463
61,joint_no_history,4,FR,node,0.1,0,0.25,3851,0.06682745543701595,True,0.9353999921586365
61,joint_no_history,4,FR,edge,0.1,0,0.75,7636,0.042285141008014476,True,2.2584999969694763
61,joint_no_history,5,DE,node,0.1,0,0.25,2447,0.08383487084673477,True,0.8419000077992678
61,joint_no_history,5,DE,edge,0.1,0,0.75,3274,0.06457752637900058,True,2.0266999781597406
61,joint_no_history,6,FR,node,0.2,0,0.15,2344,0.11058757152823524,True,0.7753999962005764
61,joint_no_history,6,FR,edge,0.2,0,0.25,959,0.14007821241618668,True,2.503100025933236
61,joint_no_history,7,DE,node,0.2,0,0.15,1514,0.13760118920790715,True,0.8839000074658543
61,joint_no_history,7,DE,edge,0.2,0,0.25,355,0.23023201686511885,False,2.027399983489886
61,joint_no_history,7,DE,edge,0.2,1,0.35,726,0.19182991452475806,True,2.0457000064197928
61,joint_no_history,8,FR,node,0.05,0,0.35,5275,0.04346226678269678,True,0.9580999903846532
61,joint_no_history,8,FR,edge,0.05,0,1.0,13428,0.0,True,1.503400009823963
61,joint_no_history,9,DE,node,0.05,0,0.35,3463,0.05364106100614765,False,0.7903999940026551
61,joint_no_history,9,DE,node,0.05,1,0.5,4949,0.03568033068349873,True,0.7566999993287027
61,joint_no_history,9,DE,edge,0.05,0,1.0,5833,0.0,True,0.888700014911592
61,joint_no_history,10,DE,node,0.2,0,0.15,1514,0.13760118920790715,True,0.6578000029549003
61,joint_no_history,10,DE,edge,0.2,0,0.25,355,0.23023201686511885,False,1.637800014577806
61,joint_no_history,10,DE,edge,0.2,1,0.35,726,0.19182991452475806,True,1.6734999953769147
61,joint_no_history,11,FR,node,0.2,0,0.15,2344,0.11058757152823524,True,0.8089999901130795
61,joint_no_history,11,FR,edge,0.2,0,0.25,959,0.14007821241618668,True,1.717800012556836
62,joint_no_history,0,FR,node,0.2,0,0.15,2207,0.1139682706282273,True,0.8707999950274825
62,joint_no_history,0,FR,edge,0.2,0,0.25,830,0.1505708313661034,True,1.996800012420863
62,joint_no_history,1,FR,node,0.2,0,0.15,2207,0.1139682706282273,True,0.9166999952867627
62,joint_no_history,1,FR,edge,0.2,0,0.25,830,0.1505708313661034,True,2.1593999990727752
62,joint_no_history,2,FR,node,0.05,0,0.35,5233,0.04363633205494605,True,0.9346999868284911
62,joint_no_history,2,FR,edge,0.05,0,1.0,13428,0.0,True,1.6203999985009432
62,joint_no_history,3,FR,node,0.05,0,0.35,5233,0.04363633205494605,True,1.0190999892074615
62,joint_no_history,3,FR,edge,0.05,0,1.0,13428,0.0,True,1.1610999936237931
62,joint_no_history,4,FR,node,0.1,0,0.25,3683,0.06833462647546293,True,0.9507999930065125
62,joint_no_history,4,FR,edge,0.1,0,0.75,7516,0.042621365286211306,True,2.2495999874081463
62,joint_no_history,5,FR,node,0.1,0,0.25,3683,0.06833462647546293,True,0.9319999953731894
62,joint_no_history,5,FR,edge,0.1,0,0.75,7516,0.042621365286211306,True,2.204200020059943
62,joint_no_history,6,DE,node,0.2,0,0.15,1441,0.1410435188325967,True,0.8208999934140593
62,joint_no_history,6,DE,edge,0.2,0,0.25,345,0.2335448780034751,False,2.0927999867126346
62,joint_no_history,6,DE,edge,0.2,1,0.35,702,0.19508150058604573,True,1.9484999938867986
62,joint_no_history,7,FR,node,0.2,0,0.15,2207,0.1139682706282273,True,0.8821999945212156
62,joint_no_history,7,FR,edge,0.2,0,0.25,830,0.1505708313661034,True,2.077299985103309
62,joint_no_history,8,FR,node,0.05,0,0.35,5233,0.04363633205494605,True,0.9336999792139977
62,joint_no_history,8,FR,edge,0.05,0,1.0,13428,0.0,True,1.236499985679984
62,joint_no_history,9,FR,node,0.05,0,0.35,5233,0.04363633205494605,True,1.5980000025592744
62,joint_no_history,9,FR,edge,0.05,0,1.0,13428,0.0,True,1.2969000090379268
62,joint_no_history,10,FR,node,0.2,0,0.15,2207,0.1139682706282273,True,1.0107000125572085
62,joint_no_history,10,FR,edge,0.2,0,0.25,830,0.1505708313661034,True,2.4919999996200204
62,joint_no_history,11,DE,node,0.2,0,0.15,1441,0.1410435188325967,True,0.7752999954391271
62,joint_no_history,11,DE,edge,0.2,0,0.25,345,0.2335448780034751,False,2.407500025583431
62,joint_no_history,11,DE,edge,0.2,1,0.35,702,0.19508150058604573,True,1.9709000189322978
62,no_history,0,FR,node,0.2,0,0.15,2207,0.04171195594699231,True,0.9300000092480332
62,no_history,0,FR,edge,0.2,0,0.25,830,0.0815147040783896,True,2.016899990849197
62,no_history,1,FR,node,0.2,0,0.15,2207,0.04171195594699231,True,0.7538000063505024
62,no_history,1,FR,edge,0.2,0,0.25,830,0.0815147040783896,True,1.9993999740108848
62,no_history,2,FR,node,0.05,0,0.15,2207,0.04171195594699231,True,0.7834999996703118
62,no_history,2,FR,edge,0.05,0,0.75,7516,0.026351867196801868,True,1.784599997336045
62,no_history,3,FR,node,0.05,0,0.15,2207,0.04171195594699231,True,1.0067999828606844
62,no_history,3,FR,edge,0.05,0,0.75,7516,0.026351867196801868,True,3.272000001743436
62,no_history,4,FR,node,0.1,0,0.15,2207,0.04171195594699231,True,0.9395999950356781
62,no_history,4,FR,edge,0.1,0,0.35,1631,0.07780804412935464,True,2.122100006090477
62,no_history,5,FR,node,0.1,0,0.15,2207,0.04171195594699231,True,0.9441000001970679
62,no_history,5,FR,edge,0.1,0,0.35,1631,0.07780804412935464,True,2.1272999874781817
62,no_history,6,DE,node,0.2,0,0.15,1441,0.05162139437339959,True,0.7855999865569174
62,no_history,6,DE,edge,0.2,0,0.25,345,0.1264344590964553,True,1.9397999858483672
62,no_history,7,FR,node,0.2,0,0.15,2207,0.04171195594699231,True,0.981399993179366
62,no_history,7,FR,edge,0.2,0,0.25,830,0.0815147040783896,True,2.092899987474084
62,no_history,8,FR,node,0.05,0,0.15,2207,0.04171195594699231,True,0.8226999780163169
62,no_history,8,FR,edge,0.05,0,0.75,7516,0.026351867196801868,True,1.904999982798472
62,no_history,9,FR,node,0.05,0,0.15,2207,0.04171195594699231,True,0.8061999978963286
62,no_history,9,FR,edge,0.05,0,0.75,7516,0.026351867196801868,True,1.8131000106222928
62,no_history,10,FR,node,0.2,0,0.15,2207,0.04171195594699231,True,0.9042999881785363
62,no_history,10,FR,edge,0.2,0,0.25,830,0.0815147040783896,True,3.50099999923259
62,no_history,11,DE,node,0.2,0,0.15,1441,0.05162139437339959,True,0.7249000191222876
62,no_history,11,DE,edge,0.2,0,0.25,345,0.1264344590964553,True,1.8205999804195017
63,joint_no_history,0,FR,node,0.2,0,0.15,2206,0.11399409913181742,True,0.9037999843712896
63,joint_no_history,0,FR,edge,0.2,0,0.25,780,0.15532186376869012,True,3.4556000027805567
63,joint_no_history,1,DE,node,0.2,0,0.15,1471,0.13959786892886375,True,0.8209999941755086
63,joint_no_history,1,DE,edge,0.2,0,0.25,371,0.2252127324033486,False,1.7629000067245215
63,joint_no_history,1,DE,edge,0.2,1,0.35,724,0.19209469024018494,True,1.6877000161912292
63,joint_no_history,2,FR,node,0.05,0,0.35,5225,0.043669725082258894,True,0.7951000006869435
63,joint_no_history,2,FR,edge,0.05,0,1.0,13428,0.0,True,0.9857999975793064
63,joint_no_history,3,DE,node,0.05,0,0.35,3494,0.05340256962899619,False,2.1932999952696264
63,joint_no_history,3,DE,node,0.05,1,0.5,5003,0.035487250014044625,True,1.0866000084206462
63,joint_no_history,3,DE,edge,0.05,0,1.0,5833,0.0,True,1.2905000185128301
63,joint_no_history,4,FR,node,0.1,0,0.25,3709,0.06809469321768222,True,1.134299993282184
63,joint_no_history,4,FR,edge,0.1,0,0.75,7592,0.042407497320869895,True,2.3581999994348735
63,joint_no_history,5,DE,node,0.1,0,0.25,2474,0.08337614990200051,True,0.8100999984890223
63,joint_no_history,5,DE,edge,0.1,0,0.75,3237,0.06494554914700297,True,1.9460000039543957
63,joint_no_history,6,FR,node,0.2,0,0.15,2206,0.11399409913181742,True,0.912799994694069
63,joint_no_history,6,FR,edge,0.2,0,0.25,780,0.15532186376869012,True,1.9948999979533255
63,joint_no_history,7,FR,node,0.2,0,0.15,2206,0.11399409913181742,True,0.90970000019297
63,joint_no_history,7,FR,edge,0.2,0,0.25,780,0.15532186376869012,True,2.098400000249967
63,joint_no_history,8,FR,node,0.05,0,0.35,5225,0.043669725082258894,True,0.8797000045888126
63,joint_no_history,8,FR,edge,0.05,0,1.0,13428,0.0,True,1.2186000240035355
63,joint_no_history,9,DE,node,0.05,0,0.35,3494,0.05340256962899619,False,0.7731000077910721
63,joint_no_history,9,DE,node,0.05,1,0.5,5003,0.035487250014044625,True,0.7881000055931509
63,joint_no_history,9,DE,edge,0.05,0,1.0,5833,0.0,True,0.9996999870054424
63,joint_no_history,10,FR,node,0.2,0,0.15,2206,0.11399409913181742,True,0.9250000002793968
63,joint_no_history,10,FR,edge,0.2,0,0.25,780,0.15532186376869012,True,2.141800010576844
63,joint_no_history,11,DE,node,0.2,0,0.15,1471,0.13959786892886375,True,0.7499999774154276
63,joint_no_history,11,DE,edge,0.2,0,0.25,371,0.2252127324033486,False,1.8421999993734062
63,joint_no_history,11,DE,edge,0.2,1,0.35,724,0.19209469024018494,True,1.7217999848071486
63,no_history,0,FR,node,0.2,0,0.15,2206,0.04172140908160592,True,0.9446000040043145
63,no_history,0,FR,edge,0.2,0,0.25,780,0.08408677595213816,True,2.0130000193603337
63,no_history,1,DE,node,0.2,0,0.15,1471,0.05109229197703185,True,1.793800009181723
63,no_history,1,DE,edge,0.2,0,0.25,371,0.12192367585397618,True,2.1373000054154545
63,no_history,2,FR,node,0.05,0,0.15,2206,0.04172140908160592,True,0.8434999908786267
63,no_history,2,FR,edge,0.05,0,0.75,7592,0.02621963726511194,True,2.315299992915243
63,no_history,3,DE,node,0.05,0,0.15,1471,0.05109229197703185,False,0.7864999934099615
63,no_history,3,DE,node,0.05,1,0.25,2474,0.035122289674701684,True,0.7662999851163477
63,no_history,3,DE,edge,0.05,0,0.75,3237,0.04015442665087193,True,1.9800000009126961
63,no_history,4,FR,node,0.1,0,0.15,2206,0.04172140908160592,True,0.9534999844618142
63,no_history,4,FR,edge,0.1,0,0.35,1572,0.07925473317932819,True,3.847999993013218
63,no_history,5,DE,node,0.1,0,0.15,1471,0.05109229197703185,True,0.6932000105734915
63,no_history,5,DE,edge,0.1,0,0.35,724,0.11678369066606596,False,1.7247000068891793
63,no_history,5,DE,edge,0.1,1,0.5,1525,0.06362607107680597,True,1.6988000134006143
63,no_history,6,FR,node,0.2,0,0.15,2206,0.04172140908160592,True,0.8449000015389174
63,no_history,6,FR,edge,0.2,0,0.25,780,0.08408677595213816,True,1.972300000488758
63,no_history,7,FR,node,0.2,0,0.15,2206,0.04172140908160592,True,1.0241999989375472
63,no_history,7,FR,edge,0.2,0,0.25,780,0.08408677595213816,True,2.442700002575293
63,no_history,8,FR,node,0.05,0,0.15,2206,0.04172140908160592,True,0.9603000071365386
63,no_history,8,FR,edge,0.05,0,0.75,7592,0.02621963726511194,True,2.075900003546849
63,no_history,9,DE,node,0.05,0,0.15,1471,0.05109229197703185,False,0.69629997597076
63,no_history,9,DE,node,0.05,1,0.25,2474,0.035122289674701684,True,0.660100020468235
63,no_history,9,DE,edge,0.05,0,0.75,3237,0.04015442665087193,True,1.7655999981798232
63,no_history,10,FR,node,0.2,0,0.15,2206,0.04172140908160592,True,0.8125999884214252
63,no_history,10,FR,edge,0.2,0,0.25,780,0.08408677595213816,True,2.063299994915724
63,no_history,11,DE,node,0.2,0,0.15,1471,0.05109229197703185,True,1.528800028609112
63,no_history,11,DE,edge,0.2,0,0.25,371,0.12192367585397618,True,2.1453000081237406
64,no_history,0,DE,node,0.2,0,0.15,1500,0.050595989317434295,True,0.7956000044941902
64,no_history,0,DE,edge,0.2,0,0.25,373,0.12159636338196964,True,1.6029000107664615
64,no_history,1,FR,node,0.2,0,0.15,2278,0.041056777762338174,True,0.7554999901913106
64,no_history,1,FR,edge,0.2,0,0.25,850,0.08054999904494513,True,2.3734999995213
64,no_history,2,FR,node,0.05,0,0.15,2278,0.041056777762338174,True,1.861199998529628
64,no_history,2,FR,edge,0.05,0,0.75,7575,0.026249042151715564,True,2.9089000017847866
64,no_history,3,FR,node,0.05,0,0.15,2278,0.041056777762338174,True,0.8968000183813274
64,no_history,3,FR,edge,0.05,0,0.75,7575,0.026249042151715564,True,2.0149000047240406
64,no_history,4,DE,node,0.1,0,0.15,1500,0.050595989317434295,True,0.7119999791029841
64,no_history,4,DE,edge,0.1,0,0.35,706,0.11826306450984424,False,1.879099989309907
64,no_history,4,DE,edge,0.1,1,0.5,1448,0.06529587517548835,True,1.8456999969203025
64,no_history,5,DE,node,0.1,0,0.15,1500,0.050595989317434295,True,0.7752999954391271
64,no_history,5,DE,edge,0.1,0,0.35,706,0.11826306450984424,False,3.0512000084854662
64,no_history,5,DE,edge,0.1,1,0.5,1448,0.06529587517548835,True,1.951999991433695
64,no_history,6,DE,node,0.2,0,0.15,1500,0.050595989317434295,True,0.6674999895039946
64,no_history,6,DE,edge,0.2,0,0.25,373,0.12159636338196964,True,1.8112999969162047
64,no_history,7,FR,node,0.2,0,0.15,2278,0.041056777762338174,True,0.7844999781809747
64,no_history,7,FR,edge,0.2,0,0.25,850,0.08054999904494513,True,1.9865999929606915
64,no_history,8,DE,node,0.05,0,0.15,1500,0.050595989317434295,False,0.6372999923769385
64,no_history,8,DE,node,0.05,1,0.25,2506,0.03489732473591614,True,0.6277000065892935
64,no_history,8,DE,edge,0.05,0,0.75,3201,0.04037959342521858,True,4.209399980027229
64,no_history,9,FR,node,0.05,0,0.15,2278,0.041056777762338174,True,0.9329999738838524
64,no_history,9,FR,edge,0.05,0,0.75,7575,0.026249042151715564,True,1.7610000213608146
64,no_history,10,FR,node,0.2,0,0.15,2278,0.041056777762338174,True,0.8347999828401953
64,no_history,10,FR,edge,0.2,0,0.25,850,0.08054999904494513,True,2.097499993396923
64,no_history,11,DE,node,0.2,0,0.15,1500,0.050595989317434295,True,0.7584000122733414
64,no_history,11,DE,edge,0.2,0,0.25,373,0.12159636338196964,True,1.9223999988753349
64,joint_no_history,0,DE,node,0.2,0,0.15,1500,0.13824183671847295,True,0.7857999880798161
64,joint_no_history,0,DE,edge,0.2,0,0.25,373,0.22460813337322608,False,1.8252000154461712
64,joint_no_history,0,DE,edge,0.2,1,0.35,706,0.19452807677429107,True,1.8248000124003738
64,joint_no_history,1,FR,node,0.2,0,0.15,2278,0.11217814779741916,True,0.8960000122897327
64,joint_no_history,1,FR,edge,0.2,0,0.25,850,0.1487888652711384,True,2.015999983996153
64,joint_no_history,2,FR,node,0.05,0,0.35,5234,0.04363216331053195,True,0.9525999776087701
64,joint_no_history,2,FR,edge,0.05,0,1.0,13428,0.0,True,1.1762000212911516
64,joint_no_history,3,FR,node,0.05,0,0.35,5234,0.04363216331053195,True,1.5107999788597226
64,joint_no_history,3,FR,edge,0.05,0,1.0,13428,0.0,True,1.1668000079225749
64,joint_no_history,4,DE,node,0.1,0,0.25,2506,0.08284210981997282,True,0.7995000050868839
64,joint_no_history,4,DE,edge,0.1,0,0.75,3201,0.06530973265127137,True,1.948800025274977
64,joint_no_history,5,DE,node,0.1,0,0.25,2506,0.08284210981997282,True,0.7157999789342284
64,joint_no_history,5,DE,edge,0.1,0,0.75,3201,0.06530973265127137,True,1.7868999857455492
64,joint_no_history,6,DE,node,0.2,0,0.15,1500,0.13824183671847295,True,0.6949999951757491
64,joint_no_history,6,DE,edge,0.2,0,0.25,373,0.22460813337322608,False,2.2609999869018793
64,joint_no_history,6,DE,edge,0.2,1,0.35,706,0.19452807677429107,True,3.2942999969236553
64,joint_no_history,7,FR,node,0.2,0,0.15,2278,0.11217814779741916,True,0.981099990895018
64,joint_no_history,7,FR,edge,0.2,0,0.25,850,0.1487888652711384,True,2.31280000298284
64,joint_no_history,8,DE,node,0.05,0,0.35,3434,0.05386708318694381,False,0.613799988059327
64,joint_no_history,8,DE,node,0.05,1,0.5,4944,0.03569836836256581,True,0.6111999973654747
64,joint_no_history,8,DE,edge,0.05,0,1.0,5833,0.0,True,0.8381000079680234
64,joint_no_history,9,FR,node,0.05,0,0.35,5234,0.04363216331053195,True,0.8148000051733106
64,joint_no_history,9,FR,edge,0.05,0,1.0,13428,0.0,True,1.1573000228963792
64,joint_no_history,10,FR,node,0.2,0,0.15,2278,0.11217814779741916,True,1.7672000103630126
64,joint_no_history,10,FR,edge,0.2,0,0.25,850,0.1487888652711384,True,2.847100025974214
64,joint_no_history,11,DE,node,0.2,0,0.15,1500,0.13824183671847295,True,0.8681000035721809
64,joint_no_history,11,DE,edge,0.2,0,0.25,373,0.22460813337322608,False,1.7422000237274915
64,joint_no_history,11,DE,edge,0.2,1,0.35,706,0.19452807677429107,True,1.6928999975789338
65,no_history,0,DE,node,0.2,0,0.15,1465,0.05119681092427167,True,0.6438999844249338
65,no_history,0,DE,edge,0.2,0,0.25,357,0.12429134692078339,True,2.1044000168330967
65,no_history,1,FR,node,0.2,0,0.15,2290,0.04094906412394047,True,1.0183000122196972
65,no_history,1,FR,edge,0.2,0,0.25,820,0.08201023875860482,True,2.317899983609095
65,no_history,2,DE,node,0.05,0,0.15,1465,0.05119681092427167,False,0.6290999881457537
65,no_history,2,DE,node,0.05,1,0.25,2454,0.03526512186093315,True,0.6078000005800277
65,no_history,2,DE,edge,0.05,0,0.75,3288,0.039841792971727824,True,1.6236999945249408
65,no_history,3,DE,node,0.05,0,0.15,1465,0.05119681092427167,False,0.7575999770779163
65,no_history,3,DE,node,0.05,1,0.25,2454,0.03526512186093315,True,0.8723999781068414
65,no_history,3,DE,edge,0.05,0,0.75,3288,0.039841792971727824,True,2.688400010811165
65,no_history,4,DE,node,0.1,0,0.15,1465,0.05119681092427167,True,1.5819999971427023
65,no_history,4,DE,edge,0.1,0,0.35,701,0.11868408066701093,False,2.067699999315664
65,no_history,4,DE,edge,0.1,1,0.5,1521,0.06370967961626123,True,1.8168000096920878
65,no_history,5,FR,node,0.1,0,0.15,2290,0.04094906412394047,True,1.7024999833665788
65,no_history,5,FR,edge,0.1,0,0.35,1641,0.07757060676119518,True,3.5266000195406377
65,no_history,6,FR,node,0.2,0,0.15,2290,0.04094906412394047,True,1.2968000082764775
65,no_history,6,FR,edge,0.2,0,0.25,820,0.08201023875860482,True,3.187800000887364
65,no_history,7,DE,node,0.2,0,0.15,1465,0.05119681092427167,True,1.384199975291267
65,no_history,7,DE,edge,0.2,0,0.25,357,0.12429134692078339,True,2.501600014511496
65,no_history,8,FR,node,0.05,0,0.15,2290,0.04094906412394047,True,0.9371000051032752
65,no_history,8,FR,edge,0.05,0,0.75,7671,0.026084276037779956,True,1.6722999862395227
65,no_history,9,FR,node,0.05,0,0.15,2290,0.04094906412394047,True,1.3103999954182655
65,no_history,9,FR,edge,0.05,0,0.75,7671,0.026084276037779956,True,2.1031000069342554
65,no_history,10,DE,node,0.2,0,0.15,1465,0.05119681092427167,True,0.9218000050168484
65,no_history,10,DE,edge,0.2,0,0.25,357,0.12429134692078339,True,2.7851999911945313
65,no_history,11,FR,node,0.2,0,0.15,2290,0.04094906412394047,True,1.2144999927841127
65,no_history,11,FR,edge,0.2,0,0.25,820,0.08201023875860482,True,2.0985000010114163
65,joint_no_history,0,DE,node,0.2,0,0.15,1465,0.1398834427744044,True,0.774099986301735
65,joint_no_history,0,DE,edge,0.2,0,0.25,357,0.22958620348395015,False,1.8769999733194709
65,joint_no_history,0,DE,edge,0.2,1,0.35,701,0.1952205961478079,True,1.8702000088524073
65,joint_no_history,1,FR,node,0.2,0,0.15,2290,0.1118838451972999,True,0.8335000020451844
65,joint_no_history,1,FR,edge,0.2,0,0.25,820,0.15148616399982054,True,2.584100002422929
65,joint_no_history,2,DE,node,0.05,0,0.35,3456,0.05369535751734342,False,0.7488999981433153
65,joint_no_history,2,DE,node,0.05,1,0.5,4936,0.035727285636131034,True,0.7026000239420682
65,joint_no_history,2,DE,edge,0.05,0,1.0,5833,0.0,True,1.8151999975088984
65,joint_no_history,3,DE,node,0.05,0,0.35,3456,0.05369535751734342,False,0.6378999969456345
65,joint_no_history,3,DE,node,0.05,1,0.5,4936,0.035727285636131034,True,0.7949999999254942
65,joint_no_history,3,DE,edge,0.05,0,1.0,5833,0.0,True,0.8708999957889318
65,joint_no_history,4,DE,node,0.1,0,0.25,2454,0.08371521657106916,True,0.6305999995674938
65,joint_no_history,4,DE,edge,0.1,0,0.75,3288,0.06443989715126165,True,1.7496000218670815
65,joint_no_history,5,FR,node,0.1,0,0.25,3720,0.06799394104394552,True,0.8584000170230865
65,joint_no_history,5,FR,edge,0.1,0,0.75,7671,0.04218856481515331,True,3.393899998627603
65,joint_no_history,6,FR,node,0.2,0,0.15,2290,0.1118838451972999,True,1.2332999904174358
65,joint_no_history,6,FR,edge,0.2,0,0.25,820,0.15148616399982054,True,2.7092999953310937
65,joint_no_history,7,DE,node,0.2,0,0.15,1465,0.1398834427744044,True,0.7699000125285238
65,joint_no_history,7,DE,edge,0.2,0,0.25,357,0.22958620348395015,False,2.2496999881695956
65,joint_no_history,7,DE,edge,0.2,1,0.35,701,0.1952205961478079,True,1.879699993878603
65,joint_no_history,8,FR,node,0.05,0,0.35,5225,0.043669725082258894,True,1.3255999947432429
65,joint_no_history,8,FR,edge,0.05,0,1.0,13428,0.0,True,1.7349999980069697
65,joint_no_history,9,FR,node,0.05,0,0.35,5225,0.043669725082258894,True,1.4504000137094408
65,joint_no_history,9,FR,edge,0.05,0,1.0,13428,0.0,True,1.1661000025924295
65,joint_no_history,10,DE,node,0.2,0,0.15,1465,0.1398834427744044,True,0.6825999880675226
65,joint_no_history,10,DE,edge,0.2,0,0.25,357,0.22958620348395015,False,2.196500019636005
65,joint_no_history,10,DE,edge,0.2,1,0.35,701,0.1952205961478079,True,2.688100008526817
65,joint_no_history,11,FR,node,0.2,0,0.15,2290,0.1118838451972999,True,0.7554999901913106
65,joint_no_history,11,FR,edge,0.2,0,0.25,820,0.15148616399982054,True,2.489400008926168
66,joint_no_history,0,FR,node,0.2,0,0.15,2251,0.11284891227151568,True,1.0599000088404864
66,joint_no_history,0,FR,edge,0.2,0,0.25,818,0.15167124185015032,True,2.4150999961420894
66,joint_no_history,1,DE,node,0.2,0,0.15,1491,0.1386584378740035,True,0.9701999952085316
66,joint_no_history,1,DE,edge,0.2,0,0.25,371,0.2252127324033486,False,2.41499999538064
66,joint_no_history,1,DE,edge,0.2,1,0.35,706,0.19452807677429107,True,2.319299994269386
66,joint_no_history,2,FR,node,0.05,0,0.35,5240,0.04360717590943105,True,0.9070000087376684
66,joint_no_history,2,FR,edge,0.05,0,1.0,13428,0.0,True,1.10530000529252
66,joint_no_history,3,FR,node,0.05,0,0.35,5240,0.04360717590943105,True,1.0963999957311898
66,joint_no_history,3,FR,edge,0.05,0,1.0,13428,0.0,True,1.5178999747149646
66,joint_no_history,4,FR,node,0.1,0,0.25,3750,0.06772141914149495,True,1.026500016450882
66,joint_no_history,4,FR,edge,0.1,0,0.75,7600,0.042385171708729866,True,3.980599984060973
66,joint_no_history,5,DE,node,0.1,0,0.25,2463,0.08356212552573239,True,0.7559000223409384
66,joint_no_history,5,DE,edge,0.1,0,0.75,3252,0.06479559385767848,True,2.0760000043082982
66,joint_no_history,6,FR,node,0.2,0,0.15,2251,0.11284891227151568,True,0.8307000098284334
66,joint_no_history,6,FR,edge,0.2,0,0.25,818,0.15167124185015032,True,2.0623999880626798
66,joint_no_history,7,FR,node,0.2,0,0.15,2251,0.11284891227151568,True,0.8160000143107027
66,joint_no_history,7,FR,edge,0.2,0,0.25,818,0.15167124185015032,True,2.6430000143591315
66,joint_no_history,8,DE,node,0.05,0,0.35,3438,0.05383573777655786,False,1.2475000112317502
66,joint_no_history,8,DE,node,0.05,1,0.5,4887,0.03590595052502626,True,0.8785999962128699
66,joint_no_history,8,DE,edge,0.05,0,1.0,5833,0.0,True,0.9428999910596758
66,joint_no_history,9,DE,node,0.05,0,0.35,3438,0.05383573777655786,False,0.6982999911997467
66,joint_no_history,9,DE,node,0.05,1,0.5,4887,0.03590595052502626,True,0.7489000272471458
66,joint_no_history,9,DE,edge,0.05,0,1.0,5833,0.0,True,0.984799989964813
66,joint_no_history,10,FR,node,0.2,0,0.15,2251,0.11284891227151568,True,1.0011999984271824
66,joint_no_history,10,FR,edge,0.2,0,0.25,818,0.15167124185015032,True,2.186400000937283
66,joint_no_history,11,FR,node,0.2,0,0.15,2251,0.11284891227151568,True,1.3964000099804252
66,joint_no_history,11,FR,edge,0.2,0,0.25,818,0.15167124185015032,True,2.7916000108234584
66,no_history,0,FR,node,0.2,0,0.15,2251,0.0413022750225852,True,1.1335000162944198
66,no_history,0,FR,edge,0.2,0,0.25,818,0.08211043456721011,True,2.1712000016123056
66,no_history,1,DE,node,0.2,0,0.15,1491,0.05074846376449897,True,0.7917000039014965
66,no_history,1,DE,edge,0.2,0,0.25,371,0.12192367585397618,True,2.0340999762993306
66,no_history,2,FR,node,0.05,0,0.15,2251,0.0413022750225852,True,1.3433000131044537
66,no_history,2,FR,edge,0.05,0,0.75,7600,0.026205833822583745,True,2.6214999961666763
66,no_history,3,FR,node,0.05,0,0.15,2251,0.0413022750225852,True,0.9888999920804054
66,no_history,3,FR,edge,0.05,0,0.75,7600,0.026205833822583745,True,2.7606000076048076
66,no_history,4,FR,node,0.1,0,0.15,2251,0.0413022750225852,True,0.9017999982461333
66,no_history,4,FR,edge,0.1,0,0.35,1634,0.07773658410130226,True,3.144900023471564
66,no_history,5,DE,node,0.1,0,0.15,1491,0.05074846376449897,True,1.0856000008061528
66,no_history,5,DE,edge,0.1,0,0.35,706,0.11826306450984424,False,2.407400024821982
66,no_history,5,DE,edge,0.1,1,0.5,1411,0.06614644697884783,True,2.1018999977968633
66,no_history,6,FR,node,0.2,0,0.15,2251,0.0413022750225852,True,1.031700026942417
66,no_history,6,FR,edge,0.2,0,0.25,818,0.08211043456721011,True,2.585600013844669
66,no_history,7,FR,node,0.2,0,0.15,2251,0.0413022750225852,True,1.0325999755878001
66,no_history,7,FR,edge,0.2,0,0.25,818,0.08211043456721011,True,3.5595000081229955
66,no_history,8,DE,node,0.05,0,0.15,1491,0.05074846376449897,False,1.0116999910678715
66,no_history,8,DE,node,0.05,1,0.25,2463,0.03520063209920584,True,1.1547000030986965
66,no_history,8,DE,edge,0.05,0,0.75,3252,0.04006171254274327,True,3.22839998989366
66,no_history,9,DE,node,0.05,0,0.15,1491,0.05074846376449897,False,0.7400000176858157
66,no_history,9,DE,node,0.05,1,0.25,2463,0.03520063209920584,True,0.7119999791029841
66,no_history,9,DE,edge,0.05,0,0.75,3252,0.04006171254274327,True,2.1803000126965344
66,no_history,10,FR,node,0.2,0,0.15,2251,0.0413022750225852,True,1.450599986128509
66,no_history,10,FR,edge,0.2,0,0.25,818,0.08211043456721011,True,2.462300006300211
66,no_history,11,FR,node,0.2,0,0.15,2251,0.0413022750225852,True,1.0067999828606844
66,no_history,11,FR,edge,0.2,0,0.25,818,0.08211043456721011,True,2.734900015639141
67,joint_no_history,0,DE,node,0.2,0,0.15,1501,0.13819577913374687,True,0.7085000106599182
67,joint_no_history,0,DE,edge,0.2,0,0.25,383,0.2216565184661102,False,3.510400012601167
67,joint_no_history,0,DE,edge,0.2,1,0.35,710,0.19397933639543755,True,2.273300022352487
67,joint_no_history,1,DE,node,0.2,0,0.15,1501,0.13819577913374687,True,0.6624999805353582
67,joint_no_history,1,DE,edge,0.2,0,0.25,383,0.2216565184661102,False,1.9910999981220812
67,joint_no_history,1,DE,edge,0.2,1,0.35,710,0.19397933639543755,True,1.7894000047817826
67,joint_no_history,2,FR,node,0.05,0,0.35,5133,0.04405933857158493,True,0.8846000127959996
67,joint_no_history,2,FR,edge,0.05,0,1.0,13428,0.0,True,1.076199987437576
67,joint_no_history,3,DE,node,0.05,0,0.35,3391,0.054207541426988255,False,0.7124999829102308
67,joint_no_history,3,DE,node,0.05,1,0.5,4866,0.03598334604321174,True,0.8907000010367483
67,joint_no_history,3,DE,edge,0.05,0,1.0,5833,0.0,True,1.123800000641495
67,joint_no_history,4,FR,node,0.1,0,0.25,3672,0.0684369029992915,True,1.0111000156030059
67,joint_no_history,4,FR,edge,0.1,0,0.75,7430,0.04286732031824931,True,3.183199994964525
67,joint_no_history,5,DE,node,0.1,0,0.25,2446,0.0838520062318594,True,0.7941999938338995
67,joint_no_history,5,DE,edge,0.1,0,0.75,3213,0.06518765827790915,True,2.688499982468784
67,joint_no_history,6,DE,node,0.2,0,0.15,1501,0.13819577913374687,True,1.223500003106892
67,joint_no_history,6,DE,edge,0.2,0,0.25,383,0.2216565184661102,False,4.518200003076345
67,joint_no_history,6,DE,edge,0.2,1,0.35,710,0.19397933639543755,True,2.739299990935251
67,joint_no_history,7,FR,node,0.2,0,0.15,2180,0.11467186558348554,True,0.8070000039879233
67,joint_no_history,7,FR,edge,0.2,0,0.25,789,0.15443345687954677,True,1.8278000061400235
67,joint_no_history,8,FR,node,0.05,0,0.35,5133,0.04405933857158493,True,0.8850999874994159
67,joint_no_history,8,FR,edge,0.05,0,1.0,13428,0.0,True,1.1455999920144677
67,joint_no_history,9,DE,node,0.05,0,0.35,3391,0.054207541426988255,False,0.7771000091452152
67,joint_no_history,9,DE,node,0.05,1,0.5,4866,0.03598334604321174,True,0.8405999979004264
67,joint_no_history,9,DE,edge,0.05,0,1.0,5833,0.0,True,2.335299999685958
67,joint_no_history,10,FR,node,0.2,0,0.15,2180,0.11467186558348554,True,0.915299984626472
67,joint_no_history,10,FR,edge,0.2,0,0.25,789,0.15443345687954677,True,2.287800016347319
67,joint_no_history,11,FR,node,0.2,0,0.15,2180,0.11467186558348554,True,0.9511999960523099
67,joint_no_history,11,FR,edge,0.2,0,0.25,789,0.15443345687954677,True,2.2684000141453
67,no_history,0,DE,node,0.2,0,0.15,1501,0.050579132415644615,True,0.6955999997444451
67,no_history,0,DE,edge,0.2,0,0.25,383,0.11999844422642013,True,2.261199988424778
67,no_history,1,DE,node,0.2,0,0.15,1501,0.050579132415644615,True,0.6873999955132604
67,no_history,1,DE,edge,0.2,0,0.25,383,0.11999844422642013,True,1.6783000028226525
67,no_history,2,FR,node,0.05,0,0.15,2180,0.04196946903915806,True,0.7859999896027148
67,no_history,2,FR,edge,0.05,0,0.75,7430,0.026503935866989386,True,1.9016999867744744
67,no_history,3,DE,node,0.05,0,0.15,1501,0.050579132415644615,False,1.2411000207066536
67,no_history,3,DE,node,0.05,1,0.25,2446,0.03532274464750252,True,1.4224000042304397
67,no_history,3,DE,edge,0.05,0,0.75,3213,0.04030411748367208,True,2.356100012548268
67,no_history,4,FR,node,0.1,0,0.15,2180,0.04196946903915806,True,0.8539000118616968
67,no_history,4,FR,edge,0.1,0,0.35,1552,0.07976376046187177,True,1.9091999856755137
67,no_history,5,DE,node,0.1,0,0.15,1501,0.050579132415644615,True,1.0127999994438142
67,no_history,5,DE,edge,0.1,0,0.35,710,0.11792945858570401,False,2.2305999882519245
67,no_history,5,DE,edge,0.1,1,0.5,1440,0.06547700139077099,True,2.187399979447946
67,no_history,6,DE,node,0.2,0,0.15,1501,0.050579132415644615,True,1.1417999921832234
67,no_history,6,DE,edge,0.2,0,0.25,383,0.11999844422642013,True,2.38089999766089
67,no_history,7,FR,node,0.2,0,0.15,2180,0.04196946903915806,True,1.0199999960605055
67,no_history,7,FR,edge,0.2,0,0.25,789,0.08360581809321765,True,2.151599997887388
67,no_history,8,FR,node,0.05,0,0.15,2180,0.04196946903915806,True,0.9967000223696232
67,no_history,8,FR,edge,0.05,0,0.75,7430,0.026503935866989386,True,2.21800000872463
67,no_history,9,DE,node,0.05,0,0.15,1501,0.050579132415644615,False,0.8101999992504716
67,no_history,9,DE,node,0.05,1,0.25,2446,0.03532274464750252,True,0.8601000008638948
67,no_history,9,DE,edge,0.05,0,0.75,3213,0.04030411748367208,True,2.2579999931622297
67,no_history,10,FR,node,0.2,0,0.15,2180,0.04196946903915806,True,0.9119000169448555
67,no_history,10,FR,edge,0.2,0,0.25,789,0.08360581809321765,True,2.0982999994885176
67,no_history,11,FR,node,0.2,0,0.15,2180,0.04196946903915806,True,0.9621000208426267
67,no_history,11,FR,edge,0.2,0,0.25,789,0.08360581809321765,True,2.2464999929070473
68,no_history,0,FR,node,0.2,0,0.15,2240,0.041403562662199946,True,1.0073999874293804
68,no_history,0,FR,edge,0.2,0,0.25,838,0.08112467933323816,True,2.1717000054195523
68,no_history,1,DE,node,0.2,0,0.15,1538,0.0499670320603751,True,0.6751000182703137
68,no_history,1,DE,edge,0.2,0,0.25,399,0.11756784416029818,True,1.799999998183921
68,no_history,2,DE,node,0.05,0,0.15,1538,0.0499670320603751,True,0.7065999961923808
68,no_history,2,DE,edge,0.05,0,0.75,3271,0.03994519143283714,True,1.784599997336045
68,no_history,3,DE,node,0.05,0,0.15,1538,0.0499670320603751,True,0.7018999895080924
68,no_history,3,DE,edge,0.05,0,0.75,3271,0.03994519143283714,True,2.747299993643537
68,no_history,4,FR,node,0.1,0,0.15,2240,0.041403562662199946,True,1.0320000001229346
68,no_history,4,FR,edge,0.1,0,0.35,1642,0.07754698239434267,True,2.5815000117290765
68,no_history,5,FR,node,0.1,0,0.15,2240,0.041403562662199946,True,0.9934999980032444
68,no_history,5,FR,edge,0.1,0,0.35,1642,0.07754698239434267,True,2.2123999951872975
68,no_history,6,DE,node,0.2,0,0.15,1538,0.0499670320603751,True,0.8113000076264143
68,no_history,6,DE,edge,0.2,0,0.25,399,0.11756784416029818,True,2.379099983954802
68,no_history,7,FR,node,0.2,0,0.15,2240,0.041403562662199946,True,1.1162000009790063
68,no_history,7,FR,edge,0.2,0,0.25,838,0.08112467933323816,True,2.9236999980639666
68,no_history,8,DE,node,0.05,0,0.15,1538,0.0499670320603751,True,0.8715000003576279
68,no_history,8,DE,edge,0.05,0,0.75,3271,0.03994519143283714,True,2.0077000081073493
68,no_history,9,FR,node,0.05,0,0.15,2240,0.041403562662199946,True,0.9664999961387366
68,no_history,9,FR,edge,0.05,0,0.75,7601,0.02620410992468874,True,2.136900002369657
68,no_history,10,DE,node,0.2,0,0.15,1538,0.0499670320603751,True,1.361999980872497
68,no_history,10,DE,edge,0.2,0,0.25,399,0.11756784416029818,True,1.941199996508658
68,no_history,11,FR,node,0.2,0,0.15,2240,0.041403562662199946,True,0.9509999945294112
68,no_history,11,FR,edge,0.2,0,0.25,838,0.08112467933323816,True,1.9841000030282885
68,joint_no_history,0,FR,node,0.2,0,0.15,2240,0.11312565731645143,True,1.0037000174634159
68,joint_no_history,0,FR,edge,0.2,0,0.25,838,0.14985039263305805,True,3.882699995301664
68,joint_no_history,1,DE,node,0.2,0,0.15,1538,0.13652335650677533,True,0.7589000160805881
68,joint_no_history,1,DE,edge,0.2,0,0.25,399,0.21716680735432675,False,1.9524999952409416
68,joint_no_history,1,DE,edge,0.2,1,0.35,769,0.18638951305413987,True,1.8604000215418637
68,joint_no_history,2,DE,node,0.05,0,0.35,3511,0.05327312712257674,False,0.7238000107463449
68,joint_no_history,2,DE,node,0.05,1,0.5,4959,0.035644337200430615,True,0.7137000211514533
68,joint_no_history,2,DE,edge,0.05,0,1.0,5833,0.0,True,1.05489999987185
68,joint_no_history,3,DE,node,0.05,0,0.35,3511,0.05327312712257674,False,0.7359000155702233
68,joint_no_history,3,DE,node,0.05,1,0.5,4959,0.035644337200430615,True,0.7186000002548099
68,joint_no_history,3,DE,edge,0.05,0,1.0,5833,0.0,True,1.136499980930239
68,joint_no_history,4,FR,node,0.1,0,0.25,3775,0.06749680353386701,True,1.0226000158581883
68,joint_no_history,4,FR,edge,0.1,0,0.75,7601,0.04238238348574169,True,2.125700004398823
68,joint_no_history,5,FR,node,0.1,0,0.25,3775,0.06749680353386701,True,0.9411999781150371
68,joint_no_history,5,FR,edge,0.1,0,0.75,7601,0.04238238348574169,True,2.1957000135444105
68,joint_no_history,6,DE,node,0.2,0,0.15,1538,0.13652335650677533,True,0.833400001283735
68,joint_no_history,6,DE,edge,0.2,0,0.25,399,0.21716680735432675,False,2.0702000183518976
68,joint_no_history,6,DE,edge,0.2,1,0.35,769,0.18638951305413987,True,2.0049000158905983
68,joint_no_history,7,FR,node,0.2,0,0.15,2240,0.11312565731645143,True,1.5381000121124089
68,joint_no_history,7,FR,edge,0.2,0,0.25,838,0.14985039263305805,True,2.386600011959672
68,joint_no_history,8,DE,node,0.05,0,0.35,3511,0.05327312712257674,False,0.7227000023704022
68,joint_no_history,8,DE,node,0.05,1,0.5,4959,0.035644337200430615,True,0.6955999997444451
68,joint_no_history,8,DE,edge,0.05,0,1.0,5833,0.0,True,1.173900003777817
68,joint_no_history,9,FR,node,0.05,0,0.35,5300,0.04335964027163008,True,0.8709999965503812
68,joint_no_history,9,FR,edge,0.05,0,1.0,13428,0.0,True,1.1500999971758574
68,joint_no_history,10,DE,node,0.2,0,0.15,1538,0.13652335650677533,True,0.7192000048235059
68,joint_no_history,10,DE,edge,0.2,0,0.25,399,0.21716680735432675,False,3.581999975722283
68,joint_no_history,10,DE,edge,0.2,1,0.35,769,0.18638951305413987,True,2.6496999780647457
68,joint_no_history,11,FR,node,0.2,0,0.15,2240,0.11312565731645143,True,0.8386000117752701
68,joint_no_history,11,FR,edge,0.2,0,0.25,838,0.14985039263305805,True,2.4067999911494553
69,no_history,0,FR,node,0.2,0,0.15,2139,0.0423697917526466,True,0.9497999853920192
69,no_history,0,FR,edge,0.2,0,0.25,786,0.08376521922572212,True,3.8343000051099807
69,no_history,1,DE,node,0.2,0,0.15,1531,0.05008113079788988,True,0.7900999917183071
69,no_history,1,DE,edge,0.2,0,0.25,404,0.11683805533220244,True,1.923900010297075
69,no_history,2,DE,node,0.05,0,0.15,1531,0.05008113079788988,False,0.6976000149734318
69,no_history,2,DE,node,0.05,1,0.25,2570,0.034460066122685915,True,0.7019999902695417
69,no_history,2,DE,edge,0.05,0,0.75,3349,0.03947727846656829,True,1.8107000214513391
69,no_history,3,DE,node,0.05,0,0.15,1531,0.05008113079788988,False,0.7359999872278422
69,no_history,3,DE,node,0.05,1,0.25,2570,0.034460066122685915,True,0.655500014545396
69,no_history,3,DE,edge,0.05,0,0.75,3349,0.03947727846656829,True,1.770599978044629
69,no_history,4,DE,node,0.1,0,0.15,1531,0.05008113079788988,True,1.1844999971799552
69,no_history,4,DE,edge,0.1,0,0.35,769,0.11331523640084336,False,2.2339000133797526
69,no_history,4,DE,edge,0.1,1,0.5,1529,0.06354279084336874,True,2.8055000002495944
69,no_history,5,FR,node,0.1,0,0.15,2139,0.0423697917526466,True,0.8953000069595873
69,no_history,5,FR,edge,0.1,0,0.35,1631,0.07780804412935464,True,2.605199988465756
69,no_history,6,FR,node,0.2,0,0.15,2139,0.0423697917526466,True,1.0025000083260238
69,no_history,6,FR,edge,0.2,0,0.25,786,0.08376521922572212,True,2.460799994878471
69,no_history,7,FR,node,0.2,0,0.15,2139,0.0423697917526466,True,1.3904999941587448
69,no_history,7,FR,edge,0.2,0,0.25,786,0.08376521922572212,True,2.18239999958314
69,no_history,8,DE,node,0.05,0,0.15,1531,0.05008113079788988,False,0.885300018126145
69,no_history,8,DE,node,0.05,1,0.25,2570,0.034460066122685915,True,0.7683999720029533
69,no_history,8,DE,edge,0.05,0,0.75,3349,0.03947727846656829,True,2.142600016668439
69,no_history,9,DE,node,0.05,0,0.15,1531,0.05008113079788988,False,0.7135999912861735
69,no_history,9,DE,node,0.05,1,0.25,2570,0.034460066122685915,True,0.7257999968715012
69,no_history,9,DE,edge,0.05,0,0.75,3349,0.03947727846656829,True,1.8995999998878688
69,no_history,10,FR,node,0.2,0,0.15,2139,0.0423697917526466,True,2.069100009975955
69,no_history,10,FR,edge,0.2,0,0.25,786,0.08376521922572212,True,2.270400000270456
69,no_history,11,DE,node,0.2,0,0.15,1531,0.05008113079788988,True,0.6995000003371388
69,no_history,11,DE,edge,0.2,0,0.25,404,0.11683805533220244,True,1.9802000024355948
69,joint_no_history,0,FR,node,0.2,0,0.15,2139,0.1157656547936455,True,0.8454000053461641
69,joint_no_history,0,FR,edge,0.2,0,0.25,786,0.15472789653081281,True,2.033199998550117
69,joint_no_history,1,DE,node,0.2,0,0.15,1531,0.13683510491320222,True,1.1063999845646322
69,joint_no_history,1,DE,edge,0.2,0,0.25,404,0.21581876945355247,False,1.9139999931212515
69,joint_no_history,1,DE,edge,0.2,1,0.35,769,0.18638951305413987,True,1.8390000041108578
69,joint_no_history,2,DE,node,0.05,0,0.35,3562,0.05289037517897313,False,0.754999986384064
69,joint_no_history,2,DE,node,0.05,1,0.5,5056,0.03530076077005797,True,0.7424000068567693
69,joint_no_history,2,DE,edge,0.05,0,1.0,5833,0.0,True,0.9605000086594373
69,joint_no_history,3,DE,node,0.05,0,0.35,3562,0.05289037517897313,False,0.735800014808774
69,joint_no_history,3,DE,node,0.05,1,0.5,5056,0.03530076077005797,True,0.7284999883268028
69,joint_no_history,3,DE,edge,0.05,0,1.0,5833,0.0,True,0.9403000003658235
69,joint_no_history,4,DE,node,0.1,0,0.25,2570,0.0818041097345489,True,0.7788000220898539
69,joint_no_history,4,DE,edge,0.1,0,0.75,3349,0.06385033339243956,True,4.375899996375665
69,joint_no_history,5,FR,node,0.1,0,0.25,3659,0.06855836937092452,True,0.8744999940972775
69,joint_no_history,5,FR,edge,0.1,0,0.75,7553,0.04251684214523083,True,2.331600000616163
69,joint_no_history,6,FR,node,0.2,0,0.15,2139,0.1157656547936455,True,0.8911000040825456
69,joint_no_history,6,FR,edge,0.2,0,0.25,786,0.15472789653081281,True,1.8757000216282904
69,joint_no_history,7,FR,node,0.2,0,0.15,2139,0.1157656547936455,True,0.8427999855484813
69,joint_no_history,7,FR,edge,0.2,0,0.25,786,0.15472789653081281,True,2.678399992873892
69,joint_no_history,8,DE,node,0.05,0,0.35,3562,0.05289037517897313,False,0.7690000056754798
69,joint_no_history,8,DE,node,0.05,1,0.5,5056,0.03530076077005797,True,0.7351000094786286
69,joint_no_history,8,DE,edge,0.05,0,1.0,5833,0.0,True,1.0246000019833446
69,joint_no_history,9,DE,node,0.05,0,0.35,3562,0.05289037517897313,False,0.7179999956861138
69,joint_no_history,9,DE,node,0.05,1,0.5,5056,0.03530076077005797,True,0.7017999887466431
69,joint_no_history,9,DE,edge,0.05,0,1.0,5833,0.0,True,0.981399993179366
69,joint_no_history,10,FR,node,0.2,0,0.15,2139,0.1157656547936455,True,0.8502999844495207
69,joint_no_history,10,FR,edge,0.2,0,0.25,786,0.15472789653081281,True,2.0657999848481268
69,joint_no_history,11,DE,node,0.2,0,0.15,1531,0.13683510491320222,True,0.7718999986536801
69,joint_no_history,11,DE,edge,0.2,0,0.25,404,0.21581876945355247,False,2.5816999841481447
69,joint_no_history,11,DE,edge,0.2,1,0.35,769,0.18638951305413987,True,2.1597000013571233
70,no_history,0,FR,node,0.2,0,0.15,2291,0.040940126207404025,True,0.9392999927513301
70,no_history,0,FR,edge,0.2,0,0.25,899,0.07832405371709285,True,2.07419999060221
70,no_history,1,FR,node,0.2,0,0.15,2291,0.040940126207404025,True,1.7333000141661614
70,no_history,1,FR,edge,0.2,0,0.25,899,0.07832405371709285,True,2.138400013791397
70,no_history,2,FR,node,0.05,0,0.15,2291,0.040940126207404025,True,0.8811999869067222
70,no_history,2,FR,edge,0.05,0,0.75,7534,0.026320368838406983,True,2.615800010971725
70,no_history,3,FR,node,0.05,0,0.15,2291,0.040940126207404025,True,0.9801000123843551
70,no_history,3,FR,edge,0.05,0,0.75,7534,0.026320368838406983,True,2.0463999826461077
70,no_history,4,DE,node,0.1,0,0.15,1484,0.05086801272583587,True,0.754699984099716
70,no_history,4,DE,edge,0.1,0,0.35,679,0.12059147075282237,False,4.185099998721853
70,no_history,4,DE,edge,0.1,1,0.5,1362,0.06732579251487089,True,2.317400008905679
70,no_history,5,DE,node,0.1,0,0.15,1484,0.05086801272583587,True,0.7671000203117728
70,no_history,5,DE,edge,0.1,0,0.35,679,0.12059147075282237,False,2.279800013639033
70,no_history,5,DE,edge,0.1,1,0.5,1362,0.06732579251487089,True,2.577300008852035
70,no_history,6,FR,node,0.2,0,0.15,2291,0.040940126207404025,True,0.8873999759089202
70,no_history,6,FR,edge,0.2,0,0.25,899,0.07832405371709285,True,1.9767000048886985
70,no_history,7,DE,node,0.2,0,0.15,1484,0.05086801272583587,True,1.2431000068318099
70,no_history,7,DE,edge,0.2,0,0.25,363,0.12325986562719454,True,2.2002000187058
70,no_history,8,FR,node,0.05,0,0.15,2291,0.040940126207404025,True,0.9642999793868512
70,no_history,8,FR,edge,0.05,0,0.75,7534,0.026320368838406983,True,2.7811000181827694
70,no_history,9,DE,node,0.05,0,0.15,1484,0.05086801272583587,False,0.881000014487654
70,no_history,9,DE,node,0.05,1,0.25,2417,0.03553402003767925,True,0.8396000193897635
70,no_history,9,DE,edge,0.05,0,0.75,3165,0.040608591065156095,True,2.2538000193890184
70,no_history,10,DE,node,0.2,0,0.15,1484,0.05086801272583587,True,1.2666999828070402
70,no_history,10,DE,edge,0.2,0,0.25,363,0.12325986562719454,True,2.154699992388487
70,no_history,11,DE,node,0.2,0,0.15,1484,0.05086801272583587,True,0.8219000010285527
70,no_history,11,DE,edge,0.2,0,0.25,363,0.12325986562719454,True,2.1643000072799623
70,joint_no_history,0,FR,node,0.2,0,0.15,2291,0.11185942440792304,True,1.199799997266382
70,joint_no_history,0,FR,edge,0.2,0,0.25,899,0.14467718453353923,True,2.362700004596263
70,joint_no_history,1,FR,node,0.2,0,0.15,2291,0.11185942440792304,True,0.97490000189282
70,joint_no_history,1,FR,edge,0.2,0,0.25,899,0.14467718453353923,True,2.4363000120501965
70,joint_no_history,2,FR,node,0.05,0,0.35,5265,0.04350352190995646,True,0.9692000166978687
70,joint_no_history,2,FR,edge,0.05,0,1.0,13428,0.0,True,1.1376000184100121
70,joint_no_history,3,FR,node,0.05,0,0.35,5265,0.04350352190995646,True,0.978299998678267
70,joint_no_history,3,FR,edge,0.05,0,1.0,13428,0.0,True,1.2009999772999436
70,joint_no_history,4,DE,node,0.1,0,0.25,2417,0.0843535489491802,True,1.0240999981760979
70,joint_no_history,4,DE,edge,0.1,0,0.75,3165,0.06568011217650825,True,3.133899997919798
70,joint_no_history,5,DE,node,0.1,0,0.25,2417,0.0843535489491802,True,0.8138999983202666
70,joint_no_history,5,DE,edge,0.1,0,0.75,3165,0.06568011217650825,True,2.098700002534315
70,joint_no_history,6,FR,node,0.2,0,0.15,2291,0.11185942440792304,True,0.9956999856512994
70,joint_no_history,6,FR,edge,0.2,0,0.25,899,0.14467718453353923,True,2.3015000042505562
70,joint_no_history,7,DE,node,0.2,0,0.15,1484,0.1389850777562541,True,0.811500009149313
70,joint_no_history,7,DE,edge,0.2,0,0.25,363,0.22768089084532608,False,2.370000001974404
70,joint_no_history,7,DE,edge,0.2,1,0.35,679,0.198358016327042,True,4.522600007476285
70,joint_no_history,8,FR,node,0.05,0,0.35,5265,0.04350352190995646,True,0.8962999854702502
70,joint_no_history,8,FR,edge,0.05,0,1.0,13428,0.0,True,1.1857000063173473
70,joint_no_history,9,DE,node,0.05,0,0.35,3362,0.05444083161987176,False,0.8013999904505908
70,joint_no_history,9,DE,node,0.05,1,0.5,4818,0.0361621463791438,True,0.8515000226907432
70,joint_no_history,9,DE,edge,0.05,0,1.0,5833,0.0,True,1.1009000008925796
70,joint_no_history,10,DE,node,0.2,0,0.15,1484,0.1389850777562541,True,0.8644000045023859
70,joint_no_history,10,DE,edge,0.2,0,0.25,363,0.22768089084532608,False,2.6048000145237893
70,joint_no_history,10,DE,edge,0.2,1,0.35,679,0.198358016327042,True,3.9397999935317785
70,joint_no_history,11,DE,node,0.2,0,0.15,1484,0.1389850777562541,True,0.8379000064451247
70,joint_no_history,11,DE,edge,0.2,0,0.25,363,0.22768089084532608,False,2.1106000058352947
70,joint_no_history,11,DE,edge,0.2,1,0.35,679,0.198358016327042,True,2.1049999922979623
71,no_history,0,DE,node,0.2,0,0.15,1464,0.051214293189054474,True,0.8589999924879521
71,no_history,0,DE,edge,0.2,0,0.25,355,0.12464097165339731,True,2.1308000141289085
71,no_history,1,FR,node,0.2,0,0.15,2256,0.04125648026959307,True,1.4457000070251524
71,no_history,1,FR,edge,0.2,0,0.25,853,0.08040822715615446,True,2.4096000124700367
71,no_history,2,FR,node,0.05,0,0.15,2256,0.04125648026959307,True,0.9335000067949295
71,no_history,2,FR,edge,0.05,0,0.75,7615,0.026180011020625726,True,2.259900007629767
71,no_history,3,FR,node,0.05,0,0.15,2256,0.04125648026959307,True,1.0684000153560191
71,no_history,3,FR,edge,0.05,0,0.75,7615,0.026180011020625726,True,2.3606999893672764
71,no_history,4,DE,node,0.1,0,0.15,1464,0.051214293189054474,True,1.1795000173151493
71,no_history,4,DE,edge,0.1,0,0.35,662,0.1221300357813242,False,2.179900009650737
71,no_history,4,DE,edge,0.1,1,0.5,1381,0.06686104942716461,True,2.0549999899230897
71,no_history,5,DE,node,0.1,0,0.15,1464,0.051214293189054474,True,0.8153000089805573
71,no_history,5,DE,edge,0.1,0,0.35,662,0.1221300357813242,False,2.0949999743606895
71,no_history,5,DE,edge,0.1,1,0.5,1381,0.06686104942716461,True,2.1606000082101673
71,no_history,6,FR,node,0.2,0,0.15,2256,0.04125648026959307,True,1.1580999998841435
71,no_history,6,FR,edge,0.2,0,0.25,853,0.08040822715615446,True,2.8554000018630177
71,no_history,7,FR,node,0.2,0,0.15,2256,0.04125648026959307,True,1.0503999947104603
71,no_history,7,FR,edge,0.2,0,0.25,853,0.08040822715615446,True,2.4370999890379608
71,no_history,8,FR,node,0.05,0,0.15,2256,0.04125648026959307,True,1.1052000045310706
71,no_history,8,FR,edge,0.05,0,0.75,7615,0.026180011020625726,True,2.351200004341081
71,no_history,9,DE,node,0.05,0,0.15,1464,0.051214293189054474,False,0.9180000051856041
71,no_history,9,DE,node,0.05,1,0.25,2414,0.0355560931447076,True,0.8650000090710819
71,no_history,9,DE,edge,0.05,0,0.75,3275,0.039920789969696925,True,3.7896000139880925
71,no_history,10,FR,node,0.2,0,0.15,2256,0.04125648026959307,True,1.018800016026944
71,no_history,10,FR,edge,0.2,0,0.25,853,0.08040822715615446,True,2.135399990947917
71,no_history,11,DE,node,0.2,0,0.15,1464,0.051214293189054474,True,0.8897999941837043
71,no_history,11,DE,edge,0.2,0,0.25,355,0.12464097165339731,True,1.947699987795204
71,joint_no_history,0,DE,node,0.2,0,0.15,1464,0.13993120901884745,True,0.8391999872401357
71,joint_no_history,0,DE,edge,0.2,0,0.25,355,0.23023201686511885,False,2.2065000084694475
71,joint_no_history,0,DE,edge,0.2,1,0.35,662,0.20088876502044942,False,2.7261000068392605
71,joint_no_history,0,DE,edge,0.2,2,0.5,1381,0.16801261272717158,True,2.3231999948620796
71,joint_no_history,1,FR,node,0.2,0,0.15,2256,0.11272378870241256,True,0.890600000275299
71,joint_no_history,1,FR,edge,0.2,0,0.25,853,0.1485269896819315,True,2.515000000130385
71,joint_no_history,2,FR,node,0.05,0,0.35,5270,0.04348287966826763,True,1.2273000029381365
71,joint_no_history,2,FR,edge,0.05,0,1.0,13428,0.0,True,1.1455999920144677
71,joint_no_history,3,FR,node,0.05,0,0.35,5270,0.04348287966826763,True,0.8473999914713204
71,joint_no_history,3,FR,edge,0.05,0,1.0,13428,0.0,True,1.349300000583753
71,joint_no_history,4,DE,node,0.1,0,0.25,2414,0.08440594788721766,True,0.8981999999377877
71,joint_no_history,4,DE,edge,0.1,0,0.75,3275,0.06456766646194502,True,2.034799981629476
71,joint_no_history,5,DE,node,0.1,0,0.25,2414,0.08440594788721766,True,1.0896000021602958
71,joint_no_history,5,DE,edge,0.1,0,0.75,3275,0.06456766646194502,True,3.3079000131692737
71,joint_no_history,6,FR,node,0.2,0,0.15,2256,0.11272378870241256,True,0.9220000065397471
71,joint_no_history,6,FR,edge,0.2,0,0.25,853,0.1485269896819315,True,2.3895000049378723
71,joint_no_history,7,FR,node,0.2,0,0.15,2256,0.11272378870241256,True,0.9538000158499926
71,joint_no_history,7,FR,edge,0.2,0,0.25,853,0.1485269896819315,True,2.815799991367385
71,joint_no_history,8,FR,node,0.05,0,0.35,5270,0.04348287966826763,True,1.0857000015676022
71,joint_no_history,8,FR,edge,0.05,0,1.0,13428,0.0,True,2.211200015153736
71,joint_no_history,9,DE,node,0.05,0,0.35,3362,0.05444083161987176,False,0.8509999897796661
71,joint_no_history,9,DE,node,0.05,1,0.5,4799,0.0362336614925794,True,0.824499991722405
71,joint_no_history,9,DE,edge,0.05,0,1.0,5833,0.0,True,1.077399996574968
71,joint_no_history,10,FR,node,0.2,0,0.15,2256,0.11272378870241256,True,1.0550000006332994
71,joint_no_history,10,FR,edge,0.2,0,0.25,853,0.1485269896819315,True,2.291599987074733
71,joint_no_history,11,DE,node,0.2,0,0.15,1464,0.13993120901884745,True,1.1618999997153878
71,joint_no_history,11,DE,edge,0.2,0,0.25,355,0.23023201686511885,False,3.287400002591312
71,joint_no_history,11,DE,edge,0.2,1,0.35,662,0.20088876502044942,False,4.241699993144721
71,joint_no_history,11,DE,edge,0.2,2,0.5,1381,0.16801261272717158,True,2.3542999988421798
72,no_history,0,DE,node,0.2,0,0.15,1443,0.05158560830714126,True,0.8883999835234135
72,no_history,0,DE,edge,0.2,0,0.25,357,0.12429134692078339,True,1.78390002110973
72,no_history,1,FR,node,0.2,0,0.15,2258,0.041238204972895896,True,0.9408000041730702
72,no_history,1,FR,edge,0.2,0,0.25,872,0.07952739556119767,True,2.618399972561747
72,no_history,2,FR,node,0.05,0,0.15,2258,0.041238204972895896,True,1.4102999994065613
72,no_history,2,FR,edge,0.05,0,0.75,7631,0.026152550663237253,True,2.8226000140421093
72,no_history,3,DE,node,0.05,0,0.15,1443,0.05158560830714126,False,0.7709000201430172
72,no_history,3,DE,node,0.05,1,0.25,2381,0.03580164405311061,True,0.7910999993328005
72,no_history,3,DE,edge,0.05,0,0.75,3292,0.0398175803939998,True,2.3105999862309545
72,no_history,4,DE,node,0.1,0,0.15,1443,0.05158560830714126,True,0.8037000079639256
72,no_history,4,DE,edge,0.1,0,0.35,719,0.11718905006144968,False,2.8387999918777496
72,no_history,4,DE,edge,0.1,1,0.5,1441,0.06545427815517753,True,4.0379999845754355
72,no_history,5,DE,node,0.1,0,0.15,1443,0.05158560830714126,True,0.8405999979004264
72,no_history,5,DE,edge,0.1,0,0.35,719,0.11718905006144968,False,2.4566999927628785
72,no_history,5,DE,edge,0.1,1,0.5,1441,0.06545427815517753,True,2.002799999900162
72,no_history,6,DE,node,0.2,0,0.15,1443,0.05158560830714126,True,0.8036000072024763
72,no_history,6,DE,edge,0.2,0,0.25,357,0.12429134692078339,True,2.2644999844487756
72,no_history,7,DE,node,0.2,0,0.15,1443,0.05158560830714126,True,0.7690000056754798
72,no_history,7,DE,edge,0.2,0,0.25,357,0.12429134692078339,True,2.946599997812882
72,no_history,8,DE,node,0.05,0,0.15,1443,0.05158560830714126,False,0.7854999857954681
72,no_history,8,DE,node,0.05,1,0.25,2381,0.03580164405311061,True,0.7168000156525522
72,no_history,8,DE,edge,0.05,0,0.75,3292,0.0398175803939998,True,1.9846000068355352
72,no_history,9,DE,node,0.05,0,0.15,1443,0.05158560830714126,False,1.0661000269465148
72,no_history,9,DE,node,0.05,1,0.25,2381,0.03580164405311061,True,0.7269000052474439
72,no_history,9,DE,edge,0.05,0,0.75,3292,0.0398175803939998,True,1.8326000135857612
72,no_history,10,DE,node,0.2,0,0.15,1443,0.05158560830714126,True,0.7940000214148313
72,no_history,10,DE,edge,0.2,0,0.25,357,0.12429134692078339,True,3.7330999912228435
72,no_history,11,FR,node,0.2,0,0.15,2258,0.041238204972895896,True,1.0134000040125102
72,no_history,11,FR,edge,0.2,0,0.25,872,0.07952739556119767,True,2.2412000107578933
72,joint_no_history,0,DE,node,0.2,0,0.15,1443,0.14094574168473933,True,0.7609000022057444
72,joint_no_history,0,DE,edge,0.2,0,0.25,357,0.22958620348395015,False,1.9141999946441501
72,joint_no_history,0,DE,edge,0.2,1,0.35,719,0.19276145618197077,True,2.0377000037115067
72,joint_no_history,1,FR,node,0.2,0,0.15,2258,0.11267385568171122,True,1.0135000047739595
72,joint_no_history,1,FR,edge,0.2,0,0.25,872,0.14689995138196257,True,2.462799981003627
72,joint_no_history,2,FR,node,0.05,0,0.35,5266,0.043499391109784784,True,0.9178000036627054
72,joint_no_history,2,FR,edge,0.05,0,1.0,13428,0.0,True,1.399700006004423
72,joint_no_history,3,DE,node,0.05,0,0.35,3397,0.054159647845474106,False,0.7757999992463738
72,joint_no_history,3,DE,node,0.05,1,0.5,4871,0.035964873150139874,True,0.8746999956201762
72,joint_no_history,3,DE,edge,0.05,0,1.0,5833,0.0,True,0.9538000158499926
72,joint_no_history,4,DE,node,0.1,0,0.25,2381,0.08498885661945584,True,0.7336999988183379
72,joint_no_history,4,DE,edge,0.1,0,0.75,3292,0.0644007358610138,True,2.213200001278892
72,joint_no_history,5,DE,node,0.1,0,0.25,2381,0.08498885661945584,True,1.0084999958053231
72,joint_no_history,5,DE,edge,0.1,0,0.75,3292,0.0644007358610138,True,2.3215000110212713
72,joint_no_history,6,DE,node,0.2,0,0.15,1443,0.14094574168473933,True,0.668799999402836
72,joint_no_history,6,DE,edge,0.2,0,0.25,357,0.22958620348395015,False,1.776200020685792
72,joint_no_history,6,DE,edge,0.2,1,0.35,719,0.19276145618197077,True,1.9266000017523766
72,joint_no_history,7,DE,node,0.2,0,0.15,1443,0.14094574168473933,True,0.7952000014483929
72,joint_no_history,7,DE,edge,0.2,0,0.25,357,0.22958620348395015,False,1.736999984132126
72,joint_no_history,7,DE,edge,0.2,1,0.35,719,0.19276145618197077,True,1.690899982349947
72,joint_no_history,8,DE,node,0.05,0,0.35,3397,0.054159647845474106,False,0.906300003407523
72,joint_no_history,8,DE,node,0.05,1,0.5,4871,0.035964873150139874,True,1.3221999979577959
72,joint_no_history,8,DE,edge,0.05,0,1.0,5833,0.0,True,1.0017000022344291
72,joint_no_history,9,DE,node,0.05,0,0.35,3397,0.054159647845474106,False,0.8028000011108816
72,joint_no_history,9,DE,node,0.05,1,0.5,4871,0.035964873150139874,True,0.7667000172659755
72,joint_no_history,9,DE,edge,0.05,0,1.0,5833,0.0,True,1.2716000201180577
72,joint_no_history,10,DE,node,0.2,0,0.15,1443,0.14094574168473933,True,0.8741000201553106
72,joint_no_history,10,DE,edge,0.2,0,0.25,357,0.22958620348395015,False,2.2071000130381435
72,joint_no_history,10,DE,edge,0.2,1,0.35,719,0.19276145618197077,True,2.480499999364838
72,joint_no_history,11,FR,node,0.2,0,0.15,2258,0.11267385568171122,True,1.216100004967302
72,joint_no_history,11,FR,edge,0.2,0,0.25,872,0.14689995138196257,True,2.556499995989725
73,no_history,0,FR,node,0.2,0,0.15,2154,0.04222200688747276,True,1.0534999892115593
73,no_history,0,FR,edge,0.2,0,0.25,793,0.08339469195294331,True,3.1237999792210758
73,no_history,1,DE,node,0.2,0,0.15,1502,0.050562292351114035,True,0.7716999971307814
73,no_history,1,DE,edge,0.2,0,0.25,391,0.11876449427461808,True,2.4166000075638294
73,no_history,2,FR,node,0.05,0,0.15,2154,0.04222200688747276,True,1.0734999959822744
73,no_history,2,FR,edge,0.05,0,0.75,7672,0.026082576016528906,True,2.072200004477054
73,no_history,3,DE,node,0.05,0,0.15,1502,0.050562292351114035,False,0.7309000066015869
73,no_history,3,DE,node,0.05,1,0.25,2493,0.03498819423808322,True,1.0220999829471111
73,no_history,3,DE,edge,0.05,0,0.75,3228,0.04021036504806581,True,2.6188999763689935
73,no_history,4,FR,node,0.1,0,0.15,2154,0.04222200688747276,True,0.7964000105857849
73,no_history,4,FR,edge,0.1,0,0.35,1600,0.07855819345255013,True,2.4624000070616603
73,no_history,5,DE,node,0.1,0,0.15,1502,0.050562292351114035,True,0.6486000202130526
73,no_history,5,DE,edge,0.1,0,0.35,736,0.11582773714638825,False,1.6516000032424927
73,no_history,5,DE,edge,0.1,1,0.5,1491,0.06434743004348466,True,1.9029999966733158
73,no_history,6,DE,node,0.2,0,0.15,1502,0.050562292351114035,True,0.9409000049345195
73,no_history,6,DE,edge,0.2,0,0.25,391,0.11876449427461808,True,3.7395999825093895
73,no_history,7,FR,node,0.2,0,0.15,2154,0.04222200688747276,True,0.8840999798849225
73,no_history,7,FR,edge,0.2,0,0.25,793,0.08339469195294331,True,2.3489999875891954
73,no_history,8,FR,node,0.05,0,0.15,2154,0.04222200688747276,True,0.8302000060211867
73,no_history,8,FR,edge,0.05,0,0.75,7672,0.026082576016528906,True,2.1893999946769327
73,no_history,9,FR,node,0.05,0,0.15,2154,0.04222200688747276,True,1.2058000138495117
73,no_history,9,FR,edge,0.05,0,0.75,7672,0.026082576016528906,True,2.46540000080131
73,no_history,10,DE,node,0.2,0,0.15,1502,0.050562292351114035,True,0.7387999794445932
73,no_history,10,DE,edge,0.2,0,0.25,391,0.11876449427461808,True,1.930700003867969
73,no_history,11,FR,node,0.2,0,0.15,2154,0.04222200688747276,True,0.8454000053461641
73,no_history,11,FR,edge,0.2,0,0.25,793,0.08339469195294331,True,1.8948000215459615
73,joint_no_history,0,FR,node,0.2,0,0.15,2154,0.11536186683581652,True,1.0494999878574163
73,joint_no_history,0,FR,edge,0.2,0,0.25,793,0.1540434727800688,True,2.830899989930913
73,joint_no_history,1,DE,node,0.2,0,0.15,1502,0.1381497675529364,True,0.746000005165115
73,joint_no_history,1,DE,edge,0.2,0,0.25,391,0.21937721349644088,False,1.8466000037733465
73,joint_no_history,1,DE,edge,0.2,1,0.35,736,0.19052226523632382,True,3.25360000715591
73,joint_no_history,2,FR,node,0.05,0,0.35,5175,0.04388018280774187,True,0.8157000120263547
73,joint_no_history,2,FR,edge,0.05,0,1.0,13428,0.0,True,0.9743999980855733
73,joint_no_history,3,DE,node,0.05,0,0.35,3480,0.05350988077135089,False,0.6629999843426049
73,joint_no_history,3,DE,node,0.05,1,0.5,4936,0.035727285636131034,True,0.6532999977935106
73,joint_no_history,3,DE,edge,0.05,0,1.0,5833,0.0,True,0.8535999804735184
73,joint_no_history,4,FR,node,0.1,0,0.25,3636,0.06877486506947059,True,0.9633000008761883
73,joint_no_history,4,FR,edge,0.1,0,0.75,7672,0.04218581521011796,True,2.926899993326515
73,joint_no_history,5,DE,node,0.1,0,0.25,2493,0.08305782324026442,True,0.7040000054985285
73,joint_no_history,5,DE,edge,0.1,0,0.75,3228,0.0650360236034246,True,1.7020000086631626
73,joint_no_history,6,DE,node,0.2,0,0.15,1502,0.1381497675529364,True,0.7523999956902117
73,joint_no_history,6,DE,edge,0.2,0,0.25,391,0.21937721349644088,False,1.8599999893922359
73,joint_no_history,6,DE,edge,0.2,1,0.35,736,0.19052226523632382,True,1.8498999997973442
73,joint_no_history,7,FR,node,0.2,0,0.15,2154,0.11536186683581652,True,0.8447000000160187
73,joint_no_history,7,FR,edge,0.2,0,0.25,793,0.1540434727800688,True,1.9033999997191131
73,joint_no_history,8,FR,node,0.05,0,0.35,5175,0.04388018280774187,True,1.3540000072680414
73,joint_no_history,8,FR,edge,0.05,0,1.0,13428,0.0,True,1.123499998357147
73,joint_no_history,9,FR,node,0.05,0,0.35,5175,0.04388018280774187,True,0.7124999829102308
73,joint_no_history,9,FR,edge,0.05,0,1.0,13428,0.0,True,0.9848999907262623
73,joint_no_history,10,DE,node,0.2,0,0.15,1502,0.1381497675529364,True,1.348099991446361
73,joint_no_history,10,DE,edge,0.2,0,0.25,391,0.21937721349644088,False,2.7726999833248556
73,joint_no_history,10,DE,edge,0.2,1,0.35,736,0.19052226523632382,True,2.6630999927874655
73,joint_no_history,11,FR,node,0.2,0,0.15,2154,0.11536186683581652,True,1.798100012820214
73,joint_no_history,11,FR,edge,0.2,0,0.25,793,0.1540434727800688,True,2.337799989618361
74,no_history,0,DE,node,0.2,0,0.15,1478,0.05097115851487356,True,0.6485999911092222
74,no_history,0,DE,edge,0.2,0,0.25,375,0.12127167291355458,True,1.7703000048641115
74,no_history,1,DE,node,0.2,0,0.15,1478,0.05097115851487356,True,0.7485999958589673
74,no_history,1,DE,edge,0.2,0,0.25,375,0.12127167291355458,True,2.066999993985519
74,no_history,2,DE,node,0.05,0,0.15,1478,0.05097115851487356,False,0.673100003041327
74,no_history,2,DE,node,0.05,1,0.25,2480,0.035079777305268345,True,1.1747000098694116
74,no_history,2,DE,edge,0.05,0,0.75,3276,0.03991469658799773,True,2.053200005320832
74,no_history,3,DE,node,0.05,0,0.15,1478,0.05097115851487356,False,0.6193000008352101
74,no_history,3,DE,node,0.05,1,0.25,2480,0.035079777305268345,True,0.6029000214766711
74,no_history,3,DE,edge,0.05,0,0.75,3276,0.03991469658799773,True,1.5995999856386334
74,no_history,4,DE,node,0.1,0,0.15,1478,0.05097115851487356,True,0.6292000180110335
74,no_history,4,DE,edge,0.1,0,0.35,715,0.11751639441434213,False,1.6833999834489077
74,no_history,4,DE,edge,0.1,1,0.5,1472,0.06476138426037477,True,2.1502999879885465
74,no_history,5,DE,node,0.1,0,0.15,1478,0.05097115851487356,True,0.6279000081121922
74,no_history,5,DE,edge,0.1,0,0.35,715,0.11751639441434213,False,1.793200004613027
74,no_history,5,DE,edge,0.1,1,0.5,1472,0.06476138426037477,True,2.9082999972160906
74,no_history,6,DE,node,0.2,0,0.15,1478,0.05097115851487356,True,0.5966000026091933
74,no_history,6,DE,edge,0.2,0,0.25,375,0.12127167291355458,True,1.798400015104562
74,no_history,7,FR,node,0.2,0,0.15,2245,0.04135743054462943,True,0.840499997138977
74,no_history,7,FR,edge,0.2,0,0.25,842,0.08093175473354858,True,1.844200014602393
74,no_history,8,DE,node,0.05,0,0.15,1478,0.05097115851487356,False,0.6353000062517822
74,no_history,8,DE,node,0.05,1,0.25,2480,0.035079777305268345,True,0.6598999898415059
74,no_history,8,DE,edge,0.05,0,0.75,3276,0.03991469658799773,True,1.701800007140264
74,no_history,9,DE,node,0.05,0,0.15,1478,0.05097115851487356,False,0.613199983490631
74,no_history,9,DE,node,0.05,1,0.25,2480,0.035079777305268345,True,0.5914999928791076
74,no_history,9,DE,edge,0.05,0,0.75,3276,0.03991469658799773,True,4.142200021306053
74,no_history,10,FR,node,0.2,0,0.15,2245,0.04135743054462943,True,0.8377000049222261
74,no_history,10,FR,edge,0.2,0,0.25,842,0.08093175473354858,True,2.035399986198172
74,no_history,11,FR,node,0.2,0,0.15,2245,0.04135743054462943,True,1.1106000165455043
74,no_history,11,FR,edge,0.2,0,0.25,842,0.08093175473354858,True,2.2886999940965325
74,joint_no_history,0,DE,node,0.2,0,0.15,1478,0.13926689976465256,True,1.5847999893594533
74,joint_no_history,0,DE,edge,0.2,0,0.25,375,0.22400837760745781,False,2.086699998471886
74,joint_no_history,0,DE,edge,0.2,1,0.35,715,0.1932998970525419,True,1.9399999873712659
74,joint_no_history,1,DE,node,0.2,0,0.15,1478,0.13926689976465256,True,0.6477999850176275
74,joint_no_history,1,DE,edge,0.2,0,0.25,375,0.22400837760745781,False,1.7299999890383333
74,joint_no_history,1,DE,edge,0.2,1,0.35,715,0.1932998970525419,True,1.855600014096126
74,joint_no_history,2,DE,node,0.05,0,0.35,3436,0.053851403639766364,False,0.6559999892488122
74,joint_no_history,2,DE,node,0.05,1,0.5,4922,0.03577806040532057,True,0.6426000036299229
74,joint_no_history,2,DE,edge,0.05,0,1.0,5833,0.0,True,2.0684000046458095
74,joint_no_history,3,DE,node,0.05,0,0.35,3436,0.053851403639766364,False,1.2898000131826848
74,joint_no_history,3,DE,node,0.05,1,0.5,4922,0.03577806040532057,True,1.1849000002257526
74,joint_no_history,3,DE,edge,0.05,0,1.0,5833,0.0,True,1.160499989055097
74,joint_no_history,4,DE,node,0.1,0,0.25,2480,0.08327523057927434,True,0.692899979185313
74,joint_no_history,4,DE,edge,0.1,0,0.75,3276,0.06455781105984809,True,2.0166999893262982
74,joint_no_history,5,DE,node,0.1,0,0.25,2480,0.08327523057927434,True,0.6478999857790768
74,joint_no_history,5,DE,edge,0.1,0,0.75,3276,0.06455781105984809,True,1.7054999771062285
74,joint_no_history,6,DE,node,0.2,0,0.15,1478,0.13926689976465256,True,0.9125999931711704
74,joint_no_history,6,DE,edge,0.2,0,0.25,375,0.22400837760745781,False,2.3065000132191926
74,joint_no_history,6,DE,edge,0.2,1,0.35,715,0.1932998970525419,True,3.137899999273941
74,joint_no_history,7,FR,node,0.2,0,0.15,2245,0.11299961197667854,True,0.8506000158376992
74,joint_no_history,7,FR,edge,0.2,0,0.25,842,0.14949402972044418,True,2.035000012256205
74,joint_no_history,8,DE,node,0.05,0,0.35,3436,0.053851403639766364,False,0.6913999968674034
74,joint_no_history,8,DE,node,0.05,1,0.5,4922,0.03577806040532057,True,0.830000004498288
74,joint_no_history,8,DE,edge,0.05,0,1.0,5833,0.0,True,1.0989000147674233
74,joint_no_history,9,DE,node,0.05,0,0.35,3436,0.053851403639766364,False,0.6957000005058944
74,joint_no_history,9,DE,node,0.05,1,0.5,4922,0.03577806040532057,True,0.6866000185254961
74,joint_no_history,9,DE,edge,0.05,0,1.0,5833,0.0,True,0.9787000017240644
74,joint_no_history,10,FR,node,0.2,0,0.15,2245,0.11299961197667854,True,0.8672999974805862
74,joint_no_history,10,FR,edge,0.2,0,0.25,842,0.14949402972044418,True,2.365399996051565
74,joint_no_history,11,FR,node,0.2,0,0.15,2245,0.11299961197667854,True,0.7844000065233558
74,joint_no_history,11,FR,edge,0.2,0,0.25,842,0.14949402972044418,True,2.6960000104736537
75,no_history,0,FR,node,0.2,0,0.15,2187,0.041902248704680095,True,0.8864999981597066
75,no_history,0,FR,edge,0.2,0,0.25,831,0.0814656431626733,True,1.8935000116471201
75,no_history,1,DE,node,0.2,0,0.15,1422,0.05196511868683696,True,1.4521999983116984
75,no_history,1,DE,edge,0.2,0,0.25,324,0.13046754710025277,True,2.226099983090535
75,no_history,2,FR,node,0.05,0,0.15,2187,0.041902248704680095,True,0.8227999787777662
75,no_history,2,FR,edge,0.05,0,0.75,7491,0.026395803115797013,True,1.8863999866880476
75,no_history,3,DE,node,0.05,0,0.15,1422,0.05196511868683696,False,0.8018000226002187
75,no_history,3,DE,node,0.05,1,0.25,2413,0.03556345999305034,True,0.8576999825891107
75,no_history,3,DE,edge,0.05,0,0.75,3227,0.04021659486684176,True,2.421900018816814
75,no_history,4,FR,node,0.1,0,0.15,2187,0.041902248704680095,True,0.8968000183813274
75,no_history,4,FR,edge,0.1,0,0.35,1584,0.07895395511826153,True,3.7881000025663525
75,no_history,5,DE,node,0.1,0,0.15,1422,0.05196511868683696,True,0.7593999907840043
75,no_history,5,DE,edge,0.1,0,0.35,678,0.12068036974812696,False,2.452499989885837
75,no_history,5,DE,edge,0.1,1,0.5,1430,0.06570554310270649,True,2.6335000002291054
75,no_history,6,DE,node,0.2,0,0.15,1422,0.05196511868683696,True,0.7913000008556992
75,no_history,6,DE,edge,0.2,0,0.25,324,0.13046754710025277,True,2.3082999978214502
75,no_history,7,FR,node,0.2,0,0.15,2187,0.041902248704680095,True,1.0972000018227845
75,no_history,7,FR,edge,0.2,0,0.25,831,0.0814656431626733,True,2.4083000025711954
75,no_history,8,FR,node,0.05,0,0.15,2187,0.041902248704680095,True,0.8672999974805862
75,no_history,8,FR,edge,0.05,0,0.75,7491,0.026395803115797013,True,2.137700008461252
75,no_history,9,DE,node,0.05,0,0.15,1422,0.05196511868683696,False,0.7173000194597989
75,no_history,9,DE,node,0.05,1,0.25,2413,0.03556345999305034,True,0.6964999774936587
75,no_history,9,DE,edge,0.05,0,0.75,3227,0.04021659486684176,True,1.8980999884661287
75,no_history,10,DE,node,0.2,0,0.15,1422,0.05196511868683696,True,0.7208999886643142
75,no_history,10,DE,edge,0.2,0,0.25,324,0.13046754710025277,True,3.3059999987017363
75,no_history,11,DE,node,0.2,0,0.15,1422,0.05196511868683696,True,0.7648000027984381
75,no_history,11,DE,edge,0.2,0,0.25,324,0.13046754710025277,True,1.9452999986242503
75,joint_no_history,0,FR,node,0.2,0,0.15,2187,0.11448820156923406,True,1.361999980872497
75,joint_no_history,0,FR,edge,0.2,0,0.25,831,0.15048020792643688,True,2.6137999957427382
75,joint_no_history,1,DE,node,0.2,0,0.15,1422,0.14198266600721285,True,1.0463000216986984
75,joint_no_history,1,DE,edge,0.2,0,0.25,324,0.24099464330128517,False,2.466699981596321
75,joint_no_history,1,DE,edge,0.2,1,0.35,678,0.1985042441510498,True,3.1257999944500625
75,joint_no_history,2,FR,node,0.05,0,0.35,5178,0.043867469441458015,True,2.577100007329136
75,joint_no_history,2,FR,edge,0.05,0,1.0,13428,0.0,True,2.448599989293143
75,joint_no_history,3,DE,node,0.05,0,0.35,3405,0.054095986762237175,False,1.5598000027239323
75,joint_no_history,3,DE,node,0.05,1,0.5,4902,0.035850972770339246,True,1.4807000115979463
75,joint_no_history,3,DE,edge,0.05,0,1.0,5833,0.0,True,1.4264999772422016
75,joint_no_history,4,FR,node,0.1,0,0.25,3673,0.0684275861517908,True,1.0719000129029155
75,joint_no_history,4,FR,edge,0.1,0,0.75,7491,0.042692427000308925,True,2.848700009053573
75,joint_no_history,5,DE,node,0.1,0,0.25,2413,0.08442343591141593,True,0.6435000104829669
75,joint_no_history,5,DE,edge,0.1,0,0.75,3227,0.0650460996781002,True,1.6020999755710363
75,joint_no_history,6,DE,node,0.2,0,0.15,1422,0.14198266600721285,True,0.6485999911092222
75,joint_no_history,6,DE,edge,0.2,0,0.25,324,0.24099464330128517,False,1.7637000128161162
75,joint_no_history,6,DE,edge,0.2,1,0.35,678,0.1985042441510498,True,1.6814999980852008
75,joint_no_history,7,FR,node,0.2,0,0.15,2187,0.11448820156923406,True,0.7802000036463141
75,joint_no_history,7,FR,edge,0.2,0,0.25,831,0.15048020792643688,True,1.9256999948993325
75,joint_no_history,8,FR,node,0.05,0,0.35,5178,0.043867469441458015,True,1.4843999815639108
75,joint_no_history,8,FR,edge,0.05,0,1.0,13428,0.0,True,1.1932999768760055
75,joint_no_history,9,DE,node,0.05,0,0.35,3405,0.054095986762237175,False,0.6083999760448933
75,joint_no_history,9,DE,node,0.05,1,0.5,4902,0.035850972770339246,True,0.6375000230036676
75,joint_no_history,9,DE,edge,0.05,0,1.0,5833,0.0,True,0.8734999864827842
75,joint_no_history,10,DE,node,0.2,0,0.15,1422,0.14198266600721285,True,0.6510000093840063
75,joint_no_history,10,DE,edge,0.2,0,0.25,324,0.24099464330128517,False,1.94089999422431
75,joint_no_history,10,DE,edge,0.2,1,0.35,678,0.1985042441510498,True,1.862100005382672
75,joint_no_history,11,DE,node,0.2,0,0.15,1422,0.14198266600721285,True,0.6775000074412674
75,joint_no_history,11,DE,edge,0.2,0,0.25,324,0.24099464330128517,False,3.4699999960139394
75,joint_no_history,11,DE,edge,0.2,1,0.35,678,0.1985042441510498,True,3.0608999950345606
76,no_history,0,FR,node,0.2,0,0.15,2258,0.041238204972895896,True,0.9176999737974256
76,no_history,0,FR,edge,0.2,0,0.25,804,0.08282224112308961,True,2.601799991680309
76,no_history,1,FR,node,0.2,0,0.15,2258,0.041238204972895896,True,1.1257999867666513
76,no_history,1,FR,edge,0.2,0,0.25,804,0.08282224112308961,True,2.9537999944295734
76,no_history,2,DE,node,0.05,0,0.15,1518,0.05029511852693327,False,0.8288999961223453
76,no_history,2,DE,node,0.05,1,0.25,2508,0.03488340755700338,True,0.6186999962665141
76,no_history,2,DE,edge,0.05,0,0.75,3340,0.03953043063458532,True,1.7823000089265406
76,no_history,3,FR,node,0.05,0,0.15,2258,0.041238204972895896,True,0.8644000045023859
76,no_history,3,FR,edge,0.05,0,0.75,7545,0.02630117535531331,True,2.9175000090617687
76,no_history,4,DE,node,0.1,0,0.15,1518,0.05029511852693327,True,0.7808000082150102
76,no_history,4,DE,edge,0.1,0,0.35,743,0.1152808240334537,False,2.8705000004265457
76,no_history,4,DE,edge,0.1,1,0.5,1486,0.06445559524009005,True,2.122100006090477
76,no_history,5,FR,node,0.1,0,0.15,2258,0.041238204972895896,True,0.9432999941054732
76,no_history,5,FR,edge,0.1,0,0.35,1578,0.07910391528209233,True,2.365699998335913
76,no_history,6,DE,node,0.2,0,0.15,1518,0.05029511852693327,True,1.4319999900180846
76,no_history,6,DE,edge,0.2,0,0.25,405,0.11669372166952831,True,2.8452999831642956
76,no_history,7,DE,node,0.2,0,0.15,1518,0.05029511852693327,True,0.8437000215053558
76,no_history,7,DE,edge,0.2,0,0.25,405,0.11669372166952831,True,1.8290000152774155
76,no_history,8,FR,node,0.05,0,0.15,2258,0.041238204972895896,True,0.9129999962169677
76,no_history,8,FR,edge,0.05,0,0.75,7545,0.02630117535531331,True,2.1529000077862293
76,no_history,9,FR,node,0.05,0,0.15,2258,0.041238204972895896,True,1.411100005498156
76,no_history,9,FR,edge,0.05,0,0.75,7545,0.02630117535531331,True,2.824700000928715
76,no_history,10,FR,node,0.2,0,0.15,2258,0.041238204972895896,True,0.7461999775841832
76,no_history,10,FR,edge,0.2,0,0.25,804,0.08282224112308961,True,2.164899982744828
76,no_history,11,FR,node,0.2,0,0.15,2258,0.041238204972895896,True,1.0154999908991158
76,no_history,11,FR,edge,0.2,0,0.25,804,0.08282224112308961,True,2.130900014890358
76,joint_no_history,0,FR,node,0.2,0,0.15,2258,0.11267385568171122,True,1.513600000180304
76,joint_no_history,0,FR,edge,0.2,0,0.25,804,0.15298606358817138,True,2.2016000002622604
76,joint_no_history,1,FR,node,0.2,0,0.15,2258,0.11267385568171122,True,0.8036000072024763
76,joint_no_history,1,FR,edge,0.2,0,0.25,804,0.15298606358817138,True,1.9681999983731657
76,joint_no_history,2,DE,node,0.05,0,0.35,3497,0.05337965826449696,False,0.9025000035762787
76,joint_no_history,2,DE,node,0.05,1,0.5,4966,0.035619206476613235,True,0.8163999882526696
76,joint_no_history,2,DE,edge,0.05,0,1.0,5833,0.0,True,0.8743000216782093
76,joint_no_history,3,FR,node,0.05,0,0.35,5181,0.04385476711907171,True,0.9754999773576856
76,joint_no_history,3,FR,edge,0.05,0,1.0,13428,0.0,True,1.9511999853421003
76,joint_no_history,4,DE,node,0.1,0,0.25,2508,0.08280907208792318,True,0.8532000065315515
76,joint_no_history,4,DE,edge,0.1,0,0.75,3340,0.06393630141709182,True,2.067900000838563
76,joint_no_history,5,FR,node,0.1,0,0.25,3685,0.068316079962304,True,0.8409000001847744
76,joint_no_history,5,FR,edge,0.1,0,0.75,7545,0.04253937658017469,True,2.0277999865356833
76,joint_no_history,6,DE,node,0.2,0,0.15,1518,0.13741977688221102,True,0.7390999817289412
76,joint_no_history,6,DE,edge,0.2,0,0.25,405,0.2155521618539952,False,2.0871000015176833
76,joint_no_history,6,DE,edge,0.2,1,0.35,743,0.189622660981498,True,2.4111999955493957
76,joint_no_history,7,DE,node,0.2,0,0.15,1518,0.13741977688221102,True,0.7064999954309314
76,joint_no_history,7,DE,edge,0.2,0,0.25,405,0.2155521618539952,False,2.6482999965082854
76,joint_no_history,7,DE,edge,0.2,1,0.35,743,0.189622660981498,True,2.4046000035014004
76,joint_no_history,8,FR,node,0.05,0,0.35,5181,0.04385476711907171,True,0.8265000069513917
76,joint_no_history,8,FR,edge,0.05,0,1.0,13428,0.0,True,1.6887999954633415
76,joint_no_history,9,FR,node,0.05,0,0.35,5181,0.04385476711907171,True,1.3228000025264919
76,joint_no_history,9,FR,edge,0.05,0,1.0,13428,0.0,True,2.8051999979652464
76,joint_no_history,10,FR,node,0.2,0,0.15,2258,0.11267385568171122,True,1.2363999849185348
76,joint_no_history,10,FR,edge,0.2,0,0.25,804,0.15298606358817138,True,2.1603000059258193
76,joint_no_history,11,FR,node,0.2,0,0.15,2258,0.11267385568171122,True,0.7264000014401972
76,joint_no_history,11,FR,edge,0.2,0,0.25,804,0.15298606358817138,True,2.3419999924954027
77,joint_no_history,0,FR,node,0.2,0,0.15,2222,0.11358293783135771,True,0.9931999957188964
77,joint_no_history,0,FR,edge,0.2,0,0.25,809,0.15251256798146717,True,2.4887000035960227
77,joint_no_history,1,DE,node,0.2,0,0.15,1472,0.13955044311844841,True,0.7208999886643142
77,joint_no_history,1,DE,edge,0.2,0,0.25,377,0.2234134007861977,False,1.8795000214595348
77,joint_no_history,1,DE,edge,0.2,1,0.35,736,0.19052226523632382,True,1.8458999984432012
77,joint_no_history,2,FR,node,0.05,0,0.35,5291,0.04339650201374734,True,0.8388999849557877
77,joint_no_history,2,FR,edge,0.05,0,1.0,13428,0.0,True,1.2122000043746084
77,joint_no_history,3,DE,node,0.05,0,0.35,3506,0.05331110070151119,False,0.8160000143107027
77,joint_no_history,3,DE,node,0.05,1,0.5,4962,0.03563356037865733,True,0.7718999986536801
77,joint_no_history,3,DE,edge,0.05,0,1.0,5833,0.0,True,2.1946000051684678
77,joint_no_history,4,FR,node,0.1,0,0.25,3764,0.06759535868543298,True,0.8571000071242452
77,joint_no_history,4,FR,edge,0.1,0,0.75,7523,0.0426015315103656,True,1.882199983811006
77,joint_no_history,5,DE,node,0.1,0,0.25,2509,0.08279256803751753,True,0.6172000139486045
77,joint_no_history,5,DE,edge,0.1,0,0.75,3281,0.06450860165330724,True,2.0084999850951135
77,joint_no_history,6,DE,node,0.2,0,0.15,1472,0.13955044311844841,True,0.7083000091370195
77,joint_no_history,6,DE,edge,0.2,0,0.25,377,0.2234134007861977,False,1.7767000244930387
77,joint_no_history,6,DE,edge,0.2,1,0.35,736,0.19052226523632382,True,1.670899975579232
77,joint_no_history,7,DE,node,0.2,0,0.15,1472,0.13955044311844841,True,1.3384000048972666
77,joint_no_history,7,DE,edge,0.2,0,0.25,377,0.2234134007861977,False,2.2848000226076692
77,joint_no_history,7,DE,edge,0.2,1,0.35,736,0.19052226523632382,True,1.7401999793946743
77,joint_no_history,8,DE,node,0.05,0,0.35,3506,0.05331110070151119,False,0.596199999563396
77,joint_no_history,8,DE,node,0.05,1,0.5,4962,0.03563356037865733,True,0.5913999921176583
77,joint_no_history,8,DE,edge,0.05,0,1.0,5833,0.0,True,0.8849000150803477
77,joint_no_history,9,FR,node,0.05,0,0.35,5291,0.04339650201374734,True,0.7445999945048243
77,joint_no_history,9,FR,edge,0.05,0,1.0,13428,0.0,True,0.9691999875940382
77,joint_no_history,10,DE,node,0.2,0,0.15,1472,0.13955044311844841,True,0.6760999967809767
77,joint_no_history,10,DE,edge,0.2,0,0.25,377,0.2234134007861977,False,2.4195000005420297
77,joint_no_history,10,DE,edge,0.2,1,0.35,736,0.19052226523632382,True,3.272700007073581
77,joint_no_history,11,FR,node,0.2,0,0.15,2222,0.11358293783135771,True,0.8512999920640141
77,joint_no_history,11,FR,edge,0.2,0,0.25,809,0.15251256798146717,True,2.1348000154830515
77,no_history,0,FR,node,0.2,0,0.15,2222,0.04157092560092006,True,0.8082000131253153
77,no_history,0,FR,edge,0.2,0,0.25,809,0.08256590426214033,True,2.2262000129558146
77,no_history,1,DE,node,0.2,0,0.15,1472,0.05107493430981544,True,0.6941000174265355
77,no_history,1,DE,edge,0.2,0,0.25,377,0.12094956962782191,True,3.8056999910622835
77,no_history,2,FR,node,0.05,0,0.15,2222,0.04157092560092006,True,0.752499996451661
77,no_history,2,FR,edge,0.05,0,0.75,7523,0.02633960440269409,True,2.224600000772625
77,no_history,3,DE,node,0.05,0,0.15,1472,0.05107493430981544,False,0.8372000011149794
77,no_history,3,DE,node,0.05,1,0.25,2509,0.03487645520864196,True,0.7152000034693629
77,no_history,3,DE,edge,0.05,0,0.75,3281,0.0398842714775563,True,1.8687999981921166
77,no_history,4,FR,node,0.1,0,0.15,2222,0.04157092560092006,True,0.8825999975670129
77,no_history,4,FR,edge,0.1,0,0.35,1637,0.07766532060204377,True,2.0855000184383243
77,no_history,5,DE,node,0.1,0,0.15,1472,0.05107493430981544,True,0.9264999825973064
77,no_history,5,DE,edge,0.1,0,0.35,736,0.11582773714638825,False,2.270099997986108
77,no_history,5,DE,edge,0.1,1,0.5,1436,0.06556813156902738,True,2.227899996796623
77,no_history,6,DE,node,0.2,0,0.15,1472,0.05107493430981544,True,0.7369999948423356
77,no_history,6,DE,edge,0.2,0,0.25,377,0.12094956962782191,True,1.933799998369068
77,no_history,7,DE,node,0.2,0,0.15,1472,0.05107493430981544,True,0.7451999990735203
77,no_history,7,DE,edge,0.2,0,0.25,377,0.12094956962782191,True,1.9420000026002526
77,no_history,8,DE,node,0.05,0,0.15,1472,0.05107493430981544,False,0.7416000007651746
77,no_history,8,DE,node,0.05,1,0.25,2509,0.03487645520864196,True,0.7277999829966575
77,no_history,8,DE,edge,0.05,0,0.75,3281,0.0398842714775563,True,2.207999990787357
77,no_history,9,FR,node,0.05,0,0.15,2222,0.04157092560092006,True,0.8506000158376992
77,no_history,9,FR,edge,0.05,0,0.75,7523,0.02633960440269409,True,2.1747999999206513
77,no_history,10,DE,node,0.2,0,0.15,1472,0.05107493430981544,True,0.763299991376698
77,no_history,10,DE,edge,0.2,0,0.25,377,0.12094956962782191,True,1.937100023496896
77,no_history,11,FR,node,0.2,0,0.15,2222,0.04157092560092006,True,0.9310999885201454
77,no_history,11,FR,edge,0.2,0,0.25,809,0.08256590426214033,True,3.694300015922636
78,no_history,0,DE,node,0.2,0,0.15,1487,0.05081667409604367,True,0.7334999972954392
78,no_history,0,DE,edge,0.2,0,0.25,348,0.12588830337214924,True,1.931600010721013
78,no_history,1,DE,node,0.2,0,0.15,1487,0.05081667409604367,True,0.6571000267285854
78,no_history,1,DE,edge,0.2,0,0.25,348,0.12588830337214924,True,1.7722999909892678
78,no_history,2,DE,node,0.05,0,0.15,1487,0.05081667409604367,False,1.1123000003863126
78,no_history,2,DE,node,0.05,1,0.25,2459,0.03522925050401363,True,1.0758000134956092
78,no_history,2,DE,edge,0.05,0,0.75,3375,0.03932492384739016,True,2.024200017331168
78,no_history,3,FR,node,0.05,0,0.15,2256,0.04125648026959307,True,0.8910000033210963
78,no_history,3,FR,edge,0.05,0,0.75,7532,0.02632386307922403,True,2.3243000032380223
78,no_history,4,FR,node,0.1,0,0.15,2256,0.04125648026959307,True,0.9069999796338379
78,no_history,4,FR,edge,0.1,0,0.35,1668,0.0769402256919197,True,2.1434000227600336
78,no_history,5,FR,node,0.1,0,0.15,2256,0.04125648026959307,True,0.8833000028971583
78,no_history,5,FR,edge,0.1,0,0.35,1668,0.0769402256919197,True,2.7765999839175493
78,no_history,6,FR,node,0.2,0,0.15,2256,0.04125648026959307,True,0.7820999890100211
78,no_history,6,FR,edge,0.2,0,0.25,860,0.08008031574627279,True,1.9503000075928867
78,no_history,7,DE,node,0.2,0,0.15,1487,0.05081667409604367,True,0.685799983330071
78,no_history,7,DE,edge,0.2,0,0.25,348,0.12588830337214924,True,2.4736000050324947
78,no_history,8,DE,node,0.05,0,0.15,1487,0.05081667409604367,False,1.6471999988425523
78,no_history,8,DE,node,0.05,1,0.25,2459,0.03522925050401363,True,1.7587000038474798
78,no_history,8,DE,edge,0.05,0,0.75,3375,0.03932492384739016,True,4.580700013320893
78,no_history,9,FR,node,0.05,0,0.15,2256,0.04125648026959307,True,1.3871999981347471
78,no_history,9,FR,edge,0.05,0,0.75,7532,0.02632386307922403,True,3.6189999955240637
78,no_history,10,DE,node,0.2,0,0.15,1487,0.05081667409604367,True,0.9974999993573874
78,no_history,10,DE,edge,0.2,0,0.25,348,0.12588830337214924,True,2.2761999862268567
78,no_history,11,FR,node,0.2,0,0.15,2256,0.04125648026959307,True,1.1134999804198742
78,no_history,11,FR,edge,0.2,0,0.25,860,0.08008031574627279,True,2.120800025295466
78,joint_no_history,0,DE,node,0.2,0,0.15,1487,0.13884480682622927,True,0.6361000123433769
78,joint_no_history,0,DE,edge,0.2,0,0.25,348,0.23253604012086393,False,1.5404000005219132
78,joint_no_history,0,DE,edge,0.2,1,0.35,727,0.19169793658376555,True,1.57789999502711
78,joint_no_history,1,DE,node,0.2,0,0.15,1487,0.13884480682622927,True,0.7295000250451267
78,joint_no_history,1,DE,edge,0.2,0,0.25,348,0.23253604012086393,False,2.7667999966070056
78,joint_no_history,1,DE,edge,0.2,1,0.35,727,0.19169793658376555,True,3.9198999875225127
78,joint_no_history,2,DE,node,0.05,0,0.35,3476,0.05354066011285002,False,0.743200012948364
78,joint_no_history,2,DE,node,0.05,1,0.5,5008,0.03546953030953243,True,0.7089999853633344
78,joint_no_history,2,DE,edge,0.05,0,1.0,5833,0.0,True,0.8044999849516898
78,joint_no_history,3,FR,node,0.05,0,0.35,5218,0.04369900695494672,True,0.8036000072024763
78,joint_no_history,3,FR,edge,0.05,0,1.0,13428,0.0,True,1.3953000016044825
78,joint_no_history,4,FR,node,0.1,0,0.25,3717,0.06802137454961851,True,1.0310999932698905
78,joint_no_history,4,FR,edge,0.1,0,0.75,7532,0.042576071580232557,True,2.352200011955574
78,joint_no_history,5,FR,node,0.1,0,0.25,3717,0.06802137454961851,True,1.5561000036541373
78,joint_no_history,5,FR,edge,0.1,0,0.75,7532,0.042576071580232557,True,2.2243999992497265
78,joint_no_history,6,FR,node,0.2,0,0.15,2256,0.11272378870241256,True,0.8467999869026244
78,joint_no_history,6,FR,edge,0.2,0,0.25,860,0.14792128431676413,True,2.187000005505979
78,joint_no_history,7,DE,node,0.2,0,0.15,1487,0.13884480682622927,True,0.8029999735299498
78,joint_no_history,7,DE,edge,0.2,0,0.25,348,0.23253604012086393,False,1.9515999883878976
78,joint_no_history,7,DE,edge,0.2,1,0.35,727,0.19169793658376555,True,1.9154000037815422
78,joint_no_history,8,DE,node,0.05,0,0.35,3476,0.05354066011285002,False,1.0041000205092132
78,joint_no_history,8,DE,node,0.05,1,0.5,5008,0.03546953030953243,True,1.1215999838896096
78,joint_no_history,8,DE,edge,0.05,0,1.0,5833,0.0,True,1.0517000046093017
78,joint_no_history,9,FR,node,0.05,0,0.35,5218,0.04369900695494672,True,0.9267000132240355
78,joint_no_history,9,FR,edge,0.05,0,1.0,13428,0.0,True,1.1229999945499003
78,joint_no_history,10,DE,node,0.2,0,0.15,1487,0.13884480682622927,True,0.8164999890141189
78,joint_no_history,10,DE,edge,0.2,0,0.25,348,0.23253604012086393,False,1.8751999887172133
78,joint_no_history,10,DE,edge,0.2,1,0.35,727,0.19169793658376555,True,1.8616000015754253
78,joint_no_history,11,FR,node,0.2,0,0.15,2256,0.11272378870241256,True,0.890900002559647
78,joint_no_history,11,FR,edge,0.2,0,0.25,860,0.14792128431676413,True,4.012799996417016
79,joint_no_history,0,DE,node,0.2,0,0.15,1533,0.13674581609135308,True,1.2573999993037432
79,joint_no_history,0,DE,edge,0.2,0,0.25,401,0.21662456728877144,False,1.8822999845724553
79,joint_no_history,0,DE,edge,0.2,1,0.35,771,0.186147605732147,True,1.8712999881245196
79,joint_no_history,1,FR,node,0.2,0,0.15,2230,0.11337901856845042,True,1.417800027411431
79,joint_no_history,1,FR,edge,0.2,0,0.25,839,0.14976106303189565,True,2.306600013980642
79,joint_no_history,2,FR,node,0.05,0,0.35,5289,0.043404706286816905,True,0.8651999814901501
79,joint_no_history,2,FR,edge,0.05,0,1.0,13428,0.0,True,1.2006000033579767
79,joint_no_history,3,DE,node,0.05,0,0.35,3539,0.053061964405974486,False,0.8466000144835562
79,joint_no_history,3,DE,node,0.05,1,0.5,5004,0.03548370394858346,True,0.8524000004399568
79,joint_no_history,3,DE,edge,0.05,0,1.0,5833,0.0,True,1.065999997081235
79,joint_no_history,4,FR,node,0.1,0,0.25,3786,0.0673986782141747,True,0.9849999914877117
79,joint_no_history,4,FR,edge,0.1,0,0.75,7618,0.04233506772518465,True,4.651600000215694
79,joint_no_history,5,DE,node,0.1,0,0.25,2515,0.08269375053498183,True,0.7575999770779163
79,joint_no_history,5,DE,edge,0.1,0,0.75,3316,0.06416725810443161,True,1.9672999915201217
79,joint_no_history,6,FR,node,0.2,0,0.15,2230,0.11337901856845042,True,0.8988999761641026
79,joint_no_history,6,FR,edge,0.2,0,0.25,839,0.14976106303189565,True,2.0573999790940434
79,joint_no_history,7,FR,node,0.2,0,0.15,2230,0.11337901856845042,True,0.961300014751032
79,joint_no_history,7,FR,edge,0.2,0,0.25,839,0.14976106303189565,True,3.381899994565174
79,joint_no_history,8,DE,node,0.05,0,0.35,3539,0.053061964405974486,False,1.0432999988552183
79,joint_no_history,8,DE,node,0.05,1,0.5,5004,0.03548370394858346,True,0.8343000081367791
79,joint_no_history,8,DE,edge,0.05,0,1.0,5833,0.0,True,1.209699985338375
79,joint_no_history,9,FR,node,0.05,0,0.35,5289,0.043404706286816905,True,0.7959000067785382
79,joint_no_history,9,FR,edge,0.05,0,1.0,13428,0.0,True,1.2140000180806965
79,joint_no_history,10,DE,node,0.2,0,0.15,1533,0.13674581609135308,True,0.7007000094745308
79,joint_no_history,10,DE,edge,0.2,0,0.25,401,0.21662456728877144,False,2.2624000266660005
79,joint_no_history,10,DE,edge,0.2,1,0.35,771,0.186147605732147,True,2.736700000241399
79,joint_no_history,11,FR,node,0.2,0,0.15,2230,0.11337901856845042,True,0.7947999984025955
79,joint_no_history,11,FR,edge,0.2,0,0.25,839,0.14976106303189565,True,2.2572999878320843
79,no_history,0,DE,node,0.2,0,0.15,1533,0.05004845142684213,True,1.2605999945662916
79,no_history,0,DE,edge,0.2,0,0.25,401,0.11727429103262954,True,3.2322000188287348
79,no_history,1,FR,node,0.2,0,0.15,2230,0.04149629192205273,True,2.156200003810227
79,no_history,1,FR,edge,0.2,0,0.25,839,0.0810763188643603,True,2.7716000040527433
79,no_history,2,FR,node,0.05,0,0.15,2230,0.04149629192205273,True,0.8532000065315515
79,no_history,2,FR,edge,0.05,0,0.75,7618,0.02617485561455245,True,1.8085999763570726
79,no_history,3,DE,node,0.05,0,0.15,1533,0.05004845142684213,False,0.6302999972831458
79,no_history,3,DE,node,0.05,1,0.25,2515,0.03483482823314515,True,0.6088000081945211
79,no_history,3,DE,edge,0.05,0,0.75,3316,0.039673226153032974,True,1.6819000011309981
79,no_history,4,FR,node,0.1,0,0.15,2230,0.04149629192205273,True,0.9101000032387674
79,no_history,4,FR,edge,0.1,0,0.35,1628,0.07787970159116896,True,3.134800004772842
79,no_history,5,DE,node,0.1,0,0.15,1533,0.05004845142684213,True,0.8757000032346696
79,no_history,5,DE,edge,0.1,0,0.35,771,0.11316816919234245,False,1.8282000091858208
79,no_history,5,DE,edge,0.1,1,0.5,1507,0.0640049263201419,True,1.8566999933682382
79,no_history,6,FR,node,0.2,0,0.15,2230,0.04149629192205273,True,0.8923999848775566
79,no_history,6,FR,edge,0.2,0,0.25,839,0.0810763188643603,True,2.0238999859429896
79,no_history,7,FR,node,0.2,0,0.15,2230,0.04149629192205273,True,0.9698999929241836
79,no_history,7,FR,edge,0.2,0,0.25,839,0.0810763188643603,True,3.5284000041428953
79,no_history,8,DE,node,0.05,0,0.15,1533,0.05004845142684213,False,0.8903999987524003
79,no_history,8,DE,node,0.05,1,0.25,2515,0.03483482823314515,True,0.838399981148541
79,no_history,8,DE,edge,0.05,0,0.75,3316,0.039673226153032974,True,1.8372999911662191
79,no_history,9,FR,node,0.05,0,0.15,2230,0.04149629192205273,True,0.8856999920681119
79,no_history,9,FR,edge,0.05,0,0.75,7618,0.02617485561455245,True,2.2143999813124537
79,no_history,10,DE,node,0.2,0,0.15,1533,0.05004845142684213,True,0.7648000027984381
79,no_history,10,DE,edge,0.2,0,0.25,401,0.11727429103262954,True,2.4802999978419393
79,no_history,11,FR,node,0.2,0,0.15,2230,0.04149629192205273,True,0.9270000155083835
79,no_history,11,FR,edge,0.2,0,0.25,839,0.0810763188643603,True,2.081400016322732
80,joint_no_history,0,FR,node,0.2,0,0.15,2231,0.11335360581041107,True,0.9328000014647841
80,joint_no_history,0,FR,edge,0.2,0,0.25,831,0.15048020792643688,True,2.0129999902565032
80,joint_no_history,1,FR,node,0.2,0,0.15,2231,0.11335360581041107,True,0.906600005691871
80,joint_no_history,1,FR,edge,0.2,0,0.25,831,0.15048020792643688,True,3.470499999821186
80,joint_no_history,2,FR,node,0.05,0,0.35,5194,0.04379985095125564,True,0.9545999928377569
80,joint_no_history,2,FR,edge,0.05,0,1.0,13428,0.0,True,1.1600000143516809
80,joint_no_history,3,DE,node,0.05,0,0.35,3407,0.05408010653680701,False,0.7961000083014369
80,joint_no_history,3,DE,node,0.05,1,0.5,4898,0.035865608808005635,True,0.8116000099107623
80,joint_no_history,3,DE,edge,0.05,0,1.0,5833,0.0,True,0.9606999810785055
80,joint_no_history,4,DE,node,0.1,0,0.25,2369,0.08520383720730632,True,0.7405000214930624
80,joint_no_history,4,DE,edge,0.1,0,0.75,3215,0.06516737902457104,True,1.8445999885443598
80,joint_no_history,5,FR,node,0.1,0,0.25,3704,0.06814063795890414,True,1.1765999952331185
80,joint_no_history,5,FR,edge,0.1,0,0.75,7655,0.04223263174432566,True,2.7102000021841377
80,joint_no_history,6,FR,node,0.2,0,0.15,2231,0.11335360581041107,True,0.7854000141378492
80,joint_no_history,6,FR,edge,0.2,0,0.25,831,0.15048020792643688,True,1.943699986441061
80,joint_no_history,7,FR,node,0.2,0,0.15,2231,0.11335360581041107,True,0.7845999789424241
80,joint_no_history,7,FR,edge,0.2,0,0.25,831,0.15048020792643688,True,1.9430999818723649
80,joint_no_history,8,FR,node,0.05,0,0.35,5194,0.04379985095125564,True,0.8883999835234135
80,joint_no_history,8,FR,edge,0.05,0,1.0,13428,0.0,True,1.2280999799259007
80,joint_no_history,9,FR,node,0.05,0,0.35,5194,0.04379985095125564,True,1.0116999910678715
80,joint_no_history,9,FR,edge,0.05,0,1.0,13428,0.0,True,1.1696000001393259
80,joint_no_history,10,DE,node,0.2,0,0.15,1425,0.14183313182564383,True,0.7639999967068434
80,joint_no_history,10,DE,edge,0.2,0,0.25,315,0.24441317778343485,False,1.9986999977845699
80,joint_no_history,10,DE,edge,0.2,1,0.35,679,0.198358016327042,True,1.8402000132482499
80,joint_no_history,11,FR,node,0.2,0,0.15,2231,0.11335360581041107,True,0.8531000057701021
80,joint_no_history,11,FR,edge,0.2,0,0.25,831,0.15048020792643688,True,2.0625000179279596
80,no_history,0,FR,node,0.2,0,0.15,2231,0.04148699094873808,True,0.9934999980032444
80,no_history,0,FR,edge,0.2,0,0.25,831,0.0814656431626733,True,2.245199983008206
80,no_history,1,FR,node,0.2,0,0.15,2231,0.04148699094873808,True,1.047199999447912
80,no_history,1,FR,edge,0.2,0,0.25,831,0.0814656431626733,True,2.351000002818182
80,no_history,2,FR,node,0.05,0,0.15,2231,0.04148699094873808,True,1.04010000359267
80,no_history,2,FR,edge,0.05,0,0.75,7655,0.02611152166582407,True,2.258399996208027
80,no_history,3,DE,node,0.05,0,0.15,1425,0.051910389742019294,False,0.804700015578419
80,no_history,3,DE,node,0.05,1,0.25,2369,0.035892204848851327,True,0.8059999963734299
80,no_history,3,DE,edge,0.05,0,0.75,3215,0.04029157926047751,True,2.0260000019334257
80,no_history,4,DE,node,0.1,0,0.15,1425,0.051910389742019294,True,0.7474999874830246
80,no_history,4,DE,edge,0.1,0,0.35,679,0.12059147075282237,False,1.9150000007357448
80,no_history,4,DE,edge,0.1,1,0.5,1427,0.06577457363454764,True,1.8841999990399927
80,no_history,5,FR,node,0.1,0,0.15,2231,0.04148699094873808,True,0.9444000024814159
80,no_history,5,FR,edge,0.1,0,0.35,1569,0.07933046633868099,True,2.0893999899271876
80,no_history,6,FR,node,0.2,0,0.15,2231,0.04148699094873808,True,0.8225000055972487
80,no_history,6,FR,edge,0.2,0,0.25,831,0.0814656431626733,True,2.0414000027813017
80,no_history,7,FR,node,0.2,0,0.15,2231,0.04148699094873808,True,0.9559000027365983
80,no_history,7,FR,edge,0.2,0,0.25,831,0.0814656431626733,True,2.2532999864779413
80,no_history,8,FR,node,0.05,0,0.15,2231,0.04148699094873808,True,1.6431999974884093
80,no_history,8,FR,edge,0.05,0,0.75,7655,0.02611152166582407,True,2.2518000041600317
80,no_history,9,FR,node,0.05,0,0.15,2231,0.04148699094873808,True,0.9613999864086509
80,no_history,9,FR,edge,0.05,0,0.75,7655,0.02611152166582407,True,2.297500002896413
80,no_history,10,DE,node,0.2,0,0.15,1425,0.051910389742019294,True,0.8502000127919018
80,no_history,10,DE,edge,0.2,0,0.25,315,0.13231824304292614,True,1.9943999941460788
80,no_history,11,FR,node,0.2,0,0.15,2231,0.04148699094873808,True,0.969300017459318
80,no_history,11,FR,edge,0.2,0,0.25,831,0.0814656431626733,True,3.8564999995287508
81,no_history,0,FR,node,0.2,0,0.15,2218,0.041608393770401535,True,1.0908000112976879
81,no_history,0,FR,edge,0.2,0,0.25,809,0.08256590426214033,True,1.978499989490956
81,no_history,1,DE,node,0.2,0,0.15,1474,0.051040271981893634,True,0.6537000008393079
81,no_history,1,DE,edge,0.2,0,0.25,372,0.12175968966563581,True,1.701500004855916
81,no_history,2,DE,node,0.05,0,0.15,1474,0.051040271981893634,False,0.7817000150680542
81,no_history,2,DE,node,0.05,1,0.25,2476,0.03510810171626588,True,0.8544999873265624
81,no_history,2,DE,edge,0.05,0,0.75,3332,0.039577857682997236,True,2.6214999961666763
81,no_history,3,DE,node,0.05,0,0.15,1474,0.051040271981893634,False,0.6398999830707908
81,no_history,3,DE,node,0.05,1,0.25,2476,0.03510810171626588,True,0.5970000056549907
81,no_history,3,DE,edge,0.05,0,0.75,3332,0.039577857682997236,True,1.6885999939404428
81,no_history,4,DE,node,0.1,0,0.15,1474,0.051040271981893634,True,0.6269000004976988
81,no_history,4,DE,edge,0.1,0,0.35,694,0.11928112975619977,False,1.772800023900345
81,no_history,4,DE,edge,0.1,1,0.5,1481,0.06456430773973722,True,1.8551999819464982
81,no_history,5,DE,node,0.1,0,0.15,1474,0.051040271981893634,True,0.7285999890882522
81,no_history,5,DE,edge,0.1,0,0.35,694,0.11928112975619977,False,2.3432000016327947
81,no_history,5,DE,edge,0.1,1,0.5,1481,0.06456430773973722,True,3.634799999417737
81,no_history,6,FR,node,0.2,0,0.15,2218,0.041608393770401535,True,0.9497999853920192
81,no_history,6,FR,edge,0.2,0,0.25,809,0.08256590426214033,True,2.019300009123981
81,no_history,7,FR,node,0.2,0,0.15,2218,0.041608393770401535,True,1.0105000110343099
81,no_history,7,FR,edge,0.2,0,0.25,809,0.08256590426214033,True,2.4765999987721443
81,no_history,8,FR,node,0.05,0,0.15,2218,0.041608393770401535,True,1.0169000015594065
81,no_history,8,FR,edge,0.05,0,0.75,7544,0.026302918482554862,True,4.362899984698743
81,no_history,9,DE,node,0.05,0,0.15,1474,0.051040271981893634,False,0.7898999901954085
81,no_history,9,DE,node,0.05,1,0.25,2476,0.03510810171626588,True,0.7751000230200589
81,no_history,9,DE,edge,0.05,0,0.75,3332,0.039577857682997236,True,1.9471000123303384
81,no_history,10,DE,node,0.2,0,0.15,1474,0.051040271981893634,True,0.750300008803606
81,no_history,10,DE,edge,0.2,0,0.25,372,0.12175968966563581,True,2.302300010342151
81,no_history,11,FR,node,0.2,0,0.15,2218,0.041608393770401535,True,0.893999997060746
81,no_history,11,FR,edge,0.2,0,0.25,809,0.08256590426214033,True,2.112899994244799
81,joint_no_history,0,FR,node,0.2,0,0.15,2218,0.11368531093716065,True,0.9993999847210944
81,joint_no_history,0,FR,edge,0.2,0,0.25,809,0.15251256798146717,True,2.116400020895526
81,joint_no_history,1,DE,node,0.2,0,0.15,1474,0.13945573632564742,True,0.7828999951016158
81,joint_no_history,1,DE,edge,0.2,0,0.25,372,0.2249098234129998,False,1.988399977562949
81,joint_no_history,1,DE,edge,0.2,1,0.35,694,0.19620266786682783,True,1.9803000031970441
81,joint_no_history,2,DE,node,0.05,0,0.35,3445,0.05378101472975192,False,0.7701000140514225
81,joint_no_history,2,DE,node,0.05,1,0.5,4974,0.03559055063410127,True,0.7580000092275441
81,joint_no_history,2,DE,edge,0.05,0,1.0,5833,0.0,True,1.9987999985460192
81,joint_no_history,3,DE,node,0.05,0,0.35,3445,0.05378101472975192,False,0.7559999939985573
81,joint_no_history,3,DE,node,0.05,1,0.5,4974,0.03559055063410127,True,0.7565999985672534
81,joint_no_history,3,DE,edge,0.05,0,1.0,5833,0.0,True,0.964700011536479
81,joint_no_history,4,DE,node,0.1,0,0.25,2476,0.08334246937147978,True,0.7449999975506216
81,joint_no_history,4,DE,edge,0.1,0,0.75,3332,0.06401300966473572,True,1.9440999894868582
81,joint_no_history,5,DE,node,0.1,0,0.25,2476,0.08334246937147978,True,0.7211000192910433
81,joint_no_history,5,DE,edge,0.1,0,0.75,3332,0.06401300966473572,True,1.8526999920140952
81,joint_no_history,6,FR,node,0.2,0,0.15,2218,0.11368531093716065,True,0.9123999916482717
81,joint_no_history,6,FR,edge,0.2,0,0.25,809,0.15251256798146717,True,3.7600999930873513
81,joint_no_history,7,FR,node,0.2,0,0.15,2218,0.11368531093716065,True,0.9324999991804361
81,joint_no_history,7,FR,edge,0.2,0,0.25,809,0.15251256798146717,True,2.3360999766737223
81,joint_no_history,8,FR,node,0.05,0,0.35,5180,0.04385900000042118,True,1.0028000106103718
81,joint_no_history,8,FR,edge,0.05,0,1.0,13428,0.0,True,1.254800008609891
81,joint_no_history,9,DE,node,0.05,0,0.35,3445,0.05378101472975192,False,0.8473999914713204
81,joint_no_history,9,DE,node,0.05,1,0.5,4974,0.03559055063410127,True,0.8532000065315515
81,joint_no_history,9,DE,edge,0.05,0,1.0,5833,0.0,True,2.7913000085391104
81,joint_no_history,10,DE,node,0.2,0,0.15,1474,0.13945573632564742,True,0.8572000078856945
81,joint_no_history,10,DE,edge,0.2,0,0.25,372,0.2249098234129998,False,1.889899984234944
81,joint_no_history,10,DE,edge,0.2,1,0.35,694,0.19620266786682783,True,1.8800999969244003
81,joint_no_history,11,FR,node,0.2,0,0.15,2218,0.11368531093716065,True,0.8963999862316996
81,joint_no_history,11,FR,edge,0.2,0,0.25,809,0.15251256798146717,True,1.9906999950762838
82,joint_no_history,0,FR,node,0.2,0,0.15,2298,0.11168892545833345,True,1.9838000007439405
82,joint_no_history,0,FR,edge,0.2,0,0.25,850,0.1487888652711384,True,2.519300003768876
82,joint_no_history,1,FR,node,0.2,0,0.15,2298,0.11168892545833345,True,1.0203999991063029
82,joint_no_history,1,FR,edge,0.2,0,0.25,850,0.1487888652711384,True,2.3147000174503773
82,joint_no_history,2,FR,node,0.05,0,0.35,5366,0.043092160734487836,True,0.7268000044859946
82,joint_no_history,2,FR,edge,0.05,0,1.0,13428,0.0,True,1.0203999991063029
82,joint_no_history,3,DE,node,0.05,0,0.35,3476,0.05354066011285002,False,0.7878000033088028
82,joint_no_history,3,DE,node,0.05,1,0.5,4946,0.03569115000876387,True,1.1442999821156263
82,joint_no_history,3,DE,edge,0.05,0,1.0,5833,0.0,True,1.0514000023249537
82,joint_no_history,4,DE,node,0.1,0,0.25,2460,0.08361306251645825,True,0.673700007610023
82,joint_no_history,4,DE,edge,0.1,0,0.75,3355,0.06379321365529375,True,1.7480000096838921
82,joint_no_history,5,DE,node,0.1,0,0.25,2460,0.08361306251645825,True,0.8027000003494322
82,joint_no_history,5,DE,edge,0.1,0,0.75,3355,0.06379321365529375,True,1.708600000711158
82,joint_no_history,6,DE,node,0.2,0,0.15,1449,0.14065362584391597,True,0.8987000037450343
82,joint_no_history,6,DE,edge,0.2,0,0.25,392,0.21909721693882106,False,2.0958000095561147
82,joint_no_history,6,DE,edge,0.2,1,0.35,740,0.19000664246345536,True,2.0933999912813306
82,joint_no_history,7,DE,node,0.2,0,0.15,1449,0.14065362584391597,True,0.7545999833382666
82,joint_no_history,7,DE,edge,0.2,0,0.25,392,0.21909721693882106,False,1.718400017125532
82,joint_no_history,7,DE,edge,0.2,1,0.35,740,0.19000664246345536,True,1.672399987000972
82,joint_no_history,8,DE,node,0.05,0,0.35,3476,0.05354066011285002,False,0.8074000070337206
82,joint_no_history,8,DE,node,0.05,1,0.5,4946,0.03569115000876387,True,0.7998000073712319
82,joint_no_history,8,DE,edge,0.05,0,1.0,5833,0.0,True,0.8855999913066626
82,joint_no_history,9,DE,node,0.05,0,0.35,3476,0.05354066011285002,False,0.6006000039633363
82,joint_no_history,9,DE,node,0.05,1,0.5,4946,0.03569115000876387,True,0.6059999868739396
82,joint_no_history,9,DE,edge,0.05,0,1.0,5833,0.0,True,0.8875000057742
82,joint_no_history,10,DE,node,0.2,0,0.15,1449,0.14065362584391597,True,0.7059000199660659
82,joint_no_history,10,DE,edge,0.2,0,0.25,392,0.21909721693882106,False,3.1959000043570995
82,joint_no_history,10,DE,edge,0.2,1,0.35,740,0.19000664246345536,True,1.868599996669218
82,joint_no_history,11,DE,node,0.2,0,0.15,1449,0.14065362584391597,True,0.68450000253506
82,joint_no_history,11,DE,edge,0.2,0,0.25,392,0.21909721693882106,False,1.930400001583621
82,joint_no_history,11,DE,edge,0.2,1,0.35,740,0.19000664246345536,True,1.7851000011432916
82,no_history,0,FR,node,0.2,0,0.15,2298,0.040877724236793374,True,0.9332000045105815
82,no_history,0,FR,edge,0.2,0,0.25,850,0.08054999904494513,True,2.319599996553734
82,no_history,1,FR,node,0.2,0,0.15,2298,0.040877724236793374,True,1.128400006564334
82,no_history,1,FR,edge,0.2,0,0.25,850,0.08054999904494513,True,2.369499998167157
82,no_history,2,FR,node,0.05,0,0.15,2298,0.040877724236793374,True,0.9354999929200858
82,no_history,2,FR,edge,0.05,0,0.75,7703,0.026030039667648292,True,2.060800004983321
82,no_history,3,DE,node,0.05,0,0.15,1449,0.0514786950143741,False,0.7245999877341092
82,no_history,3,DE,node,0.05,1,0.25,2460,0.03522208935941195,True,0.7022999925538898
82,no_history,3,DE,edge,0.05,0,0.75,3355,0.039441962570010904,True,1.822199992602691
82,no_history,4,DE,node,0.1,0,0.15,1449,0.0514786950143741,True,0.7946000259835273
82,no_history,4,DE,edge,0.1,0,0.35,740,0.11551426502317778,False,2.247900003567338
82,no_history,4,DE,edge,0.1,1,0.5,1483,0.06452075676834672,True,1.6329999780282378
82,no_history,5,DE,node,0.1,0,0.15,1449,0.0514786950143741,True,0.6237000052351505
82,no_history,5,DE,edge,0.1,0,0.35,740,0.11551426502317778,False,1.7946000152733177
82,no_history,5,DE,edge,0.1,1,0.5,1483,0.06452075676834672,True,1.906499994220212
82,no_history,6,DE,node,0.2,0,0.15,1449,0.0514786950143741,True,0.8160000143107027
82,no_history,6,DE,edge,0.2,0,0.25,392,0.11861291221632517,True,2.1040999854449183
82,no_history,7,DE,node,0.2,0,0.15,1449,0.0514786950143741,True,0.8314000151585788
82,no_history,7,DE,edge,0.2,0,0.25,392,0.11861291221632517,True,2.9275999986566603
82,no_history,8,DE,node,0.05,0,0.15,1449,0.0514786950143741,False,0.8796000038273633
82,no_history,8,DE,node,0.05,1,0.25,2460,0.03522208935941195,True,0.7975999906193465
82,no_history,8,DE,edge,0.05,0,0.75,3355,0.039441962570010904,True,1.9991000008303672
82,no_history,9,DE,node,0.05,0,0.15,1449,0.0514786950143741,False,0.7609999738633633
82,no_history,9,DE,node,0.05,1,0.25,2460,0.03522208935941195,True,0.7584999839309603
82,no_history,9,DE,edge,0.05,0,0.75,3355,0.039441962570010904,True,1.8638999899849296
82,no_history,10,DE,node,0.2,0,0.15,1449,0.0514786950143741,True,0.7391000108327717
82,no_history,10,DE,edge,0.2,0,0.25,392,0.11861291221632517,True,1.8572999979369342
82,no_history,11,DE,node,0.2,0,0.15,1449,0.0514786950143741,True,0.7722000009380281
82,no_history,11,DE,edge,0.2,0,0.25,392,0.11861291221632517,True,1.876599999377504
83,joint_no_history,0,DE,node,0.2,0,0.15,1533,0.13674581609135308,True,0.7634000212419778
83,joint_no_history,0,DE,edge,0.2,0,0.25,346,0.23320714119914415,False,1.8353000050410628
83,joint_no_history,0,DE,edge,0.2,1,0.35,707,0.19439045519585213,True,1.871600019512698
83,joint_no_history,1,FR,node,0.2,0,0.15,2219,0.11365969171183546,True,0.922399980481714
83,joint_no_history,1,FR,edge,0.2,0,0.25,836,0.15002953243716993,True,3.260700003011152
83,joint_no_history,2,DE,node,0.05,0,0.35,3446,0.053773210766171725,False,0.7204000139608979
83,joint_no_history,2,DE,node,0.05,1,0.5,4885,0.035913300018609526,True,0.7208999886643142
83,joint_no_history,2,DE,edge,0.05,0,1.0,5833,0.0,True,0.8469000167679042
83,joint_no_history,3,FR,node,0.05,0,0.35,5252,0.04355732962614423,True,0.8635999984107912
83,joint_no_history,3,FR,edge,0.05,0,1.0,13428,0.0,True,0.9310999885201454
83,joint_no_history,4,FR,node,0.1,0,0.25,3703,0.06814983807208438,True,0.9438999986741692
83,joint_no_history,4,FR,edge,0.1,0,0.75,7507,0.04264690660671628,True,2.0536000083666295
83,joint_no_history,5,DE,node,0.1,0,0.25,2508,0.08280907208792318,True,0.8053999918047339
83,joint_no_history,5,DE,edge,0.1,0,0.75,3294,0.06438118197082236,True,2.565700007835403
83,joint_no_history,6,DE,node,0.2,0,0.15,1533,0.13674581609135308,True,0.701499986462295
83,joint_no_history,6,DE,edge,0.2,0,0.25,346,0.23320714119914415,False,2.480800001649186
83,joint_no_history,6,DE,edge,0.2,1,0.35,707,0.19439045519585213,True,2.7253000007476658
83,joint_no_history,7,DE,node,0.2,0,0.15,1533,0.13674581609135308,True,0.9636999748181552
83,joint_no_history,7,DE,edge,0.2,0,0.25,346,0.23320714119914415,False,2.208899997640401
83,joint_no_history,7,DE,edge,0.2,1,0.35,707,0.19439045519585213,True,1.985599985346198
83,joint_no_history,8,FR,node,0.05,0,0.35,5252,0.04355732962614423,True,1.0365999769419432
83,joint_no_history,8,FR,edge,0.05,0,1.0,13428,0.0,True,0.9140000038314611
83,joint_no_history,9,DE,node,0.05,0,0.35,3446,0.053773210766171725,False,0.971200002823025
83,joint_no_history,9,DE,node,0.05,1,0.5,4885,0.035913300018609526,True,0.9014999959617853
83,joint_no_history,9,DE,edge,0.05,0,1.0,5833,0.0,True,1.0300000139977783
83,joint_no_history,10,FR,node,0.2,0,0.15,2219,0.11365969171183546,True,0.9734000195749104
83,joint_no_history,10,FR,edge,0.2,0,0.25,836,0.15002953243716993,True,2.121899975463748
83,joint_no_history,11,DE,node,0.2,0,0.15,1533,0.13674581609135308,True,0.776599976234138
83,joint_no_history,11,DE,edge,0.2,0,0.25,346,0.23320714119914415,False,3.8213000225368887
83,joint_no_history,11,DE,edge,0.2,1,0.35,707,0.19439045519585213,True,2.112299989676103
83,no_history,0,DE,node,0.2,0,0.15,1533,0.05004845142684213,True,0.7622000121045858
83,no_history,0,DE,edge,0.2,0,0.25,346,0.1262516181344201,True,1.8763999978546053
83,no_history,1,FR,node,0.2,0,0.15,2219,0.041599017230841265,True,0.9229000133927912
83,no_history,1,FR,edge,0.2,0,0.25,836,0.08122166045493587,True,1.9970000139437616
83,no_history,2,DE,node,0.05,0,0.15,1533,0.05004845142684213,False,0.7439999899361283
83,no_history,2,DE,node,0.05,1,0.25,2508,0.03488340755700338,True,0.8157000120263547
83,no_history,2,DE,edge,0.05,0,0.75,3294,0.039805490647131174,True,2.4480999854858965
83,no_history,3,FR,node,0.05,0,0.15,2219,0.041599017230841265,True,0.9508999937679619
83,no_history,3,FR,edge,0.05,0,0.75,7507,0.02636765884217639,True,2.324699977179989
83,no_history,4,FR,node,0.1,0,0.15,2219,0.041599017230841265,True,0.9302999824285507
83,no_history,4,FR,edge,0.1,0,0.35,1680,0.07666494672104866,True,2.0942999981343746
83,no_history,5,DE,node,0.1,0,0.15,1533,0.05004845142684213,True,0.7596999930683523
83,no_history,5,DE,edge,0.1,0,0.35,707,0.11817939766915597,False,2.580700005637482
83,no_history,5,DE,edge,0.1,1,0.5,1481,0.06456430773973722,True,3.8597999955527484
83,no_history,6,DE,node,0.2,0,0.15,1533,0.05004845142684213,True,0.7541999802924693
83,no_history,6,DE,edge,0.2,0,0.25,346,0.1262516181344201,True,1.934100000653416
83,no_history,7,DE,node,0.2,0,0.15,1533,0.05004845142684213,True,0.739500013878569
83,no_history,7,DE,edge,0.2,0,0.25,346,0.1262516181344201,True,1.9196999783162028
83,no_history,8,FR,node,0.05,0,0.15,2219,0.041599017230841265,True,0.8974999946076423
83,no_history,8,FR,edge,0.05,0,0.75,7507,0.02636765884217639,True,2.1185000077821314
83,no_history,9,DE,node,0.05,0,0.15,1533,0.05004845142684213,False,1.243599981535226
83,no_history,9,DE,node,0.05,1,0.25,2508,0.03488340755700338,True,0.8376000041607767
83,no_history,9,DE,edge,0.05,0,0.75,3294,0.039805490647131174,True,2.0520999969448894
83,no_history,10,FR,node,0.2,0,0.15,2219,0.041599017230841265,True,0.9416000102646649
83,no_history,10,FR,edge,0.2,0,0.25,836,0.08122166045493587,True,2.070199989248067
83,no_history,11,DE,node,0.2,0,0.15,1533,0.05004845142684213,True,0.7597999938298017
83,no_history,11,DE,edge,0.2,0,0.25,346,0.1262516181344201,True,1.9291999924462289
84,no_history,0,FR,node,0.2,0,0.15,2222,0.04157092560092006,True,1.3070999993942678
84,no_history,0,FR,edge,0.2,0,0.25,830,0.0815147040783896,True,2.3053000040818006
84,no_history,1,FR,node,0.2,0,0.15,2222,0.04157092560092006,True,0.8890999888535589
84,no_history,1,FR,edge,0.2,0,0.25,830,0.0815147040783896,True,2.1641999774146825
84,no_history,2,DE,node,0.05,0,0.15,1529,0.05011387426709429,False,0.7845000072848052
84,no_history,2,DE,node,0.05,1,0.25,2502,0.0349252091388757,True,0.7993000035639852
84,no_history,2,DE,edge,0.05,0,0.75,3280,0.03989035093365099,True,1.9724000012502074
84,no_history,3,FR,node,0.05,0,0.15,2222,0.04157092560092006,True,1.1277000012341887
84,no_history,3,FR,edge,0.05,0,0.75,7521,0.026343106311159034,True,2.33800002024509
84,no_history,4,DE,node,0.1,0,0.15,1529,0.05011387426709429,True,0.7532000017818063
84,no_history,4,DE,edge,0.1,0,0.35,758,0.11413448308501452,False,1.9008000090252608
84,no_history,4,DE,edge,0.1,1,0.5,1522,0.06368874658477247,True,1.9041000050492585
84,no_history,5,FR,node,0.1,0,0.15,2222,0.04157092560092006,True,0.9265999833587557
84,no_history,5,FR,edge,0.1,0,0.35,1614,0.07821674051430627,True,2.072300005238503
84,no_history,6,FR,node,0.2,0,0.15,2222,0.04157092560092006,True,1.1427999997977167
84,no_history,6,FR,edge,0.2,0,0.25,830,0.0815147040783896,True,2.4741999804973602
84,no_history,7,FR,node,0.2,0,0.15,2222,0.04157092560092006,True,0.9392000210937113
84,no_history,7,FR,edge,0.2,0,0.25,830,0.0815147040783896,True,2.0892000175081193
84,no_history,8,FR,node,0.05,0,0.15,2222,0.04157092560092006,True,0.9348999883513898
84,no_history,8,FR,edge,0.05,0,0.75,7521,0.026343106311159034,True,2.2099000052548945
84,no_history,9,DE,node,0.05,0,0.15,1529,0.05011387426709429,False,0.8029000018723309
84,no_history,9,DE,node,0.05,1,0.25,2502,0.0349252091388757,True,0.7874000002630055
84,no_history,9,DE,edge,0.05,0,0.75,3280,0.03989035093365099,True,3.1584000098519027
84,no_history,10,DE,node,0.2,0,0.15,1529,0.05011387426709429,True,0.7365000201389194
84,no_history,10,DE,edge,0.2,0,0.25,395,0.11816162492797375,True,1.7969999753404409
84,no_history,11,FR,node,0.2,0,0.15,2222,0.04157092560092006,True,0.8855999913066626
84,no_history,11,FR,edge,0.2,0,0.25,830,0.0815147040783896,True,2.1003000147175044
84,joint_no_history,0,FR,node,0.2,0,0.15,2222,0.11358293783135771,True,0.9353999921586365
84,joint_no_history,0,FR,edge,0.2,0,0.25,830,0.1505708313661034,True,3.4201999951619655
84,joint_no_history,1,FR,node,0.2,0,0.15,2222,0.11358293783135771,True,0.894299999345094
84,joint_no_history,1,FR,edge,0.2,0,0.25,830,0.1505708313661034,True,2.061100007267669
84,joint_no_history,2,DE,node,0.05,0,0.35,3484,0.053479154451980516,False,0.748499995097518
84,joint_no_history,2,DE,node,0.05,1,0.5,4970,0.03560486990671205,True,0.8491000044159591
84,joint_no_history,2,DE,edge,0.05,0,1.0,5833,0.0,True,0.8633999968878925
84,joint_no_history,3,FR,node,0.05,0,0.35,5255,0.04354489474090454,True,0.7695999811403453
84,joint_no_history,3,FR,edge,0.05,0,1.0,13428,0.0,True,1.167299982625991
84,joint_no_history,4,DE,node,0.1,0,0.25,2502,0.0829083040852846,True,1.124100002925843
84,joint_no_history,4,DE,edge,0.1,0,0.75,3280,0.06451843453220793,True,3.0793999903835356
84,joint_no_history,5,FR,node,0.1,0,0.25,3748,0.06773948541342938,True,0.7772000099066645
84,joint_no_history,5,FR,edge,0.1,0,0.75,7521,0.0426071954778852,True,2.0478999940678477
84,joint_no_history,6,FR,node,0.2,0,0.15,2222,0.11358293783135771,True,0.8365999965462834
84,joint_no_history,6,FR,edge,0.2,0,0.25,830,0.1505708313661034,True,3.484600019874051
84,joint_no_history,7,FR,node,0.2,0,0.15,2222,0.11358293783135771,True,1.3587999856099486
84,joint_no_history,7,FR,edge,0.2,0,0.25,830,0.1505708313661034,True,3.5537999938242137
84,joint_no_history,8,FR,node,0.05,0,0.35,5255,0.04354489474090454,True,0.8771000138949603
84,joint_no_history,8,FR,edge,0.05,0,1.0,13428,0.0,True,1.2547999795060605
84,joint_no_history,9,DE,node,0.05,0,0.35,3484,0.053479154451980516,False,0.6942999898456037
84,joint_no_history,9,DE,node,0.05,1,0.5,4970,0.03560486990671205,True,0.6906000198796391
84,joint_no_history,9,DE,edge,0.05,0,1.0,5833,0.0,True,0.8350000134669244
84,joint_no_history,10,DE,node,0.2,0,0.15,1529,0.13692456886843696,True,0.6506999779958278
84,joint_no_history,10,DE,edge,0.2,0,0.25,395,0.21826361638834021,False,1.7772999999579042
84,joint_no_history,10,DE,edge,0.2,1,0.35,758,0.18773707226492173,True,1.708600000711158
84,joint_no_history,11,FR,node,0.2,0,0.15,2222,0.11358293783135771,True,1.5943000034894794
84,joint_no_history,11,FR,edge,0.2,0,0.25,830,0.1505708313661034,True,2.0933999912813306
85,no_history,0,DE,node,0.2,0,0.15,1421,0.051983400171549156,True,1.0747000051196665
85,no_history,0,DE,edge,0.2,0,0.25,339,0.12754844061262596,True,2.232200000435114
85,no_history,1,DE,node,0.2,0,0.15,1421,0.051983400171549156,True,1.5392999921459705
85,no_history,1,DE,edge,0.2,0,0.25,339,0.12754844061262596,True,3.171199990902096
85,no_history,2,DE,node,0.05,0,0.15,1421,0.051983400171549156,False,0.8363999950233847
85,no_history,2,DE,node,0.05,1,0.25,2440,0.035366147585825916,True,0.7884000078774989
85,no_history,2,DE,edge,0.05,0,0.75,3308,0.0397211696462399,True,2.7908000047318637
85,no_history,3,DE,node,0.05,0,0.15,1421,0.051983400171549156,False,0.9558999736327678
85,no_history,3,DE,node,0.05,1,0.25,2440,0.035366147585825916,True,0.8538000111002475
85,no_history,3,DE,edge,0.05,0,0.75,3308,0.0397211696462399,True,2.747199992882088
85,no_history,4,DE,node,0.1,0,0.15,1421,0.051983400171549156,True,1.0310999932698905
85,no_history,4,DE,edge,0.1,0,0.35,687,0.11988728096136983,False,3.129899996565655
85,no_history,4,DE,edge,0.1,1,0.5,1509,0.06396249679852824,True,2.8614000184461474
85,no_history,5,DE,node,0.1,0,0.15,1421,0.051983400171549156,True,0.9507000213488936
85,no_history,5,DE,edge,0.1,0,0.35,687,0.11988728096136983,False,2.4639000184834003
85,no_history,5,DE,edge,0.1,1,0.5,1509,0.06396249679852824,True,2.1003000147175044
85,no_history,6,FR,node,0.2,0,0.15,2231,0.04148699094873808,True,1.7174000095110387
85,no_history,6,FR,edge,0.2,0,0.25,820,0.08201023875860482,True,2.6089000166393816
85,no_history,7,DE,node,0.2,0,0.15,1421,0.051983400171549156,True,0.8341000066138804
85,no_history,7,DE,edge,0.2,0,0.25,339,0.12754844061262596,True,2.485100005287677
85,no_history,8,DE,node,0.05,0,0.15,1421,0.051983400171549156,False,0.7249999907799065
85,no_history,8,DE,node,0.05,1,0.25,2440,0.035366147585825916,True,0.7146999996621162
85,no_history,8,DE,edge,0.05,0,0.75,3308,0.0397211696462399,True,1.8413999932818115
85,no_history,9,DE,node,0.05,0,0.15,1421,0.051983400171549156,False,1.4802000077906996
85,no_history,9,DE,node,0.05,1,0.25,2440,0.035366147585825916,True,1.364099996862933
85,no_history,9,DE,edge,0.05,0,0.75,3308,0.0397211696462399,True,2.2387999924831092
85,no_history,10,FR,node,0.2,0,0.15,2231,0.04148699094873808,True,0.8429000154137611
85,no_history,10,FR,edge,0.2,0,0.25,820,0.08201023875860482,True,2.05060001462698
85,no_history,11,DE,node,0.2,0,0.15,1421,0.051983400171549156,True,0.8512999920640141
85,no_history,11,DE,edge,0.2,0,0.25,339,0.12754844061262596,True,2.0542000129353255
85,joint_no_history,0,DE,node,0.2,0,0.15,1421,0.1420326159352338,True,0.9302999824285507
85,joint_no_history,0,DE,edge,0.2,0,0.25,339,0.2356025818854028,False,2.207399986218661
85,joint_no_history,0,DE,edge,0.2,1,0.35,687,0.1971997114379957,True,1.9720999989658594
85,joint_no_history,1,DE,node,0.2,0,0.15,1421,0.1420326159352338,True,0.7726000039838254
85,joint_no_history,1,DE,edge,0.2,0,0.25,339,0.2356025818854028,False,1.9094000163022429
85,joint_no_history,1,DE,edge,0.2,1,0.35,687,0.1971997114379957,True,1.930400001583621
85,joint_no_history,2,DE,node,0.05,0,0.35,3441,0.05381226459568331,False,0.7612000044900924
85,joint_no_history,2,DE,node,0.05,1,0.5,4959,0.035644337200430615,True,0.770699989516288
85,joint_no_history,2,DE,edge,0.05,0,1.0,5833,0.0,True,1.0255000088363886
85,joint_no_history,3,DE,node,0.05,0,0.35,3441,0.05381226459568331,False,1.2519000156316906
85,joint_no_history,3,DE,node,0.05,1,0.5,4959,0.035644337200430615,True,0.763599993661046
85,joint_no_history,3,DE,edge,0.05,0,1.0,5833,0.0,True,0.9805000154301524
85,joint_no_history,4,DE,node,0.1,0,0.25,2440,0.08395503965950193,True,0.7122999813873321
85,joint_no_history,4,DE,edge,0.1,0,0.75,3308,0.06424480164705076,True,1.8508000066503882
85,joint_no_history,5,DE,node,0.1,0,0.25,2440,0.08395503965950193,True,0.7055999885778874
85,joint_no_history,5,DE,edge,0.1,0,0.75,3308,0.06424480164705076,True,1.816999982111156
85,joint_no_history,6,FR,node,0.2,0,0.15,2231,0.11335360581041107,True,0.9117000154219568
85,joint_no_history,6,FR,edge,0.2,0,0.25,820,0.15148616399982054,True,3.6881999985780567
85,joint_no_history,7,DE,node,0.2,0,0.15,1421,0.1420326159352338,True,0.8700999896973372
85,joint_no_history,7,DE,edge,0.2,0,0.25,339,0.2356025818854028,False,1.9736999820452183
85,joint_no_history,7,DE,edge,0.2,1,0.35,687,0.1971997114379957,True,1.9171999883837998
85,joint_no_history,8,DE,node,0.05,0,0.35,3441,0.05381226459568331,False,0.738600007025525
85,joint_no_history,8,DE,node,0.05,1,0.5,4959,0.035644337200430615,True,0.7348000071942806
85,joint_no_history,8,DE,edge,0.05,0,1.0,5833,0.0,True,0.9574999858159572
85,joint_no_history,9,DE,node,0.05,0,0.35,3441,0.05381226459568331,False,0.7576999778393656
85,joint_no_history,9,DE,node,0.05,1,0.5,4959,0.035644337200430615,True,0.7459999760612845
85,joint_no_history,9,DE,edge,0.05,0,1.0,5833,0.0,True,0.9262999810744077
85,joint_no_history,10,FR,node,0.2,0,0.15,2231,0.11335360581041107,True,1.42529999720864
85,joint_no_history,10,FR,edge,0.2,0,0.25,820,0.15148616399982054,True,2.1410000044852495
85,joint_no_history,11,DE,node,0.2,0,0.15,1421,0.1420326159352338,True,0.7108999998308718
85,joint_no_history,11,DE,edge,0.2,0,0.25,339,0.2356025818854028,False,1.804300001822412
85,joint_no_history,11,DE,edge,0.2,1,0.35,687,0.1971997114379957,True,1.7631000082474202
86,joint_no_history,0,FR,node,0.2,0,0.15,2260,0.11262398895845369,True,0.9409000049345195
86,joint_no_history,0,FR,edge,0.2,0,0.25,823,0.15120981321207516,True,2.1729999862145633
86,joint_no_history,1,FR,node,0.2,0,0.15,2260,0.11262398895845369,True,0.9772999910637736
86,joint_no_history,1,FR,edge,0.2,0,0.25,823,0.15120981321207516,True,2.2071000130381435
86,joint_no_history,2,DE,node,0.05,0,0.35,3428,0.053914204131822685,False,0.7363000186160207
86,joint_no_history,2,DE,node,0.05,1,0.5,4927,0.03575990171745073,True,0.7112000021152198
86,joint_no_history,2,DE,edge,0.05,0,1.0,5833,0.0,True,0.9611999848857522
86,joint_no_history,3,DE,node,0.05,0,0.35,3428,0.053914204131822685,False,0.7374999986495823
86,joint_no_history,3,DE,node,0.05,1,0.5,4927,0.03575990171745073,True,0.742600008379668
86,joint_no_history,3,DE,edge,0.05,0,1.0,5833,0.0,True,0.9591999987605959
86,joint_no_history,4,DE,node,0.1,0,0.25,2398,0.08468706755939101,True,0.7354000117629766
86,joint_no_history,4,DE,edge,0.1,0,0.75,3225,0.06506626588527455,True,4.134499991778284
86,joint_no_history,5,DE,node,0.1,0,0.25,2398,0.08468706755939101,True,0.8572000078856945
86,joint_no_history,5,DE,edge,0.1,0,0.75,3225,0.06506626588527455,True,1.8828999891411513
86,joint_no_history,6,DE,node,0.2,0,0.15,1429,0.14163448588526803,True,0.672199996188283
86,joint_no_history,6,DE,edge,0.2,0,0.25,335,0.2370049905915267,False,1.7795000167097896
86,joint_no_history,6,DE,edge,0.2,1,0.35,707,0.19439045519585213,True,1.7895999772008508
86,joint_no_history,7,FR,node,0.2,0,0.15,2260,0.11262398895845369,True,0.8815999899525195
86,joint_no_history,7,FR,edge,0.2,0,0.25,823,0.15120981321207516,True,2.0773999858647585
86,joint_no_history,8,DE,node,0.05,0,0.35,3428,0.053914204131822685,False,1.1478000087663531
86,joint_no_history,8,DE,node,0.05,1,0.5,4927,0.03575990171745073,True,0.9538999875076115
86,joint_no_history,8,DE,edge,0.05,0,1.0,5833,0.0,True,1.056799985235557
86,joint_no_history,9,DE,node,0.05,0,0.35,3428,0.053914204131822685,False,0.6914999976288527
86,joint_no_history,9,DE,node,0.05,1,0.5,4927,0.03575990171745073,True,0.7150000019464642
86,joint_no_history,9,DE,edge,0.05,0,1.0,5833,0.0,True,0.9521000029053539
86,joint_no_history,10,DE,node,0.2,0,0.15,1429,0.14163448588526803,True,1.661899994360283
86,joint_no_history,10,DE,edge,0.2,0,0.25,335,0.2370049905915267,False,2.6270999806001782
86,joint_no_history,10,DE,edge,0.2,1,0.35,707,0.19439045519585213,True,2.886900008888915
86,joint_no_history,11,DE,node,0.2,0,0.15,1429,0.14163448588526803,True,1.3311999791767448
86,joint_no_history,11,DE,edge,0.2,0,0.25,335,0.2370049905915267,False,2.3082999978214502
86,joint_no_history,11,DE,edge,0.2,1,0.35,707,0.19439045519585213,True,2.175600006012246
86,no_history,0,FR,node,0.2,0,0.15,2260,0.041219953940812376,True,1.0467999964021146
86,no_history,0,FR,edge,0.2,0,0.25,823,0.08186063041494016,True,2.215800021076575
86,no_history,1,FR,node,0.2,0,0.15,2260,0.041219953940812376,True,1.11119999201037
86,no_history,1,FR,edge,0.2,0,0.25,823,0.08186063041494016,True,2.3791000130586326
86,no_history,2,DE,node,0.05,0,0.15,1429,0.05183768607925132,False,0.7584999839309603
86,no_history,2,DE,node,0.05,1,0.25,2398,0.03567451509835903,True,0.9065000049304217
86,no_history,2,DE,edge,0.05,0,0.75,3225,0.04022906319604128,True,2.5187999999616295
86,no_history,3,DE,node,0.05,0,0.15,1429,0.05183768607925132,False,0.7451999990735203
86,no_history,3,DE,node,0.05,1,0.25,2398,0.03567451509835903,True,0.7245000160764903
86,no_history,3,DE,edge,0.05,0,0.75,3225,0.04022906319604128,True,1.9395000126678497
86,no_history,4,DE,node,0.1,0,0.15,1429,0.05183768607925132,True,0.6899999862071127
86,no_history,4,DE,edge,0.1,0,0.35,707,0.11817939766915597,False,3.001000004587695
86,no_history,4,DE,edge,0.1,1,0.5,1416,0.06602955972197855,True,1.759799983119592
86,no_history,5,DE,node,0.1,0,0.15,1429,0.05183768607925132,True,0.6261999951675534
86,no_history,5,DE,edge,0.1,0,0.35,707,0.11817939766915597,False,1.6976000042632222
86,no_history,5,DE,edge,0.1,1,0.5,1416,0.06602955972197855,True,1.787999994121492
86,no_history,6,DE,node,0.2,0,0.15,1429,0.05183768607925132,True,0.8768000116106123
86,no_history,6,DE,edge,0.2,0,0.25,335,0.12830766422612047,True,1.9785999902524054
86,no_history,7,FR,node,0.2,0,0.15,2260,0.041219953940812376,True,0.9707999997772276
86,no_history,7,FR,edge,0.2,0,0.25,823,0.08186063041494016,True,3.0855000077281147
86,no_history,8,DE,node,0.05,0,0.15,1429,0.05183768607925132,False,0.7923999801278114
86,no_history,8,DE,node,0.05,1,0.25,2398,0.03567451509835903,True,0.7979999936651438
86,no_history,8,DE,edge,0.05,0,0.75,3225,0.04022906319604128,True,1.958799985004589
86,no_history,9,DE,node,0.05,0,0.15,1429,0.05183768607925132,False,0.7694000087212771
86,no_history,9,DE,node,0.05,1,0.25,2398,0.03567451509835903,True,0.7239999831654131
86,no_history,9,DE,edge,0.05,0,0.75,3225,0.04022906319604128,True,1.8520000157877803
86,no_history,10,DE,node,0.2,0,0.15,1429,0.05183768607925132,True,0.7212000200524926
86,no_history,10,DE,edge,0.2,0,0.25,335,0.12830766422612047,True,1.8366000149399042
86,no_history,11,DE,node,0.2,0,0.15,1429,0.05183768607925132,True,1.3153000036254525
86,no_history,11,DE,edge,0.2,0,0.25,335,0.12830766422612047,True,2.6276999851688743
87,joint_no_history,0,DE,node,0.2,0,0.15,1460,0.14012276449390607,True,0.680199998896569
87,joint_no_history,0,DE,edge,0.2,0,0.25,360,0.2286275930195704,False,2.0231000089552253
87,joint_no_history,0,DE,edge,0.2,1,0.35,718,0.19289564447262664,True,1.8032999942079186
87,joint_no_history,1,DE,node,0.2,0,0.15,1460,0.14012276449390607,True,0.621799990767613
87,joint_no_history,1,DE,edge,0.2,0,0.25,360,0.2286275930195704,False,1.594500005012378
87,joint_no_history,1,DE,edge,0.2,1,0.35,718,0.19289564447262664,True,2.2632000036537647
87,joint_no_history,2,FR,node,0.05,0,0.35,5207,0.04374514057079866,True,0.8088999893516302
87,joint_no_history,2,FR,edge,0.05,0,1.0,13428,0.0,True,1.0261000134050846
87,joint_no_history,3,DE,node,0.05,0,0.35,3441,0.05381226459568331,False,1.3107999984640628
87,joint_no_history,3,DE,node,0.05,1,0.5,4875,0.03595011530251395,True,1.1495000217109919
87,joint_no_history,3,DE,edge,0.05,0,1.0,5833,0.0,True,1.3897999888285995
87,joint_no_history,4,DE,node,0.1,0,0.25,2425,0.0842142941304121,True,0.8797000045888126
87,joint_no_history,4,DE,edge,0.1,0,0.75,3216,0.06515724649259273,True,3.2420999777968973
87,joint_no_history,5,FR,node,0.1,0,0.25,3744,0.06777566137617548,True,0.8388000132981688
87,joint_no_history,5,FR,edge,0.1,0,0.75,7430,0.04286732031824931,True,1.9256999948993325
87,joint_no_history,6,DE,node,0.2,0,0.15,1460,0.14012276449390607,True,0.7310000073630363
87,joint_no_history,6,DE,edge,0.2,0,0.25,360,0.2286275930195704,False,1.7028000147547573
87,joint_no_history,6,DE,edge,0.2,1,0.35,718,0.19289564447262664,True,1.6416999860666692
87,joint_no_history,7,DE,node,0.2,0,0.15,1460,0.14012276449390607,True,0.6179999909363687
87,joint_no_history,7,DE,edge,0.2,0,0.25,360,0.2286275930195704,False,1.7503999988548458
87,joint_no_history,7,DE,edge,0.2,1,0.35,718,0.19289564447262664,True,2.2049999970477074
87,joint_no_history,8,FR,node,0.05,0,0.35,5207,0.04374514057079866,True,0.8944000001065433
87,joint_no_history,8,FR,edge,0.05,0,1.0,13428,0.0,True,1.0970000002998859
87,joint_no_history,9,DE,node,0.05,0,0.35,3441,0.05381226459568331,False,0.8002000104170293
87,joint_no_history,9,DE,node,0.05,1,0.5,4875,0.03595011530251395,True,0.8513999928254634
87,joint_no_history,9,DE,edge,0.05,0,1.0,5833,0.0,True,0.999299983959645
87,joint_no_history,10,DE,node,0.2,0,0.15,1460,0.14012276449390607,True,0.742000003810972
87,joint_no_history,10,DE,edge,0.2,0,0.25,360,0.2286275930195704,False,2.004500012844801
87,joint_no_history,10,DE,edge,0.2,1,0.35,718,0.19289564447262664,True,1.9321999861858785
87,joint_no_history,11,FR,node,0.2,0,0.15,2265,0.11249961124082038,True,1.8246000108774751
87,joint_no_history,11,FR,edge,0.2,0,0.25,780,0.15532186376869012,True,2.3182999866548926
87,no_history,0,DE,node,0.2,0,0.15,1460,0.05128440176833717,True,0.7138999935705215
87,no_history,0,DE,edge,0.2,0,0.25,360,0.12377238287162855,True,1.7949000175576657
87,no_history,1,DE,node,0.2,0,0.15,1460,0.05128440176833717,True,0.684200000250712
87,no_history,1,DE,edge,0.2,0,0.25,360,0.12377238287162855,True,1.7703999765217304
87,no_history,2,FR,node,0.05,0,0.15,2265,0.041174432166636896,True,0.8890999888535589
87,no_history,2,FR,edge,0.05,0,0.75,7430,0.026503935866989386,True,3.4633000032044947
87,no_history,3,DE,node,0.05,0,0.15,1460,0.05128440176833717,False,0.7757000275887549
87,no_history,3,DE,node,0.05,1,0.25,2425,0.035475358800753344,True,0.678699987474829
87,no_history,3,DE,edge,0.05,0,0.75,3216,0.04028531453537388,True,1.7318000027444214
87,no_history,4,DE,node,0.1,0,0.15,1460,0.05128440176833717,True,0.6681999948341399
87,no_history,4,DE,edge,0.1,0,0.35,718,0.11727062963976789,False,1.717800012556836
87,no_history,4,DE,edge,0.1,1,0.5,1439,0.0654997483087373,True,1.6888999962247908
87,no_history,5,FR,node,0.1,0,0.15,2265,0.041174432166636896,True,0.9040000149980187
87,no_history,5,FR,edge,0.1,0,0.35,1576,0.07915409220771022,True,2.7537000132724643
87,no_history,6,DE,node,0.2,0,0.15,1460,0.05128440176833717,True,0.8247000223491341
87,no_history,6,DE,edge,0.2,0,0.25,360,0.12377238287162855,True,1.9850000098813325
87,no_history,7,DE,node,0.2,0,0.15,1460,0.05128440176833717,True,0.7582000107504427
87,no_history,7,DE,edge,0.2,0,0.25,360,0.12377238287162855,True,2.29499998386018
87,no_history,8,FR,node,0.05,0,0.15,2265,0.041174432166636896,True,1.0218999814242125
87,no_history,8,FR,edge,0.05,0,0.75,7430,0.026503935866989386,True,1.865800004452467
87,no_history,9,DE,node,0.05,0,0.15,1460,0.05128440176833717,False,0.9619999909773469
87,no_history,9,DE,node,0.05,1,0.25,2425,0.035475358800753344,True,0.7862999918870628
87,no_history,9,DE,edge,0.05,0,0.75,3216,0.04028531453537388,True,2.193799999076873
87,no_history,10,DE,node,0.2,0,0.15,1460,0.05128440176833717,True,0.6501000025309622
87,no_history,10,DE,edge,0.2,0,0.25,360,0.12377238287162855,True,1.6399000014644116
87,no_history,11,FR,node,0.2,0,0.15,2265,0.041174432166636896,True,0.8083999855443835
87,no_history,11,FR,edge,0.2,0,0.25,780,0.08408677595213816,True,3.04909999249503
88,joint_no_history,0,DE,node,0.2,0,0.15,1514,0.13760118920790715,True,0.8071000047493726
88,joint_no_history,0,DE,edge,0.2,0,0.25,338,0.23595084901103805,False,1.9641999970190227
88,joint_no_history,0,DE,edge,0.2,1,0.35,714,0.19343521376288556,True,1.9039000035263598
88,joint_no_history,1,DE,node,0.2,0,0.15,1514,0.13760118920790715,True,0.74230000609532
88,joint_no_history,1,DE,edge,0.2,0,0.25,338,0.23595084901103805,False,1.8415999948047101
88,joint_no_history,1,DE,edge,0.2,1,0.35,714,0.19343521376288556,True,1.8216999887954444
88,joint_no_history,2,DE,node,0.05,0,0.35,3523,0.05318232058987518,False,0.7108999998308718
88,joint_no_history,2,DE,node,0.05,1,0.5,4973,0.0355941288325353,True,0.9212999721057713
88,joint_no_history,2,DE,edge,0.05,0,1.0,5833,0.0,True,1.7007999995257705
88,joint_no_history,3,FR,node,0.05,0,0.35,5313,0.04330656098024742,True,0.9391000203322619
88,joint_no_history,3,FR,edge,0.05,0,1.0,13428,0.0,True,1.0538000205997378
88,joint_no_history,4,DE,node,0.1,0,0.25,2480,0.08327523057927434,True,0.7723000016994774
88,joint_no_history,4,DE,edge,0.1,0,0.75,3238,0.06493551972077578,True,2.0143000001553446
88,joint_no_history,5,FR,node,0.1,0,0.25,3758,0.06764929833387703,True,0.8802999800536782
88,joint_no_history,5,FR,edge,0.1,0,0.75,7514,0.042627037169300656,True,2.4375000211875886
88,joint_no_history,6,FR,node,0.2,0,0.15,2272,0.11232617268846405,True,0.9310000168625265
88,joint_no_history,6,FR,edge,0.2,0,0.25,823,0.15120981321207516,True,2.949099987745285
88,joint_no_history,7,DE,node,0.2,0,0.15,1514,0.13760118920790715,True,0.7175999926403165
88,joint_no_history,7,DE,edge,0.2,0,0.25,338,0.23595084901103805,False,1.5440999995917082
88,joint_no_history,7,DE,edge,0.2,1,0.35,714,0.19343521376288556,True,1.789500005543232
88,joint_no_history,8,FR,node,0.05,0,0.35,5313,0.04330656098024742,True,0.7588999869767576
88,joint_no_history,8,FR,edge,0.05,0,1.0,13428,0.0,True,1.1709000100381672
88,joint_no_history,9,DE,node,0.05,0,0.35,3523,0.05318232058987518,False,0.8594999962951988
88,joint_no_history,9,DE,node,0.05,1,0.5,4973,0.0355941288325353,True,0.9413000079803169
88,joint_no_history,9,DE,edge,0.05,0,1.0,5833,0.0,True,1.1400000075809658
88,joint_no_history,10,FR,node,0.2,0,0.15,2272,0.11232617268846405,True,1.050599996233359
88,joint_no_history,10,FR,edge,0.2,0,0.25,823,0.15120981321207516,True,2.1186000085435808
88,joint_no_history,11,DE,node,0.2,0,0.15,1514,0.13760118920790715,True,0.6993999995756894
88,joint_no_history,11,DE,edge,0.2,0,0.25,338,0.23595084901103805,False,1.7308000242337584
88,joint_no_history,11,DE,edge,0.2,1,0.35,714,0.19343521376288556,True,1.694400009000674
88,no_history,0,DE,node,0.2,0,0.15,1514,0.050361514751917344,True,0.6704000115860254
88,no_history,0,DE,edge,0.2,0,0.25,338,0.12773698238681172,True,3.0267999973148108
88,no_history,1,DE,node,0.2,0,0.15,1514,0.050361514751917344,True,0.794500025222078
88,no_history,1,DE,edge,0.2,0,0.25,338,0.12773698238681172,True,1.792600000044331
88,no_history,2,DE,node,0.05,0,0.15,1514,0.050361514751917344,False,0.656700023682788
88,no_history,2,DE,node,0.05,1,0.25,2480,0.035079777305268345,True,0.7038000039756298
88,no_history,2,DE,edge,0.05,0,0.75,3238,0.040148225673821474,True,1.7030999879352748
88,no_history,3,FR,node,0.05,0,0.15,2272,0.04111095431253313,True,0.8455000061076134
88,no_history,3,FR,edge,0.05,0,0.75,7514,0.02635537399929218,True,2.4859999830368906
88,no_history,4,DE,node,0.1,0,0.15,1514,0.050361514751917344,True,1.0618999949656427
88,no_history,4,DE,edge,0.1,0,0.35,714,0.11759866001378666,False,2.262000023620203
88,no_history,4,DE,edge,0.1,1,0.5,1469,0.06482747856326516,True,2.124299993738532
88,no_history,5,FR,node,0.1,0,0.15,2272,0.04111095431253313,True,0.9325999999418855
88,no_history,5,FR,edge,0.1,0,0.35,1686,0.07652841064345996,True,2.0523999992292374
88,no_history,6,FR,node,0.2,0,0.15,2272,0.04111095431253313,True,0.9424000163562596
88,no_history,6,FR,edge,0.2,0,0.25,823,0.08186063041494016,True,2.136199997039512
88,no_history,7,DE,node,0.2,0,0.15,1514,0.050361514751917344,True,0.9318999946117401
88,no_history,7,DE,edge,0.2,0,0.25,338,0.12773698238681172,True,2.1902000007685274
88,no_history,8,FR,node,0.05,0,0.15,2272,0.04111095431253313,True,0.9886999905575067
88,no_history,8,FR,edge,0.05,0,0.75,7514,0.02635537399929218,True,2.1028000046499074
88,no_history,9,DE,node,0.05,0,0.15,1514,0.050361514751917344,False,0.7308999774977565
88,no_history,9,DE,node,0.05,1,0.25,2480,0.035079777305268345,True,0.7139000226743519
88,no_history,9,DE,edge,0.05,0,0.75,3238,0.040148225673821474,True,1.8199000041931868
88,no_history,10,FR,node,0.2,0,0.15,2272,0.04111095431253313,True,0.8794000023044646
88,no_history,10,FR,edge,0.2,0,0.25,823,0.08186063041494016,True,2.2743000008631498
88,no_history,11,DE,node,0.2,0,0.15,1514,0.050361514751917344,True,0.7676999957766384
88,no_history,11,DE,edge,0.2,0,0.25,338,0.12773698238681172,True,2.0182000007480383
89,no_history,0,DE,node,0.2,0,0.15,1480,0.05093670689991017,True,0.6920000014360994
89,no_history,0,DE,edge,0.2,0,0.25,407,0.11640665180867478,True,1.716600003419444
89,no_history,1,DE,node,0.2,0,0.15,1480,0.05093670689991017,True,0.7656000088900328
89,no_history,1,DE,edge,0.2,0,0.25,407,0.11640665180867478,True,1.8577000009827316
89,no_history,2,DE,node,0.05,0,0.15,1480,0.05093670689991017,False,0.8187000057660043
89,no_history,2,DE,node,0.05,1,0.25,2496,0.03496716135716949,True,1.0793000110425055
89,no_history,2,DE,edge,0.05,0,0.75,3299,0.039775314393345716,True,2.081199985696003
89,no_history,3,FR,node,0.05,0,0.15,2220,0.04158964702749437,True,0.8519999973941594
89,no_history,3,FR,edge,0.05,0,0.75,7565,0.02626638542559434,True,1.9111000001430511
89,no_history,4,DE,node,0.1,0,0.15,1480,0.05093670689991017,True,0.8295000006910414
89,no_history,4,DE,edge,0.1,0,0.35,790,0.11179900371855896,False,2.113800001097843
89,no_history,4,DE,edge,0.1,1,0.5,1558,0.06294863272555867,True,1.9801000016741455
89,no_history,5,FR,node,0.1,0,0.15,2220,0.04158964702749437,True,1.3738000125158578
89,no_history,5,FR,edge,0.1,0,0.35,1675,0.07677928674986548,True,2.8657999937422574
89,no_history,6,FR,node,0.2,0,0.15,2220,0.04158964702749437,True,0.8442000253126025
89,no_history,6,FR,edge,0.2,0,0.25,842,0.08093175473354858,True,1.9212999904993922
89,no_history,7,DE,node,0.2,0,0.15,1480,0.05093670689991017,True,0.6990999972913414
89,no_history,7,DE,edge,0.2,0,0.25,407,0.11640665180867478,True,1.7756999877747148
89,no_history,8,DE,node,0.05,0,0.15,1480,0.05093670689991017,False,0.6310000026132911
89,no_history,8,DE,node,0.05,1,0.25,2496,0.03496716135716949,True,0.6250999867916107
89,no_history,8,DE,edge,0.05,0,0.75,3299,0.039775314393345716,True,1.7585000023245811
89,no_history,9,FR,node,0.05,0,0.15,2220,0.04158964702749437,True,0.8384999819099903
89,no_history,9,FR,edge,0.05,0,0.75,7565,0.02626638542559434,True,1.9681999983731657
89,no_history,10,DE,node,0.2,0,0.15,1480,0.05093670689991017,True,0.6730000022798777
89,no_history,10,DE,edge,0.2,0,0.25,407,0.11640665180867478,True,1.956599997356534
89,no_history,11,FR,node,0.2,0,0.15,2220,0.04158964702749437,True,0.9248999995179474
89,no_history,11,FR,edge,0.2,0,0.25,842,0.08093175473354858,True,2.3415000177919865
89,joint_no_history,0,DE,node,0.2,0,0.15,1480,0.13917276869626735,True,0.8044999849516898
89,joint_no_history,0,DE,edge,0.2,0,0.25,407,0.21502189742995584,False,1.946700009284541
89,joint_no_history,0,DE,edge,0.2,1,0.35,790,0.18389549830110125,True,1.8204000080004334
89,joint_no_history,1,DE,node,0.2,0,0.15,1480,0.13917276869626735,True,0.7094999891705811
89,joint_no_history,1,DE,edge,0.2,0,0.25,407,0.21502189742995584,False,1.9010000105481595
89,joint_no_history,1,DE,edge,0.2,1,0.35,790,0.18389549830110125,True,2.313599979970604
89,joint_no_history,2,DE,node,0.05,0,0.35,3498,0.05337202769362466,False,0.8831000013742596
89,joint_no_history,2,DE,node,0.05,1,0.5,4988,0.035540568895238565,True,0.7507999835070223
89,joint_no_history,2,DE,edge,0.05,0,1.0,5833,0.0,True,1.0872000129893422
89,joint_no_history,3,FR,node,0.05,0,0.35,5225,0.043669725082258894,True,0.8233999833464622
89,joint_no_history,3,FR,edge,0.05,0,1.0,13428,0.0,True,1.0975000041071326
89,joint_no_history,4,DE,node,0.1,0,0.25,2496,0.08300789367564392,True,0.766999990446493
89,joint_no_history,4,DE,edge,0.1,0,0.75,3299,0.06433237506367023,True,1.9170999876223505
89,joint_no_history,5,FR,node,0.1,0,0.25,3684,0.0683253513310055,True,0.9081000171136111
89,joint_no_history,5,FR,edge,0.1,0,0.75,7565,0.04248310753890487,True,2.060500002698973
89,joint_no_history,6,FR,node,0.2,0,0.15,2220,0.11363408979874755,True,0.9234999888576567
89,joint_no_history,6,FR,edge,0.2,0,0.25,842,0.14949402972044418,True,3.818400000454858
89,joint_no_history,7,DE,node,0.2,0,0.15,1480,0.13917276869626735,True,0.8121999853756279
89,joint_no_history,7,DE,edge,0.2,0,0.25,407,0.21502189742995584,False,1.8683000234887004
89,joint_no_history,7,DE,edge,0.2,1,0.35,790,0.18389549830110125,True,1.8540000019129366
89,joint_no_history,8,DE,node,0.05,0,0.35,3498,0.05337202769362466,False,0.7092000159900635
89,joint_no_history,8,DE,node,0.05,1,0.5,4988,0.035540568895238565,True,0.6978999881539494
89,joint_no_history,8,DE,edge,0.05,0,1.0,5833,0.0,True,0.9562000050209463
89,joint_no_history,9,FR,node,0.05,0,0.35,5225,0.043669725082258894,True,0.8908000017981976
89,joint_no_history,9,FR,edge,0.05,0,1.0,13428,0.0,True,1.1760999914258718
89,joint_no_history,10,DE,node,0.2,0,0.15,1480,0.13917276869626735,True,0.7543000101577491
89,joint_no_history,10,DE,edge,0.2,0,0.25,407,0.21502189742995584,False,1.9155000045429915
89,joint_no_history,10,DE,edge,0.2,1,0.35,790,0.18389549830110125,True,1.6853999986778945
89,joint_no_history,11,FR,node,0.2,0,0.15,2220,0.11363408979874755,True,0.7819999882485718
89,joint_no_history,11,FR,edge,0.2,0,0.25,842,0.14949402972044418,True,2.2726000170223415
90,no_history,0,DE,node,0.2,0,0.15,1457,0.05133717256100026,True,1.0112000163644552
90,no_history,0,DE,edge,0.2,0,0.25,338,0.12773698238681172,True,2.4096000124700367
90,no_history,1,DE,node,0.2,0,0.15,1457,0.05133717256100026,True,0.6273000035434961
90,no_history,1,DE,edge,0.2,0,0.25,338,0.12773698238681172,True,1.6792000096756965
90,no_history,2,FR,node,0.05,0,0.15,2253,0.041283938828552726,True,0.8467000152450055
90,no_history,2,FR,edge,0.05,0,0.75,7571,0.026255975337824776,True,1.813299983041361
90,no_history,3,FR,node,0.05,0,0.15,2253,0.041283938828552726,True,2.340800012461841
90,no_history,3,FR,edge,0.05,0,0.75,7571,0.026255975337824776,True,2.718000003369525
90,no_history,4,FR,node,0.1,0,0.15,2253,0.041283938828552726,True,1.1076000228058547
90,no_history,4,FR,edge,0.1,0,0.35,1684,0.07657384158283898,True,2.660099999047816
90,no_history,5,FR,node,0.1,0,0.15,2253,0.041283938828552726,True,0.8733999857213348
90,no_history,5,FR,edge,0.1,0,0.35,1684,0.07657384158283898,True,1.96159997722134
90,no_history,6,FR,node,0.2,0,0.15,2253,0.041283938828552726,True,0.8672999974805862
90,no_history,6,FR,edge,0.2,0,0.25,867,0.07975638364112589,True,1.9190000020898879
90,no_history,7,FR,node,0.2,0,0.15,2253,0.041283938828552726,True,1.7460999952163547
90,no_history,7,FR,edge,0.2,0,0.25,867,0.07975638364112589,True,2.066399989416823
90,no_history,8,DE,node,0.05,0,0.15,1457,0.05133717256100026,False,0.665100000333041
90,no_history,8,DE,node,0.05,1,0.25,2436,0.0353951719219263,True,0.674600014463067
90,no_history,8,DE,edge,0.05,0,0.75,3329,0.03959568688625145,True,1.8103000184055418
90,no_history,9,FR,node,0.05,0,0.15,2253,0.041283938828552726,True,0.8662999898660928
90,no_history,9,FR,edge,0.05,0,0.75,7571,0.026255975337824776,True,2.0163999870419502
90,no_history,10,DE,node,0.2,0,0.15,1457,0.05133717256100026,True,0.8461000106763095
90,no_history,10,DE,edge,0.2,0,0.25,338,0.12773698238681172,True,2.677499986020848
90,no_history,11,DE,node,0.2,0,0.15,1457,0.05133717256100026,True,0.7904999947641045
90,no_history,11,DE,edge,0.2,0,0.25,338,0.12773698238681172,True,1.9789999932982028
90,joint_no_history,0,DE,node,0.2,0,0.15,1457,0.14026694847768129,True,0.7842000050004572
90,joint_no_history,0,DE,edge,0.2,0,0.25,338,0.23595084901103805,False,1.9150000007357448
90,joint_no_history,0,DE,edge,0.2,1,0.35,724,0.19209469024018494,True,1.8521000165492296
90,joint_no_history,1,DE,node,0.2,0,0.15,1457,0.14026694847768129,True,0.7311000081244856
90,joint_no_history,1,DE,edge,0.2,0,0.25,338,0.23595084901103805,False,2.2484000073745847
90,joint_no_history,1,DE,edge,0.2,1,0.35,724,0.19209469024018494,True,3.092700004344806
90,joint_no_history,2,FR,node,0.05,0,0.35,5219,0.04369482022373184,True,0.8740999910514802
90,joint_no_history,2,FR,edge,0.05,0,1.0,13428,0.0,True,1.0575000196695328
90,joint_no_history,3,FR,node,0.05,0,0.35,5219,0.04369482022373184,True,0.8516999951098114
90,joint_no_history,3,FR,edge,0.05,0,1.0,13428,0.0,True,1.1771999998018146
90,joint_no_history,4,FR,node,0.1,0,0.25,3752,0.06770336731679959,True,0.9960999886970967
90,joint_no_history,4,FR,edge,0.1,0,0.75,7571,0.04246627032011598,True,2.156500006094575
90,joint_no_history,5,FR,node,0.1,0,0.25,3752,0.06770336731679959,True,1.097600004868582
90,joint_no_history,5,FR,edge,0.1,0,0.75,7571,0.04246627032011598,True,2.2234999923966825
90,joint_no_history,6,FR,node,0.2,0,0.15,2253,0.11279881286293268,True,0.8955999801401049
90,joint_no_history,6,FR,edge,0.2,0,0.25,867,0.14732292937050512,True,2.09650001488626
90,joint_no_history,7,FR,node,0.2,0,0.15,2253,0.11279881286293268,True,0.9412000072188675
90,joint_no_history,7,FR,edge,0.2,0,0.25,867,0.14732292937050512,True,2.2745000023860484
90,joint_no_history,8,DE,node,0.05,0,0.35,3466,0.053617841441822085,False,0.8151999791152775
90,joint_no_history,8,DE,node,0.05,1,0.5,4980,0.03556910408160597,True,1.4502000121865422
90,joint_no_history,8,DE,edge,0.05,0,1.0,5833,0.0,True,1.0538999922573566
90,joint_no_history,9,FR,node,0.05,0,0.35,5219,0.04369482022373184,True,0.9377000096719712
90,joint_no_history,9,FR,edge,0.05,0,1.0,13428,0.0,True,1.1362999794073403
90,joint_no_history,10,DE,node,0.2,0,0.15,1457,0.14026694847768129,True,0.7884000078774989
90,joint_no_history,10,DE,edge,0.2,0,0.25,338,0.23595084901103805,False,1.9805999763775617
90,joint_no_history,10,DE,edge,0.2,1,0.35,724,0.19209469024018494,True,1.8968000076711178
90,joint_no_history,11,DE,node,0.2,0,0.15,1457,0.14026694847768129,True,0.7354999834205955
90,joint_no_history,11,DE,edge,0.2,0,0.25,338,0.23595084901103805,False,3.1199000077322125
90,joint_no_history,11,DE,edge,0.2,1,0.35,724,0.19209469024018494,True,2.8238000231795013
91,no_history,0,DE,node,0.2,0,0.15,1496,0.05066358585969175,True,0.6907999922987074
91,no_history,0,DE,edge,0.2,0,0.25,358,0.12411763426158072,True,1.7786999815143645
91,no_history,1,DE,node,0.2,0,0.15,1496,0.05066358585969175,True,0.6931000098120421
91,no_history,1,DE,edge,0.2,0,0.25,358,0.12411763426158072,True,1.7621000006329268
91,no_history,2,DE,node,0.05,0,0.15,1496,0.05066358585969175,False,0.6971000111661851
91,no_history,2,DE,node,0.05,1,0.25,2518,0.034814070562278296,True,0.6966000073589385
91,no_history,2,DE,edge,0.05,0,0.75,3354,0.039447841971186885,True,3.2860999926924706
91,no_history,3,DE,node,0.05,0,0.15,1496,0.05066358585969175,False,0.738300004741177
91,no_history,3,DE,node,0.05,1,0.25,2518,0.034814070562278296,True,0.6741999823134392
91,no_history,3,DE,edge,0.05,0,0.75,3354,0.039447841971186885,True,1.6728999908082187
91,no_history,4,FR,node,0.1,0,0.15,2250,0.04131145228634085,True,0.7894000154919922
91,no_history,4,FR,edge,0.1,0,0.35,1712,0.07594507212408834,True,1.8691000004764646
91,no_history,5,DE,node,0.1,0,0.15,1496,0.05066358585969175,True,0.7639999967068434
91,no_history,5,DE,edge,0.1,0,0.35,729,0.1163825088185928,False,1.8982999899890274
91,no_history,5,DE,edge,0.1,1,0.5,1483,0.06452075676834672,True,1.9193000043742359
91,no_history,6,DE,node,0.2,0,0.15,1496,0.05066358585969175,True,0.7526999979745597
91,no_history,6,DE,edge,0.2,0,0.25,358,0.12411763426158072,True,1.9103999948129058
91,no_history,7,DE,node,0.2,0,0.15,1496,0.05066358585969175,True,0.6818999827373773
91,no_history,7,DE,edge,0.2,0,0.25,358,0.12411763426158072,True,1.648900011787191
91,no_history,8,FR,node,0.05,0,0.15,2250,0.04131145228634085,True,0.8196999842766672
91,no_history,8,FR,edge,0.05,0,0.75,7742,0.02596439427573744,True,1.867000013589859
91,no_history,9,DE,node,0.05,0,0.15,1496,0.05066358585969175,False,0.767299992730841
91,no_history,9,DE,node,0.05,1,0.25,2518,0.034814070562278296,True,0.7579000084660947
91,no_history,9,DE,edge,0.05,0,0.75,3354,0.039447841971186885,True,2.8531000134535134
91,no_history,10,DE,node,0.2,0,0.15,1496,0.05066358585969175,True,0.7275999814737588
91,no_history,10,DE,edge,0.2,0,0.25,358,0.12411763426158072,True,1.9776999833993614
91,no_history,11,FR,node,0.2,0,0.15,2250,0.04131145228634085,True,0.9035000111907721
91,no_history,11,FR,edge,0.2,0,0.25,875,0.07939094582575566,True,2.21350000356324
91,joint_no_history,0,DE,node,0.2,0,0.15,1496,0.1384265286334558,True,0.68299999111332
91,joint_no_history,0,DE,edge,0.2,0,0.25,358,0.22926532813010223,False,1.6417999868281186
91,joint_no_history,0,DE,edge,0.2,1,0.35,729,0.19143479584670575,True,2.265499992063269
91,joint_no_history,1,DE,node,0.2,0,0.15,1496,0.1384265286334558,True,0.6707999855279922
91,joint_no_history,1,DE,edge,0.2,0,0.25,358,0.22926532813010223,False,1.9897999882232398
91,joint_no_history,1,DE,edge,0.2,1,0.35,729,0.19143479584670575,True,9.691399987787008
91,joint_no_history,2,DE,node,0.05,0,0.35,3483,0.05348683106932458,False,0.7671999919693917
91,joint_no_history,2,DE,node,0.05,1,0.5,4964,0.0356263812589353,True,0.7511000148952007
91,joint_no_history,2,DE,edge,0.05,0,1.0,5833,0.0,True,1.1335999879520386
91,joint_no_history,3,DE,node,0.05,0,0.35,3483,0.05348683106932458,False,1.0028999822679907
91,joint_no_history,3,DE,node,0.05,1,0.5,4964,0.0356263812589353,True,1.090999983716756
91,joint_no_history,3,DE,edge,0.05,0,1.0,5833,0.0,True,1.1249999806750566
91,joint_no_history,4,FR,node,0.1,0,0.25,3753,0.0676943468161511,True,0.8094999939203262
91,joint_no_history,4,FR,edge,0.1,0,0.75,7742,0.04199466871158655,True,3.345999983139336
91,joint_no_history,5,DE,node,0.1,0,0.25,2518,0.08264447428637046,True,1.2857000110670924
91,joint_no_history,5,DE,edge,0.1,0,0.75,3354,0.06380272296646759,True,4.476500005694106
91,joint_no_history,6,DE,node,0.2,0,0.15,1496,0.1384265286334558,True,1.270299981115386
91,joint_no_history,6,DE,edge,0.2,0,0.25,358,0.22926532813010223,False,3.7951999984215945
91,joint_no_history,6,DE,edge,0.2,1,0.35,729,0.19143479584670575,True,4.36619998072274
91,joint_no_history,7,DE,node,0.2,0,0.15,1496,0.1384265286334558,True,1.1519000108819455
91,joint_no_history,7,DE,edge,0.2,0,0.25,358,0.22926532813010223,False,3.6665000079665333
91,joint_no_history,7,DE,edge,0.2,1,0.35,729,0.19143479584670575,True,3.642099996795878
91,joint_no_history,8,FR,node,0.05,0,0.35,5267,0.04349526148608821,True,1.7094999784603715
91,joint_no_history,8,FR,edge,0.05,0,1.0,13428,0.0,True,2.329700015252456
91,joint_no_history,9,DE,node,0.05,0,0.35,3483,0.05348683106932458,False,1.0784000041894615
91,joint_no_history,9,DE,node,0.05,1,0.5,4964,0.0356263812589353,True,1.897599984658882
91,joint_no_history,9,DE,edge,0.05,0,1.0,5833,0.0,True,0.9990000107791275
91,joint_no_history,10,DE,node,0.2,0,0.15,1496,0.1384265286334558,True,0.613199983490631
91,joint_no_history,10,DE,edge,0.2,0,0.25,358,0.22926532813010223,False,1.7536999948788434
91,joint_no_history,10,DE,edge,0.2,1,0.35,729,0.19143479584670575,True,2.3428999993484467
91,joint_no_history,11,FR,node,0.2,0,0.15,2250,0.11287398702180215,True,1.030500017805025
91,joint_no_history,11,FR,edge,0.2,0,0.25,875,0.1466479066700609,True,1.711999997496605
92,joint_no_history,0,FR,node,0.2,0,0.15,2258,0.11267385568171122,True,0.916499993763864
92,joint_no_history,0,FR,edge,0.2,0,0.25,739,0.15957236265522975,True,2.1717000054195523
92,joint_no_history,1,DE,node,0.2,0,0.15,1495,0.13847281739202544,True,0.8916000078897923
92,joint_no_history,1,DE,edge,0.2,0,0.25,344,0.23388408642915923,False,3.285999991931021
92,joint_no_history,1,DE,edge,0.2,1,0.35,704,0.19480419909464602,True,3.3193999843206257
92,joint_no_history,2,DE,node,0.05,0,0.35,3525,0.05316723126609583,False,1.0179000091739
92,joint_no_history,2,DE,node,0.05,1,0.5,4949,0.03568033068349873,True,1.0563000105321407
92,joint_no_history,2,DE,edge,0.05,0,1.0,5833,0.0,True,1.4006999845150858
92,joint_no_history,3,DE,node,0.05,0,0.35,3525,0.05316723126609583,False,0.7787999929860234
92,joint_no_history,3,DE,node,0.05,1,0.5,4949,0.03568033068349873,True,0.7271000067703426
92,joint_no_history,3,DE,edge,0.05,0,1.0,5833,0.0,True,0.7742999878246337
92,joint_no_history,4,DE,node,0.1,0,0.25,2522,0.0825789094412334,True,0.7292999944183975
92,joint_no_history,4,DE,edge,0.1,0,0.75,3234,0.06497566533185692,True,1.7024999833665788
92,joint_no_history,5,FR,node,0.1,0,0.25,3701,0.06816824948348933,True,0.7309999782592058
92,joint_no_history,5,FR,edge,0.1,0,0.75,7374,0.043029785027356375,True,7.244799984619021
92,joint_no_history,6,FR,node,0.2,0,0.15,2258,0.11267385568171122,True,1.3634000206366181
92,joint_no_history,6,FR,edge,0.2,0,0.25,739,0.15957236265522975,True,2.417799987597391
92,joint_no_history,7,FR,node,0.2,0,0.15,2258,0.11267385568171122,True,0.9412000072188675
92,joint_no_history,7,FR,edge,0.2,0,0.25,739,0.15957236265522975,True,2.057700010482222
92,joint_no_history,8,FR,node,0.05,0,0.35,5227,0.043661369638753306,True,1.7013000033330172
92,joint_no_history,8,FR,edge,0.05,0,1.0,13428,0.0,True,1.5184000076260418
92,joint_no_history,9,DE,node,0.05,0,0.35,3525,0.05316723126609583,False,0.7616999791935086
92,joint_no_history,9,DE,node,0.05,1,0.5,4949,0.03568033068349873,True,0.814300001366064
92,joint_no_history,9,DE,edge,0.05,0,1.0,5833,0.0,True,1.643700001295656
92,joint_no_history,10,DE,node,0.2,0,0.15,1495,0.13847281739202544,True,0.6953999982215464
92,joint_no_history,10,DE,edge,0.2,0,0.25,344,0.23388408642915923,False,2.39869998767972
92,joint_no_history,10,DE,edge,0.2,1,0.35,704,0.19480419909464602,True,2.7129999944008887
92,joint_no_history,11,FR,node,0.2,0,0.15,2258,0.11267385568171122,True,0.9548999951221049
92,joint_no_history,11,FR,edge,0.2,0,0.25,739,0.15957236265522975,True,2.092399983666837
92,no_history,0,FR,node,0.2,0,0.15,2258,0.041238204972895896,True,0.8651999814901501
92,no_history,0,FR,edge,0.2,0,0.25,739,0.08638787342087276,True,1.9055000157095492
92,no_history,1,DE,node,0.2,0,0.15,1495,0.05068052737023371,True,0.7573000038973987
92,no_history,1,DE,edge,0.2,0,0.25,344,0.1266180967518343,True,2.5110999995376915
92,no_history,2,DE,node,0.05,0,0.15,1495,0.05068052737023371,False,0.7806000066921115
92,no_history,2,DE,node,0.05,1,0.25,2522,0.03478645130322055,True,0.7677999965380877
92,no_history,2,DE,edge,0.05,0,0.75,3234,0.04017304683580539,True,1.9579000072553754
92,no_history,3,DE,node,0.05,0,0.15,1495,0.05068052737023371,False,0.6400999845936894
92,no_history,3,DE,node,0.05,1,0.25,2522,0.03478645130322055,True,0.6235000037122518
92,no_history,3,DE,edge,0.05,0,0.75,3234,0.04017304683580539,True,1.634100015508011
92,no_history,4,DE,node,0.1,0,0.15,1495,0.05068052737023371,True,0.6242000090423971
92,no_history,4,DE,edge,0.1,0,0.35,704,0.1184309326773923,False,1.714100013487041
92,no_history,4,DE,edge,0.1,1,0.5,1445,0.06536362121671789,True,1.6881999908946455
92,no_history,5,FR,node,0.1,0,0.15,2258,0.041238204972895896,True,0.8576999825891107
92,no_history,5,FR,edge,0.1,0,0.35,1524,0.0804931633915925,True,3.0584000051021576
92,no_history,6,FR,node,0.2,0,0.15,2258,0.041238204972895896,True,0.7710999925620854
92,no_history,6,FR,edge,0.2,0,0.25,739,0.08638787342087276,True,2.45049997465685
92,no_history,7,FR,node,0.2,0,0.15,2258,0.041238204972895896,True,0.9414000087417662
92,no_history,7,FR,edge,0.2,0,0.25,739,0.08638787342087276,True,2.136900002369657
92,no_history,8,FR,node,0.05,0,0.15,2258,0.041238204972895896,True,0.8810999861452729
92,no_history,8,FR,edge,0.05,0,0.75,7374,0.02660438427847989,True,3.1200999801512808
92,no_history,9,DE,node,0.05,0,0.15,1495,0.05068052737023371,False,0.6073999975342304
92,no_history,9,DE,node,0.05,1,0.25,2522,0.03478645130322055,True,0.600200000917539
92,no_history,9,DE,edge,0.05,0,0.75,3234,0.04017304683580539,True,1.8471000075805932
92,no_history,10,DE,node,0.2,0,0.15,1495,0.05068052737023371,True,0.8883999835234135
92,no_history,10,DE,edge,0.2,0,0.25,344,0.1266180967518343,True,1.5860999992582947
92,no_history,11,FR,node,0.2,0,0.15,2258,0.041238204972895896,True,0.7239000115077943
92,no_history,11,FR,edge,0.2,0,0.25,739,0.08638787342087276,True,3.4082999918609858
93,no_history,0,FR,node,0.2,0,0.15,2204,0.041740334648050624,True,1.0093000018969178
93,no_history,0,FR,edge,0.2,0,0.25,807,0.0826681530991664,True,2.011600008700043
93,no_history,1,DE,node,0.2,0,0.15,1457,0.05133717256100026,True,0.7007999811321497
93,no_history,1,DE,edge,0.2,0,0.25,328,0.1296695729657055,True,2.94690000009723
93,no_history,2,DE,node,0.05,0,0.15,1457,0.05133717256100026,False,0.7612000044900924
93,no_history,2,DE,node,0.05,1,0.25,2406,0.03561515646306694,True,0.7255999953486025
93,no_history,2,DE,edge,0.05,0,0.75,3348,0.039483173677303245,True,2.7148999797645956
93,no_history,3,FR,node,0.05,0,0.15,2204,0.041740334648050624,True,0.897399993846193
93,no_history,3,FR,edge,0.05,0,0.75,7643,0.026132012007715835,True,2.757000009296462
93,no_history,4,FR,node,0.1,0,0.15,2204,0.041740334648050624,True,0.7544000109191984
93,no_history,4,FR,edge,0.1,0,0.35,1623,0.07799957191236487,True,3.4420999872963876
93,no_history,5,FR,node,0.1,0,0.15,2204,0.041740334648050624,True,0.9371999767608941
93,no_history,5,FR,edge,0.1,0,0.35,1623,0.07799957191236487,True,2.0164000161457807
93,no_history,6,FR,node,0.2,0,0.15,2204,0.041740334648050624,True,0.8268000092357397
93,no_history,6,FR,edge,0.2,0,0.25,807,0.0826681530991664,True,1.9206000142730772
93,no_history,7,FR,node,0.2,0,0.15,2204,0.041740334648050624,True,0.8117000106722116
93,no_history,7,FR,edge,0.2,0,0.25,807,0.0826681530991664,True,2.187999984016642
93,no_history,8,DE,node,0.05,0,0.15,1457,0.05133717256100026,False,1.4260000025387853
93,no_history,8,DE,node,0.05,1,0.25,2406,0.03561515646306694,True,1.1730999976862222
93,no_history,8,DE,edge,0.05,0,0.75,3348,0.039483173677303245,True,2.195900015067309
93,no_history,9,FR,node,0.05,0,0.15,2204,0.041740334648050624,True,0.7619999814778566
93,no_history,9,FR,edge,0.05,0,0.75,7643,0.026132012007715835,True,1.9823999900836498
93,no_history,10,DE,node,0.2,0,0.15,1457,0.05133717256100026,True,0.7174000202212483
93,no_history,10,DE,edge,0.2,0,0.25,328,0.1296695729657055,True,1.74529998912476
93,no_history,11,FR,node,0.2,0,0.15,2204,0.041740334648050624,True,0.7888999825809151
93,no_history,11,FR,edge,0.2,0,0.25,807,0.0826681530991664,True,2.52320000436157
93,joint_no_history,0,FR,node,0.2,0,0.15,2204,0.11404580886418059,True,0.8092999923974276
93,joint_no_history,0,FR,edge,0.2,0,0.25,807,0.1527014381070635,True,1.8622999778017402
93,joint_no_history,1,DE,node,0.2,0,0.15,1457,0.14026694847768129,True,0.8710999973118305
93,joint_no_history,1,DE,edge,0.2,0,0.25,328,0.23952065612061796,False,1.8982000183314085
93,joint_no_history,1,DE,edge,0.2,1,0.35,682,0.1979212642015235,True,1.7062999831978232
93,joint_no_history,2,DE,node,0.05,0,0.35,3440,0.053820085577425895,False,0.5598000134341419
93,joint_no_history,2,DE,node,0.05,1,0.5,4921,0.03578169546353725,True,0.5833999894093722
93,joint_no_history,2,DE,edge,0.05,0,1.0,5833,0.0,True,0.9876000112853944
93,joint_no_history,3,FR,node,0.05,0,0.35,5247,0.04357807812902444,True,0.8453000045847148
93,joint_no_history,3,FR,edge,0.05,0,1.0,13428,0.0,True,0.9481000015512109
93,joint_no_history,4,FR,node,0.1,0,0.25,3720,0.06799394104394552,True,0.9926999919116497
93,joint_no_history,4,FR,edge,0.1,0,0.75,7643,0.04226577271077354,True,2.3788000107742846
93,joint_no_history,5,FR,node,0.1,0,0.25,3720,0.06799394104394552,True,0.7452999998349696
93,joint_no_history,5,FR,edge,0.1,0,0.75,7643,0.04226577271077354,True,1.750499999616295
93,joint_no_history,6,FR,node,0.2,0,0.15,2204,0.11404580886418059,True,0.9343999845441431
93,joint_no_history,6,FR,edge,0.2,0,0.25,807,0.1527014381070635,True,3.70550001389347
93,joint_no_history,7,FR,node,0.2,0,0.15,2204,0.11404580886418059,True,0.9820999985095114
93,joint_no_history,7,FR,edge,0.2,0,0.25,807,0.1527014381070635,True,2.075600001262501
93,joint_no_history,8,DE,node,0.05,0,0.35,3440,0.053820085577425895,False,0.7116000051610172
93,joint_no_history,8,DE,node,0.05,1,0.5,4921,0.03578169546353725,True,0.6802999996580184
93,joint_no_history,8,DE,edge,0.05,0,1.0,5833,0.0,True,0.8994000090751797
93,joint_no_history,9,FR,node,0.05,0,0.35,5247,0.04357807812902444,True,0.8641000022180378
93,joint_no_history,9,FR,edge,0.05,0,1.0,13428,0.0,True,1.055800006724894
93,joint_no_history,10,DE,node,0.2,0,0.15,1457,0.14026694847768129,True,0.8437999931629747
93,joint_no_history,10,DE,edge,0.2,0,0.25,328,0.23952065612061796,False,1.8321000097785145
93,joint_no_history,10,DE,edge,0.2,1,0.35,682,0.1979212642015235,True,1.6903000068850815
93,joint_no_history,11,FR,node,0.2,0,0.15,2204,0.11404580886418059,True,0.8802000083960593
93,joint_no_history,11,FR,edge,0.2,0,0.25,807,0.1527014381070635,True,1.8939999863505363
94,joint_no_history,0,FR,node,0.2,0,0.15,2150,0.11546913033349912,True,1.0181000106967986
94,joint_no_history,0,FR,edge,0.2,0,0.25,771,0.15622578137337792,True,3.2183000002987683
94,joint_no_history,1,DE,node,0.2,0,0.15,1452,0.1405082473804236,True,0.7689000049140304
94,joint_no_history,1,DE,edge,0.2,0,0.25,373,0.22460813337322608,False,2.064300002530217
94,joint_no_history,1,DE,edge,0.2,1,0.35,718,0.19289564447262664,True,2.7868000033777207
94,joint_no_history,2,FR,node,0.05,0,0.35,5084,0.04427115314447787,True,0.7396000146400183
94,joint_no_history,2,FR,edge,0.05,0,1.0,13428,0.0,True,0.9968000231310725
94,joint_no_history,3,DE,node,0.05,0,0.35,3443,0.053796632855456425,False,0.7831000257283449
94,joint_no_history,3,DE,node,0.05,1,0.5,4941,0.035709204109776224,True,0.7739999855402857
94,joint_no_history,3,DE,edge,0.05,0,1.0,5833,0.0,True,0.9556000004522502
94,joint_no_history,4,FR,node,0.1,0,0.25,3590,0.06921408149979358,True,1.6509999986737967
94,joint_no_history,4,FR,edge,0.1,0,0.75,7580,0.04244105198574322,True,1.9767000048886985
94,joint_no_history,5,FR,node,0.1,0,0.25,3590,0.06921408149979358,True,0.7968999852892011
94,joint_no_history,5,FR,edge,0.1,0,0.75,7580,0.04244105198574322,True,2.083999977912754
94,joint_no_history,6,FR,node,0.2,0,0.15,2150,0.11546913033349912,True,0.8719000034034252
94,joint_no_history,6,FR,edge,0.2,0,0.25,771,0.15622578137337792,True,2.4249999842140824
94,joint_no_history,7,FR,node,0.2,0,0.15,2150,0.11546913033349912,True,0.9089000232052058
94,joint_no_history,7,FR,edge,0.2,0,0.25,771,0.15622578137337792,True,3.02100001135841
94,joint_no_history,8,FR,node,0.05,0,0.35,5084,0.04427115314447787,True,0.8094999939203262
94,joint_no_history,8,FR,edge,0.05,0,1.0,13428,0.0,True,1.0347999923396856
94,joint_no_history,9,DE,node,0.05,0,0.35,3443,0.053796632855456425,False,0.7573000038973987
94,joint_no_history,9,DE,node,0.05,1,0.5,4941,0.035709204109776224,True,0.6927000067662448
94,joint_no_history,9,DE,edge,0.05,0,1.0,5833,0.0,True,0.8581000147387385
94,joint_no_history,10,FR,node,0.2,0,0.15,2150,0.11546913033349912,True,0.7921000069472939
94,joint_no_history,10,FR,edge,0.2,0,0.25,771,0.15622578137337792,True,2.295599988428876
94,joint_no_history,11,FR,node,0.2,0,0.15,2150,0.11546913033349912,True,1.695900020422414
94,joint_no_history,11,FR,edge,0.2,0,0.25,771,0.15622578137337792,True,2.24760000128299
94,no_history,0,FR,node,0.2,0,0.15,2150,0.042261264921883514,True,0.9171999990940094
94,no_history,0,FR,edge,0.2,0,0.25,771,0.08457613086496467,True,1.9975999894086272
94,no_history,1,DE,node,0.2,0,0.15,1452,0.05142548704665284,True,0.7342000026255846
94,no_history,1,DE,edge,0.2,0,0.25,373,0.12159636338196964,True,3.117699990980327
94,no_history,2,FR,node,0.05,0,0.15,2150,0.042261264921883514,True,0.8349000127054751
94,no_history,2,FR,edge,0.05,0,0.75,7580,0.026240383387781573,True,1.8566000217106193
94,no_history,3,DE,node,0.05,0,0.15,1452,0.05142548704665284,False,0.6983999919611961
94,no_history,3,DE,node,0.05,1,0.25,2462,0.03520778016143795,True,0.6673000170849264
94,no_history,3,DE,edge,0.05,0,0.75,3313,0.039691184611660595,True,1.5933999966364354
94,no_history,4,FR,node,0.1,0,0.15,2150,0.042261264921883514,True,0.7631999906152487
94,no_history,4,FR,edge,0.1,0,0.35,1512,0.08081194944465707,True,2.285700000356883
94,no_history,5,FR,node,0.1,0,0.15,2150,0.042261264921883514,True,1.5380000113509595
94,no_history,5,FR,edge,0.1,0,0.35,1512,0.08081194944465707,True,2.3360000050161034
94,no_history,6,FR,node,0.2,0,0.15,2150,0.042261264921883514,True,1.0341000161133707
94,no_history,6,FR,edge,0.2,0,0.25,771,0.08457613086496467,True,1.8413999932818115
94,no_history,7,FR,node,0.2,0,0.15,2150,0.042261264921883514,True,0.8031000033952296
94,no_history,7,FR,edge,0.2,0,0.25,771,0.08457613086496467,True,2.002300025196746
94,no_history,8,FR,node,0.05,0,0.15,2150,0.042261264921883514,True,0.8333000005222857
94,no_history,8,FR,edge,0.05,0,0.75,7580,0.026240383387781573,True,3.718600026331842
94,no_history,9,DE,node,0.05,0,0.15,1452,0.05142548704665284,False,0.6873999955132604
94,no_history,9,DE,node,0.05,1,0.25,2462,0.03520778016143795,True,0.6522999901790172
94,no_history,9,DE,edge,0.05,0,0.75,3313,0.039691184611660595,True,2.057299978332594
94,no_history,10,FR,node,0.2,0,0.15,2150,0.042261264921883514,True,0.8384000102523714
94,no_history,10,FR,edge,0.2,0,0.25,771,0.08457613086496467,True,2.007000002777204
94,no_history,11,FR,node,0.2,0,0.15,2150,0.042261264921883514,True,1.0125999979209155
94,no_history,11,FR,edge,0.2,0,0.25,771,0.08457613086496467,True,2.283300011185929
95,joint_no_history,0,FR,node,0.2,0,0.15,2227,0.11345535951654695,True,0.7668000180274248
95,joint_no_history,0,FR,edge,0.2,0,0.25,806,0.15279613668243372,True,1.6503000224474818
95,joint_no_history,1,FR,node,0.2,0,0.15,2227,0.11345535951654695,True,0.847299990709871
95,joint_no_history,1,FR,edge,0.2,0,0.25,806,0.15279613668243372,True,1.7529000178910792
95,joint_no_history,2,FR,node,0.05,0,0.35,5163,0.04393114703259337,True,0.8884999842848629
95,joint_no_history,2,FR,edge,0.05,0,1.0,13428,0.0,True,1.1971999774686992
95,joint_no_history,3,FR,node,0.05,0,0.35,5163,0.04393114703259337,True,0.9796000085771084
95,joint_no_history,3,FR,edge,0.05,0,1.0,13428,0.0,True,1.101000001654029
95,joint_no_history,4,FR,node,0.1,0,0.25,3662,0.06853028127031063,True,0.9185000089928508
95,joint_no_history,4,FR,edge,0.1,0,0.75,7453,0.04280112481282571,True,2.841099980287254
95,joint_no_history,5,DE,node,0.1,0,0.25,2447,0.08383487084673477,True,0.6788000173401088
95,joint_no_history,5,DE,edge,0.1,0,0.75,3235,0.06496562194894943,True,1.7672000103630126
95,joint_no_history,6,FR,node,0.2,0,0.15,2227,0.11345535951654695,True,0.8496000082232058
95,joint_no_history,6,FR,edge,0.2,0,0.25,806,0.15279613668243372,True,4.4064999965485185
95,joint_no_history,7,DE,node,0.2,0,0.15,1484,0.1389850777562541,True,0.7339000003412366
95,joint_no_history,7,DE,edge,0.2,0,0.25,369,0.2258222402361868,False,1.8069999932777137
95,joint_no_history,7,DE,edge,0.2,1,0.35,733,0.19091174897892277,True,2.001100016059354
95,joint_no_history,8,DE,node,0.05,0,0.35,3442,0.05380444702251855,False,0.6157000025268644
95,joint_no_history,8,DE,node,0.05,1,0.5,4893,0.03588392908749019,True,0.5933000065851957
95,joint_no_history,8,DE,edge,0.05,0,1.0,5833,0.0,True,0.7974999898578972
95,joint_no_history,9,DE,node,0.05,0,0.35,3442,0.05380444702251855,False,0.6189999985508621
95,joint_no_history,9,DE,node,0.05,1,0.5,4893,0.03588392908749019,True,0.6923000037204474
95,joint_no_history,9,DE,edge,0.05,0,1.0,5833,0.0,True,0.8427000138908625
95,joint_no_history,10,DE,node,0.2,0,0.15,1484,0.1389850777562541,True,1.2906999909318984
95,joint_no_history,10,DE,edge,0.2,0,0.25,369,0.2258222402361868,False,1.9879000028595328
95,joint_no_history,10,DE,edge,0.2,1,0.35,733,0.19091174897892277,True,1.6509999986737967
95,joint_no_history,11,FR,node,0.2,0,0.15,2227,0.11345535951654695,True,1.0809999948833138
95,joint_no_history,11,FR,edge,0.2,0,0.25,806,0.15279613668243372,True,2.0198999845888466
95,no_history,0,FR,node,0.2,0,0.15,2227,0.0415242324202844,True,1.3992000021971762
95,no_history,0,FR,edge,0.2,0,0.25,806,0.08271942017578351,True,3.205999993951991
95,no_history,1,FR,node,0.2,0,0.15,2227,0.0415242324202844,True,0.8656000136397779
95,no_history,1,FR,edge,0.2,0,0.25,806,0.08271942017578351,True,1.812900009099394
95,no_history,2,FR,node,0.05,0,0.15,2227,0.0415242324202844,True,0.9658000199124217
95,no_history,2,FR,edge,0.05,0,0.75,7453,0.026463008619440318,True,2.0146000024396926
95,no_history,3,FR,node,0.05,0,0.15,2227,0.0415242324202844,True,0.7398999878205359
95,no_history,3,FR,edge,0.05,0,0.75,7453,0.026463008619440318,True,2.603500004624948
95,no_history,4,FR,node,0.1,0,0.15,2227,0.0415242324202844,True,1.7961000266950577
95,no_history,4,FR,edge,0.1,0,0.35,1627,0.07790363144319817,True,2.3193000233732164
95,no_history,5,DE,node,0.1,0,0.15,1484,0.05086801272583587,True,0.7598000229336321
95,no_history,5,DE,edge,0.1,0,0.35,733,0.11606452322755616,False,1.9712000212166458
95,no_history,5,DE,edge,0.1,1,0.5,1413,0.06609961762998398,True,1.7843999958131462
95,no_history,6,FR,node,0.2,0,0.15,2227,0.0415242324202844,True,0.8342000073753297
95,no_history,6,FR,edge,0.2,0,0.25,806,0.08271942017578351,True,1.8305999983567744
95,no_history,7,DE,node,0.2,0,0.15,1484,0.05086801272583587,True,0.7319999858736992
95,no_history,7,DE,edge,0.2,0,0.25,369,0.12225364581015224,True,3.8471000152640045
95,no_history,8,DE,node,0.05,0,0.15,1484,0.05086801272583587,False,0.8531000057701021
95,no_history,8,DE,node,0.05,1,0.25,2447,0.03531552634873552,True,0.9253999742213637
95,no_history,8,DE,edge,0.05,0,0.75,3235,0.04016683722964173,True,1.9739000126719475
95,no_history,9,DE,node,0.05,0,0.15,1484,0.05086801272583587,False,0.6050000083632767
95,no_history,9,DE,node,0.05,1,0.25,2447,0.03531552634873552,True,0.5975000094622374
95,no_history,9,DE,edge,0.05,0,0.75,3235,0.04016683722964173,True,1.7718000162858516
95,no_history,10,DE,node,0.2,0,0.15,1484,0.05086801272583587,True,0.612899981206283
95,no_history,10,DE,edge,0.2,0,0.25,369,0.12225364581015224,True,2.3392000002786517
95,no_history,11,FR,node,0.2,0,0.15,2227,0.0415242324202844,True,0.8926999871619046
95,no_history,11,FR,edge,0.2,0,0.25,806,0.08271942017578351,True,1.9899999897461385
96,no_history,0,FR,node,0.2,0,0.15,2242,0.041385091297166346,True,1.124700007494539
96,no_history,0,FR,edge,0.2,0,0.25,869,0.0796645512748731,True,2.5824000185821205
96,no_history,1,DE,node,0.2,0,0.15,1511,0.0504114848466498,True,0.9070000087376684
96,no_history,1,DE,edge,0.2,0,0.25,381,0.12031298852545123,True,2.67869999515824
96,no_history,2,DE,node,0.05,0,0.15,1511,0.0504114848466498,False,0.5729999975301325
96,no_history,2,DE,node,0.05,1,0.25,2537,0.034683461484869844,True,0.598300015553832
96,no_history,2,DE,edge,0.05,0,0.75,3284,0.03986604977334893,True,1.9153000030200928
96,no_history,3,DE,node,0.05,0,0.15,1511,0.0504114848466498,False,0.8606999763287604
96,no_history,3,DE,node,0.05,1,0.25,2537,0.034683461484869844,True,1.117300009354949
96,no_history,3,DE,edge,0.05,0,0.75,3284,0.03986604977334893,True,2.397700009169057
96,no_history,4,FR,node,0.1,0,0.15,2242,0.041385091297166346,True,1.128400006564334
96,no_history,4,FR,edge,0.1,0,0.35,1706,0.07607850427169816,True,3.800399979809299
96,no_history,5,FR,node,0.1,0,0.15,2242,0.041385091297166346,True,1.4956999802961946
96,no_history,5,FR,edge,0.1,0,0.35,1706,0.07607850427169816,True,4.938899975968525
96,no_history,6,DE,node,0.2,0,0.15,1511,0.0504114848466498,True,0.602699990849942
96,no_history,6,DE,edge,0.2,0,0.25,381,0.12031298852545123,True,1.9743000157177448
96,no_history,7,DE,node,0.2,0,0.15,1511,0.0504114848466498,True,0.7616000075358897
96,no_history,7,DE,edge,0.2,0,0.25,381,0.12031298852545123,True,1.6986000118777156
96,no_history,8,FR,node,0.05,0,0.15,2242,0.041385091297166346,True,0.805300020147115
96,no_history,8,FR,edge,0.05,0,0.75,7626,0.026161122740776848,True,3.278299991507083
96,no_history,9,DE,node,0.05,0,0.15,1511,0.0504114848466498,False,0.9182999783661216
96,no_history,9,DE,node,0.05,1,0.25,2537,0.034683461484869844,True,0.8858000219333917
96,no_history,9,DE,edge,0.05,0,0.75,3284,0.03986604977334893,True,2.223099989350885
96,no_history,10,DE,node,0.2,0,0.15,1511,0.0504114848466498,True,1.4306999801192433
96,no_history,10,DE,edge,0.2,0,0.25,381,0.12031298852545123,True,2.2004999918863177
96,no_history,11,DE,node,0.2,0,0.15,1511,0.0504114848466498,True,0.8153000089805573
96,no_history,11,DE,edge,0.2,0,0.25,381,0.12031298852545123,True,1.8397000094410032
96,joint_no_history,0,FR,node,0.2,0,0.15,2242,0.1130751885843762,True,0.7893000147305429
96,joint_no_history,0,FR,edge,0.2,0,0.25,869,0.1471533001497488,True,1.913299987791106
96,joint_no_history,1,DE,node,0.2,0,0.15,1511,0.1377377209324569,True,0.6627000111620873
96,joint_no_history,1,DE,edge,0.2,0,0.25,381,0.22223753261738577,False,3.9921000134199858
96,joint_no_history,1,DE,edge,0.2,1,0.35,706,0.19452807677429107,True,2.0400999928824604
96,joint_no_history,2,DE,node,0.05,0,0.35,3446,0.053773210766171725,False,0.6375999946612865
96,joint_no_history,2,DE,node,0.05,1,0.5,4943,0.035701979182214204,True,0.6263999966904521
96,joint_no_history,2,DE,edge,0.05,0,1.0,5833,0.0,True,0.9625999955460429
96,joint_no_history,3,DE,node,0.05,0,0.35,3446,0.053773210766171725,False,0.6021999870426953
96,joint_no_history,3,DE,node,0.05,1,0.5,4943,0.035701979182214204,True,0.603299995418638
96,joint_no_history,3,DE,edge,0.05,0,1.0,5833,0.0,True,0.9342000121250749
96,joint_no_history,4,FR,node,0.1,0,0.25,3792,0.06734533536591752,True,0.9572000126354396
96,joint_no_history,4,FR,edge,0.1,0,0.75,7626,0.04231285625055752,True,1.8247999832965434
96,joint_no_history,5,FR,node,0.1,0,0.25,3792,0.06734533536591752,True,1.4990000054240227
96,joint_no_history,5,FR,edge,0.1,0,0.75,7626,0.04231285625055752,True,2.0592999935615808
96,joint_no_history,6,DE,node,0.2,0,0.15,1511,0.1377377209324569,True,0.6578000029549003
96,joint_no_history,6,DE,edge,0.2,0,0.25,381,0.22223753261738577,False,1.9329999922774732
96,joint_no_history,6,DE,edge,0.2,1,0.35,706,0.19452807677429107,True,1.9740999850910157
96,joint_no_history,7,DE,node,0.2,0,0.15,1511,0.1377377209324569,True,0.7551999879069626
96,joint_no_history,7,DE,edge,0.2,0,0.25,381,0.22223753261738577,False,2.4704000097699463
96,joint_no_history,7,DE,edge,0.2,1,0.35,706,0.19452807677429107,True,3.0769000004511327
96,joint_no_history,8,FR,node,0.05,0,0.35,5350,0.0431565495051552,True,0.8742999925743788
96,joint_no_history,8,FR,edge,0.05,0,1.0,13428,0.0,True,1.465399982407689
96,joint_no_history,9,DE,node,0.05,0,0.35,3446,0.053773210766171725,False,0.8603000023867935
96,joint_no_history,9,DE,node,0.05,1,0.5,4943,0.035701979182214204,True,0.7695000094827265
96,joint_no_history,9,DE,edge,0.05,0,1.0,5833,0.0,True,0.996199989458546
96,joint_no_history,10,DE,node,0.2,0,0.15,1511,0.1377377209324569,True,0.6418999982997775
96,joint_no_history,10,DE,edge,0.2,0,0.25,381,0.22223753261738577,False,1.6051999991759658
96,joint_no_history,10,DE,edge,0.2,1,0.35,706,0.19452807677429107,True,2.1155999857001007
96,joint_no_history,11,DE,node,0.2,0,0.15,1511,0.1377377209324569,True,1.0495000169612467
96,joint_no_history,11,DE,edge,0.2,0,0.25,381,0.22223753261738577,False,3.01799998851493
96,joint_no_history,11,DE,edge,0.2,1,0.35,706,0.19452807677429107,True,1.7683999903965741
97,joint_no_history,0,DE,node,0.2,0,0.15,1450,0.14060511622845565,True,0.6949999951757491
97,joint_no_history,0,DE,edge,0.2,0,0.25,396,0.21798785681342708,False,1.7542000277899206
97,joint_no_history,0,DE,edge,0.2,1,0.35,761,0.18736666005481728,True,1.62980001186952
97,joint_no_history,1,DE,node,0.2,0,0.15,1450,0.14060511622845565,True,0.8328000258188695
97,joint_no_history,1,DE,edge,0.2,0,0.25,396,0.21798785681342708,False,2.406999992672354
97,joint_no_history,1,DE,edge,0.2,1,0.35,761,0.18736666005481728,True,1.8847999745048583
97,joint_no_history,2,FR,node,0.05,0,0.35,5269,0.04348700576588742,True,0.8692000119481236
97,joint_no_history,2,FR,edge,0.05,0,1.0,13428,0.0,True,0.9309999877586961
97,joint_no_history,3,DE,node,0.05,0,0.35,3408,0.0540721716667567,False,0.8040000102482736
97,joint_no_history,3,DE,node,0.05,1,0.5,4948,0.03568393603193248,True,0.8833000028971583
97,joint_no_history,3,DE,edge,0.05,0,1.0,5833,0.0,True,0.9176000021398067
97,joint_no_history,4,DE,node,0.1,0,0.25,2447,0.08383487084673477,True,0.6490999949164689
97,joint_no_history,4,DE,edge,0.1,0,0.75,3355,0.06379321365529375,True,1.8276000046171248
97,joint_no_history,5,FR,node,0.1,0,0.25,3688,0.06828828848513702,True,1.1684999917633832
97,joint_no_history,5,FR,edge,0.1,0,0.75,7378,0.04301811909653947,True,2.0275000133551657
97,joint_no_history,6,FR,node,0.2,0,0.15,2207,0.1139682706282273,True,0.8827999990899116
97,joint_no_history,6,FR,edge,0.2,0,0.25,864,0.1475784767080472,True,1.8665000097826123
97,joint_no_history,7,DE,node,0.2,0,0.15,1450,0.14060511622845565,True,0.7033000001683831
97,joint_no_history,7,DE,edge,0.2,0,0.25,396,0.21798785681342708,False,2.1367000008467585
97,joint_no_history,7,DE,edge,0.2,1,0.35,761,0.18736666005481728,True,2.043399988906458
97,joint_no_history,8,DE,node,0.05,0,0.35,3408,0.0540721716667567,False,1.5481000009458512
97,joint_no_history,8,DE,node,0.05,1,0.5,4948,0.03568393603193248,True,0.8463000121992081
97,joint_no_history,8,DE,edge,0.05,0,1.0,5833,0.0,True,1.0572000173851848
97,joint_no_history,9,FR,node,0.05,0,0.35,5269,0.04348700576588742,True,0.9698999929241836
97,joint_no_history,9,FR,edge,0.05,0,1.0,13428,0.0,True,1.3605999993160367
97,joint_no_history,10,FR,node,0.2,0,0.15,2207,0.1139682706282273,True,0.9144000068772584
97,joint_no_history,10,FR,edge,0.2,0,0.25,864,0.1475784767080472,True,1.8911999941337854
97,joint_no_history,11,DE,node,0.2,0,0.15,1450,0.14060511622845565,True,0.7234000077005476
97,joint_no_history,11,DE,edge,0.2,0,0.25,396,0.21798785681342708,False,4.203599994070828
97,joint_no_history,11,DE,edge,0.2,1,0.35,761,0.18736666005481728,True,2.1023000008426607
97,no_history,0,DE,node,0.2,0,0.15,1450,0.051460940678610886,True,0.7770000083837658
97,no_history,0,DE,edge,0.2,0,0.25,396,0.11801233664987976,True,1.9014000135939568
97,no_history,1,DE,node,0.2,0,0.15,1450,0.051460940678610886,True,0.7471000135410577
97,no_history,1,DE,edge,0.2,0,0.25,396,0.11801233664987976,True,1.9323999877087772
97,no_history,2,FR,node,0.05,0,0.15,2207,0.04171195594699231,True,0.9213000012096018
97,no_history,2,FR,edge,0.05,0,0.75,7378,0.026597171486079884,True,3.3007000165525824
97,no_history,3,DE,node,0.05,0,0.15,1450,0.051460940678610886,False,0.7860999903641641
97,no_history,3,DE,node,0.05,1,0.25,2447,0.03531552634873552,True,0.7631999906152487
97,no_history,3,DE,edge,0.05,0,0.75,3355,0.039441962570010904,True,2.033899974776432
97,no_history,4,DE,node,0.1,0,0.15,1450,0.051460940678610886,True,0.6893000099807978
97,no_history,4,DE,edge,0.1,0,0.35,761,0.11390929151459846,False,1.7825000104494393
97,no_history,4,DE,edge,0.1,1,0.5,1500,0.06415409731795736,True,1.7868999857455492
97,no_history,5,FR,node,0.1,0,0.15,2207,0.04171195594699231,True,0.8505000150762498
97,no_history,5,FR,edge,0.1,0,0.35,1711,0.07596726206528477,True,3.025800018804148
97,no_history,6,FR,node,0.2,0,0.15,2207,0.04171195594699231,True,0.752199994167313
97,no_history,6,FR,edge,0.2,0,0.25,864,0.07989472959703758,True,2.5516999885439873
97,no_history,7,DE,node,0.2,0,0.15,1450,0.051460940678610886,True,1.0724000167101622
97,no_history,7,DE,edge,0.2,0,0.25,396,0.11801233664987976,True,1.8763999978546053
97,no_history,8,DE,node,0.05,0,0.15,1450,0.051460940678610886,False,0.74380001751706
97,no_history,8,DE,node,0.05,1,0.25,2447,0.03531552634873552,True,0.5957999965175986
97,no_history,8,DE,edge,0.05,0,0.75,3355,0.039441962570010904,True,1.5755999775137752
97,no_history,9,FR,node,0.05,0,0.15,2207,0.04171195594699231,True,1.6516999749001116
97,no_history,9,FR,edge,0.05,0,0.75,7378,0.026597171486079884,True,2.2077999892644584
97,no_history,10,FR,node,0.2,0,0.15,2207,0.04171195594699231,True,0.8550999918952584
97,no_history,10,FR,edge,0.2,0,0.25,864,0.07989472959703758,True,2.3927000002004206
97,no_history,11,DE,node,0.2,0,0.15,1450,0.051460940678610886,True,0.8065000001806766
97,no_history,11,DE,edge,0.2,0,0.25,396,0.11801233664987976,True,1.8591999833006412
98,no_history,0,FR,node,0.2,0,0.15,2160,0.04216332443119524,True,1.736699981847778
98,no_history,0,FR,edge,0.2,0,0.25,812,0.08241323990177692,True,2.492500003427267
98,no_history,1,FR,node,0.2,0,0.15,2160,0.04216332443119524,True,0.7548000139649957
98,no_history,1,FR,edge,0.2,0,0.25,812,0.08241323990177692,True,2.366000000620261
98,no_history,2,FR,node,0.05,0,0.15,2160,0.04216332443119524,True,1.1701000039465725
98,no_history,2,FR,edge,0.05,0,0.75,7570,0.026257709492929722,True,2.066999993985519
98,no_history,3,FR,node,0.05,0,0.15,2160,0.04216332443119524,True,0.899200007552281
98,no_history,3,FR,edge,0.05,0,0.75,7570,0.026257709492929722,True,3.052999993087724
98,no_history,4,DE,node,0.1,0,0.15,1563,0.049565812847894276,True,0.8212000248022377
98,no_history,4,DE,edge,0.1,0,0.35,666,0.12176272657118824,False,1.922899973578751
98,no_history,4,DE,edge,0.1,1,0.5,1421,0.065913289936891,True,1.7829000134952366
98,no_history,5,DE,node,0.1,0,0.15,1563,0.049565812847894276,True,0.7285999890882522
98,no_history,5,DE,edge,0.1,0,0.35,666,0.12176272657118824,False,1.7180000140797347
98,no_history,5,DE,edge,0.1,1,0.5,1421,0.065913289936891,True,1.6874000139068812
98,no_history,6,FR,node,0.2,0,0.15,2160,0.04216332443119524,True,0.7826999935787171
98,no_history,6,FR,edge,0.2,0,0.25,812,0.08241323990177692,True,3.501800005324185
98,no_history,7,FR,node,0.2,0,0.15,2160,0.04216332443119524,True,0.8577000116929412
98,no_history,7,FR,edge,0.2,0,0.25,812,0.08241323990177692,True,2.214499982073903
98,no_history,8,DE,node,0.05,0,0.15,1563,0.049565812847894276,True,1.1872999893967062
98,no_history,8,DE,edge,0.05,0,0.75,3274,0.03992688614289726,True,2.128500025719404
98,no_history,9,DE,node,0.05,0,0.15,1563,0.049565812847894276,True,0.7847000088077039
98,no_history,9,DE,edge,0.05,0,0.75,3274,0.03992688614289726,True,2.7683999796863645
98,no_history,10,DE,node,0.2,0,0.15,1563,0.049565812847894276,True,0.98230000003241
98,no_history,10,DE,edge,0.2,0,0.25,320,0.13128043687821936,True,1.865500002168119
98,no_history,11,DE,node,0.2,0,0.15,1563,0.049565812847894276,True,0.9190000128000975
98,no_history,11,DE,edge,0.2,0,0.25,320,0.13128043687821936,True,1.6693999932613224
98,joint_no_history,0,FR,node,0.2,0,0.15,2160,0.11520153059872747,True,0.7914000016171485
98,joint_no_history,0,FR,edge,0.2,0,0.25,812,0.15223057223702102,True,3.332899999804795
98,joint_no_history,1,FR,node,0.2,0,0.15,2160,0.11520153059872747,True,1.260699995327741
98,joint_no_history,1,FR,edge,0.2,0,0.25,812,0.15223057223702102,True,2.5096999888774008
98,joint_no_history,2,FR,node,0.05,0,0.35,5177,0.043871706002329494,True,1.0245000012218952
98,joint_no_history,2,FR,edge,0.05,0,1.0,13428,0.0,True,1.247400010470301
98,joint_no_history,3,FR,node,0.05,0,0.35,5177,0.043871706002329494,True,0.9488999785389751
98,joint_no_history,3,FR,edge,0.05,0,1.0,13428,0.0,True,1.2584000069182366
98,joint_no_history,4,DE,node,0.1,0,0.25,2520,0.0826116723504539,True,1.1662000033538789
98,joint_no_history,4,DE,edge,0.1,0,0.75,3274,0.06457752637900058,True,2.135899994755164
98,joint_no_history,5,DE,node,0.1,0,0.25,2520,0.0826116723504539,True,0.7100999937392771
98,joint_no_history,5,DE,edge,0.1,0,0.75,3274,0.06457752637900058,True,1.8367999873589724
98,joint_no_history,6,FR,node,0.2,0,0.15,2160,0.11520153059872747,True,0.8442999969702214
98,joint_no_history,6,FR,edge,0.2,0,0.25,812,0.15223057223702102,True,2.1243999944999814
98,joint_no_history,7,FR,node,0.2,0,0.15,2160,0.11520153059872747,True,0.9464000177104026
98,joint_no_history,7,FR,edge,0.2,0,0.25,812,0.15223057223702102,True,3.2595999946352094
98,joint_no_history,8,DE,node,0.05,0,0.35,3466,0.053617841441822085,False,0.7815000135451555
98,joint_no_history,8,DE,node,0.05,1,0.5,4906,0.035836354636084096,True,0.7521000225096941
98,joint_no_history,8,DE,edge,0.05,0,1.0,5833,0.0,True,1.032400003168732
98,joint_no_history,9,DE,node,0.05,0,0.35,3466,0.053617841441822085,False,0.6988999957684427
98,joint_no_history,9,DE,node,0.05,1,0.5,4906,0.035836354636084096,True,0.6901000160723925
98,joint_no_history,9,DE,edge,0.05,0,1.0,5833,0.0,True,0.8737000171095133
98,joint_no_history,10,DE,node,0.2,0,0.15,1563,0.13542711782050113,True,0.7785999914631248
98,joint_no_history,10,DE,edge,0.2,0,0.25,320,0.2424961820857446,False,2.0775000157300383
98,joint_no_history,10,DE,edge,0.2,1,0.35,666,0.20028458691526183,False,2.0191000076010823
98,joint_no_history,10,DE,edge,0.2,2,0.5,1421,0.1656310236022311,True,1.937799999723211
98,joint_no_history,11,DE,node,0.2,0,0.15,1563,0.13542711782050113,True,0.7961999799590558
98,joint_no_history,11,DE,edge,0.2,0,0.25,320,0.2424961820857446,False,2.512899984139949
98,joint_no_history,11,DE,edge,0.2,1,0.35,666,0.20028458691526183,False,2.0963999850209802
98,joint_no_history,11,DE,edge,0.2,2,0.5,1421,0.1656310236022311,True,1.9848000083584338
99,joint_no_history,0,FR,node,0.2,0,0.15,2276,0.112227424385694,True,0.9080000163521618
99,joint_no_history,0,FR,edge,0.2,0,0.25,859,0.14800736013686017,True,1.9865999929606915
99,joint_no_history,1,DE,node,0.2,0,0.15,1494,0.13851915261747885,True,0.6905000191181898
99,joint_no_history,1,DE,edge,0.2,0,0.25,382,0.22194645517404574,False,1.8783000123221427
99,joint_no_history,1,DE,edge,0.2,1,0.35,703,0.194942701919889,True,1.8914000247605145
99,joint_no_history,2,DE,node,0.05,0,0.35,3433,0.05387492809824834,False,0.7508000126108527
99,joint_no_history,2,DE,node,0.05,1,0.5,4899,0.03586194811814583,True,0.7308000058401376
99,joint_no_history,2,DE,edge,0.05,0,1.0,5833,0.0,True,1.0118000209331512
99,joint_no_history,3,FR,node,0.05,0,0.35,5141,0.04402504447137283,True,0.9858000266831368
99,joint_no_history,3,FR,edge,0.05,0,1.0,13428,0.0,True,1.2993999989703298
99,joint_no_history,4,DE,node,0.1,0,0.25,2457,0.08366409276992191,True,0.7451999990735203
99,joint_no_history,4,DE,edge,0.1,0,0.75,3302,0.06430314414581267,True,1.8934000108856708
99,joint_no_history,5,DE,node,0.1,0,0.25,2457,0.08366409276992191,True,0.7232000061776489
99,joint_no_history,5,DE,edge,0.1,0,0.75,3302,0.06430314414581267,True,1.8576000002212822
99,joint_no_history,6,DE,node,0.2,0,0.15,1494,0.13851915261747885,True,0.7713000231888145
99,joint_no_history,6,DE,edge,0.2,0,0.25,382,0.22194645517404574,False,2.9076999926473945
99,joint_no_history,6,DE,edge,0.2,1,0.35,703,0.194942701919889,True,3.277699986938387
99,joint_no_history,7,DE,node,0.2,0,0.15,1494,0.13851915261747885,True,0.8295000006910414
99,joint_no_history,7,DE,edge,0.2,0,0.25,382,0.22194645517404574,False,1.8899999849963933
99,joint_no_history,7,DE,edge,0.2,1,0.35,703,0.194942701919889,True,1.9079000048805028
99,joint_no_history,8,DE,node,0.05,0,0.35,3433,0.05387492809824834,False,0.6690000009257346
99,joint_no_history,8,DE,node,0.05,1,0.5,4899,0.03586194811814583,True,0.6442000158131123
99,joint_no_history,8,DE,edge,0.05,0,1.0,5833,0.0,True,0.9397999965585768
99,joint_no_history,9,DE,node,0.05,0,0.35,3433,0.05387492809824834,False,0.7588000153191388
99,joint_no_history,9,DE,node,0.05,1,0.5,4899,0.03586194811814583,True,0.690999993821606
99,joint_no_history,9,DE,edge,0.05,0,1.0,5833,0.0,True,1.0064000089187175
99,joint_no_history,10,DE,node,0.2,0,0.15,1494,0.13851915261747885,True,0.8420000085607171
99,joint_no_history,10,DE,edge,0.2,0,0.25,382,0.22194645517404574,False,1.7140000127255917
99,joint_no_history,10,DE,edge,0.2,1,0.35,703,0.194942701919889,True,1.6770000220276415
99,joint_no_history,11,DE,node,0.2,0,0.15,1494,0.13851915261747885,True,0.6227999983821064
99,joint_no_history,11,DE,edge,0.2,0,0.25,382,0.22194645517404574,False,1.7649999936111271
99,joint_no_history,11,DE,edge,0.2,1,0.35,703,0.194942701919889,True,1.8355000065639615
99,no_history,0,FR,node,0.2,0,0.15,2276,0.041074812807250304,True,0.8381999796256423
99,no_history,0,FR,edge,0.2,0,0.25,859,0.0801269147119541,True,2.5391000090166926
99,no_history,1,DE,node,0.2,0,0.15,1494,0.05069748588747937,True,1.0207000013906509
99,no_history,1,DE,edge,0.2,0,0.25,382,0.120155407595317,True,2.229400008218363
99,no_history,2,DE,node,0.05,0,0.15,1494,0.05069748588747937,False,0.8351000142283738
99,no_history,2,DE,node,0.05,1,0.25,2457,0.03524358590664315,True,0.8023999980650842
99,no_history,2,DE,edge,0.05,0,0.75,3302,0.039757241549825795,True,2.011600008700043
99,no_history,3,FR,node,0.05,0,0.15,2276,0.041074812807250304,True,0.9521000029053539
99,no_history,3,FR,edge,0.05,0,0.75,7354,0.026640536468385816,True,2.076999982818961
99,no_history,4,DE,node,0.1,0,0.15,1494,0.05069748588747937,True,0.7717999978922307
99,no_history,4,DE,edge,0.1,0,0.35,703,0.11851513527080769,False,1.8721999949775636
99,no_history,4,DE,edge,0.1,1,0.5,1463,0.06496027654176077,True,1.7655999981798232
99,no_history,5,DE,node,0.1,0,0.15,1494,0.05069748588747937,True,0.7906999962870032
99,no_history,5,DE,edge,0.1,0,0.35,703,0.11851513527080769,False,1.9031999981962144
99,no_history,5,DE,edge,0.1,1,0.5,1463,0.06496027654176077,True,1.803699997253716
99,no_history,6,DE,node,0.2,0,0.15,1494,0.05069748588747937,True,0.7178999949246645
99,no_history,6,DE,edge,0.2,0,0.25,382,0.120155407595317,True,1.7691999964881688
99,no_history,7,DE,node,0.2,0,0.15,1494,0.05069748588747937,True,1.3487000251188874
99,no_history,7,DE,edge,0.2,0,0.25,382,0.120155407595317,True,1.958400011062622
99,no_history,8,DE,node,0.05,0,0.15,1494,0.05069748588747937,False,0.6700999801978469
99,no_history,8,DE,node,0.05,1,0.25,2457,0.03524358590664315,True,0.652700022328645
99,no_history,8,DE,edge,0.05,0,0.75,3302,0.039757241549825795,True,2.0106000010855496
99,no_history,9,DE,node,0.05,0,0.15,1494,0.05069748588747937,False,0.6663999811280519
99,no_history,9,DE,node,0.05,1,0.25,2457,0.03524358590664315,True,0.6693000032100827
99,no_history,9,DE,edge,0.05,0,0.75,3302,0.039757241549825795,True,1.8518999859225005
99,no_history,10,DE,node,0.2,0,0.15,1494,0.05069748588747937,True,0.754000007873401
99,no_history,10,DE,edge,0.2,0,0.25,382,0.120155407595317,True,1.9677999953273684
99,no_history,11,DE,node,0.2,0,0.15,1494,0.05069748588747937,True,1.217099983477965
99,no_history,11,DE,edge,0.2,0,0.25,382,0.120155407595317,True,2.0231000089552253
