split,seed,country,kind,fidelity,truth,count,query_ms
fitting,26000,q0,node,0.1,121,8,0.04229997284710407
fitting,26000,q0,node,0.25,121,30,0.03160000778734684
fitting,26000,q0,node,0.5,121,56,0.029399991035461426
fitting,26000,q0,node,0.75,121,91,0.05140004213899374
fitting,26000,q0,node,1.0,121,121,0.032400013878941536
fitting,26000,q0,edge,0.1,89,1,0.037999998312443495
fitting,26000,q0,edge,0.25,89,7,0.03679998917505145
fitting,26000,q0,edge,0.5,89,21,0.03739999374374747
fitting,26000,q0,edge,0.75,89,55,0.03609998384490609
fitting,26000,q0,edge,1.0,89,89,0.03649998689070344
fitting,26000,q1,node,0.1,123,13,0.02640002639964223
fitting,26000,q1,node,0.25,123,37,0.02640002639964223
fitting,26000,q1,node,0.5,123,66,0.026300025638192892
fitting,26000,q1,node,0.75,123,101,0.026300025638192892
fitting,26000,q1,node,1.0,123,123,0.02540001878514886
fitting,26000,q1,edge,0.1,88,0,0.036100042052567005
fitting,26000,q1,edge,0.25,88,8,0.036299985367804766
fitting,26000,q1,edge,0.5,88,20,0.03589998232200742
fitting,26000,q1,edge,0.75,88,50,0.036100042052567005
fitting,26000,q1,edge,1.0,88,88,0.03519997699186206
fitting,26000,q2,node,0.1,177,21,0.02659996971487999
fitting,26000,q2,node,0.25,177,51,0.030199997127056122
fitting,26000,q2,node,0.5,177,93,0.02629996743053198
fitting,26000,q2,node,0.75,177,137,0.026499968953430653
fitting,26000,q2,node,1.0,177,177,0.024699955247342587
fitting,26000,q2,edge,0.1,150,2,0.035400036722421646
fitting,26000,q2,edge,0.25,150,12,0.03619998460635543
fitting,26000,q2,edge,0.5,150,46,0.035400036722421646
fitting,26000,q2,edge,0.75,150,90,0.03539997851476073
fitting,26000,q2,edge,1.0,150,150,0.034400029107928276
fitting,26000,q3,node,0.1,449,44,0.025999965146183968
fitting,26000,q3,node,0.25,449,124,0.02589996438473463
fitting,26000,q3,node,0.5,449,226,0.025799963623285294
fitting,26000,q3,node,0.75,449,347,0.02589996438473463
fitting,26000,q3,node,1.0,449,449,0.024799956008791924
fitting,26000,q3,edge,0.1,362,3,0.03550003748387098
fitting,26000,q3,edge,0.25,362,29,0.03559998003765941
fitting,26000,q3,edge,0.5,362,91,0.03550003748387098
fitting,26000,q3,edge,0.75,362,213,0.03559998003765941
fitting,26000,q3,edge,1.0,362,362,0.034400029107928276
fitting,26000,q4,node,0.1,81,9,0.029699993319809437
fitting,26000,q4,node,0.25,81,17,0.028399983420968056
fitting,26000,q4,node,0.5,81,36,0.028900045435875654
fitting,26000,q4,node,0.75,81,62,0.02819998189806938
fitting,26000,q4,node,1.0,81,81,0.025500019546598196
fitting,26000,q4,edge,0.1,37,2,0.03579998156055808
fitting,26000,q4,edge,0.25,37,2,0.03549997927621007
fitting,26000,q4,edge,0.5,37,8,0.03539997851476073
fitting,26000,q4,edge,0.75,37,25,0.03520003519952297
fitting,26000,q4,edge,1.0,37,37,0.033999967854470015
fitting,26000,q5,node,0.1,80,5,0.026200024876743555
fitting,26000,q5,node,0.25,80,12,0.02700003096833825
fitting,26000,q5,node,0.5,80,31,0.028499984182417393
fitting,26000,q5,node,0.75,80,59,0.028399983420968056
fitting,26000,q5,node,1.0,80,80,0.02559996210038662
fitting,26000,q5,edge,0.1,44,0,0.038300000596791506
fitting,26000,q5,edge,0.25,44,0,0.0350000336766243
fitting,26000,q5,edge,0.5,44,7,0.0350000336766243
fitting,26000,q5,edge,0.75,44,24,0.03509997623041272
fitting,26000,q5,edge,1.0,44,44,0.03430002834647894
fitting,26000,q6,node,0.1,126,7,0.02559996210038662
fitting,26000,q6,node,0.25,126,33,0.025600020308047533
fitting,26000,q6,node,0.5,126,60,0.025500019546598196
fitting,26000,q6,node,0.75,126,92,0.02570002106949687
fitting,26000,q6,node,1.0,126,126,0.024600012693554163
fitting,26000,q6,edge,0.1,64,0,0.03519997699186206
fitting,26000,q6,edge,0.25,64,4,0.03509997623041272
fitting,26000,q6,edge,0.5,64,14,0.035100034438073635
fitting,26000,q6,edge,0.75,64,35,0.03509997623041272
fitting,26000,q6,edge,1.0,64,64,0.034100026823580265
fitting,26000,q7,node,0.1,309,22,0.02570002106949687
fitting,26000,q7,node,0.25,309,69,0.025800021830946207
fitting,26000,q7,node,0.5,309,140,0.025200017262250185
fitting,26000,q7,node,0.75,309,228,0.026699970476329327
fitting,26000,q7,node,1.0,309,309,0.02619996666908264
fitting,26000,q7,edge,0.1,165,2,0.03819999983534217
fitting,26000,q7,edge,0.25,165,6,0.04249997437000275
fitting,26000,q7,edge,0.5,165,36,0.036999990697950125
fitting,26000,q7,edge,0.75,165,100,0.04429998807609081
fitting,26000,q7,edge,1.0,165,165,0.035400036722421646
fitting,26001,q0,node,0.1,121,13,0.033400021493434906
fitting,26001,q0,node,0.25,121,34,0.028999987989664078
fitting,26001,q0,node,0.5,121,71,0.02719997428357601
fitting,26001,q0,node,0.75,121,96,0.02759997732937336
fitting,26001,q0,node,1.0,121,121,0.027100031729787588
fitting,26001,q0,edge,0.1,89,3,0.14379998901858926
fitting,26001,q0,edge,0.25,89,9,0.04549999721348286
fitting,26001,q0,edge,0.5,89,34,0.05070003680884838
fitting,26001,q0,edge,0.75,89,57,0.04279997665435076
fitting,26001,q0,edge,1.0,89,89,0.0418000272475183
fitting,26001,q1,node,0.1,123,10,0.030700000934302807
fitting,26001,q1,node,0.25,123,28,0.029499991796910763
fitting,26001,q1,node,0.5,123,57,0.02870004391297698
fitting,26001,q1,node,0.75,123,92,0.026899971999228
fitting,26001,q1,node,1.0,123,123,0.026099965907633305
fitting,26001,q1,edge,0.1,88,0,0.039000005926936865
fitting,26001,q1,edge,0.25,88,0,0.04010001430287957
fitting,26001,q1,edge,0.5,88,15,0.0467000063508749
fitting,26001,q1,edge,0.75,88,48,0.0399000127799809
fitting,26001,q1,edge,1.0,88,88,0.03850000211969018
fitting,26001,q2,node,0.1,177,15,0.030099996365606785
fitting,26001,q2,node,0.25,177,45,0.03549997927621007
fitting,26001,q2,node,0.5,177,98,0.027499976567924023
fitting,26001,q2,node,0.75,177,129,0.026399968191981316
fitting,26001,q2,node,1.0,177,177,0.026600027922540903
fitting,26001,q2,edge,0.1,150,1,0.034800032153725624
fitting,26001,q2,edge,0.25,150,13,0.03270001616328955
fitting,26001,q2,edge,0.5,150,50,0.032400013878941536
fitting,26001,q2,edge,0.75,150,82,0.03379996633157134
fitting,26001,q2,edge,1.0,150,150,0.0317999511025846
fitting,26001,q3,node,0.1,449,39,0.024600012693554163
fitting,26001,q3,node,0.25,449,113,0.02500001573935151
fitting,26001,q3,node,0.5,449,240,0.024900014977902174
fitting,26001,q3,node,0.75,449,337,0.024500011932104826
fitting,26001,q3,node,1.0,449,449,0.025799963623285294
fitting,26001,q3,edge,0.1,362,4,0.033999967854470015
fitting,26001,q3,edge,0.25,362,22,0.03389996709302068
fitting,26001,q3,edge,0.5,362,107,0.03549997927621007
fitting,26001,q3,edge,0.75,362,206,0.0363999861292541
fitting,26001,q3,edge,1.0,362,362,0.036800047382712364
fitting,26001,q4,node,0.1,81,9,0.030399998649954796
fitting,26001,q4,node,0.25,81,26,0.027500034775584936
fitting,26001,q4,node,0.5,81,44,0.03419996937736869
fitting,26001,q4,node,0.75,81,62,0.02700003096833825
fitting,26001,q4,node,1.0,81,81,0.024100008886307478
fitting,26001,q4,edge,0.1,37,1,0.03430002834647894
fitting,26001,q4,edge,0.25,37,2,0.03659998765215278
fitting,26001,q4,edge,0.5,37,17,0.033800024539232254
fitting,26001,q4,edge,0.75,37,26,0.03579998156055808
fitting,26001,q4,edge,1.0,37,37,0.031400006264448166
fitting,26001,q5,node,0.1,80,6,0.02459995448589325
fitting,26001,q5,node,0.25,80,17,0.025300018023699522
fitting,26001,q5,node,0.5,80,34,0.024600012693554163
fitting,26001,q5,node,0.75,80,56,0.026500027161091566
fitting,26001,q5,node,1.0,80,80,0.023399945348501205
fitting,26001,q5,edge,0.1,44,1,0.03289995947852731
fitting,26001,q5,edge,0.25,44,4,0.03389996709302068
fitting,26001,q5,edge,0.5,44,13,0.0323000131174922
fitting,26001,q5,edge,0.75,44,25,0.03360002301633358
fitting,26001,q5,edge,1.0,44,44,0.03130000550299883
fitting,26001,q6,node,0.1,126,10,0.02440001117065549
fitting,26001,q6,node,0.25,126,29,0.02500001573935151
fitting,26001,q6,node,0.5,126,58,0.02570002106949687
fitting,26001,q6,node,0.75,126,94,0.024399952962994576
fitting,26001,q6,node,1.0,126,126,0.023500004317611456
fitting,26001,q6,edge,0.1,64,0,0.03400002606213093
fitting,26001,q6,edge,0.25,64,3,0.035699980799108744
fitting,26001,q6,edge,0.5,64,12,0.03479997394606471
fitting,26001,q6,edge,0.75,64,37,0.032400013878941536
fitting,26001,q6,edge,1.0,64,64,0.032100011594593525
fitting,26001,q7,node,0.1,309,26,0.025200017262250185
fitting,26001,q7,node,0.25,309,75,0.024500011932104826
fitting,26001,q7,node,0.5,309,143,0.024500011932104826
fitting,26001,q7,node,0.75,309,228,0.029799994081258774
fitting,26001,q7,node,1.0,309,309,0.023500004317611456
fitting,26001,q7,edge,0.1,165,2,0.03479997394606471
fitting,26001,q7,edge,0.25,165,11,0.03270001616328955
fitting,26001,q7,edge,0.5,165,46,0.03260001540184021
fitting,26001,q7,edge,0.75,165,99,0.03250001464039087
fitting,26001,q7,edge,1.0,165,165,0.03130000550299883
fitting,26002,q0,node,0.1,121,14,0.03160000778734684
fitting,26002,q0,node,0.25,121,24,0.028099981136620045
fitting,26002,q0,node,0.5,121,53,0.027800037059932947
fitting,26002,q0,node,0.75,121,90,0.02570002106949687
fitting,26002,q0,node,1.0,121,121,0.024500011932104826
fitting,26002,q0,edge,0.1,89,0,0.033800024539232254
fitting,26002,q0,edge,0.25,89,2,0.03349996404722333
fitting,26002,q0,edge,0.5,89,14,0.03409996861591935
fitting,26002,q0,edge,0.75,89,46,0.03359996480867267
fitting,26002,q0,edge,1.0,89,89,0.03289995947852731
fitting,26002,q1,node,0.1,123,14,0.025399960577487946
fitting,26002,q1,node,0.25,123,41,0.025499961338937283
fitting,26002,q1,node,0.5,123,66,0.025300018023699522
fitting,26002,q1,node,0.75,123,93,0.025200017262250185
fitting,26002,q1,node,1.0,123,123,0.024300010409206152
fitting,26002,q1,edge,0.1,88,1,0.03860000288113952
fitting,26002,q1,edge,0.25,88,7,0.039000005926936865
fitting,26002,q1,edge,0.5,88,26,0.038700003642588854
fitting,26002,q1,edge,0.75,88,53,0.0391000066883862
fitting,26002,q1,edge,1.0,88,88,0.03789999755099416
fitting,26002,q2,node,0.1,177,13,0.033699965570122004
fitting,26002,q2,node,0.25,177,41,0.02929999027401209
fitting,26002,q2,node,0.5,177,87,0.02929999027401209
fitting,26002,q2,node,0.75,177,136,0.02929999027401209
fitting,26002,q2,node,1.0,177,177,0.02800003858283162
fitting,26002,q2,edge,0.1,150,1,0.03880000440403819
fitting,26002,q2,edge,0.25,150,6,0.039000005926936865
fitting,26002,q2,edge,0.5,150,32,0.038700003642588854
fitting,26002,q2,edge,0.75,150,83,0.03890000516548753
fitting,26002,q2,edge,1.0,150,150,0.03749999450519681
fitting,26002,q3,node,0.1,449,43,0.02929999027401209
fitting,26002,q3,node,0.25,449,110,0.029499991796910763
fitting,26002,q3,node,0.5,449,218,0.02929999027401209
fitting,26002,q3,node,0.75,449,339,0.029300048481673002
fitting,26002,q3,node,1.0,449,449,0.02800003858283162
fitting,26002,q3,edge,0.1,362,2,0.039300008211284876
fitting,26002,q3,edge,0.25,362,15,0.039000005926936865
fitting,26002,q3,edge,0.5,362,79,0.038700003642588854
fitting,26002,q3,edge,0.75,362,201,0.03880000440403819
fitting,26002,q3,edge,1.0,362,362,0.03779999678954482
fitting,26002,q4,node,0.1,81,9,0.030800001695752144
fitting,26002,q4,node,0.25,81,20,0.029600050766021013
fitting,26002,q4,node,0.5,81,40,0.028699985705316067
fitting,26002,q4,node,0.75,81,64,0.028499984182417393
fitting,26002,q4,node,1.0,81,81,0.027200032491236925
fitting,26002,q4,edge,0.1,37,0,0.0371999922208488
fitting,26002,q4,edge,0.25,37,1,0.03679998917505145
fitting,26002,q4,edge,0.5,37,8,0.04090002039447427
fitting,26002,q4,edge,0.75,37,25,0.03659998765215278
fitting,26002,q4,edge,1.0,37,37,0.03549997927621007
fitting,26002,q5,node,0.1,80,7,0.027399975806474686
fitting,26002,q5,node,0.25,80,22,0.027500034775584936
fitting,26002,q5,node,0.5,80,42,0.027499976567924023
fitting,26002,q5,node,0.75,80,59,0.027099973522126675
fitting,26002,q5,node,1.0,80,80,0.02600002335384488
fitting,26002,q5,edge,0.1,44,1,0.03570003900676966
fitting,26002,q5,edge,0.25,44,3,0.035999983083456755
fitting,26002,q5,edge,0.5,44,11,0.03609998384490609
fitting,26002,q5,edge,0.75,44,26,0.035800039768218994
fitting,26002,q5,edge,1.0,44,44,0.03489997470751405
fitting,26002,q6,node,0.1,126,11,0.026999972760677338
fitting,26002,q6,node,0.25,126,31,0.026899971999228
fitting,26002,q6,node,0.5,126,64,0.02700003096833825
fitting,26002,q6,node,0.75,126,96,0.02719997428357601
fitting,26002,q6,node,1.0,126,126,0.026200024876743555
fitting,26002,q6,edge,0.1,64,1,0.04309997893869877
fitting,26002,q6,edge,0.25,64,1,0.04009995609521866
fitting,26002,q6,edge,0.5,64,14,0.03709999145939946
fitting,26002,q6,edge,0.75,64,37,0.036800047382712364
fitting,26002,q6,edge,1.0,64,64,0.08080003317445517
fitting,26002,q7,node,0.1,309,27,0.03390002530068159
fitting,26002,q7,node,0.25,309,76,0.035400036722421646
fitting,26002,q7,node,0.5,309,153,0.028200040105730295
fitting,26002,q7,node,0.75,309,231,0.029600050766021013
fitting,26002,q7,node,1.0,309,309,0.028100039344280958
fitting,26002,q7,edge,0.1,165,2,0.03890000516548753
fitting,26002,q7,edge,0.25,165,5,0.03749999450519681
fitting,26002,q7,edge,0.5,165,37,0.03739999374374747
fitting,26002,q7,edge,0.75,165,98,0.0371999922208488
fitting,26002,q7,edge,1.0,165,165,0.03589998232200742
fitting,26003,q0,node,0.1,121,8,0.037999998312443495
fitting,26003,q0,node,0.25,121,30,0.03389996709302068
fitting,26003,q0,node,0.5,121,62,0.032400013878941536
fitting,26003,q0,node,0.75,121,91,0.03360002301633358
fitting,26003,q0,node,1.0,121,121,0.028900045435875654
fitting,26003,q0,edge,0.1,89,0,0.04040001658722758
fitting,26003,q0,edge,0.25,89,8,0.04870002157986164
fitting,26003,q0,edge,0.5,89,27,0.03850000211969018
fitting,26003,q0,edge,0.75,89,50,0.038499943912029266
fitting,26003,q0,edge,1.0,89,89,0.0399000127799809
fitting,26003,q1,node,0.1,123,11,0.02819998189806938
fitting,26003,q1,node,0.25,123,29,0.028100039344280958
fitting,26003,q1,node,0.5,123,63,0.027999980375170708
fitting,26003,q1,node,0.75,123,95,0.2742999931797385
fitting,26003,q1,node,1.0,123,123,0.04840001929551363
fitting,26003,q1,edge,0.1,88,1,0.24069997016340494
fitting,26003,q1,edge,0.25,88,8,0.09759998647496104
fitting,26003,q1,edge,0.5,88,16,0.05360000068321824
fitting,26003,q1,edge,0.75,88,52,0.04179996903985739
fitting,26003,q1,edge,1.0,88,88,0.03759999526664615
fitting,26003,q2,node,0.1,177,20,0.027999980375170708
fitting,26003,q2,node,0.25,177,46,0.02819998189806938
fitting,26003,q2,node,0.5,177,101,0.13930001296103
fitting,26003,q2,node,0.75,177,129,0.0323000131174922
fitting,26003,q2,node,1.0,177,177,0.032400013878941536
fitting,26003,q2,edge,0.1,150,3,0.07259997073560953
fitting,26003,q2,edge,0.25,150,9,0.04680000711232424
fitting,26003,q2,edge,0.5,150,39,0.03920000744983554
fitting,26003,q2,edge,0.75,150,72,0.03860000288113952
fitting,26003,q2,edge,1.0,150,150,0.04210002953186631
fitting,26003,q3,node,0.1,449,41,0.20029995357617736
fitting,26003,q3,node,0.25,449,111,0.04369998350739479
fitting,26003,q3,node,0.5,449,237,0.03319996176287532
fitting,26003,q3,node,0.75,449,330,0.07510004797950387
fitting,26003,q3,node,1.0,449,449,0.04299997817724943
fitting,26003,q3,edge,0.1,362,4,0.058800040278583765
fitting,26003,q3,edge,0.25,362,27,0.03960001049563289
fitting,26003,q3,edge,0.5,362,89,0.039499951526522636
fitting,26003,q3,edge,0.75,362,189,0.039700011257082224
fitting,26003,q3,edge,1.0,362,362,0.03840000135824084
fitting,26003,q4,node,0.1,81,5,0.03349996404722333
fitting,26003,q4,node,0.25,81,17,0.03090000245720148
fitting,26003,q4,node,0.5,81,40,0.030499999411404133
fitting,26003,q4,node,0.75,81,64,0.030199997127056122
fitting,26003,q4,node,1.0,81,81,0.02859998494386673
fitting,26003,q4,edge,0.1,37,1,0.042899977415800095
fitting,26003,q4,edge,0.25,37,3,0.03980001201853156
fitting,26003,q4,edge,0.5,37,12,0.05189998773857951
fitting,26003,q4,edge,0.75,37,25,0.03960001049563289
fitting,26003,q4,edge,1.0,37,37,0.03819999983534217
fitting,26003,q5,node,0.1,80,7,0.02889998722821474
fitting,26003,q5,node,0.25,80,21,0.03840000135824084
fitting,26003,q5,node,0.5,80,43,0.02889998722821474
fitting,26003,q5,node,0.75,80,60,0.029100046958774328
fitting,26003,q5,node,1.0,80,80,0.02770003629848361
fitting,26003,q5,edge,0.1,44,1,0.03940000897273421
fitting,26003,q5,edge,0.25,44,7,0.04090002039447427
fitting,26003,q5,edge,0.5,44,17,0.04040001658722758
fitting,26003,q5,edge,0.75,44,23,0.04020001506432891
fitting,26003,q5,edge,1.0,44,44,0.039499951526522636
fitting,26003,q6,node,0.1,126,13,0.029499991796910763
fitting,26003,q6,node,0.25,126,34,0.0295999925583601
fitting,26003,q6,node,0.5,126,65,0.0295999925583601
fitting,26003,q6,node,0.75,126,91,0.02970005152747035
fitting,26003,q6,node,1.0,126,126,0.028200040105730295
fitting,26003,q6,edge,0.1,64,1,0.04050001734867692
fitting,26003,q6,edge,0.25,64,4,0.040499959141016006
fitting,26003,q6,edge,0.5,64,15,0.04029995761811733
fitting,26003,q6,edge,0.75,64,30,0.04020001506432891
fitting,26003,q6,edge,1.0,64,64,0.03980001201853156
fitting,26003,q7,node,0.1,309,27,0.027799978852272034
fitting,26003,q7,node,0.25,309,79,0.027600035537034273
fitting,26003,q7,node,0.5,309,159,0.02789997961372137
fitting,26003,q7,node,0.75,309,233,0.02770003629848361
fitting,26003,q7,node,1.0,309,309,0.026899971999228
fitting,26003,q7,edge,0.1,165,3,0.03809999907389283
fitting,26003,q7,edge,0.25,165,15,0.03819999983534217
fitting,26003,q7,edge,0.5,165,50,0.03809999907389283
fitting,26003,q7,edge,0.75,165,89,0.050200033001601696
fitting,26003,q7,edge,1.0,165,165,0.04229997284710407
calibration,27000,q0,node,0.1,121,14,0.03679998917505145
calibration,27000,q0,node,0.25,121,27,0.03200001083314419
calibration,27000,q0,node,0.5,121,55,0.02989999484270811
calibration,27000,q0,node,0.75,121,85,0.02929999027401209
calibration,27000,q0,node,1.0,121,121,0.026600027922540903
calibration,27000,q0,edge,0.1,89,1,0.03789999755099416
calibration,27000,q0,edge,0.25,89,4,0.036299985367804766
calibration,27000,q0,edge,0.5,89,23,0.036299985367804766
calibration,27000,q0,edge,0.75,89,54,0.03620004281401634
calibration,27000,q0,edge,1.0,89,89,0.03509997623041272
calibration,27000,q1,node,0.1,123,12,0.026699970476329327
calibration,27000,q1,node,0.25,123,30,0.026399968191981316
calibration,27000,q1,node,0.5,123,67,0.026300025638192892
calibration,27000,q1,node,0.75,123,97,0.02640002639964223
calibration,27000,q1,node,1.0,123,123,0.02540001878514886
calibration,27000,q1,edge,0.1,88,1,0.036299985367804766
calibration,27000,q1,edge,0.25,88,4,0.03609998384490609
calibration,27000,q1,edge,0.5,88,25,0.03619998460635543
calibration,27000,q1,edge,0.75,88,58,0.03819999983534217
calibration,27000,q1,edge,1.0,88,88,0.03509997623041272
calibration,27000,q2,node,0.1,177,16,0.026499968953430653
calibration,27000,q2,node,0.25,177,43,0.026399968191981316
calibration,27000,q2,node,0.5,177,94,0.026399968191981316
calibration,27000,q2,node,0.75,177,134,0.026399968191981316
calibration,27000,q2,node,1.0,177,177,0.025300018023699522
calibration,27000,q2,edge,0.1,150,2,0.03619998460635543
calibration,27000,q2,edge,0.25,150,12,0.036299985367804766
calibration,27000,q2,edge,0.5,150,43,0.036100042052567005
calibration,27000,q2,edge,0.75,150,91,0.03609998384490609
calibration,27000,q2,edge,1.0,150,150,0.035100034438073635
calibration,27000,q3,node,0.1,449,42,0.026500027161091566
calibration,27000,q3,node,0.25,449,107,0.02670002868399024
calibration,27000,q3,node,0.5,449,231,0.02759997732937336
calibration,27000,q3,node,0.75,449,336,0.027600035537034273
calibration,27000,q3,node,1.0,449,449,0.02659996971487999
calibration,27000,q3,edge,0.1,362,5,0.03759999526664615
calibration,27000,q3,edge,0.25,362,24,0.037699996028095484
calibration,27000,q3,edge,0.5,362,105,0.03760005347430706
calibration,27000,q3,edge,0.75,362,226,0.03759999526664615
calibration,27000,q3,edge,1.0,362,362,0.03660004585981369
calibration,27000,q4,node,0.1,81,9,0.031000003218650818
calibration,27000,q4,node,0.25,81,25,0.029699993319809437
calibration,27000,q4,node,0.5,81,34,0.028999987989664078
calibration,27000,q4,node,0.75,81,57,0.028799986466765404
calibration,27000,q4,node,1.0,81,81,0.027099973522126675
calibration,27000,q4,edge,0.1,37,1,0.03840000135824084
calibration,27000,q4,edge,0.25,37,5,0.0391000066883862
calibration,27000,q4,edge,0.5,37,6,0.03840000135824084
calibration,27000,q4,edge,0.75,37,14,0.037999998312443495
calibration,27000,q4,edge,1.0,37,37,0.03689998993650079
calibration,27000,q5,node,0.1,80,5,0.027999980375170708
calibration,27000,q5,node,0.25,80,15,0.027800037059932947
calibration,27000,q5,node,0.5,80,31,0.02789997961372137
calibration,27000,q5,node,0.75,80,55,0.027699978090822697
calibration,27000,q5,node,1.0,80,80,0.02670002868399024
calibration,27000,q5,edge,0.1,44,0,0.03819999983534217
calibration,27000,q5,edge,0.25,44,3,0.03809999907389283
calibration,27000,q5,edge,0.5,44,11,0.03880000440403819
calibration,27000,q5,edge,0.75,44,28,0.03840000135824084
calibration,27000,q5,edge,1.0,44,44,0.035999983083456755
calibration,27000,q6,node,0.1,126,12,0.026999972760677338
calibration,27000,q6,node,0.25,126,29,0.02700003096833825
calibration,27000,q6,node,0.5,126,66,0.02719997428357601
calibration,27000,q6,node,0.75,126,93,0.026899971999228
calibration,27000,q6,node,1.0,126,126,0.025800021830946207
calibration,27000,q6,edge,0.1,64,0,0.036999990697950125
calibration,27000,q6,edge,0.25,64,5,0.03709999145939946
calibration,27000,q6,edge,0.5,64,15,0.03709999145939946
calibration,27000,q6,edge,0.75,64,32,0.03709999145939946
calibration,27000,q6,edge,1.0,64,64,0.03579998156055808
calibration,27000,q7,node,0.1,309,27,0.02719997428357601
calibration,27000,q7,node,0.25,309,75,0.02729997504502535
calibration,27000,q7,node,0.5,309,142,0.027100031729787588
calibration,27000,q7,node,0.75,309,223,0.031200004741549492
calibration,27000,q7,node,1.0,309,309,0.025900022592395544
calibration,27000,q7,edge,0.1,165,1,0.03709999145939946
calibration,27000,q7,edge,0.25,165,13,0.03709999145939946
calibration,27000,q7,edge,0.5,165,35,0.0371999922208488
calibration,27000,q7,edge,0.75,165,85,0.037100049667060375
calibration,27000,q7,edge,1.0,165,165,0.03590004052966833
calibration,27001,q0,node,0.1,121,20,0.03419996937736869
calibration,27001,q0,node,0.25,121,38,0.030700000934302807
calibration,27001,q0,node,0.5,121,67,0.029199989512562752
calibration,27001,q0,node,0.75,121,95,0.027399975806474686
calibration,27001,q0,node,1.0,121,121,0.025800021830946207
calibration,27001,q0,edge,0.1,89,1,0.03709999145939946
calibration,27001,q0,edge,0.25,89,7,0.036999990697950125
calibration,27001,q0,edge,0.5,89,33,0.036999990697950125
calibration,27001,q0,edge,0.75,89,59,0.036999990697950125
calibration,27001,q0,edge,1.0,89,89,0.03589998232200742
calibration,27001,q1,node,0.1,123,18,0.027099973522126675
calibration,27001,q1,node,0.25,123,41,0.026899971999228
calibration,27001,q1,node,0.5,123,67,0.02700003096833825
calibration,27001,q1,node,0.75,123,89,0.026900030206888914
calibration,27001,q1,node,1.0,123,123,0.025799963623285294
calibration,27001,q1,edge,0.1,88,1,0.03709999145939946
calibration,27001,q1,edge,0.25,88,6,0.03679998917505145
calibration,27001,q1,edge,0.5,88,19,0.036999990697950125
calibration,27001,q1,edge,0.75,88,43,0.03689998993650079
calibration,27001,q1,edge,1.0,88,88,0.040000013541430235
calibration,27001,q2,node,0.1,177,17,0.026899971999228
calibration,27001,q2,node,0.25,177,43,0.026900030206888914
calibration,27001,q2,node,0.5,177,87,0.02700003096833825
calibration,27001,q2,node,0.75,177,129,0.026899971999228
calibration,27001,q2,node,1.0,177,177,0.025799963623285294
calibration,27001,q2,edge,0.1,150,0,0.03709999145939946
calibration,27001,q2,edge,0.25,150,7,0.03689998993650079
calibration,27001,q2,edge,0.5,150,37,0.03689998993650079
calibration,27001,q2,edge,0.75,150,79,0.03689998993650079
calibration,27001,q2,edge,1.0,150,150,0.035800039768218994
calibration,27001,q3,node,0.1,449,59,0.02719997428357601
calibration,27001,q3,node,0.25,449,128,0.027099973522126675
calibration,27001,q3,node,0.5,449,235,0.02700003096833825
calibration,27001,q3,node,0.75,449,331,0.02700003096833825
calibration,27001,q3,node,1.0,449,449,0.02589996438473463
calibration,27001,q3,edge,0.1,362,3,0.03689998993650079
calibration,27001,q3,edge,0.25,362,21,0.03709999145939946
calibration,27001,q3,edge,0.5,362,94,0.036999990697950125
calibration,27001,q3,edge,0.75,362,194,0.03689998993650079
calibration,27001,q3,edge,1.0,362,362,0.03590004052966833
calibration,27001,q4,node,0.1,81,6,0.03060000017285347
calibration,27001,q4,node,0.25,81,18,0.029600050766021013
calibration,27001,q4,node,0.5,81,35,0.028799986466765404
calibration,27001,q4,node,0.75,81,59,0.02789997961372137
calibration,27001,q4,node,1.0,81,81,0.02640002639964223
calibration,27001,q4,edge,0.1,37,0,0.037400051951408386
calibration,27001,q4,edge,0.25,37,3,0.037400051951408386
calibration,27001,q4,edge,0.5,37,6,0.041300023440271616
calibration,27001,q4,edge,0.75,37,21,0.037299992982298136
calibration,27001,q4,edge,1.0,37,37,0.035999983083456755
calibration,27001,q5,node,0.1,80,6,0.02819998189806938
calibration,27001,q5,node,0.25,80,14,0.027099973522126675
calibration,27001,q5,node,0.5,80,39,0.026999972760677338
calibration,27001,q5,node,0.75,80,63,0.026900030206888914
calibration,27001,q5,node,1.0,80,80,0.025800021830946207
calibration,27001,q5,edge,0.1,44,0,0.03709999145939946
calibration,27001,q5,edge,0.25,44,1,0.037299992982298136
calibration,27001,q5,edge,0.5,44,9,0.037999998312443495
calibration,27001,q5,edge,0.75,44,33,0.03779999678954482
calibration,27001,q5,edge,1.0,44,44,0.03659998765215278
calibration,27001,q6,node,0.1,126,12,0.02770003629848361
calibration,27001,q6,node,0.25,126,28,0.027999980375170708
calibration,27001,q6,node,0.5,126,66,0.028200040105730295
calibration,27001,q6,node,0.75,126,95,0.028099981136620045
calibration,27001,q6,node,1.0,126,126,0.02700003096833825
calibration,27001,q6,edge,0.1,64,0,0.03860000288113952
calibration,27001,q6,edge,0.25,64,1,0.038700003642588854
calibration,27001,q6,edge,0.5,64,16,0.04460004856809974
calibration,27001,q6,edge,0.75,64,41,0.03840000135824084
calibration,27001,q6,edge,1.0,64,64,0.03749999450519681
calibration,27001,q7,node,0.1,309,26,0.028099981136620045
calibration,27001,q7,node,0.25,309,65,0.028200040105730295
calibration,27001,q7,node,0.5,309,150,0.028399983420968056
calibration,27001,q7,node,0.75,309,233,0.028200040105730295
calibration,27001,q7,node,1.0,309,309,0.03130000550299883
calibration,27001,q7,edge,0.1,165,1,0.03880000440403819
calibration,27001,q7,edge,0.25,165,7,0.038700003642588854
calibration,27001,q7,edge,0.5,165,34,0.038700003642588854
calibration,27001,q7,edge,0.75,165,108,0.038700003642588854
calibration,27001,q7,edge,1.0,165,165,0.03759999526664615
calibration,27002,q0,node,0.1,121,11,0.03689998993650079
calibration,27002,q0,node,0.25,121,32,0.03279995871707797
calibration,27002,q0,node,0.5,121,53,0.03250001464039087
calibration,27002,q0,node,0.75,121,91,0.029099988751113415
calibration,27002,q0,node,1.0,121,121,0.026999972760677338
calibration,27002,q0,edge,0.1,89,0,0.038700003642588854
calibration,27002,q0,edge,0.25,89,5,0.038700003642588854
calibration,27002,q0,edge,0.5,89,18,0.0385999446734786
calibration,27002,q0,edge,0.75,89,53,0.038700003642588854
calibration,27002,q0,edge,1.0,89,89,0.03739999374374747
calibration,27002,q1,node,0.1,123,12,0.02800003858283162
calibration,27002,q1,node,0.25,123,34,0.02829998265951872
calibration,27002,q1,node,0.5,123,64,0.028699985705316067
calibration,27002,q1,node,0.75,123,97,0.028699985705316067
calibration,27002,q1,node,1.0,123,123,0.027600035537034273
calibration,27002,q1,edge,0.1,88,0,0.03960001049563289
calibration,27002,q1,edge,0.25,88,6,0.039300008211284876
calibration,27002,q1,edge,0.5,88,29,0.039300008211284876
calibration,27002,q1,edge,0.75,88,49,0.03940000897273421
calibration,27002,q1,edge,1.0,88,88,0.03950000973418355
calibration,27002,q2,node,0.1,177,15,0.02889998722821474
calibration,27002,q2,node,0.25,177,38,0.028600043151527643
calibration,27002,q2,node,0.5,177,70,0.02859998494386673
calibration,27002,q2,node,0.75,177,134,0.028699985705316067
calibration,27002,q2,node,1.0,177,177,0.0274000340141356
calibration,27002,q2,edge,0.1,150,1,0.03940000897273421
calibration,27002,q2,edge,0.25,150,5,0.039300008211284876
calibration,27002,q2,edge,0.5,150,22,0.03940000897273421
calibration,27002,q2,edge,0.75,150,88,0.03940000897273421
calibration,27002,q2,edge,1.0,150,150,0.039000005926936865
calibration,27002,q3,node,0.1,449,40,0.0295999925583601
calibration,27002,q3,node,0.25,449,108,0.029200047720223665
calibration,27002,q3,node,0.5,449,194,0.02940004924312234
calibration,27002,q3,node,0.75,449,339,0.029399991035461426
calibration,27002,q3,node,1.0,449,449,0.02819998189806938
calibration,27002,q3,edge,0.1,362,1,0.040199956856667995
calibration,27002,q3,edge,0.25,362,17,0.04020001506432891
calibration,27002,q3,edge,0.5,362,72,0.04020001506432891
calibration,27002,q3,edge,0.75,362,205,0.04020001506432891
calibration,27002,q3,edge,1.0,362,362,0.0391000066883862
calibration,27002,q4,node,0.1,81,5,0.033299962524324656
calibration,27002,q4,node,0.25,81,16,0.04050001734867692
calibration,27002,q4,node,0.5,81,37,0.030800001695752144
calibration,27002,q4,node,0.75,81,61,0.030499999411404133
calibration,27002,q4,node,1.0,81,81,0.02929999027401209
calibration,27002,q4,edge,0.1,37,0,0.041000021155923605
calibration,27002,q4,edge,0.25,37,2,0.04110002191737294
calibration,27002,q4,edge,0.5,37,6,0.04090002039447427
calibration,27002,q4,edge,0.75,37,17,0.04060001811012626
calibration,27002,q4,edge,1.0,37,37,0.0393999507650733
calibration,27002,q5,node,0.1,80,6,0.029699993319809437
calibration,27002,q5,node,0.25,80,21,0.029699993319809437
calibration,27002,q5,node,0.5,80,40,0.029499991796910763
calibration,27002,q5,node,0.75,80,60,0.029699993319809437
calibration,27002,q5,node,1.0,80,80,0.028499984182417393
calibration,27002,q5,edge,0.1,44,0,0.04060001811012626
calibration,27002,q5,edge,0.25,44,4,0.04050001734867692
calibration,27002,q5,edge,0.5,44,13,0.040899962186813354
calibration,27002,q5,edge,0.75,44,25,0.04039995837956667
calibration,27002,q5,edge,1.0,44,44,0.039300008211284876
calibration,27002,q6,node,0.1,126,13,0.029500050004571676
calibration,27002,q6,node,0.25,126,35,0.02970005152747035
calibration,27002,q6,node,0.5,126,67,0.029600050766021013
calibration,27002,q6,node,0.75,126,97,0.029800052288919687
calibration,27002,q6,node,1.0,126,126,0.028500042390078306
calibration,27002,q6,edge,0.1,64,1,0.040599959902465343
calibration,27002,q6,edge,0.25,64,3,0.04039995837956667
calibration,27002,q6,edge,0.5,64,15,0.041000021155923605
calibration,27002,q6,edge,0.75,64,31,0.040300015825778246
calibration,27002,q6,edge,1.0,64,64,0.03920000744983554
calibration,27002,q7,node,0.1,309,24,0.0295999925583601
calibration,27002,q7,node,0.25,309,75,0.029499991796910763
calibration,27002,q7,node,0.5,309,154,0.029499991796910763
calibration,27002,q7,node,0.75,309,234,0.029499991796910763
calibration,27002,q7,node,1.0,309,309,0.028300040867179632
calibration,27002,q7,edge,0.1,165,1,0.04040001658722758
calibration,27002,q7,edge,0.25,165,12,0.040599959902465343
calibration,27002,q7,edge,0.5,165,39,0.040599959902465343
calibration,27002,q7,edge,0.75,165,84,0.04050001734867692
calibration,27002,q7,edge,1.0,165,165,0.03920000744983554
calibration,27003,q0,node,0.1,121,15,0.03470003139227629
calibration,27003,q0,node,0.25,121,36,0.029699993319809437
calibration,27003,q0,node,0.5,121,65,0.02929999027401209
calibration,27003,q0,node,0.75,121,93,0.029399991035461426
calibration,27003,q0,node,1.0,121,121,0.028200040105730295
calibration,27003,q0,edge,0.1,89,1,0.04039995837956667
calibration,27003,q0,edge,0.25,89,4,0.04029995761811733
calibration,27003,q0,edge,0.5,89,25,0.04010001430287957
calibration,27003,q0,edge,0.75,89,53,0.04109996370971203
calibration,27003,q0,edge,1.0,89,89,0.039000005926936865
calibration,27003,q1,node,0.1,123,14,0.02929999027401209
calibration,27003,q1,node,0.25,123,27,0.029199989512562752
calibration,27003,q1,node,0.5,123,65,0.029499991796910763
calibration,27003,q1,node,0.75,123,94,0.029399991035461426
calibration,27003,q1,node,1.0,123,123,0.028099981136620045
calibration,27003,q1,edge,0.1,88,0,0.04040001658722758
calibration,27003,q1,edge,0.25,88,0,0.04040001658722758
calibration,27003,q1,edge,0.5,88,20,0.04020001506432891
calibration,27003,q1,edge,0.75,88,54,0.04039995837956667
calibration,27003,q1,edge,1.0,88,88,0.03890000516548753
calibration,27003,q2,node,0.1,177,18,0.02929999027401209
calibration,27003,q2,node,0.25,177,41,0.029399991035461426
calibration,27003,q2,node,0.5,177,78,0.02929999027401209
calibration,27003,q2,node,0.75,177,121,0.029199989512562752
calibration,27003,q2,node,1.0,177,177,0.028099981136620045
calibration,27003,q2,edge,0.1,150,1,0.04040001658722758
calibration,27003,q2,edge,0.25,150,13,0.04029995761811733
calibration,27003,q2,edge,0.5,150,32,0.04029995761811733
calibration,27003,q2,edge,0.75,150,81,0.04010001430287957
calibration,27003,q2,edge,1.0,150,150,0.03880000440403819
calibration,27003,q3,node,0.1,449,48,0.030199997127056122
calibration,27003,q3,node,0.25,449,109,0.029499991796910763
calibration,27003,q3,node,0.5,449,223,0.029300048481673002
calibration,27003,q3,node,0.75,449,328,0.029399991035461426
calibration,27003,q3,node,1.0,449,449,0.02800003858283162
calibration,27003,q3,edge,0.1,362,2,0.04029995761811733
calibration,27003,q3,edge,0.25,362,17,0.04010001430287957
calibration,27003,q3,edge,0.5,362,82,0.04050001734867692
calibration,27003,q3,edge,0.75,362,199,0.040300015825778246
calibration,27003,q3,edge,1.0,362,362,0.039000005926936865
calibration,27003,q4,node,0.1,81,5,0.032999960239976645
calibration,27003,q4,node,0.25,81,18,0.0315000070258975
calibration,27003,q4,node,0.5,81,40,0.030999945010989904
calibration,27003,q4,node,0.75,81,57,0.030700000934302807
calibration,27003,q4,node,1.0,81,81,0.02889998722821474
calibration,27003,q4,edge,0.1,37,0,0.04090002039447427
calibration,27003,q4,edge,0.25,37,0,0.04080001963302493
calibration,27003,q4,edge,0.5,37,12,0.04140002420172095
calibration,27003,q4,edge,0.75,37,19,0.04169996827840805
calibration,27003,q4,edge,1.0,37,37,0.03960001049563289
calibration,27003,q5,node,0.1,80,6,0.029799994081258774
calibration,27003,q5,node,0.25,80,21,0.02989999484270811
calibration,27003,q5,node,0.5,80,38,0.03170000854879618
calibration,27003,q5,node,0.75,80,63,0.029499991796910763
calibration,27003,q5,node,1.0,80,80,0.028799986466765404
calibration,27003,q5,edge,0.1,44,0,0.040700018871575594
calibration,27003,q5,edge,0.25,44,4,0.04060001811012626
calibration,27003,q5,edge,0.5,44,13,0.04050001734867692
calibration,27003,q5,edge,0.75,44,27,0.040499959141016006
calibration,27003,q5,edge,1.0,44,44,0.03940000897273421
calibration,27003,q6,node,0.1,126,13,0.029799994081258774
calibration,27003,q6,node,0.25,126,34,0.029699993319809437
calibration,27003,q6,node,0.5,126,71,0.030099996365606785
calibration,27003,q6,node,0.75,126,101,0.029799994081258774
calibration,27003,q6,node,1.0,126,126,0.028399983420968056
calibration,27003,q6,edge,0.1,64,1,0.07579999510198832
calibration,27003,q6,edge,0.25,64,4,0.056299963034689426
calibration,27003,q6,edge,0.5,64,20,0.04859996261075139
calibration,27003,q6,edge,0.75,64,43,0.16950001008808613
calibration,27003,q6,edge,1.0,64,64,0.05489995237439871
calibration,27003,q7,node,0.1,309,26,0.038300000596791506
calibration,27003,q7,node,0.25,309,76,0.03379996633157134
calibration,27003,q7,node,0.5,309,159,0.030399998649954796
calibration,27003,q7,node,0.75,309,240,0.03400002606213093
calibration,27003,q7,node,1.0,309,309,0.03029999788850546
calibration,27003,q7,edge,0.1,165,1,0.04040001658722758
calibration,27003,q7,edge,0.25,165,10,0.04010001430287957
calibration,27003,q7,edge,0.5,165,51,0.04010001430287957
calibration,27003,q7,edge,0.75,165,102,0.0399000127799809
calibration,27003,q7,edge,1.0,165,165,0.04369998350739479
calibration,27004,q0,node,0.1,121,13,0.039499951526522636
calibration,27004,q0,node,0.25,121,35,0.037299992982298136
calibration,27004,q0,node,0.5,121,65,0.03980001201853156
calibration,27004,q0,node,0.75,121,90,0.03270001616328955
calibration,27004,q0,node,1.0,121,121,0.028500042390078306
calibration,27004,q0,edge,0.1,89,0,0.20910002058371902
calibration,27004,q0,edge,0.25,89,8,0.2951000351458788
calibration,27004,q0,edge,0.5,89,26,0.18800003454089165
calibration,27004,q0,edge,0.75,89,46,0.06049999501556158
calibration,27004,q0,edge,1.0,89,89,0.041000021155923605
calibration,27004,q1,node,0.1,123,15,0.0295999925583601
calibration,27004,q1,node,0.25,123,34,0.029799994081258774
calibration,27004,q1,node,0.5,123,68,0.22460002219304442
calibration,27004,q1,node,0.75,123,95,0.044199987314641476
calibration,27004,q1,node,1.0,123,123,0.271800032351166
calibration,27004,q1,edge,0.1,88,3,0.05360000068321824
calibration,27004,q1,edge,0.25,88,8,0.04569999873638153
calibration,27004,q1,edge,0.5,88,31,0.04340003943070769
calibration,27004,q1,edge,0.75,88,56,0.04469999112188816
calibration,27004,q1,edge,1.0,88,88,0.04010001430287957
calibration,27004,q2,node,0.1,177,23,0.05879998207092285
calibration,27004,q2,node,0.25,177,46,0.06009999196976423
calibration,27004,q2,node,0.5,177,91,0.03360002301633358
calibration,27004,q2,node,0.75,177,132,0.029499991796910763
calibration,27004,q2,node,1.0,177,177,0.030099996365606785
calibration,27004,q2,edge,0.1,150,4,0.04280003486201167
calibration,27004,q2,edge,0.25,150,12,0.03940000897273421
calibration,27004,q2,edge,0.5,150,37,0.039499951526522636
calibration,27004,q2,edge,0.75,150,87,0.03960001049563289
calibration,27004,q2,edge,1.0,150,150,0.03809999907389283
calibration,27004,q3,node,0.1,449,51,0.029099988751113415
calibration,27004,q3,node,0.25,449,118,0.029099988751113415
calibration,27004,q3,node,0.5,449,236,0.029100046958774328
calibration,27004,q3,node,0.75,449,334,0.0681000528857112
calibration,27004,q3,node,1.0,449,449,0.036999990697950125
calibration,27004,q3,edge,0.1,362,7,0.04539999645203352
calibration,27004,q3,edge,0.25,362,28,0.04280003486201167
calibration,27004,q3,edge,0.5,362,102,0.04329998046159744
calibration,27004,q3,edge,0.75,362,205,0.03920000744983554
calibration,27004,q3,edge,1.0,362,362,0.03739999374374747
calibration,27004,q4,node,0.1,81,10,0.032599957194179296
calibration,27004,q4,node,0.25,81,21,0.030700000934302807
calibration,27004,q4,node,0.5,81,38,0.029399991035461426
calibration,27004,q4,node,0.75,81,58,0.028699985705316067
calibration,27004,q4,node,1.0,81,81,0.027500034775584936
calibration,27004,q4,edge,0.1,37,0,0.03890000516548753
calibration,27004,q4,edge,0.25,37,1,0.03880000440403819
calibration,27004,q4,edge,0.5,37,6,0.038700003642588854
calibration,27004,q4,edge,0.75,37,17,0.039000005926936865
calibration,27004,q4,edge,1.0,37,37,0.03759999526664615
calibration,27004,q5,node,0.1,80,9,0.028399983420968056
calibration,27004,q5,node,0.25,80,23,0.028200040105730295
calibration,27004,q5,node,0.5,80,43,0.02819998189806938
calibration,27004,q5,node,0.75,80,62,0.028399983420968056
calibration,27004,q5,node,1.0,80,80,0.02700003096833825
calibration,27004,q5,edge,0.1,44,0,0.03920000744983554
calibration,27004,q5,edge,0.25,44,1,0.0385999446734786
calibration,27004,q5,edge,0.5,44,8,0.038700003642588854
calibration,27004,q5,edge,0.75,44,23,0.03860000288113952
calibration,27004,q5,edge,1.0,44,44,0.03760005347430706
calibration,27004,q6,node,0.1,126,12,0.02819998189806938
calibration,27004,q6,node,0.25,126,27,0.02819998189806938
calibration,27004,q6,node,0.5,126,63,0.028200040105730295
calibration,27004,q6,node,0.75,126,87,0.02829998265951872
calibration,27004,q6,node,1.0,126,126,0.027100031729787588
calibration,27004,q6,edge,0.1,64,1,0.038700003642588854
calibration,27004,q6,edge,0.25,64,7,0.03879994619637728
calibration,27004,q6,edge,0.5,64,21,0.03880000440403819
calibration,27004,q6,edge,0.75,64,37,0.03880000440403819
calibration,27004,q6,edge,1.0,64,64,0.03749999450519681
calibration,27004,q7,node,0.1,309,32,0.02819998189806938
calibration,27004,q7,node,0.25,309,77,0.02829998265951872
calibration,27004,q7,node,0.5,309,159,0.028100039344280958
calibration,27004,q7,node,0.75,309,227,0.02829998265951872
calibration,27004,q7,node,1.0,309,309,0.02719997428357601
calibration,27004,q7,edge,0.1,165,1,0.03860000288113952
calibration,27004,q7,edge,0.25,165,11,0.038700003642588854
calibration,27004,q7,edge,0.5,165,41,0.03860000288113952
calibration,27004,q7,edge,0.75,165,90,0.03890000516548753
calibration,27004,q7,edge,1.0,165,165,0.037299992982298136
calibration,27005,q0,node,0.1,121,10,0.03809999907389283
calibration,27005,q0,node,0.25,121,26,0.034699973184615374
calibration,27005,q0,node,0.5,121,59,0.033999967854470015
calibration,27005,q0,node,0.75,121,85,0.03349996404722333
calibration,27005,q0,node,1.0,121,121,0.03209995338693261
calibration,27005,q0,edge,0.1,89,1,0.043300038669258356
calibration,27005,q0,edge,0.25,89,4,0.043199979700148106
calibration,27005,q0,edge,0.5,89,25,0.04250003257766366
calibration,27005,q0,edge,0.75,89,50,0.04239997360855341
calibration,27005,q0,edge,1.0,89,89,0.041000021155923605
calibration,27005,q1,node,0.1,123,14,0.028499984182417393
calibration,27005,q1,node,0.25,123,32,0.028399983420968056
calibration,27005,q1,node,0.5,123,65,0.028200040105730295
calibration,27005,q1,node,0.75,123,95,0.027999980375170708
calibration,27005,q1,node,1.0,123,123,0.027100031729787588
calibration,27005,q1,edge,0.1,88,1,0.038700003642588854
calibration,27005,q1,edge,0.25,88,6,0.03860000288113952
calibration,27005,q1,edge,0.5,88,26,0.03850000211969018
calibration,27005,q1,edge,0.75,88,50,0.03850000211969018
calibration,27005,q1,edge,1.0,88,88,0.037299992982298136
calibration,27005,q2,node,0.1,177,10,0.028099981136620045
calibration,27005,q2,node,0.25,177,43,0.028099981136620045
calibration,27005,q2,node,0.5,177,86,0.02789997961372137
calibration,27005,q2,node,0.75,177,136,0.027900037821382284
calibration,27005,q2,node,1.0,177,177,0.026999972760677338
calibration,27005,q2,edge,0.1,150,0,0.03850000211969018
calibration,27005,q2,edge,0.25,150,7,0.03850000211969018
calibration,27005,q2,edge,0.5,150,31,0.03840000135824084
calibration,27005,q2,edge,0.75,150,87,0.03850000211969018
calibration,27005,q2,edge,1.0,150,150,0.0371999922208488
calibration,27005,q3,node,0.1,449,39,0.02819998189806938
calibration,27005,q3,node,0.25,449,107,0.028200040105730295
calibration,27005,q3,node,0.5,449,223,0.028099981136620045
calibration,27005,q3,node,0.75,449,335,0.028099981136620045
calibration,27005,q3,node,1.0,449,449,0.026999972760677338
calibration,27005,q3,edge,0.1,362,2,0.03840000135824084
calibration,27005,q3,edge,0.25,362,19,0.03890000516548753
calibration,27005,q3,edge,0.5,362,90,0.03860000288113952
calibration,27005,q3,edge,0.75,362,206,0.03840000135824084
calibration,27005,q3,edge,1.0,362,362,0.03739999374374747
calibration,27005,q4,node,0.1,81,8,0.03219995414838195
calibration,27005,q4,node,0.25,81,19,0.03029999788850546
calibration,27005,q4,node,0.5,81,41,0.029100046958774328
calibration,27005,q4,node,0.75,81,63,0.028800044674426317
calibration,27005,q4,node,1.0,81,81,0.027499976567924023
calibration,27005,q4,edge,0.1,37,1,0.039000005926936865
calibration,27005,q4,edge,0.25,37,4,0.03880000440403819
calibration,27005,q4,edge,0.5,37,13,0.03890000516548753
calibration,27005,q4,edge,0.75,37,26,0.03880000440403819
calibration,27005,q4,edge,1.0,37,37,0.03749999450519681
calibration,27005,q5,node,0.1,80,6,0.034299970138818026
calibration,27005,q5,node,0.25,80,19,0.02800003858283162
calibration,27005,q5,node,0.5,80,42,0.02819998189806938
calibration,27005,q5,node,0.75,80,65,0.028200040105730295
calibration,27005,q5,node,1.0,80,80,0.026999972760677338
calibration,27005,q5,edge,0.1,44,0,0.038700003642588854
calibration,27005,q5,edge,0.25,44,2,0.038700003642588854
calibration,27005,q5,edge,0.5,44,15,0.03860000288113952
calibration,27005,q5,edge,0.75,44,28,0.03860000288113952
calibration,27005,q5,edge,1.0,44,44,0.03749999450519681
calibration,27005,q6,node,0.1,126,13,0.02819998189806938
calibration,27005,q6,node,0.25,126,28,0.028300040867179632
calibration,27005,q6,node,0.5,126,53,0.027999980375170708
calibration,27005,q6,node,0.75,126,91,0.028200040105730295
calibration,27005,q6,node,1.0,126,126,0.026999972760677338
calibration,27005,q6,edge,0.1,64,0,0.03880000440403819
calibration,27005,q6,edge,0.25,64,3,0.038700003642588854
calibration,27005,q6,edge,0.5,64,11,0.03860000288113952
calibration,27005,q6,edge,0.75,64,29,0.03850000211969018
calibration,27005,q6,edge,1.0,64,64,0.03759999526664615
calibration,27005,q7,node,0.1,309,28,0.02829998265951872
calibration,27005,q7,node,0.25,309,72,0.028100039344280958
calibration,27005,q7,node,0.5,309,150,0.028099981136620045
calibration,27005,q7,node,0.75,309,237,0.028100039344280958
calibration,27005,q7,node,1.0,309,309,0.026999972760677338
calibration,27005,q7,edge,0.1,165,1,0.038700003642588854
calibration,27005,q7,edge,0.25,165,11,0.038700003642588854
calibration,27005,q7,edge,0.5,165,43,0.043599982745945454
calibration,27005,q7,edge,0.75,165,92,0.03869994543492794
calibration,27005,q7,edge,1.0,165,165,0.03749999450519681
calibration,27006,q0,node,0.1,121,8,0.03789999755099416
calibration,27006,q0,node,0.25,121,22,0.03459997242316604
calibration,27006,q0,node,0.5,121,46,0.033400021493434906
calibration,27006,q0,node,0.75,121,88,0.03270001616328955
calibration,27006,q0,node,1.0,121,121,0.03060000017285347
calibration,27006,q0,edge,0.1,89,1,0.0439999857917428
calibration,27006,q0,edge,0.25,89,4,0.04090002039447427
calibration,27006,q0,edge,0.5,89,8,0.044000043999403715
calibration,27006,q0,edge,0.75,89,48,0.03950000973418355
calibration,27006,q0,edge,1.0,89,89,0.03880000440403819
calibration,27006,q1,node,0.1,123,10,0.02900004619732499
calibration,27006,q1,node,0.25,123,39,0.031200004741549492
calibration,27006,q1,node,0.5,123,65,0.033999967854470015
calibration,27006,q1,node,0.75,123,102,0.028699985705316067
calibration,27006,q1,node,1.0,123,123,0.027500034775584936
calibration,27006,q1,edge,0.1,88,0,0.04110002191737294
calibration,27006,q1,edge,0.25,88,8,0.040000013541430235
calibration,27006,q1,edge,0.5,88,21,0.03950000973418355
calibration,27006,q1,edge,0.75,88,56,0.040000013541430235
calibration,27006,q1,edge,1.0,88,88,0.03840000135824084
calibration,27006,q2,node,0.1,177,21,0.0350000336766243
calibration,27006,q2,node,0.25,177,45,0.028799986466765404
calibration,27006,q2,node,0.5,177,89,0.029500050004571676
calibration,27006,q2,node,0.75,177,127,0.02859998494386673
calibration,27006,q2,node,1.0,177,177,0.027499976567924023
calibration,27006,q2,edge,0.1,150,1,0.03950000973418355
calibration,27006,q2,edge,0.25,150,7,0.039700011257082224
calibration,27006,q2,edge,0.5,150,38,0.03960001049563289
calibration,27006,q2,edge,0.75,150,73,0.039700011257082224
calibration,27006,q2,edge,1.0,150,150,0.03819999983534217
calibration,27006,q3,node,0.1,449,43,0.028699985705316067
calibration,27006,q3,node,0.25,449,115,0.028799986466765404
calibration,27006,q3,node,0.5,449,217,0.028999987989664078
calibration,27006,q3,node,0.75,449,339,0.028800044674426317
calibration,27006,q3,node,1.0,449,449,0.027500034775584936
calibration,27006,q3,edge,0.1,362,2,0.03950000973418355
calibration,27006,q3,edge,0.25,362,22,0.03950000973418355
calibration,27006,q3,edge,0.5,362,77,0.03940000897273421
calibration,27006,q3,edge,0.75,362,198,0.03940000897273421
calibration,27006,q3,edge,1.0,362,362,0.038300000596791506
calibration,27006,q4,node,0.1,81,8,0.03330002073198557
calibration,27006,q4,node,0.25,81,26,0.03149994881823659
calibration,27006,q4,node,0.5,81,48,0.030499999411404133
calibration,27006,q4,node,0.75,81,68,0.030399998649954796
calibration,27006,q4,node,1.0,81,81,0.02889998722821474
calibration,27006,q4,edge,0.1,37,1,0.040300015825778246
calibration,27006,q4,edge,0.25,37,6,0.040300015825778246
calibration,27006,q4,edge,0.5,37,17,0.04040001658722758
calibration,27006,q4,edge,0.75,37,27,0.03979995381087065
calibration,27006,q4,edge,1.0,37,37,0.03860000288113952
calibration,27006,q5,node,0.1,80,6,0.029199989512562752
calibration,27006,q5,node,0.25,80,18,0.029099988751113415
calibration,27006,q5,node,0.5,80,42,0.028999987989664078
calibration,27006,q5,node,0.75,80,65,0.02929999027401209
calibration,27006,q5,node,1.0,80,80,0.027900037821382284
calibration,27006,q5,edge,0.1,44,1,0.03980001201853156
calibration,27006,q5,edge,0.25,44,7,0.03950000973418355
calibration,27006,q5,edge,0.5,44,13,0.03979995381087065
calibration,27006,q5,edge,0.75,44,32,0.03950000973418355
calibration,27006,q5,edge,1.0,44,44,0.038300000596791506
calibration,27006,q6,node,0.1,126,16,0.028900045435875654
calibration,27006,q6,node,0.25,126,25,0.029100046958774328
calibration,27006,q6,node,0.5,126,60,0.02889998722821474
calibration,27006,q6,node,0.75,126,97,0.02889998722821474
calibration,27006,q6,node,1.0,126,126,0.02789997961372137
calibration,27006,q6,edge,0.1,64,0,0.03960001049563289
calibration,27006,q6,edge,0.25,64,1,0.04060001811012626
calibration,27006,q6,edge,0.5,64,12,0.04110002191737294
calibration,27006,q6,edge,0.75,64,39,0.039499951526522636
calibration,27006,q6,edge,1.0,64,64,0.038300000596791506
calibration,27006,q7,node,0.1,309,31,0.028999987989664078
calibration,27006,q7,node,0.25,309,72,0.029099988751113415
calibration,27006,q7,node,0.5,309,161,0.02889998722821474
calibration,27006,q7,node,0.75,309,247,0.028900045435875654
calibration,27006,q7,node,1.0,309,309,0.027999980375170708
calibration,27006,q7,edge,0.1,165,2,0.039700011257082224
calibration,27006,q7,edge,0.25,165,14,0.03960001049563289
calibration,27006,q7,edge,0.5,165,48,0.039899954572319984
calibration,27006,q7,edge,0.75,165,111,0.039700011257082224
calibration,27006,q7,edge,1.0,165,165,0.03840000135824084
calibration,27007,q0,node,0.1,121,6,0.03489997470751405
calibration,27007,q0,node,0.25,121,21,0.029799994081258774
calibration,27007,q0,node,0.5,121,54,0.028999987989664078
calibration,27007,q0,node,0.75,121,88,0.028799986466765404
calibration,27007,q0,node,1.0,121,121,0.02770003629848361
calibration,27007,q0,edge,0.1,89,1,0.03959995228797197
calibration,27007,q0,edge,0.25,89,3,0.03940000897273421
calibration,27007,q0,edge,0.5,89,17,0.04509999416768551
calibration,27007,q0,edge,0.75,89,53,0.03950000973418355
calibration,27007,q0,edge,1.0,89,89,0.03809999907389283
calibration,27007,q1,node,0.1,123,6,0.028999987989664078
calibration,27007,q1,node,0.25,123,19,0.028799986466765404
calibration,27007,q1,node,0.5,123,59,0.028699985705316067
calibration,27007,q1,node,0.75,123,96,0.028600043151527643
calibration,27007,q1,node,1.0,123,123,0.027499976567924023
calibration,27007,q1,edge,0.1,88,0,0.03940000897273421
calibration,27007,q1,edge,0.25,88,1,0.03960001049563289
calibration,27007,q1,edge,0.5,88,20,0.04120002267882228
calibration,27007,q1,edge,0.75,88,48,0.041199964471161366
calibration,27007,q1,edge,1.0,88,88,0.040000013541430235
calibration,27007,q2,node,0.1,177,10,0.030099996365606785
calibration,27007,q2,node,0.25,177,37,0.029999995604157448
calibration,27007,q2,node,0.5,177,94,0.030199997127056122
calibration,27007,q2,node,0.75,177,136,0.029999995604157448
calibration,27007,q2,node,1.0,177,177,0.028799986466765404
calibration,27007,q2,edge,0.1,150,1,0.04109996370971203
calibration,27007,q2,edge,0.25,150,5,0.04249997437000275
calibration,27007,q2,edge,0.5,150,30,0.04109996370971203
calibration,27007,q2,edge,0.75,150,82,0.04109996370971203
calibration,27007,q2,edge,1.0,150,150,0.03979995381087065
calibration,27007,q3,node,0.1,449,24,0.030199997127056122
calibration,27007,q3,node,0.25,449,86,0.029999995604157448
calibration,27007,q3,node,0.5,449,221,0.030199997127056122
calibration,27007,q3,node,0.75,449,340,0.030700000934302807
calibration,27007,q3,node,1.0,449,449,0.029900053050369024
calibration,27007,q3,edge,0.1,362,2,0.04040001658722758
calibration,27007,q3,edge,0.25,362,12,0.04040001658722758
calibration,27007,q3,edge,0.5,362,78,0.04039995837956667
calibration,27007,q3,edge,0.75,362,202,0.04020001506432891
calibration,27007,q3,edge,1.0,362,362,0.039000005926936865
calibration,27007,q4,node,0.1,81,5,0.03370002377778292
calibration,27007,q4,node,0.25,81,14,0.032400013878941536
calibration,27007,q4,node,0.5,81,38,0.03160000778734684
calibration,27007,q4,node,0.75,81,61,0.03090000245720148
calibration,27007,q4,node,1.0,81,81,0.0295999925583601
calibration,27007,q4,edge,0.1,37,0,0.04179996903985739
calibration,27007,q4,edge,0.25,37,0,0.04150002496317029
calibration,27007,q4,edge,0.5,37,8,0.04110002191737294
calibration,27007,q4,edge,0.75,37,25,0.04080001963302493
calibration,27007,q4,edge,1.0,37,37,0.03950000973418355
calibration,27007,q5,node,0.1,80,7,0.029499991796910763
calibration,27007,q5,node,0.25,80,18,0.029699993319809437
calibration,27007,q5,node,0.5,80,38,0.029799994081258774
calibration,27007,q5,node,0.75,80,58,0.02989999484270811
calibration,27007,q5,node,1.0,80,80,0.028399983420968056
calibration,27007,q5,edge,0.1,44,1,0.04050001734867692
calibration,27007,q5,edge,0.25,44,3,0.041000021155923605
calibration,27007,q5,edge,0.5,44,12,0.04080001963302493
calibration,27007,q5,edge,0.75,44,25,0.04239997360855341
calibration,27007,q5,edge,1.0,44,44,0.03950000973418355
calibration,27007,q6,node,0.1,126,17,0.029600050766021013
calibration,27007,q6,node,0.25,126,32,0.02970005152747035
calibration,27007,q6,node,0.5,126,73,0.029600050766021013
calibration,27007,q6,node,0.75,126,100,0.029600050766021013
calibration,27007,q6,node,1.0,126,126,0.02840004162862897
calibration,27007,q6,edge,0.1,64,2,0.040499959141016006
calibration,27007,q6,edge,0.25,64,4,0.04069996066391468
calibration,27007,q6,edge,0.5,64,22,0.04040001658722758
calibration,27007,q6,edge,0.75,64,39,0.04050001734867692
calibration,27007,q6,edge,1.0,64,64,0.03920000744983554
calibration,27007,q7,node,0.1,309,31,0.029499991796910763
calibration,27007,q7,node,0.25,309,67,0.029499991796910763
calibration,27007,q7,node,0.5,309,157,0.0295999925583601
calibration,27007,q7,node,0.75,309,233,0.0295999925583601
calibration,27007,q7,node,1.0,309,309,0.028399983420968056
calibration,27007,q7,edge,0.1,165,3,0.04060001811012626
calibration,27007,q7,edge,0.25,165,7,0.04060001811012626
calibration,27007,q7,edge,0.5,165,46,0.04050001734867692
calibration,27007,q7,edge,0.75,165,97,0.04050001734867692
calibration,27007,q7,edge,1.0,165,165,0.039199949242174625
calibration,27008,q0,node,0.1,121,13,0.03840000135824084
calibration,27008,q0,node,0.25,121,34,0.03390002530068159
calibration,27008,q0,node,0.5,121,69,0.032400013878941536
calibration,27008,q0,node,0.75,121,100,0.03139994805678725
calibration,27008,q0,node,1.0,121,121,0.0295999925583601
calibration,27008,q0,edge,0.1,89,3,0.0412999652326107
calibration,27008,q0,edge,0.25,89,6,0.04029995761811733
calibration,27008,q0,edge,0.5,89,27,0.040300015825778246
calibration,27008,q0,edge,0.75,89,58,0.040300015825778246
calibration,27008,q0,edge,1.0,89,89,0.039000005926936865
calibration,27008,q1,node,0.1,123,16,0.029399991035461426
calibration,27008,q1,node,0.25,123,34,0.029399991035461426
calibration,27008,q1,node,0.5,123,61,0.029499991796910763
calibration,27008,q1,node,0.75,123,89,0.029399991035461426
calibration,27008,q1,node,1.0,123,123,0.028099981136620045
calibration,27008,q1,edge,0.1,88,1,0.04020001506432891
calibration,27008,q1,edge,0.25,88,3,0.04029995761811733
calibration,27008,q1,edge,0.5,88,22,0.04039995837956667
calibration,27008,q1,edge,0.75,88,44,0.04010001430287957
calibration,27008,q1,edge,1.0,88,88,0.039300008211284876
calibration,27008,q2,node,0.1,177,12,0.02929999027401209
calibration,27008,q2,node,0.25,177,41,0.02929999027401209
calibration,27008,q2,node,0.5,177,94,0.02929999027401209
calibration,27008,q2,node,0.75,177,131,0.029399991035461426
calibration,27008,q2,node,1.0,177,177,0.028099981136620045
calibration,27008,q2,edge,0.1,150,1,0.040300015825778246
calibration,27008,q2,edge,0.25,150,12,0.04009995609521866
calibration,27008,q2,edge,0.5,150,47,0.040300015825778246
calibration,27008,q2,edge,0.75,150,85,0.04010001430287957
calibration,27008,q2,edge,1.0,150,150,0.03890000516548753
calibration,27008,q3,node,0.1,449,44,0.029499991796910763
calibration,27008,q3,node,0.25,449,115,0.02929999027401209
calibration,27008,q3,node,0.5,449,235,0.029399991035461426
calibration,27008,q3,node,0.75,449,338,0.02929999027401209
calibration,27008,q3,node,1.0,449,449,0.028800044674426317
calibration,27008,q3,edge,0.1,362,7,0.041300023440271616
calibration,27008,q3,edge,0.25,362,24,0.041000021155923605
calibration,27008,q3,edge,0.5,362,100,0.04110002191737294
calibration,27008,q3,edge,0.75,362,199,0.041300023440271616
calibration,27008,q3,edge,1.0,362,362,0.0399000127799809
calibration,27008,q4,node,0.1,81,9,0.03390002530068159
calibration,27008,q4,node,0.25,81,27,0.03730005118995905
calibration,27008,q4,node,0.5,81,49,0.03160000778734684
calibration,27008,q4,node,0.75,81,64,0.03149994881823659
calibration,27008,q4,node,1.0,81,81,0.20790001144632697
calibration,27008,q4,edge,0.1,37,0,0.04669994814321399
calibration,27008,q4,edge,0.25,37,1,0.0475000124424696
calibration,27008,q4,edge,0.5,37,10,0.04600000102072954
calibration,27008,q4,edge,0.75,37,21,0.046200002543628216
calibration,27008,q4,edge,1.0,37,37,0.04529999569058418
calibration,27008,q5,node,0.1,80,6,0.04439998883754015
calibration,27008,q5,node,0.25,80,18,0.037299992982298136
calibration,27008,q5,node,0.5,80,39,0.0363999861292541
calibration,27008,q5,node,0.75,80,59,0.03809999907389283
calibration,27008,q5,node,1.0,80,80,0.033100019209086895
calibration,27008,q5,edge,0.1,44,0,0.042199972085654736
calibration,27008,q5,edge,0.25,44,2,0.041700026486068964
calibration,27008,q5,edge,0.5,44,13,0.04140002420172095
calibration,27008,q5,edge,0.75,44,31,0.04160002572461963
calibration,27008,q5,edge,1.0,44,44,0.04020001506432891
calibration,27008,q6,node,0.1,126,13,0.030399998649954796
calibration,27008,q6,node,0.25,126,26,0.030199997127056122
calibration,27008,q6,node,0.5,126,59,0.03029999788850546
calibration,27008,q6,node,0.75,126,100,0.03249995643272996
calibration,27008,q6,node,1.0,126,126,0.031000003218650818
calibration,27008,q6,edge,0.1,64,0,0.04379998426884413
calibration,27008,q6,edge,0.25,64,1,0.043000036384910345
calibration,27008,q6,edge,0.5,64,11,0.05140004213899374
calibration,27008,q6,edge,0.75,64,43,0.041199964471161366
calibration,27008,q6,edge,1.0,64,64,0.04009995609521866
calibration,27008,q7,node,0.1,309,31,0.030499999411404133
calibration,27008,q7,node,0.25,309,78,0.324699969496578
calibration,27008,q7,node,0.5,309,158,0.043599982745945454
calibration,27008,q7,node,0.75,309,239,0.21730002481490374
calibration,27008,q7,node,1.0,309,309,0.03539997851476073
calibration,27008,q7,edge,0.1,165,0,0.04549999721348286
calibration,27008,q7,edge,0.25,165,5,0.04349998198449612
calibration,27008,q7,edge,0.5,165,39,0.041000021155923605
calibration,27008,q7,edge,0.75,165,104,0.043300038669258356
calibration,27008,q7,edge,1.0,165,165,0.03960001049563289
calibration,27009,q0,node,0.1,121,17,0.3168000257574022
calibration,27009,q0,node,0.25,121,32,0.04069996066391468
calibration,27009,q0,node,0.5,121,64,0.03530003596097231
calibration,27009,q0,node,0.75,121,90,0.030199997127056122
calibration,27009,q0,node,1.0,121,121,0.028399983420968056
calibration,27009,q0,edge,0.1,89,1,0.291600008495152
calibration,27009,q0,edge,0.25,89,7,0.04610000178217888
calibration,27009,q0,edge,0.5,89,34,0.06990000838413835
calibration,27009,q0,edge,0.75,89,55,0.05959998816251755
calibration,27009,q0,edge,1.0,89,89,0.04249997437000275
calibration,27009,q1,node,0.1,123,18,0.030099996365606785
calibration,27009,q1,node,0.25,123,39,0.049399968702346087
calibration,27009,q1,node,0.5,123,69,0.036299985367804766
calibration,27009,q1,node,0.75,123,97,0.03060000017285347
calibration,27009,q1,node,1.0,123,123,0.028699985705316067
calibration,27009,q1,edge,0.1,88,1,0.03950000973418355
calibration,27009,q1,edge,0.25,88,7,0.03920000744983554
calibration,27009,q1,edge,0.5,88,29,0.039000005926936865
calibration,27009,q1,edge,0.75,88,52,0.03920000744983554
calibration,27009,q1,edge,1.0,88,88,0.037699996028095484
calibration,27009,q2,node,0.1,177,14,0.029499991796910763
calibration,27009,q2,node,0.25,177,27,0.029699993319809437
calibration,27009,q2,node,0.5,177,67,0.029499991796910763
calibration,27009,q2,node,0.75,177,122,0.030099996365606785
calibration,27009,q2,node,1.0,177,177,0.02829998265951872
calibration,27009,q2,edge,0.1,150,4,0.03940000897273421
calibration,27009,q2,edge,0.25,150,6,0.039300008211284876
calibration,27009,q2,edge,0.5,150,22,0.03960001049563289
calibration,27009,q2,edge,0.75,150,73,0.0391000066883862
calibration,27009,q2,edge,1.0,150,150,0.03819999983534217
calibration,27009,q3,node,0.1,449,52,0.0295999925583601
calibration,27009,q3,node,0.25,449,108,0.029499991796910763
calibration,27009,q3,node,0.5,449,215,0.029699993319809437
calibration,27009,q3,node,0.75,449,329,0.0295999925583601
calibration,27009,q3,node,1.0,449,449,0.028999987989664078
calibration,27009,q3,edge,0.1,362,7,0.038300000596791506
calibration,27009,q3,edge,0.25,362,22,0.039499951526522636
calibration,27009,q3,edge,0.5,362,97,0.03819999983534217
calibration,27009,q3,edge,0.75,362,202,0.0391000066883862
calibration,27009,q3,edge,1.0,362,362,0.037299992982298136
calibration,27009,q4,node,0.1,81,12,0.03320001997053623
calibration,27009,q4,node,0.25,81,21,0.03090000245720148
calibration,27009,q4,node,0.5,81,44,0.029999995604157448
calibration,27009,q4,node,0.75,81,64,0.029799994081258774
calibration,27009,q4,node,1.0,81,81,0.02819998189806938
calibration,27009,q4,edge,0.1,37,1,0.03759999526664615
calibration,27009,q4,edge,0.25,37,2,0.036999990697950125
calibration,27009,q4,edge,0.5,37,14,0.036800047382712364
calibration,27009,q4,edge,0.75,37,23,0.04469999112188816
calibration,27009,q4,edge,1.0,37,37,0.03659998765215278
calibration,27009,q5,node,0.1,80,7,0.027800037059932947
calibration,27009,q5,node,0.25,80,17,0.02759997732937336
calibration,27009,q5,node,0.5,80,43,0.02759997732937336
calibration,27009,q5,node,0.75,80,61,0.02789997961372137
calibration,27009,q5,node,1.0,80,80,0.026699970476329327
calibration,27009,q5,edge,0.1,44,0,0.03649998689070344
calibration,27009,q5,edge,0.25,44,3,0.03679998917505145
calibration,27009,q5,edge,0.5,44,12,0.03649998689070344
calibration,27009,q5,edge,0.75,44,20,0.03689998993650079
calibration,27009,q5,edge,1.0,44,44,0.03550003748387098
calibration,27009,q6,node,0.1,126,10,0.028999987989664078
calibration,27009,q6,node,0.25,126,26,0.02729997504502535
calibration,27009,q6,node,0.5,126,63,0.027200032491236925
calibration,27009,q6,node,0.75,126,93,0.027099973522126675
calibration,27009,q6,node,1.0,126,126,0.02619996666908264
calibration,27009,q6,edge,0.1,64,0,0.03619998460635543
calibration,27009,q6,edge,0.25,64,4,0.03619998460635543
calibration,27009,q6,edge,0.5,64,13,0.03650004509836435
calibration,27009,q6,edge,0.75,64,37,0.0363999861292541
calibration,27009,q6,edge,1.0,64,64,0.047600013203918934
calibration,27009,q7,node,0.1,309,29,0.027600035537034273
calibration,27009,q7,node,0.25,309,67,0.02729997504502535
calibration,27009,q7,node,0.5,309,157,0.027099973522126675
calibration,27009,q7,node,0.75,309,232,0.027200032491236925
calibration,27009,q7,node,1.0,309,309,0.026099965907633305
calibration,27009,q7,edge,0.1,165,1,0.03579998156055808
calibration,27009,q7,edge,0.25,165,9,0.036400044336915016
calibration,27009,q7,edge,0.5,165,40,0.035999983083456755
calibration,27009,q7,edge,0.75,165,86,0.035800039768218994
calibration,27009,q7,edge,1.0,165,165,0.03479997394606471
calibration,27010,q0,node,0.1,121,9,0.03700004890561104
calibration,27010,q0,node,0.25,121,26,0.030099996365606785
calibration,27010,q0,node,0.5,121,63,0.02800003858283162
calibration,27010,q0,node,0.75,121,100,0.027100031729787588
calibration,27010,q0,node,1.0,121,121,0.027699978090822697
calibration,27010,q0,edge,0.1,89,0,0.03600004129111767
calibration,27010,q0,edge,0.25,89,3,0.03819999983534217
calibration,27010,q0,edge,0.5,89,22,0.036299985367804766
calibration,27010,q0,edge,0.75,89,56,0.03950000973418355
calibration,27010,q0,edge,1.0,89,89,0.036999990697950125
calibration,27010,q1,node,0.1,123,13,0.02700003096833825
calibration,27010,q1,node,0.25,123,30,0.02859998494386673
calibration,27010,q1,node,0.5,123,58,0.026999972760677338
calibration,27010,q1,node,0.75,123,91,0.027100031729787588
calibration,27010,q1,node,1.0,123,123,0.027099973522126675
calibration,27010,q1,edge,0.1,88,1,0.035299977753311396
calibration,27010,q1,edge,0.25,88,5,0.03550003748387098
calibration,27010,q1,edge,0.5,88,20,0.034999975468963385
calibration,27010,q1,edge,0.75,88,49,0.03489997470751405
calibration,27010,q1,edge,1.0,88,88,0.033800024539232254
calibration,27010,q2,node,0.1,177,15,0.026399968191981316
calibration,27010,q2,node,0.25,177,39,0.0323000131174922
calibration,27010,q2,node,0.5,177,89,0.026300025638192892
calibration,27010,q2,node,0.75,177,134,0.026500027161091566
calibration,27010,q2,node,1.0,177,177,0.025300018023699522
calibration,27010,q2,edge,0.1,150,1,0.034999975468963385
calibration,27010,q2,edge,0.25,150,10,0.03490003291517496
calibration,27010,q2,edge,0.5,150,40,0.03509997623041272
calibration,27010,q2,edge,0.75,150,85,0.035400036722421646
calibration,27010,q2,edge,1.0,150,150,0.03389996709302068
calibration,27010,q3,node,0.1,449,39,0.02640002639964223
calibration,27010,q3,node,0.25,449,100,0.02640002639964223
calibration,27010,q3,node,0.5,449,223,0.026600027922540903
calibration,27010,q3,node,0.75,449,348,0.02640002639964223
calibration,27010,q3,node,1.0,449,449,0.025300018023699522
calibration,27010,q3,edge,0.1,362,2,0.0350000336766243
calibration,27010,q3,edge,0.25,362,19,0.03489997470751405
calibration,27010,q3,edge,0.5,362,91,0.03489997470751405
calibration,27010,q3,edge,0.75,362,213,0.035100034438073635
calibration,27010,q3,edge,1.0,362,362,0.034100026823580265
calibration,27010,q4,node,0.1,81,3,0.030099996365606785
calibration,27010,q4,node,0.25,81,21,0.028600043151527643
calibration,27010,q4,node,0.5,81,36,0.027499976567924023
calibration,27010,q4,node,0.75,81,62,0.15750003512948751
calibration,27010,q4,node,1.0,81,81,0.033999967854470015
calibration,27010,q4,edge,0.1,37,0,0.04009995609521866
calibration,27010,q4,edge,0.25,37,2,0.03960001049563289
calibration,27010,q4,edge,0.5,37,6,0.04040001658722758
calibration,27010,q4,edge,0.75,37,21,0.038700003642588854
calibration,27010,q4,edge,1.0,37,37,0.03980001201853156
calibration,27010,q5,node,0.1,80,14,0.028799986466765404
calibration,27010,q5,node,0.25,80,23,0.02759997732937336
calibration,27010,q5,node,0.5,80,50,0.02729997504502535
calibration,27010,q5,node,0.75,80,64,0.027300033252686262
calibration,27010,q5,node,1.0,80,80,0.02759997732937336
calibration,27010,q5,edge,0.1,44,1,0.03649998689070344
calibration,27010,q5,edge,0.25,44,6,0.03809999907389283
calibration,27010,q5,edge,0.5,44,18,0.03660004585981369
calibration,27010,q5,edge,0.75,44,28,0.03709999145939946
calibration,27010,q5,edge,1.0,44,44,0.03789999755099416
calibration,27010,q6,node,0.1,126,12,0.027200032491236925
calibration,27010,q6,node,0.25,126,29,0.02759997732937336
calibration,27010,q6,node,0.5,126,69,0.02719997428357601
calibration,27010,q6,node,0.75,126,94,0.03430002834647894
calibration,27010,q6,node,1.0,126,126,0.026100024115294218
calibration,27010,q6,edge,0.1,64,0,0.03890000516548753
calibration,27010,q6,edge,0.25,64,1,0.037999998312443495
calibration,27010,q6,edge,0.5,64,12,0.0391000066883862
calibration,27010,q6,edge,0.75,64,27,0.03809999907389283
calibration,27010,q6,edge,1.0,64,64,0.03630004357546568
calibration,27010,q7,node,0.1,309,29,0.02729997504502535
calibration,27010,q7,node,0.25,309,79,0.02729997504502535
calibration,27010,q7,node,0.5,309,166,0.0274000340141356
calibration,27010,q7,node,0.75,309,237,0.02729997504502535
calibration,27010,q7,node,1.0,309,309,0.026100024115294218
calibration,27010,q7,edge,0.1,165,2,0.03760005347430706
calibration,27010,q7,edge,0.25,165,11,0.03739999374374747
calibration,27010,q7,edge,0.5,165,45,0.0371999922208488
calibration,27010,q7,edge,0.75,165,91,0.03739999374374747
calibration,27010,q7,edge,1.0,165,165,0.036100042052567005
calibration,27011,q0,node,0.1,121,11,0.03679998917505145
calibration,27011,q0,node,0.25,121,33,0.03319996176287532
calibration,27011,q0,node,0.5,121,58,0.03309996100142598
calibration,27011,q0,node,0.75,121,93,0.03459997242316604
calibration,27011,q0,node,1.0,121,121,0.026399968191981316
calibration,27011,q0,edge,0.1,89,0,0.04240003181621432
calibration,27011,q0,edge,0.25,89,4,0.036400044336915016
calibration,27011,q0,edge,0.5,89,18,0.036299985367804766
calibration,27011,q0,edge,0.75,89,45,0.04269997589290142
calibration,27011,q0,edge,1.0,89,89,0.03559998003765941
calibration,27011,q1,node,0.1,123,17,0.026100024115294218
calibration,27011,q1,node,0.25,123,33,0.026100024115294218
calibration,27011,q1,node,0.5,123,63,0.02600002335384488
calibration,27011,q1,node,0.75,123,93,0.026100024115294218
calibration,27011,q1,node,1.0,123,123,0.024900014977902174
calibration,27011,q1,edge,0.1,88,3,0.03559998003765941
calibration,27011,q1,edge,0.25,88,6,0.03560003824532032
calibration,27011,q1,edge,0.5,88,20,0.03559998003765941
calibration,27011,q1,edge,0.75,88,48,0.03560003824532032
calibration,27011,q1,edge,1.0,88,88,0.03459997242316604
calibration,27011,q2,node,0.1,177,16,0.026200024876743555
calibration,27011,q2,node,0.25,177,38,0.02600002335384488
calibration,27011,q2,node,0.5,177,73,0.026100024115294218
calibration,27011,q2,node,0.75,177,130,0.02600002335384488
calibration,27011,q2,node,1.0,177,177,0.024900014977902174
calibration,27011,q2,edge,0.1,150,3,0.035699980799108744
calibration,27011,q2,edge,0.25,150,9,0.036299985367804766
calibration,27011,q2,edge,0.5,150,29,0.03630004357546568
calibration,27011,q2,edge,0.75,150,85,0.036299985367804766
calibration,27011,q2,edge,1.0,150,150,0.03519997699186206
calibration,27011,q3,node,0.1,449,47,0.026600027922540903
calibration,27011,q3,node,0.25,449,109,0.02659996971487999
calibration,27011,q3,node,0.5,449,206,0.02659996971487999
calibration,27011,q3,node,0.75,449,336,0.031599949579685926
calibration,27011,q3,node,1.0,449,449,0.025499961338937283
calibration,27011,q3,edge,0.1,362,6,0.03649998689070344
calibration,27011,q3,edge,0.25,362,20,0.03659998765215278
calibration,27011,q3,edge,0.5,362,70,0.036400044336915016
calibration,27011,q3,edge,0.75,362,189,0.0363999861292541
calibration,27011,q3,edge,1.0,362,362,0.03519997699186206
calibration,27011,q4,node,0.1,81,10,0.030500057619065046
calibration,27011,q4,node,0.25,81,21,0.02870004391297698
calibration,27011,q4,node,0.5,81,41,0.02759997732937336
calibration,27011,q4,node,0.75,81,60,0.02770003629848361
calibration,27011,q4,node,1.0,81,81,0.025999965146183968
calibration,27011,q4,edge,0.1,37,0,0.036699988413602114
calibration,27011,q4,edge,0.25,37,2,0.03679998917505145
calibration,27011,q4,edge,0.5,37,9,0.0363999861292541
calibration,27011,q4,edge,0.75,37,22,0.036400044336915016
calibration,27011,q4,edge,1.0,37,37,0.035299977753311396
calibration,27011,q5,node,0.1,80,2,0.026699970476329327
calibration,27011,q5,node,0.25,80,18,0.026699970476329327
calibration,27011,q5,node,0.5,80,38,0.026900030206888914
calibration,27011,q5,node,0.75,80,57,0.02670002868399024
calibration,27011,q5,node,1.0,80,80,0.025800021830946207
calibration,27011,q5,edge,0.1,44,0,0.03660004585981369
calibration,27011,q5,edge,0.25,44,4,0.036699988413602114
calibration,27011,q5,edge,0.5,44,7,0.03649998689070344
calibration,27011,q5,edge,0.75,44,28,0.0363999861292541
calibration,27011,q5,edge,1.0,44,44,0.036699988413602114
calibration,27011,q6,node,0.1,126,12,0.027799978852272034
calibration,27011,q6,node,0.25,126,32,0.028099981136620045
calibration,27011,q6,node,0.5,126,67,0.027699978090822697
calibration,27011,q6,node,0.75,126,99,0.02789997961372137
calibration,27011,q6,node,1.0,126,126,0.026600027922540903
calibration,27011,q6,edge,0.1,64,0,0.03819999983534217
calibration,27011,q6,edge,0.25,64,3,0.03809999907389283
calibration,27011,q6,edge,0.5,64,18,0.03860000288113952
calibration,27011,q6,edge,0.75,64,39,0.038300000596791506
calibration,27011,q6,edge,1.0,64,64,0.03689998993650079
calibration,27011,q7,node,0.1,309,24,0.027799978852272034
calibration,27011,q7,node,0.25,309,77,0.02789997961372137
calibration,27011,q7,node,0.5,309,156,0.027900037821382284
calibration,27011,q7,node,0.75,309,234,0.027799978852272034
calibration,27011,q7,node,1.0,309,309,0.026699970476329327
calibration,27011,q7,edge,0.1,165,0,0.03809999907389283
calibration,27011,q7,edge,0.25,165,9,0.03819999983534217
calibration,27011,q7,edge,0.5,165,37,0.037999998312443495
calibration,27011,q7,edge,0.75,165,99,0.038300000596791506
calibration,27011,q7,edge,1.0,165,165,0.03689998993650079
calibration,27012,q0,node,0.1,121,11,0.03679998917505145
calibration,27012,q0,node,0.25,121,33,0.0342000275850296
calibration,27012,q0,node,0.5,121,66,0.0363999861292541
calibration,27012,q0,node,0.75,121,97,0.03319996176287532
calibration,27012,q0,node,1.0,121,121,0.03160000778734684
calibration,27012,q0,edge,0.1,89,1,0.03860000288113952
calibration,27012,q0,edge,0.25,89,9,0.043199979700148106
calibration,27012,q0,edge,0.5,89,28,0.037999998312443495
calibration,27012,q0,edge,0.75,89,65,0.037699996028095484
calibration,27012,q0,edge,1.0,89,89,0.03679998917505145
calibration,27012,q1,node,0.1,123,14,0.02770003629848361
calibration,27012,q1,node,0.25,123,36,0.027499976567924023
calibration,27012,q1,node,0.5,123,58,0.027600035537034273
calibration,27012,q1,node,0.75,123,93,0.027499976567924023
calibration,27012,q1,node,1.0,123,123,0.026500027161091566
calibration,27012,q1,edge,0.1,88,3,0.037699996028095484
calibration,27012,q1,edge,0.25,88,10,0.03789999755099416
calibration,27012,q1,edge,0.5,88,23,0.037699996028095484
calibration,27012,q1,edge,0.75,88,48,0.037699996028095484
calibration,27012,q1,edge,1.0,88,88,0.03679998917505145
calibration,27012,q2,node,0.1,177,17,0.027500034775584936
calibration,27012,q2,node,0.25,177,50,0.027499976567924023
calibration,27012,q2,node,0.5,177,99,0.027799978852272034
calibration,27012,q2,node,0.75,177,134,0.027500034775584936
calibration,27012,q2,node,1.0,177,177,0.02629996743053198
calibration,27012,q2,edge,0.1,150,3,0.037699996028095484
calibration,27012,q2,edge,0.25,150,12,0.03789999755099416
calibration,27012,q2,edge,0.5,150,47,0.03789999755099416
calibration,27012,q2,edge,0.75,150,84,0.038700003642588854
calibration,27012,q2,edge,1.0,150,150,0.03759999526664615
calibration,27012,q3,node,0.1,449,47,0.028300040867179632
calibration,27012,q3,node,0.25,449,131,0.02819998189806938
calibration,27012,q3,node,0.5,449,242,0.028099981136620045
calibration,27012,q3,node,0.75,449,349,0.03290001768618822
calibration,27012,q3,node,1.0,449,449,0.027099973522126675
calibration,27012,q3,edge,0.1,362,8,0.03860000288113952
calibration,27012,q3,edge,0.25,362,36,0.038700003642588854
calibration,27012,q3,edge,0.5,362,109,0.03850000211969018
calibration,27012,q3,edge,0.75,362,219,0.03850000211969018
calibration,27012,q3,edge,1.0,362,362,0.03739999374374747
calibration,27012,q4,node,0.1,81,8,0.0323000131174922
calibration,27012,q4,node,0.25,81,22,0.030399998649954796
calibration,27012,q4,node,0.5,81,38,0.029999995604157448
calibration,27012,q4,node,0.75,81,64,0.030099996365606785
calibration,27012,q4,node,1.0,81,81,0.02829998265951872
calibration,27012,q4,edge,0.1,37,1,0.040300015825778246
calibration,27012,q4,edge,0.25,37,2,0.0399000127799809
calibration,27012,q4,edge,0.5,37,6,0.03969995304942131
calibration,27012,q4,edge,0.75,37,22,0.03980001201853156
calibration,27012,q4,edge,1.0,37,37,0.03850000211969018
calibration,27012,q5,node,0.1,80,9,0.028999987989664078
calibration,27012,q5,node,0.25,80,23,0.029099988751113415
calibration,27012,q5,node,0.5,80,44,0.02900004619732499
calibration,27012,q5,node,0.75,80,60,0.029099988751113415
calibration,27012,q5,node,1.0,80,80,0.027799978852272034
calibration,27012,q5,edge,0.1,44,0,0.039700011257082224
calibration,27012,q5,edge,0.25,44,4,0.04150002496317029
calibration,27012,q5,edge,0.5,44,9,0.04339998122304678
calibration,27012,q5,edge,0.75,44,20,0.04340003943070769
calibration,27012,q5,edge,1.0,44,44,0.04269997589290142
calibration,27012,q6,node,0.1,126,7,0.03170000854879618
calibration,27012,q6,node,0.25,126,25,0.03200001083314419
calibration,27012,q6,node,0.5,126,55,0.031800009310245514
calibration,27012,q6,node,0.75,126,90,0.03170000854879618
calibration,27012,q6,node,1.0,126,126,0.030399998649954796
calibration,27012,q6,edge,0.1,64,1,0.04320003790780902
calibration,27012,q6,edge,0.25,64,4,0.043599982745945454
calibration,27012,q6,edge,0.5,64,14,0.04349998198449612
calibration,27012,q6,edge,0.75,64,36,0.04340003943070769
calibration,27012,q6,edge,1.0,64,64,0.042199972085654736
calibration,27012,q7,node,0.1,309,26,0.029799994081258774
calibration,27012,q7,node,0.25,309,76,0.02989999484270811
calibration,27012,q7,node,0.5,309,148,0.02989999484270811
calibration,27012,q7,node,0.75,309,231,0.0295999925583601
calibration,27012,q7,node,1.0,309,309,0.02829998265951872
calibration,27012,q7,edge,0.1,165,2,0.04050001734867692
calibration,27012,q7,edge,0.25,165,11,0.040700018871575594
calibration,27012,q7,edge,0.5,165,33,0.04060001811012626
calibration,27012,q7,edge,0.75,165,88,0.040499959141016006
calibration,27012,q7,edge,1.0,165,165,0.039700011257082224
calibration,27013,q0,node,0.1,121,12,0.0513000413775444
calibration,27013,q0,node,0.25,121,29,0.03679998917505145
calibration,27013,q0,node,0.5,121,66,0.03350002225488424
calibration,27013,q0,node,0.75,121,93,0.03430002834647894
calibration,27013,q0,node,1.0,121,121,0.034999975468963385
calibration,27013,q0,edge,0.1,89,0,0.04040001658722758
calibration,27013,q0,edge,0.25,89,5,0.040199956856667995
calibration,27013,q0,edge,0.5,89,22,0.040300015825778246
calibration,27013,q0,edge,0.75,89,54,0.04010001430287957
calibration,27013,q0,edge,1.0,89,89,0.039000005926936865
calibration,27013,q1,node,0.1,123,11,0.0295999925583601
calibration,27013,q1,node,0.25,123,27,0.029499991796910763
calibration,27013,q1,node,0.5,123,58,0.029199989512562752
calibration,27013,q1,node,0.75,123,91,0.02929999027401209
calibration,27013,q1,node,1.0,123,123,0.028100039344280958
calibration,27013,q1,edge,0.1,88,0,0.04020001506432891
calibration,27013,q1,edge,0.25,88,3,0.04029995761811733
calibration,27013,q1,edge,0.5,88,26,0.040300015825778246
calibration,27013,q1,edge,0.75,88,50,0.04040001658722758
calibration,27013,q1,edge,1.0,88,88,0.039000005926936865
calibration,27013,q2,node,0.1,177,13,0.03809999907389283
calibration,27013,q2,node,0.25,177,40,0.0295999925583601
calibration,27013,q2,node,0.5,177,88,0.029399991035461426
calibration,27013,q2,node,0.75,177,130,0.02929999027401209
calibration,27013,q2,node,1.0,177,177,0.028399983420968056
calibration,27013,q2,edge,0.1,150,0,0.07730000652372837
calibration,27013,q2,edge,0.25,150,8,0.050499977078288794
calibration,27013,q2,edge,0.5,150,42,0.04409998655319214
calibration,27013,q2,edge,0.75,150,89,0.17390004359185696
calibration,27013,q2,edge,1.0,150,150,0.09510002564638853
calibration,27013,q3,node,0.1,449,38,0.04529999569058418
calibration,27013,q3,node,0.25,449,104,0.03920000744983554
calibration,27013,q3,node,0.5,449,228,0.037999998312443495
calibration,27013,q3,node,0.75,449,337,0.03789999755099416
calibration,27013,q3,node,1.0,449,449,0.034400029107928276
calibration,27013,q3,edge,0.1,362,0,0.04050001734867692
calibration,27013,q3,edge,0.25,362,16,0.040499959141016006
calibration,27013,q3,edge,0.5,362,99,0.040300015825778246
calibration,27013,q3,edge,0.75,362,214,0.04050001734867692
calibration,27013,q3,edge,1.0,362,362,0.0391000066883862
calibration,27013,q4,node,0.1,81,10,0.0342000275850296
calibration,27013,q4,node,0.25,81,23,0.03519997699186206
calibration,27013,q4,node,0.5,81,39,0.03320001997053623
calibration,27013,q4,node,0.75,81,58,0.030800001695752144
calibration,27013,q4,node,1.0,81,81,0.03170000854879618
calibration,27013,q4,edge,0.1,37,0,0.04110002191737294
calibration,27013,q4,edge,0.25,37,3,0.04080001963302493
calibration,27013,q4,edge,0.5,37,8,0.04910002462565899
calibration,27013,q4,edge,0.75,37,19,0.05719996988773346
calibration,27013,q4,edge,1.0,37,37,0.0420999713242054
calibration,27013,q5,node,0.1,80,8,0.0926000066101551
calibration,27013,q5,node,0.25,80,12,0.041700026486068964
calibration,27013,q5,node,0.5,80,36,0.042600033339113
calibration,27013,q5,node,0.75,80,61,0.03950000973418355
calibration,27013,q5,node,1.0,80,80,0.028999987989664078
calibration,27013,q5,edge,0.1,44,0,0.04109996370971203
calibration,27013,q5,edge,0.25,44,0,0.04069996066391468
calibration,27013,q5,edge,0.5,44,4,0.04569999873638153
calibration,27013,q5,edge,0.75,44,24,0.044899992644786835
calibration,27013,q5,edge,1.0,44,44,0.08679996244609356
calibration,27013,q6,node,0.1,126,13,0.034699973184615374
calibration,27013,q6,node,0.25,126,37,0.03959995228797197
calibration,27013,q6,node,0.5,126,72,0.4466999671421945
calibration,27013,q6,node,0.75,126,99,0.0418000272475183
calibration,27013,q6,node,1.0,126,126,0.03539997851476073
calibration,27013,q6,edge,0.1,64,0,0.04099996294826269
calibration,27013,q6,edge,0.25,64,3,0.04099996294826269
calibration,27013,q6,edge,0.5,64,23,0.041000021155923605
calibration,27013,q6,edge,0.75,64,43,0.040000013541430235
calibration,27013,q6,edge,1.0,64,64,0.038499943912029266
calibration,27013,q7,node,0.1,309,35,0.029399991035461426
calibration,27013,q7,node,0.25,309,81,0.029199989512562752
calibration,27013,q7,node,0.5,309,159,0.029100046958774328
calibration,27013,q7,node,0.75,309,234,0.029099988751113415
calibration,27013,q7,node,1.0,309,309,0.027799978852272034
calibration,27013,q7,edge,0.1,165,0,0.0399000127799809
calibration,27013,q7,edge,0.25,165,8,0.0399000127799809
calibration,27013,q7,edge,0.5,165,42,0.12939999578520656
calibration,27013,q7,edge,0.75,165,99,0.056100019719451666
calibration,27013,q7,edge,1.0,165,165,0.04020001506432891
calibration,27014,q0,node,0.1,121,13,0.0377000542357564
calibration,27014,q0,node,0.25,121,29,0.03319996176287532
calibration,27014,q0,node,0.5,121,58,0.031100003980100155
calibration,27014,q0,node,0.75,121,94,0.04179996903985739
calibration,27014,q0,node,1.0,121,121,0.02829998265951872
calibration,27014,q0,edge,0.1,89,0,0.038700003642588854
calibration,27014,q0,edge,0.25,89,3,0.03840000135824084
calibration,27014,q0,edge,0.5,89,19,0.03920000744983554
calibration,27014,q0,edge,0.75,89,60,0.04280003486201167
calibration,27014,q0,edge,1.0,89,89,0.037299992982298136
calibration,27014,q1,node,0.1,123,9,0.02819998189806938
calibration,27014,q1,node,0.25,123,21,0.027999980375170708
calibration,27014,q1,node,0.5,123,52,0.028100039344280958
calibration,27014,q1,node,0.75,123,93,0.028099981136620045
calibration,27014,q1,node,1.0,123,123,0.026900030206888914
calibration,27014,q1,edge,0.1,88,1,0.03860000288113952
calibration,27014,q1,edge,0.25,88,2,0.049799971748143435
calibration,27014,q1,edge,0.5,88,17,0.03860000288113952
calibration,27014,q1,edge,0.75,88,46,0.038300000596791506
calibration,27014,q1,edge,1.0,88,88,0.03749999450519681
calibration,27014,q2,node,0.1,177,17,0.028099981136620045
calibration,27014,q2,node,0.25,177,49,0.02819998189806938
calibration,27014,q2,node,0.5,177,95,0.028100039344280958
calibration,27014,q2,node,0.75,177,138,0.03029999788850546
calibration,27014,q2,node,1.0,177,177,0.02700003096833825
calibration,27014,q2,edge,0.1,150,0,0.03850000211969018
calibration,27014,q2,edge,0.25,150,11,0.03860000288113952
calibration,27014,q2,edge,0.5,150,47,0.03860000288113952
calibration,27014,q2,edge,0.75,150,92,0.03850000211969018
calibration,27014,q2,edge,1.0,150,150,0.036699988413602114
calibration,27014,q3,node,0.1,449,44,0.027600035537034273
calibration,27014,q3,node,0.25,449,107,0.027699978090822697
calibration,27014,q3,node,0.5,449,221,0.027500034775584936
calibration,27014,q3,node,0.75,449,349,0.027499976567924023
calibration,27014,q3,node,1.0,449,449,0.02640002639964223
calibration,27014,q3,edge,0.1,362,2,0.037699996028095484
calibration,27014,q3,edge,0.25,362,19,0.049200025387108326
calibration,27014,q3,edge,0.5,362,91,0.037800054997205734
calibration,27014,q3,edge,0.75,362,219,0.03759999526664615
calibration,27014,q3,edge,1.0,362,362,0.036699988413602114
calibration,27014,q4,node,0.1,81,3,0.0315000070258975
calibration,27014,q4,node,0.25,81,17,0.029999995604157448
calibration,27014,q4,node,0.5,81,47,0.029199989512562752
calibration,27014,q4,node,0.75,81,66,0.029099988751113415
calibration,27014,q4,node,1.0,81,81,0.027300033252686262
calibration,27014,q4,edge,0.1,37,0,0.03880000440403819
calibration,27014,q4,edge,0.25,37,2,0.03850000211969018
calibration,27014,q4,edge,0.5,37,13,0.03850000211969018
calibration,27014,q4,edge,0.75,37,26,0.03819999983534217
calibration,27014,q4,edge,1.0,37,37,0.04579999949783087
calibration,27014,q5,node,0.1,80,7,0.02829998265951872
calibration,27014,q5,node,0.25,80,22,0.02800003858283162
calibration,27014,q5,node,0.5,80,39,0.02789997961372137
calibration,27014,q5,node,0.75,80,60,0.027800037059932947
calibration,27014,q5,node,1.0,80,80,0.026699970476329327
calibration,27014,q5,edge,0.1,44,0,0.03809999907389283
calibration,27014,q5,edge,0.25,44,6,0.04280003486201167
calibration,27014,q5,edge,0.5,44,13,0.03809999907389283
calibration,27014,q5,edge,0.75,44,24,0.03819999983534217
calibration,27014,q5,edge,1.0,44,44,0.03689998993650079
calibration,27014,q6,node,0.1,126,7,0.02789997961372137
calibration,27014,q6,node,0.25,126,28,0.02819998189806938
calibration,27014,q6,node,0.5,126,58,0.027799978852272034
calibration,27014,q6,node,0.75,126,92,0.02870004391297698
calibration,27014,q6,node,1.0,126,126,0.02619996666908264
calibration,27014,q6,edge,0.1,64,0,0.037299992982298136
calibration,27014,q6,edge,0.25,64,2,0.037299992982298136
calibration,27014,q6,edge,0.5,64,7,0.037299992982298136
calibration,27014,q6,edge,0.75,64,27,0.0371999922208488
calibration,27014,q6,edge,1.0,64,64,0.03609998384490609
calibration,27014,q7,node,0.1,309,17,0.027499976567924023
calibration,27014,q7,node,0.25,309,72,0.02729997504502535
calibration,27014,q7,node,0.5,309,156,0.0274000340141356
calibration,27014,q7,node,0.75,309,239,0.027399975806474686
calibration,27014,q7,node,1.0,309,309,0.026100024115294218
calibration,27014,q7,edge,0.1,165,0,0.03720005042850971
calibration,27014,q7,edge,0.25,165,11,0.03739999374374747
calibration,27014,q7,edge,0.5,165,37,0.03860000288113952
calibration,27014,q7,edge,0.75,165,88,0.03840000135824084
calibration,27014,q7,edge,1.0,165,165,0.04449998959898949
calibration,27015,q0,node,0.1,121,12,0.03749999450519681
calibration,27015,q0,node,0.25,121,28,0.028499984182417393
calibration,27015,q0,node,0.5,121,55,0.027100031729787588
calibration,27015,q0,node,0.75,121,89,0.027799978852272034
calibration,27015,q0,node,1.0,121,121,0.025800021830946207
calibration,27015,q0,edge,0.1,89,0,0.03590004052966833
calibration,27015,q0,edge,0.25,89,5,0.035699980799108744
calibration,27015,q0,edge,0.5,89,23,0.036699988413602114
calibration,27015,q0,edge,0.75,89,56,0.03619998460635543
calibration,27015,q0,edge,1.0,89,89,0.03470003139227629
calibration,27015,q1,node,0.1,123,12,0.02719997428357601
calibration,27015,q1,node,0.25,123,30,0.027100031729787588
calibration,27015,q1,node,0.5,123,68,0.026999972760677338
calibration,27015,q1,node,0.75,123,97,0.026999972760677338
calibration,27015,q1,node,1.0,123,123,0.02789997961372137
calibration,27015,q1,edge,0.1,88,0,0.03819999983534217
calibration,27015,q1,edge,0.25,88,4,0.04079996142536402
calibration,27015,q1,edge,0.5,88,30,0.048600020818412304
calibration,27015,q1,edge,0.75,88,52,0.03679998917505145
calibration,27015,q1,edge,1.0,88,88,0.03490003291517496
calibration,27015,q2,node,0.1,177,17,0.027399975806474686
calibration,27015,q2,node,0.25,177,47,0.027500034775584936
calibration,27015,q2,node,0.5,177,86,0.027200032491236925
calibration,27015,q2,node,0.75,177,134,0.027399975806474686
calibration,27015,q2,node,1.0,177,177,0.02600002335384488
calibration,27015,q2,edge,0.1,150,0,0.03660004585981369
calibration,27015,q2,edge,0.25,150,12,0.036699988413602114
calibration,27015,q2,edge,0.5,150,33,0.03649998689070344
calibration,27015,q2,edge,0.75,150,86,0.03840000135824084
calibration,27015,q2,edge,1.0,150,150,0.035299977753311396
calibration,27015,q3,node,0.1,449,45,0.02719997428357601
calibration,27015,q3,node,0.25,449,112,0.027300033252686262
calibration,27015,q3,node,0.5,449,223,0.0274000340141356
calibration,27015,q3,node,0.75,449,342,0.027399975806474686
calibration,27015,q3,node,1.0,449,449,0.031000003218650818
calibration,27015,q3,edge,0.1,362,1,0.0371999922208488
calibration,27015,q3,edge,0.25,362,24,0.03619998460635543
calibration,27015,q3,edge,0.5,362,94,0.03689998993650079
calibration,27015,q3,edge,0.75,362,212,0.036699988413602114
calibration,27015,q3,edge,1.0,362,362,0.035100034438073635
calibration,27015,q4,node,0.1,81,8,0.03130000550299883
calibration,27015,q4,node,0.25,81,21,0.030099996365606785
calibration,27015,q4,node,0.5,81,35,0.029199989512562752
calibration,27015,q4,node,0.75,81,56,0.028600043151527643
calibration,27015,q4,node,1.0,81,81,0.026999972760677338
calibration,27015,q4,edge,0.1,37,2,0.03840000135824084
calibration,27015,q4,edge,0.25,37,4,0.037299992982298136
calibration,27015,q4,edge,0.5,37,4,0.04269997589290142
calibration,27015,q4,edge,0.75,37,16,0.03649998689070344
calibration,27015,q4,edge,1.0,37,37,0.035400036722421646
calibration,27015,q5,node,0.1,80,6,0.027100031729787588
calibration,27015,q5,node,0.25,80,20,0.02729997504502535
calibration,27015,q5,node,0.5,80,35,0.027300033252686262
calibration,27015,q5,node,0.75,80,55,0.02719997428357601
calibration,27015,q5,node,1.0,80,80,0.025999965146183968
calibration,27015,q5,edge,0.1,44,1,0.035699980799108744
calibration,27015,q5,edge,0.25,44,2,0.035999983083456755
calibration,27015,q5,edge,0.5,44,11,0.03579998156055808
calibration,27015,q5,edge,0.75,44,19,0.03609998384490609
calibration,27015,q5,edge,1.0,44,44,0.0350000336766243
calibration,27015,q6,node,0.1,126,11,0.02700003096833825
calibration,27015,q6,node,0.25,126,27,0.02700003096833825
calibration,27015,q6,node,0.5,126,60,0.026999972760677338
calibration,27015,q6,node,0.75,126,90,0.02719997428357601
calibration,27015,q6,node,1.0,126,126,0.026100024115294218
calibration,27015,q6,edge,0.1,64,3,0.035800039768218994
calibration,27015,q6,edge,0.25,64,3,0.0363999861292541
calibration,27015,q6,edge,0.5,64,10,0.035999983083456755
calibration,27015,q6,edge,0.75,64,33,0.0461999443359673
calibration,27015,q6,edge,1.0,64,64,0.03490003291517496
calibration,27015,q7,node,0.1,309,28,0.027200032491236925
calibration,27015,q7,node,0.25,309,75,0.027100031729787588
calibration,27015,q7,node,0.5,309,144,0.027099973522126675
calibration,27015,q7,node,0.75,309,218,0.026999972760677338
calibration,27015,q7,node,1.0,309,309,0.025800021830946207
calibration,27015,q7,edge,0.1,165,8,0.035699980799108744
calibration,27015,q7,edge,0.25,165,12,0.03549997927621007
calibration,27015,q7,edge,0.5,165,31,0.035800039768218994
calibration,27015,q7,edge,0.75,165,78,0.035699980799108744
calibration,27015,q7,edge,1.0,165,165,0.03460003063082695
calibration,27016,q0,node,0.1,121,9,0.03539997851476073
calibration,27016,q0,node,0.25,121,28,0.031200004741549492
calibration,27016,q0,node,0.5,121,58,0.03300001844763756
calibration,27016,q0,node,0.75,121,88,0.05460000829771161
calibration,27016,q0,node,1.0,121,121,0.030499999411404133
calibration,27016,q0,edge,0.1,89,0,0.03649998689070344
calibration,27016,q0,edge,0.25,89,5,0.035699980799108744
calibration,27016,q0,edge,0.5,89,17,0.04989997250959277
calibration,27016,q0,edge,0.75,89,47,0.041199964471161366
calibration,27016,q0,edge,1.0,89,89,0.0363999861292541
calibration,27016,q1,node,0.1,123,12,0.027099973522126675
calibration,27016,q1,node,0.25,123,39,0.026999972760677338
calibration,27016,q1,node,0.5,123,67,0.026900030206888914
calibration,27016,q1,node,0.75,123,93,0.026800029445439577
calibration,27016,q1,node,1.0,123,123,0.02589996438473463
calibration,27016,q1,edge,0.1,88,1,0.03550003748387098
calibration,27016,q1,edge,0.25,88,10,0.03619998460635543
calibration,27016,q1,edge,0.5,88,29,0.035999983083456755
calibration,27016,q1,edge,0.75,88,58,0.036299985367804766
calibration,27016,q1,edge,1.0,88,88,0.03509997623041272
calibration,27016,q2,node,0.1,177,14,0.030800001695752144
calibration,27016,q2,node,0.25,177,41,0.026800029445439577
calibration,27016,q2,node,0.5,177,80,0.026799971237778664
calibration,27016,q2,node,0.75,177,130,0.026999972760677338
calibration,27016,q2,node,1.0,177,177,0.025800021830946207
calibration,27016,q2,edge,0.1,150,0,0.03589998232200742
calibration,27016,q2,edge,0.25,150,10,0.035800039768218994
calibration,27016,q2,edge,0.5,150,22,0.035999983083456755
calibration,27016,q2,edge,0.75,150,67,0.038700003642588854
calibration,27016,q2,edge,1.0,150,150,0.037699996028095484
calibration,27016,q3,node,0.1,449,38,0.029499991796910763
calibration,27016,q3,node,0.25,449,114,0.029500050004571676
calibration,27016,q3,node,0.5,449,220,0.02940004924312234
calibration,27016,q3,node,0.75,449,331,0.02929999027401209
calibration,27016,q3,node,1.0,449,449,0.027999980375170708
calibration,27016,q3,edge,0.1,362,1,0.03920000744983554
calibration,27016,q3,edge,0.25,362,27,0.03890000516548753
calibration,27016,q3,edge,0.5,362,72,0.038700003642588854
calibration,27016,q3,edge,0.75,362,184,0.03920000744983554
calibration,27016,q3,edge,1.0,362,362,0.040199956856667995
calibration,27016,q4,node,0.1,81,7,0.038700003642588854
calibration,27016,q4,node,0.25,81,14,0.03170000854879618
calibration,27016,q4,node,0.5,81,36,0.03090000245720148
calibration,27016,q4,node,0.75,81,60,0.030399998649954796
calibration,27016,q4,node,1.0,81,81,0.029099988751113415
calibration,27016,q4,edge,0.1,37,0,0.03940000897273421
calibration,27016,q4,edge,0.25,37,0,0.039499951526522636
calibration,27016,q4,edge,0.5,37,7,0.03940000897273421
calibration,27016,q4,edge,0.75,37,20,0.0391000066883862
calibration,27016,q4,edge,1.0,37,37,0.03789999755099416
calibration,27016,q5,node,0.1,80,14,0.02989999484270811
calibration,27016,q5,node,0.25,80,24,0.02989999484270811
calibration,27016,q5,node,0.5,80,45,0.0295999925583601
calibration,27016,q5,node,0.75,80,60,0.029499991796910763
calibration,27016,q5,node,1.0,80,80,0.029399991035461426
calibration,27016,q5,edge,0.1,44,3,0.03950000973418355
calibration,27016,q5,edge,0.25,44,6,0.03960001049563289
calibration,27016,q5,edge,0.5,44,18,0.03980001201853156
calibration,27016,q5,edge,0.75,44,22,0.03890000516548753
calibration,27016,q5,edge,1.0,44,44,0.03779999678954482
calibration,27016,q6,node,0.1,126,18,0.0295999925583601
calibration,27016,q6,node,0.25,126,32,0.029699993319809437
calibration,27016,q6,node,0.5,126,60,0.029399991035461426
calibration,27016,q6,node,0.75,126,85,0.029499991796910763
calibration,27016,q6,node,1.0,126,126,0.028399983420968056
calibration,27016,q6,edge,0.1,64,0,0.03890000516548753
calibration,27016,q6,edge,0.25,64,1,0.04819995956495404
calibration,27016,q6,edge,0.5,64,14,0.03950000973418355
calibration,27016,q6,edge,0.75,64,31,0.03920000744983554
calibration,27016,q6,edge,1.0,64,64,0.03860000288113952
calibration,27016,q7,node,0.1,309,41,0.0295999925583601
calibration,27016,q7,node,0.25,309,76,0.029499991796910763
calibration,27016,q7,node,0.5,309,148,0.028799986466765404
calibration,27016,q7,node,0.75,309,218,0.028799986466765404
calibration,27016,q7,node,1.0,309,309,0.027799978852272034
calibration,27016,q7,edge,0.1,165,3,0.03809999907389283
calibration,27016,q7,edge,0.25,165,9,0.03819999983534217
calibration,27016,q7,edge,0.5,165,45,0.038300000596791506
calibration,27016,q7,edge,0.75,165,86,0.038300000596791506
calibration,27016,q7,edge,1.0,165,165,0.04079996142536402
calibration,27017,q0,node,0.1,121,15,0.03379996633157134
calibration,27017,q0,node,0.25,121,36,0.029399991035461426
calibration,27017,q0,node,0.5,121,69,0.03659998765215278
calibration,27017,q0,node,0.75,121,95,0.029799994081258774
calibration,27017,q0,node,1.0,121,121,0.027600035537034273
calibration,27017,q0,edge,0.1,89,0,0.0521000474691391
calibration,27017,q0,edge,0.25,89,5,0.03850000211969018
calibration,27017,q0,edge,0.5,89,32,0.03789999755099416
calibration,27017,q0,edge,0.75,89,55,0.03809999907389283
calibration,27017,q0,edge,1.0,89,89,0.03689998993650079
calibration,27017,q1,node,0.1,123,13,0.03330002073198557
calibration,27017,q1,node,0.25,123,29,0.028699985705316067
calibration,27017,q1,node,0.5,123,63,0.02859998494386673
calibration,27017,q1,node,0.75,123,91,0.028699985705316067
calibration,27017,q1,node,1.0,123,123,0.027500034775584936
calibration,27017,q1,edge,0.1,88,0,0.03789999755099416
calibration,27017,q1,edge,0.25,88,2,0.03860000288113952
calibration,27017,q1,edge,0.5,88,20,0.04099996294826269
calibration,27017,q1,edge,0.75,88,50,0.03779999678954482
calibration,27017,q1,edge,1.0,88,88,0.036999990697950125
calibration,27017,q2,node,0.1,177,17,0.02859998494386673
calibration,27017,q2,node,0.25,177,49,0.028799986466765404
calibration,27017,q2,node,0.5,177,99,0.028699985705316067
calibration,27017,q2,node,0.75,177,138,0.028499984182417393
calibration,27017,q2,node,1.0,177,177,0.027500034775584936
calibration,27017,q2,edge,0.1,150,3,0.03850000211969018
calibration,27017,q2,edge,0.25,150,14,0.03779999678954482
calibration,27017,q2,edge,0.5,150,47,0.03809999907389283
calibration,27017,q2,edge,0.75,150,100,0.03809999907389283
calibration,27017,q2,edge,1.0,150,150,0.03689998993650079
calibration,27017,q3,node,0.1,449,49,0.028800044674426317
calibration,27017,q3,node,0.25,449,123,0.028699985705316067
calibration,27017,q3,node,0.5,449,247,0.028799986466765404
calibration,27017,q3,node,0.75,449,345,0.028699985705316067
calibration,27017,q3,node,1.0,449,449,0.02889998722821474
calibration,27017,q3,edge,0.1,362,4,0.03980001201853156
calibration,27017,q3,edge,0.25,362,24,0.0904000480659306
calibration,27017,q3,edge,0.5,362,105,0.040300015825778246
calibration,27017,q3,edge,0.75,362,219,0.04120002267882228
calibration,27017,q3,edge,1.0,362,362,0.04140002420172095
calibration,27017,q4,node,0.1,81,10,0.03739999374374747
calibration,27017,q4,node,0.25,81,23,0.036699988413602114
calibration,27017,q4,node,0.5,81,46,0.0315000070258975
calibration,27017,q4,node,0.75,81,59,0.03060000017285347
calibration,27017,q4,node,1.0,81,81,0.029099988751113415
calibration,27017,q4,edge,0.1,37,0,0.04009995609521866
calibration,27017,q4,edge,0.25,37,0,0.0399000127799809
calibration,27017,q4,edge,0.5,37,12,0.03940000897273421
calibration,27017,q4,edge,0.75,37,19,0.03979995381087065
calibration,27017,q4,edge,1.0,37,37,0.03850000211969018
calibration,27017,q5,node,0.1,80,11,0.03029999788850546
calibration,27017,q5,node,0.25,80,23,0.029799994081258774
calibration,27017,q5,node,0.5,80,42,0.029799994081258774
calibration,27017,q5,node,0.75,80,58,0.029799994081258774
calibration,27017,q5,node,1.0,80,80,0.028699985705316067
calibration,27017,q5,edge,0.1,44,0,0.042000028770416975
calibration,27017,q5,edge,0.25,44,4,0.040000013541430235
calibration,27017,q5,edge,0.5,44,6,0.03980001201853156
calibration,27017,q5,edge,0.75,44,15,0.03979995381087065
calibration,27017,q5,edge,1.0,44,44,0.03809999907389283
calibration,27017,q6,node,0.1,126,10,0.029699993319809437
calibration,27017,q6,node,0.25,126,31,0.029499991796910763
calibration,27017,q6,node,0.5,126,60,0.029399991035461426
calibration,27017,q6,node,0.75,126,91,0.029399991035461426
calibration,27017,q6,node,1.0,126,126,0.028399983420968056
calibration,27017,q6,edge,0.1,64,0,0.039000005926936865
calibration,27017,q6,edge,0.25,64,3,0.03890000516548753
calibration,27017,q6,edge,0.5,64,13,0.04020001506432891
calibration,27017,q6,edge,0.75,64,36,0.040199956856667995
calibration,27017,q6,edge,1.0,64,64,0.03779999678954482
calibration,27017,q7,node,0.1,309,32,0.0295999925583601
calibration,27017,q7,node,0.25,309,83,0.029999995604157448
calibration,27017,q7,node,0.5,309,160,0.029999995604157448
calibration,27017,q7,node,0.75,309,227,0.034299970138818026
calibration,27017,q7,node,1.0,309,309,0.02829998265951872
calibration,27017,q7,edge,0.1,165,2,0.03920000744983554
calibration,27017,q7,edge,0.25,165,11,0.0391000066883862
calibration,27017,q7,edge,0.5,165,39,0.03940000897273421
calibration,27017,q7,edge,0.75,165,83,0.03890000516548753
calibration,27017,q7,edge,1.0,165,165,0.037699996028095484
calibration,27018,q0,node,0.1,121,7,0.03809999907389283
calibration,27018,q0,node,0.25,121,32,0.03439997090026736
calibration,27018,q0,node,0.5,121,57,0.03270001616328955
calibration,27018,q0,node,0.75,121,95,0.03260001540184021
calibration,27018,q0,node,1.0,121,121,0.030499999411404133
calibration,27018,q0,edge,0.1,89,0,0.03940000897273421
calibration,27018,q0,edge,0.25,89,2,0.0391000066883862
calibration,27018,q0,edge,0.5,89,19,0.03860000288113952
calibration,27018,q0,edge,0.75,89,56,0.03890000516548753
calibration,27018,q0,edge,1.0,89,89,0.03779999678954482
calibration,27018,q1,node,0.1,123,10,0.03400002606213093
calibration,27018,q1,node,0.25,123,28,0.029399991035461426
calibration,27018,q1,node,0.5,123,56,0.02940004924312234
calibration,27018,q1,node,0.75,123,102,0.02929999027401209
calibration,27018,q1,node,1.0,123,123,0.02819998189806938
calibration,27018,q1,edge,0.1,88,0,0.04040001658722758
calibration,27018,q1,edge,0.25,88,4,0.04020001506432891
calibration,27018,q1,edge,0.5,88,11,0.04010001430287957
calibration,27018,q1,edge,0.75,88,56,0.040499959141016006
calibration,27018,q1,edge,1.0,88,88,0.03860000288113952
calibration,27018,q2,node,0.1,177,23,0.030499999411404133
calibration,27018,q2,node,0.25,177,50,0.030499999411404133
calibration,27018,q2,node,0.5,177,89,0.030399998649954796
calibration,27018,q2,node,0.75,177,138,0.029999995604157448
calibration,27018,q2,node,1.0,177,177,0.0295999925583601
calibration,27018,q2,edge,0.1,150,5,0.17519999528303742
calibration,27018,q2,edge,0.25,150,10,0.060999998822808266
calibration,27018,q2,edge,0.5,150,42,0.05420000525191426
calibration,27018,q2,edge,0.75,150,82,0.05219999002292752
calibration,27018,q2,edge,1.0,150,150,0.046200002543628216
calibration,27018,q3,node,0.1,449,41,0.04799995804205537
calibration,27018,q3,node,0.25,449,113,0.05070003680884838
calibration,27018,q3,node,0.5,449,214,0.03940000897273421
calibration,27018,q3,node,0.75,449,354,0.03419996937736869
calibration,27018,q3,node,1.0,449,449,0.033400021493434906
calibration,27018,q3,edge,0.1,362,5,0.04099996294826269
calibration,27018,q3,edge,0.25,362,18,0.04040001658722758
calibration,27018,q3,edge,0.5,362,80,0.040000013541430235
calibration,27018,q3,edge,0.75,362,216,0.040000013541430235
calibration,27018,q3,edge,1.0,362,362,0.03860000288113952
calibration,27018,q4,node,0.1,81,12,0.06279995432123542
calibration,27018,q4,node,0.25,81,20,0.03549997927621007
calibration,27018,q4,node,0.5,81,41,0.03360002301633358
calibration,27018,q4,node,0.75,81,66,0.03149994881823659
calibration,27018,q4,node,1.0,81,81,0.029999995604157448
calibration,27018,q4,edge,0.1,37,1,0.04099996294826269
calibration,27018,q4,edge,0.25,37,3,0.040899962186813354
calibration,27018,q4,edge,0.5,37,12,0.24829996982589364
calibration,27018,q4,edge,0.75,37,27,0.1908999984152615
calibration,27018,q4,edge,1.0,37,37,0.0393999507650733
calibration,27018,q5,node,0.1,80,7,0.03090000245720148
calibration,27018,q5,node,0.25,80,19,0.030399998649954796
calibration,27018,q5,node,0.5,80,42,0.03220001235604286
calibration,27018,q5,node,0.75,80,61,0.031400006264448166
calibration,27018,q5,node,1.0,80,80,0.02840004162862897
calibration,27018,q5,edge,0.1,44,0,0.03959995228797197
calibration,27018,q5,edge,0.25,44,0,0.039700011257082224
calibration,27018,q5,edge,0.5,44,14,0.03960001049563289
calibration,27018,q5,edge,0.75,44,26,0.04439998883754015
calibration,27018,q5,edge,1.0,44,44,0.04190002800896764
calibration,27018,q6,node,0.1,126,8,0.055100012104958296
calibration,27018,q6,node,0.25,126,27,0.03779999678954482
calibration,27018,q6,node,0.5,126,65,0.033999967854470015
calibration,27018,q6,node,0.75,126,93,0.034800032153725624
calibration,27018,q6,node,1.0,126,126,0.031200004741549492
calibration,27018,q6,edge,0.1,64,0,0.05039997631683946
calibration,27018,q6,edge,0.25,64,0,0.2161000156775117
calibration,27018,q6,edge,0.5,64,9,0.044199987314641476
calibration,27018,q6,edge,0.75,64,28,0.04140002420172095
calibration,27018,q6,edge,1.0,64,64,0.03960001049563289
calibration,27018,q7,node,0.1,309,30,0.029699993319809437
calibration,27018,q7,node,0.25,309,72,0.02940004924312234
calibration,27018,q7,node,0.5,309,165,0.029999995604157448
calibration,27018,q7,node,0.75,309,240,0.032800016924738884
calibration,27018,q7,node,1.0,309,309,0.027799978852272034
calibration,27018,q7,edge,0.1,165,2,0.03980001201853156
calibration,27018,q7,edge,0.25,165,5,0.0399000127799809
calibration,27018,q7,edge,0.5,165,42,0.0399000127799809
calibration,27018,q7,edge,0.75,165,92,0.03980001201853156
calibration,27018,q7,edge,1.0,165,165,0.03839994315057993
calibration,27019,q0,node,0.1,121,10,0.03909994848072529
calibration,27019,q0,node,0.25,121,22,0.03430002834647894
calibration,27019,q0,node,0.5,121,61,0.03409996861591935
calibration,27019,q0,node,0.75,121,89,0.02989999484270811
calibration,27019,q0,node,1.0,121,121,0.06370001938194036
calibration,27019,q0,edge,0.1,89,0,0.048600020818412304
calibration,27019,q0,edge,0.25,89,3,0.0447999918833375
calibration,27019,q0,edge,0.5,89,18,0.04310003714635968
calibration,27019,q0,edge,0.75,89,48,0.03860000288113952
calibration,27019,q0,edge,1.0,89,89,0.03739999374374747
calibration,27019,q1,node,0.1,123,15,0.028799986466765404
calibration,27019,q1,node,0.25,123,31,0.028900045435875654
calibration,27019,q1,node,0.5,123,68,0.028799986466765404
calibration,27019,q1,node,0.75,123,102,0.028699985705316067
calibration,27019,q1,node,1.0,123,123,0.027500034775584936
calibration,27019,q1,edge,0.1,88,1,0.037999998312443495
calibration,27019,q1,edge,0.25,88,8,0.037699996028095484
calibration,27019,q1,edge,0.5,88,31,0.03840000135824084
calibration,27019,q1,edge,0.75,88,61,0.03789999755099416
calibration,27019,q1,edge,1.0,88,88,0.03689998993650079
calibration,27019,q2,node,0.1,177,13,0.028800044674426317
calibration,27019,q2,node,0.25,177,43,0.028699985705316067
calibration,27019,q2,node,0.5,177,87,0.02859998494386673
calibration,27019,q2,node,0.75,177,133,0.028600043151527643
calibration,27019,q2,node,1.0,177,177,0.027499976567924023
calibration,27019,q2,edge,0.1,150,0,0.03819999983534217
calibration,27019,q2,edge,0.25,150,5,0.03850000211969018
calibration,27019,q2,edge,0.5,150,30,0.038300000596791506
calibration,27019,q2,edge,0.75,150,79,0.038300000596791506
calibration,27019,q2,edge,1.0,150,150,0.03679998917505145
calibration,27019,q3,node,0.1,449,40,0.027999980375170708
calibration,27019,q3,node,0.25,449,106,0.02819998189806938
calibration,27019,q3,node,0.5,449,232,0.028100039344280958
calibration,27019,q3,node,0.75,449,345,0.03980001201853156
calibration,27019,q3,node,1.0,449,449,0.026999972760677338
calibration,27019,q3,edge,0.1,362,1,0.03739999374374747
calibration,27019,q3,edge,0.25,362,22,0.03749999450519681
calibration,27019,q3,edge,0.5,362,90,0.03739999374374747
calibration,27019,q3,edge,0.75,362,207,0.037100049667060375
calibration,27019,q3,edge,1.0,362,362,0.036400044336915016
calibration,27019,q4,node,0.1,81,5,0.0323000131174922
calibration,27019,q4,node,0.25,81,21,0.030399998649954796
calibration,27019,q4,node,0.5,81,39,0.02989999484270811
calibration,27019,q4,node,0.75,81,58,0.029199989512562752
calibration,27019,q4,node,1.0,81,81,0.027799978852272034
calibration,27019,q4,edge,0.1,37,0,0.03789999755099416
calibration,27019,q4,edge,0.25,37,2,0.08050003089010715
calibration,27019,q4,edge,0.5,37,10,0.03749999450519681
calibration,27019,q4,edge,0.75,37,21,0.0391000066883862
calibration,27019,q4,edge,1.0,37,37,0.040000013541430235
calibration,27019,q5,node,0.1,80,7,0.028500042390078306
calibration,27019,q5,node,0.25,80,19,0.02819998189806938
calibration,27019,q5,node,0.5,80,42,0.028099981136620045
calibration,27019,q5,node,0.75,80,55,0.028100039344280958
calibration,27019,q5,node,1.0,80,80,0.026999972760677338
calibration,27019,q5,edge,0.1,44,1,0.037400051951408386
calibration,27019,q5,edge,0.25,44,2,0.03730005118995905
calibration,27019,q5,edge,0.5,44,18,0.03759999526664615
calibration,27019,q5,edge,0.75,44,28,0.03789999755099416
calibration,27019,q5,edge,1.0,44,44,0.03709999145939946
calibration,27019,q6,node,0.1,126,13,0.02819998189806938
calibration,27019,q6,node,0.25,126,32,0.02829998265951872
calibration,27019,q6,node,0.5,126,61,0.028200040105730295
calibration,27019,q6,node,0.75,126,94,0.028099981136620045
calibration,27019,q6,node,1.0,126,126,0.027100031729787588
calibration,27019,q6,edge,0.1,64,0,0.037299992982298136
calibration,27019,q6,edge,0.25,64,3,0.03759999526664615
calibration,27019,q6,edge,0.5,64,16,0.03739999374374747
calibration,27019,q6,edge,0.75,64,36,0.037299992982298136
calibration,27019,q6,edge,1.0,64,64,0.03609998384490609
calibration,27019,q7,node,0.1,309,31,0.028100039344280958
calibration,27019,q7,node,0.25,309,79,0.02829998265951872
calibration,27019,q7,node,0.5,309,156,0.03450002986937761
calibration,27019,q7,node,0.75,309,222,0.02819998189806938
calibration,27019,q7,node,1.0,309,309,0.027300033252686262
calibration,27019,q7,edge,0.1,165,1,0.037299992982298136
calibration,27019,q7,edge,0.25,165,10,0.0371999922208488
calibration,27019,q7,edge,0.5,165,51,0.037299992982298136
calibration,27019,q7,edge,0.75,165,94,0.03739999374374747
calibration,27019,q7,edge,1.0,165,165,0.039700011257082224
