operation_type|scheduled_start_time|actual_start_time|execution_duration_MILLISECONDS|result_code|original_start_time
LdbcQuery5|1791332256153|1791332256161|109|20|1347529479219
LdbcQuery1|1791332261014|1791332261016|17|4|1347529527826
LdbcQuery5|1791332261014|1791332261033|70|20|1347529527826
LdbcShortQuery1PersonProfile|1791332261103|1791332261105|3|1|-1
LdbcShortQuery2PersonPosts|1791332261108|1791332261118|6|10|-1
LdbcShortQuery3PersonFriends|1791332261124|1791332261124|5|91|-1
LdbcShortQuery4MessageContent|1791332261129|1791332261132|3|1|-1
LdbcShortQuery5MessageCreator|1791332261135|1791332261148|5|1|-1
LdbcShortQuery6MessageForum|1791332261153|1791332261153|3|1|-1
LdbcShortQuery7MessageReplies|1791332261156|1791332261156|4|6|-1
LdbcShortQuery1PersonProfile|1791332261160|1791332261162|3|1|-1
LdbcShortQuery2PersonPosts|1791332261165|1791332261180|4|10|-1
LdbcShortQuery3PersonFriends|1791332261184|1791332261184|3|36|-1
LdbcQuery10|1791332261014|1791332261188|38|10|1347529527826
LdbcShortQuery4MessageContent|1791332261226|1791332261239|5|1|-1
LdbcShortQuery5MessageCreator|1791332261244|1791332261244|3|1|-1
LdbcShortQuery6MessageForum|1791332261247|1791332261253|4|1|-1
LdbcShortQuery7MessageReplies|1791332261257|1791332261257|5|9|-1
LdbcShortQuery1PersonProfile|1791332261262|1791332261262|4|1|-1
LdbcShortQuery2PersonPosts|1791332261266|1791332261266|4|10|-1
LdbcShortQuery3PersonFriends|1791332261270|1791332261273|4|36|-1
LdbcQuery12|1791332261014|1791332261277|103|1|1347529527826
LdbcShortQuery1PersonProfile|1791332261380|1791332261380|2|1|-1
LdbcShortQuery2PersonPosts|1791332261382|1791332261384|4|10|-1
LdbcShortQuery3PersonFriends|1791332261388|1791332261388|3|40|-1
LdbcShortQuery4MessageContent|1791332261391|1791332261396|2|1|-1
LdbcShortQuery5MessageCreator|1791332261398|1791332261411|5|1|-1
LdbcShortQuery6MessageForum|1791332261416|1791332261416|2|1|-1
LdbcShortQuery7MessageReplies|1791332261418|1791332261427|4|9|-1
LdbcShortQuery1PersonProfile|1791332261431|1791332261431|3|1|-1
LdbcShortQuery2PersonPosts|1791332261434|1791332261434|3|10|-1
LdbcShortQuery3PersonFriends|1791332261437|1791332261438|8|338|-1
LdbcQuery8|1791332261014|1791332261442|5|20|1347529527826
LdbcShortQuery4MessageContent|1791332261447|1791332261450|2|1|-1
LdbcShortQuery5MessageCreator|1791332261452|1791332261454|2|1|-1
LdbcShortQuery6MessageForum|1791332261456|1791332261456|1|1|-1
LdbcShortQuery7MessageReplies|1791332261457|1791332261458|3|5|-1
LdbcShortQuery1PersonProfile|1791332261461|1791332261462|1|1|-1
LdbcShortQuery2PersonPosts|1791332261463|1791332261463|2|10|-1
LdbcShortQuery3PersonFriends|1791332261465|1791332261465|1|8|-1
LdbcShortQuery4MessageContent|1791332261466|1791332261467|1|1|-1
LdbcShortQuery5MessageCreator|1791332261468|1791332261468|1|1|-1
LdbcShortQuery6MessageForum|1791332261469|1791332261470|2|1|-1
LdbcShortQuery7MessageReplies|1791332261472|1791332261472|3|5|-1
LdbcQuery2|1791332261014|1791332261476|14|20|1347529527826
LdbcShortQuery1PersonProfile|1791332261490|1791332261490|3|1|-1
LdbcShortQuery2PersonPosts|1791332261493|1791332261493|4|10|-1
LdbcShortQuery3PersonFriends|1791332261497|1791332261497|5|60|-1
LdbcQuery4|1791332261014|1791332261503|4|3|1347529527826
LdbcShortQuery4MessageContent|1791332261507|1791332261513|3|1|-1
LdbcShortQuery5MessageCreator|1791332261516|1791332261516|4|1|-1
LdbcShortQuery6MessageForum|1791332261520|1791332261530|3|1|-1
LdbcShortQuery7MessageReplies|1791332261533|1791332261533|3|0|-1
LdbcShortQuery1PersonProfile|1791332261536|1791332261543|4|1|-1
LdbcShortQuery2PersonPosts|1791332261547|1791332261547|3|10|-1
LdbcShortQuery3PersonFriends|1791332261550|1791332261551|5|33|-1
LdbcShortQuery4MessageContent|1791332261556|1791332261556|3|1|-1
LdbcShortQuery5MessageCreator|1791332261559|1791332261560|4|1|-1
LdbcShortQuery6MessageForum|1791332261564|1791332261564|3|1|-1
LdbcShortQuery7MessageReplies|1791332261567|1791332261568|3|6|-1
LdbcQuery3|1791332261014|1791332261572|341|0|1347529527826
LdbcShortQuery1PersonProfile|1791332261913|1791332261913|2|1|-1
LdbcShortQuery2PersonPosts|1791332261915|1791332261916|1|10|-1
LdbcShortQuery3PersonFriends|1791332261917|1791332261917|1|14|-1
LdbcQuery11|1791332261014|1791332261919|2|0|1347529527826
LdbcShortQuery4MessageContent|1791332261921|1791332261921|1|1|-1
LdbcShortQuery5MessageCreator|1791332261922|1791332261922|1|1|-1
LdbcShortQuery6MessageForum|1791332261923|1791332261936|1|1|-1
LdbcShortQuery7MessageReplies|1791332261937|1791332261948|2|9|-1
LdbcQuery7|1791332261014|1791332261951|3|20|1347529527826
LdbcShortQuery1PersonProfile|1791332261954|1791332261955|1|1|-1
LdbcShortQuery2PersonPosts|1791332261956|1791332261956|1|10|-1
LdbcShortQuery3PersonFriends|1791332261957|1791332261964|3|46|-1
LdbcShortQuery4MessageContent|1791332261967|1791332261980|2|1|-1
LdbcShortQuery5MessageCreator|1791332261982|1791332261993|3|1|-1
LdbcShortQuery6MessageForum|1791332261996|1791332262009|8|1|-1
LdbcShortQuery7MessageReplies|1791332262017|1791332262022|3|3|-1
LdbcShortQuery1PersonProfile|1791332262025|1791332262026|3|1|-1
LdbcShortQuery2PersonPosts|1791332262029|1791332262030|3|10|-1
LdbcShortQuery3PersonFriends|1791332262033|1791332262034|3|25|-1
LdbcQuery14|1791332261014|1791332262038|9|7|1347529527826
LdbcShortQuery4MessageContent|1791332262047|1791332262050|3|1|-1
LdbcShortQuery5MessageCreator|1791332262053|1791332262054|2|1|-1
LdbcShortQuery6MessageForum|1791332262056|1791332262056|2|1|-1
LdbcShortQuery7MessageReplies|1791332262058|1791332262059|3|14|-1
LdbcQuery6|1791332261014|1791332262062|28|10|1347529527826
LdbcShortQuery1PersonProfile|1791332262090|1791332262090|2|1|-1
LdbcShortQuery2PersonPosts|1791332262092|1791332262093|2|10|-1
LdbcShortQuery3PersonFriends|1791332262095|1791332262095|1|9|-1
LdbcShortQuery4MessageContent|1791332262096|1791332262096|1|1|-1
LdbcShortQuery5MessageCreator|1791332262097|1791332262098|1|1|-1
LdbcShortQuery6MessageForum|1791332262099|1791332262100|1|1|-1
LdbcShortQuery7MessageReplies|1791332262101|1791332262101|1|14|-1
LdbcShortQuery1PersonProfile|1791332262102|1791332262103|1|1|-1
LdbcShortQuery2PersonPosts|1791332262104|1791332262104|1|10|-1
LdbcShortQuery3PersonFriends|1791332262105|1791332262106|1|21|-1
LdbcQuery13|1791332261014|1791332262106|1|1|1347529527826
LdbcShortQuery4MessageContent|1791332262107|1791332262109|1|1|-1
LdbcShortQuery5MessageCreator|1791332262110|1791332262115|2|1|-1
LdbcShortQuery6MessageForum|1791332262117|1791332262130|1|1|-1
LdbcShortQuery7MessageReplies|1791332262131|1791332262142|2|0|-1
LdbcShortQuery1PersonProfile|1791332262144|1791332262144|1|1|-1
LdbcShortQuery2PersonPosts|1791332262145|1791332262158|3|10|-1
LdbcShortQuery3PersonFriends|1791332262161|1791332262161|2|29|-1
LdbcShortQuery4MessageContent|1791332262163|1791332262163|1|1|-1
LdbcShortQuery5MessageCreator|1791332262164|1791332262170|2|1|-1
LdbcShortQuery6MessageForum|1791332262172|1791332262172|1|1|-1
LdbcShortQuery7MessageReplies|1791332262173|1791332262185|2|0|-1
LdbcQuery9|1791332261014|1791332262188|45|20|1347529527826
LdbcShortQuery1PersonProfile|1791332262233|1791332262246|3|1|-1
LdbcShortQuery2PersonPosts|1791332262249|1791332262249|3|10|-1
LdbcShortQuery3PersonFriends|1791332262252|1791332262260|5|38|-1
LdbcUpdate3AddCommentLike|1791332262616|1791332262623|11|0|1347529543844
LdbcUpdate7AddComment|1791332264157|1791332264157|32|0|1347529559250
LdbcQuery13|1791332265874|1791332265883|4|1|1347529576433
LdbcShortQuery4MessageContent|1791332265887|1791332265888|3|1|-1
LdbcShortQuery5MessageCreator|1791332265891|1791332265892|3|1|-1
LdbcShortQuery6MessageForum|1791332265895|1791332265895|1|1|-1
LdbcShortQuery7MessageReplies|1791332265896|1791332265897|1|9|-1
LdbcShortQuery1PersonProfile|1791332265898|1791332265898|1|1|-1
LdbcShortQuery2PersonPosts|1791332265899|1791332265899|1|3|-1
LdbcShortQuery3PersonFriends|1791332265900|1791332265901|1|47|-1
LdbcShortQuery4MessageContent|1791332265902|1791332265914|3|1|-1
LdbcShortQuery5MessageCreator|1791332265917|1791332265929|4|1|-1
LdbcShortQuery6MessageForum|1791332265933|1791332265934|2|1|-1
LdbcShortQuery7MessageReplies|1791332265936|1791332265937|3|0|-1
LdbcQuery9|1791332265874|1791332265940|76|20|1347529576433
LdbcShortQuery1PersonProfile|1791332266016|1791332266016|1|1|-1
LdbcShortQuery2PersonPosts|1791332266017|1791332266029|5|10|-1
LdbcShortQuery3PersonFriends|1791332266034|1791332266041|3|17|-1
LdbcShortQuery4MessageContent|1791332266044|1791332266053|3|1|-1
LdbcShortQuery5MessageCreator|1791332266056|1791332266068|5|1|-1
LdbcShortQuery6MessageForum|1791332266073|1791332266074|2|1|-1
LdbcShortQuery7MessageReplies|1791332266076|1791332266084|4|0|-1
LdbcShortQuery1PersonProfile|1791332266088|1791332266099|3|1|-1
LdbcShortQuery2PersonPosts|1791332266102|1791332266103|4|10|-1
LdbcShortQuery3PersonFriends|1791332266107|1791332266113|3|5|-1
LdbcQuery4|1791332265874|1791332266117|6|3|1347529576433
LdbcShortQuery4MessageContent|1791332266123|1791332266124|3|1|-1
LdbcShortQuery5MessageCreator|1791332266127|1791332266127|3|1|-1
LdbcShortQuery6MessageForum|1791332266130|1791332266131|3|1|-1
LdbcShortQuery7MessageReplies|1791332266134|1791332266134|3|0|-1
LdbcShortQuery1PersonProfile|1791332266137|1791332266138|3|1|-1
LdbcShortQuery2PersonPosts|1791332266141|1791332266141|3|10|-1
LdbcShortQuery3PersonFriends|1791332266144|1791332266144|11|340|-1
LdbcShortQuery4MessageContent|1791332266155|1791332266155|2|1|-1
LdbcShortQuery5MessageCreator|1791332266157|1791332266159|3|1|-1
LdbcShortQuery6MessageForum|1791332266162|1791332266170|2|1|-1
LdbcShortQuery7MessageReplies|1791332266172|1791332266173|2|0|-1
LdbcQuery10|1791332265874|1791332266175|25|10|1347529576433
LdbcShortQuery1PersonProfile|1791332266200|1791332266201|2|1|-1
LdbcShortQuery2PersonPosts|1791332266203|1791332266204|3|10|-1
LdbcShortQuery3PersonFriends|1791332266207|1791332266212|5|107|-1
LdbcShortQuery4MessageContent|1791332266217|1791332266217|3|1|-1
LdbcShortQuery5MessageCreator|1791332266220|1791332266221|2|1|-1
LdbcShortQuery6MessageForum|1791332266223|1791332266224|2|1|-1
LdbcShortQuery7MessageReplies|1791332266226|1791332266228|3|7|-1
LdbcShortQuery1PersonProfile|1791332266231|1791332266231|2|1|-1
LdbcShortQuery2PersonPosts|1791332266233|1791332266233|3|10|-1
LdbcShortQuery3PersonFriends|1791332266236|1791332266238|4|41|-1
LdbcShortQuery4MessageContent|1791332266242|1791332266259|5|1|-1
LdbcShortQuery5MessageCreator|1791332266264|1791332266271|4|1|-1
LdbcShortQuery6MessageForum|1791332266275|1791332266285|2|1|-1
LdbcShortQuery7MessageReplies|1791332266287|1791332266287|2|2|-1
LdbcQuery1|1791332265874|1791332266289|2|2|1347529576433
LdbcShortQuery4MessageContent|1791332266291|1791332266292|1|1|-1
LdbcShortQuery5MessageCreator|1791332266293|1791332266300|2|1|-1
LdbcShortQuery6MessageForum|1791332266302|1791332266302|1|1|-1
LdbcShortQuery7MessageReplies|1791332266303|1791332266304|1|0|-1
LdbcShortQuery1PersonProfile|1791332266305|1791332266305|1|1|-1
LdbcShortQuery2PersonPosts|1791332266306|1791332266321|3|10|-1
LdbcShortQuery3PersonFriends|1791332266324|1791332266329|2|97|-1
LdbcShortQuery4MessageContent|1791332266331|1791332266341|2|1|-1
LdbcShortQuery5MessageCreator|1791332266343|1791332266355|2|1|-1
LdbcShortQuery6MessageForum|1791332266357|1791332266357|1|1|-1
LdbcShortQuery7MessageReplies|1791332266358|1791332266363|1|1|-1
LdbcQuery5|1791332265874|1791332266364|54|20|1347529576433
LdbcShortQuery1PersonProfile|1791332266418|1791332266419|1|1|-1
LdbcShortQuery2PersonPosts|1791332266420|1791332266422|4|10|-1
LdbcShortQuery3PersonFriends|1791332266426|1791332266429|2|19|-1
LdbcShortQuery4MessageContent|1791332266431|1791332266441|2|1|-1
LdbcUpdate7AddComment|1791332266278|1791332266285|175|0|1347529580463
LdbcShortQuery5MessageCreator|1791332266443|1791332266458|6|1|-1
LdbcShortQuery6MessageForum|1791332266464|1791332266464|6|1|-1
LdbcShortQuery7MessageReplies|1791332266470|1791332266471|2|0|-1
LdbcQuery2|1791332265874|1791332266471|8|20|1347529576433
LdbcShortQuery4MessageContent|1791332266479|1791332266481|5|1|-1
LdbcShortQuery5MessageCreator|1791332266486|1791332266488|3|1|-1
LdbcShortQuery6MessageForum|1791332266491|1791332266491|2|1|-1
LdbcShortQuery7MessageReplies|1791332266493|1791332266494|2|3|-1
LdbcQuery12|1791332265874|1791332266497|84|1|1347529576433
LdbcShortQuery1PersonProfile|1791332266581|1791332266594|2|1|-1
LdbcShortQuery2PersonPosts|1791332266596|1791332266597|2|10|-1
LdbcShortQuery3PersonFriends|1791332266599|1791332266599|1|9|-1
LdbcQuery8|1791332265874|1791332266601|49|20|1347529576433
LdbcShortQuery4MessageContent|1791332266650|1791332266651|2|1|-1
LdbcShortQuery5MessageCreator|1791332266653|1791332266654|1|1|-1
LdbcShortQuery6MessageForum|1791332266655|1791332266655|1|1|-1
LdbcShortQuery7MessageReplies|1791332266656|1791332266656|1|0|-1
LdbcQuery6|1791332265874|1791332266658|43|10|1347529576433
LdbcShortQuery1PersonProfile|1791332266701|1791332266720|3|1|-1
LdbcShortQuery2PersonPosts|1791332266723|1791332266723|3|10|-1
LdbcShortQuery3PersonFriends|1791332266726|1791332266729|1|22|-1
LdbcQuery7|1791332265874|1791332266729|2|20|1347529576433
LdbcShortQuery4MessageContent|1791332266731|1791332266745|1|1|-1
LdbcShortQuery5MessageCreator|1791332266746|1791332266758|2|1|-1
LdbcShortQuery6MessageForum|1791332266760|1791332266775|1|1|-1
LdbcShortQuery7MessageReplies|1791332266776|1791332266789|1|0|-1
LdbcShortQuery1PersonProfile|1791332266790|1791332266790|0|1|-1
LdbcShortQuery2PersonPosts|1791332266790|1791332266790|2|10|-1
LdbcShortQuery3PersonFriends|1791332266792|1791332266804|1|93|-1
LdbcQuery3|1791332265874|1791332266805|67|0|1347529576433
LdbcShortQuery1PersonProfile|1791332266872|1791332266887|4|1|-1
LdbcShortQuery2PersonPosts|1791332266891|1791332266891|1|10|-1
LdbcShortQuery3PersonFriends|1791332266892|1791332266893|1|32|-1
LdbcShortQuery4MessageContent|1791332266894|1791332266894|1|1|-1
LdbcShortQuery5MessageCreator|1791332266895|1791332266896|1|1|-1
LdbcShortQuery6MessageForum|1791332266897|1791332266897|1|1|-1
LdbcShortQuery7MessageReplies|1791332266898|1791332266898|1|6|-1
LdbcShortQuery1PersonProfile|1791332266899|1791332266903|2|1|-1
LdbcShortQuery2PersonPosts|1791332266905|1791332266918|3|10|-1
LdbcShortQuery3PersonFriends|1791332266921|1791332266921|3|37|-1
LdbcQuery11|1791332265874|1791332266925|3|0|1347529576433
LdbcShortQuery4MessageContent|1791332266928|1791332266936|2|1|-1
LdbcShortQuery5MessageCreator|1791332266938|1791332266939|1|1|-1
LdbcShortQuery6MessageForum|1791332266940|1791332266941|1|1|-1
LdbcShortQuery7MessageReplies|1791332266942|1791332266953|2|6|-1
LdbcShortQuery1PersonProfile|1791332266955|1791332266956|1|1|-1
LdbcShortQuery2PersonPosts|1791332266957|1791332266958|1|10|-1
LdbcShortQuery3PersonFriends|1791332266959|1791332266959|1|6|-1
LdbcQuery14|1791332265874|1791332266959|6|4|1347529576433
LdbcShortQuery1PersonProfile|1791332266965|1791332266971|2|1|-1
LdbcShortQuery2PersonPosts|1791332266973|1791332266975|1|10|-1
LdbcShortQuery3PersonFriends|1791332266976|1791332267012|2|2|-1
LdbcShortQuery4MessageContent|1791332267014|1791332267015|1|1|-1
LdbcShortQuery5MessageCreator|1791332267016|1791332267088|3|1|-1
LdbcShortQuery6MessageForum|1791332267091|1791332267096|1|1|-1
LdbcShortQuery7MessageReplies|1791332267097|1791332267112|3|4|-1
LdbcQuery11|1791332270735|1791332270735|9|0|1347529625040
LdbcShortQuery4MessageContent|1791332270744|1791332270744|2|1|-1
LdbcShortQuery5MessageCreator|1791332270746|1791332270746|3|1|-1
LdbcShortQuery6MessageForum|1791332270749|1791332270749|2|1|-1
LdbcShortQuery7MessageReplies|1791332270751|1791332270753|2|0|-1
LdbcShortQuery1PersonProfile|1791332270755|1791332270755|2|1|-1
LdbcShortQuery2PersonPosts|1791332270757|1791332270758|2|10|-1
LdbcShortQuery3PersonFriends|1791332270760|1791332270761|2|11|-1
LdbcQuery14|1791332270735|1791332270764|44|1|1347529625040
LdbcShortQuery1PersonProfile|1791332270808|1791332270808|3|1|-1
LdbcShortQuery2PersonPosts|1791332270811|1791332270811|4|10|-1
LdbcShortQuery3PersonFriends|1791332270815|1791332270816|3|3|-1
LdbcShortQuery4MessageContent|1791332270819|1791332270819|2|1|-1
LdbcShortQuery5MessageCreator|1791332270821|1791332270821|4|1|-1
LdbcShortQuery6MessageForum|1791332270825|1791332270833|5|1|-1
LdbcShortQuery7MessageReplies|1791332270838|1791332270840|3|0|-1
LdbcShortQuery1PersonProfile|1791332270843|1791332270843|2|1|-1
LdbcShortQuery2PersonPosts|1791332270845|1791332270845|3|10|-1
LdbcShortQuery3PersonFriends|1791332270848|1791332270849|4|43|-1
LdbcShortQuery4MessageContent|1791332270853|1791332270854|2|1|-1
LdbcShortQuery5MessageCreator|1791332270856|1791332270858|3|1|-1
LdbcShortQuery6MessageForum|1791332270861|1791332270871|3|1|-1
LdbcShortQuery7MessageReplies|1791332270874|1791332270883|4|0|-1
LdbcQuery2|1791332270735|1791332270887|29|20|1347529625040
LdbcShortQuery4MessageContent|1791332270916|1791332270921|4|1|-1
LdbcShortQuery5MessageCreator|1791332270925|1791332270926|3|1|-1
LdbcShortQuery6MessageForum|1791332270929|1791332270935|18|1|-1
LdbcShortQuery7MessageReplies|1791332270953|1791332270953|3|0|-1
LdbcShortQuery1PersonProfile|1791332270956|1791332270963|3|1|-1
LdbcShortQuery2PersonPosts|1791332270966|1791332270975|3|10|-1
LdbcShortQuery3PersonFriends|1791332270978|1791332270992|8|78|-1
LdbcQuery4|1791332270735|1791332271000|54|3|1347529625040
LdbcShortQuery1PersonProfile|1791332271054|1791332271059|3|1|-1
LdbcShortQuery2PersonPosts|1791332271062|1791332271063|1|1|-1
LdbcShortQuery3PersonFriends|1791332271064|1791332271075|3|5|-1
LdbcShortQuery4MessageContent|1791332271078|1791332271079|2|1|-1
LdbcShortQuery5MessageCreator|1791332271081|1791332271081|2|1|-1
LdbcShortQuery6MessageForum|1791332271083|1791332271083|4|1|-1
LdbcShortQuery7MessageReplies|1791332271087|1791332271089|3|0|-1
LdbcShortQuery1PersonProfile|1791332271092|1791332271099|4|1|-1
LdbcShortQuery2PersonPosts|1791332271103|1791332271103|4|10|-1
LdbcShortQuery3PersonFriends|1791332271107|1791332271115|5|4|-1
LdbcQuery13|1791332270735|1791332271121|23|1|1347529625040
LdbcShortQuery4MessageContent|1791332271144|1791332271144|3|1|-1
LdbcShortQuery5MessageCreator|1791332271147|1791332271157|4|1|-1
LdbcShortQuery6MessageForum|1791332271161|1791332271161|3|1|-1
LdbcShortQuery7MessageReplies|1791332271164|1791332271173|3|0|-1
LdbcShortQuery1PersonProfile|1791332271176|1791332271177|3|1|-1
LdbcShortQuery2PersonPosts|1791332271180|1791332271181|1|10|-1
LdbcShortQuery3PersonFriends|1791332271182|1791332271183|1|1|-1
LdbcQuery9|1791332270735|1791332271183|223|20|1347529625040
LdbcShortQuery1PersonProfile|1791332271406|1791332271407|5|1|-1
LdbcShortQuery2PersonPosts|1791332271412|1791332271413|2|10|-1
LdbcShortQuery3PersonFriends|1791332271415|1791332271429|3|3|-1
LdbcShortQuery4MessageContent|1791332271432|1791332271449|4|1|-1
LdbcShortQuery5MessageCreator|1791332271453|1791332271462|3|1|-1
LdbcShortQuery6MessageForum|1791332271465|1791332271479|4|1|-1
LdbcShortQuery7MessageReplies|1791332271483|1791332271496|4|0|-1
LdbcShortQuery1PersonProfile|1791332271500|1791332271501|3|1|-1
LdbcShortQuery2PersonPosts|1791332271504|1791332271504|3|10|-1
LdbcShortQuery3PersonFriends|1791332271507|1791332271508|4|24|-1
LdbcShortQuery4MessageContent|1791332271512|1791332271513|3|1|-1
LdbcShortQuery5MessageCreator|1791332271516|1791332271516|3|1|-1
LdbcShortQuery6MessageForum|1791332271519|1791332271521|2|1|-1
LdbcShortQuery7MessageReplies|1791332271523|1791332271524|3|2|-1
LdbcQuery5|1791332270735|1791332271526|190|20|1347529625040
LdbcShortQuery4MessageContent|1791332271716|1791332271717|2|1|-1
LdbcShortQuery5MessageCreator|1791332271719|1791332271720|2|1|-1
LdbcShortQuery6MessageForum|1791332271722|1791332271723|1|1|-1
LdbcShortQuery7MessageReplies|1791332271724|1791332271725|1|4|-1
LdbcShortQuery1PersonProfile|1791332271726|1791332271728|2|1|-1
LdbcShortQuery2PersonPosts|1791332271730|1791332271740|2|10|-1
LdbcShortQuery3PersonFriends|1791332271742|1791332271760|5|17|-1
LdbcQuery10|1791332270735|1791332271764|94|10|1347529625040
LdbcShortQuery1PersonProfile|1791332271858|1791332271860|2|1|-1
LdbcShortQuery2PersonPosts|1791332271862|1791332271863|1|10|-1
LdbcShortQuery3PersonFriends|1791332271864|1791332271865|1|10|-1
LdbcShortQuery4MessageContent|1791332271866|1791332271866|1|1|-1
LdbcShortQuery5MessageCreator|1791332271867|1791332271867|1|1|-1
LdbcShortQuery6MessageForum|1791332271868|1791332271869|2|1|-1
LdbcShortQuery7MessageReplies|1791332271871|1791332271875|3|0|-1
LdbcShortQuery1PersonProfile|1791332271878|1791332271891|2|1|-1
LdbcShortQuery2PersonPosts|1791332271893|1791332271894|1|10|-1
LdbcShortQuery3PersonFriends|1791332271895|1791332271895|1|19|-1
LdbcQuery1|1791332270735|1791332271897|6|20|1347529625040
LdbcShortQuery4MessageContent|1791332271903|1791332271904|12|1|-1
LdbcShortQuery5MessageCreator|1791332271916|1791332271916|3|1|-1
LdbcShortQuery6MessageForum|1791332271919|1791332271920|2|1|-1
LdbcShortQuery7MessageReplies|1791332271922|1791332271923|1|0|-1
LdbcShortQuery1PersonProfile|1791332271924|1791332271925|2|1|-1
LdbcShortQuery2PersonPosts|1791332271927|1791332271927|2|10|-1
LdbcShortQuery3PersonFriends|1791332271929|1791332271930|2|19|-1
LdbcShortQuery4MessageContent|1791332271932|1791332271933|4|1|-1
LdbcShortQuery5MessageCreator|1791332271937|1791332271937|5|1|-1
LdbcShortQuery6MessageForum|1791332271942|1791332271942|4|1|-1
LdbcShortQuery7MessageReplies|1791332271946|1791332271947|3|1|-1
LdbcShortQuery1PersonProfile|1791332271950|1791332271951|3|1|-1
LdbcShortQuery2PersonPosts|1791332271954|1791332271955|1|10|-1
LdbcShortQuery3PersonFriends|1791332271956|1791332271956|1|14|-1
LdbcQuery3|1791332270735|1791332271959|60|0|1347529625040
LdbcShortQuery1PersonProfile|1791332272019|1791332272019|2|1|-1
LdbcShortQuery2PersonPosts|1791332272021|1791332272023|3|10|-1
LdbcShortQuery3PersonFriends|1791332272026|1791332272029|3|17|-1
LdbcShortQuery4MessageContent|1791332272032|1791332272045|7|1|-1
LdbcShortQuery5MessageCreator|1791332272052|1791332272052|1|1|-1
LdbcShortQuery6MessageForum|1791332272053|1791332272053|11|1|-1
LdbcShortQuery7MessageReplies|1791332272064|1791332272079|8|0|-1
LdbcQuery6|1791332270735|1791332272087|76|10|1347529625040
LdbcShortQuery4MessageContent|1791332272163|1791332272223|3|1|-1
LdbcShortQuery5MessageCreator|1791332272226|1791332272226|5|1|-1
LdbcShortQuery6MessageForum|1791332272231|1791332272238|3|1|-1
LdbcShortQuery7MessageReplies|1791332272241|1791332272242|2|0|-1
LdbcShortQuery1PersonProfile|1791332272244|1791332272245|2|1|-1
LdbcShortQuery2PersonPosts|1791332272247|1791332272247|2|6|-1
LdbcShortQuery3PersonFriends|1791332272249|1791332272249|1|45|-1
LdbcShortQuery4MessageContent|1791332272250|1791332272251|2|1|-1
LdbcShortQuery5MessageCreator|1791332272253|1791332272254|1|1|-1
LdbcShortQuery6MessageForum|1791332272255|1791332272255|1|1|-1
LdbcShortQuery7MessageReplies|1791332272256|1791332272258|1|1|-1
LdbcQuery12|1791332270735|1791332272258|56|3|1347529625040
LdbcShortQuery1PersonProfile|1791332272314|1791332272341|12|1|-1
LdbcShortQuery2PersonPosts|1791332272353|1791332272354|3|10|-1
LdbcShortQuery3PersonFriends|1791332272357|1791332272358|3|17|-1
LdbcShortQuery4MessageContent|1791332272361|1791332272374|3|1|-1
LdbcShortQuery5MessageCreator|1791332272377|1791332272389|3|1|-1
LdbcShortQuery6MessageForum|1791332272392|1791332272406|4|1|-1
LdbcShortQuery7MessageReplies|1791332272410|1791332272419|4|6|-1
LdbcShortQuery1PersonProfile|1791332272423|1791332272424|2|1|-1
LdbcShortQuery2PersonPosts|1791332272426|1791332272426|3|10|-1
LdbcShortQuery3PersonFriends|1791332272429|1791332272429|2|7|-1
LdbcQuery8|1791332270735|1791332272431|44|20|1347529625040
LdbcShortQuery4MessageContent|1791332272475|1791332272475|4|1|-1
LdbcShortQuery5MessageCreator|1791332272479|1791332272481|3|1|-1
LdbcShortQuery6MessageForum|1791332272484|1791332272487|3|1|-1
LdbcShortQuery7MessageReplies|1791332272490|1791332272500|3|0|-1
LdbcShortQuery1PersonProfile|1791332272503|1791332272503|3|1|-1
LdbcShortQuery2PersonPosts|1791332272506|1791332272507|3|10|-1
LdbcShortQuery3PersonFriends|1791332272510|1791332272513|4|81|-1
LdbcShortQuery4MessageContent|1791332272517|1791332272526|5|1|-1
LdbcShortQuery5MessageCreator|1791332272531|1791332272531|3|1|-1
LdbcShortQuery6MessageForum|1791332272534|1791332272535|3|1|-1
LdbcShortQuery7MessageReplies|1791332272538|1791332272539|3|1|-1
LdbcQuery7|1791332270735|1791332272541|60|20|1347529625040
LdbcShortQuery1PersonProfile|1791332272601|1791332272603|4|1|-1
LdbcShortQuery2PersonPosts|1791332272607|1791332272609|12|10|-1
LdbcShortQuery3PersonFriends|1791332272621|1791332272624|3|86|-1
LdbcShortQuery4MessageContent|1791332272627|1791332272628|1|1|-1
LdbcShortQuery5MessageCreator|1791332272629|1791332272629|1|1|-1
LdbcShortQuery6MessageForum|1791332272630|1791332272637|2|1|-1
LdbcShortQuery7MessageReplies|1791332272639|1791332272639|2|1|-1
LdbcUpdate5AddForumMembership|1791332273131|1791332273139|13|0|1347529648998
LdbcUpdate5AddForumMembership|1791332273186|1791332273199|9|0|1347529649543
LdbcQuery8|1791332275596|1791332275611|36|20|1347529673647
LdbcShortQuery4MessageContent|1791332275647|1791332275649|3|1|-1
LdbcShortQuery5MessageCreator|1791332275652|1791332275653|1|1|-1
LdbcShortQuery6MessageForum|1791332275654|1791332275654|1|1|-1
LdbcShortQuery7MessageReplies|1791332275655|1791332275662|4|0|-1
LdbcShortQuery1PersonProfile|1791332275666|1791332275666|1|1|-1
LdbcShortQuery2PersonPosts|1791332275667|1791332275678|2|10|-1
LdbcUpdate3AddCommentLike|1791332275677|1791332275681|11|0|1347529674451
LdbcShortQuery3PersonFriends|1791332275680|1791332275690|3|38|-1
LdbcShortQuery4MessageContent|1791332275693|1791332275708|4|1|-1
LdbcShortQuery5MessageCreator|1791332275712|1791332275712|2|1|-1
LdbcShortQuery6MessageForum|1791332275714|1791332275722|3|1|-1
LdbcShortQuery7MessageReplies|1791332275725|1791332275739|3|4|-1
LdbcQuery7|1791332275596|1791332275741|4|20|1347529673647
LdbcShortQuery1PersonProfile|1791332275745|1791332275755|2|1|-1
LdbcShortQuery2PersonPosts|1791332275757|1791332275757|2|10|-1
LdbcShortQuery3PersonFriends|1791332275759|1791332275759|2|40|-1
LdbcShortQuery4MessageContent|1791332275761|1791332275761|1|1|-1
LdbcShortQuery5MessageCreator|1791332275762|1791332275764|1|1|-1
LdbcShortQuery6MessageForum|1791332275765|1791332275765|2|1|-1
LdbcShortQuery7MessageReplies|1791332275767|1791332275769|2|0|-1
LdbcQuery5|1791332275596|1791332275771|54|20|1347529673647
LdbcShortQuery4MessageContent|1791332275825|1791332275829|3|1|-1
LdbcShortQuery5MessageCreator|1791332275832|1791332275851|2|1|-1
LdbcShortQuery6MessageForum|1791332275853|1791332275854|1|1|-1
LdbcShortQuery7MessageReplies|1791332275855|1791332275859|1|7|-1
LdbcShortQuery1PersonProfile|1791332275860|1791332275860|1|1|-1
LdbcShortQuery2PersonPosts|1791332275861|1791332275874|2|10|-1
LdbcShortQuery3PersonFriends|1791332275876|1791332275878|2|43|-1
LdbcQuery2|1791332275596|1791332275879|7|20|1347529673647
LdbcShortQuery1PersonProfile|1791332275886|1791332275886|1|1|-1
LdbcShortQuery2PersonPosts|1791332275887|1791332275889|1|10|-1
LdbcShortQuery3PersonFriends|1791332275890|1791332275901|3|70|-1
LdbcShortQuery4MessageContent|1791332275904|1791332275920|2|1|-1
LdbcShortQuery5MessageCreator|1791332275922|1791332275923|1|1|-1
LdbcShortQuery6MessageForum|1791332275924|1791332275934|3|1|-1
LdbcShortQuery7MessageReplies|1791332275937|1791332275937|1|0|-1
LdbcQuery11|1791332275596|1791332275937|4|0|1347529673647
LdbcShortQuery4MessageContent|1791332275941|1791332275943|1|1|-1
LdbcShortQuery5MessageCreator|1791332275944|1791332275945|1|1|-1
LdbcShortQuery6MessageForum|1791332275946|1791332275949|1|1|-1
LdbcShortQuery7MessageReplies|1791332275950|1791332275965|1|0|-1
LdbcShortQuery1PersonProfile|1791332275966|1791332275976|2|1|-1
LdbcShortQuery2PersonPosts|1791332275978|1791332275979|1|10|-1
LdbcShortQuery3PersonFriends|1791332275980|1791332275981|1|14|-1
LdbcQuery14|1791332275596|1791332275981|2|1|1347529673647
LdbcShortQuery1PersonProfile|1791332275983|1791332275986|1|1|-1
LdbcShortQuery2PersonPosts|1791332275987|1791332275991|2|10|-1
LdbcShortQuery3PersonFriends|1791332275993|1791332275994|1|9|-1
LdbcQuery9|1791332275596|1791332275996|85|20|1347529673647
LdbcShortQuery4MessageContent|1791332276081|1791332276082|2|1|-1
LdbcShortQuery5MessageCreator|1791332276084|1791332276091|2|1|-1
LdbcShortQuery6MessageForum|1791332276093|1791332276093|1|1|-1
LdbcShortQuery7MessageReplies|1791332276094|1791332276104|2|4|-1
LdbcQuery4|1791332275596|1791332276104|2|3|1347529673647
LdbcShortQuery1PersonProfile|1791332276106|1791332276109|1|1|-1
LdbcShortQuery2PersonPosts|1791332276110|1791332276119|4|10|-1
LdbcShortQuery3PersonFriends|1791332276123|1791332276123|3|60|-1
LdbcQuery13|1791332275596|1791332276127|3|1|1347529673647
LdbcShortQuery4MessageContent|1791332276130|1791332276133|2|1|-1
LdbcShortQuery5MessageCreator|1791332276135|1791332276136|2|1|-1
LdbcShortQuery6MessageForum|1791332276138|1791332276149|5|1|-1
LdbcShortQuery7MessageReplies|1791332276154|1791332276155|3|6|-1
LdbcShortQuery1PersonProfile|1791332276158|1791332276161|4|1|-1
LdbcShortQuery2PersonPosts|1791332276165|1791332276166|4|10|-1
LdbcShortQuery3PersonFriends|1791332276170|1791332276171|4|45|-1
LdbcQuery12|1791332275596|1791332276174|80|3|1347529673647
LdbcShortQuery1PersonProfile|1791332276254|1791332276256|2|1|-1
LdbcShortQuery2PersonPosts|1791332276258|1791332276263|2|10|-1
LdbcShortQuery3PersonFriends|1791332276265|1791332276266|2|59|-1
LdbcShortQuery4MessageContent|1791332276268|1791332276268|2|1|-1
LdbcShortQuery5MessageCreator|1791332276270|1791332276270|2|1|-1
LdbcShortQuery6MessageForum|1791332276272|1791332276273|1|1|-1
LdbcShortQuery7MessageReplies|1791332276274|1791332276277|2|0|-1
LdbcShortQuery1PersonProfile|1791332276279|1791332276292|3|1|-1
LdbcShortQuery2PersonPosts|1791332276295|1791332276295|3|10|-1
LdbcShortQuery3PersonFriends|1791332276298|1791332276299|3|10|-1
LdbcQuery3|1791332275596|1791332276303|74|0|1347529673647
LdbcShortQuery4MessageContent|1791332276377|1791332276377|1|1|-1
LdbcShortQuery5MessageCreator|1791332276378|1791332276379|1|1|-1
LdbcShortQuery6MessageForum|1791332276380|1791332276381|2|1|-1
LdbcShortQuery7MessageReplies|1791332276383|1791332276384|2|0|-1
LdbcQuery10|1791332275596|1791332276386|21|10|1347529673647
LdbcShortQuery1PersonProfile|1791332276407|1791332276407|1|1|-1
LdbcShortQuery2PersonPosts|1791332276408|1791332276409|2|10|-1
LdbcShortQuery3PersonFriends|1791332276411|1791332276411|4|338|-1
LdbcShortQuery4MessageContent|1791332276415|1791332276415|1|1|-1
LdbcShortQuery5MessageCreator|1791332276416|1791332276418|1|1|-1
LdbcShortQuery6MessageForum|1791332276419|1791332276420|1|1|-1
LdbcShortQuery7MessageReplies|1791332276421|1791332276421|1|5|-1
LdbcShortQuery1PersonProfile|1791332276422|1791332276423|1|1|-1
LdbcShortQuery2PersonPosts|1791332276424|1791332276439|2|10|-1
LdbcShortQuery3PersonFriends|1791332276441|1791332276441|2|47|-1
LdbcQuery1|1791332275596|1791332276443|2|2|1347529673647
LdbcShortQuery4MessageContent|1791332276445|1791332276446|1|1|-1
LdbcShortQuery5MessageCreator|1791332276447|1791332276448|1|1|-1
LdbcShortQuery6MessageForum|1791332276449|1791332276449|1|1|-1
LdbcShortQuery7MessageReplies|1791332276450|1791332276459|3|0|-1
LdbcQuery6|1791332275596|1791332276463|74|10|1347529673647
LdbcShortQuery1PersonProfile|1791332276537|1791332276539|3|1|-1
LdbcShortQuery2PersonPosts|1791332276542|1791332276543|4|10|-1
LdbcShortQuery3PersonFriends|1791332276547|1791332276547|3|27|-1
LdbcShortQuery4MessageContent|1791332276550|1791332276551|2|1|-1
LdbcShortQuery5MessageCreator|1791332276553|1791332276553|2|1|-1
LdbcShortQuery6MessageForum|1791332276555|1791332276567|1|1|-1
LdbcShortQuery7MessageReplies|1791332276568|1791332276569|1|12|-1
LdbcQuery1|1791332280457|1791332280457|82|2|1347529722254
LdbcShortQuery4MessageContent|1791332280539|1791332280540|2|1|-1
LdbcShortQuery5MessageCreator|1791332280542|1791332280542|1|1|-1
LdbcShortQuery6MessageForum|1791332280543|1791332280544|1|1|-1
LdbcShortQuery7MessageReplies|1791332280545|1791332280546|1|0|-1
LdbcQuery6|1791332280457|1791332280547|110|10|1347529722254
LdbcShortQuery1PersonProfile|1791332280657|1791332280657|4|1|-1
LdbcShortQuery2PersonPosts|1791332280661|1791332280662|1|10|-1
LdbcShortQuery3PersonFriends|1791332280663|1791332280667|7|91|-1
LdbcQuery9|1791332280457|1791332280669|82|20|1347529722254
LdbcShortQuery4MessageContent|1791332280751|1791332280757|1|1|-1
LdbcShortQuery5MessageCreator|1791332280758|1791332280759|1|1|-1
LdbcShortQuery6MessageForum|1791332280760|1791332280761|1|1|-1
LdbcShortQuery7MessageReplies|1791332280762|1791332280762|1|0|-1
LdbcQuery5|1791332280457|1791332280763|76|20|1347529722254
LdbcShortQuery1PersonProfile|1791332280839|1791332280839|2|1|-1
LdbcShortQuery2PersonPosts|1791332280841|1791332280843|3|10|-1
LdbcShortQuery3PersonFriends|1791332280846|1791332280855|2|30|-1
LdbcShortQuery4MessageContent|1791332280857|1791332280857|1|1|-1
LdbcShortQuery5MessageCreator|1791332280858|1791332280859|1|1|-1
LdbcShortQuery6MessageForum|1791332280860|1791332280861|1|1|-1
LdbcShortQuery7MessageReplies|1791332280862|1791332280862|1|6|-1
LdbcShortQuery1PersonProfile|1791332280863|1791332280863|1|1|-1
LdbcShortQuery2PersonPosts|1791332280864|1791332280865|1|10|-1
LdbcShortQuery3PersonFriends|1791332280866|1791332280868|44|149|-1
LdbcQuery8|1791332280457|1791332280913|4|20|1347529722254
LdbcShortQuery4MessageContent|1791332280917|1791332280917|1|1|-1
LdbcShortQuery5MessageCreator|1791332280918|1791332280919|1|1|-1
LdbcShortQuery6MessageForum|1791332280920|1791332280921|1|1|-1
LdbcShortQuery7MessageReplies|1791332280922|1791332280925|1|5|-1
LdbcQuery7|1791332280457|1791332280925|15|20|1347529722254
LdbcShortQuery1PersonProfile|1791332280940|1791332280943|14|1|-1
LdbcShortQuery2PersonPosts|1791332280957|1791332280972|3|10|-1
LdbcShortQuery3PersonFriends|1791332280975|1791332280976|1|29|-1
LdbcQuery14|1791332280457|1791332280979|51|17|1347529722254
LdbcShortQuery4MessageContent|1791332281030|1791332281030|6|1|-1
LdbcShortQuery5MessageCreator|1791332281036|1791332281050|2|1|-1
LdbcShortQuery6MessageForum|1791332281052|1791332281056|4|1|-1
LdbcShortQuery7MessageReplies|1791332281060|1791332281060|1|0|-1
LdbcShortQuery1PersonProfile|1791332281061|1791332281075|3|1|-1
LdbcShortQuery2PersonPosts|1791332281078|1791332281091|4|10|-1
LdbcShortQuery3PersonFriends|1791332281095|1791332281103|4|24|-1
LdbcShortQuery4MessageContent|1791332281107|1791332281108|3|1|-1
LdbcShortQuery5MessageCreator|1791332281111|1791332281111|2|1|-1
LdbcShortQuery6MessageForum|1791332281113|1791332281119|3|1|-1
LdbcShortQuery7MessageReplies|1791332281122|1791332281134|3|0|-1
LdbcQuery2|1791332280457|1791332281138|17|20|1347529722254
LdbcShortQuery1PersonProfile|1791332281155|1791332281155|4|1|-1
LdbcShortQuery2PersonPosts|1791332281159|1791332281161|2|10|-1
LdbcShortQuery3PersonFriends|1791332281163|1791332281163|5|51|-1
LdbcQuery11|1791332280457|1791332281168|8|0|1347529722254
LdbcShortQuery4MessageContent|1791332281176|1791332281180|3|1|-1
LdbcShortQuery5MessageCreator|1791332281183|1791332281184|3|1|-1
LdbcShortQuery6MessageForum|1791332281187|1791332281196|3|1|-1
LdbcShortQuery7MessageReplies|1791332281199|1791332281200|3|1|-1
LdbcShortQuery1PersonProfile|1791332281203|1791332281203|3|1|-1
LdbcShortQuery2PersonPosts|1791332281206|1791332281207|5|10|-1
LdbcShortQuery3PersonFriends|1791332281212|1791332281225|5|14|-1
LdbcQuery10|1791332280457|1791332281229|60|10|1347529722254
LdbcShortQuery1PersonProfile|1791332281289|1791332281300|9|1|-1
LdbcShortQuery2PersonPosts|1791332281309|1791332281315|3|10|-1
LdbcShortQuery3PersonFriends|1791332281318|1791332281318|2|13|-1
LdbcShortQuery4MessageContent|1791332281320|1791332281321|2|1|-1
LdbcShortQuery5MessageCreator|1791332281323|1791332281323|2|1|-1
LdbcShortQuery6MessageForum|1791332281325|1791332281326|4|1|-1
LdbcShortQuery7MessageReplies|1791332281330|1791332281331|2|0|-1
LdbcQuery12|1791332280457|1791332281334|61|1|1347529722254
LdbcShortQuery4MessageContent|1791332281395|1791332281395|2|1|-1
LdbcShortQuery5MessageCreator|1791332281397|1791332281397|2|1|-1
LdbcShortQuery6MessageForum|1791332281399|1791332281400|2|1|-1
LdbcShortQuery7MessageReplies|1791332281402|1791332281403|2|7|-1
LdbcShortQuery1PersonProfile|1791332281405|1791332281405|3|1|-1
LdbcShortQuery2PersonPosts|1791332281408|1791332281408|3|10|-1
LdbcShortQuery3PersonFriends|1791332281411|1791332281420|4|10|-1
LdbcQuery4|1791332280457|1791332281425|13|10|1347529722254
LdbcShortQuery1PersonProfile|1791332281438|1791332281449|3|1|-1
LdbcShortQuery2PersonPosts|1791332281452|1791332281453|5|10|-1
LdbcShortQuery3PersonFriends|1791332281458|1791332281458|3|27|-1
LdbcShortQuery4MessageContent|1791332281461|1791332281461|3|1|-1
LdbcShortQuery5MessageCreator|1791332281464|1791332281464|3|1|-1
LdbcShortQuery6MessageForum|1791332281467|1791332281468|3|1|-1
LdbcShortQuery7MessageReplies|1791332281471|1791332281480|5|0|-1
LdbcQuery13|1791332280457|1791332281485|4|1|1347529722254
LdbcShortQuery4MessageContent|1791332281489|1791332281489|2|1|-1
LdbcShortQuery5MessageCreator|1791332281491|1791332281492|3|1|-1
LdbcShortQuery6MessageForum|1791332281495|1791332281496|3|1|-1
LdbcShortQuery7MessageReplies|1791332281499|1791332281499|2|0|-1
LdbcShortQuery1PersonProfile|1791332281501|1791332281502|2|1|-1
LdbcShortQuery2PersonPosts|1791332281504|1791332281504|3|10|-1
LdbcShortQuery3PersonFriends|1791332281507|1791332281508|3|45|-1
LdbcQuery3|1791332280457|1791332281512|80|0|1347529722254
LdbcShortQuery1PersonProfile|1791332281592|1791332281593|2|1|-1
LdbcShortQuery2PersonPosts|1791332281595|1791332281596|3|10|-1
LdbcShortQuery3PersonFriends|1791332281599|1791332281599|2|5|-1
LdbcUpdate5AddForumMembership|1791332281650|1791332281654|4|0|1347529734188
LdbcQuery13|1791332285317|1791332285325|5|1|1347529770861
LdbcShortQuery4MessageContent|1791332285330|1791332285333|3|1|-1
LdbcShortQuery5MessageCreator|1791332285336|1791332285336|3|1|-1
LdbcShortQuery6MessageForum|1791332285339|1791332285339|3|1|-1
LdbcShortQuery7MessageReplies|1791332285342|1791332285344|2|0|-1
LdbcShortQuery1PersonProfile|1791332285346|1791332285346|2|1|-1
LdbcShortQuery2PersonPosts|1791332285348|1791332285349|3|10|-1
LdbcShortQuery3PersonFriends|1791332285352|1791332285354|3|15|-1
LdbcShortQuery4MessageContent|1791332285357|1791332285357|3|1|-1
LdbcShortQuery5MessageCreator|1791332285360|1791332285366|2|1|-1
LdbcShortQuery6MessageForum|1791332285368|1791332285369|1|1|-1
LdbcShortQuery7MessageReplies|1791332285370|1791332285371|3|0|-1
LdbcQuery3|1791332285317|1791332285375|74|0|1347529770861
LdbcShortQuery1PersonProfile|1791332285449|1791332285455|11|1|-1
LdbcShortQuery2PersonPosts|1791332285466|1791332285466|2|4|-1
LdbcShortQuery3PersonFriends|1791332285468|1791332285469|2|19|-1
LdbcShortQuery4MessageContent|1791332285471|1791332285471|1|1|-1
LdbcShortQuery5MessageCreator|1791332285472|1791332285473|2|1|-1
LdbcShortQuery6MessageForum|1791332285475|1791332285475|2|1|-1
LdbcShortQuery7MessageReplies|1791332285477|1791332285477|2|0|-1
LdbcQuery14|1791332285317|1791332285480|2|8|1347529770861
LdbcShortQuery4MessageContent|1791332285482|1791332285483|1|1|-1
LdbcShortQuery5MessageCreator|1791332285484|1791332285484|3|1|-1
LdbcShortQuery6MessageForum|1791332285487|1791332285488|1|1|-1
LdbcShortQuery7MessageReplies|1791332285489|1791332285489|2|0|-1
LdbcShortQuery1PersonProfile|1791332285491|1791332285491|2|1|-1
LdbcShortQuery2PersonPosts|1791332285493|1791332285493|2|10|-1
LdbcShortQuery3PersonFriends|1791332285495|1791332285495|2|91|-1
LdbcShortQuery4MessageContent|1791332285497|1791332285497|1|1|-1
LdbcShortQuery5MessageCreator|1791332285498|1791332285498|1|1|-1
LdbcShortQuery6MessageForum|1791332285499|1791332285499|2|1|-1
LdbcShortQuery7MessageReplies|1791332285501|1791332285501|1|0|-1
LdbcShortQuery1PersonProfile|1791332285502|1791332285503|1|1|-1
LdbcShortQuery2PersonPosts|1791332285504|1791332285505|3|10|-1
LdbcShortQuery3PersonFriends|1791332285508|1791332285514|2|54|-1
LdbcQuery9|1791332285317|1791332285517|77|20|1347529770861
LdbcShortQuery1PersonProfile|1791332285594|1791332285609|3|1|-1
LdbcShortQuery2PersonPosts|1791332285612|1791332285626|5|10|-1
LdbcShortQuery3PersonFriends|1791332285631|1791332285632|2|71|-1
LdbcShortQuery4MessageContent|1791332285634|1791332285635|3|1|-1
LdbcShortQuery5MessageCreator|1791332285638|1791332285646|8|1|-1
LdbcShortQuery6MessageForum|1791332285654|1791332285655|1|1|-1
LdbcShortQuery7MessageReplies|1791332285656|1791332285657|1|0|-1
LdbcQuery1|1791332285317|1791332285658|4|2|1347529770861
LdbcShortQuery4MessageContent|1791332285662|1791332285662|1|1|-1
LdbcShortQuery5MessageCreator|1791332285663|1791332285663|1|1|-1
LdbcShortQuery6MessageForum|1791332285664|1791332285664|1|1|-1
LdbcShortQuery7MessageReplies|1791332285665|1791332285665|1|0|-1
LdbcQuery6|1791332285317|1791332285667|73|10|1347529770861
LdbcShortQuery1PersonProfile|1791332285740|1791332285747|2|1|-1
LdbcShortQuery2PersonPosts|1791332285749|1791332285749|2|10|-1
LdbcShortQuery3PersonFriends|1791332285751|1791332285751|1|36|-1
LdbcShortQuery4MessageContent|1791332285752|1791332285760|2|1|-1
LdbcShortQuery5MessageCreator|1791332285762|1791332285776|2|1|-1
LdbcShortQuery6MessageForum|1791332285778|1791332285779|2|1|-1
LdbcShortQuery7MessageReplies|1791332285781|1791332285781|4|9|-1
LdbcShortQuery1PersonProfile|1791332285785|1791332285785|3|1|-1
LdbcShortQuery2PersonPosts|1791332285788|1791332285789|4|10|-1
LdbcShortQuery3PersonFriends|1791332285793|1791332285794|5|38|-1
LdbcShortQuery4MessageContent|1791332285799|1791332285799|4|1|-1
LdbcShortQuery5MessageCreator|1791332285803|1791332285804|2|1|-1
LdbcShortQuery6MessageForum|1791332285806|1791332285806|3|1|-1
LdbcShortQuery7MessageReplies|1791332285809|1791332285811|3|0|-1
LdbcQuery7|1791332285317|1791332285814|6|20|1347529770861
LdbcShortQuery4MessageContent|1791332285820|1791332285820|2|1|-1
LdbcShortQuery5MessageCreator|1791332285822|1791332285823|12|1|-1
LdbcShortQuery6MessageForum|1791332285835|1791332285836|3|1|-1
LdbcShortQuery7MessageReplies|1791332285839|1791332285839|3|14|-1
LdbcShortQuery1PersonProfile|1791332285842|1791332285843|5|1|-1
LdbcShortQuery2PersonPosts|1791332285848|1791332285850|4|10|-1
LdbcShortQuery3PersonFriends|1791332285854|1791332285854|4|32|-1
LdbcQuery5|1791332285317|1791332285855|71|20|1347529770861
LdbcShortQuery1PersonProfile|1791332285926|1791332285931|2|1|-1
LdbcShortQuery2PersonPosts|1791332285933|1791332285936|3|10|-1
LdbcShortQuery3PersonFriends|1791332285939|1791332285940|5|189|-1
LdbcShortQuery4MessageContent|1791332285945|1791332285945|3|1|-1
LdbcShortQuery5MessageCreator|1791332285948|1791332285949|1|1|-1
LdbcShortQuery6MessageForum|1791332285950|1791332285951|1|1|-1
LdbcShortQuery7MessageReplies|1791332285952|1791332285953|1|0|-1
LdbcQuery8|1791332285317|1791332285954|4|20|1347529770861
LdbcShortQuery4MessageContent|1791332285958|1791332285965|3|1|-1
LdbcShortQuery5MessageCreator|1791332285968|1791332285969|2|1|-1
LdbcShortQuery6MessageForum|1791332285971|1791332285971|1|1|-1
LdbcShortQuery7MessageReplies|1791332285972|1791332285972|1|2|-1
LdbcShortQuery1PersonProfile|1791332285973|1791332285974|1|1|-1
LdbcShortQuery2PersonPosts|1791332285975|1791332285975|1|10|-1
LdbcShortQuery3PersonFriends|1791332285976|1791332285976|1|20|-1
LdbcShortQuery4MessageContent|1791332285977|1791332285977|1|1|-1
LdbcShortQuery5MessageCreator|1791332285978|1791332285979|3|1|-1
LdbcShortQuery6MessageForum|1791332285982|1791332285983|1|1|-1
LdbcShortQuery7MessageReplies|1791332285984|1791332285984|1|2|-1
LdbcQuery4|1791332285317|1791332285986|11|2|1347529770861
LdbcShortQuery1PersonProfile|1791332285997|1791332285998|2|1|-1
LdbcShortQuery2PersonPosts|1791332286000|1791332286000|3|10|-1
LdbcShortQuery3PersonFriends|1791332286003|1791332286003|2|59|-1
LdbcShortQuery4MessageContent|1791332286005|1791332286006|1|1|-1
LdbcShortQuery5MessageCreator|1791332286007|1791332286007|2|1|-1
LdbcShortQuery6MessageForum|1791332286009|1791332286010|1|1|-1
LdbcShortQuery7MessageReplies|1791332286011|1791332286011|5|0|-1
LdbcQuery10|1791332285317|1791332286017|41|10|1347529770861
LdbcShortQuery4MessageContent|1791332286058|1791332286059|2|1|-1
LdbcShortQuery5MessageCreator|1791332286061|1791332286061|1|1|-1
LdbcShortQuery6MessageForum|1791332286062|1791332286063|1|1|-1
LdbcShortQuery7MessageReplies|1791332286064|1791332286065|1|0|-1
LdbcShortQuery1PersonProfile|1791332286066|1791332286066|4|1|-1
LdbcShortQuery2PersonPosts|1791332286070|1791332286070|2|10|-1
LdbcShortQuery3PersonFriends|1791332286072|1791332286072|1|19|-1
LdbcQuery2|1791332285317|1791332286072|40|20|1347529770861
LdbcShortQuery1PersonProfile|1791332286112|1791332286115|3|1|-1
LdbcShortQuery2PersonPosts|1791332286118|1791332286120|2|10|-1
LdbcShortQuery3PersonFriends|1791332286122|1791332286122|3|31|-1
LdbcQuery11|1791332285317|1791332286125|4|0|1347529770861
LdbcShortQuery4MessageContent|1791332286129|1791332286129|1|1|-1
LdbcShortQuery5MessageCreator|1791332286130|1791332286141|3|1|-1
LdbcShortQuery6MessageForum|1791332286144|1791332286144|3|1|-1
LdbcShortQuery7MessageReplies|1791332286147|1791332286147|3|3|-1
LdbcShortQuery1PersonProfile|1791332286150|1791332286151|2|1|-1
LdbcShortQuery2PersonPosts|1791332286153|1791332286154|2|10|-1
LdbcShortQuery3PersonFriends|1791332286156|1791332286157|1|12|-1
LdbcShortQuery4MessageContent|1791332286158|1791332286158|1|1|-1
LdbcShortQuery5MessageCreator|1791332286159|1791332286160|1|1|-1
LdbcShortQuery6MessageForum|1791332286161|1791332286162|1|1|-1
LdbcShortQuery7MessageReplies|1791332286163|1791332286164|1|0|-1
LdbcShortQuery1PersonProfile|1791332286165|1791332286165|2|1|-1
LdbcShortQuery2PersonPosts|1791332286167|1791332286167|5|10|-1
LdbcShortQuery3PersonFriends|1791332286172|1791332286173|3|50|-1
LdbcQuery12|1791332285317|1791332286177|104|2|1347529770861
LdbcShortQuery1PersonProfile|1791332286281|1791332286282|3|1|-1
LdbcShortQuery2PersonPosts|1791332286285|1791332286285|3|10|-1
LdbcShortQuery3PersonFriends|1791332286288|1791332286288|1|34|-1
LdbcUpdate7AddComment|1791332287576|1791332287580|23|0|1347529793440
LdbcQuery11|1791332290178|1791332290178|60|0|1347529819468
LdbcShortQuery4MessageContent|1791332290238|1791332290245|3|1|-1
LdbcShortQuery5MessageCreator|1791332290248|1791332290260|2|1|-1
LdbcShortQuery6MessageForum|1791332290262|1791332290262|2|1|-1
LdbcShortQuery7MessageReplies|1791332290264|1791332290265|2|0|-1
LdbcShortQuery1PersonProfile|1791332290267|1791332290267|2|1|-1
LdbcShortQuery2PersonPosts|1791332290269|1791332290269|3|10|-1
LdbcShortQuery3PersonFriends|1791332290272|1791332290275|5|81|-1
LdbcShortQuery4MessageContent|1791332290280|1791332290280|2|1|-1
LdbcShortQuery5MessageCreator|1791332290282|1791332290283|1|1|-1
LdbcShortQuery6MessageForum|1791332290284|1791332290291|3|1|-1
LdbcShortQuery7MessageReplies|1791332290294|1791332290304|4|6|-1
LdbcQuery12|1791332290178|1791332290308|69|1|1347529819468
LdbcShortQuery1PersonProfile|1791332290377|1791332290390|2|1|-1
LdbcShortQuery2PersonPosts|1791332290392|1791332290403|3|10|-1
LdbcShortQuery3PersonFriends|1791332290406|1791332290419|3|41|-1
LdbcShortQuery4MessageContent|1791332290422|1791332290422|2|1|-1
LdbcShortQuery5MessageCreator|1791332290424|1791332290425|2|1|-1
LdbcShortQuery6MessageForum|1791332290427|1791332290427|2|1|-1
LdbcShortQuery7MessageReplies|1791332290429|1791332290430|2|6|-1
LdbcShortQuery1PersonProfile|1791332290432|1791332290433|2|1|-1
LdbcShortQuery2PersonPosts|1791332290435|1791332290436|3|10|-1
LdbcShortQuery3PersonFriends|1791332290439|1791332290449|2|13|-1
LdbcShortQuery4MessageContent|1791332290451|1791332290452|1|1|-1
LdbcShortQuery5MessageCreator|1791332290453|1791332290453|1|1|-1
LdbcShortQuery6MessageForum|1791332290454|1791332290454|1|1|-1
LdbcShortQuery7MessageReplies|1791332290455|1791332290455|1|0|-1
LdbcShortQuery1PersonProfile|1791332290456|1791332290456|1|1|-1
LdbcShortQuery2PersonPosts|1791332290457|1791332290458|1|10|-1
LdbcShortQuery3PersonFriends|1791332290459|1791332290460|1|47|-1
LdbcQuery7|1791332290178|1791332290461|4|20|1347529819468
LdbcShortQuery4MessageContent|1791332290465|1791332290466|2|1|-1
LdbcShortQuery5MessageCreator|1791332290468|1791332290479|4|1|-1
LdbcShortQuery6MessageForum|1791332290483|1791332290483|3|1|-1
LdbcShortQuery7MessageReplies|1791332290486|1791332290487|5|9|-1
LdbcShortQuery1PersonProfile|1791332290492|1791332290492|1|1|-1
LdbcShortQuery2PersonPosts|1791332290493|1791332290495|2|10|-1
LdbcShortQuery3PersonFriends|1791332290497|1791332290498|2|13|-1
LdbcShortQuery4MessageContent|1791332290500|1791332290500|2|1|-1
LdbcShortQuery5MessageCreator|1791332290502|1791332290510|4|1|-1
LdbcShortQuery6MessageForum|1791332290514|1791332290525|3|1|-1
LdbcShortQuery7MessageReplies|1791332290528|1791332290529|3|0|-1
LdbcShortQuery1PersonProfile|1791332290532|1791332290532|6|1|-1
LdbcShortQuery2PersonPosts|1791332290538|1791332290539|5|10|-1
LdbcShortQuery3PersonFriends|1791332290544|1791332290545|10|269|-1
LdbcQuery14|1791332290178|1791332290555|6|10|1347529819468
LdbcShortQuery1PersonProfile|1791332290561|1791332290562|3|1|-1
LdbcShortQuery2PersonPosts|1791332290565|1791332290565|3|10|-1
LdbcShortQuery3PersonFriends|1791332290568|1791332290568|2|14|-1
LdbcShortQuery4MessageContent|1791332290570|1791332290570|1|1|-1
LdbcShortQuery5MessageCreator|1791332290571|1791332290573|1|1|-1
LdbcShortQuery6MessageForum|1791332290574|1791332290574|1|1|-1
LdbcShortQuery7MessageReplies|1791332290575|1791332290577|1|0|-1
LdbcShortQuery1PersonProfile|1791332290578|1791332290583|3|1|-1
LdbcShortQuery2PersonPosts|1791332290586|1791332290586|2|10|-1
LdbcShortQuery3PersonFriends|1791332290588|1791332290588|1|24|-1
LdbcQuery13|1791332290178|1791332290591|1|1|1347529819468
LdbcShortQuery4MessageContent|1791332290592|1791332290596|2|1|-1
LdbcShortQuery5MessageCreator|1791332290598|1791332290598|2|1|-1
LdbcShortQuery6MessageForum|1791332290600|1791332290600|2|1|-1
LdbcShortQuery7MessageReplies|1791332290602|1791332290610|2|0|-1
LdbcShortQuery1PersonProfile|1791332290612|1791332290625|6|1|-1
LdbcShortQuery2PersonPosts|1791332290631|1791332290639|2|10|-1
LdbcShortQuery3PersonFriends|1791332290641|1791332290641|1|19|-1
LdbcShortQuery4MessageContent|1791332290642|1791332290653|2|1|-1
LdbcShortQuery5MessageCreator|1791332290655|1791332290656|1|1|-1
LdbcShortQuery6MessageForum|1791332290657|1791332290657|1|1|-1
LdbcShortQuery7MessageReplies|1791332290658|1791332290659|1|6|-1
LdbcShortQuery1PersonProfile|1791332290660|1791332290669|3|1|-1
LdbcShortQuery2PersonPosts|1791332290672|1791332290686|6|10|-1
LdbcShortQuery3PersonFriends|1791332290692|1791332290701|9|109|-1
LdbcShortQuery4MessageContent|1791332290710|1791332290714|11|1|-1
LdbcShortQuery5MessageCreator|1791332290725|1791332290725|5|1|-1
LdbcShortQuery6MessageForum|1791332290730|1791332290745|4|1|-1
LdbcShortQuery7MessageReplies|1791332290749|1791332290749|3|1|-1
LdbcQuery3|1791332290178|1791332290751|137|0|1347529819468
LdbcShortQuery1PersonProfile|1791332290888|1791332290890|3|1|-1
LdbcShortQuery2PersonPosts|1791332290893|1791332290903|3|10|-1
LdbcShortQuery3PersonFriends|1791332290906|1791332290906|1|0|-1
LdbcShortQuery4MessageContent|1791332290907|1791332290907|1|1|-1
LdbcShortQuery5MessageCreator|1791332290908|1791332290909|1|1|-1
LdbcShortQuery6MessageForum|1791332290910|1791332290911|1|1|-1
LdbcShortQuery7MessageReplies|1791332290912|1791332290919|5|0|-1
LdbcQuery6|1791332290178|1791332290924|61|10|1347529819468
LdbcShortQuery4MessageContent|1791332290985|1791332290985|3|1|-1
LdbcShortQuery5MessageCreator|1791332290988|1791332290989|1|1|-1
LdbcShortQuery6MessageForum|1791332290990|1791332290990|1|1|-1
LdbcShortQuery7MessageReplies|1791332290991|1791332290992|1|0|-1
LdbcShortQuery1PersonProfile|1791332290993|1791332290993|1|1|-1
LdbcShortQuery2PersonPosts|1791332290994|1791332290997|2|10|-1
LdbcShortQuery3PersonFriends|1791332290999|1791332291000|2|63|-1
LdbcQuery9|1791332290178|1791332291000|56|20|1347529819468
LdbcShortQuery1PersonProfile|1791332291056|1791332291066|2|1|-1
LdbcShortQuery2PersonPosts|1791332291068|1791332291079|2|10|-1
LdbcShortQuery3PersonFriends|1791332291081|1791332291082|3|86|-1
LdbcShortQuery4MessageContent|1791332291085|1791332291096|2|1|-1
LdbcShortQuery5MessageCreator|1791332291098|1791332291098|1|1|-1
LdbcShortQuery6MessageForum|1791332291099|1791332291099|1|1|-1
LdbcShortQuery7MessageReplies|1791332291100|1791332291101|1|0|-1
LdbcShortQuery1PersonProfile|1791332291102|1791332291103|1|1|-1
LdbcShortQuery2PersonPosts|1791332291104|1791332291109|17|10|-1
LdbcShortQuery3PersonFriends|1791332291126|1791332291136|4|21|-1
LdbcShortQuery4MessageContent|1791332291140|1791332291141|1|1|-1
LdbcShortQuery5MessageCreator|1791332291142|1791332291143|1|1|-1
LdbcShortQuery6MessageForum|1791332291144|1791332291153|2|1|-1
LdbcShortQuery7MessageReplies|1791332291155|1791332291167|1|0|-1
LdbcQuery1|1791332290178|1791332291167|4|5|1347529819468
LdbcShortQuery4MessageContent|1791332291171|1791332291172|1|1|-1
LdbcShortQuery5MessageCreator|1791332291173|1791332291175|1|1|-1
LdbcShortQuery6MessageForum|1791332291176|1791332291179|3|1|-1
LdbcShortQuery7MessageReplies|1791332291182|1791332291183|2|0|-1
LdbcShortQuery1PersonProfile|1791332291185|1791332291196|3|1|-1
LdbcShortQuery2PersonPosts|1791332291199|1791332291199|3|10|-1
LdbcShortQuery3PersonFriends|1791332291202|1791332291203|2|44|-1
LdbcQuery2|1791332290178|1791332291203|12|20|1347529819468
LdbcShortQuery1PersonProfile|1791332291215|1791332291217|2|1|-1
LdbcShortQuery2PersonPosts|1791332291219|1791332291221|4|10|-1
LdbcShortQuery3PersonFriends|1791332291225|1791332291225|3|34|-1
LdbcShortQuery4MessageContent|1791332291228|1791332291229|2|1|-1
LdbcShortQuery5MessageCreator|1791332291231|1791332291231|3|1|-1
LdbcShortQuery6MessageForum|1791332291234|1791332291241|5|1|-1
LdbcUpdate5AddForumMembership|1791332291236|1791332291239|12|0|1347529830039
LdbcShortQuery7MessageReplies|1791332291246|1791332291251|4|6|-1
LdbcQuery4|1791332290178|1791332291254|4|0|1347529819468
LdbcShortQuery4MessageContent|1791332291258|1791332291259|2|1|-1
LdbcShortQuery5MessageCreator|1791332291261|1791332291267|3|1|-1
LdbcShortQuery6MessageForum|1791332291270|1791332291279|4|1|-1
LdbcShortQuery7MessageReplies|1791332291283|1791332291284|3|5|-1
LdbcShortQuery1PersonProfile|1791332291287|1791332291287|2|1|-1
LdbcShortQuery2PersonPosts|1791332291289|1791332291289|2|10|-1
LdbcShortQuery3PersonFriends|1791332291291|1791332291292|3|91|-1
LdbcQuery5|1791332290178|1791332291296|33|0|1347529819468
LdbcShortQuery1PersonProfile|1791332291329|1791332291329|2|1|-1
LdbcShortQuery2PersonPosts|1791332291331|1791332291333|1|10|-1
LdbcShortQuery3PersonFriends|1791332291334|1791332291334|1|96|-1
LdbcShortQuery4MessageContent|1791332291335|1791332291336|4|1|-1
LdbcShortQuery5MessageCreator|1791332291340|1791332291353|3|1|-1
LdbcShortQuery6MessageForum|1791332291356|1791332291369|3|1|-1
LdbcShortQuery7MessageReplies|1791332291372|1791332291383|4|2|-1
LdbcShortQuery1PersonProfile|1791332291387|1791332291399|4|1|-1
LdbcShortQuery2PersonPosts|1791332291403|1791332291414|4|10|-1
LdbcShortQuery3PersonFriends|1791332291418|1791332291428|4|15|-1
LdbcQuery8|1791332290178|1791332291432|6|20|1347529819468
LdbcShortQuery4MessageContent|1791332291438|1791332291439|3|1|-1
LdbcShortQuery5MessageCreator|1791332291442|1791332291443|4|1|-1
LdbcShortQuery6MessageForum|1791332291447|1791332291458|1|1|-1
LdbcShortQuery7MessageReplies|1791332291459|1791332291459|1|7|-1
LdbcShortQuery1PersonProfile|1791332291460|1791332291461|1|1|-1
LdbcShortQuery2PersonPosts|1791332291462|1791332291463|1|10|-1
LdbcShortQuery3PersonFriends|1791332291464|1791332291464|2|6|-1
LdbcQuery10|1791332290178|1791332291466|23|10|1347529819468
LdbcShortQuery1PersonProfile|1791332291489|1791332291489|4|1|-1
LdbcShortQuery2PersonPosts|1791332291493|1791332291494|5|10|-1
LdbcShortQuery3PersonFriends|1791332291499|1791332291500|5|59|-1
LdbcShortQuery4MessageContent|1791332291505|1791332291505|3|1|-1
LdbcShortQuery5MessageCreator|1791332291508|1791332291509|3|1|-1
LdbcShortQuery6MessageForum|1791332291512|1791332291513|3|1|-1
LdbcShortQuery7MessageReplies|1791332291516|1791332291532|4|5|-1
LdbcShortQuery1PersonProfile|1791332291536|1791332291548|3|1|-1
LdbcShortQuery2PersonPosts|1791332291551|1791332291551|4|10|-1
LdbcShortQuery3PersonFriends|1791332291555|1791332291564|5|6|-1
LdbcShortQuery4MessageContent|1791332291569|1791332291569|3|1|-1
LdbcShortQuery5MessageCreator|1791332291572|1791332291573|3|1|-1
LdbcShortQuery6MessageForum|1791332291576|1791332291579|3|1|-1
LdbcShortQuery7MessageReplies|1791332291582|1791332291583|3|0|-1
LdbcShortQuery1PersonProfile|1791332291586|1791332291586|2|1|-1
LdbcShortQuery2PersonPosts|1791332291588|1791332291589|5|10|-1
LdbcShortQuery3PersonFriends|1791332291594|1791332291595|4|63|-1
LdbcQuery8|1791332295039|1791332295045|11|20|1347529868075
LdbcShortQuery4MessageContent|1791332295056|1791332295056|4|1|-1
LdbcShortQuery5MessageCreator|1791332295060|1791332295061|4|1|-1
LdbcShortQuery6MessageForum|1791332295065|1791332295066|8|1|-1
LdbcShortQuery7MessageReplies|1791332295074|1791332295096|2|0|-1
LdbcShortQuery1PersonProfile|1791332295098|1791332295100|2|1|-1
LdbcShortQuery2PersonPosts|1791332295102|1791332295102|4|10|-1
LdbcShortQuery3PersonFriends|1791332295106|1791332295106|1|40|-1
LdbcShortQuery4MessageContent|1791332295107|1791332295116|2|1|-1
LdbcShortQuery5MessageCreator|1791332295118|1791332295120|13|1|-1
LdbcShortQuery6MessageForum|1791332295133|1791332295133|1|1|-1
LdbcShortQuery7MessageReplies|1791332295134|1791332295145|10|0|-1
LdbcQuery10|1791332295039|1791332295152|21|10|1347529868075
LdbcShortQuery1PersonProfile|1791332295173|1791332295176|2|1|-1
LdbcShortQuery2PersonPosts|1791332295178|1791332295178|2|10|-1
LdbcShortQuery3PersonFriends|1791332295180|1791332295188|3|2|-1
LdbcShortQuery4MessageContent|1791332295191|1791332295191|2|1|-1
LdbcShortQuery5MessageCreator|1791332295193|1791332295193|2|1|-1
LdbcShortQuery6MessageForum|1791332295195|1791332295202|4|1|-1
LdbcShortQuery7MessageReplies|1791332295206|1791332295206|4|1|-1
LdbcQuery6|1791332295039|1791332295211|80|10|1347529868075
LdbcShortQuery4MessageContent|1791332295291|1791332295291|4|1|-1
LdbcShortQuery5MessageCreator|1791332295295|1791332295297|4|1|-1
LdbcShortQuery6MessageForum|1791332295301|1791332295301|2|1|-1
LdbcShortQuery7MessageReplies|1791332295303|1791332295303|2|0|-1
LdbcShortQuery1PersonProfile|1791332295305|1791332295306|3|1|-1
LdbcShortQuery2PersonPosts|1791332295309|1791332295309|3|10|-1
LdbcShortQuery3PersonFriends|1791332295312|1791332295313|6|96|-1
LdbcQuery7|1791332295039|1791332295319|7|20|1347529868075
LdbcShortQuery1PersonProfile|1791332295326|1791332295335|3|1|-1
LdbcShortQuery2PersonPosts|1791332295338|1791332295339|3|10|-1
LdbcShortQuery3PersonFriends|1791332295342|1791332295351|4|9|-1
LdbcShortQuery4MessageContent|1791332295355|1791332295364|4|1|-1
LdbcShortQuery5MessageCreator|1791332295368|1791332295369|3|1|-1
LdbcShortQuery6MessageForum|1791332295372|1791332295378|3|1|-1
LdbcShortQuery7MessageReplies|1791332295381|1791332295381|3|0|-1
LdbcQuery11|1791332295039|1791332295384|8|0|1347529868075
LdbcShortQuery4MessageContent|1791332295392|1791332295394|3|1|-1
LdbcShortQuery5MessageCreator|1791332295397|1791332295407|4|1|-1
LdbcShortQuery6MessageForum|1791332295411|1791332295411|2|1|-1
LdbcShortQuery7MessageReplies|1791332295413|1791332295414|2|0|-1
LdbcShortQuery1PersonProfile|1791332295416|1791332295416|2|1|-1
LdbcShortQuery2PersonPosts|1791332295418|1791332295419|6|10|-1
LdbcShortQuery3PersonFriends|1791332295425|1791332295436|7|75|-1
LdbcQuery12|1791332295039|1791332295441|52|1|1347529868075
LdbcShortQuery1PersonProfile|1791332295493|1791332295496|1|1|-1
LdbcShortQuery2PersonPosts|1791332295497|1791332295498|1|10|-1
LdbcShortQuery3PersonFriends|1791332295499|1791332295499|2|21|-1
LdbcShortQuery4MessageContent|1791332295501|1791332295502|2|1|-1
LdbcShortQuery5MessageCreator|1791332295504|1791332295511|1|1|-1
LdbcShortQuery6MessageForum|1791332295512|1791332295526|4|1|-1
LdbcShortQuery7MessageReplies|1791332295530|1791332295531|2|0|-1
LdbcShortQuery1PersonProfile|1791332295533|1791332295542|3|1|-1
LdbcShortQuery2PersonPosts|1791332295545|1791332295545|4|10|-1
LdbcShortQuery3PersonFriends|1791332295549|1791332295550|3|7|-1
LdbcShortQuery4MessageContent|1791332295553|1791332295553|3|1|-1
LdbcShortQuery5MessageCreator|1791332295556|1791332295556|4|1|-1
LdbcShortQuery6MessageForum|1791332295560|1791332295560|2|1|-1
LdbcShortQuery7MessageReplies|1791332295562|1791332295563|2|3|-1
LdbcShortQuery1PersonProfile|1791332295565|1791332295566|2|1|-1
LdbcShortQuery2PersonPosts|1791332295568|1791332295569|5|10|-1
LdbcShortQuery3PersonFriends|1791332295574|1791332295588|4|38|-1
LdbcQuery3|1791332295039|1791332295593|109|0|1347529868075
LdbcShortQuery4MessageContent|1791332295702|1791332295703|3|1|-1
LdbcShortQuery5MessageCreator|1791332295706|1791332295706|4|1|-1
LdbcShortQuery6MessageForum|1791332295710|1791332295711|4|1|-1
LdbcShortQuery7MessageReplies|1791332295715|1791332295715|2|7|-1
LdbcShortQuery1PersonProfile|1791332295717|1791332295718|7|1|-1
LdbcShortQuery2PersonPosts|1791332295725|1791332295726|3|10|-1
LdbcShortQuery3PersonFriends|1791332295729|1791332295729|3|21|-1
LdbcShortQuery4MessageContent|1791332295732|1791332295732|1|1|-1
LdbcShortQuery5MessageCreator|1791332295733|1791332295733|1|1|-1
LdbcShortQuery6MessageForum|1791332295734|1791332295735|1|1|-1
LdbcShortQuery7MessageReplies|1791332295736|1791332295739|1|0|-1
LdbcQuery14|1791332295039|1791332295739|3|5|1347529868075
LdbcShortQuery1PersonProfile|1791332295742|1791332295743|1|1|-1
LdbcShortQuery2PersonPosts|1791332295744|1791332295755|4|10|-1
LdbcShortQuery3PersonFriends|1791332295759|1791332295759|3|54|-1
LdbcQuery13|1791332295039|1791332295762|6|1|1347529868075
LdbcShortQuery4MessageContent|1791332295768|1791332295769|2|1|-1
LdbcShortQuery5MessageCreator|1791332295771|1791332295773|3|1|-1
LdbcShortQuery6MessageForum|1791332295776|1791332295782|3|1|-1
LdbcShortQuery7MessageReplies|1791332295785|1791332295785|2|0|-1
LdbcShortQuery1PersonProfile|1791332295787|1791332295787|2|1|-1
LdbcShortQuery2PersonPosts|1791332295789|1791332295790|2|10|-1
LdbcShortQuery3PersonFriends|1791332295792|1791332295792|2|47|-1
LdbcShortQuery4MessageContent|1791332295794|1791332295795|2|1|-1
LdbcShortQuery5MessageCreator|1791332295797|1791332295798|2|1|-1
LdbcShortQuery6MessageForum|1791332295800|1791332295814|3|1|-1
LdbcShortQuery7MessageReplies|1791332295817|1791332295829|5|0|-1
LdbcQuery5|1791332295039|1791332295835|67|20|1347529868075
LdbcShortQuery1PersonProfile|1791332295902|1791332295902|1|1|-1
LdbcShortQuery2PersonPosts|1791332295903|1791332295915|2|10|-1
LdbcShortQuery3PersonFriends|1791332295917|1791332295918|3|31|-1
LdbcShortQuery4MessageContent|1791332295921|1791332295921|1|1|-1
LdbcShortQuery5MessageCreator|1791332295922|1791332295923|2|1|-1
LdbcShortQuery6MessageForum|1791332295925|1791332295930|3|1|-1
LdbcShortQuery7MessageReplies|1791332295933|1791332295934|2|0|-1
LdbcQuery2|1791332295039|1791332295936|9|20|1347529868075
LdbcShortQuery4MessageContent|1791332295945|1791332295945|3|1|-1
LdbcShortQuery5MessageCreator|1791332295948|1791332295949|2|1|-1
LdbcShortQuery6MessageForum|1791332295951|1791332295952|2|1|-1
LdbcShortQuery7MessageReplies|1791332295954|1791332295961|4|0|-1
LdbcShortQuery1PersonProfile|1791332295965|1791332295965|3|1|-1
LdbcShortQuery2PersonPosts|1791332295968|1791332295975|4|10|-1
LdbcShortQuery3PersonFriends|1791332295979|1791332295979|3|32|-1
LdbcShortQuery4MessageContent|1791332295982|1791332295983|2|1|-1
LdbcShortQuery5MessageCreator|1791332295985|1791332295985|2|1|-1
LdbcShortQuery6MessageForum|1791332295987|1791332295989|2|1|-1
LdbcShortQuery7MessageReplies|1791332295991|1791332295991|2|0|-1
LdbcQuery9|1791332295039|1791332295994|136|20|1347529868075
LdbcShortQuery1PersonProfile|1791332296130|1791332296135|3|1|-1
LdbcShortQuery2PersonPosts|1791332296138|1791332296153|7|10|-1
LdbcShortQuery3PersonFriends|1791332296160|1791332296160|3|15|-1
LdbcShortQuery4MessageContent|1791332296163|1791332296164|3|1|-1
LdbcShortQuery5MessageCreator|1791332296167|1791332296168|4|1|-1
LdbcShortQuery6MessageForum|1791332296172|1791332296183|3|1|-1
LdbcShortQuery7MessageReplies|1791332296186|1791332296186|3|1|-1
LdbcQuery1|1791332295039|1791332296189|6|1|1347529868075
LdbcShortQuery4MessageContent|1791332296195|1791332296195|3|1|-1
LdbcShortQuery5MessageCreator|1791332296198|1791332296199|3|1|-1
LdbcShortQuery6MessageForum|1791332296202|1791332296203|3|1|-1
LdbcShortQuery7MessageReplies|1791332296206|1791332296206|2|5|-1
LdbcQuery4|1791332295039|1791332296209|5|3|1347529868075
LdbcShortQuery1PersonProfile|1791332296214|1791332296214|3|1|-1
LdbcShortQuery2PersonPosts|1791332296217|1791332296217|5|10|-1
LdbcShortQuery3PersonFriends|1791332296222|1791332296222|3|55|-1
LdbcShortQuery4MessageContent|1791332296225|1791332296226|2|1|-1
LdbcShortQuery5MessageCreator|1791332296228|1791332296229|2|1|-1
LdbcShortQuery6MessageForum|1791332296231|1791332296232|2|1|-1
LdbcShortQuery7MessageReplies|1791332296234|1791332296234|2|5|-1
LdbcQuery1|1791332299899|1791332299899|17|20|1347529916682
LdbcShortQuery4MessageContent|1791332299916|1791332299927|4|1|-1
LdbcShortQuery5MessageCreator|1791332299931|1791332299931|3|1|-1
LdbcShortQuery6MessageForum|1791332299934|1791332299934|3|1|-1
LdbcShortQuery7MessageReplies|1791332299937|1791332299940|4|0|-1
LdbcShortQuery1PersonProfile|1791332299944|1791332299952|6|1|-1
LdbcShortQuery2PersonPosts|1791332299958|1791332299959|3|10|-1
LdbcShortQuery3PersonFriends|1791332299962|1791332299962|3|24|-1
LdbcQuery4|1791332299899|1791332299965|4|1|1347529916682
LdbcShortQuery1PersonProfile|1791332299969|1791332299969|2|1|-1
LdbcShortQuery2PersonPosts|1791332299971|1791332299971|2|10|-1
LdbcShortQuery3PersonFriends|1791332299973|1791332299973|2|64|-1
LdbcQuery3|1791332299899|1791332299973|57|0|1347529916682
LdbcShortQuery4MessageContent|1791332300030|1791332300035|3|1|-1
LdbcShortQuery5MessageCreator|1791332300038|1791332300039|2|1|-1
LdbcShortQuery6MessageForum|1791332300041|1791332300049|3|1|-1
LdbcShortQuery7MessageReplies|1791332300052|1791332300052|3|0|-1
LdbcShortQuery1PersonProfile|1791332300055|1791332300063|3|1|-1
LdbcShortQuery2PersonPosts|1791332300066|1791332300066|4|10|-1
LdbcShortQuery3PersonFriends|1791332300070|1791332300071|2|13|-1
LdbcShortQuery4MessageContent|1791332300073|1791332300073|2|1|-1
LdbcShortQuery5MessageCreator|1791332300075|1791332300080|3|1|-1
LdbcShortQuery6MessageForum|1791332300083|1791332300084|2|1|-1
LdbcShortQuery7MessageReplies|1791332300086|1791332300086|3|6|-1
LdbcQuery6|1791332299899|1791332300090|76|1|1347529916682
LdbcShortQuery1PersonProfile|1791332300166|1791332300169|2|1|-1
LdbcShortQuery2PersonPosts|1791332300171|1791332300184|2|10|-1
LdbcShortQuery3PersonFriends|1791332300186|1791332300197|2|38|-1
LdbcShortQuery4MessageContent|1791332300199|1791332300199|2|1|-1
LdbcShortQuery5MessageCreator|1791332300201|1791332300201|1|1|-1
LdbcShortQuery6MessageForum|1791332300202|1791332300203|1|1|-1
LdbcShortQuery7MessageReplies|1791332300204|1791332300205|1|0|-1
LdbcQuery8|1791332299899|1791332300206|5|20|1347529916682
LdbcShortQuery4MessageContent|1791332300211|1791332300238|4|1|-1
LdbcShortQuery5MessageCreator|1791332300242|1791332300242|1|1|-1
LdbcShortQuery6MessageForum|1791332300243|1791332300243|1|1|-1
LdbcShortQuery7MessageReplies|1791332300244|1791332300256|5|0|-1
LdbcQuery10|1791332299899|1791332300261|28|10|1347529916682
LdbcShortQuery1PersonProfile|1791332300289|1791332300289|1|1|-1
LdbcShortQuery2PersonPosts|1791332300290|1791332300297|3|10|-1
LdbcShortQuery3PersonFriends|1791332300300|1791332300311|3|109|-1
LdbcShortQuery4MessageContent|1791332300314|1791332300314|2|1|-1
LdbcShortQuery5MessageCreator|1791332300316|1791332300324|5|1|-1
LdbcShortQuery6MessageForum|1791332300329|1791332300329|4|1|-1
LdbcShortQuery7MessageReplies|1791332300333|1791332300333|3|0|-1
LdbcShortQuery1PersonProfile|1791332300336|1791332300340|4|1|-1
LdbcShortQuery2PersonPosts|1791332300344|1791332300344|4|10|-1
LdbcShortQuery3PersonFriends|1791332300348|1791332300349|8|340|-1
LdbcQuery12|1791332299899|1791332300358|97|2|1347529916682
LdbcShortQuery4MessageContent|1791332300455|1791332300455|2|1|-1
LdbcShortQuery5MessageCreator|1791332300457|1791332300459|2|1|-1
LdbcShortQuery6MessageForum|1791332300461|1791332300467|2|1|-1
LdbcShortQuery7MessageReplies|1791332300469|1791332300469|2|0|-1
LdbcShortQuery1PersonProfile|1791332300471|1791332300483|5|1|-1
LdbcShortQuery2PersonPosts|1791332300488|1791332300488|4|10|-1
LdbcShortQuery3PersonFriends|1791332300492|1791332300492|4|40|-1
LdbcQuery7|1791332299899|1791332300496|7|20|1347529916682
LdbcShortQuery1PersonProfile|1791332300503|1791332300505|3|1|-1
LdbcShortQuery2PersonPosts|1791332300508|1791332300509|3|10|-1
LdbcShortQuery3PersonFriends|1791332300512|1791332300524|6|29|-1
LdbcShortQuery4MessageContent|1791332300530|1791332300531|1|1|-1
LdbcShortQuery5MessageCreator|1791332300532|1791332300540|1|1|-1
LdbcShortQuery6MessageForum|1791332300541|1791332300541|1|1|-1
LdbcShortQuery7MessageReplies|1791332300542|1791332300543|1|2|-1
LdbcShortQuery1PersonProfile|1791332300544|1791332300544|1|1|-1
LdbcShortQuery2PersonPosts|1791332300545|1791332300547|2|10|-1
LdbcShortQuery3PersonFriends|1791332300549|1791332300550|4|96|-1
LdbcQuery11|1791332299899|1791332300555|4|1|1347529916682
LdbcShortQuery4MessageContent|1791332300559|1791332300559|2|1|-1
LdbcShortQuery5MessageCreator|1791332300561|1791332300562|3|1|-1
LdbcShortQuery6MessageForum|1791332300565|1791332300568|3|1|-1
LdbcShortQuery7MessageReplies|1791332300571|1791332300571|3|9|-1
LdbcShortQuery1PersonProfile|1791332300574|1791332300584|3|1|-1
LdbcShortQuery2PersonPosts|1791332300587|1791332300597|4|10|-1
LdbcShortQuery3PersonFriends|1791332300601|1791332300601|3|30|-1
LdbcQuery9|1791332299899|1791332300603|101|20|1347529916682
LdbcShortQuery1PersonProfile|1791332300704|1791332300706|1|1|-1
LdbcShortQuery2PersonPosts|1791332300707|1791332300710|2|10|-1
LdbcShortQuery3PersonFriends|1791332300712|1791332300724|2|38|-1
LdbcShortQuery4MessageContent|1791332300726|1791332300726|1|1|-1
LdbcShortQuery5MessageCreator|1791332300727|1791332300728|1|1|-1
LdbcShortQuery6MessageForum|1791332300729|1791332300739|3|1|-1
LdbcShortQuery7MessageReplies|1791332300742|1791332300742|1|4|-1
LdbcShortQuery1PersonProfile|1791332300743|1791332300744|2|1|-1
LdbcShortQuery2PersonPosts|1791332300746|1791332300747|6|10|-1
LdbcShortQuery3PersonFriends|1791332300753|1791332300766|3|78|-1
LdbcQuery5|1791332299899|1791332300769|16|20|1347529916682
LdbcShortQuery4MessageContent|1791332300785|1791332300786|1|1|-1
LdbcShortQuery5MessageCreator|1791332300787|1791332300788|0|1|-1
LdbcShortQuery6MessageForum|1791332300788|1791332300789|0|1|-1
LdbcShortQuery7MessageReplies|1791332300789|1791332300790|0|0|-1
LdbcShortQuery1PersonProfile|1791332300790|1791332300791|0|1|-1
LdbcShortQuery2PersonPosts|1791332300791|1791332300791|1|10|-1
LdbcShortQuery3PersonFriends|1791332300792|1791332300793|2|27|-1
LdbcQuery14|1791332299899|1791332300795|2|8|1347529916682
LdbcShortQuery1PersonProfile|1791332300797|1791332300798|1|1|-1
LdbcShortQuery2PersonPosts|1791332300799|1791332300799|1|10|-1
LdbcShortQuery3PersonFriends|1791332300800|1791332300810|3|70|-1
LdbcShortQuery4MessageContent|1791332300813|1791332300824|3|1|-1
LdbcShortQuery5MessageCreator|1791332300827|1791332300838|7|1|-1
LdbcShortQuery6MessageForum|1791332300845|1791332300853|10|1|-1
LdbcShortQuery7MessageReplies|1791332300863|1791332300863|4|7|-1
LdbcShortQuery1PersonProfile|1791332300867|1791332300879|18|1|-1
LdbcShortQuery2PersonPosts|1791332300897|1791332300897|4|10|-1
LdbcShortQuery3PersonFriends|1791332300901|1791332300901|2|21|-1
LdbcShortQuery4MessageContent|1791332300903|1791332300904|3|1|-1
LdbcShortQuery5MessageCreator|1791332300907|1791332300908|4|1|-1
LdbcShortQuery6MessageForum|1791332300912|1791332300913|4|1|-1
LdbcShortQuery7MessageReplies|1791332300917|1791332300926|4|6|-1
LdbcQuery13|1791332299899|1791332300931|2|1|1347529916682
LdbcShortQuery4MessageContent|1791332300933|1791332300934|1|1|-1
LdbcShortQuery5MessageCreator|1791332300935|1791332300936|11|1|-1
LdbcShortQuery6MessageForum|1791332300947|1791332300948|1|1|-1
LdbcShortQuery7MessageReplies|1791332300949|1791332300963|4|0|-1
LdbcShortQuery1PersonProfile|1791332300967|1791332300969|4|1|-1
LdbcShortQuery2PersonPosts|1791332300973|1791332300974|1|10|-1
LdbcShortQuery3PersonFriends|1791332300975|1791332300985|11|19|-1
LdbcQuery2|1791332299899|1791332300997|17|20|1347529916682
LdbcShortQuery1PersonProfile|1791332301014|1791332301014|2|1|-1
LdbcShortQuery2PersonPosts|1791332301016|1791332301018|2|10|-1
LdbcShortQuery3PersonFriends|1791332301020|1791332301026|12|17|-1
LdbcShortQuery4MessageContent|1791332301038|1791332301038|4|1|-1
LdbcShortQuery5MessageCreator|1791332301042|1791332301043|3|1|-1
LdbcShortQuery6MessageForum|1791332301046|1791332301046|2|1|-1
LdbcShortQuery7MessageReplies|1791332301048|1791332301049|1|0|-1
LdbcShortQuery1PersonProfile|1791332301050|1791332301051|2|1|-1
LdbcShortQuery2PersonPosts|1791332301053|1791332301053|2|0|-1
LdbcShortQuery3PersonFriends|1791332301055|1791332301073|4|34|-1
LdbcShortQuery4MessageContent|1791332301077|1791332301083|3|1|-1
LdbcShortQuery5MessageCreator|1791332301086|1791332301087|5|1|-1
LdbcShortQuery6MessageForum|1791332301092|1791332301092|2|1|-1
LdbcShortQuery7MessageReplies|1791332301094|1791332301095|2|0|-1
LdbcUpdate5AddForumMembership|1791332302559|1791332302572|11|0|1347529943273
LdbcQuery13|1791332304760|1791332304771|3|1|1347529965289
LdbcShortQuery4MessageContent|1791332304774|1791332304775|2|1|-1
LdbcShortQuery5MessageCreator|1791332304777|1791332304785|2|1|-1
LdbcShortQuery6MessageForum|1791332304787|1791332304797|22|1|-1
LdbcShortQuery7MessageReplies|1791332304819|1791332304819|4|0|-1
LdbcShortQuery1PersonProfile|1791332304823|1791332304823|2|1|-1
LdbcShortQuery2PersonPosts|1791332304825|1791332304826|9|10|-1
LdbcShortQuery3PersonFriends|1791332304835|1791332304840|1|1|-1
LdbcQuery2|1791332304760|1791332304841|6|20|1347529965289
LdbcShortQuery1PersonProfile|1791332304847|1791332304847|1|1|-1
LdbcShortQuery2PersonPosts|1791332304848|1791332304849|1|10|-1
LdbcShortQuery3PersonFriends|1791332304850|1791332304856|1|30|-1
LdbcShortQuery4MessageContent|1791332304857|1791332304870|2|1|-1
LdbcShortQuery5MessageCreator|1791332304872|1791332304873|1|1|-1
LdbcShortQuery6MessageForum|1791332304874|1791332304885|2|1|-1
LdbcShortQuery7MessageReplies|1791332304887|1791332304887|1|0|-1
LdbcShortQuery1PersonProfile|1791332304888|1791332304898|1|1|-1
LdbcShortQuery2PersonPosts|1791332304899|1791332304899|1|2|-1
LdbcShortQuery3PersonFriends|1791332304900|1791332304913|4|37|-1
LdbcQuery12|1791332304760|1791332304918|58|1|1347529965289
LdbcShortQuery4MessageContent|1791332304976|1791332304976|1|1|-1
LdbcShortQuery5MessageCreator|1791332304977|1791332304979|2|1|-1
LdbcShortQuery6MessageForum|1791332304981|1791332304983|2|1|-1
LdbcShortQuery7MessageReplies|1791332304985|1791332304996|3|2|-1
LdbcShortQuery1PersonProfile|1791332304999|1791332304999|1|1|-1
LdbcShortQuery2PersonPosts|1791332305000|1791332305000|1|10|-1
LdbcShortQuery3PersonFriends|1791332305001|1791332305013|3|9|-1
LdbcShortQuery4MessageContent|1791332305016|1791332305016|1|1|-1
LdbcShortQuery5MessageCreator|1791332305017|1791332305029|28|1|-1
LdbcShortQuery6MessageForum|1791332305057|1791332305069|1|1|-1
LdbcShortQuery7MessageReplies|1791332305070|1791332305072|1|0|-1
LdbcShortQuery1PersonProfile|1791332305073|1791332305084|4|1|-1
LdbcShortQuery2PersonPosts|1791332305088|1791332305089|1|10|-1
LdbcShortQuery3PersonFriends|1791332305090|1791332305096|3|34|-1
LdbcShortQuery4MessageContent|1791332305099|1791332305099|1|1|-1
LdbcShortQuery5MessageCreator|1791332305100|1791332305100|1|1|-1
LdbcShortQuery6MessageForum|1791332305101|1791332305109|2|1|-1
LdbcShortQuery7MessageReplies|1791332305111|1791332305125|2|0|-1
LdbcQuery3|1791332304760|1791332305125|47|0|1347529965289
LdbcShortQuery1PersonProfile|1791332305172|1791332305174|1|1|-1
LdbcShortQuery2PersonPosts|1791332305175|1791332305176|1|10|-1
LdbcShortQuery3PersonFriends|1791332305177|1791332305180|1|19|-1
LdbcShortQuery4MessageContent|1791332305181|1791332305193|1|1|-1
LdbcShortQuery5MessageCreator|1791332305194|1791332305194|9|1|-1
LdbcShortQuery6MessageForum|1791332305203|1791332305204|1|1|-1
LdbcShortQuery7MessageReplies|1791332305205|1791332305208|1|2|-1
LdbcShortQuery1PersonProfile|1791332305209|1791332305209|0|1|-1
LdbcShortQuery2PersonPosts|1791332305209|1791332305209|0|10|-1
LdbcShortQuery3PersonFriends|1791332305209|1791332305211|2|15|-1
LdbcQuery1|1791332304760|1791332305214|2|19|1347529965289
LdbcShortQuery4MessageContent|1791332305216|1791332305224|15|1|-1
LdbcShortQuery5MessageCreator|1791332305239|1791332305239|4|1|-1
LdbcShortQuery6MessageForum|1791332305243|1791332305243|3|1|-1
LdbcShortQuery7MessageReplies|1791332305246|1791332305246|37|6|-1
LdbcQuery4|1791332304760|1791332305285|6|0|1347529965289
LdbcShortQuery1PersonProfile|1791332305291|1791332305293|1|1|-1
LdbcShortQuery2PersonPosts|1791332305294|1791332305294|5|10|-1
LdbcShortQuery3PersonFriends|1791332305299|1791332305300|2|25|-1
LdbcShortQuery4MessageContent|1791332305302|1791332305306|2|1|-1
LdbcShortQuery5MessageCreator|1791332305308|1791332305319|1|1|-1
LdbcShortQuery6MessageForum|1791332305320|1791332305320|0|1|-1
LdbcShortQuery7MessageReplies|1791332305320|1791332305322|0|0|-1
LdbcQuery10|1791332304760|1791332305323|34|10|1347529965289
LdbcShortQuery4MessageContent|1791332305357|1791332305357|2|1|-1
LdbcShortQuery5MessageCreator|1791332305359|1791332305360|2|1|-1
LdbcShortQuery6MessageForum|1791332305362|1791332305363|2|1|-1
LdbcShortQuery7MessageReplies|1791332305365|1791332305365|2|0|-1
LdbcQuery6|1791332304760|1791332305366|141|10|1347529965289
LdbcShortQuery1PersonProfile|1791332305507|1791332305509|3|1|-1
LdbcShortQuery2PersonPosts|1791332305512|1791332305512|2|10|-1
LdbcShortQuery3PersonFriends|1791332305514|1791332305529|3|3|-1
LdbcShortQuery4MessageContent|1791332305532|1791332305533|2|1|-1
LdbcShortQuery5MessageCreator|1791332305535|1791332305535|1|1|-1
LdbcShortQuery6MessageForum|1791332305536|1791332305536|1|1|-1
LdbcShortQuery7MessageReplies|1791332305537|1791332305537|1|14|-1
LdbcQuery8|1791332304760|1791332305539|3|20|1347529965289
LdbcShortQuery4MessageContent|1791332305542|1791332305545|1|1|-1
LdbcShortQuery5MessageCreator|1791332305546|1791332305546|1|1|-1
LdbcShortQuery6MessageForum|1791332305547|1791332305548|1|1|-1
LdbcShortQuery7MessageReplies|1791332305549|1791332305549|1|1|-1
LdbcShortQuery1PersonProfile|1791332305550|1791332305551|1|1|-1
LdbcShortQuery2PersonPosts|1791332305552|1791332305552|1|10|-1
LdbcShortQuery3PersonFriends|1791332305553|1791332305554|1|13|-1
LdbcShortQuery4MessageContent|1791332305555|1791332305555|1|1|-1
LdbcShortQuery5MessageCreator|1791332305556|1791332305561|1|1|-1
LdbcShortQuery6MessageForum|1791332305562|1791332305562|2|1|-1
LdbcShortQuery7MessageReplies|1791332305564|1791332305574|1|2|-1
LdbcQuery14|1791332304760|1791332305576|1|10|1347529965289
LdbcShortQuery1PersonProfile|1791332305577|1791332305587|2|1|-1
LdbcShortQuery2PersonPosts|1791332305589|1791332305589|1|10|-1
LdbcShortQuery3PersonFriends|1791332305590|1791332305612|3|9|-1
LdbcShortQuery4MessageContent|1791332305615|1791332305615|2|1|-1
LdbcShortQuery5MessageCreator|1791332305617|1791332305633|2|1|-1
LdbcShortQuery6MessageForum|1791332305635|1791332305655|1|1|-1
LdbcShortQuery7MessageReplies|1791332305656|1791332305657|1|9|-1
LdbcShortQuery1PersonProfile|1791332305658|1791332305658|1|1|-1
LdbcShortQuery2PersonPosts|1791332305659|1791332305661|1|10|-1
LdbcShortQuery3PersonFriends|1791332305662|1791332305662|2|70|-1
LdbcShortQuery4MessageContent|1791332305664|1791332305679|2|1|-1
LdbcShortQuery5MessageCreator|1791332305681|1791332305688|2|1|-1
LdbcShortQuery6MessageForum|1791332305690|1791332305709|2|1|-1
LdbcShortQuery7MessageReplies|1791332305711|1791332305713|1|0|-1
LdbcQuery9|1791332304760|1791332305713|64|20|1347529965289
LdbcShortQuery4MessageContent|1791332305777|1791332305779|2|1|-1
LdbcShortQuery5MessageCreator|1791332305781|1791332305782|1|1|-1
LdbcShortQuery6MessageForum|1791332305783|1791332305783|1|1|-1
LdbcShortQuery7MessageReplies|1791332305784|1791332305784|1|0|-1
LdbcShortQuery1PersonProfile|1791332305785|1791332305785|0|1|-1
LdbcShortQuery2PersonPosts|1791332305785|1791332305786|1|10|-1
LdbcShortQuery3PersonFriends|1791332305787|1791332305787|1|19|-1
LdbcShortQuery4MessageContent|1791332305788|1791332305789|1|1|-1
LdbcShortQuery5MessageCreator|1791332305790|1791332305791|1|1|-1
LdbcShortQuery6MessageForum|1791332305792|1791332305792|1|1|-1
LdbcShortQuery7MessageReplies|1791332305793|1791332305793|2|0|-1
LdbcShortQuery1PersonProfile|1791332305795|1791332305795|1|1|-1
LdbcShortQuery2PersonPosts|1791332305796|1791332305796|1|10|-1
LdbcShortQuery3PersonFriends|1791332305797|1791332305804|1|30|-1
LdbcQuery7|1791332304760|1791332305804|3|20|1347529965289
LdbcShortQuery1PersonProfile|1791332305807|1791332305809|0|1|-1
LdbcShortQuery2PersonPosts|1791332305809|1791332305809|1|10|-1
LdbcShortQuery3PersonFriends|1791332305810|1791332305816|3|73|-1
LdbcShortQuery4MessageContent|1791332305819|1791332305819|1|1|-1
LdbcShortQuery5MessageCreator|1791332305820|1791332305821|1|1|-1
LdbcShortQuery6MessageForum|1791332305822|1791332305834|4|1|-1
LdbcShortQuery7MessageReplies|1791332305838|1791332305849|1|0|-1
LdbcShortQuery1PersonProfile|1791332305850|1791332305850|0|1|-1
LdbcShortQuery2PersonPosts|1791332305850|1791332305851|1|10|-1
LdbcShortQuery3PersonFriends|1791332305852|1791332305852|0|5|-1
LdbcQuery11|1791332304760|1791332305852|2|0|1347529965289
LdbcShortQuery4MessageContent|1791332305854|1791332305855|2|1|-1
LdbcShortQuery5MessageCreator|1791332305857|1791332305857|0|1|-1
LdbcShortQuery6MessageForum|1791332305857|1791332305857|0|1|-1
LdbcShortQuery7MessageReplies|1791332305857|1791332305859|0|2|-1
LdbcShortQuery1PersonProfile|1791332305859|1791332305860|0|1|-1
LdbcShortQuery2PersonPosts|1791332305860|1791332305860|0|10|-1
LdbcShortQuery3PersonFriends|1791332305860|1791332305861|1|338|-1
LdbcShortQuery4MessageContent|1791332305862|1791332305863|2|1|-1
LdbcShortQuery5MessageCreator|1791332305865|1791332305865|0|1|-1
LdbcShortQuery6MessageForum|1791332305865|1791332305866|0|1|-1
LdbcShortQuery7MessageReplies|1791332305866|1791332305866|0|0|-1
LdbcShortQuery1PersonProfile|1791332305866|1791332305867|0|1|-1
LdbcShortQuery2PersonPosts|1791332305867|1791332305868|0|10|-1
LdbcShortQuery3PersonFriends|1791332305868|1791332305869|0|16|-1
LdbcQuery5|1791332304760|1791332305869|22|20|1347529965289
LdbcShortQuery1PersonProfile|1791332305891|1791332305894|6|1|-1
LdbcShortQuery2PersonPosts|1791332305900|1791332305900|0|10|-1
LdbcShortQuery3PersonFriends|1791332305900|1791332305900|1|109|-1
LdbcShortQuery4MessageContent|1791332305901|1791332305907|1|1|-1
LdbcShortQuery5MessageCreator|1791332305908|1791332305919|1|1|-1
LdbcShortQuery6MessageForum|1791332305920|1791332305933|1|1|-1
LdbcShortQuery7MessageReplies|1791332305934|1791332305934|0|0|-1
LdbcShortQuery1PersonProfile|1791332305934|1791332305934|0|1|-1
LdbcShortQuery2PersonPosts|1791332305934|1791332305934|0|10|-1
LdbcShortQuery3PersonFriends|1791332305934|1791332305936|0|25|-1
LdbcQuery11|1791332309621|1791332309631|7|0|1347530013896
LdbcShortQuery4MessageContent|1791332309638|1791332309638|3|1|-1
LdbcShortQuery5MessageCreator|1791332309641|1791332309641|4|1|-1
LdbcShortQuery6MessageForum|1791332309645|1791332309646|3|1|-1
LdbcShortQuery7MessageReplies|1791332309649|1791332309649|3|0|-1
LdbcShortQuery1PersonProfile|1791332309652|1791332309658|3|1|-1
LdbcShortQuery2PersonPosts|1791332309661|1791332309662|4|10|-1
LdbcShortQuery3PersonFriends|1791332309666|1791332309667|3|13|-1
LdbcShortQuery4MessageContent|1791332309670|1791332309671|1|1|-1
LdbcShortQuery5MessageCreator|1791332309672|1791332309686|3|1|-1
LdbcShortQuery6MessageForum|1791332309689|1791332309690|2|1|-1
LdbcShortQuery7MessageReplies|1791332309692|1791332309700|1|0|-1
LdbcShortQuery1PersonProfile|1791332309701|1791332309701|0|1|-1
LdbcShortQuery2PersonPosts|1791332309701|1791332309701|0|10|-1
LdbcShortQuery3PersonFriends|1791332309701|1791332309701|1|20|-1
LdbcQuery5|1791332309621|1791332309704|36|20|1347530013896
LdbcShortQuery1PersonProfile|1791332309740|1791332309746|5|1|-1
LdbcShortQuery2PersonPosts|1791332309751|1791332309762|6|10|-1
LdbcShortQuery3PersonFriends|1791332309768|1791332309768|4|51|-1
LdbcShortQuery4MessageContent|1791332309772|1791332309773|3|1|-1
LdbcShortQuery5MessageCreator|1791332309776|1791332309778|4|1|-1
LdbcShortQuery6MessageForum|1791332309782|1791332309783|3|1|-1
LdbcShortQuery7MessageReplies|1791332309786|1791332309786|3|0|-1
LdbcShortQuery1PersonProfile|1791332309789|1791332309789|2|1|-1
LdbcShortQuery2PersonPosts|1791332309791|1791332309791|4|10|-1
LdbcShortQuery3PersonFriends|1791332309795|1791332309796|1|5|-1
LdbcShortQuery4MessageContent|1791332309797|1791332309797|2|1|-1
LdbcShortQuery5MessageCreator|1791332309799|1791332309799|4|1|-1
LdbcShortQuery6MessageForum|1791332309803|1791332309804|4|1|-1
LdbcShortQuery7MessageReplies|1791332309808|1791332309809|3|0|-1
LdbcQuery10|1791332309621|1791332309813|51|10|1347530013896
LdbcShortQuery4MessageContent|1791332309864|1791332309912|3|1|-1
LdbcShortQuery5MessageCreator|1791332309915|1791332309923|3|1|-1
LdbcShortQuery6MessageForum|1791332309926|1791332309926|1|1|-1
LdbcShortQuery7MessageReplies|1791332309927|1791332309928|2|0|-1
LdbcShortQuery1PersonProfile|1791332309930|1791332309946|13|1|-1
LdbcShortQuery2PersonPosts|1791332309959|1791332309961|4|0|-1
LdbcShortQuery3PersonFriends|1791332309965|1791332309966|2|14|-1
LdbcQuery12|1791332309621|1791332309969|58|1|1347530013896
LdbcShortQuery1PersonProfile|1791332310027|1791332310028|2|1|-1
LdbcShortQuery2PersonPosts|1791332310030|1791332310031|10|10|-1
LdbcShortQuery3PersonFriends|1791332310041|1791332310042|1|44|-1
LdbcShortQuery4MessageContent|1791332310043|1791332310044|1|1|-1
LdbcShortQuery5MessageCreator|1791332310045|1791332310045|4|1|-1
LdbcShortQuery6MessageForum|1791332310049|1791332310049|2|1|-1
LdbcShortQuery7MessageReplies|1791332310051|1791332310069|2|0|-1
LdbcQuery13|1791332309621|1791332310070|2|1|1347530013896
LdbcShortQuery4MessageContent|1791332310072|1791332310074|1|1|-1
LdbcShortQuery5MessageCreator|1791332310075|1791332310082|2|1|-1
LdbcShortQuery6MessageForum|1791332310084|1791332310096|3|1|-1
LdbcShortQuery7MessageReplies|1791332310099|1791332310099|3|13|-1
LdbcShortQuery1PersonProfile|1791332310102|1791332310103|1|1|-1
LdbcShortQuery2PersonPosts|1791332310104|1791332310110|3|10|-1
LdbcShortQuery3PersonFriends|1791332310113|1791332310114|5|53|-1
LdbcShortQuery4MessageContent|1791332310119|1791332310119|2|1|-1
LdbcShortQuery5MessageCreator|1791332310121|1791332310121|1|1|-1
LdbcShortQuery6MessageForum|1791332310122|1791332310123|1|1|-1
LdbcShortQuery7MessageReplies|1791332310124|1791332310125|1|3|-1
LdbcShortQuery1PersonProfile|1791332310126|1791332310139|5|1|-1
LdbcShortQuery2PersonPosts|1791332310144|1791332310145|2|10|-1
LdbcShortQuery3PersonFriends|1791332310147|1791332310153|2|16|-1
LdbcQuery2|1791332309621|1791332310154|15|20|1347530013896
LdbcShortQuery1PersonProfile|1791332310169|1791332310170|2|1|-1
LdbcShortQuery2PersonPosts|1791332310172|1791332310175|1|10|-1
LdbcShortQuery3PersonFriends|1791332310176|1791332310176|1|7|-1
LdbcShortQuery4MessageContent|1791332310177|1791332310177|1|1|-1
LdbcShortQuery5MessageCreator|1791332310178|1791332310178|1|1|-1
LdbcShortQuery6MessageForum|1791332310179|1791332310180|2|1|-1
LdbcShortQuery7MessageReplies|1791332310182|1791332310183|7|9|-1
LdbcQuery4|1791332309621|1791332310190|10|3|1347530013896
LdbcShortQuery4MessageContent|1791332310200|1791332310202|2|1|-1
LdbcShortQuery5MessageCreator|1791332310204|1791332310209|2|1|-1
LdbcShortQuery6MessageForum|1791332310211|1791332310211|1|1|-1
LdbcShortQuery7MessageReplies|1791332310212|1791332310213|1|0|-1
LdbcQuery3|1791332309621|1791332310214|42|0|1347530013896
LdbcShortQuery1PersonProfile|1791332310256|1791332310256|2|1|-1
LdbcShortQuery2PersonPosts|1791332310258|1791332310259|1|10|-1
LdbcShortQuery3PersonFriends|1791332310260|1791332310269|4|149|-1
LdbcShortQuery4MessageContent|1791332310273|1791332310274|2|1|-1
LdbcShortQuery5MessageCreator|1791332310276|1791332310283|3|1|-1
LdbcShortQuery6MessageForum|1791332310286|1791332310286|3|1|-1
LdbcShortQuery7MessageReplies|1791332310289|1791332310289|2|0|-1
LdbcQuery1|1791332309621|1791332310293|7|20|1347530013896
LdbcShortQuery4MessageContent|1791332310300|1791332310319|3|1|-1
LdbcShortQuery5MessageCreator|1791332310322|1791332310323|2|1|-1
LdbcShortQuery6MessageForum|1791332310325|1791332310326|2|1|-1
LdbcShortQuery7MessageReplies|1791332310328|1791332310329|2|0|-1
LdbcShortQuery1PersonProfile|1791332310331|1791332310331|4|1|-1
LdbcShortQuery2PersonPosts|1791332310335|1791332310346|4|10|-1
LdbcShortQuery3PersonFriends|1791332310350|1791332310360|4|2|-1
LdbcQuery7|1791332309621|1791332310364|18|20|1347530013896
LdbcShortQuery1PersonProfile|1791332310382|1791332310383|4|1|-1
LdbcShortQuery2PersonPosts|1791332310387|1791332310389|4|10|-1
LdbcShortQuery3PersonFriends|1791332310393|1791332310394|3|91|-1
LdbcShortQuery4MessageContent|1791332310397|1791332310404|3|1|-1
LdbcShortQuery5MessageCreator|1791332310407|1791332310407|2|1|-1
LdbcShortQuery6MessageForum|1791332310409|1791332310409|2|1|-1
LdbcShortQuery7MessageReplies|1791332310411|1791332310412|2|0|-1
LdbcQuery14|1791332309621|1791332310415|2|1|1347530013896
LdbcShortQuery4MessageContent|1791332310417|1791332310419|2|1|-1
LdbcShortQuery5MessageCreator|1791332310421|1791332310421|1|1|-1
LdbcShortQuery6MessageForum|1791332310422|1791332310423|2|1|-1
LdbcShortQuery7MessageReplies|1791332310425|1791332310425|1|0|-1
LdbcQuery6|1791332309621|1791332310427|40|10|1347530013896
LdbcShortQuery1PersonProfile|1791332310467|1791332310470|1|1|-1
LdbcShortQuery2PersonPosts|1791332310471|1791332310490|3|10|-1
LdbcShortQuery3PersonFriends|1791332310493|1791332310503|2|7|-1
LdbcShortQuery4MessageContent|1791332310505|1791332310519|3|1|-1
LdbcShortQuery5MessageCreator|1791332310522|1791332310533|3|1|-1
LdbcShortQuery6MessageForum|1791332310536|1791332310549|7|1|-1
LdbcShortQuery7MessageReplies|1791332310556|1791332310556|5|7|-1
LdbcShortQuery1PersonProfile|1791332310561|1791332310562|4|1|-1
LdbcShortQuery2PersonPosts|1791332310566|1791332310578|3|10|-1
LdbcShortQuery3PersonFriends|1791332310581|1791332310581|3|3|-1
LdbcShortQuery4MessageContent|1791332310584|1791332310591|3|1|-1
LdbcShortQuery5MessageCreator|1791332310594|1791332310595|3|1|-1
LdbcShortQuery6MessageForum|1791332310598|1791332310606|3|1|-1
LdbcShortQuery7MessageReplies|1791332310609|1791332310611|4|3|-1
LdbcQuery8|1791332309621|1791332310612|8|20|1347530013896
LdbcShortQuery4MessageContent|1791332310620|1791332310623|2|1|-1
LdbcShortQuery5MessageCreator|1791332310625|1791332310626|3|1|-1
LdbcShortQuery6MessageForum|1791332310629|1791332310630|2|1|-1
LdbcShortQuery7MessageReplies|1791332310632|1791332310634|4|5|-1
LdbcShortQuery1PersonProfile|1791332310638|1791332310638|2|1|-1
LdbcShortQuery2PersonPosts|1791332310640|1791332310648|7|3|-1
LdbcShortQuery3PersonFriends|1791332310655|1791332310655|3|12|-1
LdbcQuery9|1791332309621|1791332310659|83|20|1347530013896
LdbcShortQuery1PersonProfile|1791332310742|1791332310749|3|1|-1
LdbcShortQuery2PersonPosts|1791332310752|1791332310764|3|10|-1
LdbcShortQuery3PersonFriends|1791332310767|1791332310767|2|7|-1
LdbcShortQuery4MessageContent|1791332310769|1791332310769|2|1|-1
LdbcShortQuery5MessageCreator|1791332310771|1791332310771|2|1|-1
LdbcShortQuery6MessageForum|1791332310773|1791332310773|1|1|-1
LdbcShortQuery7MessageReplies|1791332310774|1791332310775|2|1|-1
LdbcShortQuery1PersonProfile|1791332310777|1791332310778|2|1|-1
LdbcShortQuery2PersonPosts|1791332310780|1791332310781|2|10|-1
LdbcShortQuery3PersonFriends|1791332310783|1791332310783|2|46|-1
LdbcQuery8|1791332314481|1791332314489|8|20|1347530062503
LdbcShortQuery4MessageContent|1791332314497|1791332314498|3|1|-1
LdbcShortQuery5MessageCreator|1791332314501|1791332314501|3|1|-1
LdbcShortQuery6MessageForum|1791332314504|1791332314519|4|1|-1
LdbcShortQuery7MessageReplies|1791332314523|1791332314523|2|0|-1
LdbcShortQuery1PersonProfile|1791332314525|1791332314532|3|1|-1
LdbcShortQuery2PersonPosts|1791332314535|1791332314545|3|10|-1
LdbcShortQuery3PersonFriends|1791332314548|1791332314558|2|36|-1
LdbcShortQuery4MessageContent|1791332314560|1791332314561|2|1|-1
LdbcShortQuery5MessageCreator|1791332314563|1791332314574|1|1|-1
LdbcShortQuery6MessageForum|1791332314575|1791332314586|1|1|-1
LdbcShortQuery7MessageReplies|1791332314587|1791332314599|3|0|-1
LdbcQuery9|1791332314481|1791332314599|72|20|1347530062503
LdbcShortQuery1PersonProfile|1791332314671|1791332314673|1|1|-1
LdbcShortQuery2PersonPosts|1791332314674|1791332314677|1|10|-1
LdbcShortQuery3PersonFriends|1791332314678|1791332314679|2|6|-1
LdbcShortQuery4MessageContent|1791332314681|1791332314681|1|1|-1
LdbcShortQuery5MessageCreator|1791332314682|1791332314683|1|1|-1
LdbcShortQuery6MessageForum|1791332314684|1791332314685|3|1|-1
LdbcShortQuery7MessageReplies|1791332314688|1791332314689|1|0|-1
LdbcShortQuery1PersonProfile|1791332314690|1791332314693|1|1|-1
LdbcShortQuery2PersonPosts|1791332314694|1791332314695|2|10|-1
LdbcShortQuery3PersonFriends|1791332314697|1791332314707|2|37|-1
LdbcQuery4|1791332314481|1791332314709|1|0|1347530062503
LdbcShortQuery4MessageContent|1791332314710|1791332314711|2|1|-1
LdbcShortQuery5MessageCreator|1791332314713|1791332314714|2|1|-1
LdbcShortQuery6MessageForum|1791332314716|1791332314724|2|1|-1
LdbcShortQuery7MessageReplies|1791332314726|1791332314736|2|1|-1
LdbcShortQuery1PersonProfile|1791332314738|1791332314748|3|1|-1
LdbcShortQuery2PersonPosts|1791332314751|1791332314751|3|10|-1
LdbcShortQuery3PersonFriends|1791332314754|1791332314764|4|45|-1
LdbcShortQuery4MessageContent|1791332314768|1791332314779|3|1|-1
LdbcShortQuery5MessageCreator|1791332314782|1791332314782|2|1|-1
LdbcShortQuery6MessageForum|1791332314784|1791332314784|1|1|-1
LdbcShortQuery7MessageReplies|1791332314785|1791332314786|2|0|-1
LdbcQuery10|1791332314481|1791332314787|15|10|1347530062503
LdbcShortQuery1PersonProfile|1791332314802|1791332314804|1|1|-1
LdbcShortQuery2PersonPosts|1791332314805|1791332314806|1|10|-1
LdbcShortQuery3PersonFriends|1791332314807|1791332314808|1|60|-1
LdbcShortQuery4MessageContent|1791332314809|1791332314809|1|1|-1
LdbcShortQuery5MessageCreator|1791332314810|1791332314810|1|1|-1
LdbcShortQuery6MessageForum|1791332314811|1791332314812|1|1|-1
LdbcShortQuery7MessageReplies|1791332314813|1791332314814|1|0|-1
LdbcShortQuery1PersonProfile|1791332314815|1791332314816|1|1|-1
LdbcShortQuery2PersonPosts|1791332314817|1791332314817|2|10|-1
LdbcShortQuery3PersonFriends|1791332314819|1791332314820|1|8|-1
LdbcQuery11|1791332314481|1791332314820|5|0|1347530062503
LdbcShortQuery4MessageContent|1791332314825|1791332314827|2|1|-1
LdbcShortQuery5MessageCreator|1791332314829|1791332314829|2|1|-1
LdbcShortQuery6MessageForum|1791332314831|1791332314831|2|1|-1
LdbcShortQuery7MessageReplies|1791332314833|1791332314834|1|3|-1
LdbcQuery5|1791332314481|1791332314835|69|20|1347530062503
LdbcShortQuery1PersonProfile|1791332314904|1791332314905|1|1|-1
LdbcShortQuery2PersonPosts|1791332314906|1791332314906|1|10|-1
LdbcShortQuery3PersonFriends|1791332314907|1791332314907|1|38|-1
LdbcShortQuery4MessageContent|1791332314908|1791332314910|1|1|-1
LdbcShortQuery5MessageCreator|1791332314911|1791332314911|1|1|-1
LdbcShortQuery6MessageForum|1791332314912|1791332314915|1|1|-1
LdbcShortQuery7MessageReplies|1791332314916|1791332314927|2|0|-1
LdbcShortQuery1PersonProfile|1791332314929|1791332314929|1|1|-1
LdbcShortQuery2PersonPosts|1791332314930|1791332314940|1|10|-1
LdbcShortQuery3PersonFriends|1791332314941|1791332314958|2|37|-1
LdbcQuery2|1791332314481|1791332314960|7|20|1347530062503
LdbcShortQuery4MessageContent|1791332314967|1791332314974|2|1|-1
LdbcShortQuery5MessageCreator|1791332314976|1791332314985|2|1|-1
LdbcShortQuery6MessageForum|1791332314987|1791332314999|3|1|-1
LdbcShortQuery7MessageReplies|1791332315002|1791332315012|7|0|-1
LdbcShortQuery1PersonProfile|1791332315019|1791332315019|2|1|-1
LdbcShortQuery2PersonPosts|1791332315021|1791332315025|5|10|-1
LdbcShortQuery3PersonFriends|1791332315030|1791332315031|4|27|-1
LdbcQuery12|1791332314481|1791332315033|108|1|1347530062503
LdbcShortQuery1PersonProfile|1791332315141|1791332315144|3|1|-1
LdbcShortQuery2PersonPosts|1791332315147|1791332315149|40|10|-1
LdbcShortQuery3PersonFriends|1791332315189|1791332315189|4|269|-1
LdbcQuery13|1791332314481|1791332315194|2|1|1347530062503
LdbcShortQuery4MessageContent|1791332315196|1791332315196|1|1|-1
LdbcShortQuery5MessageCreator|1791332315197|1791332315199|1|1|-1
LdbcShortQuery6MessageForum|1791332315200|1791332315211|1|1|-1
LdbcShortQuery7MessageReplies|1791332315212|1791332315224|1|0|-1
LdbcShortQuery1PersonProfile|1791332315225|1791332315226|1|1|-1
LdbcShortQuery2PersonPosts|1791332315227|1791332315236|3|10|-1
LdbcShortQuery3PersonFriends|1791332315239|1791332315239|2|46|-1
LdbcQuery6|1791332314481|1791332315241|90|10|1347530062503
LdbcShortQuery1PersonProfile|1791332315331|1791332315333|1|1|-1
LdbcShortQuery2PersonPosts|1791332315334|1791332315336|3|10|-1
LdbcShortQuery3PersonFriends|1791332315339|1791332315339|2|70|-1
LdbcShortQuery4MessageContent|1791332315341|1791332315341|1|1|-1
LdbcShortQuery5MessageCreator|1791332315342|1791332315349|2|1|-1
LdbcShortQuery6MessageForum|1791332315351|1791332315351|2|1|-1
LdbcShortQuery7MessageReplies|1791332315353|1791332315353|2|0|-1
LdbcShortQuery1PersonProfile|1791332315355|1791332315356|9|1|-1
LdbcShortQuery2PersonPosts|1791332315365|1791332315376|3|10|-1
LdbcShortQuery3PersonFriends|1791332315379|1791332315379|3|28|-1
LdbcQuery7|1791332314481|1791332315383|6|20|1347530062503
LdbcShortQuery4MessageContent|1791332315389|1791332315389|2|1|-1
LdbcShortQuery5MessageCreator|1791332315391|1791332315391|2|1|-1
LdbcShortQuery6MessageForum|1791332315393|1791332315394|1|1|-1
LdbcShortQuery7MessageReplies|1791332315395|1791332315396|2|0|-1
LdbcShortQuery1PersonProfile|1791332315398|1791332315399|2|1|-1
LdbcShortQuery2PersonPosts|1791332315401|1791332315403|3|10|-1
LdbcShortQuery3PersonFriends|1791332315406|1791332315406|4|51|-1
LdbcQuery3|1791332314481|1791332315409|89|0|1347530062503
LdbcShortQuery1PersonProfile|1791332315498|1791332315500|1|1|-1
LdbcShortQuery2PersonPosts|1791332315501|1791332315502|1|10|-1
LdbcShortQuery3PersonFriends|1791332315503|1791332315504|1|16|-1
LdbcShortQuery4MessageContent|1791332315505|1791332315506|1|1|-1
LdbcShortQuery5MessageCreator|1791332315507|1791332315507|2|1|-1
LdbcShortQuery6MessageForum|1791332315509|1791332315509|2|1|-1
LdbcShortQuery7MessageReplies|1791332315511|1791332315511|2|0|-1
LdbcQuery1|1791332314481|1791332315513|2|2|1347530062503
LdbcShortQuery4MessageContent|1791332315515|1791332315516|1|1|-1
LdbcShortQuery5MessageCreator|1791332315517|1791332315519|1|1|-1
LdbcShortQuery6MessageForum|1791332315520|1791332315535|3|1|-1
LdbcShortQuery7MessageReplies|1791332315538|1791332315538|2|0|-1
LdbcQuery14|1791332314481|1791332315541|3|1|1347530062503
LdbcShortQuery1PersonProfile|1791332315544|1791332315546|2|1|-1
LdbcShortQuery2PersonPosts|1791332315548|1791332315549|4|10|-1
LdbcShortQuery3PersonFriends|1791332315553|1791332315553|4|100|-1
LdbcShortQuery4MessageContent|1791332315557|1791332315557|2|1|-1
LdbcShortQuery5MessageCreator|1791332315559|1791332315559|2|1|-1
LdbcShortQuery6MessageForum|1791332315561|1791332315562|2|1|-1
LdbcShortQuery7MessageReplies|1791332315564|1791332315565|3|0|-1
LdbcUpdate2AddPostLike|1791332319244|1791332319256|32|0|1347530110121
LdbcQuery1|1791332319342|1791332319353|5|0|1347530111110
LdbcShortQuery4MessageContent|1791332319358|1791332319358|2|1|-1
LdbcShortQuery5MessageCreator|1791332319360|1791332319361|3|1|-1
LdbcShortQuery6MessageForum|1791332319364|1791332319365|3|1|-1
LdbcShortQuery7MessageReplies|1791332319368|1791332319368|3|0|-1
LdbcShortQuery1PersonProfile|1791332319371|1791332319372|2|1|-1
LdbcShortQuery2PersonPosts|1791332319374|1791332319374|3|10|-1
LdbcShortQuery3PersonFriends|1791332319377|1791332319378|3|40|-1
LdbcShortQuery4MessageContent|1791332319381|1791332319382|3|1|-1
LdbcShortQuery5MessageCreator|1791332319385|1791332319385|2|1|-1
LdbcShortQuery6MessageForum|1791332319387|1791332319388|2|1|-1
LdbcShortQuery7MessageReplies|1791332319390|1791332319391|2|0|-1
LdbcQuery14|1791332319342|1791332319395|4|2|1347530111110
LdbcShortQuery1PersonProfile|1791332319399|1791332319410|5|1|-1
LdbcShortQuery2PersonPosts|1791332319415|1791332319415|3|10|-1
LdbcShortQuery3PersonFriends|1791332319418|1791332319419|3|23|-1
LdbcShortQuery4MessageContent|1791332319422|1791332319424|3|1|-1
LdbcShortQuery5MessageCreator|1791332319427|1791332319427|2|1|-1
LdbcShortQuery6MessageForum|1791332319429|1791332319431|3|1|-1
LdbcShortQuery7MessageReplies|1791332319434|1791332319439|4|7|-1
LdbcQuery2|1791332319342|1791332319441|15|20|1347530111110
LdbcShortQuery4MessageContent|1791332319456|1791332319459|3|1|-1
LdbcShortQuery5MessageCreator|1791332319462|1791332319465|4|1|-1
LdbcShortQuery6MessageForum|1791332319469|1791332319469|3|1|-1
LdbcShortQuery7MessageReplies|1791332319472|1791332319474|4|0|-1
LdbcShortQuery1PersonProfile|1791332319478|1791332319479|2|1|-1
LdbcShortQuery2PersonPosts|1791332319481|1791332319481|4|10|-1
LdbcShortQuery3PersonFriends|1791332319485|1791332319485|3|73|-1
LdbcShortQuery4MessageContent|1791332319488|1791332319497|4|1|-1
LdbcShortQuery5MessageCreator|1791332319501|1791332319502|3|1|-1
LdbcShortQuery6MessageForum|1791332319505|1791332319505|3|1|-1
LdbcShortQuery7MessageReplies|1791332319508|1791332319514|4|0|-1
LdbcShortQuery1PersonProfile|1791332319518|1791332319530|4|1|-1
LdbcShortQuery2PersonPosts|1791332319534|1791332319534|4|10|-1
LdbcShortQuery3PersonFriends|1791332319538|1791332319545|3|86|-1
LdbcQuery4|1791332319342|1791332319549|3|3|1347530111110
LdbcShortQuery1PersonProfile|1791332319552|1791332319552|2|1|-1
LdbcShortQuery2PersonPosts|1791332319554|1791332319554|3|10|-1
LdbcShortQuery3PersonFriends|1791332319557|1791332319558|3|34|-1
LdbcShortQuery4MessageContent|1791332319561|1791332319561|2|1|-1
LdbcShortQuery5MessageCreator|1791332319563|1791332319563|2|1|-1
LdbcShortQuery6MessageForum|1791332319565|1791332319565|2|1|-1
LdbcShortQuery7MessageReplies|1791332319567|1791332319568|3|13|-1
LdbcShortQuery1PersonProfile|1791332319571|1791332319573|3|1|-1
LdbcShortQuery2PersonPosts|1791332319576|1791332319586|5|10|-1
LdbcShortQuery3PersonFriends|1791332319591|1791332319591|3|20|-1
LdbcQuery8|1791332319342|1791332319595|7|20|1347530111110
LdbcShortQuery4MessageContent|1791332319602|1791332319614|5|1|-1
LdbcShortQuery5MessageCreator|1791332319619|1791332319631|4|1|-1
LdbcShortQuery6MessageForum|1791332319635|1791332319635|3|1|-1
LdbcShortQuery7MessageReplies|1791332319638|1791332319648|4|4|-1
LdbcShortQuery1PersonProfile|1791332319652|1791332319652|3|1|-1
LdbcShortQuery2PersonPosts|1791332319655|1791332319655|3|10|-1
LdbcShortQuery3PersonFriends|1791332319658|1791332319659|3|7|-1
LdbcShortQuery4MessageContent|1791332319662|1791332319664|3|1|-1
LdbcShortQuery5MessageCreator|1791332319667|1791332319674|5|1|-1
LdbcShortQuery6MessageForum|1791332319679|1791332319690|5|1|-1
LdbcShortQuery7MessageReplies|1791332319695|1791332319695|3|1|-1
LdbcQuery9|1791332319342|1791332319695|140|20|1347530111110
LdbcShortQuery1PersonProfile|1791332319835|1791332319835|2|1|-1
LdbcShortQuery2PersonPosts|1791332319837|1791332319840|4|10|-1
LdbcShortQuery3PersonFriends|1791332319844|1791332319847|2|44|-1
LdbcShortQuery4MessageContent|1791332319849|1791332319851|2|1|-1
LdbcShortQuery5MessageCreator|1791332319853|1791332319853|1|1|-1
LdbcShortQuery6MessageForum|1791332319854|1791332319854|1|1|-1
LdbcShortQuery7MessageReplies|1791332319855|1791332319855|2|5|-1
LdbcShortQuery1PersonProfile|1791332319857|1791332319864|2|1|-1
LdbcShortQuery2PersonPosts|1791332319866|1791332319866|1|10|-1
LdbcShortQuery3PersonFriends|1791332319867|1791332319877|4|7|-1
LdbcShortQuery4MessageContent|1791332319881|1791332319881|3|1|-1
LdbcShortQuery5MessageCreator|1791332319884|1791332319884|2|1|-1
LdbcShortQuery6MessageForum|1791332319886|1791332319886|2|1|-1
LdbcShortQuery7MessageReplies|1791332319888|1791332319888|1|0|-1
LdbcQuery5|1791332319342|1791332319888|15|0|1347530111110
LdbcShortQuery4MessageContent|1791332319903|1791332319905|1|1|-1
LdbcShortQuery5MessageCreator|1791332319906|1791332319909|1|1|-1
LdbcShortQuery6MessageForum|1791332319910|1791332319911|1|1|-1
LdbcShortQuery7MessageReplies|1791332319912|1791332319912|2|0|-1
LdbcShortQuery1PersonProfile|1791332319914|1791332319914|2|1|-1
LdbcShortQuery2PersonPosts|1791332319916|1791332319918|2|10|-1
LdbcShortQuery3PersonFriends|1791332319920|1791332319920|2|13|-1
LdbcQuery10|1791332319342|1791332319921|15|10|1347530111110
LdbcShortQuery1PersonProfile|1791332319936|1791332319937|1|1|-1
LdbcShortQuery2PersonPosts|1791332319938|1791332319939|2|10|-1
LdbcShortQuery3PersonFriends|1791332319941|1791332319941|1|21|-1
LdbcShortQuery4MessageContent|1791332319942|1791332319943|1|1|-1
LdbcShortQuery5MessageCreator|1791332319944|1791332319944|1|1|-1
LdbcShortQuery6MessageForum|1791332319945|1791332319945|1|1|-1
LdbcShortQuery7MessageReplies|1791332319946|1791332319946|1|4|-1
LdbcQuery11|1791332319342|1791332319946|4|0|1347530111110
LdbcShortQuery4MessageContent|1791332319950|1791332319952|1|1|-1
LdbcShortQuery5MessageCreator|1791332319953|1791332319954|1|1|-1
LdbcShortQuery6MessageForum|1791332319955|1791332319955|1|1|-1
LdbcShortQuery7MessageReplies|1791332319956|1791332319970|3|8|-1
LdbcShortQuery1PersonProfile|1791332319973|1791332319973|2|1|-1
LdbcShortQuery2PersonPosts|1791332319975|1791332319977|3|10|-1
LdbcShortQuery3PersonFriends|1791332319980|1791332319981|2|37|-1
LdbcShortQuery4MessageContent|1791332319983|1791332319983|1|1|-1
LdbcShortQuery5MessageCreator|1791332319984|1791332319984|2|1|-1
LdbcShortQuery6MessageForum|1791332319986|1791332319987|1|1|-1
LdbcShortQuery7MessageReplies|1791332319988|1791332319988|2|1|-1
LdbcQuery3|1791332319342|1791332319990|92|0|1347530111110
LdbcShortQuery1PersonProfile|1791332320082|1791332320083|4|1|-1
LdbcShortQuery2PersonPosts|1791332320087|1791332320089|5|10|-1
LdbcShortQuery3PersonFriends|1791332320094|1791332320094|4|30|-1
LdbcShortQuery4MessageContent|1791332320098|1791332320100|3|1|-1
LdbcShortQuery5MessageCreator|1791332320103|1791332320104|4|1|-1
LdbcShortQuery6MessageForum|1791332320108|1791332320108|3|1|-1
LdbcShortQuery7MessageReplies|1791332320111|1791332320111|3|0|-1
LdbcShortQuery1PersonProfile|1791332320114|1791332320115|3|1|-1
LdbcShortQuery2PersonPosts|1791332320118|1791332320119|5|10|-1
LdbcShortQuery3PersonFriends|1791332320124|1791332320124|3|34|-1
LdbcQuery6|1791332319342|1791332320128|58|10|1347530111110
LdbcShortQuery4MessageContent|1791332320186|1791332320187|1|1|-1
LdbcShortQuery5MessageCreator|1791332320188|1791332320199|4|1|-1
LdbcShortQuery6MessageForum|1791332320203|1791332320214|3|1|-1
LdbcShortQuery7MessageReplies|1791332320217|1791332320217|3|0|-1
LdbcShortQuery1PersonProfile|1791332320220|1791332320227|3|1|-1
LdbcShortQuery2PersonPosts|1791332320230|1791332320230|3|10|-1
LdbcShortQuery3PersonFriends|1791332320233|1791332320234|4|149|-1
LdbcQuery12|1791332319342|1791332320237|205|1|1347530111110
LdbcShortQuery1PersonProfile|1791332320442|1791332320444|1|1|-1
LdbcShortQuery2PersonPosts|1791332320445|1791332320447|3|10|-1
LdbcShortQuery3PersonFriends|1791332320450|1791332320461|2|91|-1
LdbcShortQuery4MessageContent|1791332320463|1791332320475|4|1|-1
LdbcShortQuery5MessageCreator|1791332320479|1791332320490|2|1|-1
LdbcShortQuery6MessageForum|1791332320492|1791332320506|4|1|-1
LdbcShortQuery7MessageReplies|1791332320510|1791332320511|3|0|-1
LdbcShortQuery1PersonProfile|1791332320514|1791332320514|2|1|-1
LdbcShortQuery2PersonPosts|1791332320516|1791332320517|3|10|-1
LdbcShortQuery3PersonFriends|1791332320520|1791332320520|3|30|-1
LdbcQuery13|1791332319342|1791332320520|3|1|1347530111110
LdbcShortQuery4MessageContent|1791332320523|1791332320527|2|1|-1
LdbcShortQuery5MessageCreator|1791332320529|1791332320536|4|1|-1
LdbcShortQuery6MessageForum|1791332320540|1791332320540|3|1|-1
LdbcShortQuery7MessageReplies|1791332320543|1791332320543|3|0|-1
LdbcQuery7|1791332319342|1791332320547|7|20|1347530111110
LdbcShortQuery1PersonProfile|1791332320554|1791332320555|2|1|-1
LdbcShortQuery2PersonPosts|1791332320557|1791332320557|4|10|-1
LdbcShortQuery3PersonFriends|1791332320561|1791332320561|3|15|-1
LdbcShortQuery4MessageContent|1791332320564|1791332320564|2|1|-1
LdbcShortQuery5MessageCreator|1791332320566|1791332320567|2|1|-1
LdbcShortQuery6MessageForum|1791332320569|1791332320581|3|1|-1
LdbcShortQuery7MessageReplies|1791332320584|1791332320596|3|0|-1
LdbcQuery13|1791332324203|1791332324212|3|1|1347530159717
LdbcShortQuery4MessageContent|1791332324215|1791332324215|3|1|-1
LdbcShortQuery5MessageCreator|1791332324218|1791332324218|3|1|-1
LdbcShortQuery6MessageForum|1791332324221|1791332324222|2|1|-1
LdbcShortQuery7MessageReplies|1791332324224|1791332324225|3|0|-1
LdbcQuery7|1791332324203|1791332324226|4|20|1347530159717
LdbcShortQuery1PersonProfile|1791332324230|1791332324231|2|1|-1
LdbcShortQuery2PersonPosts|1791332324233|1791332324234|4|10|-1
LdbcShortQuery3PersonFriends|1791332324238|1791332324239|2|70|-1
LdbcShortQuery4MessageContent|1791332324241|1791332324242|2|1|-1
LdbcShortQuery5MessageCreator|1791332324244|1791332324251|2|1|-1
LdbcShortQuery6MessageForum|1791332324253|1791332324263|2|1|-1
LdbcShortQuery7MessageReplies|1791332324265|1791332324276|3|0|-1
LdbcQuery5|1791332324203|1791332324279|61|20|1347530159717
LdbcShortQuery4MessageContent|1791332324340|1791332324340|2|1|-1
LdbcShortQuery5MessageCreator|1791332324342|1791332324343|1|1|-1
LdbcShortQuery6MessageForum|1791332324344|1791332324347|2|1|-1
LdbcShortQuery7MessageReplies|1791332324349|1791332324364|2|0|-1
LdbcShortQuery1PersonProfile|1791332324366|1791332324379|2|1|-1
LdbcShortQuery2PersonPosts|1791332324381|1791332324381|1|10|-1
LdbcShortQuery3PersonFriends|1791332324382|1791332324383|1|71|-1
LdbcShortQuery4MessageContent|1791332324384|1791332324384|1|1|-1
LdbcShortQuery5MessageCreator|1791332324385|1791332324386|1|1|-1
LdbcShortQuery6MessageForum|1791332324387|1791332324388|1|1|-1
LdbcShortQuery7MessageReplies|1791332324389|1791332324389|1|0|-1
LdbcQuery2|1791332324203|1791332324390|6|20|1347530159717
LdbcShortQuery1PersonProfile|1791332324396|1791332324396|1|1|-1
LdbcShortQuery2PersonPosts|1791332324397|1791332324398|1|10|-1
LdbcShortQuery3PersonFriends|1791332324399|1791332324400|1|28|-1
LdbcQuery1|1791332324203|1791332324400|2|1|1347530159717
LdbcShortQuery4MessageContent|1791332324402|1791332324404|1|1|-1
LdbcShortQuery5MessageCreator|1791332324405|1791332324408|1|1|-1
LdbcShortQuery6MessageForum|1791332324409|1791332324409|1|1|-1
LdbcShortQuery7MessageReplies|1791332324410|1791332324410|1|4|-1
LdbcShortQuery1PersonProfile|1791332324411|1791332324412|1|1|-1
LdbcShortQuery2PersonPosts|1791332324413|1791332324414|2|10|-1
LdbcShortQuery3PersonFriends|1791332324416|1791332324416|6|19|-1
LdbcQuery14|1791332324203|1791332324424|5|1|1347530159717
LdbcShortQuery1PersonProfile|1791332324429|1791332324430|1|1|-1
LdbcShortQuery2PersonPosts|1791332324431|1791332324437|2|10|-1
LdbcShortQuery3PersonFriends|1791332324439|1791332324453|2|106|-1
LdbcShortQuery4MessageContent|1791332324455|1791332324456|1|1|-1
LdbcShortQuery5MessageCreator|1791332324457|1791332324457|1|1|-1
LdbcShortQuery6MessageForum|1791332324458|1791332324459|1|1|-1
LdbcShortQuery7MessageReplies|1791332324460|1791332324467|1|0|-1
LdbcQuery9|1791332324203|1791332324467|73|20|1347530159717
LdbcShortQuery4MessageContent|1791332324540|1791332324543|1|1|-1
LdbcShortQuery5MessageCreator|1791332324544|1791332324544|3|1|-1
LdbcShortQuery6MessageForum|1791332324547|1791332324547|2|1|-1
LdbcShortQuery7MessageReplies|1791332324549|1791332324549|1|0|-1
LdbcQuery4|1791332324203|1791332324552|2|3|1347530159717
LdbcShortQuery1PersonProfile|1791332324554|1791332324554|1|1|-1
LdbcShortQuery2PersonPosts|1791332324555|1791332324555|1|10|-1
LdbcShortQuery3PersonFriends|1791332324556|1791332324557|1|67|-1
LdbcQuery8|1791332324203|1791332324559|4|20|1347530159717
LdbcShortQuery4MessageContent|1791332324563|1791332324564|2|1|-1
LdbcShortQuery5MessageCreator|1791332324566|1791332324567|2|1|-1
LdbcShortQuery6MessageForum|1791332324569|1791332324580|3|1|-1
LdbcShortQuery7MessageReplies|1791332324583|1791332324597|3|0|-1
LdbcShortQuery1PersonProfile|1791332324600|1791332324613|3|1|-1
LdbcShortQuery2PersonPosts|1791332324616|1791332324618|2|10|-1
LdbcShortQuery3PersonFriends|1791332324620|1791332324626|2|30|-1
LdbcShortQuery4MessageContent|1791332324628|1791332324628|1|1|-1
LdbcShortQuery5MessageCreator|1791332324629|1791332324630|2|1|-1
LdbcShortQuery6MessageForum|1791332324632|1791332324639|2|1|-1
LdbcShortQuery7MessageReplies|1791332324641|1791332324651|3|0|-1
LdbcQuery12|1791332324203|1791332324651|66|0|1347530159717
LdbcShortQuery1PersonProfile|1791332324717|1791332324721|1|1|-1
LdbcShortQuery2PersonPosts|1791332324722|1791332324735|2|10|-1
LdbcShortQuery3PersonFriends|1791332324737|1791332324750|2|43|-1
LdbcShortQuery4MessageContent|1791332324752|1791332324764|2|1|-1
LdbcShortQuery5MessageCreator|1791332324766|1791332324766|1|1|-1
LdbcShortQuery6MessageForum|1791332324767|1791332324779|15|1|-1
LdbcShortQuery7MessageReplies|1791332324794|1791332324805|2|0|-1
LdbcQuery3|1791332324203|1791332324809|61|0|1347530159717
LdbcShortQuery4MessageContent|1791332324870|1791332324875|2|1|-1
LdbcShortQuery5MessageCreator|1791332324877|1791332324888|1|1|-1
LdbcShortQuery6MessageForum|1791332324889|1791332324900|3|1|-1
LdbcShortQuery7MessageReplies|1791332324903|1791332324914|3|0|-1
LdbcShortQuery1PersonProfile|1791332324917|1791332324918|2|1|-1
LdbcShortQuery2PersonPosts|1791332324920|1791332324930|3|10|-1
LdbcShortQuery3PersonFriends|1791332324933|1791332324933|3|60|-1
LdbcQuery10|1791332324203|1791332324936|43|10|1347530159717
LdbcShortQuery1PersonProfile|1791332324979|1791332324990|4|1|-1
LdbcUpdate3AddCommentLike|1791332324978|1791332324992|8|0|1347530167462
LdbcShortQuery2PersonPosts|1791332324994|1791332325006|7|10|-1
LdbcShortQuery3PersonFriends|1791332325013|1791332325013|4|7|-1
LdbcShortQuery4MessageContent|1791332325017|1791332325017|4|1|-1
LdbcShortQuery5MessageCreator|1791332325021|1791332325021|3|1|-1
LdbcShortQuery6MessageForum|1791332325024|1791332325025|2|1|-1
LdbcShortQuery7MessageReplies|1791332325027|1791332325034|7|6|-1
LdbcQuery11|1791332324203|1791332325041|10|0|1347530159717
LdbcShortQuery4MessageContent|1791332325051|1791332325052|2|1|-1
LdbcShortQuery5MessageCreator|1791332325054|1791332325054|2|1|-1
LdbcShortQuery6MessageForum|1791332325056|1791332325056|1|1|-1
LdbcShortQuery7MessageReplies|1791332325057|1791332325063|2|3|-1
LdbcQuery6|1791332324203|1791332325066|53|10|1347530159717
LdbcShortQuery1PersonProfile|1791332325119|1791332325119|1|1|-1
LdbcShortQuery2PersonPosts|1791332325120|1791332325121|1|10|-1
LdbcShortQuery3PersonFriends|1791332325122|1791332325123|1|4|-1
LdbcShortQuery4MessageContent|1791332325124|1791332325129|3|1|-1
LdbcShortQuery5MessageCreator|1791332325132|1791332325132|1|1|-1
LdbcShortQuery6MessageForum|1791332325133|1791332325134|1|1|-1
LdbcShortQuery7MessageReplies|1791332325135|1791332325136|1|9|-1
LdbcShortQuery1PersonProfile|1791332325137|1791332325138|1|1|-1
LdbcShortQuery2PersonPosts|1791332325139|1791332325144|3|10|-1
LdbcShortQuery3PersonFriends|1791332325147|1791332325158|6|71|-1
LdbcUpdate3AddCommentLike|1791332326869|1791332326878|9|0|1347530186378
LdbcQuery11|1791332329064|1791332329079|9|0|1347530208324
LdbcShortQuery4MessageContent|1791332329088|1791332329094|1|1|-1
LdbcShortQuery5MessageCreator|1791332329095|1791332329095|0|1|-1
LdbcShortQuery6MessageForum|1791332329095|1791332329095|0|1|-1
LdbcShortQuery7MessageReplies|1791332329095|1791332329096|0|6|-1
LdbcShortQuery1PersonProfile|1791332329096|1791332329097|0|1|-1
LdbcShortQuery2PersonPosts|1791332329097|1791332329098|0|10|-1
LdbcShortQuery3PersonFriends|1791332329098|1791332329098|0|7|-1
LdbcQuery6|1791332329064|1791332329099|53|10|1347530208324
LdbcShortQuery1PersonProfile|1791332329152|1791332329152|3|1|-1
LdbcShortQuery2PersonPosts|1791332329155|1791332329156|1|10|-1
LdbcShortQuery3PersonFriends|1791332329157|1791332329158|1|3|-1
LdbcShortQuery4MessageContent|1791332329159|1791332329159|1|1|-1
LdbcShortQuery5MessageCreator|1791332329160|1791332329165|0|1|-1
LdbcShortQuery6MessageForum|1791332329165|1791332329165|0|1|-1
LdbcShortQuery7MessageReplies|1791332329165|1791332329165|0|2|-1
LdbcShortQuery1PersonProfile|1791332329165|1791332329165|0|1|-1
LdbcShortQuery2PersonPosts|1791332329165|1791332329168|0|10|-1
LdbcShortQuery3PersonFriends|1791332329168|1791332329168|0|21|-1
LdbcShortQuery4MessageContent|1791332329168|1791332329169|0|1|-1
LdbcShortQuery5MessageCreator|1791332329169|1791332329169|0|1|-1
LdbcShortQuery6MessageForum|1791332329169|1791332329169|0|1|-1
LdbcShortQuery7MessageReplies|1791332329169|1791332329172|1|6|-1
LdbcQuery9|1791332329064|1791332329173|48|20|1347530208324
LdbcShortQuery4MessageContent|1791332329221|1791332329224|2|1|-1
LdbcShortQuery5MessageCreator|1791332329226|1791332329226|1|1|-1
LdbcShortQuery6MessageForum|1791332329227|1791332329237|4|1|-1
LdbcShortQuery7MessageReplies|1791332329241|1791332329242|3|0|-1
LdbcShortQuery1PersonProfile|1791332329245|1791332329246|3|1|-1
LdbcShortQuery2PersonPosts|1791332329249|1791332329249|5|10|-1
LdbcShortQuery3PersonFriends|1791332329254|1791332329255|29|91|-1
LdbcQuery5|1791332329064|1791332329284|58|20|1347530208324
LdbcShortQuery1PersonProfile|1791332329342|1791332329353|2|1|-1
LdbcShortQuery2PersonPosts|1791332329355|1791332329355|1|10|-1
LdbcShortQuery3PersonFriends|1791332329356|1791332329356|1|3|-1
LdbcShortQuery4MessageContent|1791332329357|1791332329358|1|1|-1
LdbcShortQuery5MessageCreator|1791332329359|1791332329359|1|1|-1
LdbcShortQuery6MessageForum|1791332329360|1791332329366|1|1|-1
LdbcShortQuery7MessageReplies|1791332329367|1791332329379|1|2|-1
LdbcQuery13|1791332329064|1791332329379|1|1|1347530208324
LdbcShortQuery4MessageContent|1791332329380|1791332329391|2|1|-1
LdbcShortQuery5MessageCreator|1791332329393|1791332329406|4|1|-1
LdbcShortQuery6MessageForum|1791332329410|1791332329410|3|1|-1
LdbcShortQuery7MessageReplies|1791332329413|1791332329419|3|2|-1
LdbcShortQuery1PersonProfile|1791332329422|1791332329436|3|1|-1
LdbcShortQuery2PersonPosts|1791332329439|1791332329439|4|10|-1
LdbcShortQuery3PersonFriends|1791332329443|1791332329444|3|30|-1
LdbcQuery7|1791332329064|1791332329446|5|20|1347530208324
LdbcShortQuery1PersonProfile|1791332329451|1791332329451|1|1|-1
LdbcShortQuery2PersonPosts|1791332329452|1791332329456|3|10|-1
LdbcShortQuery3PersonFriends|1791332329459|1791332329459|2|43|-1
LdbcQuery14|1791332329064|1791332329461|2|4|1347530208324
LdbcShortQuery4MessageContent|1791332329463|1791332329463|1|1|-1
LdbcShortQuery5MessageCreator|1791332329464|1791332329466|3|1|-1
LdbcShortQuery6MessageForum|1791332329469|1791332329469|1|1|-1
LdbcShortQuery7MessageReplies|1791332329470|1791332329470|1|0|-1
LdbcShortQuery1PersonProfile|1791332329471|1791332329479|4|1|-1
LdbcShortQuery2PersonPosts|1791332329483|1791332329483|3|10|-1
LdbcShortQuery3PersonFriends|1791332329486|1791332329486|3|34|-1
LdbcQuery2|1791332329064|1791332329489|13|20|1347530208324
LdbcShortQuery1PersonProfile|1791332329502|1791332329505|2|1|-1
LdbcShortQuery2PersonPosts|1791332329507|1791332329508|2|10|-1
LdbcShortQuery3PersonFriends|1791332329510|1791332329511|2|32|-1
LdbcShortQuery4MessageContent|1791332329513|1791332329513|1|1|-1
LdbcShortQuery5MessageCreator|1791332329514|1791332329520|4|1|-1
LdbcShortQuery6MessageForum|1791332329524|1791332329524|2|1|-1
LdbcShortQuery7MessageReplies|1791332329526|1791332329527|2|0|-1
LdbcQuery1|1791332329064|1791332329529|5|2|1347530208324
LdbcShortQuery4MessageContent|1791332329534|1791332329536|2|1|-1
LdbcShortQuery5MessageCreator|1791332329538|1791332329539|3|1|-1
LdbcShortQuery6MessageForum|1791332329542|1791332329542|2|1|-1
LdbcShortQuery7MessageReplies|1791332329544|1791332329544|3|0|-1
LdbcShortQuery1PersonProfile|1791332329547|1791332329548|3|1|-1
LdbcShortQuery2PersonPosts|1791332329551|1791332329560|5|10|-1
LdbcShortQuery3PersonFriends|1791332329565|1791332329573|6|40|-1
LdbcShortQuery4MessageContent|1791332329579|1791332329579|3|1|-1
LdbcShortQuery5MessageCreator|1791332329582|1791332329585|3|1|-1
LdbcShortQuery6MessageForum|1791332329588|1791332329599|5|1|-1
LdbcShortQuery7MessageReplies|1791332329604|1791332329604|3|5|-1
LdbcShortQuery1PersonProfile|1791332329607|1791332329608|2|1|-1
LdbcShortQuery2PersonPosts|1791332329610|1791332329613|5|10|-1
LdbcShortQuery3PersonFriends|1791332329618|1791332329619|3|15|-1
LdbcShortQuery4MessageContent|1791332329622|1791332329627|6|1|-1
LdbcShortQuery5MessageCreator|1791332329633|1791332329639|3|1|-1
LdbcShortQuery6MessageForum|1791332329642|1791332329642|3|1|-1
LdbcShortQuery7MessageReplies|1791332329645|1791332329646|2|0|-1
LdbcQuery10|1791332329064|1791332329649|17|10|1347530208324
LdbcShortQuery1PersonProfile|1791332329666|1791332329666|1|1|-1
LdbcShortQuery2PersonPosts|1791332329667|1791332329668|2|10|-1
LdbcShortQuery3PersonFriends|1791332329670|1791332329671|6|47|-1
LdbcShortQuery4MessageContent|1791332329677|1791332329687|12|1|-1
LdbcShortQuery5MessageCreator|1791332329699|1791332329699|3|1|-1
LdbcShortQuery6MessageForum|1791332329702|1791332329703|2|1|-1
LdbcShortQuery7MessageReplies|1791332329705|1791332329706|3|4|-1
LdbcQuery12|1791332329064|1791332329709|58|2|1347530208324
LdbcShortQuery4MessageContent|1791332329767|1791332329774|2|1|-1
LdbcShortQuery5MessageCreator|1791332329776|1791332329776|1|1|-1
LdbcShortQuery6MessageForum|1791332329777|1791332329788|4|1|-1
LdbcShortQuery7MessageReplies|1791332329792|1791332329792|2|1|-1
LdbcShortQuery1PersonProfile|1791332329794|1791332329804|1|1|-1
LdbcShortQuery2PersonPosts|1791332329805|1791332329806|2|10|-1
LdbcShortQuery3PersonFriends|1791332329808|1791332329809|1|6|-1
LdbcShortQuery4MessageContent|1791332329810|1791332329811|1|1|-1
LdbcShortQuery5MessageCreator|1791332329812|1791332329813|1|1|-1
LdbcShortQuery6MessageForum|1791332329814|1791332329821|1|1|-1
LdbcShortQuery7MessageReplies|1791332329822|1791332329838|2|0|-1
LdbcQuery4|1791332329064|1791332329840|3|3|1347530208324
LdbcShortQuery1PersonProfile|1791332329843|1791332329844|1|1|-1
LdbcShortQuery2PersonPosts|1791332329845|1791332329845|1|10|-1
LdbcShortQuery3PersonFriends|1791332329846|1791332329858|4|4|-1
LdbcShortQuery4MessageContent|1791332329862|1791332329867|3|1|-1
LdbcShortQuery5MessageCreator|1791332329870|1791332329871|1|1|-1
LdbcShortQuery6MessageForum|1791332329872|1791332329883|2|1|-1
LdbcShortQuery7MessageReplies|1791332329885|1791332329899|4|0|-1
LdbcQuery8|1791332329064|1791332329903|5|20|1347530208324
LdbcShortQuery4MessageContent|1791332329908|1791332329909|2|1|-1
LdbcShortQuery5MessageCreator|1791332329911|1791332329911|2|1|-1
LdbcShortQuery6MessageForum|1791332329913|1791332329913|2|1|-1
LdbcShortQuery7MessageReplies|1791332329915|1791332329919|2|0|-1
LdbcShortQuery1PersonProfile|1791332329921|1791332329921|2|1|-1
LdbcShortQuery2PersonPosts|1791332329923|1791332329923|3|10|-1
LdbcShortQuery3PersonFriends|1791332329926|1791332329926|2|7|-1
LdbcShortQuery4MessageContent|1791332329928|1791332329929|2|1|-1
LdbcShortQuery5MessageCreator|1791332329931|1791332329936|3|1|-1
LdbcShortQuery6MessageForum|1791332329939|1791332329939|3|1|-1
LdbcShortQuery7MessageReplies|1791332329942|1791332329942|2|0|-1
LdbcShortQuery1PersonProfile|1791332329944|1791332329945|2|1|-1
LdbcShortQuery2PersonPosts|1791332329947|1791332329949|5|10|-1
LdbcShortQuery3PersonFriends|1791332329954|1791332329961|3|19|-1
LdbcQuery3|1791332329064|1791332329964|148|0|1347530208324
LdbcShortQuery1PersonProfile|1791332330112|1791332330113|1|1|-1
LdbcShortQuery2PersonPosts|1791332330114|1791332330115|1|10|-1
LdbcShortQuery3PersonFriends|1791332330116|1791332330116|1|27|-1
LdbcShortQuery4MessageContent|1791332330117|1791332330119|1|1|-1
LdbcShortQuery5MessageCreator|1791332330120|1791332330134|2|1|-1
LdbcShortQuery6MessageForum|1791332330136|1791332330149|3|1|-1
LdbcShortQuery7MessageReplies|1791332330152|1791332330153|1|0|-1
LdbcShortQuery1PersonProfile|1791332330154|1791332330161|3|1|-1
LdbcShortQuery2PersonPosts|1791332330164|1791332330177|3|10|-1
LdbcShortQuery3PersonFriends|1791332330180|1791332330180|1|24|-1
LdbcUpdate7AddComment|1791332332288|1791332332297|17|0|1347530240568
LdbcQuery8|1791332333924|1791332333927|3|20|1347530256931
LdbcShortQuery4MessageContent|1791332333930|1791332333931|1|1|-1
LdbcShortQuery5MessageCreator|1791332333932|1791332333933|1|1|-1
LdbcShortQuery6MessageForum|1791332333934|1791332333935|1|1|-1
LdbcShortQuery7MessageReplies|1791332333936|1791332333940|1|0|-1
LdbcShortQuery1PersonProfile|1791332333941|1791332333953|4|1|-1
LdbcShortQuery2PersonPosts|1791332333957|1791332333958|1|10|-1
LdbcShortQuery3PersonFriends|1791332333959|1791332333960|2|28|-1
LdbcShortQuery4MessageContent|1791332333962|1791332333969|2|1|-1
LdbcShortQuery5MessageCreator|1791332333971|1791332333982|1|1|-1
LdbcShortQuery6MessageForum|1791332333983|1791332333994|1|1|-1
LdbcShortQuery7MessageReplies|1791332333995|1791332334012|5|1|-1
LdbcQuery3|1791332333924|1791332334016|86|0|1347530256931
LdbcShortQuery1PersonProfile|1791332334102|1791332334104|1|1|-1
LdbcShortQuery2PersonPosts|1791332334105|1791332334105|1|10|-1
LdbcShortQuery3PersonFriends|1791332334106|1791332334107|1|6|-1
LdbcQuery14|1791332333924|1791332334108|1|7|1347530256931
LdbcShortQuery4MessageContent|1791332334109|1791332334109|1|1|-1
LdbcShortQuery5MessageCreator|1791332334110|1791332334111|1|1|-1
LdbcShortQuery6MessageForum|1791332334112|1791332334114|1|1|-1
LdbcShortQuery7MessageReplies|1791332334115|1791332334116|1|0|-1
LdbcShortQuery1PersonProfile|1791332334117|1791332334131|2|1|-1
LdbcShortQuery2PersonPosts|1791332334133|1791332334145|3|10|-1
LdbcShortQuery3PersonFriends|1791332334148|1791332334149|1|21|-1
LdbcShortQuery4MessageContent|1791332334150|1791332334159|2|1|-1
LdbcShortQuery5MessageCreator|1791332334161|1791332334161|1|1|-1
LdbcShortQuery6MessageForum|1791332334162|1791332334163|2|1|-1
LdbcShortQuery7MessageReplies|1791332334165|1791332334165|1|0|-1
LdbcShortQuery1PersonProfile|1791332334166|1791332334166|1|1|-1
LdbcShortQuery2PersonPosts|1791332334167|1791332334168|1|10|-1
LdbcShortQuery3PersonFriends|1791332334169|1791332334169|1|36|-1
LdbcQuery9|1791332333924|1791332334171|46|20|1347530256931
LdbcShortQuery1PersonProfile|1791332334217|1791332334219|2|1|-1
LdbcShortQuery2PersonPosts|1791332334221|1791332334239|3|10|-1
LdbcShortQuery3PersonFriends|1791332334242|1791332334244|1|29|-1
LdbcShortQuery4MessageContent|1791332334245|1791332334245|1|1|-1
LdbcShortQuery5MessageCreator|1791332334246|1791332334261|3|1|-1
LdbcShortQuery6MessageForum|1791332334264|1791332334273|2|1|-1
LdbcShortQuery7MessageReplies|1791332334275|1791332334289|3|0|-1
LdbcShortQuery1PersonProfile|1791332334292|1791332334293|1|1|-1
LdbcShortQuery2PersonPosts|1791332334294|1791332334320|4|10|-1
LdbcShortQuery3PersonFriends|1791332334324|1791332334324|5|7|-1
LdbcQuery11|1791332333924|1791332334329|2|0|1347530256931
LdbcShortQuery4MessageContent|1791332334331|1791332334332|1|1|-1
LdbcShortQuery5MessageCreator|1791332334333|1791332334334|1|1|-1
LdbcShortQuery6MessageForum|1791332334335|1791332334336|1|1|-1
LdbcShortQuery7MessageReplies|1791332334337|1791332334337|1|0|-1
LdbcQuery6|1791332333924|1791332334337|30|10|1347530256931
LdbcShortQuery1PersonProfile|1791332334367|1791332334377|2|1|-1
LdbcShortQuery2PersonPosts|1791332334379|1791332334379|1|2|-1
LdbcShortQuery3PersonFriends|1791332334380|1791332334393|3|16|-1
LdbcQuery7|1791332333924|1791332334394|3|20|1347530256931
LdbcShortQuery4MessageContent|1791332334397|1791332334399|1|1|-1
LdbcShortQuery5MessageCreator|1791332334400|1791332334409|2|1|-1
LdbcShortQuery6MessageForum|1791332334411|1791332334421|3|1|-1
LdbcShortQuery7MessageReplies|1791332334424|1791332334424|3|0|-1
LdbcShortQuery1PersonProfile|1791332334427|1791332334428|2|1|-1
LdbcShortQuery2PersonPosts|1791332334430|1791332334430|3|10|-1
LdbcShortQuery3PersonFriends|1791332334433|1791332334434|3|30|-1
LdbcQuery5|1791332333924|1791332334438|74|20|1347530256931
LdbcShortQuery1PersonProfile|1791332334512|1791332334512|5|1|-1
LdbcShortQuery2PersonPosts|1791332334517|1791332334520|5|10|-1
LdbcShortQuery3PersonFriends|1791332334525|1791332334525|4|27|-1
LdbcShortQuery4MessageContent|1791332334529|1791332334531|3|1|-1
LdbcShortQuery5MessageCreator|1791332334534|1791332334534|2|1|-1
LdbcShortQuery6MessageForum|1791332334536|1791332334536|4|1|-1
LdbcShortQuery7MessageReplies|1791332334540|1791332334541|2|4|-1
LdbcQuery13|1791332333924|1791332334541|3|1|1347530256931
LdbcShortQuery4MessageContent|1791332334544|1791332334545|2|1|-1
LdbcShortQuery5MessageCreator|1791332334547|1791332334549|1|1|-1
LdbcShortQuery6MessageForum|1791332334550|1791332334561|3|1|-1
LdbcShortQuery7MessageReplies|1791332334564|1791332334574|4|4|-1
LdbcShortQuery1PersonProfile|1791332334578|1791332334579|3|1|-1
LdbcShortQuery2PersonPosts|1791332334582|1791332334589|5|10|-1
LdbcShortQuery3PersonFriends|1791332334594|1791332334604|5|34|-1
LdbcShortQuery4MessageContent|1791332334609|1791332334609|4|1|-1
LdbcShortQuery5MessageCreator|1791332334613|1791332334620|4|1|-1
LdbcShortQuery6MessageForum|1791332334624|1791332334624|2|1|-1
LdbcShortQuery7MessageReplies|1791332334626|1791332334634|2|0|-1
LdbcQuery4|1791332333924|1791332334636|2|3|1347530256931
LdbcShortQuery1PersonProfile|1791332334638|1791332334639|1|1|-1
LdbcShortQuery2PersonPosts|1791332334640|1791332334641|1|10|-1
LdbcShortQuery3PersonFriends|1791332334642|1791332334643|1|13|-1
LdbcShortQuery4MessageContent|1791332334644|1791332334646|2|1|-1
LdbcShortQuery5MessageCreator|1791332334648|1791332334648|1|1|-1
LdbcShortQuery6MessageForum|1791332334649|1791332334651|1|1|-1
LdbcShortQuery7MessageReplies|1791332334652|1791332334659|2|0|-1
LdbcShortQuery1PersonProfile|1791332334661|1791332334661|2|1|-1
LdbcShortQuery2PersonPosts|1791332334663|1791332334664|3|10|-1
LdbcShortQuery3PersonFriends|1791332334667|1791332334673|7|35|-1
LdbcQuery10|1791332333924|1791332334679|38|10|1347530256931
LdbcShortQuery4MessageContent|1791332334717|1791332334719|12|1|-1
LdbcShortQuery5MessageCreator|1791332334731|1791332334733|1|1|-1
LdbcShortQuery6MessageForum|1791332334734|1791332334741|2|1|-1
LdbcShortQuery7MessageReplies|1791332334743|1791332334754|3|2|-1
LdbcShortQuery1PersonProfile|1791332334757|1791332334757|2|1|-1
LdbcShortQuery2PersonPosts|1791332334759|1791332334759|2|10|-1
LdbcShortQuery3PersonFriends|1791332334761|1791332334766|2|10|-1
LdbcShortQuery4MessageContent|1791332334768|1791332334768|1|1|-1
LdbcShortQuery5MessageCreator|1791332334769|1791332334769|1|1|-1
LdbcShortQuery6MessageForum|1791332334770|1791332334771|1|1|-1
LdbcShortQuery7MessageReplies|1791332334772|1791332334774|2|0|-1
LdbcShortQuery1PersonProfile|1791332334776|1791332334776|2|1|-1
LdbcShortQuery2PersonPosts|1791332334778|1791332334779|2|10|-1
LdbcShortQuery3PersonFriends|1791332334781|1791332334781|2|11|-1
LdbcShortQuery4MessageContent|1791332334783|1791332334783|2|1|-1
LdbcShortQuery5MessageCreator|1791332334785|1791332334786|1|1|-1
LdbcShortQuery6MessageForum|1791332334787|1791332334796|4|1|-1
LdbcShortQuery7MessageReplies|1791332334800|1791332334808|3|0|-1
LdbcQuery2|1791332333924|1791332334811|20|20|1347530256931
LdbcShortQuery1PersonProfile|1791332334831|1791332334837|4|1|-1
LdbcShortQuery2PersonPosts|1791332334841|1791332334841|4|10|-1
LdbcShortQuery3PersonFriends|1791332334845|1791332334845|4|7|-1
LdbcQuery1|1791332333924|1791332334850|5|4|1347530256931
LdbcShortQuery4MessageContent|1791332334855|1791332334855|2|1|-1
LdbcShortQuery5MessageCreator|1791332334857|1791332334857|2|1|-1
LdbcShortQuery6MessageForum|1791332334859|1791332334861|3|1|-1
LdbcShortQuery7MessageReplies|1791332334864|1791332334865|3|3|-1
LdbcShortQuery1PersonProfile|1791332334868|1791332334868|2|1|-1
LdbcShortQuery2PersonPosts|1791332334870|1791332334870|2|10|-1
LdbcShortQuery3PersonFriends|1791332334872|1791332334874|5|230|-1
LdbcQuery12|1791332333924|1791332334879|95|1|1347530256931
LdbcShortQuery1PersonProfile|1791332334974|1791332334974|2|1|-1
LdbcShortQuery2PersonPosts|1791332334976|1791332334977|2|10|-1
LdbcShortQuery3PersonFriends|1791332334979|1791332334979|2|53|-1
LdbcShortQuery4MessageContent|1791332334981|1791332334991|2|1|-1
LdbcShortQuery5MessageCreator|1791332334993|1791332334993|2|1|-1
LdbcShortQuery6MessageForum|1791332334995|1791332334995|2|1|-1
LdbcShortQuery7MessageReplies|1791332334997|1791332334997|2|8|-1
LdbcUpdate5AddForumMembership|1791332337771|1791332337774|10|0|1347530295391
LdbcQuery1|1791332338785|1791332338792|7|2|1347530305538
LdbcShortQuery4MessageContent|1791332338799|1791332338808|4|1|-1
LdbcShortQuery5MessageCreator|1791332338812|1791332338812|3|1|-1
LdbcShortQuery6MessageForum|1791332338815|1791332338816|3|1|-1
LdbcShortQuery7MessageReplies|1791332338819|1791332338821|4|8|-1
LdbcShortQuery1PersonProfile|1791332338825|1791332338825|3|1|-1
LdbcShortQuery2PersonPosts|1791332338828|1791332338829|3|10|-1
LdbcShortQuery3PersonFriends|1791332338832|1791332338833|4|8|-1
LdbcQuery12|1791332338785|1791332338833|106|1|1347530305538
LdbcShortQuery1PersonProfile|1791332338939|1791332338944|3|1|-1
LdbcShortQuery2PersonPosts|1791332338947|1791332338957|5|10|-1
LdbcShortQuery3PersonFriends|1791332338962|1791332338973|7|72|-1
LdbcShortQuery4MessageContent|1791332338980|1791332338985|5|1|-1
LdbcShortQuery5MessageCreator|1791332338990|1791332338999|4|1|-1
LdbcShortQuery6MessageForum|1791332339003|1791332339003|3|1|-1
LdbcShortQuery7MessageReplies|1791332339006|1791332339007|3|0|-1
LdbcShortQuery1PersonProfile|1791332339010|1791332339012|3|1|-1
LdbcShortQuery2PersonPosts|1791332339015|1791332339015|3|10|-1
LdbcShortQuery3PersonFriends|1791332339018|1791332339027|4|32|-1
LdbcQuery7|1791332338785|1791332339032|4|20|1347530305538
LdbcShortQuery4MessageContent|1791332339036|1791332339037|2|1|-1
LdbcShortQuery5MessageCreator|1791332339039|1791332339039|5|1|-1
LdbcShortQuery6MessageForum|1791332339044|1791332339051|3|1|-1
LdbcShortQuery7MessageReplies|1791332339054|1791332339055|2|1|-1
LdbcShortQuery1PersonProfile|1791332339057|1791332339057|2|1|-1
LdbcShortQuery2PersonPosts|1791332339059|1791332339060|4|10|-1
LdbcShortQuery3PersonFriends|1791332339064|1791332339064|2|4|-1
LdbcShortQuery4MessageContent|1791332339066|1791332339070|3|1|-1
LdbcShortQuery5MessageCreator|1791332339073|1791332339074|5|1|-1
LdbcShortQuery6MessageForum|1791332339079|1791332339079|3|1|-1
LdbcShortQuery7MessageReplies|1791332339082|1791332339082|3|0|-1
LdbcQuery14|1791332338785|1791332339085|4|4|1347530305538
LdbcShortQuery1PersonProfile|1791332339089|1791332339091|2|1|-1
LdbcShortQuery2PersonPosts|1791332339093|1791332339094|4|10|-1
LdbcShortQuery3PersonFriends|1791332339098|1791332339099|4|340|-1
LdbcShortQuery4MessageContent|1791332339103|1791332339103|1|1|-1
LdbcShortQuery5MessageCreator|1791332339104|1791332339106|2|1|-1
LdbcShortQuery6MessageForum|1791332339108|1791332339108|1|1|-1
LdbcShortQuery7MessageReplies|1791332339109|1791332339109|1|0|-1
LdbcQuery8|1791332338785|1791332339111|4|20|1347530305538
LdbcShortQuery4MessageContent|1791332339115|1791332339115|1|1|-1
LdbcShortQuery5MessageCreator|1791332339116|1791332339131|6|1|-1
LdbcShortQuery6MessageForum|1791332339137|1791332339137|3|1|-1
LdbcShortQuery7MessageReplies|1791332339140|1791332339140|2|0|-1
LdbcShortQuery1PersonProfile|1791332339142|1791332339143|4|1|-1
LdbcShortQuery2PersonPosts|1791332339147|1791332339148|3|10|-1
LdbcShortQuery3PersonFriends|1791332339151|1791332339152|4|86|-1
LdbcQuery3|1791332338785|1791332339157|80|0|1347530305538
LdbcShortQuery1PersonProfile|1791332339237|1791332339248|3|1|-1
LdbcShortQuery2PersonPosts|1791332339251|1791332339251|3|10|-1
LdbcShortQuery3PersonFriends|1791332339254|1791332339255|2|10|-1
LdbcShortQuery4MessageContent|1791332339257|1791332339257|2|1|-1
LdbcShortQuery5MessageCreator|1791332339259|1791332339259|2|1|-1
LdbcShortQuery6MessageForum|1791332339261|1791332339263|3|1|-1
LdbcShortQuery7MessageReplies|1791332339266|1791332339266|3|0|-1
LdbcQuery6|1791332338785|1791332339269|50|10|1347530305538
LdbcShortQuery4MessageContent|1791332339319|1791332339319|1|1|-1
LdbcShortQuery5MessageCreator|1791332339320|1791332339326|3|1|-1
LdbcShortQuery6MessageForum|1791332339329|1791332339329|1|1|-1
LdbcShortQuery7MessageReplies|1791332339330|1791332339331|1|0|-1
LdbcQuery9|1791332338785|1791332339331|83|20|1347530305538
LdbcShortQuery1PersonProfile|1791332339414|1791332339416|2|1|-1
LdbcShortQuery2PersonPosts|1791332339418|1791332339419|2|10|-1
LdbcShortQuery3PersonFriends|1791332339421|1791332339422|2|36|-1
LdbcShortQuery4MessageContent|1791332339424|1791332339424|2|1|-1
LdbcShortQuery5MessageCreator|1791332339426|1791332339428|1|1|-1
LdbcShortQuery6MessageForum|1791332339429|1791332339429|1|1|-1
LdbcShortQuery7MessageReplies|1791332339430|1791332339430|1|0|-1
LdbcQuery11|1791332338785|1791332339430|4|0|1347530305538
LdbcShortQuery4MessageContent|1791332339434|1791332339439|2|1|-1
LdbcShortQuery5MessageCreator|1791332339441|1791332339456|3|1|-1
LdbcShortQuery6MessageForum|1791332339459|1791332339459|3|1|-1
LdbcShortQuery7MessageReplies|1791332339462|1791332339463|2|0|-1
LdbcShortQuery1PersonProfile|1791332339465|1791332339466|2|1|-1
LdbcShortQuery2PersonPosts|1791332339468|1791332339469|3|10|-1
LdbcShortQuery3PersonFriends|1791332339472|1791332339472|3|10|-1
LdbcShortQuery4MessageContent|1791332339475|1791332339475|2|1|-1
LdbcShortQuery5MessageCreator|1791332339477|1791332339478|2|1|-1
LdbcShortQuery6MessageForum|1791332339480|1791332339480|2|1|-1
LdbcShortQuery7MessageReplies|1791332339482|1791332339483|4|0|-1
LdbcQuery2|1791332338785|1791332339486|16|20|1347530305538
LdbcShortQuery1PersonProfile|1791332339502|1791332339502|3|1|-1
LdbcShortQuery2PersonPosts|1791332339505|1791332339507|3|10|-1
LdbcShortQuery3PersonFriends|1791332339510|1791332339511|3|66|-1
LdbcShortQuery4MessageContent|1791332339514|1791332339524|3|1|-1
LdbcShortQuery5MessageCreator|1791332339527|1791332339536|3|1|-1
LdbcShortQuery6MessageForum|1791332339539|1791332339539|2|1|-1
LdbcShortQuery7MessageReplies|1791332339541|1791332339541|2|2|-1
LdbcShortQuery1PersonProfile|1791332339543|1791332339543|2|1|-1
LdbcShortQuery2PersonPosts|1791332339545|1791332339547|3|10|-1
LdbcShortQuery3PersonFriends|1791332339550|1791332339551|2|9|-1
LdbcQuery4|1791332338785|1791332339551|4|3|1347530305538
LdbcShortQuery4MessageContent|1791332339555|1791332339557|2|1|-1
LdbcShortQuery5MessageCreator|1791332339559|1791332339559|2|1|-1
LdbcShortQuery6MessageForum|1791332339561|1791332339564|4|1|-1
LdbcShortQuery7MessageReplies|1791332339568|1791332339579|2|0|-1
LdbcShortQuery1PersonProfile|1791332339581|1791332339581|1|1|-1
LdbcShortQuery2PersonPosts|1791332339582|1791332339584|1|10|-1
LdbcShortQuery3PersonFriends|1791332339585|1791332339596|2|28|-1
LdbcShortQuery4MessageContent|1791332339598|1791332339609|2|1|-1
LdbcShortQuery5MessageCreator|1791332339611|1791332339611|1|1|-1
LdbcShortQuery6MessageForum|1791332339612|1791332339613|1|1|-1
LdbcShortQuery7MessageReplies|1791332339614|1791332339625|2|0|-1
LdbcQuery5|1791332338785|1791332339626|39|20|1347530305538
LdbcShortQuery1PersonProfile|1791332339665|1791332339665|1|1|-1
LdbcShortQuery2PersonPosts|1791332339666|1791332339681|2|10|-1
LdbcShortQuery3PersonFriends|1791332339683|1791332339684|2|36|-1
LdbcShortQuery4MessageContent|1791332339686|1791332339686|1|1|-1
LdbcShortQuery5MessageCreator|1791332339687|1791332339695|2|1|-1
LdbcShortQuery6MessageForum|1791332339697|1791332339712|5|1|-1
LdbcShortQuery7MessageReplies|1791332339717|1791332339728|3|0|-1
LdbcQuery13|1791332338785|1791332339731|3|1|1347530305538
LdbcShortQuery4MessageContent|1791332339734|1791332339743|4|1|-1
LdbcShortQuery5MessageCreator|1791332339747|1791332339747|3|1|-1
LdbcShortQuery6MessageForum|1791332339750|1791332339756|4|1|-1
LdbcShortQuery7MessageReplies|1791332339760|1791332339761|4|4|-1
LdbcShortQuery1PersonProfile|1791332339765|1791332339769|5|1|-1
LdbcShortQuery2PersonPosts|1791332339774|1791332339774|4|10|-1
LdbcShortQuery3PersonFriends|1791332339778|1791332339779|8|338|-1
LdbcQuery10|1791332338785|1791332339787|25|10|1347530305538
LdbcShortQuery1PersonProfile|1791332339812|1791332339814|2|1|-1
LdbcShortQuery2PersonPosts|1791332339816|1791332339826|3|10|-1
LdbcShortQuery3PersonFriends|1791332339829|1791332339829|2|23|-1
LdbcShortQuery4MessageContent|1791332339831|1791332339831|2|1|-1
LdbcShortQuery5MessageCreator|1791332339833|1791332339835|1|1|-1
LdbcShortQuery6MessageForum|1791332339836|1791332339836|1|1|-1
LdbcShortQuery7MessageReplies|1791332339837|1791332339843|3|1|-1
LdbcShortQuery1PersonProfile|1791332339846|1791332339857|4|1|-1
LdbcShortQuery2PersonPosts|1791332339861|1791332339861|4|10|-1
LdbcShortQuery3PersonFriends|1791332339865|1791332339865|3|2|-1
LdbcQuery13|1791332343646|1791332343659|5|1|1347530354145
LdbcShortQuery4MessageContent|1791332343664|1791332343664|3|1|-1
LdbcShortQuery5MessageCreator|1791332343667|1791332343668|2|1|-1
LdbcShortQuery6MessageForum|1791332343670|1791332343673|4|1|-1
LdbcShortQuery7MessageReplies|1791332343677|1791332343687|3|0|-1
LdbcShortQuery1PersonProfile|1791332343690|1791332343690|3|1|-1
LdbcShortQuery2PersonPosts|1791332343693|1791332343693|3|10|-1
LdbcShortQuery3PersonFriends|1791332343696|1791332343697|2|14|-1
LdbcShortQuery4MessageContent|1791332343699|1791332343699|2|1|-1
LdbcShortQuery5MessageCreator|1791332343701|1791332343702|2|1|-1
LdbcShortQuery6MessageForum|1791332343704|1791332343705|2|1|-1
LdbcShortQuery7MessageReplies|1791332343707|1791332343714|2|0|-1
LdbcQuery10|1791332343646|1791332343714|25|10|1347530354145
LdbcShortQuery1PersonProfile|1791332343739|1791332343742|3|1|-1
LdbcShortQuery2PersonPosts|1791332343745|1791332343759|7|10|-1
LdbcShortQuery3PersonFriends|1791332343766|1791332343776|4|13|-1
LdbcShortQuery4MessageContent|1791332343780|1791332343780|3|1|-1
LdbcShortQuery5MessageCreator|1791332343783|1791332343784|2|1|-1
LdbcShortQuery6MessageForum|1791332343786|1791332343786|3|1|-1
LdbcShortQuery7MessageReplies|1791332343789|1791332343790|3|4|-1
LdbcShortQuery1PersonProfile|1791332343793|1791332343794|2|1|-1
LdbcShortQuery2PersonPosts|1791332343796|1791332343797|3|10|-1
LdbcShortQuery3PersonFriends|1791332343800|1791332343800|3|37|-1
LdbcShortQuery4MessageContent|1791332343803|1791332343804|2|1|-1
LdbcShortQuery5MessageCreator|1791332343806|1791332343806|3|1|-1
LdbcShortQuery6MessageForum|1791332343809|1791332343809|2|1|-1
LdbcShortQuery7MessageReplies|1791332343811|1791332343820|4|7|-1
LdbcQuery6|1791332343646|1791332343823|67|10|1347530354145
LdbcShortQuery4MessageContent|1791332343890|1791332343892|2|1|-1
LdbcShortQuery5MessageCreator|1791332343894|1791332343895|2|1|-1
LdbcShortQuery6MessageForum|1791332343897|1791332343897|2|1|-1
LdbcShortQuery7MessageReplies|1791332343899|1791332343901|2|0|-1
LdbcShortQuery1PersonProfile|1791332343903|1791332343903|2|1|-1
LdbcShortQuery2PersonPosts|1791332343905|1791332343905|4|10|-1
LdbcShortQuery3PersonFriends|1791332343909|1791332343909|4|55|-1
LdbcShortQuery4MessageContent|1791332343913|1791332343920|3|1|-1
LdbcShortQuery5MessageCreator|1791332343923|1791332343924|2|1|-1
LdbcShortQuery6MessageForum|1791332343926|1791332343926|3|1|-1
LdbcShortQuery7MessageReplies|1791332343929|1791332343929|2|0|-1
LdbcShortQuery1PersonProfile|1791332343931|1791332343931|2|1|-1
LdbcShortQuery2PersonPosts|1791332343933|1791332343935|3|10|-1
LdbcShortQuery3PersonFriends|1791332343938|1791332343939|2|29|-1
LdbcQuery7|1791332343646|1791332343941|5|20|1347530354145
LdbcShortQuery1PersonProfile|1791332343946|1791332343946|3|1|-1
LdbcShortQuery2PersonPosts|1791332343949|1791332343949|3|10|-1
LdbcShortQuery3PersonFriends|1791332343952|1791332343955|3|10|-1
LdbcQuery1|1791332343646|1791332343956|14|20|1347530354145
LdbcShortQuery4MessageContent|1791332343970|1791332343972|1|1|-1
LdbcShortQuery5MessageCreator|1791332343973|1791332343976|3|1|-1
LdbcShortQuery6MessageForum|1791332343979|1791332343979|2|1|-1
LdbcShortQuery7MessageReplies|1791332343981|1791332343981|2|7|-1
LdbcShortQuery1PersonProfile|1791332343983|1791332343984|1|1|-1
LdbcShortQuery2PersonPosts|1791332343985|1791332343985|1|10|-1
LdbcShortQuery3PersonFriends|1791332343986|1791332343988|1|33|-1
LdbcShortQuery4MessageContent|1791332343989|1791332343989|1|1|-1
LdbcShortQuery5MessageCreator|1791332343990|1791332343991|2|1|-1
LdbcShortQuery6MessageForum|1791332343993|1791332343993|1|1|-1
LdbcShortQuery7MessageReplies|1791332343994|1791332344007|3|9|-1
LdbcShortQuery1PersonProfile|1791332344010|1791332344020|3|1|-1
LdbcShortQuery2PersonPosts|1791332344023|1791332344024|2|10|-1
LdbcShortQuery3PersonFriends|1791332344026|1791332344026|1|21|-1
LdbcQuery12|1791332343646|1791332344026|49|3|1347530354145
LdbcShortQuery1PersonProfile|1791332344075|1791332344076|54|1|-1
LdbcShortQuery2PersonPosts|1791332344130|1791332344131|1|10|-1
LdbcShortQuery3PersonFriends|1791332344132|1791332344135|4|230|-1
LdbcShortQuery4MessageContent|1791332344139|1791332344139|1|1|-1
LdbcShortQuery5MessageCreator|1791332344140|1791332344150|1|1|-1
LdbcShortQuery6MessageForum|1791332344151|1791332344164|1|1|-1
LdbcShortQuery7MessageReplies|1791332344165|1791332344180|1|9|-1
LdbcQuery3|1791332343646|1791332344180|72|0|1347530354145
LdbcShortQuery4MessageContent|1791332344252|1791332344253|3|1|-1
LdbcShortQuery5MessageCreator|1791332344256|1791332344257|2|1|-1
LdbcShortQuery6MessageForum|1791332344259|1791332344259|1|1|-1
LdbcShortQuery7MessageReplies|1791332344260|1791332344261|2|0|-1
LdbcShortQuery1PersonProfile|1791332344263|1791332344266|1|1|-1
LdbcShortQuery2PersonPosts|1791332344267|1791332344278|28|10|-1
LdbcShortQuery3PersonFriends|1791332344306|1791332344319|3|22|-1
LdbcQuery14|1791332343646|1791332344322|2|1|1347530354145
LdbcShortQuery1PersonProfile|1791332344324|1791332344325|3|1|-1
LdbcShortQuery2PersonPosts|1791332344328|1791332344329|3|10|-1
LdbcShortQuery3PersonFriends|1791332344332|1791332344332|4|61|-1
LdbcShortQuery4MessageContent|1791332344336|1791332344346|1|1|-1
LdbcShortQuery5MessageCreator|1791332344347|1791332344348|1|1|-1
LdbcShortQuery6MessageForum|1791332344349|1791332344349|1|1|-1
LdbcShortQuery7MessageReplies|1791332344350|1791332344359|8|0|-1
LdbcShortQuery1PersonProfile|1791332344367|1791332344367|0|1|-1
LdbcShortQuery2PersonPosts|1791332344367|1791332344367|1|10|-1
LdbcShortQuery3PersonFriends|1791332344368|1791332344369|1|10|-1
LdbcQuery8|1791332343646|1791332344369|2|20|1347530354145
LdbcShortQuery4MessageContent|1791332344371|1791332344372|0|1|-1
LdbcShortQuery5MessageCreator|1791332344372|1791332344372|2|1|-1
LdbcShortQuery6MessageForum|1791332344374|1791332344376|2|1|-1
LdbcShortQuery7MessageReplies|1791332344378|1791332344379|3|4|-1
LdbcShortQuery1PersonProfile|1791332344382|1791332344392|3|1|-1
LdbcShortQuery2PersonPosts|1791332344395|1791332344405|1|10|-1
LdbcShortQuery3PersonFriends|1791332344406|1791332344417|1|32|-1
LdbcShortQuery4MessageContent|1791332344418|1791332344419|0|1|-1
LdbcShortQuery5MessageCreator|1791332344419|1791332344419|0|1|-1
LdbcShortQuery6MessageForum|1791332344419|1791332344419|0|1|-1
LdbcShortQuery7MessageReplies|1791332344419|1791332344421|1|3|-1
LdbcShortQuery1PersonProfile|1791332344422|1791332344422|0|1|-1
LdbcShortQuery2PersonPosts|1791332344422|1791332344423|0|10|-1
LdbcShortQuery3PersonFriends|1791332344423|1791332344423|1|30|-1
LdbcQuery5|1791332343646|1791332344425|115|20|1347530354145
LdbcShortQuery1PersonProfile|1791332344540|1791332344543|3|1|-1
LdbcShortQuery2PersonPosts|1791332344546|1791332344546|2|10|-1
LdbcShortQuery3PersonFriends|1791332344548|1791332344557|2|46|-1
LdbcQuery2|1791332343646|1791332344558|4|20|1347530354145
LdbcShortQuery4MessageContent|1791332344562|1791332344569|1|1|-1
LdbcShortQuery5MessageCreator|1791332344570|1791332344588|3|1|-1
LdbcShortQuery6MessageForum|1791332344591|1791332344600|1|1|-1
LdbcShortQuery7MessageReplies|1791332344601|1791332344602|0|0|-1
LdbcShortQuery1PersonProfile|1791332344602|1791332344603|0|1|-1
LdbcShortQuery2PersonPosts|1791332344603|1791332344603|0|10|-1
LdbcShortQuery3PersonFriends|1791332344603|1791332344605|0|5|-1
LdbcQuery9|1791332343646|1791332344605|38|20|1347530354145
LdbcShortQuery1PersonProfile|1791332344643|1791332344643|0|1|-1
LdbcShortQuery2PersonPosts|1791332344643|1791332344643|0|10|-1
LdbcShortQuery3PersonFriends|1791332344643|1791332344643|0|23|-1
LdbcShortQuery4MessageContent|1791332344643|1791332344643|0|1|-1
LdbcShortQuery5MessageCreator|1791332344643|1791332344643|1|1|-1
LdbcShortQuery6MessageForum|1791332344644|1791332344655|1|1|-1
LdbcShortQuery7MessageReplies|1791332344656|1791332344667|1|4|-1
LdbcShortQuery1PersonProfile|1791332344668|1791332344680|1|1|-1
LdbcShortQuery2PersonPosts|1791332344681|1791332344682|1|10|-1
LdbcShortQuery3PersonFriends|1791332344683|1791332344695|1|32|-1
LdbcShortQuery4MessageContent|1791332344696|1791332344709|1|1|-1
LdbcShortQuery5MessageCreator|1791332344710|1791332344711|1|1|-1
LdbcShortQuery6MessageForum|1791332344712|1791332344724|2|1|-1
LdbcShortQuery7MessageReplies|1791332344726|1791332344742|2|11|-1
LdbcQuery11|1791332343646|1791332344742|2|0|1347530354145
LdbcShortQuery4MessageContent|1791332344744|1791332344754|1|1|-1
LdbcShortQuery5MessageCreator|1791332344755|1791332344755|0|1|-1
LdbcShortQuery6MessageForum|1791332344755|1791332344756|0|1|-1
LdbcShortQuery7MessageReplies|1791332344756|1791332344757|1|0|-1
LdbcShortQuery1PersonProfile|1791332344758|1791332344759|0|1|-1
LdbcShortQuery2PersonPosts|1791332344759|1791332344759|1|10|-1
LdbcShortQuery3PersonFriends|1791332344760|1791332344769|1|26|-1
LdbcShortQuery4MessageContent|1791332344770|1791332344784|2|1|-1
LdbcShortQuery5MessageCreator|1791332344786|1791332344786|2|1|-1
LdbcShortQuery6MessageForum|1791332344788|1791332344789|1|1|-1
LdbcShortQuery7MessageReplies|1791332344790|1791332344790|1|1|-1
LdbcShortQuery1PersonProfile|1791332344791|1791332344829|3|1|-1
LdbcShortQuery2PersonPosts|1791332344832|1791332344842|3|10|-1
LdbcShortQuery3PersonFriends|1791332344845|1791332344854|2|48|-1
LdbcQuery4|1791332343646|1791332344856|2|3|1347530354145
LdbcShortQuery1PersonProfile|1791332344858|1791332344869|3|1|-1
LdbcShortQuery2PersonPosts|1791332344872|1791332344872|1|10|-1
LdbcShortQuery3PersonFriends|1791332344873|1791332344885|5|23|-1
LdbcShortQuery4MessageContent|1791332344890|1791332344890|3|1|-1
LdbcShortQuery5MessageCreator|1791332344893|1791332344900|1|1|-1
LdbcShortQuery6MessageForum|1791332344901|1791332344915|1|1|-1
LdbcShortQuery7MessageReplies|1791332344916|1791332344929|1|0|-1
LdbcShortQuery1PersonProfile|1791332344930|1791332344941|1|1|-1
LdbcShortQuery2PersonPosts|1791332344942|1791332344959|2|10|-1
LdbcShortQuery3PersonFriends|1791332344961|1791332344976|1|13|-1
LdbcShortQuery4MessageContent|1791332344977|1791332344988|2|1|-1
LdbcShortQuery5MessageCreator|1791332344990|1791332344990|1|1|-1
LdbcShortQuery6MessageForum|1791332344991|1791332345003|3|1|-1
LdbcShortQuery7MessageReplies|1791332345006|1791332345018|1|3|-1
LdbcQuery11|1791332348506|1791332348519|7|0|1347530402752
LdbcShortQuery4MessageContent|1791332348526|1791332348526|4|1|-1
LdbcShortQuery5MessageCreator|1791332348530|1791332348531|3|1|-1
LdbcShortQuery6MessageForum|1791332348534|1791332348535|2|1|-1
LdbcShortQuery7MessageReplies|1791332348537|1791332348537|2|5|-1
LdbcShortQuery1PersonProfile|1791332348539|1791332348539|1|1|-1
LdbcShortQuery2PersonPosts|1791332348540|1791332348541|2|10|-1
LdbcShortQuery3PersonFriends|1791332348543|1791332348550|3|10|-1
LdbcShortQuery4MessageContent|1791332348553|1791332348566|3|1|-1
LdbcShortQuery5MessageCreator|1791332348569|1791332348570|2|1|-1
LdbcShortQuery6MessageForum|1791332348572|1791332348572|2|1|-1
LdbcShortQuery7MessageReplies|1791332348574|1791332348574|1|0|-1
LdbcQuery4|1791332348506|1791332348576|3|3|1347530402752
LdbcShortQuery1PersonProfile|1791332348579|1791332348580|1|1|-1
LdbcShortQuery2PersonPosts|1791332348581|1791332348582|2|10|-1
LdbcShortQuery3PersonFriends|1791332348584|1791332348598|2|79|-1
LdbcShortQuery4MessageContent|1791332348600|1791332348600|0|1|-1
LdbcShortQuery5MessageCreator|1791332348600|1791332348600|0|1|-1
LdbcShortQuery6MessageForum|1791332348600|1791332348602|0|1|-1
LdbcShortQuery7MessageReplies|1791332348602|1791332348602|1|12|-1
LdbcShortQuery1PersonProfile|1791332348603|1791332348604|2|1|-1
LdbcShortQuery2PersonPosts|1791332348606|1791332348612|5|10|-1
LdbcShortQuery3PersonFriends|1791332348617|1791332348629|9|256|-1
LdbcQuery3|1791332348506|1791332348639|138|0|1347530402752
LdbcShortQuery4MessageContent|1791332348777|1791332348777|1|1|-1
LdbcShortQuery5MessageCreator|1791332348778|1791332348780|1|1|-1
LdbcShortQuery6MessageForum|1791332348781|1791332348781|1|1|-1
LdbcShortQuery7MessageReplies|1791332348782|1791332348782|1|0|-1
LdbcShortQuery1PersonProfile|1791332348783|1791332348790|1|1|-1
LdbcShortQuery2PersonPosts|1791332348791|1791332348791|1|10|-1
LdbcShortQuery3PersonFriends|1791332348792|1791332348793|1|24|-1
LdbcQuery6|1791332348506|1791332348795|40|10|1347530402752
LdbcShortQuery1PersonProfile|1791332348835|1791332348836|1|1|-1
LdbcShortQuery2PersonPosts|1791332348837|1791332348838|11|10|-1
LdbcShortQuery3PersonFriends|1791332348849|1791332348849|4|25|-1
LdbcShortQuery4MessageContent|1791332348853|1791332348854|1|1|-1
LdbcShortQuery5MessageCreator|1791332348855|1791332348855|6|1|-1
LdbcShortQuery6MessageForum|1791332348861|1791332348862|2|1|-1
LdbcShortQuery7MessageReplies|1791332348864|1791332348864|1|6|-1
LdbcShortQuery1PersonProfile|1791332348865|1791332348866|1|1|-1
LdbcShortQuery2PersonPosts|1791332348867|1791332348867|1|10|-1
LdbcShortQuery3PersonFriends|1791332348868|1791332348868|1|30|-1
LdbcQuery13|1791332348506|1791332348870|1|1|1347530402752
LdbcShortQuery4MessageContent|1791332348871|1791332348872|1|1|-1
LdbcShortQuery5MessageCreator|1791332348873|1791332348873|1|1|-1
LdbcShortQuery6MessageForum|1791332348874|1791332348875|1|1|-1
LdbcShortQuery7MessageReplies|1791332348876|1791332348876|1|4|-1
LdbcShortQuery1PersonProfile|1791332348877|1791332348877|2|1|-1
LdbcShortQuery2PersonPosts|1791332348879|1791332348880|7|10|-1
LdbcShortQuery3PersonFriends|1791332348887|1791332348887|2|43|-1
LdbcShortQuery4MessageContent|1791332348889|1791332348889|1|1|-1
LdbcShortQuery5MessageCreator|1791332348890|1791332348890|1|1|-1
LdbcShortQuery6MessageForum|1791332348891|1791332348892|1|1|-1
LdbcShortQuery7MessageReplies|1791332348893|1791332348893|1|0|-1
LdbcShortQuery1PersonProfile|1791332348894|1791332348894|1|1|-1
LdbcShortQuery2PersonPosts|1791332348895|1791332348896|1|10|-1
LdbcShortQuery3PersonFriends|1791332348897|1791332348898|1|27|-1
LdbcQuery10|1791332348506|1791332348900|13|10|1347530402752
LdbcShortQuery1PersonProfile|1791332348913|1791332348945|3|1|-1
LdbcShortQuery2PersonPosts|1791332348948|1791332348949|1|5|-1
LdbcShortQuery3PersonFriends|1791332348950|1791332348963|3|84|-1
LdbcShortQuery4MessageContent|1791332348966|1791332348966|1|1|-1
LdbcShortQuery5MessageCreator|1791332348967|1791332348967|2|1|-1
LdbcShortQuery6MessageForum|1791332348969|1791332348969|2|1|-1
LdbcShortQuery7MessageReplies|1791332348971|1791332348971|1|5|-1
LdbcShortQuery1PersonProfile|1791332348972|1791332348974|1|1|-1
LdbcShortQuery2PersonPosts|1791332348975|1791332348975|1|10|-1
LdbcShortQuery3PersonFriends|1791332348976|1791332348977|1|7|-1
LdbcShortQuery4MessageContent|1791332348978|1791332348978|1|1|-1
LdbcShortQuery5MessageCreator|1791332348979|1791332348979|1|1|-1
LdbcShortQuery6MessageForum|1791332348980|1791332348980|1|1|-1
LdbcShortQuery7MessageReplies|1791332348981|1791332348981|1|0|-1
LdbcQuery12|1791332348506|1791332348982|46|3|1347530402752
LdbcShortQuery4MessageContent|1791332349028|1791332349028|1|1|-1
LdbcShortQuery5MessageCreator|1791332349029|1791332349029|1|1|-1
LdbcShortQuery6MessageForum|1791332349030|1791332349031|1|1|-1
LdbcShortQuery7MessageReplies|1791332349032|1791332349032|0|0|-1
LdbcQuery7|1791332348506|1791332349033|3|20|1347530402752
LdbcShortQuery1PersonProfile|1791332349036|1791332349036|1|1|-1
LdbcShortQuery2PersonPosts|1791332349037|1791332349038|2|10|-1
LdbcShortQuery3PersonFriends|1791332349040|1791332349040|1|8|-1
LdbcShortQuery4MessageContent|1791332349041|1791332349041|1|1|-1
LdbcShortQuery5MessageCreator|1791332349042|1791332349042|1|1|-1
LdbcShortQuery6MessageForum|1791332349043|1791332349049|1|1|-1
LdbcShortQuery7MessageReplies|1791332349050|1791332349064|2|0|-1
LdbcQuery1|1791332348506|1791332349067|2|2|1347530402752
LdbcShortQuery4MessageContent|1791332349069|1791332349069|2|1|-1
LdbcShortQuery5MessageCreator|1791332349071|1791332349071|1|1|-1
LdbcShortQuery6MessageForum|1791332349072|1791332349080|1|1|-1
LdbcShortQuery7MessageReplies|1791332349081|1791332349081|2|0|-1
LdbcShortQuery1PersonProfile|1791332349083|1791332349083|1|1|-1
LdbcShortQuery2PersonPosts|1791332349084|1791332349096|2|10|-1
LdbcShortQuery3PersonFriends|1791332349098|1791332349098|1|23|-1
LdbcQuery9|1791332348506|1791332349101|69|20|1347530402752
LdbcShortQuery1PersonProfile|1791332349170|1791332349170|1|1|-1
LdbcShortQuery2PersonPosts|1791332349171|1791332349171|1|10|-1
LdbcShortQuery3PersonFriends|1791332349172|1791332349174|5|23|-1
LdbcQuery5|1791332348506|1791332349178|33|20|1347530402752
LdbcShortQuery4MessageContent|1791332349211|1791332349211|1|1|-1
LdbcShortQuery5MessageCreator|1791332349212|1791332349213|1|1|-1
LdbcShortQuery6MessageForum|1791332349214|1791332349225|2|1|-1
LdbcShortQuery7MessageReplies|1791332349227|1791332349227|1|0|-1
LdbcShortQuery1PersonProfile|1791332349228|1791332349228|1|1|-1
LdbcShortQuery2PersonPosts|1791332349229|1791332349230|1|10|-1
LdbcShortQuery3PersonFriends|1791332349231|1791332349232|1|41|-1
LdbcShortQuery4MessageContent|1791332349233|1791332349234|1|1|-1
LdbcShortQuery5MessageCreator|1791332349235|1791332349235|0|1|-1
LdbcShortQuery6MessageForum|1791332349235|1791332349235|0|1|-1
LdbcShortQuery7MessageReplies|1791332349235|1791332349236|1|0|-1
LdbcQuery14|1791332348506|1791332349237|1|1|1347530402752
LdbcShortQuery1PersonProfile|1791332349238|1791332349239|3|1|-1
LdbcShortQuery2PersonPosts|1791332349242|1791332349243|1|10|-1
LdbcShortQuery3PersonFriends|1791332349244|1791332349244|1|14|-1
LdbcShortQuery4MessageContent|1791332349245|1791332349245|1|1|-1
LdbcShortQuery5MessageCreator|1791332349246|1791332349246|0|1|-1
LdbcShortQuery6MessageForum|1791332349246|1791332349247|1|1|-1
LdbcShortQuery7MessageReplies|1791332349248|1791332349248|0|0|-1
LdbcQuery8|1791332348506|1791332349249|2|20|1347530402752
LdbcShortQuery4MessageContent|1791332349251|1791332349252|1|1|-1
LdbcShortQuery5MessageCreator|1791332349253|1791332349253|1|1|-1
LdbcShortQuery6MessageForum|1791332349254|1791332349254|2|1|-1
LdbcShortQuery7MessageReplies|1791332349256|1791332349257|2|0|-1
LdbcShortQuery1PersonProfile|1791332349259|1791332349260|1|1|-1
LdbcShortQuery2PersonPosts|1791332349261|1791332349270|2|10|-1
LdbcShortQuery3PersonFriends|1791332349272|1791332349286|3|25|-1
LdbcShortQuery4MessageContent|1791332349289|1791332349289|2|1|-1
LdbcShortQuery5MessageCreator|1791332349291|1791332349292|3|1|-1
LdbcShortQuery6MessageForum|1791332349295|1791332349295|2|1|-1
LdbcShortQuery7MessageReplies|1791332349297|1791332349297|1|0|-1
LdbcQuery2|1791332348506|1791332349299|6|20|1347530402752
LdbcShortQuery1PersonProfile|1791332349305|1791332349305|1|1|-1
LdbcShortQuery2PersonPosts|1791332349306|1791332349307|2|10|-1
LdbcShortQuery3PersonFriends|1791332349309|1791332349309|2|47|-1
LdbcQuery8|1791332353367|1791332353374|7|20|1347530451359
LdbcShortQuery4MessageContent|1791332353381|1791332353381|3|1|-1
LdbcShortQuery5MessageCreator|1791332353384|1791332353387|3|1|-1
LdbcShortQuery6MessageForum|1791332353390|1791332353390|4|1|-1
LdbcShortQuery7MessageReplies|1791332353394|1791332353395|3|5|-1
LdbcShortQuery1PersonProfile|1791332353398|1791332353399|3|1|-1
LdbcShortQuery2PersonPosts|1791332353402|1791332353403|6|10|-1
LdbcShortQuery3PersonFriends|1791332353409|1791332353409|2|41|-1
LdbcShortQuery4MessageContent|1791332353411|1791332353418|5|1|-1
LdbcShortQuery5MessageCreator|1791332353423|1791332353433|1|1|-1
LdbcShortQuery6MessageForum|1791332353434|1791332353434|1|1|-1
LdbcShortQuery7MessageReplies|1791332353435|1791332353435|0|0|-1
LdbcQuery2|1791332353367|1791332353436|3|20|1347530451359
LdbcShortQuery1PersonProfile|1791332353439|1791332353440|0|1|-1
LdbcShortQuery2PersonPosts|1791332353440|1791332353440|0|10|-1
LdbcShortQuery3PersonFriends|1791332353440|1791332353441|0|4|-1
LdbcShortQuery4MessageContent|1791332353441|1791332353442|0|1|-1
LdbcShortQuery5MessageCreator|1791332353442|1791332353442|0|1|-1
LdbcShortQuery6MessageForum|1791332353442|1791332353443|0|1|-1
LdbcShortQuery7MessageReplies|1791332353443|1791332353444|0|0|-1
LdbcShortQuery1PersonProfile|1791332353444|1791332353444|0|1|-1
LdbcShortQuery2PersonPosts|1791332353444|1791332353445|0|10|-1
LdbcShortQuery3PersonFriends|1791332353445|1791332353446|0|11|-1
LdbcQuery12|1791332353367|1791332353446|39|1|1347530451359
LdbcShortQuery4MessageContent|1791332353485|1791332353486|1|1|-1
LdbcShortQuery5MessageCreator|1791332353487|1791332353487|1|1|-1
LdbcShortQuery6MessageForum|1791332353488|1791332353489|0|1|-1
LdbcShortQuery7MessageReplies|1791332353489|1791332353490|1|9|-1
LdbcUpdate3AddCommentLike|1791332353519|1791332353524|8|0|1347530452869
LdbcQuery3|1791332353367|1791332353491|79|0|1347530451359
LdbcShortQuery1PersonProfile|1791332353570|1791332353571|1|1|-1
LdbcShortQuery2PersonPosts|1791332353572|1791332353572|2|10|-1
LdbcShortQuery3PersonFriends|1791332353574|1791332353574|2|43|-1
LdbcShortQuery4MessageContent|1791332353576|1791332353577|1|1|-1
LdbcShortQuery5MessageCreator|1791332353578|1791332353583|2|1|-1
LdbcShortQuery6MessageForum|1791332353585|1791332353586|2|1|-1
LdbcShortQuery7MessageReplies|1791332353588|1791332353599|4|0|-1
LdbcQuery11|1791332353367|1791332353603|10|0|1347530451359
LdbcShortQuery4MessageContent|1791332353613|1791332353629|5|1|-1
LdbcShortQuery5MessageCreator|1791332353634|1791332353634|5|1|-1
LdbcShortQuery6MessageForum|1791332353639|1791332353639|3|1|-1
LdbcShortQuery7MessageReplies|1791332353642|1791332353656|2|0|-1
LdbcShortQuery1PersonProfile|1791332353658|1791332353659|2|1|-1
LdbcShortQuery2PersonPosts|1791332353661|1791332353661|2|10|-1
LdbcShortQuery3PersonFriends|1791332353663|1791332353665|1|21|-1
LdbcShortQuery4MessageContent|1791332353666|1791332353666|1|1|-1
LdbcShortQuery5MessageCreator|1791332353667|1791332353668|1|1|-1
LdbcShortQuery6MessageForum|1791332353669|1791332353672|2|1|-1
LdbcShortQuery7MessageReplies|1791332353674|1791332353687|2|0|-1
LdbcShortQuery1PersonProfile|1791332353689|1791332353689|1|1|-1
LdbcShortQuery2PersonPosts|1791332353690|1791332353691|1|10|-1
LdbcShortQuery3PersonFriends|1791332353692|1791332353699|3|29|-1
LdbcQuery4|1791332353367|1791332353703|5|10|1347530451359
LdbcShortQuery1PersonProfile|1791332353708|1791332353709|2|1|-1
LdbcShortQuery2PersonPosts|1791332353711|1791332353713|4|10|-1
LdbcShortQuery3PersonFriends|1791332353717|1791332353726|4|9|-1
LdbcQuery10|1791332353367|1791332353731|41|10|1347530451359
LdbcShortQuery4MessageContent|1791332353772|1791332353772|2|1|-1
LdbcShortQuery5MessageCreator|1791332353774|1791332353774|1|1|-1
LdbcShortQuery6MessageForum|1791332353775|1791332353776|1|1|-1
LdbcShortQuery7MessageReplies|1791332353777|1791332353777|1|0|-1
LdbcShortQuery1PersonProfile|1791332353778|1791332353779|1|1|-1
LdbcShortQuery2PersonPosts|1791332353780|1791332353780|1|10|-1
LdbcShortQuery3PersonFriends|1791332353781|1791332353781|1|14|-1
LdbcQuery6|1791332353367|1791332353782|39|10|1347530451359
LdbcShortQuery1PersonProfile|1791332353821|1791332353821|1|1|-1
LdbcShortQuery2PersonPosts|1791332353822|1791332353823|1|10|-1
LdbcShortQuery3PersonFriends|1791332353824|1791332353830|4|211|-1
LdbcShortQuery4MessageContent|1791332353834|1791332353834|2|1|-1
LdbcShortQuery5MessageCreator|1791332353836|1791332353837|1|1|-1
LdbcShortQuery6MessageForum|1791332353838|1791332353845|6|1|-1
LdbcShortQuery7MessageReplies|1791332353851|1791332353861|4|5|-1
LdbcQuery13|1791332353367|1791332353866|3|1|1347530451359
LdbcShortQuery4MessageContent|1791332353869|1791332353869|2|1|-1
LdbcShortQuery5MessageCreator|1791332353871|1791332353871|1|1|-1
LdbcShortQuery6MessageForum|1791332353872|1791332353873|1|1|-1
LdbcShortQuery7MessageReplies|1791332353874|1791332353875|2|0|-1
LdbcShortQuery1PersonProfile|1791332353877|1791332353890|3|1|-1
LdbcShortQuery2PersonPosts|1791332353893|1791332353894|3|10|-1
LdbcShortQuery3PersonFriends|1791332353897|1791332353897|2|20|-1
LdbcQuery14|1791332353367|1791332353900|6|17|1347530451359
LdbcShortQuery1PersonProfile|1791332353906|1791332353917|7|1|-1
LdbcShortQuery2PersonPosts|1791332353924|1791332353925|3|10|-1
LdbcShortQuery3PersonFriends|1791332353928|1791332353929|4|230|-1
LdbcShortQuery4MessageContent|1791332353933|1791332353933|2|1|-1
LdbcShortQuery5MessageCreator|1791332353935|1791332353937|1|1|-1
LdbcShortQuery6MessageForum|1791332353938|1791332353949|5|1|-1
LdbcShortQuery7MessageReplies|1791332353954|1791332353954|3|0|-1
LdbcShortQuery1PersonProfile|1791332353957|1791332353957|3|1|-1
LdbcShortQuery2PersonPosts|1791332353960|1791332353961|6|10|-1
LdbcShortQuery3PersonFriends|1791332353967|1791332353967|3|44|-1
LdbcQuery9|1791332353367|1791332353971|76|20|1347530451359
LdbcShortQuery4MessageContent|1791332354047|1791332354049|3|1|-1
LdbcShortQuery5MessageCreator|1791332354052|1791332354066|4|1|-1
LdbcShortQuery6MessageForum|1791332354070|1791332354070|2|1|-1
LdbcShortQuery7MessageReplies|1791332354072|1791332354079|3|0|-1
LdbcShortQuery1PersonProfile|1791332354082|1791332354082|1|1|-1
LdbcShortQuery2PersonPosts|1791332354083|1791332354084|1|10|-1
LdbcShortQuery3PersonFriends|1791332354085|1791332354086|23|189|-1
LdbcShortQuery4MessageContent|1791332354109|1791332354111|3|1|-1
LdbcShortQuery5MessageCreator|1791332354114|1791332354114|2|1|-1
LdbcShortQuery6MessageForum|1791332354116|1791332354125|5|1|-1
LdbcShortQuery7MessageReplies|1791332354130|1791332354130|3|0|-1
LdbcQuery7|1791332353367|1791332354134|13|20|1347530451359
LdbcShortQuery1PersonProfile|1791332354147|1791332354153|3|1|-1
LdbcShortQuery2PersonPosts|1791332354156|1791332354157|4|10|-1
LdbcShortQuery3PersonFriends|1791332354161|1791332354161|3|29|-1
LdbcQuery1|1791332353367|1791332354165|5|2|1347530451359
LdbcShortQuery4MessageContent|1791332354170|1791332354171|2|1|-1
LdbcShortQuery5MessageCreator|1791332354173|1791332354173|2|1|-1
LdbcShortQuery6MessageForum|1791332354175|1791332354176|4|1|-1
LdbcShortQuery7MessageReplies|1791332354180|1791332354183|4|2|-1
LdbcShortQuery1PersonProfile|1791332354187|1791332354188|2|1|-1
LdbcShortQuery2PersonPosts|1791332354190|1791332354190|4|10|-1
LdbcShortQuery3PersonFriends|1791332354194|1791332354195|2|33|-1
LdbcShortQuery4MessageContent|1791332354197|1791332354197|2|1|-1
LdbcShortQuery5MessageCreator|1791332354199|1791332354200|3|1|-1
LdbcShortQuery6MessageForum|1791332354203|1791332354203|2|1|-1
LdbcShortQuery7MessageReplies|1791332354205|1791332354206|3|6|-1
LdbcQuery5|1791332353367|1791332354209|130|20|1347530451359
LdbcShortQuery1PersonProfile|1791332354339|1791332354340|1|1|-1
LdbcShortQuery2PersonPosts|1791332354341|1791332354349|2|10|-1
LdbcShortQuery3PersonFriends|1791332354351|1791332354364|6|18|-1
LdbcShortQuery4MessageContent|1791332354370|1791332354371|2|1|-1
LdbcShortQuery5MessageCreator|1791332354373|1791332354379|3|1|-1
LdbcShortQuery6MessageForum|1791332354382|1791332354382|5|1|-1
LdbcShortQuery7MessageReplies|1791332354387|1791332354388|4|0|-1
LdbcQuery1|1791332358228|1791332358240|3|2|1347530499966
LdbcShortQuery4MessageContent|1791332358243|1791332358244|1|1|-1
LdbcShortQuery5MessageCreator|1791332358245|1791332358256|4|1|-1
LdbcShortQuery6MessageForum|1791332358260|1791332358260|3|1|-1
LdbcShortQuery7MessageReplies|1791332358263|1791332358264|2|0|-1
LdbcShortQuery1PersonProfile|1791332358266|1791332358266|2|1|-1
LdbcShortQuery2PersonPosts|1791332358268|1791332358269|2|10|-1
LdbcShortQuery3PersonFriends|1791332358271|1791332358272|6|56|-1
LdbcShortQuery4MessageContent|1791332358278|1791332358279|2|1|-1
LdbcShortQuery5MessageCreator|1791332358281|1791332358286|3|1|-1
LdbcShortQuery6MessageForum|1791332358289|1791332358290|3|1|-1
LdbcShortQuery7MessageReplies|1791332358293|1791332358294|3|8|-1
LdbcQuery5|1791332358228|1791332358296|50|20|1347530499966
LdbcShortQuery1PersonProfile|1791332358346|1791332358350|5|1|-1
LdbcShortQuery2PersonPosts|1791332358355|1791332358355|5|10|-1
LdbcShortQuery3PersonFriends|1791332358360|1791332358361|3|12|-1
LdbcShortQuery4MessageContent|1791332358364|1791332358364|2|1|-1
LdbcShortQuery5MessageCreator|1791332358366|1791332358366|4|1|-1
LdbcShortQuery6MessageForum|1791332358370|1791332358371|3|1|-1
LdbcShortQuery7MessageReplies|1791332358374|1791332358376|2|8|-1
LdbcShortQuery1PersonProfile|1791332358378|1791332358379|2|1|-1
LdbcShortQuery2PersonPosts|1791332358381|1791332358381|2|10|-1
LdbcShortQuery3PersonFriends|1791332358383|1791332358383|2|44|-1
LdbcShortQuery4MessageContent|1791332358385|1791332358387|2|1|-1
LdbcShortQuery5MessageCreator|1791332358389|1791332358389|1|1|-1
LdbcShortQuery6MessageForum|1791332358390|1791332358391|2|1|-1
LdbcShortQuery7MessageReplies|1791332358393|1791332358393|1|0|-1
LdbcQuery10|1791332358228|1791332358395|16|10|1347530499966
LdbcShortQuery4MessageContent|1791332358411|1791332358411|3|1|-1
LdbcShortQuery5MessageCreator|1791332358414|1791332358415|3|1|-1
LdbcShortQuery6MessageForum|1791332358418|1791332358419|2|1|-1
LdbcShortQuery7MessageReplies|1791332358421|1791332358421|2|0|-1
LdbcShortQuery1PersonProfile|1791332358423|1791332358425|2|1|-1
LdbcShortQuery2PersonPosts|1791332358427|1791332358428|2|10|-1
LdbcShortQuery3PersonFriends|1791332358430|1791332358436|6|41|-1
LdbcShortQuery4MessageContent|1791332358442|1791332358450|4|1|-1
LdbcShortQuery5MessageCreator|1791332358454|1791332358455|2|1|-1
LdbcShortQuery6MessageForum|1791332358457|1791332358463|4|1|-1
LdbcShortQuery7MessageReplies|1791332358467|1791332358468|13|9|-1
LdbcQuery12|1791332358228|1791332358480|77|2|1347530499966
LdbcShortQuery1PersonProfile|1791332358557|1791332358558|2|1|-1
LdbcShortQuery2PersonPosts|1791332358560|1791332358561|2|10|-1
LdbcShortQuery3PersonFriends|1791332358563|1791332358563|1|0|-1
LdbcShortQuery4MessageContent|1791332358564|1791332358565|1|1|-1
LdbcShortQuery5MessageCreator|1791332358566|1791332358566|1|1|-1
LdbcShortQuery6MessageForum|1791332358567|1791332358567|1|1|-1
LdbcShortQuery7MessageReplies|1791332358568|1791332358569|1|0|-1
LdbcShortQuery1PersonProfile|1791332358570|1791332358585|3|1|-1
LdbcShortQuery2PersonPosts|1791332358588|1791332358588|4|10|-1
LdbcShortQuery3PersonFriends|1791332358592|1791332358592|3|37|-1
LdbcQuery8|1791332358228|1791332358595|5|20|1347530499966
LdbcShortQuery4MessageContent|1791332358600|1791332358601|3|1|-1
LdbcShortQuery5MessageCreator|1791332358604|1791332358613|4|1|-1
LdbcShortQuery6MessageForum|1791332358617|1791332358617|3|1|-1
LdbcShortQuery7MessageReplies|1791332358620|1791332358620|3|0|-1
LdbcShortQuery1PersonProfile|1791332358623|1791332358624|3|1|-1
LdbcShortQuery2PersonPosts|1791332358627|1791332358627|2|2|-1
LdbcShortQuery3PersonFriends|1791332358629|1791332358630|2|7|-1
LdbcShortQuery4MessageContent|1791332358632|1791332358632|2|1|-1
LdbcShortQuery5MessageCreator|1791332358634|1791332358635|2|1|-1
LdbcShortQuery6MessageForum|1791332358637|1791332358637|2|1|-1
LdbcShortQuery7MessageReplies|1791332358639|1791332358639|3|1|-1
LdbcQuery2|1791332358228|1791332358641|11|20|1347530499966
LdbcShortQuery1PersonProfile|1791332358652|1791332358653|3|1|-1
LdbcShortQuery2PersonPosts|1791332358656|1791332358656|3|2|-1
LdbcShortQuery3PersonFriends|1791332358659|1791332358660|2|36|-1
LdbcShortQuery4MessageContent|1791332358662|1791332358672|3|1|-1
LdbcShortQuery5MessageCreator|1791332358675|1791332358686|5|1|-1
LdbcShortQuery6MessageForum|1791332358691|1791332358691|4|1|-1
LdbcShortQuery7MessageReplies|1791332358695|1791332358699|4|14|-1
LdbcShortQuery1PersonProfile|1791332358703|1791332358703|2|1|-1
LdbcShortQuery2PersonPosts|1791332358705|1791332358706|3|10|-1
LdbcShortQuery3PersonFriends|1791332358709|1791332358709|2|8|-1
LdbcQuery4|1791332358228|1791332358711|11|2|1347530499966
LdbcShortQuery4MessageContent|1791332358722|1791332358724|3|1|-1
LdbcShortQuery5MessageCreator|1791332358727|1791332358728|4|1|-1
LdbcShortQuery6MessageForum|1791332358732|1791332358743|4|1|-1
LdbcShortQuery7MessageReplies|1791332358747|1791332358756|4|0|-1
LdbcShortQuery1PersonProfile|1791332358760|1791332358761|2|1|-1
LdbcShortQuery2PersonPosts|1791332358763|1791332358764|3|10|-1
LdbcShortQuery3PersonFriends|1791332358767|1791332358773|4|10|-1
LdbcQuery3|1791332358228|1791332358773|100|0|1347530499966
LdbcShortQuery1PersonProfile|1791332358873|1791332358878|2|1|-1
LdbcShortQuery2PersonPosts|1791332358880|1791332358881|3|10|-1
LdbcShortQuery3PersonFriends|1791332358884|1791332358884|2|78|-1
LdbcShortQuery4MessageContent|1791332358886|1791332358886|1|1|-1
LdbcShortQuery5MessageCreator|1791332358887|1791332358887|1|1|-1
LdbcShortQuery6MessageForum|1791332358888|1791332358889|1|1|-1
LdbcShortQuery7MessageReplies|1791332358890|1791332358890|1|4|-1
LdbcShortQuery1PersonProfile|1791332358891|1791332358892|1|1|-1
LdbcShortQuery2PersonPosts|1791332358893|1791332358893|2|10|-1
LdbcShortQuery3PersonFriends|1791332358895|1791332358895|2|20|-1
LdbcShortQuery4MessageContent|1791332358897|1791332358897|1|1|-1
LdbcShortQuery5MessageCreator|1791332358898|1791332358899|1|1|-1
LdbcShortQuery6MessageForum|1791332358900|1791332358901|1|1|-1
LdbcShortQuery7MessageReplies|1791332358902|1791332358903|1|6|-1
LdbcShortQuery1PersonProfile|1791332358904|1791332358911|2|1|-1
LdbcShortQuery2PersonPosts|1791332358913|1791332358924|4|10|-1
LdbcShortQuery3PersonFriends|1791332358928|1791332358928|2|6|-1
LdbcQuery11|1791332358228|1791332358931|6|0|1347530499966
LdbcShortQuery4MessageContent|1791332358937|1791332358939|1|1|-1
LdbcShortQuery5MessageCreator|1791332358940|1791332358954|2|1|-1
LdbcShortQuery6MessageForum|1791332358956|1791332358956|1|1|-1
LdbcShortQuery7MessageReplies|1791332358957|1791332358958|1|4|-1
LdbcQuery7|1791332358228|1791332358959|2|20|1347530499966
LdbcShortQuery1PersonProfile|1791332358961|1791332358961|1|1|-1
LdbcShortQuery2PersonPosts|1791332358962|1791332358964|1|10|-1
LdbcShortQuery3PersonFriends|1791332358965|1791332358965|1|34|-1
LdbcQuery14|1791332358228|1791332358966|1|8|1347530499966
LdbcShortQuery4MessageContent|1791332358967|1791332358967|0|1|-1
LdbcShortQuery5MessageCreator|1791332358967|1791332358969|2|1|-1
LdbcShortQuery6MessageForum|1791332358971|1791332358971|1|1|-1
LdbcShortQuery7MessageReplies|1791332358972|1791332358973|1|0|-1
LdbcShortQuery1PersonProfile|1791332358974|1791332358974|2|1|-1
LdbcShortQuery2PersonPosts|1791332358976|1791332358977|2|7|-1
LdbcShortQuery3PersonFriends|1791332358979|1791332358980|3|34|-1
LdbcQuery6|1791332358228|1791332358982|52|10|1347530499966
LdbcShortQuery1PersonProfile|1791332359034|1791332359036|2|1|-1
LdbcShortQuery2PersonPosts|1791332359038|1791332359044|3|10|-1
LdbcShortQuery3PersonFriends|1791332359047|1791332359059|2|36|-1
LdbcQuery13|1791332358228|1791332359061|2|1|1347530499966
LdbcShortQuery4MessageContent|1791332359063|1791332359064|1|1|-1
LdbcShortQuery5MessageCreator|1791332359065|1791332359066|2|1|-1
LdbcShortQuery6MessageForum|1791332359068|1791332359068|2|1|-1
LdbcShortQuery7MessageReplies|1791332359070|1791332359073|2|0|-1
LdbcQuery9|1791332358228|1791332359073|123|20|1347530499966
LdbcShortQuery1PersonProfile|1791332359196|1791332359199|1|1|-1
LdbcShortQuery2PersonPosts|1791332359200|1791332359201|2|10|-1
LdbcShortQuery3PersonFriends|1791332359203|1791332359203|3|13|-1
LdbcUpdate5AddForumMembership|1791332359829|1791332359836|18|0|1347530515973
LdbcUpdate5AddForumMembership|1791332360333|1791332360343|5|0|1347530521010
LdbcUpdate5AddForumMembership|1791332360449|1791332360457|10|0|1347530522178
LdbcQuery13|1791332363088|1791332363093|4|1|1347530548573
LdbcShortQuery4MessageContent|1791332363097|1791332363097|2|1|-1
LdbcShortQuery5MessageCreator|1791332363099|1791332363101|3|1|-1
LdbcShortQuery6MessageForum|1791332363104|1791332363104|2|1|-1
LdbcShortQuery7MessageReplies|1791332363106|1791332363106|2|0|-1
LdbcShortQuery1PersonProfile|1791332363108|1791332363121|3|1|-1
LdbcShortQuery2PersonPosts|1791332363124|1791332363135|4|10|-1
LdbcShortQuery3PersonFriends|1791332363139|1791332363139|3|22|-1
LdbcShortQuery4MessageContent|1791332363142|1791332363143|4|1|-1
LdbcShortQuery5MessageCreator|1791332363147|1791332363149|2|1|-1
LdbcShortQuery6MessageForum|1791332363151|1791332363152|2|1|-1
LdbcShortQuery7MessageReplies|1791332363154|1791332363155|2|1|-1
LdbcQuery9|1791332363088|1791332363155|56|20|1347530548573
LdbcShortQuery1PersonProfile|1791332363211|1791332363214|1|1|-1
LdbcShortQuery2PersonPosts|1791332363215|1791332363216|1|0|-1
LdbcShortQuery3PersonFriends|1791332363217|1791332363218|1|2|-1
LdbcQuery4|1791332363088|1791332363218|1|0|1347530548573
LdbcShortQuery4MessageContent|1791332363219|1791332363220|0|1|-1
LdbcShortQuery5MessageCreator|1791332363220|1791332363220|3|1|-1
LdbcShortQuery6MessageForum|1791332363223|1791332363223|1|1|-1
LdbcShortQuery7MessageReplies|1791332363224|1791332363226|1|3|-1
LdbcShortQuery1PersonProfile|1791332363227|1791332363230|1|1|-1
LdbcUpdate5AddForumMembership|1791332363210|1791332363222|25|0|1347530549788
LdbcShortQuery2PersonPosts|1791332363231|1791332363246|2|10|-1
LdbcShortQuery3PersonFriends|1791332363248|1791332363260|10|338|-1
LdbcQuery10|1791332363088|1791332363270|28|10|1347530548573
LdbcShortQuery1PersonProfile|1791332363298|1791332363299|3|1|-1
LdbcShortQuery2PersonPosts|1791332363302|1791332363302|5|10|-1
LdbcShortQuery3PersonFriends|1791332363307|1791332363319|4|63|-1
LdbcShortQuery4MessageContent|1791332363323|1791332363336|3|1|-1
LdbcShortQuery5MessageCreator|1791332363339|1791332363348|6|1|-1
LdbcShortQuery6MessageForum|1791332363354|1791332363354|4|1|-1
LdbcShortQuery7MessageReplies|1791332363358|1791332363359|1|1|-1
LdbcShortQuery1PersonProfile|1791332363360|1791332363360|1|1|-1
LdbcShortQuery2PersonPosts|1791332363361|1791332363361|1|2|-1
LdbcShortQuery3PersonFriends|1791332363362|1791332363362|0|7|-1
LdbcQuery1|1791332363088|1791332363362|3|5|1347530548573
LdbcShortQuery4MessageContent|1791332363365|1791332363366|13|1|-1
LdbcShortQuery5MessageCreator|1791332363379|1791332363379|4|1|-1
LdbcShortQuery6MessageForum|1791332363383|1791332363384|2|1|-1
LdbcShortQuery7MessageReplies|1791332363386|1791332363387|2|0|-1
LdbcShortQuery1PersonProfile|1791332363389|1791332363389|2|1|-1
LdbcShortQuery2PersonPosts|1791332363391|1791332363391|3|2|-1
LdbcShortQuery3PersonFriends|1791332363394|1791332363396|7|211|-1
LdbcQuery5|1791332363088|1791332363404|42|0|1347530548573
LdbcShortQuery1PersonProfile|1791332363446|1791332363446|4|1|-1
LdbcShortQuery2PersonPosts|1791332363450|1791332363451|5|10|-1
LdbcShortQuery3PersonFriends|1791332363456|1791332363457|3|9|-1
LdbcShortQuery4MessageContent|1791332363460|1791332363460|2|1|-1
LdbcShortQuery5MessageCreator|1791332363462|1791332363462|2|1|-1
LdbcShortQuery6MessageForum|1791332363464|1791332363465|2|1|-1
LdbcShortQuery7MessageReplies|1791332363467|1791332363468|4|6|-1
LdbcShortQuery1PersonProfile|1791332363472|1791332363472|3|1|-1
LdbcShortQuery2PersonPosts|1791332363475|1791332363483|8|10|-1
LdbcShortQuery3PersonFriends|1791332363491|1791332363491|5|52|-1
LdbcQuery2|1791332363088|1791332363495|9|20|1347530548573
LdbcShortQuery4MessageContent|1791332363504|1791332363506|3|1|-1
LdbcShortQuery5MessageCreator|1791332363509|1791332363509|2|1|-1
LdbcShortQuery6MessageForum|1791332363511|1791332363511|3|1|-1
LdbcShortQuery7MessageReplies|1791332363514|1791332363523|4|3|-1
LdbcShortQuery1PersonProfile|1791332363527|1791332363539|2|1|-1
LdbcShortQuery2PersonPosts|1791332363541|1791332363541|3|10|-1
LdbcShortQuery3PersonFriends|1791332363544|1791332363544|3|51|-1
LdbcShortQuery4MessageContent|1791332363547|1791332363547|2|1|-1
LdbcShortQuery5MessageCreator|1791332363549|1791332363549|2|1|-1
LdbcShortQuery6MessageForum|1791332363551|1791332363552|2|1|-1
LdbcShortQuery7MessageReplies|1791332363554|1791332363555|3|0|-1
LdbcQuery12|1791332363088|1791332363559|62|1|1347530548573
LdbcShortQuery1PersonProfile|1791332363621|1791332363622|2|1|-1
LdbcShortQuery2PersonPosts|1791332363624|1791332363624|3|10|-1
LdbcShortQuery3PersonFriends|1791332363627|1791332363628|4|340|-1
LdbcShortQuery4MessageContent|1791332363632|1791332363632|1|1|-1
LdbcShortQuery5MessageCreator|1791332363633|1791332363635|1|1|-1
LdbcShortQuery6MessageForum|1791332363636|1791332363636|2|1|-1
LdbcShortQuery7MessageReplies|1791332363638|1791332363638|2|4|-1
LdbcShortQuery1PersonProfile|1791332363640|1791332363640|1|1|-1
LdbcShortQuery2PersonPosts|1791332363641|1791332363654|5|10|-1
LdbcShortQuery3PersonFriends|1791332363659|1791332363659|2|23|-1
LdbcQuery8|1791332363088|1791332363662|2|20|1347530548573
LdbcShortQuery4MessageContent|1791332363664|1791332363664|1|1|-1
LdbcShortQuery5MessageCreator|1791332363665|1791332363665|1|1|-1
LdbcShortQuery6MessageForum|1791332363666|1791332363666|1|1|-1
LdbcShortQuery7MessageReplies|1791332363667|1791332363667|1|5|-1
LdbcShortQuery1PersonProfile|1791332363668|1791332363669|1|1|-1
LdbcShortQuery2PersonPosts|1791332363670|1791332363671|2|10|-1
LdbcShortQuery3PersonFriends|1791332363673|1791332363673|1|14|-1
LdbcShortQuery4MessageContent|1791332363674|1791332363674|0|1|-1
LdbcShortQuery5MessageCreator|1791332363674|1791332363674|0|1|-1
LdbcShortQuery6MessageForum|1791332363674|1791332363676|1|1|-1
LdbcShortQuery7MessageReplies|1791332363677|1791332363681|2|0|-1
LdbcQuery6|1791332363088|1791332363681|46|10|1347530548573
LdbcShortQuery1PersonProfile|1791332363727|1791332363729|1|1|-1
LdbcShortQuery2PersonPosts|1791332363730|1791332363731|2|10|-1
LdbcShortQuery3PersonFriends|1791332363733|1791332363734|1|9|-1
LdbcShortQuery4MessageContent|1791332363735|1791332363738|1|1|-1
LdbcShortQuery5MessageCreator|1791332363739|1791332363739|1|1|-1
LdbcShortQuery6MessageForum|1791332363740|1791332363751|2|1|-1
LdbcShortQuery7MessageReplies|1791332363753|1791332363753|1|0|-1
LdbcShortQuery1PersonProfile|1791332363754|1791332363755|1|1|-1
LdbcShortQuery2PersonPosts|1791332363756|1791332363757|1|10|-1
LdbcShortQuery3PersonFriends|1791332363758|1791332363759|1|37|-1
LdbcShortQuery4MessageContent|1791332363760|1791332363761|1|1|-1
LdbcShortQuery5MessageCreator|1791332363762|1791332363762|1|1|-1
LdbcShortQuery6MessageForum|1791332363763|1791332363764|1|1|-1
LdbcShortQuery7MessageReplies|1791332363765|1791332363765|1|0|-1
LdbcQuery7|1791332363088|1791332363766|5|20|1347530548573
LdbcShortQuery4MessageContent|1791332363771|1791332363773|1|1|-1
LdbcShortQuery5MessageCreator|1791332363774|1791332363774|1|1|-1
LdbcShortQuery6MessageForum|1791332363775|1791332363781|2|1|-1
LdbcShortQuery7MessageReplies|1791332363783|1791332363794|5|3|-1
LdbcShortQuery1PersonProfile|1791332363799|1791332363799|3|1|-1
LdbcShortQuery2PersonPosts|1791332363802|1791332363802|2|10|-1
LdbcShortQuery3PersonFriends|1791332363804|1791332363804|3|46|-1
LdbcQuery3|1791332363088|1791332363807|79|0|1347530548573
LdbcShortQuery1PersonProfile|1791332363886|1791332363888|1|1|-1
LdbcShortQuery2PersonPosts|1791332363889|1791332363889|1|10|-1
LdbcShortQuery3PersonFriends|1791332363890|1791332363891|3|269|-1
LdbcShortQuery4MessageContent|1791332363894|1791332363895|1|1|-1
LdbcShortQuery5MessageCreator|1791332363896|1791332363896|1|1|-1
LdbcShortQuery6MessageForum|1791332363897|1791332363897|1|1|-1
LdbcShortQuery7MessageReplies|1791332363898|1791332363899|0|0|-1
LdbcShortQuery1PersonProfile|1791332363899|1791332363900|2|1|-1
LdbcShortQuery2PersonPosts|1791332363902|1791332363902|3|10|-1
LdbcShortQuery3PersonFriends|1791332363905|1791332363905|2|50|-1
LdbcShortQuery4MessageContent|1791332363907|1791332363908|1|1|-1
LdbcShortQuery5MessageCreator|1791332363909|1791332363909|1|1|-1
LdbcShortQuery6MessageForum|1791332363910|1791332363911|1|1|-1
LdbcShortQuery7MessageReplies|1791332363912|1791332363913|1|0|-1
LdbcQuery11|1791332363088|1791332363913|3|0|1347530548573
LdbcShortQuery4MessageContent|1791332363916|1791332363918|1|1|-1
LdbcShortQuery5MessageCreator|1791332363919|1791332363919|2|1|-1
LdbcShortQuery6MessageForum|1791332363921|1791332363923|1|1|-1
LdbcShortQuery7MessageReplies|1791332363924|1791332363924|1|5|-1
LdbcShortQuery1PersonProfile|1791332363925|1791332363926|1|1|-1
LdbcShortQuery2PersonPosts|1791332363927|1791332363927|1|10|-1
LdbcShortQuery3PersonFriends|1791332363928|1791332363928|1|43|-1
LdbcShortQuery4MessageContent|1791332363929|1791332363930|1|1|-1
LdbcShortQuery5MessageCreator|1791332363931|1791332363931|6|1|-1
LdbcShortQuery6MessageForum|1791332363937|1791332363947|5|1|-1
LdbcShortQuery7MessageReplies|1791332363952|1791332363962|3|0|-1
LdbcShortQuery1PersonProfile|1791332363965|1791332363976|2|1|-1
LdbcShortQuery2PersonPosts|1791332363978|1791332363979|4|10|-1
LdbcShortQuery3PersonFriends|1791332363983|1791332363984|2|18|-1
LdbcQuery14|1791332363088|1791332363986|2|10|1347530548573
LdbcShortQuery1PersonProfile|1791332363988|1791332363988|1|1|-1
LdbcShortQuery2PersonPosts|1791332363989|1791332363990|1|0|-1
LdbcShortQuery3PersonFriends|1791332363991|1791332363993|2|34|-1
LdbcShortQuery4MessageContent|1791332363995|1791332364006|1|1|-1
LdbcShortQuery5MessageCreator|1791332364007|1791332364021|5|1|-1
LdbcShortQuery6MessageForum|1791332364026|1791332364026|1|1|-1
LdbcShortQuery7MessageReplies|1791332364027|1791332364028|1|0|-1
LdbcShortQuery1PersonProfile|1791332364029|1791332364030|1|1|-1
LdbcShortQuery2PersonPosts|1791332364031|1791332364031|3|10|-1
LdbcShortQuery3PersonFriends|1791332364034|1791332364035|1|5|-1
LdbcUpdate7AddComment|1791332363911|1791332363921|205|0|1347530556792
LdbcQuery11|1791332367949|1791332367954|8|0|1347530597180
LdbcShortQuery4MessageContent|1791332367962|1791332367963|3|1|-1
LdbcShortQuery5MessageCreator|1791332367966|1791332367969|4|1|-1
LdbcShortQuery6MessageForum|1791332367973|1791332367982|4|1|-1
LdbcShortQuery7MessageReplies|1791332367986|1791332367986|3|0|-1
LdbcShortQuery1PersonProfile|1791332367989|1791332367991|3|1|-1
LdbcShortQuery2PersonPosts|1791332367994|1791332367994|2|10|-1
LdbcShortQuery3PersonFriends|1791332367996|1791332367996|3|22|-1
LdbcQuery14|1791332367949|1791332368000|5|5|1347530597180
LdbcShortQuery1PersonProfile|1791332368005|1791332368005|2|1|-1
LdbcShortQuery2PersonPosts|1791332368007|1791332368007|3|10|-1
LdbcShortQuery3PersonFriends|1791332368010|1791332368011|5|82|-1
LdbcShortQuery4MessageContent|1791332368016|1791332368016|2|1|-1
LdbcShortQuery5MessageCreator|1791332368018|1791332368019|2|1|-1
LdbcShortQuery6MessageForum|1791332368021|1791332368021|3|1|-1
LdbcShortQuery7MessageReplies|1791332368024|1791332368026|2|0|-1
LdbcShortQuery1PersonProfile|1791332368028|1791332368040|2|1|-1
LdbcShortQuery2PersonPosts|1791332368042|1791332368056|5|10|-1
LdbcShortQuery3PersonFriends|1791332368061|1791332368061|3|5|-1
LdbcShortQuery4MessageContent|1791332368064|1791332368065|4|1|-1
LdbcShortQuery5MessageCreator|1791332368069|1791332368069|3|1|-1
LdbcShortQuery6MessageForum|1791332368072|1791332368073|3|1|-1
LdbcShortQuery7MessageReplies|1791332368076|1791332368076|2|0|-1
LdbcQuery2|1791332367949|1791332368079|8|20|1347530597180
LdbcShortQuery4MessageContent|1791332368087|1791332368088|2|1|-1
LdbcShortQuery5MessageCreator|1791332368090|1791332368091|2|1|-1
LdbcShortQuery6MessageForum|1791332368093|1791332368093|2|1|-1
LdbcShortQuery7MessageReplies|1791332368095|1791332368095|2|0|-1
LdbcShortQuery1PersonProfile|1791332368097|1791332368097|2|1|-1
LdbcShortQuery2PersonPosts|1791332368099|1791332368099|2|10|-1
LdbcShortQuery3PersonFriends|1791332368101|1791332368101|1|16|-1
LdbcShortQuery4MessageContent|1791332368102|1791332368117|4|1|-1
LdbcShortQuery5MessageCreator|1791332368121|1791332368121|2|1|-1
LdbcShortQuery6MessageForum|1791332368123|1791332368124|2|1|-1
LdbcShortQuery7MessageReplies|1791332368126|1791332368126|1|0|-1
LdbcQuery4|1791332367949|1791332368127|3|3|1347530597180
LdbcShortQuery1PersonProfile|1791332368130|1791332368132|1|1|-1
LdbcShortQuery2PersonPosts|1791332368133|1791332368134|2|10|-1
LdbcShortQuery3PersonFriends|1791332368136|1791332368147|2|55|-1
LdbcShortQuery4MessageContent|1791332368149|1791332368161|7|1|-1
LdbcShortQuery5MessageCreator|1791332368168|1791332368169|3|1|-1
LdbcShortQuery6MessageForum|1791332368172|1791332368175|4|1|-1
LdbcShortQuery7MessageReplies|1791332368179|1791332368179|2|0|-1
LdbcShortQuery1PersonProfile|1791332368181|1791332368182|3|1|-1
LdbcShortQuery2PersonPosts|1791332368185|1791332368188|4|10|-1
LdbcShortQuery3PersonFriends|1791332368192|1791332368192|2|24|-1
LdbcShortQuery4MessageContent|1791332368194|1791332368195|2|1|-1
LdbcShortQuery5MessageCreator|1791332368197|1791332368197|2|1|-1
LdbcShortQuery6MessageForum|1791332368199|1791332368200|5|1|-1
LdbcShortQuery7MessageReplies|1791332368205|1791332368206|4|0|-1
LdbcQuery13|1791332367949|1791332368209|3|1|1347530597180
LdbcShortQuery4MessageContent|1791332368212|1791332368214|4|1|-1
LdbcShortQuery5MessageCreator|1791332368218|1791332368219|2|1|-1
LdbcShortQuery6MessageForum|1791332368221|1791332368231|4|1|-1
LdbcShortQuery7MessageReplies|1791332368235|1791332368244|2|0|-1
LdbcShortQuery1PersonProfile|1791332368246|1791332368260|2|1|-1
LdbcShortQuery2PersonPosts|1791332368262|1791332368262|2|10|-1
LdbcShortQuery3PersonFriends|1791332368264|1791332368265|1|30|-1
LdbcShortQuery4MessageContent|1791332368266|1791332368267|1|1|-1
LdbcShortQuery5MessageCreator|1791332368268|1791332368287|1|1|-1
LdbcShortQuery6MessageForum|1791332368288|1791332368290|2|1|-1
LdbcShortQuery7MessageReplies|1791332368292|1791332368292|2|0|-1
LdbcShortQuery1PersonProfile|1791332368294|1791332368295|1|1|-1
LdbcShortQuery2PersonPosts|1791332368296|1791332368297|1|10|-1
LdbcShortQuery3PersonFriends|1791332368298|1791332368298|1|28|-1
LdbcShortQuery4MessageContent|1791332368299|1791332368300|1|1|-1
LdbcShortQuery5MessageCreator|1791332368301|1791332368301|1|1|-1
LdbcShortQuery6MessageForum|1791332368302|1791332368304|2|1|-1
LdbcShortQuery7MessageReplies|1791332368306|1791332368316|3|0|-1
LdbcQuery9|1791332367949|1791332368319|77|20|1347530597180
LdbcShortQuery1PersonProfile|1791332368396|1791332368396|1|1|-1
LdbcShortQuery2PersonPosts|1791332368397|1791332368398|1|2|-1
LdbcShortQuery3PersonFriends|1791332368399|1791332368400|1|74|-1
LdbcQuery5|1791332367949|1791332368400|76|20|1347530597180
LdbcShortQuery4MessageContent|1791332368476|1791332368479|1|1|-1
LdbcShortQuery5MessageCreator|1791332368480|1791332368493|3|1|-1
LdbcShortQuery6MessageForum|1791332368496|1791332368505|3|1|-1
LdbcShortQuery7MessageReplies|1791332368508|1791332368509|2|0|-1
LdbcShortQuery1PersonProfile|1791332368511|1791332368512|2|1|-1
LdbcShortQuery2PersonPosts|1791332368514|1791332368514|2|10|-1
LdbcShortQuery3PersonFriends|1791332368516|1791332368516|3|18|-1
LdbcShortQuery4MessageContent|1791332368519|1791332368520|3|1|-1
LdbcShortQuery5MessageCreator|1791332368523|1791332368523|2|1|-1
LdbcShortQuery6MessageForum|1791332368525|1791332368525|2|1|-1
LdbcShortQuery7MessageReplies|1791332368527|1791332368529|2|1|-1
LdbcQuery10|1791332367949|1791332368531|17|10|1347530597180
LdbcShortQuery1PersonProfile|1791332368548|1791332368549|4|1|-1
LdbcShortQuery2PersonPosts|1791332368553|1791332368562|2|10|-1
LdbcShortQuery3PersonFriends|1791332368564|1791332368575|4|49|-1
LdbcShortQuery4MessageContent|1791332368579|1791332368579|2|1|-1
LdbcShortQuery5MessageCreator|1791332368581|1791332368591|2|1|-1
LdbcShortQuery6MessageForum|1791332368593|1791332368593|1|1|-1
LdbcShortQuery7MessageReplies|1791332368594|1791332368595|2|0|-1
LdbcShortQuery1PersonProfile|1791332368597|1791332368597|2|1|-1
LdbcShortQuery2PersonPosts|1791332368599|1791332368600|1|10|-1
LdbcShortQuery3PersonFriends|1791332368601|1791332368604|2|4|-1
LdbcShortQuery4MessageContent|1791332368606|1791332368617|2|1|-1
LdbcShortQuery5MessageCreator|1791332368619|1791332368619|1|1|-1
LdbcShortQuery6MessageForum|1791332368620|1791332368629|2|1|-1
LdbcShortQuery7MessageReplies|1791332368631|1791332368644|2|0|-1
LdbcQuery1|1791332367949|1791332368644|5|1|1347530597180
LdbcShortQuery4MessageContent|1791332368649|1791332368651|2|1|-1
LdbcShortQuery5MessageCreator|1791332368653|1791332368654|2|1|-1
LdbcShortQuery6MessageForum|1791332368656|1791332368656|1|1|-1
LdbcShortQuery7MessageReplies|1791332368657|1791332368659|2|0|-1
LdbcShortQuery1PersonProfile|1791332368661|1791332368674|2|1|-1
LdbcShortQuery2PersonPosts|1791332368676|1791332368677|10|10|-1
LdbcShortQuery3PersonFriends|1791332368687|1791332368687|2|78|-1
LdbcShortQuery4MessageContent|1791332368689|1791332368689|1|1|-1
LdbcShortQuery5MessageCreator|1791332368690|1791332368691|2|1|-1
LdbcShortQuery6MessageForum|1791332368693|1791332368693|1|1|-1
LdbcShortQuery7MessageReplies|1791332368694|1791332368695|1|0|-1
LdbcQuery3|1791332367949|1791332368696|52|0|1347530597180
LdbcShortQuery1PersonProfile|1791332368748|1791332368749|2|1|-1
LdbcShortQuery2PersonPosts|1791332368751|1791332368751|1|10|-1
LdbcShortQuery3PersonFriends|1791332368752|1791332368753|2|32|-1
LdbcShortQuery4MessageContent|1791332368755|1791332368771|1|1|-1
LdbcShortQuery5MessageCreator|1791332368772|1791332368783|1|1|-1
LdbcShortQuery6MessageForum|1791332368784|1791332368784|2|1|-1
LdbcShortQuery7MessageReplies|1791332368786|1791332368796|4|0|-1
LdbcShortQuery1PersonProfile|1791332368800|1791332368801|2|1|-1
LdbcShortQuery2PersonPosts|1791332368803|1791332368803|3|10|-1
LdbcShortQuery3PersonFriends|1791332368806|1791332368806|2|3|-1
LdbcShortQuery4MessageContent|1791332368808|1791332368809|1|1|-1
LdbcShortQuery5MessageCreator|1791332368810|1791332368810|1|1|-1
LdbcShortQuery6MessageForum|1791332368811|1791332368813|2|1|-1
LdbcShortQuery7MessageReplies|1791332368815|1791332368821|3|0|-1
LdbcQuery6|1791332367949|1791332368821|56|10|1347530597180
LdbcShortQuery4MessageContent|1791332368877|1791332368879|3|1|-1
LdbcShortQuery5MessageCreator|1791332368882|1791332368884|2|1|-1
LdbcShortQuery6MessageForum|1791332368886|1791332368886|2|1|-1
LdbcShortQuery7MessageReplies|1791332368888|1791332368889|2|0|-1
LdbcShortQuery1PersonProfile|1791332368891|1791332368892|2|1|-1
LdbcShortQuery2PersonPosts|1791332368894|1791332368894|3|10|-1
LdbcShortQuery3PersonFriends|1791332368897|1791332368899|2|14|-1
LdbcQuery12|1791332367949|1791332368901|70|1|1347530597180
LdbcShortQuery1PersonProfile|1791332368971|1791332368973|2|1|-1
LdbcShortQuery2PersonPosts|1791332368975|1791332368975|1|10|-1
LdbcShortQuery3PersonFriends|1791332368976|1791332368977|2|43|-1
LdbcShortQuery4MessageContent|1791332368979|1791332368979|1|1|-1
LdbcShortQuery5MessageCreator|1791332368980|1791332368983|3|1|-1
LdbcShortQuery6MessageForum|1791332368986|1791332368996|3|1|-1
LdbcShortQuery7MessageReplies|1791332368999|1791332369000|2|4|-1
LdbcQuery8|1791332367949|1791332369001|8|20|1347530597180
LdbcShortQuery4MessageContent|1791332369009|1791332369009|1|1|-1
LdbcShortQuery5MessageCreator|1791332369010|1791332369012|0|1|-1
LdbcShortQuery6MessageForum|1791332369012|1791332369014|0|1|-1
LdbcShortQuery7MessageReplies|1791332369014|1791332369014|1|0|-1
LdbcShortQuery1PersonProfile|1791332369015|1791332369016|2|1|-1
LdbcShortQuery2PersonPosts|1791332369018|1791332369019|1|10|-1
LdbcShortQuery3PersonFriends|1791332369020|1791332369020|1|36|-1
LdbcShortQuery4MessageContent|1791332369021|1791332369023|1|1|-1
LdbcShortQuery5MessageCreator|1791332369024|1791332369025|1|1|-1
LdbcShortQuery6MessageForum|1791332369026|1791332369037|3|1|-1
LdbcShortQuery7MessageReplies|1791332369040|1791332369050|3|0|-1
LdbcShortQuery1PersonProfile|1791332369053|1791332369053|3|1|-1
LdbcShortQuery2PersonPosts|1791332369056|1791332369056|4|10|-1
LdbcShortQuery3PersonFriends|1791332369060|1791332369061|2|16|-1
LdbcQuery7|1791332367949|1791332369064|6|20|1347530597180
LdbcShortQuery1PersonProfile|1791332369070|1791332369071|1|1|-1
LdbcShortQuery2PersonPosts|1791332369072|1791332369073|3|10|-1
LdbcShortQuery3PersonFriends|1791332369076|1791332369076|3|11|-1
LdbcUpdate3AddCommentLike|1791332371614|1791332371626|17|0|1347530633821
LdbcQuery8|1791332372810|1791332372821|9|20|1347530645787
LdbcShortQuery4MessageContent|1791332372830|1791332372840|4|1|-1
LdbcShortQuery5MessageCreator|1791332372844|1791332372855|3|1|-1
LdbcShortQuery6MessageForum|1791332372858|1791332372858|2|1|-1
LdbcShortQuery7MessageReplies|1791332372860|1791332372861|2|5|-1
LdbcQuery7|1791332372810|1791332372863|5|20|1347530645787
LdbcShortQuery1PersonProfile|1791332372868|1791332372868|1|1|-1
LdbcShortQuery2PersonPosts|1791332372869|1791332372869|3|10|-1
LdbcShortQuery3PersonFriends|1791332372872|1791332372872|2|100|-1
LdbcShortQuery4MessageContent|1791332372874|1791332372874|2|1|-1
LdbcShortQuery5MessageCreator|1791332372876|1791332372886|2|1|-1
LdbcShortQuery6MessageForum|1791332372888|1791332372899|3|1|-1
LdbcShortQuery7MessageReplies|1791332372902|1791332372915|5|0|-1
LdbcShortQuery1PersonProfile|1791332372920|1791332372920|4|1|-1
LdbcShortQuery2PersonPosts|1791332372924|1791332372931|3|10|-1
LdbcShortQuery3PersonFriends|1791332372934|1791332372945|4|22|-1
LdbcQuery5|1791332372810|1791332372949|50|20|1347530645787
LdbcShortQuery4MessageContent|1791332372999|1791332373000|3|1|-1
LdbcShortQuery5MessageCreator|1791332373003|1791332373003|3|1|-1
LdbcShortQuery6MessageForum|1791332373006|1791332373008|3|1|-1
LdbcShortQuery7MessageReplies|1791332373011|1791332373011|2|1|-1
LdbcQuery2|1791332372810|1791332373013|26|20|1347530645787
LdbcShortQuery1PersonProfile|1791332373039|1791332373041|3|1|-1
LdbcShortQuery2PersonPosts|1791332373044|1791332373044|3|10|-1
LdbcShortQuery3PersonFriends|1791332373047|1791332373049|3|28|-1
LdbcQuery11|1791332372810|1791332373052|5|1|1347530645787
LdbcShortQuery4MessageContent|1791332373057|1791332373058|1|1|-1
LdbcShortQuery5MessageCreator|1791332373059|1791332373059|1|1|-1
LdbcShortQuery6MessageForum|1791332373060|1791332373060|2|1|-1
LdbcShortQuery7MessageReplies|1791332373062|1791332373062|2|0|-1
LdbcShortQuery1PersonProfile|1791332373064|1791332373064|1|1|-1
LdbcShortQuery2PersonPosts|1791332373065|1791332373066|1|3|-1
LdbcShortQuery3PersonFriends|1791332373067|1791332373079|32|41|-1
LdbcQuery14|1791332372810|1791332373112|3|8|1347530645787
LdbcShortQuery1PersonProfile|1791332373115|1791332373116|1|1|-1
LdbcShortQuery2PersonPosts|1791332373117|1791332373117|1|10|-1
LdbcShortQuery3PersonFriends|1791332373118|1791332373119|2|96|-1
LdbcShortQuery4MessageContent|1791332373121|1791332373124|1|1|-1
LdbcShortQuery5MessageCreator|1791332373125|1791332373140|1|1|-1
LdbcShortQuery6MessageForum|1791332373141|1791332373141|1|1|-1
LdbcShortQuery7MessageReplies|1791332373142|1791332373143|2|4|-1
LdbcQuery9|1791332372810|1791332373145|122|20|1347530645787
LdbcShortQuery4MessageContent|1791332373267|1791332373278|3|1|-1
LdbcShortQuery5MessageCreator|1791332373281|1791332373291|2|1|-1
LdbcShortQuery6MessageForum|1791332373293|1791332373305|2|1|-1
LdbcShortQuery7MessageReplies|1791332373307|1791332373320|3|5|-1
LdbcShortQuery1PersonProfile|1791332373323|1791332373324|2|1|-1
LdbcShortQuery2PersonPosts|1791332373326|1791332373339|3|10|-1
LdbcShortQuery3PersonFriends|1791332373342|1791332373353|4|7|-1
LdbcQuery4|1791332372810|1791332373357|3|1|1347530645787
LdbcShortQuery1PersonProfile|1791332373360|1791332373361|2|1|-1
LdbcShortQuery2PersonPosts|1791332373363|1791332373363|2|10|-1
LdbcShortQuery3PersonFriends|1791332373365|1791332373365|2|18|-1
LdbcShortQuery4MessageContent|1791332373367|1791332373367|1|1|-1
LdbcShortQuery5MessageCreator|1791332373368|1791332373369|1|1|-1
LdbcShortQuery6MessageForum|1791332373370|1791332373371|1|1|-1
LdbcShortQuery7MessageReplies|1791332373372|1791332373379|3|0|-1
LdbcShortQuery1PersonProfile|1791332373382|1791332373392|3|1|-1
LdbcShortQuery2PersonPosts|1791332373395|1791332373405|5|10|-1
LdbcShortQuery3PersonFriends|1791332373410|1791332373420|3|13|-1
LdbcQuery13|1791332372810|1791332373422|2|1|1347530645787
LdbcShortQuery4MessageContent|1791332373424|1791332373426|2|1|-1
LdbcShortQuery5MessageCreator|1791332373428|1791332373438|2|1|-1
LdbcShortQuery6MessageForum|1791332373440|1791332373441|2|1|-1
LdbcShortQuery7MessageReplies|1791332373443|1791332373444|2|0|-1
LdbcShortQuery1PersonProfile|1791332373446|1791332373446|1|1|-1
LdbcShortQuery2PersonPosts|1791332373447|1791332373454|3|10|-1
LdbcShortQuery3PersonFriends|1791332373457|1791332373466|7|149|-1
LdbcQuery12|1791332372810|1791332373473|92|2|1347530645787
LdbcShortQuery1PersonProfile|1791332373565|1791332373565|2|1|-1
LdbcShortQuery2PersonPosts|1791332373567|1791332373567|2|10|-1
LdbcShortQuery3PersonFriends|1791332373569|1791332373569|2|10|-1
LdbcQuery3|1791332372810|1791332373571|73|0|1347530645787
LdbcShortQuery4MessageContent|1791332373644|1791332373644|1|1|-1
LdbcShortQuery5MessageCreator|1791332373645|1791332373646|1|1|-1
LdbcShortQuery6MessageForum|1791332373647|1791332373647|3|1|-1
LdbcShortQuery7MessageReplies|1791332373650|1791332373651|2|1|-1
LdbcQuery10|1791332372810|1791332373653|22|10|1347530645787
LdbcShortQuery1PersonProfile|1791332373675|1791332373676|2|1|-1
LdbcShortQuery2PersonPosts|1791332373678|1791332373679|1|10|-1
LdbcShortQuery3PersonFriends|1791332373680|1791332373693|4|2|-1
LdbcQuery1|1791332372810|1791332373695|9|20|1347530645787
LdbcShortQuery4MessageContent|1791332373704|1791332373710|3|1|-1
LdbcShortQuery5MessageCreator|1791332373713|1791332373724|4|1|-1
LdbcShortQuery6MessageForum|1791332373728|1791332373729|2|1|-1
LdbcShortQuery7MessageReplies|1791332373731|1791332373738|3|3|-1
LdbcShortQuery1PersonProfile|1791332373741|1791332373754|3|1|-1
LdbcShortQuery2PersonPosts|1791332373757|1791332373769|3|10|-1
LdbcShortQuery3PersonFriends|1791332373772|1791332373772|3|46|-1
LdbcShortQuery4MessageContent|1791332373775|1791332373776|2|1|-1
LdbcShortQuery5MessageCreator|1791332373778|1791332373780|2|1|-1
LdbcShortQuery6MessageForum|1791332373782|1791332373782|2|1|-1
LdbcShortQuery7MessageReplies|1791332373784|1791332373784|2|0|-1
LdbcShortQuery1PersonProfile|1791332373786|1791332373795|4|1|-1
LdbcShortQuery2PersonPosts|1791332373799|1791332373800|3|10|-1
LdbcShortQuery3PersonFriends|1791332373803|1791332373804|3|96|-1
LdbcQuery6|1791332372810|1791332373807|77|1|1347530645787
LdbcShortQuery1PersonProfile|1791332373884|1791332373889|5|1|-1
LdbcShortQuery2PersonPosts|1791332373894|1791332373894|5|10|-1
LdbcShortQuery3PersonFriends|1791332373899|1791332373899|4|63|-1
LdbcShortQuery4MessageContent|1791332373903|1791332373905|3|1|-1
LdbcShortQuery5MessageCreator|1791332373908|1791332373920|4|1|-1
LdbcShortQuery6MessageForum|1791332373924|1791332373925|2|1|-1
LdbcShortQuery7MessageReplies|1791332373927|1791332373927|2|5|-1
LdbcShortQuery1PersonProfile|1791332373929|1791332373930|2|1|-1
LdbcShortQuery2PersonPosts|1791332373932|1791332373933|3|10|-1
LdbcShortQuery3PersonFriends|1791332373936|1791332373937|4|88|-1
LdbcQuery1|1791332377671|1791332377671|8|19|1347530694394
LdbcShortQuery4MessageContent|1791332377679|1791332377679|2|1|-1
LdbcShortQuery5MessageCreator|1791332377681|1791332377681|2|1|-1
LdbcShortQuery6MessageForum|1791332377683|1791332377684|2|1|-1
LdbcShortQuery7MessageReplies|1791332377686|1791332377686|3|0|-1
LdbcQuery6|1791332377671|1791332377690|76|10|1347530694394
LdbcShortQuery1PersonProfile|1791332377766|1791332377767|1|1|-1
LdbcShortQuery2PersonPosts|1791332377768|1791332377769|1|10|-1
LdbcShortQuery3PersonFriends|1791332377770|1791332377772|1|7|-1
LdbcShortQuery4MessageContent|1791332377773|1791332377773|1|1|-1
LdbcShortQuery5MessageCreator|1791332377774|1791332377786|3|1|-1
LdbcShortQuery6MessageForum|1791332377789|1791332377789|2|1|-1
LdbcShortQuery7MessageReplies|1791332377791|1791332377791|1|0|-1
LdbcQuery9|1791332377671|1791332377794|67|20|1347530694394
LdbcShortQuery4MessageContent|1791332377861|1791332377877|5|1|-1
LdbcShortQuery5MessageCreator|1791332377882|1791332377883|3|1|-1
LdbcShortQuery6MessageForum|1791332377886|1791332377890|2|1|-1
LdbcShortQuery7MessageReplies|1791332377892|1791332377903|5|4|-1
LdbcQuery5|1791332377671|1791332377909|59|20|1347530694394
LdbcShortQuery1PersonProfile|1791332377968|1791332377968|3|1|-1
LdbcShortQuery2PersonPosts|1791332377971|1791332377971|4|10|-1
LdbcShortQuery3PersonFriends|1791332377975|1791332377975|5|3|-1
LdbcQuery8|1791332377671|1791332377981|7|20|1347530694394
LdbcShortQuery4MessageContent|1791332377988|1791332377988|2|1|-1
LdbcShortQuery5MessageCreator|1791332377990|1791332377991|2|1|-1
LdbcShortQuery6MessageForum|1791332377993|1791332377993|2|1|-1
LdbcShortQuery7MessageReplies|1791332377995|1791332377995|2|0|-1
LdbcShortQuery1PersonProfile|1791332377997|1791332377999|2|1|-1
LdbcShortQuery2PersonPosts|1791332378001|1791332378001|3|10|-1
LdbcShortQuery3PersonFriends|1791332378004|1791332378004|4|67|-1
LdbcShortQuery4MessageContent|1791332378008|1791332378009|2|1|-1
LdbcShortQuery5MessageCreator|1791332378011|1791332378011|2|1|-1
LdbcShortQuery6MessageForum|1791332378013|1791332378015|3|1|-1
LdbcShortQuery7MessageReplies|1791332378018|1791332378019|4|2|-1
LdbcShortQuery1PersonProfile|1791332378023|1791332378023|3|1|-1
LdbcShortQuery2PersonPosts|1791332378026|1791332378027|4|10|-1
LdbcShortQuery3PersonFriends|1791332378031|1791332378031|6|82|-1
LdbcShortQuery4MessageContent|1791332378037|1791332378037|4|1|-1
LdbcShortQuery5MessageCreator|1791332378041|1791332378042|2|1|-1
LdbcShortQuery6MessageForum|1791332378044|1791332378053|4|1|-1
LdbcShortQuery7MessageReplies|1791332378057|1791332378069|2|0|-1
LdbcQuery7|1791332377671|1791332378071|7|20|1347530694394
LdbcShortQuery1PersonProfile|1791332378078|1791332378079|1|1|-1
LdbcShortQuery2PersonPosts|1791332378080|1791332378086|5|10|-1
LdbcShortQuery3PersonFriends|1791332378091|1791332378101|5|61|-1
LdbcShortQuery4MessageContent|1791332378106|1791332378106|3|1|-1
LdbcShortQuery5MessageCreator|1791332378109|1791332378110|2|1|-1
LdbcShortQuery6MessageForum|1791332378112|1791332378113|3|1|-1
LdbcShortQuery7MessageReplies|1791332378116|1791332378118|7|1|-1
LdbcShortQuery1PersonProfile|1791332378125|1791332378126|3|1|-1
LdbcShortQuery2PersonPosts|1791332378129|1791332378129|4|10|-1
LdbcShortQuery3PersonFriends|1791332378133|1791332378133|4|82|-1
LdbcQuery14|1791332377671|1791332378139|2|10|1347530694394
LdbcShortQuery4MessageContent|1791332378141|1791332378149|1|1|-1
LdbcShortQuery5MessageCreator|1791332378150|1791332378164|3|1|-1
LdbcShortQuery6MessageForum|1791332378167|1791332378178|2|1|-1
LdbcShortQuery7MessageReplies|1791332378180|1791332378196|5|0|-1
LdbcShortQuery1PersonProfile|1791332378201|1791332378212|3|1|-1
LdbcShortQuery2PersonPosts|1791332378215|1791332378215|3|10|-1
LdbcShortQuery3PersonFriends|1791332378218|1791332378227|4|70|-1
LdbcShortQuery4MessageContent|1791332378231|1791332378231|2|1|-1
LdbcShortQuery5MessageCreator|1791332378233|1791332378234|2|1|-1
LdbcShortQuery6MessageForum|1791332378236|1791332378242|2|1|-1
LdbcShortQuery7MessageReplies|1791332378244|1791332378257|3|7|-1
LdbcQuery2|1791332377671|1791332378260|6|20|1347530694394
LdbcShortQuery1PersonProfile|1791332378266|1791332378266|18|1|-1
LdbcShortQuery2PersonPosts|1791332378284|1791332378284|7|10|-1
LdbcShortQuery3PersonFriends|1791332378291|1791332378291|2|43|-1
LdbcShortQuery4MessageContent|1791332378293|1791332378293|0|1|-1
LdbcShortQuery5MessageCreator|1791332378293|1791332378296|0|1|-1
LdbcShortQuery6MessageForum|1791332378296|1791332378297|1|1|-1
LdbcShortQuery7MessageReplies|1791332378298|1791332378299|0|0|-1
LdbcQuery11|1791332377671|1791332378299|17|0|1347530694394
LdbcShortQuery4MessageContent|1791332378316|1791332378316|1|1|-1
LdbcShortQuery5MessageCreator|1791332378317|1791332378319|2|1|-1
LdbcShortQuery6MessageForum|1791332378321|1791332378329|5|1|-1
LdbcShortQuery7MessageReplies|1791332378334|1791332378334|3|0|-1
LdbcShortQuery1PersonProfile|1791332378337|1791332378337|2|1|-1
LdbcShortQuery2PersonPosts|1791332378339|1791332378339|4|10|-1
LdbcShortQuery3PersonFriends|1791332378343|1791332378345|4|51|-1
LdbcQuery10|1791332377671|1791332378349|35|10|1347530694394
LdbcShortQuery1PersonProfile|1791332378384|1791332378384|3|1|-1
LdbcShortQuery2PersonPosts|1791332378387|1791332378388|3|10|-1
LdbcShortQuery3PersonFriends|1791332378391|1791332378391|5|41|-1
LdbcShortQuery4MessageContent|1791332378396|1791332378398|2|1|-1
LdbcShortQuery5MessageCreator|1791332378400|1791332378411|3|1|-1
LdbcShortQuery6MessageForum|1791332378414|1791332378424|3|1|-1
LdbcShortQuery7MessageReplies|1791332378427|1791332378439|2|0|-1
LdbcShortQuery1PersonProfile|1791332378441|1791332378452|4|1|-1
LdbcShortQuery2PersonPosts|1791332378456|1791332378456|4|10|-1
LdbcShortQuery3PersonFriends|1791332378460|1791332378461|3|22|-1
LdbcQuery12|1791332377671|1791332378465|110|1|1347530694394
LdbcShortQuery4MessageContent|1791332378575|1791332378575|3|1|-1
LdbcShortQuery5MessageCreator|1791332378578|1791332378581|4|1|-1
LdbcShortQuery6MessageForum|1791332378585|1791332378585|3|1|-1
LdbcShortQuery7MessageReplies|1791332378588|1791332378589|2|0|-1
LdbcShortQuery1PersonProfile|1791332378591|1791332378591|1|1|-1
LdbcShortQuery2PersonPosts|1791332378592|1791332378592|2|10|-1
LdbcShortQuery3PersonFriends|1791332378594|1791332378594|4|20|-1
LdbcShortQuery4MessageContent|1791332378598|1791332378600|3|1|-1
LdbcShortQuery5MessageCreator|1791332378603|1791332378603|3|1|-1
LdbcShortQuery6MessageForum|1791332378606|1791332378606|2|1|-1
LdbcShortQuery7MessageReplies|1791332378608|1791332378609|2|0|-1
LdbcQuery4|1791332377671|1791332378611|6|0|1347530694394
LdbcShortQuery1PersonProfile|1791332378617|1791332378618|2|1|-1
LdbcShortQuery2PersonPosts|1791332378620|1791332378620|3|10|-1
LdbcShortQuery3PersonFriends|1791332378623|1791332378624|2|23|-1
LdbcShortQuery4MessageContent|1791332378626|1791332378626|2|1|-1
LdbcShortQuery5MessageCreator|1791332378628|1791332378629|2|1|-1
LdbcShortQuery6MessageForum|1791332378631|1791332378631|2|1|-1
LdbcShortQuery7MessageReplies|1791332378633|1791332378634|2|0|-1
LdbcQuery13|1791332377671|1791332378636|3|1|1347530694394
LdbcShortQuery4MessageContent|1791332378639|1791332378639|2|1|-1
LdbcShortQuery5MessageCreator|1791332378641|1791332378647|4|1|-1
LdbcShortQuery6MessageForum|1791332378651|1791332378651|3|1|-1
LdbcShortQuery7MessageReplies|1791332378654|1791332378655|3|3|-1
LdbcShortQuery1PersonProfile|1791332378658|1791332378662|3|1|-1
LdbcShortQuery2PersonPosts|1791332378665|1791332378679|6|10|-1
LdbcShortQuery3PersonFriends|1791332378685|1791332378685|3|6|-1
LdbcQuery3|1791332377671|1791332378689|59|0|1347530694394
LdbcShortQuery1PersonProfile|1791332378748|1791332378748|2|1|-1
LdbcShortQuery2PersonPosts|1791332378750|1791332378750|3|10|-1
LdbcShortQuery3PersonFriends|1791332378753|1791332378754|1|78|-1
LdbcShortQuery4MessageContent|1791332378755|1791332378756|1|1|-1
LdbcShortQuery5MessageCreator|1791332378757|1791332378757|1|1|-1
LdbcShortQuery6MessageForum|1791332378758|1791332378758|1|1|-1
LdbcShortQuery7MessageReplies|1791332378759|1791332378759|1|0|-1
LdbcUpdate2AddPostLike|1791332379436|1791332379447|11|0|1347530712039
LdbcQuery13|1791332382531|1791332382542|2|1|1347530743001
LdbcShortQuery4MessageContent|1791332382544|1791332382558|3|1|-1
LdbcShortQuery5MessageCreator|1791332382561|1791332382573|4|1|-1
LdbcShortQuery6MessageForum|1791332382577|1791332382578|3|1|-1
LdbcShortQuery7MessageReplies|1791332382581|1791332382582|2|0|-1
LdbcShortQuery1PersonProfile|1791332382584|1791332382585|2|1|-1
LdbcShortQuery2PersonPosts|1791332382587|1791332382587|3|10|-1
LdbcShortQuery3PersonFriends|1791332382590|1791332382591|4|97|-1
LdbcQuery3|1791332382531|1791332382595|83|0|1347530743001
LdbcShortQuery1PersonProfile|1791332382678|1791332382684|21|1|-1
LdbcShortQuery2PersonPosts|1791332382705|1791332382705|4|10|-1
LdbcShortQuery3PersonFriends|1791332382709|1791332382709|2|28|-1
LdbcShortQuery4MessageContent|1791332382711|1791332382711|3|1|-1
LdbcShortQuery5MessageCreator|1791332382714|1791332382716|2|1|-1
LdbcShortQuery6MessageForum|1791332382718|1791332382719|1|1|-1
LdbcShortQuery7MessageReplies|1791332382720|1791332382720|2|3|-1
LdbcQuery14|1791332382531|1791332382723|1|1|1347530743001
LdbcShortQuery4MessageContent|1791332382724|1791332382728|1|1|-1
LdbcShortQuery5MessageCreator|1791332382729|1791332382729|2|1|-1
LdbcShortQuery6MessageForum|1791332382731|1791332382731|1|1|-1
LdbcShortQuery7MessageReplies|1791332382732|1791332382740|3|1|-1
LdbcShortQuery1PersonProfile|1791332382743|1791332382752|3|1|-1
LdbcShortQuery2PersonPosts|1791332382755|1791332382765|4|10|-1
LdbcShortQuery3PersonFriends|1791332382769|1791332382769|6|86|-1
LdbcShortQuery4MessageContent|1791332382775|1791332382777|5|1|-1
LdbcShortQuery5MessageCreator|1791332382782|1791332382782|3|1|-1
LdbcShortQuery6MessageForum|1791332382785|1791332382786|3|1|-1
LdbcShortQuery7MessageReplies|1791332382789|1791332382791|3|0|-1
LdbcQuery9|1791332382531|1791332382794|105|20|1347530743001
LdbcShortQuery1PersonProfile|1791332382899|1791332382899|3|1|-1
LdbcShortQuery2PersonPosts|1791332382902|1791332382902|2|10|-1
LdbcShortQuery3PersonFriends|1791332382904|1791332382905|1|44|-1
LdbcShortQuery4MessageContent|1791332382906|1791332382906|4|1|-1
LdbcShortQuery5MessageCreator|1791332382910|1791332382910|1|1|-1
LdbcShortQuery6MessageForum|1791332382911|1791332382915|1|1|-1
LdbcShortQuery7MessageReplies|1791332382916|1791332382928|1|0|-1
LdbcShortQuery1PersonProfile|1791332382929|1791332382930|1|1|-1
LdbcShortQuery2PersonPosts|1791332382931|1791332382932|2|10|-1
LdbcShortQuery3PersonFriends|1791332382934|1791332382934|2|13|-1
LdbcQuery1|1791332382531|1791332382936|14|20|1347530743001
LdbcShortQuery4MessageContent|1791332382950|1791332382951|2|1|-1
LdbcShortQuery5MessageCreator|1791332382953|1791332382953|2|1|-1
LdbcShortQuery6MessageForum|1791332382955|1791332382955|4|1|-1
LdbcShortQuery7MessageReplies|1791332382959|1791332382959|3|0|-1
LdbcQuery6|1791332382531|1791332382964|48|10|1347530743001
LdbcShortQuery1PersonProfile|1791332383012|1791332383015|2|1|-1
LdbcShortQuery2PersonPosts|1791332383017|1791332383030|3|10|-1
LdbcShortQuery3PersonFriends|1791332383033|1791332383034|3|67|-1
LdbcQuery7|1791332382531|1791332383036|11|20|1347530743001
LdbcShortQuery4MessageContent|1791332383047|1791332383048|2|1|-1
LdbcShortQuery5MessageCreator|1791332383050|1791332383050|1|1|-1
LdbcShortQuery6MessageForum|1791332383051|1791332383051|1|1|-1
LdbcShortQuery7MessageReplies|1791332383052|1791332383053|1|2|-1
LdbcShortQuery1PersonProfile|1791332383054|1791332383055|1|1|-1
LdbcShortQuery2PersonPosts|1791332383056|1791332383056|1|10|-1
LdbcShortQuery3PersonFriends|1791332383057|1791332383059|1|41|-1
LdbcShortQuery4MessageContent|1791332383060|1791332383073|2|1|-1
LdbcShortQuery5MessageCreator|1791332383075|1791332383076|1|1|-1
LdbcShortQuery6MessageForum|1791332383077|1791332383077|1|1|-1
LdbcShortQuery7MessageReplies|1791332383078|1791332383078|1|0|-1
LdbcQuery5|1791332382531|1791332383080|87|20|1347530743001
LdbcShortQuery1PersonProfile|1791332383167|1791332383169|2|1|-1
LdbcShortQuery2PersonPosts|1791332383171|1791332383172|3|4|-1
LdbcShortQuery3PersonFriends|1791332383175|1791332383175|3|16|-1
LdbcShortQuery4MessageContent|1791332383178|1791332383179|4|1|-1
LdbcShortQuery5MessageCreator|1791332383183|1791332383183|3|1|-1
LdbcShortQuery6MessageForum|1791332383186|1791332383186|4|1|-1
LdbcShortQuery7MessageReplies|1791332383190|1791332383191|3|8|-1
LdbcShortQuery1PersonProfile|1791332383194|1791332383195|2|1|-1
LdbcShortQuery2PersonPosts|1791332383197|1791332383197|2|10|-1
LdbcShortQuery3PersonFriends|1791332383199|1791332383199|5|15|-1
LdbcQuery8|1791332382531|1791332383203|7|20|1347530743001
LdbcShortQuery4MessageContent|1791332383210|1791332383213|2|1|-1
LdbcShortQuery5MessageCreator|1791332383215|1791332383220|3|1|-1
LdbcShortQuery6MessageForum|1791332383223|1791332383234|4|1|-1
LdbcShortQuery7MessageReplies|1791332383238|1791332383239|2|5|-1
LdbcQuery4|1791332382531|1791332383239|4|3|1347530743001
LdbcShortQuery1PersonProfile|1791332383243|1791332383246|1|1|-1
LdbcShortQuery2PersonPosts|1791332383247|1791332383248|0|10|-1
LdbcShortQuery3PersonFriends|1791332383248|1791332383248|1|41|-1
LdbcQuery10|1791332382531|1791332383249|10|10|1347530743001
LdbcShortQuery4MessageContent|1791332383259|1791332383259|1|1|-1
LdbcShortQuery5MessageCreator|1791332383260|1791332383273|1|1|-1
LdbcShortQuery6MessageForum|1791332383274|1791332383275|1|1|-1
LdbcShortQuery7MessageReplies|1791332383276|1791332383276|1|0|-1
LdbcShortQuery1PersonProfile|1791332383277|1791332383277|1|1|-1
LdbcShortQuery2PersonPosts|1791332383278|1791332383278|1|10|-1
LdbcShortQuery3PersonFriends|1791332383279|1791332383280|1|28|-1
LdbcShortQuery4MessageContent|1791332383281|1791332383281|1|1|-1
LdbcShortQuery5MessageCreator|1791332383282|1791332383283|1|1|-1
LdbcShortQuery6MessageForum|1791332383284|1791332383284|3|1|-1
LdbcShortQuery7MessageReplies|1791332383287|1791332383287|2|0|-1
LdbcShortQuery1PersonProfile|1791332383289|1791332383290|2|1|-1
LdbcShortQuery2PersonPosts|1791332383292|1791332383293|4|10|-1
LdbcShortQuery3PersonFriends|1791332383297|1791332383297|3|109|-1
LdbcQuery2|1791332382531|1791332383299|4|20|1347530743001
LdbcShortQuery1PersonProfile|1791332383303|1791332383313|2|1|-1
LdbcShortQuery2PersonPosts|1791332383315|1791332383326|1|1|-1
LdbcShortQuery3PersonFriends|1791332383327|1791332383343|2|338|-1
LdbcShortQuery4MessageContent|1791332383345|1791332383356|1|1|-1
LdbcShortQuery5MessageCreator|1791332383357|1791332383372|1|1|-1
LdbcShortQuery6MessageForum|1791332383373|1791332383384|2|1|-1
LdbcShortQuery7MessageReplies|1791332383386|1791332383386|1|0|-1
LdbcShortQuery1PersonProfile|1791332383387|1791332383397|1|1|-1
LdbcShortQuery2PersonPosts|1791332383398|1791332383398|1|10|-1
LdbcShortQuery3PersonFriends|1791332383399|1791332383399|0|9|-1
LdbcQuery11|1791332382531|1791332383402|1|0|1347530743001
LdbcShortQuery4MessageContent|1791332383403|1791332383413|1|1|-1
LdbcShortQuery5MessageCreator|1791332383414|1791332383414|0|1|-1
LdbcShortQuery6MessageForum|1791332383414|1791332383414|0|1|-1
LdbcShortQuery7MessageReplies|1791332383414|1791332383414|0|2|-1
LdbcShortQuery1PersonProfile|1791332383414|1791332383416|0|1|-1
LdbcShortQuery2PersonPosts|1791332383416|1791332383416|1|10|-1
LdbcShortQuery3PersonFriends|1791332383417|1791332383418|0|10|-1
LdbcShortQuery4MessageContent|1791332383418|1791332383418|0|1|-1
LdbcShortQuery5MessageCreator|1791332383418|1791332383419|0|1|-1
LdbcShortQuery6MessageForum|1791332383419|1791332383419|0|1|-1
LdbcShortQuery7MessageReplies|1791332383419|1791332383419|1|7|-1
LdbcQuery12|1791332382531|1791332383422|34|1|1347530743001
LdbcShortQuery1PersonProfile|1791332383456|1791332383468|1|1|-1
LdbcShortQuery2PersonPosts|1791332383469|1791332383469|2|10|-1
LdbcShortQuery3PersonFriends|1791332383471|1791332383483|6|269|-1
LdbcUpdate5AddForumMembership|1791332386683|1791332386689|7|0|1347530784514
LdbcUpdate5AddForumMembership|1791332386702|1791332386704|8|0|1347530784703
LdbcQuery11|1791332387392|1791332387396|10|0|1347530791608
LdbcShortQuery4MessageContent|1791332387406|1791332387407|3|1|-1
LdbcShortQuery5MessageCreator|1791332387410|1791332387425|4|1|-1
LdbcShortQuery6MessageForum|1791332387429|1791332387429|3|1|-1
LdbcShortQuery7MessageReplies|1791332387432|1791332387433|2|0|-1
LdbcShortQuery1PersonProfile|1791332387435|1791332387438|3|1|-1
LdbcShortQuery2PersonPosts|1791332387441|1791332387441|3|10|-1
LdbcShortQuery3PersonFriends|1791332387444|1791332387453|4|26|-1
LdbcShortQuery4MessageContent|1791332387457|1791332387457|2|1|-1
LdbcShortQuery5MessageCreator|1791332387459|1791332387460|2|1|-1
LdbcShortQuery6MessageForum|1791332387462|1791332387463|2|1|-1
LdbcShortQuery7MessageReplies|1791332387465|1791332387470|5|4|-1
LdbcQuery12|1791332387392|1791332387474|75|1|1347530791608
LdbcShortQuery1PersonProfile|1791332387549|1791332387551|1|1|-1
LdbcShortQuery2PersonPosts|1791332387552|1791332387553|1|10|-1
LdbcShortQuery3PersonFriends|1791332387554|1791332387554|1|17|-1
LdbcShortQuery4MessageContent|1791332387555|1791332387555|3|1|-1
LdbcShortQuery5MessageCreator|1791332387558|1791332387558|1|1|-1
LdbcShortQuery6MessageForum|1791332387559|1791332387560|1|1|-1
LdbcShortQuery7MessageReplies|1791332387561|1791332387561|2|4|-1
LdbcQuery7|1791332387392|1791332387564|5|20|1347530791608
LdbcShortQuery4MessageContent|1791332387569|1791332387569|1|1|-1
LdbcShortQuery5MessageCreator|1791332387570|1791332387571|1|1|-1
LdbcShortQuery6MessageForum|1791332387572|1791332387573|1|1|-1
LdbcShortQuery7MessageReplies|1791332387574|1791332387575|2|4|-1
LdbcShortQuery1PersonProfile|1791332387577|1791332387591|4|1|-1
LdbcShortQuery2PersonPosts|1791332387595|1791332387596|3|10|-1
LdbcShortQuery3PersonFriends|1791332387599|1791332387600|4|41|-1
LdbcQuery14|1791332387392|1791332387605|4|1|1347530791608
LdbcShortQuery1PersonProfile|1791332387609|1791332387610|2|1|-1
LdbcShortQuery2PersonPosts|1791332387612|1791332387612|3|10|-1
LdbcShortQuery3PersonFriends|1791332387615|1791332387615|2|4|-1
LdbcShortQuery4MessageContent|1791332387617|1791332387617|3|1|-1
LdbcShortQuery5MessageCreator|1791332387620|1791332387621|2|1|-1
LdbcShortQuery6MessageForum|1791332387623|1791332387623|2|1|-1
LdbcShortQuery7MessageReplies|1791332387625|1791332387626|3|5|-1
LdbcQuery13|1791332387392|1791332387630|4|1|1347530791608
LdbcShortQuery4MessageContent|1791332387634|1791332387635|2|1|-1
LdbcShortQuery5MessageCreator|1791332387637|1791332387645|4|1|-1
LdbcShortQuery6MessageForum|1791332387649|1791332387650|3|1|-1
LdbcShortQuery7MessageReplies|1791332387653|1791332387653|2|0|-1
LdbcShortQuery1PersonProfile|1791332387655|1791332387657|2|1|-1
LdbcShortQuery2PersonPosts|1791332387659|1791332387660|3|10|-1
LdbcShortQuery3PersonFriends|1791332387663|1791332387664|3|44|-1
LdbcShortQuery4MessageContent|1791332387667|1791332387675|3|1|-1
LdbcShortQuery5MessageCreator|1791332387678|1791332387678|3|1|-1
LdbcShortQuery6MessageForum|1791332387681|1791332387681|2|1|-1
LdbcShortQuery7MessageReplies|1791332387683|1791332387683|2|0|-1
LdbcShortQuery1PersonProfile|1791332387685|1791332387685|2|1|-1
LdbcShortQuery2PersonPosts|1791332387687|1791332387687|5|10|-1
LdbcShortQuery3PersonFriends|1791332387692|1791332387693|3|19|-1
LdbcShortQuery4MessageContent|1791332387696|1791332387697|2|1|-1
LdbcShortQuery5MessageCreator|1791332387699|1791332387701|2|1|-1
LdbcShortQuery6MessageForum|1791332387703|1791332387705|2|1|-1
LdbcShortQuery7MessageReplies|1791332387707|1791332387717|3|0|-1
LdbcQuery3|1791332387392|1791332387722|87|0|1347530791608
LdbcShortQuery1PersonProfile|1791332387809|1791332387809|1|1|-1
LdbcShortQuery2PersonPosts|1791332387810|1791332387810|2|10|-1
LdbcShortQuery3PersonFriends|1791332387812|1791332387813|2|24|-1
LdbcShortQuery4MessageContent|1791332387815|1791332387816|1|1|-1
LdbcShortQuery5MessageCreator|1791332387817|1791332387817|1|1|-1
LdbcShortQuery6MessageForum|1791332387818|1791332387819|0|1|-1
LdbcShortQuery7MessageReplies|1791332387819|1791332387819|0|0|-1
LdbcShortQuery1PersonProfile|1791332387819|1791332387821|0|1|-1
LdbcShortQuery2PersonPosts|1791332387821|1791332387822|1|10|-1
LdbcShortQuery3PersonFriends|1791332387823|1791332387823|1|4|-1
LdbcShortQuery4MessageContent|1791332387824|1791332387829|2|1|-1
LdbcShortQuery5MessageCreator|1791332387831|1791332387831|1|1|-1
LdbcShortQuery6MessageForum|1791332387832|1791332387844|1|1|-1
LdbcShortQuery7MessageReplies|1791332387845|1791332387857|3|0|-1
LdbcQuery6|1791332387392|1791332387860|62|10|1347530791608
LdbcShortQuery4MessageContent|1791332387922|1791332387922|1|1|-1
LdbcShortQuery5MessageCreator|1791332387923|1791332387924|1|1|-1
LdbcShortQuery6MessageForum|1791332387925|1791332387926|1|1|-1
LdbcShortQuery7MessageReplies|1791332387927|1791332387931|2|0|-1
LdbcShortQuery1PersonProfile|1791332387933|1791332387943|2|1|-1
LdbcShortQuery2PersonPosts|1791332387945|1791332387946|3|10|-1
LdbcShortQuery3PersonFriends|1791332387949|1791332387949|5|269|-1
LdbcQuery9|1791332387392|1791332387955|94|20|1347530791608
LdbcShortQuery1PersonProfile|1791332388049|1791332388049|1|1|-1
LdbcShortQuery2PersonPosts|1791332388050|1791332388050|1|10|-1
LdbcShortQuery3PersonFriends|1791332388051|1791332388053|2|5|-1
LdbcShortQuery4MessageContent|1791332388055|1791332388055|1|1|-1
LdbcShortQuery5MessageCreator|1791332388056|1791332388057|1|1|-1
LdbcShortQuery6MessageForum|1791332388058|1791332388058|2|1|-1
LdbcShortQuery7MessageReplies|1791332388060|1791332388061|3|0|-1
LdbcQuery1|1791332387392|1791332388063|4|2|1347530791608
LdbcShortQuery4MessageContent|1791332388067|1791332388069|2|1|-1
LdbcShortQuery5MessageCreator|1791332388071|1791332388077|1|1|-1
LdbcShortQuery6MessageForum|1791332388078|1791332388080|1|1|-1
LdbcShortQuery7MessageReplies|1791332388081|1791332388093|0|0|-1
LdbcShortQuery1PersonProfile|1791332388093|1791332388093|0|1|-1
LdbcShortQuery2PersonPosts|1791332388093|1791332388093|1|10|-1
LdbcShortQuery3PersonFriends|1791332388094|1791332388096|1|12|-1
LdbcQuery2|1791332387392|1791332388096|7|20|1347530791608
LdbcShortQuery1PersonProfile|1791332388103|1791332388104|2|1|-1
LdbcShortQuery2PersonPosts|1791332388106|1791332388110|2|10|-1
LdbcShortQuery3PersonFriends|1791332388112|1791332388113|1|7|-1
LdbcShortQuery4MessageContent|1791332388114|1791332388124|2|1|-1
LdbcShortQuery5MessageCreator|1791332388126|1791332388126|1|1|-1
LdbcShortQuery6MessageForum|1791332388127|1791332388128|1|1|-1
LdbcShortQuery7MessageReplies|1791332388129|1791332388130|1|10|-1
LdbcShortQuery1PersonProfile|1791332388131|1791332388138|2|1|-1
LdbcShortQuery2PersonPosts|1791332388140|1791332388163|4|10|-1
LdbcShortQuery3PersonFriends|1791332388167|1791332388179|6|256|-1
LdbcQuery4|1791332387392|1791332388183|1|0|1347530791608
LdbcShortQuery4MessageContent|1791332388184|1791332388194|1|1|-1
LdbcShortQuery5MessageCreator|1791332388195|1791332388209|3|1|-1
LdbcShortQuery6MessageForum|1791332388212|1791332388226|1|1|-1
LdbcShortQuery7MessageReplies|1791332388227|1791332388237|2|0|-1
LdbcQuery5|1791332387392|1791332388239|65|20|1347530791608
LdbcShortQuery1PersonProfile|1791332388304|1791332388304|1|1|-1
LdbcShortQuery2PersonPosts|1791332388305|1791332388309|1|10|-1
LdbcShortQuery3PersonFriends|1791332388310|1791332388321|2|9|-1
LdbcShortQuery4MessageContent|1791332388323|1791332388335|2|1|-1
LdbcShortQuery5MessageCreator|1791332388337|1791332388349|2|1|-1
LdbcShortQuery6MessageForum|1791332388351|1791332388351|1|1|-1
LdbcShortQuery7MessageReplies|1791332388352|1791332388352|1|1|-1
LdbcQuery8|1791332387392|1791332388354|3|20|1347530791608
LdbcShortQuery4MessageContent|1791332388357|1791332388357|1|1|-1
LdbcShortQuery5MessageCreator|1791332388358|1791332388358|1|1|-1
LdbcShortQuery6MessageForum|1791332388359|1791332388359|1|1|-1
LdbcShortQuery7MessageReplies|1791332388360|1791332388361|2|0|-1
LdbcShortQuery1PersonProfile|1791332388363|1791332388363|1|1|-1
LdbcShortQuery2PersonPosts|1791332388364|1791332388366|1|10|-1
LdbcShortQuery3PersonFriends|1791332388367|1791332388367|1|82|-1
LdbcShortQuery4MessageContent|1791332388368|1791332388369|1|1|-1
LdbcShortQuery5MessageCreator|1791332388370|1791332388370|0|1|-1
LdbcShortQuery6MessageForum|1791332388370|1791332388371|1|1|-1
LdbcShortQuery7MessageReplies|1791332388372|1791332388375|1|3|-1
LdbcQuery10|1791332387392|1791332388375|11|10|1347530791608
LdbcShortQuery1PersonProfile|1791332388386|1791332388390|1|1|-1
LdbcShortQuery2PersonPosts|1791332388391|1791332388391|1|10|-1
LdbcShortQuery3PersonFriends|1791332388392|1791332388393|1|8|-1
LdbcShortQuery4MessageContent|1791332388394|1791332388394|1|1|-1
LdbcShortQuery5MessageCreator|1791332388395|1791332388396|1|1|-1
LdbcShortQuery6MessageForum|1791332388397|1791332388397|1|1|-1
LdbcShortQuery7MessageReplies|1791332388398|1791332388404|1|0|-1
LdbcUpdate2AddPostLike|1791332388825|1791332388839|11|0|1347530805931
LdbcUpdate2AddPostLike|1791332389221|1791332389228|7|0|1347530809889
LdbcUpdate7AddComment|1791332390669|1791332390680|20|0|1347530824369
LdbcQuery8|1791332392253|1791332392255|10|20|1347530840215
LdbcShortQuery4MessageContent|1791332392265|1791332392268|6|1|-1
LdbcShortQuery5MessageCreator|1791332392274|1791332392282|6|1|-1
LdbcShortQuery6MessageForum|1791332392288|1791332392297|2|1|-1
LdbcShortQuery7MessageReplies|1791332392299|1791332392299|1|0|-1
LdbcQuery10|1791332392253|1791332392301|17|10|1347530840215
LdbcShortQuery1PersonProfile|1791332392318|1791332392319|3|1|-1
LdbcShortQuery2PersonPosts|1791332392322|1791332392327|6|10|-1
LdbcShortQuery3PersonFriends|1791332392333|1791332392341|3|53|-1
LdbcShortQuery4MessageContent|1791332392344|1791332392344|2|1|-1
LdbcShortQuery5MessageCreator|1791332392346|1791332392347|2|1|-1
LdbcShortQuery6MessageForum|1791332392349|1791332392349|2|1|-1
LdbcShortQuery7MessageReplies|1791332392351|1791332392351|2|3|-1
LdbcShortQuery1PersonProfile|1791332392353|1791332392354|2|1|-1
LdbcShortQuery2PersonPosts|1791332392356|1791332392368|3|10|-1
LdbcShortQuery3PersonFriends|1791332392371|1791332392371|2|0|-1
LdbcQuery6|1791332392253|1791332392373|76|10|1347530840215
LdbcShortQuery4MessageContent|1791332392449|1791332392449|4|1|-1
LdbcShortQuery5MessageCreator|1791332392453|1791332392456|3|1|-1
LdbcShortQuery6MessageForum|1791332392459|1791332392459|3|1|-1
LdbcShortQuery7MessageReplies|1791332392462|1791332392463|3|1|-1
LdbcQuery7|1791332392253|1791332392466|7|20|1347530840215
LdbcShortQuery1PersonProfile|1791332392473|1791332392474|2|1|-1
LdbcShortQuery2PersonPosts|1791332392476|1791332392476|4|10|-1
LdbcShortQuery3PersonFriends|1791332392480|1791332392481|3|27|-1
LdbcShortQuery4MessageContent|1791332392484|1791332392499|3|1|-1
LdbcShortQuery5MessageCreator|1791332392502|1791332392512|3|1|-1
LdbcShortQuery6MessageForum|1791332392515|1791332392527|3|1|-1
LdbcShortQuery7MessageReplies|1791332392530|1791332392530|3|3|-1
LdbcShortQuery1PersonProfile|1791332392533|1791332392534|2|1|-1
LdbcShortQuery2PersonPosts|1791332392536|1791332392536|2|10|-1
LdbcShortQuery3PersonFriends|1791332392538|1791332392539|3|96|-1
LdbcShortQuery4MessageContent|1791332392542|1791332392543|2|1|-1
LdbcShortQuery5MessageCreator|1791332392545|1791332392546|2|1|-1
LdbcShortQuery6MessageForum|1791332392548|1791332392560|15|1|-1
LdbcShortQuery7MessageReplies|1791332392575|1791332392576|4|0|-1
LdbcQuery11|1791332392253|1791332392580|15|0|1347530840215
LdbcShortQuery4MessageContent|1791332392595|1791332392596|3|1|-1
LdbcShortQuery5MessageCreator|1791332392599|1791332392599|3|1|-1
LdbcShortQuery6MessageForum|1791332392602|1791332392603|4|1|-1
LdbcShortQuery7MessageReplies|1791332392607|1791332392607|3|0|-1
LdbcShortQuery1PersonProfile|1791332392610|1791332392611|3|1|-1
LdbcShortQuery2PersonPosts|1791332392614|1791332392615|4|10|-1
LdbcShortQuery3PersonFriends|1791332392619|1791332392620|4|37|-1
LdbcShortQuery4MessageContent|1791332392624|1791332392624|2|1|-1
LdbcShortQuery5MessageCreator|1791332392626|1791332392627|3|1|-1
LdbcShortQuery6MessageForum|1791332392630|1791332392630|3|1|-1
LdbcShortQuery7MessageReplies|1791332392633|1791332392634|4|0|-1
LdbcShortQuery1PersonProfile|1791332392638|1791332392649|4|1|-1
LdbcShortQuery2PersonPosts|1791332392653|1791332392653|3|10|-1
LdbcShortQuery3PersonFriends|1791332392656|1791332392657|2|41|-1
LdbcQuery12|1791332392253|1791332392660|108|1|1347530840215
LdbcShortQuery1PersonProfile|1791332392768|1791332392778|4|1|-1
LdbcShortQuery2PersonPosts|1791332392782|1791332392791|4|10|-1
LdbcShortQuery3PersonFriends|1791332392795|1791332392796|3|60|-1
LdbcQuery3|1791332392253|1791332392799|57|0|1347530840215
LdbcShortQuery4MessageContent|1791332392856|1791332392865|2|1|-1
LdbcShortQuery5MessageCreator|1791332392867|1791332392867|1|1|-1
LdbcShortQuery6MessageForum|1791332392868|1791332392879|3|1|-1
LdbcShortQuery7MessageReplies|1791332392882|1791332392883|3|10|-1
LdbcShortQuery1PersonProfile|1791332392886|1791332392895|4|1|-1
LdbcShortQuery2PersonPosts|1791332392899|1791332392899|3|10|-1
LdbcShortQuery3PersonFriends|1791332392902|1791332392902|3|28|-1
LdbcShortQuery4MessageContent|1791332392905|1791332392906|2|1|-1
LdbcShortQuery5MessageCreator|1791332392908|1791332392911|4|1|-1
LdbcShortQuery6MessageForum|1791332392915|1791332392916|3|1|-1
LdbcShortQuery7MessageReplies|1791332392919|1791332392927|2|4|-1
LdbcQuery14|1791332392253|1791332392929|2|2|1347530840215
LdbcShortQuery1PersonProfile|1791332392931|1791332392933|2|1|-1
LdbcShortQuery2PersonPosts|1791332392935|1791332392935|3|10|-1
LdbcShortQuery3PersonFriends|1791332392938|1791332392941|7|189|-1
LdbcShortQuery4MessageContent|1791332392948|1791332392955|3|1|-1
LdbcShortQuery5MessageCreator|1791332392958|1791332392971|4|1|-1
LdbcShortQuery6MessageForum|1791332392975|1791332392975|2|1|-1
LdbcShortQuery7MessageReplies|1791332392977|1791332392978|3|11|-1
LdbcShortQuery1PersonProfile|1791332392981|1791332392986|4|1|-1
LdbcShortQuery2PersonPosts|1791332392990|1791332393003|4|10|-1
LdbcShortQuery3PersonFriends|1791332393007|1791332393017|4|21|-1
LdbcShortQuery4MessageContent|1791332393021|1791332393021|3|1|-1
LdbcShortQuery5MessageCreator|1791332393024|1791332393024|2|1|-1
LdbcShortQuery6MessageForum|1791332393026|1791332393029|5|1|-1
LdbcShortQuery7MessageReplies|1791332393034|1791332393034|2|0|-1
LdbcQuery13|1791332392253|1791332393038|3|1|1347530840215
LdbcShortQuery4MessageContent|1791332393041|1791332393041|2|1|-1
LdbcShortQuery5MessageCreator|1791332393043|1791332393043|3|1|-1
LdbcShortQuery6MessageForum|1791332393046|1791332393046|2|1|-1
LdbcShortQuery7MessageReplies|1791332393048|1791332393048|2|0|-1
LdbcShortQuery1PersonProfile|1791332393050|1791332393051|2|1|-1
LdbcShortQuery2PersonPosts|1791332393053|1791332393054|2|10|-1
LdbcShortQuery3PersonFriends|1791332393056|1791332393056|2|10|-1
LdbcShortQuery4MessageContent|1791332393058|1791332393058|3|1|-1
LdbcShortQuery5MessageCreator|1791332393061|1791332393062|2|1|-1
LdbcShortQuery6MessageForum|1791332393064|1791332393065|2|1|-1
LdbcShortQuery7MessageReplies|1791332393067|1791332393068|2|0|-1
LdbcShortQuery1PersonProfile|1791332393070|1791332393070|3|1|-1
LdbcShortQuery2PersonPosts|1791332393073|1791332393073|3|10|-1
LdbcShortQuery3PersonFriends|1791332393076|1791332393077|2|1|-1
LdbcQuery5|1791332392253|1791332393079|17|0|1347530840215
LdbcShortQuery1PersonProfile|1791332393096|1791332393097|1|1|-1
LdbcShortQuery2PersonPosts|1791332393098|1791332393099|18|10|-1
LdbcShortQuery3PersonFriends|1791332393117|1791332393117|4|5|-1
LdbcShortQuery4MessageContent|1791332393121|1791332393122|2|1|-1
LdbcShortQuery5MessageCreator|1791332393124|1791332393125|2|1|-1
LdbcShortQuery6MessageForum|1791332393127|1791332393127|2|1|-1
LdbcShortQuery7MessageReplies|1791332393129|1791332393130|2|2|-1
LdbcShortQuery1PersonProfile|1791332393132|1791332393134|4|1|-1
LdbcShortQuery2PersonPosts|1791332393138|1791332393138|2|4|-1
LdbcShortQuery3PersonFriends|1791332393140|1791332393141|2|5|-1
LdbcQuery2|1791332392253|1791332393143|10|20|1347530840215
LdbcShortQuery4MessageContent|1791332393153|1791332393154|1|1|-1
LdbcShortQuery5MessageCreator|1791332393155|1791332393166|3|1|-1
LdbcShortQuery6MessageForum|1791332393169|1791332393179|3|1|-1
LdbcShortQuery7MessageReplies|1791332393182|1791332393184|3|1|-1
LdbcShortQuery1PersonProfile|1791332393187|1791332393191|4|1|-1
LdbcShortQuery2PersonPosts|1791332393195|1791332393196|4|10|-1
LdbcShortQuery3PersonFriends|1791332393200|1791332393208|4|4|-1
LdbcQuery9|1791332392253|1791332393213|110|20|1347530840215
LdbcShortQuery1PersonProfile|1791332393323|1791332393327|3|1|-1
LdbcShortQuery2PersonPosts|1791332393330|1791332393330|2|10|-1
LdbcShortQuery3PersonFriends|1791332393332|1791332393333|1|25|-1
LdbcShortQuery4MessageContent|1791332393334|1791332393342|3|1|-1
LdbcShortQuery5MessageCreator|1791332393345|1791332393346|2|1|-1
LdbcShortQuery6MessageForum|1791332393348|1791332393356|4|1|-1
LdbcShortQuery7MessageReplies|1791332393360|1791332393370|5|0|-1
LdbcShortQuery1PersonProfile|1791332393375|1791332393384|3|1|-1
LdbcShortQuery2PersonPosts|1791332393387|1791332393396|4|10|-1
LdbcShortQuery3PersonFriends|1791332393400|1791332393409|6|7|-1
LdbcShortQuery4MessageContent|1791332393415|1791332393417|3|1|-1
LdbcShortQuery5MessageCreator|1791332393420|1791332393420|3|1|-1
LdbcShortQuery6MessageForum|1791332393423|1791332393424|19|1|-1
LdbcShortQuery7MessageReplies|1791332393443|1791332393450|2|0|-1
LdbcShortQuery1PersonProfile|1791332393452|1791332393452|2|1|-1
LdbcShortQuery2PersonPosts|1791332393454|1791332393466|5|10|-1
LdbcShortQuery3PersonFriends|1791332393471|1791332393477|10|31|-1
LdbcQuery1|1791332392253|1791332393486|3|0|1347530840215
LdbcShortQuery4MessageContent|1791332393489|1791332393489|2|1|-1
LdbcShortQuery5MessageCreator|1791332393491|1791332393494|2|1|-1
LdbcShortQuery6MessageForum|1791332393496|1791332393496|2|1|-1
LdbcShortQuery7MessageReplies|1791332393498|1791332393499|2|3|-1
LdbcShortQuery1PersonProfile|1791332393501|1791332393508|4|1|-1
LdbcShortQuery2PersonPosts|1791332393512|1791332393512|4|10|-1
LdbcShortQuery3PersonFriends|1791332393516|1791332393516|2|4|-1
LdbcShortQuery4MessageContent|1791332393518|1791332393518|2|1|-1
LdbcShortQuery5MessageCreator|1791332393520|1791332393520|1|1|-1
LdbcShortQuery6MessageForum|1791332393521|1791332393522|2|1|-1
LdbcShortQuery7MessageReplies|1791332393524|1791332393525|2|5|-1
LdbcQuery4|1791332392253|1791332393527|3|3|1347530840215
LdbcShortQuery1PersonProfile|1791332393530|1791332393537|4|1|-1
LdbcShortQuery2PersonPosts|1791332393541|1791332393550|4|10|-1
LdbcShortQuery3PersonFriends|1791332393554|1791332393554|2|41|-1
LdbcShortQuery4MessageContent|1791332393556|1791332393558|2|1|-1
LdbcShortQuery5MessageCreator|1791332393560|1791332393566|2|1|-1
LdbcShortQuery6MessageForum|1791332393568|1791332393568|2|1|-1
LdbcShortQuery7MessageReplies|1791332393570|1791332393570|2|0|-1
LdbcShortQuery1PersonProfile|1791332393572|1791332393573|2|1|-1
LdbcShortQuery2PersonPosts|1791332393575|1791332393583|10|10|-1
LdbcShortQuery3PersonFriends|1791332393593|1791332393599|5|37|-1
LdbcShortQuery4MessageContent|1791332393604|1791332393618|3|1|-1
LdbcShortQuery5MessageCreator|1791332393621|1791332393622|2|1|-1
LdbcShortQuery6MessageForum|1791332393624|1791332393633|3|1|-1
LdbcShortQuery7MessageReplies|1791332393636|1791332393637|4|1|-1
LdbcQuery1|1791332397113|1791332397127|7|1|1347530888822
LdbcShortQuery4MessageContent|1791332397134|1791332397135|1|1|-1
LdbcShortQuery5MessageCreator|1791332397136|1791332397136|1|1|-1
LdbcShortQuery6MessageForum|1791332397137|1791332397137|1|1|-1
LdbcShortQuery7MessageReplies|1791332397138|1791332397139|2|0|-1
LdbcQuery4|1791332397113|1791332397141|2|3|1347530888822
LdbcShortQuery1PersonProfile|1791332397143|1791332397144|2|1|-1
LdbcShortQuery2PersonPosts|1791332397146|1791332397146|2|10|-1
LdbcShortQuery3PersonFriends|1791332397148|1791332397157|3|58|-1
LdbcShortQuery4MessageContent|1791332397160|1791332397160|2|1|-1
LdbcShortQuery5MessageCreator|1791332397162|1791332397173|2|1|-1
LdbcShortQuery6MessageForum|1791332397175|1791332397188|1|1|-1
LdbcShortQuery7MessageReplies|1791332397189|1791332397189|0|6|-1
LdbcShortQuery1PersonProfile|1791332397189|1791332397189|0|1|-1
LdbcShortQuery2PersonPosts|1791332397189|1791332397189|0|10|-1
LdbcShortQuery3PersonFriends|1791332397189|1791332397189|0|45|-1
LdbcQuery3|1791332397113|1791332397192|71|0|1347530888822
LdbcShortQuery4MessageContent|1791332397263|1791332397264|3|1|-1
LdbcShortQuery5MessageCreator|1791332397267|1791332397267|1|1|-1
LdbcShortQuery6MessageForum|1791332397268|1791332397269|1|1|-1
LdbcShortQuery7MessageReplies|1791332397270|1791332397279|2|0|-1
LdbcShortQuery1PersonProfile|1791332397281|1791332397282|1|1|-1
LdbcShortQuery2PersonPosts|1791332397283|1791332397283|1|7|-1
LdbcShortQuery3PersonFriends|1791332397284|1791332397285|3|44|-1
LdbcQuery6|1791332397113|1791332397286|44|10|1347530888822
LdbcShortQuery1PersonProfile|1791332397330|1791332397330|1|1|-1
LdbcShortQuery2PersonPosts|1791332397331|1791332397339|2|10|-1
LdbcShortQuery3PersonFriends|1791332397341|1791332397341|1|45|-1
LdbcShortQuery4MessageContent|1791332397342|1791332397343|2|1|-1
LdbcShortQuery5MessageCreator|1791332397345|1791332397345|0|1|-1
LdbcShortQuery6MessageForum|1791332397345|1791332397345|0|1|-1
LdbcShortQuery7MessageReplies|1791332397345|1791332397345|0|0|-1
LdbcQuery8|1791332397113|1791332397345|1|20|1347530888822
LdbcShortQuery4MessageContent|1791332397346|1791332397349|0|1|-1
LdbcShortQuery5MessageCreator|1791332397349|1791332397349|0|1|-1
LdbcShortQuery6MessageForum|1791332397349|1791332397349|0|1|-1
LdbcShortQuery7MessageReplies|1791332397349|1791332397349|0|0|-1
LdbcShortQuery1PersonProfile|1791332397349|1791332397349|0|1|-1
LdbcShortQuery2PersonPosts|1791332397349|1791332397349|0|10|-1
LdbcShortQuery3PersonFriends|1791332397349|1791332397349|0|10|-1
LdbcQuery10|1791332397113|1791332397353|11|10|1347530888822
LdbcShortQuery1PersonProfile|1791332397364|1791332397364|0|1|-1
LdbcShortQuery2PersonPosts|1791332397364|1791332397364|0|10|-1
LdbcShortQuery3PersonFriends|1791332397364|1791332397366|1|230|-1
LdbcShortQuery4MessageContent|1791332397367|1791332397367|0|1|-1
LdbcShortQuery5MessageCreator|1791332397367|1791332397368|0|1|-1
LdbcShortQuery6MessageForum|1791332397368|1791332397368|0|1|-1
LdbcShortQuery7MessageReplies|1791332397368|1791332397369|0|0|-1
LdbcShortQuery1PersonProfile|1791332397369|1791332397370|0|1|-1
LdbcShortQuery2PersonPosts|1791332397370|1791332397370|0|10|-1
LdbcShortQuery3PersonFriends|1791332397370|1791332397371|0|18|-1
LdbcShortQuery4MessageContent|1791332397371|1791332397371|0|1|-1
LdbcShortQuery5MessageCreator|1791332397371|1791332397372|0|1|-1
LdbcShortQuery6MessageForum|1791332397372|1791332397372|0|1|-1
LdbcShortQuery7MessageReplies|1791332397372|1791332397372|0|0|-1
LdbcShortQuery1PersonProfile|1791332397372|1791332397373|0|1|-1
LdbcShortQuery2PersonPosts|1791332397373|1791332397373|0|10|-1
LdbcShortQuery3PersonFriends|1791332397373|1791332397374|0|13|-1
LdbcQuery12|1791332397113|1791332397374|61|0|1347530888822
LdbcShortQuery4MessageContent|1791332397435|1791332397436|5|1|-1
LdbcShortQuery5MessageCreator|1791332397441|1791332397441|1|1|-1
LdbcShortQuery6MessageForum|1791332397442|1791332397443|2|1|-1
LdbcShortQuery7MessageReplies|1791332397445|1791332397445|1|0|-1
LdbcShortQuery1PersonProfile|1791332397446|1791332397449|1|1|-1
LdbcShortQuery2PersonPosts|1791332397450|1791332397465|3|10|-1
LdbcShortQuery3PersonFriends|1791332397468|1791332397468|2|22|-1
LdbcShortQuery4MessageContent|1791332397470|1791332397471|1|1|-1
LdbcShortQuery5MessageCreator|1791332397472|1791332397473|2|1|-1
LdbcShortQuery6MessageForum|1791332397475|1791332397475|4|1|-1
LdbcShortQuery7MessageReplies|1791332397479|1791332397479|4|6|-1
LdbcQuery7|1791332397113|1791332397483|4|20|1347530888822
LdbcShortQuery1PersonProfile|1791332397487|1791332397489|2|1|-1
LdbcShortQuery2PersonPosts|1791332397491|1791332397491|3|10|-1
LdbcShortQuery3PersonFriends|1791332397494|1791332397495|2|31|-1
LdbcShortQuery4MessageContent|1791332397497|1791332397497|2|1|-1
LdbcShortQuery5MessageCreator|1791332397499|1791332397499|1|1|-1
LdbcShortQuery6MessageForum|1791332397500|1791332397501|2|1|-1
LdbcShortQuery7MessageReplies|1791332397503|1791332397507|3|11|-1
LdbcShortQuery1PersonProfile|1791332397510|1791332397511|2|1|-1
LdbcShortQuery2PersonPosts|1791332397513|1791332397513|2|10|-1
LdbcShortQuery3PersonFriends|1791332397515|1791332397515|2|31|-1
LdbcQuery11|1791332397113|1791332397515|8|0|1347530888822
LdbcShortQuery4MessageContent|1791332397523|1791332397526|2|1|-1
LdbcShortQuery5MessageCreator|1791332397528|1791332397529|2|1|-1
LdbcShortQuery6MessageForum|1791332397531|1791332397532|2|1|-1
LdbcShortQuery7MessageReplies|1791332397534|1791332397535|3|0|-1
LdbcShortQuery1PersonProfile|1791332397538|1791332397539|2|1|-1
LdbcShortQuery2PersonPosts|1791332397541|1791332397541|3|10|-1
LdbcShortQuery3PersonFriends|1791332397544|1791332397545|4|91|-1
LdbcShortQuery4MessageContent|1791332397549|1791332397549|2|1|-1
LdbcShortQuery5MessageCreator|1791332397551|1791332397561|3|1|-1
LdbcShortQuery6MessageForum|1791332397564|1791332397564|3|1|-1
LdbcShortQuery7MessageReplies|1791332397567|1791332397568|2|2|-1
LdbcShortQuery1PersonProfile|1791332397570|1791332397571|2|1|-1
LdbcShortQuery2PersonPosts|1791332397573|1791332397573|3|10|-1
LdbcShortQuery3PersonFriends|1791332397576|1791332397577|4|109|-1
LdbcQuery9|1791332397113|1791332397582|105|20|1347530888822
LdbcShortQuery1PersonProfile|1791332397687|1791332397688|1|1|-1
LdbcShortQuery2PersonPosts|1791332397689|1791332397689|1|10|-1
LdbcShortQuery3PersonFriends|1791332397690|1791332397699|2|23|-1
LdbcQuery5|1791332397113|1791332397701|72|20|1347530888822
LdbcShortQuery4MessageContent|1791332397773|1791332397773|1|1|-1
LdbcShortQuery5MessageCreator|1791332397774|1791332397774|1|1|-1
LdbcShortQuery6MessageForum|1791332397775|1791332397777|1|1|-1
LdbcShortQuery7MessageReplies|1791332397778|1791332397779|1|0|-1
LdbcQuery14|1791332397113|1791332397781|2|1|1347530888822
LdbcShortQuery1PersonProfile|1791332397783|1791332397783|2|1|-1
LdbcShortQuery2PersonPosts|1791332397785|1791332397785|3|10|-1
LdbcShortQuery3PersonFriends|1791332397788|1791332397789|2|8|-1
LdbcQuery13|1791332397113|1791332397791|3|1|1347530888822
LdbcShortQuery4MessageContent|1791332397794|1791332397796|2|1|-1
LdbcShortQuery5MessageCreator|1791332397798|1791332397801|2|1|-1
LdbcShortQuery6MessageForum|1791332397803|1791332397803|2|1|-1
LdbcShortQuery7MessageReplies|1791332397805|1791332397806|1|0|-1
LdbcShortQuery1PersonProfile|1791332397807|1791332397807|1|1|-1
LdbcShortQuery2PersonPosts|1791332397808|1791332397810|2|10|-1
LdbcShortQuery3PersonFriends|1791332397812|1791332397812|2|10|-1
LdbcQuery2|1791332397113|1791332397815|6|20|1347530888822
LdbcShortQuery1PersonProfile|1791332397821|1791332397821|2|1|-1
LdbcShortQuery2PersonPosts|1791332397823|1791332397825|4|10|-1
LdbcShortQuery3PersonFriends|1791332397829|1791332397830|3|30|-1
LdbcQuery13|1791332401974|1791332401975|4|1|1347530937429
LdbcShortQuery4MessageContent|1791332401979|1791332401979|2|1|-1
LdbcShortQuery5MessageCreator|1791332401981|1791332401981|2|1|-1
LdbcShortQuery6MessageForum|1791332401983|1791332401985|2|1|-1
LdbcShortQuery7MessageReplies|1791332401987|1791332401989|3|0|-1
LdbcShortQuery1PersonProfile|1791332401992|1791332402005|3|1|-1
LdbcShortQuery2PersonPosts|1791332402008|1791332402020|3|10|-1
LdbcShortQuery3PersonFriends|1791332402023|1791332402023|2|29|-1
LdbcQuery2|1791332401974|1791332402027|13|20|1347530937429
LdbcShortQuery1PersonProfile|1791332402040|1791332402040|2|1|-1
LdbcShortQuery2PersonPosts|1791332402042|1791332402042|2|10|-1
LdbcShortQuery3PersonFriends|1791332402044|1791332402045|2|56|-1
LdbcShortQuery4MessageContent|1791332402047|1791332402047|1|1|-1
LdbcShortQuery5MessageCreator|1791332402048|1791332402059|1|1|-1
LdbcShortQuery6MessageForum|1791332402060|1791332402060|1|1|-1
LdbcShortQuery7MessageReplies|1791332402061|1791332402062|1|0|-1
LdbcQuery12|1791332401974|1791332402064|75|2|1347530937429
LdbcShortQuery4MessageContent|1791332402139|1791332402139|2|1|-1
LdbcShortQuery5MessageCreator|1791332402141|1791332402151|2|1|-1
LdbcShortQuery6MessageForum|1791332402153|1791332402153|1|1|-1
LdbcShortQuery7MessageReplies|1791332402154|1791332402154|2|0|-1
LdbcShortQuery1PersonProfile|1791332402156|1791332402157|1|1|-1
LdbcShortQuery2PersonPosts|1791332402158|1791332402159|2|10|-1
LdbcShortQuery3PersonFriends|1791332402161|1791332402167|1|16|-1
LdbcQuery3|1791332401974|1791332402169|27|0|1347530937429
LdbcShortQuery1PersonProfile|1791332402196|1791332402196|1|1|-1
LdbcShortQuery2PersonPosts|1791332402197|1791332402198|1|10|-1
LdbcShortQuery3PersonFriends|1791332402199|1791332402200|3|189|-1
LdbcShortQuery4MessageContent|1791332402203|1791332402203|1|1|-1
LdbcShortQuery5MessageCreator|1791332402204|1791332402204|1|1|-1
LdbcShortQuery6MessageForum|1791332402205|1791332402206|1|1|-1
LdbcShortQuery7MessageReplies|1791332402207|1791332402207|1|9|-1
LdbcShortQuery1PersonProfile|1791332402208|1791332402208|1|1|-1
LdbcShortQuery2PersonPosts|1791332402209|1791332402210|1|10|-1
LdbcShortQuery3PersonFriends|1791332402211|1791332402212|2|100|-1
LdbcShortQuery4MessageContent|1791332402214|1791332402214|1|1|-1
LdbcShortQuery5MessageCreator|1791332402215|1791332402215|1|1|-1
LdbcShortQuery6MessageForum|1791332402216|1791332402216|1|1|-1
LdbcShortQuery7MessageReplies|1791332402217|1791332402218|1|0|-1
LdbcShortQuery1PersonProfile|1791332402219|1791332402219|1|1|-1
LdbcShortQuery2PersonPosts|1791332402220|1791332402226|1|10|-1
LdbcShortQuery3PersonFriends|1791332402227|1791332402227|1|30|-1
LdbcQuery1|1791332401974|1791332402229|2|2|1347530937429
LdbcShortQuery4MessageContent|1791332402231|1791332402231|1|1|-1
LdbcShortQuery5MessageCreator|1791332402232|1791332402233|1|1|-1
LdbcShortQuery6MessageForum|1791332402234|1791332402239|1|1|-1
LdbcShortQuery7MessageReplies|1791332402240|1791332402241|1|7|-1
LdbcShortQuery1PersonProfile|1791332402242|1791332402252|1|1|-1
LdbcShortQuery2PersonPosts|1791332402253|1791332402265|1|5|-1
LdbcShortQuery3PersonFriends|1791332402266|1791332402277|3|13|-1
LdbcQuery4|1791332401974|1791332402281|3|3|1347530937429
LdbcShortQuery1PersonProfile|1791332402284|1791332402293|3|1|-1
LdbcShortQuery2PersonPosts|1791332402296|1791332402296|4|10|-1
LdbcShortQuery3PersonFriends|1791332402300|1791332402301|4|67|-1
LdbcShortQuery4MessageContent|1791332402305|1791332402306|2|1|-1
LdbcShortQuery5MessageCreator|1791332402308|1791332402319|2|1|-1
LdbcShortQuery6MessageForum|1791332402321|1791332402321|1|1|-1
LdbcShortQuery7MessageReplies|1791332402322|1791332402323|1|4|-1
LdbcShortQuery1PersonProfile|1791332402324|1791332402331|3|1|-1
LdbcShortQuery2PersonPosts|1791332402334|1791332402334|3|10|-1
LdbcShortQuery3PersonFriends|1791332402337|1791332402338|3|54|-1
LdbcQuery10|1791332401974|1791332402339|17|10|1347530937429
LdbcShortQuery4MessageContent|1791332402356|1791332402359|2|1|-1
LdbcShortQuery5MessageCreator|1791332402361|1791332402362|6|1|-1
LdbcShortQuery6MessageForum|1791332402368|1791332402368|3|1|-1
LdbcShortQuery7MessageReplies|1791332402371|1791332402372|2|0|-1
LdbcShortQuery1PersonProfile|1791332402374|1791332402378|2|1|-1
LdbcShortQuery2PersonPosts|1791332402380|1791332402380|3|10|-1
LdbcShortQuery3PersonFriends|1791332402383|1791332402383|3|50|-1
LdbcQuery6|1791332401974|1791332402386|46|10|1347530937429
LdbcShortQuery1PersonProfile|1791332402432|1791332402433|1|1|-1
LdbcShortQuery2PersonPosts|1791332402434|1791332402434|1|10|-1
LdbcShortQuery3PersonFriends|1791332402435|1791332402437|1|73|-1
LdbcShortQuery4MessageContent|1791332402438|1791332402439|1|1|-1
LdbcShortQuery5MessageCreator|1791332402440|1791332402441|1|1|-1
LdbcShortQuery6MessageForum|1791332402442|1791332402453|2|1|-1
LdbcShortQuery7MessageReplies|1791332402455|1791332402456|3|6|-1
LdbcQuery8|1791332401974|1791332402459|4|20|1347530937429
LdbcShortQuery4MessageContent|1791332402463|1791332402464|1|1|-1
LdbcShortQuery5MessageCreator|1791332402465|1791332402469|1|1|-1
LdbcShortQuery6MessageForum|1791332402470|1791332402471|2|1|-1
LdbcShortQuery7MessageReplies|1791332402473|1791332402473|2|6|-1
LdbcShortQuery1PersonProfile|1791332402475|1791332402483|2|1|-1
LdbcShortQuery2PersonPosts|1791332402485|1791332402497|3|10|-1
LdbcShortQuery3PersonFriends|1791332402500|1791332402500|3|36|-1
LdbcShortQuery4MessageContent|1791332402503|1791332402504|2|1|-1
LdbcShortQuery5MessageCreator|1791332402506|1791332402513|4|1|-1
LdbcShortQuery6MessageForum|1791332402517|1791332402529|4|1|-1
LdbcShortQuery7MessageReplies|1791332402533|1791332402533|2|0|-1
LdbcQuery14|1791332401974|1791332402534|3|4|1347530937429
LdbcShortQuery1PersonProfile|1791332402537|1791332402539|2|1|-1
LdbcShortQuery2PersonPosts|1791332402541|1791332402543|3|10|-1
LdbcShortQuery3PersonFriends|1791332402546|1791332402547|4|74|-1
LdbcShortQuery4MessageContent|1791332402551|1791332402551|3|1|-1
LdbcShortQuery5MessageCreator|1791332402554|1791332402554|3|1|-1
LdbcShortQuery6MessageForum|1791332402557|1791332402558|2|1|-1
LdbcShortQuery7MessageReplies|1791332402560|1791332402560|2|0|-1
LdbcQuery9|1791332401974|1791332402563|92|20|1347530937429
LdbcShortQuery4MessageContent|1791332402655|1791332402656|4|1|-1
LdbcShortQuery5MessageCreator|1791332402660|1791332402660|1|1|-1
LdbcShortQuery6MessageForum|1791332402661|1791332402662|1|1|-1
LdbcShortQuery7MessageReplies|1791332402663|1791332402663|1|0|-1
LdbcShortQuery1PersonProfile|1791332402664|1791332402675|3|1|-1
LdbcShortQuery2PersonPosts|1791332402678|1791332402678|2|10|-1
LdbcShortQuery3PersonFriends|1791332402680|1791332402681|2|23|-1
LdbcQuery7|1791332401974|1791332402683|3|20|1347530937429
LdbcShortQuery1PersonProfile|1791332402686|1791332402686|1|1|-1
LdbcShortQuery2PersonPosts|1791332402687|1791332402689|2|10|-1
LdbcShortQuery3PersonFriends|1791332402691|1791332402703|2|13|-1
LdbcShortQuery4MessageContent|1791332402705|1791332402705|1|1|-1
LdbcShortQuery5MessageCreator|1791332402706|1791332402706|1|1|-1
LdbcShortQuery6MessageForum|1791332402707|1791332402716|2|1|-1
LdbcShortQuery7MessageReplies|1791332402718|1791332402733|2|1|-1
LdbcQuery11|1791332401974|1791332402733|3|0|1347530937429
LdbcShortQuery4MessageContent|1791332402736|1791332402739|1|1|-1
LdbcShortQuery5MessageCreator|1791332402740|1791332402746|2|1|-1
LdbcShortQuery6MessageForum|1791332402748|1791332402759|2|1|-1
LdbcShortQuery7MessageReplies|1791332402761|1791332402761|1|0|-1
LdbcShortQuery1PersonProfile|1791332402762|1791332402762|1|1|-1
LdbcShortQuery2PersonPosts|1791332402763|1791332402763|2|10|-1
LdbcShortQuery3PersonFriends|1791332402765|1791332402772|2|17|-1
LdbcShortQuery4MessageContent|1791332402774|1791332402774|1|1|-1
LdbcShortQuery5MessageCreator|1791332402775|1791332402776|1|1|-1
LdbcShortQuery6MessageForum|1791332402777|1791332402778|1|1|-1
LdbcShortQuery7MessageReplies|1791332402779|1791332402779|1|1|-1
LdbcShortQuery1PersonProfile|1791332402780|1791332402781|1|1|-1
LdbcShortQuery2PersonPosts|1791332402782|1791332402786|2|10|-1
LdbcShortQuery3PersonFriends|1791332402788|1791332402789|1|41|-1
LdbcQuery5|1791332401974|1791332402789|46|20|1347530937429
LdbcShortQuery1PersonProfile|1791332402835|1791332402849|2|1|-1
LdbcShortQuery2PersonPosts|1791332402851|1791332402851|1|10|-1
LdbcShortQuery3PersonFriends|1791332402852|1791332402866|2|8|-1
LdbcShortQuery4MessageContent|1791332402868|1791332402868|1|1|-1
LdbcShortQuery5MessageCreator|1791332402869|1791332402869|1|1|-1
LdbcShortQuery6MessageForum|1791332402870|1791332402885|3|1|-1
LdbcShortQuery7MessageReplies|1791332402888|1791332402901|3|0|-1
LdbcQuery11|1791332406835|1791332406841|8|0|1347530986036
LdbcShortQuery4MessageContent|1791332406849|1791332406849|4|1|-1
LdbcShortQuery5MessageCreator|1791332406853|1791332406854|3|1|-1
LdbcShortQuery6MessageForum|1791332406857|1791332406871|3|1|-1
LdbcShortQuery7MessageReplies|1791332406874|1791332406875|2|0|-1
LdbcQuery5|1791332406835|1791332406877|68|20|1347530986036
LdbcShortQuery1PersonProfile|1791332406945|1791332406946|1|1|-1
LdbcShortQuery2PersonPosts|1791332406947|1791332406955|5|10|-1
LdbcShortQuery3PersonFriends|1791332406960|1791332406961|2|6|-1
LdbcShortQuery4MessageContent|1791332406963|1791332406963|1|1|-1
LdbcShortQuery5MessageCreator|1791332406964|1791332406964|1|1|-1
LdbcShortQuery6MessageForum|1791332406965|1791332406965|1|1|-1
LdbcShortQuery7MessageReplies|1791332406966|1791332406967|1|4|-1
LdbcQuery10|1791332406835|1791332406969|28|10|1347530986036
LdbcShortQuery4MessageContent|1791332406997|1791332406997|1|1|-1
LdbcShortQuery5MessageCreator|1791332406998|1791332407000|2|1|-1
LdbcShortQuery6MessageForum|1791332407002|1791332407014|2|1|-1
LdbcShortQuery7MessageReplies|1791332407016|1791332407016|3|5|-1
LdbcShortQuery1PersonProfile|1791332407019|1791332407019|2|1|-1
LdbcShortQuery2PersonPosts|1791332407021|1791332407021|4|10|-1
LdbcShortQuery3PersonFriends|1791332407025|1791332407027|2|10|-1
LdbcQuery12|1791332406835|1791332407030|82|1|1347530986036
LdbcShortQuery1PersonProfile|1791332407112|1791332407114|1|1|-1
LdbcShortQuery2PersonPosts|1791332407115|1791332407116|2|10|-1
LdbcShortQuery3PersonFriends|1791332407118|1791332407119|2|44|-1
LdbcShortQuery4MessageContent|1791332407121|1791332407130|1|1|-1
LdbcShortQuery5MessageCreator|1791332407131|1791332407132|1|1|-1
LdbcShortQuery6MessageForum|1791332407133|1791332407133|1|1|-1
LdbcShortQuery7MessageReplies|1791332407134|1791332407134|1|10|-1
LdbcShortQuery1PersonProfile|1791332407135|1791332407135|1|1|-1
LdbcShortQuery2PersonPosts|1791332407136|1791332407137|1|10|-1
LdbcShortQuery3PersonFriends|1791332407138|1791332407139|1|24|-1
LdbcQuery13|1791332406835|1791332407140|1|1|1347530986036
LdbcShortQuery4MessageContent|1791332407141|1791332407142|1|1|-1
LdbcShortQuery5MessageCreator|1791332407143|1791332407144|1|1|-1
LdbcShortQuery6MessageForum|1791332407145|1791332407148|1|1|-1
LdbcShortQuery7MessageReplies|1791332407149|1791332407149|1|0|-1
LdbcUpdate5AddForumMembership|1791332407136|1791332407149|5|0|1347530989048
LdbcShortQuery1PersonProfile|1791332407150|1791332407165|2|1|-1
LdbcShortQuery2PersonPosts|1791332407167|1791332407179|5|10|-1
LdbcShortQuery3PersonFriends|1791332407184|1791332407196|3|9|-1
LdbcShortQuery4MessageContent|1791332407199|1791332407199|1|1|-1
LdbcShortQuery5MessageCreator|1791332407200|1791332407202|2|1|-1
LdbcShortQuery6MessageForum|1791332407204|1791332407213|2|1|-1
LdbcShortQuery7MessageReplies|1791332407215|1791332407229|2|5|-1
LdbcQuery2|1791332406835|1791332407231|4|20|1347530986036
LdbcShortQuery1PersonProfile|1791332407235|1791332407235|1|1|-1
LdbcShortQuery2PersonPosts|1791332407236|1791332407237|1|10|-1
LdbcShortQuery3PersonFriends|1791332407238|1791332407239|1|13|-1
LdbcShortQuery4MessageContent|1791332407240|1791332407240|1|1|-1
LdbcShortQuery5MessageCreator|1791332407241|1791332407241|3|1|-1
LdbcShortQuery6MessageForum|1791332407244|1791332407254|2|1|-1
LdbcShortQuery7MessageReplies|1791332407256|1791332407270|5|0|-1
LdbcShortQuery1PersonProfile|1791332407275|1791332407275|3|1|-1
LdbcShortQuery2PersonPosts|1791332407278|1791332407278|7|10|-1
LdbcShortQuery3PersonFriends|1791332407285|1791332407285|4|21|-1
LdbcShortQuery4MessageContent|1791332407289|1791332407290|3|1|-1
LdbcShortQuery5MessageCreator|1791332407293|1791332407294|2|1|-1
LdbcShortQuery6MessageForum|1791332407296|1791332407296|2|1|-1
LdbcShortQuery7MessageReplies|1791332407298|1791332407299|2|0|-1
LdbcQuery4|1791332406835|1791332407301|3|3|1347530986036
LdbcShortQuery4MessageContent|1791332407304|1791332407306|1|1|-1
LdbcShortQuery5MessageCreator|1791332407307|1791332407307|2|1|-1
LdbcShortQuery6MessageForum|1791332407309|1791332407310|2|1|-1
LdbcShortQuery7MessageReplies|1791332407312|1791332407313|5|0|-1
LdbcShortQuery1PersonProfile|1791332407318|1791332407318|3|1|-1
LdbcShortQuery2PersonPosts|1791332407321|1791332407321|4|10|-1
LdbcShortQuery3PersonFriends|1791332407325|1791332407326|5|35|-1
LdbcShortQuery4MessageContent|1791332407331|1791332407331|3|1|-1
LdbcShortQuery5MessageCreator|1791332407334|1791332407341|1|1|-1
LdbcShortQuery6MessageForum|1791332407342|1791332407343|1|1|-1
LdbcShortQuery7MessageReplies|1791332407344|1791332407358|4|0|-1
LdbcShortQuery1PersonProfile|1791332407362|1791332407362|3|1|-1
LdbcShortQuery2PersonPosts|1791332407365|1791332407374|5|10|-1
LdbcShortQuery3PersonFriends|1791332407379|1791332407379|3|25|-1
LdbcQuery3|1791332406835|1791332407379|87|0|1347530986036
LdbcShortQuery1PersonProfile|1791332407466|1791332407471|1|1|-1
LdbcShortQuery2PersonPosts|1791332407472|1791332407473|1|10|-1
LdbcShortQuery3PersonFriends|1791332407474|1791332407474|1|6|-1
LdbcShortQuery4MessageContent|1791332407475|1791332407476|1|1|-1
LdbcShortQuery5MessageCreator|1791332407477|1791332407479|1|1|-1
LdbcShortQuery6MessageForum|1791332407480|1791332407494|1|1|-1
LdbcShortQuery7MessageReplies|1791332407495|1791332407495|0|4|-1
LdbcQuery1|1791332406835|1791332407496|1|4|1347530986036
LdbcShortQuery4MessageContent|1791332407497|1791332407497|0|1|-1
LdbcShortQuery5MessageCreator|1791332407497|1791332407497|0|1|-1
LdbcShortQuery6MessageForum|1791332407497|1791332407499|0|1|-1
LdbcShortQuery7MessageReplies|1791332407499|1791332407499|0|0|-1
LdbcShortQuery1PersonProfile|1791332407499|1791332407499|0|1|-1
LdbcShortQuery2PersonPosts|1791332407499|1791332407500|0|10|-1
LdbcShortQuery3PersonFriends|1791332407500|1791332407501|0|10|-1
LdbcShortQuery4MessageContent|1791332407501|1791332407501|0|1|-1
LdbcShortQuery5MessageCreator|1791332407501|1791332407502|0|1|-1
LdbcShortQuery6MessageForum|1791332407502|1791332407502|0|1|-1
LdbcShortQuery7MessageReplies|1791332407502|1791332407503|0|0|-1
LdbcQuery7|1791332406835|1791332407504|1|20|1347530986036
LdbcShortQuery1PersonProfile|1791332407505|1791332407505|0|1|-1
LdbcShortQuery2PersonPosts|1791332407505|1791332407506|1|10|-1
LdbcShortQuery3PersonFriends|1791332407507|1791332407508|3|20|-1
LdbcQuery14|1791332406835|1791332407511|2|7|1347530986036
LdbcShortQuery4MessageContent|1791332407513|1791332407513|2|1|-1
LdbcShortQuery5MessageCreator|1791332407515|1791332407517|2|1|-1
LdbcShortQuery6MessageForum|1791332407519|1791332407519|2|1|-1
LdbcShortQuery7MessageReplies|1791332407521|1791332407521|3|0|-1
LdbcShortQuery1PersonProfile|1791332407524|1791332407536|3|1|-1
LdbcShortQuery2PersonPosts|1791332407539|1791332407539|3|10|-1
LdbcShortQuery3PersonFriends|1791332407542|1791332407543|2|46|-1
LdbcQuery6|1791332406835|1791332407544|53|10|1347530986036
LdbcShortQuery1PersonProfile|1791332407597|1791332407599|2|1|-1
LdbcShortQuery2PersonPosts|1791332407601|1791332407601|4|10|-1
LdbcShortQuery3PersonFriends|1791332407605|1791332407606|4|23|-1
LdbcQuery8|1791332406835|1791332407611|9|20|1347530986036
LdbcShortQuery4MessageContent|1791332407620|1791332407620|6|1|-1
LdbcShortQuery5MessageCreator|1791332407626|1791332407626|2|1|-1
LdbcShortQuery6MessageForum|1791332407628|1791332407629|2|1|-1
LdbcShortQuery7MessageReplies|1791332407631|1791332407631|2|6|-1
LdbcShortQuery1PersonProfile|1791332407633|1791332407634|3|1|-1
LdbcShortQuery2PersonPosts|1791332407637|1791332407649|3|10|-1
LdbcShortQuery3PersonFriends|1791332407652|1791332407653|2|2|-1
LdbcShortQuery4MessageContent|1791332407655|1791332407665|2|1|-1
LdbcShortQuery5MessageCreator|1791332407667|1791332407668|2|1|-1
LdbcShortQuery6MessageForum|1791332407670|1791332407670|2|1|-1
LdbcShortQuery7MessageReplies|1791332407672|1791332407672|2|0|-1
LdbcShortQuery1PersonProfile|1791332407674|1791332407676|2|1|-1
LdbcShortQuery2PersonPosts|1791332407678|1791332407679|3|10|-1
LdbcShortQuery3PersonFriends|1791332407682|1791332407694|1|20|-1
LdbcQuery9|1791332406835|1791332407695|63|20|1347530986036
LdbcShortQuery1PersonProfile|1791332407758|1791332407759|2|1|-1
LdbcShortQuery2PersonPosts|1791332407761|1791332407761|2|10|-1
LdbcShortQuery3PersonFriends|1791332407763|1791332407763|1|6|-1
LdbcQuery8|1791332411695|1791332411709|8|20|1347531034643
LdbcShortQuery4MessageContent|1791332411717|1791332411717|1|1|-1
LdbcShortQuery5MessageCreator|1791332411718|1791332411719|1|1|-1
LdbcShortQuery6MessageForum|1791332411720|1791332411720|0|1|-1
LdbcShortQuery7MessageReplies|1791332411720|1791332411721|1|3|-1
LdbcShortQuery1PersonProfile|1791332411722|1791332411722|1|1|-1
LdbcShortQuery2PersonPosts|1791332411723|1791332411724|3|10|-1
LdbcShortQuery3PersonFriends|1791332411727|1791332411738|4|32|-1
LdbcShortQuery4MessageContent|1791332411742|1791332411742|3|1|-1
LdbcShortQuery5MessageCreator|1791332411745|1791332411745|3|1|-1
LdbcShortQuery6MessageForum|1791332411748|1791332411749|2|1|-1
LdbcShortQuery7MessageReplies|1791332411751|1791332411751|3|0|-1
LdbcQuery9|1791332411695|1791332411754|121|20|1347531034643
LdbcShortQuery1PersonProfile|1791332411875|1791332411875|4|1|-1
LdbcShortQuery2PersonPosts|1791332411879|1791332411879|7|10|-1
LdbcShortQuery3PersonFriends|1791332411886|1791332411899|6|52|-1
LdbcShortQuery4MessageContent|1791332411905|1791332411915|3|1|-1
LdbcShortQuery5MessageCreator|1791332411918|1791332411929|3|1|-1
LdbcShortQuery6MessageForum|1791332411932|1791332411945|2|1|-1
LdbcShortQuery7MessageReplies|1791332411947|1791332411947|2|5|-1
LdbcShortQuery1PersonProfile|1791332411949|1791332411950|2|1|-1
LdbcShortQuery2PersonPosts|1791332411952|1791332411952|2|10|-1
LdbcShortQuery3PersonFriends|1791332411954|1791332411955|2|42|-1
LdbcShortQuery4MessageContent|1791332411957|1791332411957|3|1|-1
LdbcShortQuery5MessageCreator|1791332411960|1791332411971|2|1|-1
LdbcShortQuery6MessageForum|1791332411973|1791332411973|3|1|-1
LdbcShortQuery7MessageReplies|1791332411976|1791332411976|2|4|-1
LdbcQuery4|1791332411695|1791332411979|4|3|1347531034643
LdbcShortQuery4MessageContent|1791332411983|1791332411983|2|1|-1
LdbcShortQuery5MessageCreator|1791332411985|1791332411987|2|1|-1
LdbcShortQuery6MessageForum|1791332411989|1791332411999|2|1|-1
LdbcShortQuery7MessageReplies|1791332412001|1791332412002|2|5|-1
LdbcShortQuery1PersonProfile|1791332412004|1791332412005|2|1|-1
LdbcShortQuery2PersonPosts|1791332412007|1791332412016|3|10|-1
LdbcShortQuery3PersonFriends|1791332412019|1791332412019|3|56|-1
LdbcShortQuery4MessageContent|1791332412022|1791332412023|2|1|-1
LdbcShortQuery5MessageCreator|1791332412025|1791332412026|2|1|-1
LdbcShortQuery6MessageForum|1791332412028|1791332412029|2|1|-1
LdbcShortQuery7MessageReplies|1791332412031|1791332412031|1|0|-1
LdbcQuery10|1791332411695|1791332412031|25|10|1347531034643
LdbcShortQuery1PersonProfile|1791332412056|1791332412058|1|1|-1
LdbcShortQuery2PersonPosts|1791332412059|1791332412059|1|10|-1
LdbcShortQuery3PersonFriends|1791332412060|1791332412062|2|17|-1
LdbcShortQuery4MessageContent|1791332412064|1791332412071|3|1|-1
LdbcShortQuery5MessageCreator|1791332412074|1791332412087|4|1|-1
LdbcShortQuery6MessageForum|1791332412091|1791332412091|2|1|-1
LdbcShortQuery7MessageReplies|1791332412093|1791332412094|3|0|-1
LdbcShortQuery1PersonProfile|1791332412097|1791332412099|3|1|-1
LdbcShortQuery2PersonPosts|1791332412102|1791332412102|2|10|-1
LdbcShortQuery3PersonFriends|1791332412104|1791332412104|7|189|-1
LdbcQuery11|1791332411695|1791332412113|9|0|1347531034643
LdbcShortQuery4MessageContent|1791332412122|1791332412122|2|1|-1
LdbcShortQuery5MessageCreator|1791332412124|1791332412125|2|1|-1
LdbcShortQuery6MessageForum|1791332412127|1791332412129|3|1|-1
LdbcShortQuery7MessageReplies|1791332412132|1791332412145|3|0|-1
LdbcShortQuery1PersonProfile|1791332412148|1791332412149|2|1|-1
LdbcShortQuery2PersonPosts|1791332412151|1791332412151|3|10|-1
LdbcShortQuery3PersonFriends|1791332412154|1791332412155|10|338|-1
LdbcQuery5|1791332411695|1791332412163|47|20|1347531034643
LdbcShortQuery1PersonProfile|1791332412210|1791332412213|1|1|-1
LdbcShortQuery2PersonPosts|1791332412214|1791332412215|2|10|-1
LdbcShortQuery3PersonFriends|1791332412217|1791332412217|2|24|-1
LdbcShortQuery4MessageContent|1791332412219|1791332412219|3|1|-1
LdbcShortQuery5MessageCreator|1791332412222|1791332412223|2|1|-1
LdbcShortQuery6MessageForum|1791332412225|1791332412225|2|1|-1
LdbcShortQuery7MessageReplies|1791332412227|1791332412228|2|3|-1
LdbcShortQuery1PersonProfile|1791332412230|1791332412236|1|1|-1
LdbcShortQuery2PersonPosts|1791332412237|1791332412249|1|10|-1
LdbcShortQuery3PersonFriends|1791332412250|1791332412264|8|109|-1
LdbcQuery2|1791332411695|1791332412273|11|20|1347531034643
LdbcShortQuery4MessageContent|1791332412284|1791332412285|2|1|-1
LdbcShortQuery5MessageCreator|1791332412287|1791332412287|4|1|-1
LdbcShortQuery6MessageForum|1791332412291|1791332412292|2|1|-1
LdbcShortQuery7MessageReplies|1791332412294|1791332412294|6|4|-1
LdbcShortQuery1PersonProfile|1791332412300|1791332412301|2|1|-1
LdbcShortQuery2PersonPosts|1791332412303|1791332412303|2|10|-1
LdbcShortQuery3PersonFriends|1791332412305|1791332412306|5|12|-1
LdbcShortQuery4MessageContent|1791332412311|1791332412312|1|1|-1
LdbcShortQuery5MessageCreator|1791332412313|1791332412313|1|1|-1
LdbcShortQuery6MessageForum|1791332412314|1791332412315|1|1|-1
LdbcShortQuery7MessageReplies|1791332412316|1791332412317|1|0|-1
LdbcQuery12|1791332411695|1791332412318|59|1|1347531034643
LdbcShortQuery1PersonProfile|1791332412377|1791332412383|3|1|-1
LdbcShortQuery2PersonPosts|1791332412386|1791332412386|1|10|-1
LdbcShortQuery3PersonFriends|1791332412387|1791332412389|2|65|-1
LdbcShortQuery4MessageContent|1791332412391|1791332412391|2|1|-1
LdbcShortQuery5MessageCreator|1791332412393|1791332412393|2|1|-1
LdbcShortQuery6MessageForum|1791332412395|1791332412396|1|1|-1
LdbcShortQuery7MessageReplies|1791332412397|1791332412399|2|4|-1
LdbcQuery13|1791332411695|1791332412401|2|1|1347531034643
LdbcShortQuery4MessageContent|1791332412403|1791332412403|1|1|-1
LdbcShortQuery5MessageCreator|1791332412404|1791332412419|3|1|-1
LdbcShortQuery6MessageForum|1791332412422|1791332412422|2|1|-1
LdbcShortQuery7MessageReplies|1791332412424|1791332412424|3|14|-1
LdbcShortQuery1PersonProfile|1791332412427|1791332412434|3|1|-1
LdbcShortQuery2PersonPosts|1791332412437|1791332412449|5|10|-1
LdbcShortQuery3PersonFriends|1791332412454|1791332412454|11|338|-1
LdbcShortQuery4MessageContent|1791332412465|1791332412477|6|1|-1
LdbcShortQuery5MessageCreator|1791332412483|1791332412489|4|1|-1
LdbcShortQuery6MessageForum|1791332412493|1791332412494|2|1|-1
LdbcShortQuery7MessageReplies|1791332412496|1791332412496|3|8|-1
LdbcShortQuery1PersonProfile|1791332412499|1791332412499|2|1|-1
LdbcShortQuery2PersonPosts|1791332412501|1791332412501|2|10|-1
LdbcShortQuery3PersonFriends|1791332412503|1791332412503|2|9|-1
LdbcQuery6|1791332411695|1791332412505|49|10|1347531034643
LdbcShortQuery1PersonProfile|1791332412554|1791332412556|3|1|-1
LdbcShortQuery2PersonPosts|1791332412559|1791332412560|2|10|-1
LdbcShortQuery3PersonFriends|1791332412562|1791332412563|1|4|-1
LdbcQuery7|1791332411695|1791332412564|3|20|1347531034643
LdbcShortQuery4MessageContent|1791332412567|1791332412583|2|1|-1
LdbcShortQuery5MessageCreator|1791332412585|1791332412587|2|1|-1
LdbcShortQuery6MessageForum|1791332412589|1791332412591|2|1|-1
LdbcShortQuery7MessageReplies|1791332412593|1791332412625|5|0|-1
LdbcQuery3|1791332411695|1791332412629|53|0|1347531034643
LdbcShortQuery1PersonProfile|1791332412682|1791332412683|1|1|-1
LdbcShortQuery2PersonPosts|1791332412684|1791332412709|2|10|-1
LdbcShortQuery3PersonFriends|1791332412711|1791332412712|1|3|-1
LdbcShortQuery4MessageContent|1791332412713|1791332412713|1|1|-1
LdbcShortQuery5MessageCreator|1791332412714|1791332412714|1|1|-1
LdbcShortQuery6MessageForum|1791332412715|1791332412715|0|1|-1
LdbcShortQuery7MessageReplies|1791332412715|1791332412715|0|0|-1
LdbcQuery1|1791332411695|1791332412716|1|2|1347531034643
LdbcShortQuery4MessageContent|1791332412717|1791332412717|0|1|-1
LdbcShortQuery5MessageCreator|1791332412717|1791332412719|0|1|-1
LdbcShortQuery6MessageForum|1791332412719|1791332412720|0|1|-1
LdbcShortQuery7MessageReplies|1791332412720|1791332412721|1|0|-1
LdbcShortQuery1PersonProfile|1791332412722|1791332412722|1|1|-1
LdbcShortQuery2PersonPosts|1791332412723|1791332412724|2|10|-1
LdbcShortQuery3PersonFriends|1791332412726|1791332412726|2|5|-1
LdbcShortQuery4MessageContent|1791332412728|1791332412739|1|1|-1
LdbcShortQuery5MessageCreator|1791332412740|1791332412741|2|1|-1
LdbcShortQuery6MessageForum|1791332412743|1791332412766|2|1|-1
LdbcShortQuery7MessageReplies|1791332412768|1791332412779|3|7|-1
LdbcQuery14|1791332411695|1791332412779|1|4|1347531034643
LdbcShortQuery1PersonProfile|1791332412780|1791332412783|1|1|-1
LdbcShortQuery2PersonPosts|1791332412784|1791332412797|3|10|-1
LdbcShortQuery3PersonFriends|1791332412800|1791332412801|2|91|-1
LdbcUpdate3AddCommentLike|1791332415706|1791332415708|7|0|1347531074742
LdbcQuery1|1791332416556|1791332416571|10|20|1347531083250
LdbcShortQuery4MessageContent|1791332416581|1791332416586|3|1|-1
LdbcShortQuery5MessageCreator|1791332416589|1791332416589|2|1|-1
LdbcShortQuery6MessageForum|1791332416591|1791332416593|3|1|-1
LdbcShortQuery7MessageReplies|1791332416596|1791332416596|3|0|-1
LdbcShortQuery1PersonProfile|1791332416599|1791332416600|2|1|-1
LdbcShortQuery2PersonPosts|1791332416602|1791332416602|4|10|-1
LdbcShortQuery3PersonFriends|1791332416606|1791332416607|3|20|-1
LdbcQuery14|1791332416556|1791332416611|3|1|1347531083250
LdbcShortQuery1PersonProfile|1791332416614|1791332416616|3|1|-1
LdbcShortQuery2PersonPosts|1791332416619|1791332416620|11|10|-1
LdbcShortQuery3PersonFriends|1791332416631|1791332416632|3|3|-1
LdbcShortQuery4MessageContent|1791332416635|1791332416636|2|1|-1
LdbcShortQuery5MessageCreator|1791332416638|1791332416645|2|1|-1
LdbcShortQuery6MessageForum|1791332416647|1791332416661|4|1|-1
LdbcShortQuery7MessageReplies|1791332416665|1791332416665|3|11|-1
LdbcQuery2|1791332416556|1791332416669|8|20|1347531083250
LdbcShortQuery4MessageContent|1791332416677|1791332416678|3|1|-1
LdbcShortQuery5MessageCreator|1791332416681|1791332416682|2|1|-1
LdbcShortQuery6MessageForum|1791332416684|1791332416684|2|1|-1
LdbcShortQuery7MessageReplies|1791332416686|1791332416693|3|6|-1
LdbcShortQuery1PersonProfile|1791332416696|1791332416706|4|1|-1
LdbcShortQuery2PersonPosts|1791332416710|1791332416711|3|10|-1
LdbcShortQuery3PersonFriends|1791332416714|1791332416719|2|1|-1
LdbcQuery4|1791332416556|1791332416719|4|3|1347531083250
LdbcShortQuery1PersonProfile|1791332416723|1791332416725|1|1|-1
LdbcShortQuery2PersonPosts|1791332416726|1791332416732|3|10|-1
LdbcShortQuery3PersonFriends|1791332416735|1791332416749|3|13|-1
LdbcShortQuery4MessageContent|1791332416752|1791332416763|4|1|-1
LdbcShortQuery5MessageCreator|1791332416767|1791332416767|2|1|-1
LdbcUpdate2AddPostLike|1791332416763|1791332416763|8|0|1347531085313
LdbcShortQuery6MessageForum|1791332416769|1791332416769|2|1|-1
LdbcShortQuery7MessageReplies|1791332416771|1791332416773|2|0|-1
LdbcShortQuery1PersonProfile|1791332416775|1791332416778|2|1|-1
LdbcShortQuery2PersonPosts|1791332416780|1791332416792|6|10|-1
LdbcShortQuery3PersonFriends|1791332416798|1791332416799|3|15|-1
LdbcShortQuery4MessageContent|1791332416802|1791332416806|2|1|-1
LdbcShortQuery5MessageCreator|1791332416808|1791332416809|1|1|-1
LdbcShortQuery6MessageForum|1791332416810|1791332416811|3|1|-1
LdbcShortQuery7MessageReplies|1791332416814|1791332416815|3|0|-1
LdbcShortQuery1PersonProfile|1791332416818|1791332416819|3|1|-1
LdbcShortQuery2PersonPosts|1791332416822|1791332416836|6|10|-1
LdbcShortQuery3PersonFriends|1791332416842|1791332416843|4|52|-1
LdbcQuery8|1791332416556|1791332416845|6|20|1347531083250
LdbcShortQuery4MessageContent|1791332416851|1791332416853|3|1|-1
LdbcShortQuery5MessageCreator|1791332416856|1791332416858|2|1|-1
LdbcShortQuery6MessageForum|1791332416860|1791332416861|3|1|-1
LdbcShortQuery7MessageReplies|1791332416864|1791332416875|4|0|-1
LdbcShortQuery1PersonProfile|1791332416879|1791332416879|3|1|-1
LdbcShortQuery2PersonPosts|1791332416882|1791332416882|3|10|-1
LdbcShortQuery3PersonFriends|1791332416885|1791332416886|3|28|-1
LdbcQuery9|1791332416556|1791332416889|110|20|1347531083250
LdbcShortQuery1PersonProfile|1791332416999|1791332417000|1|1|-1
LdbcShortQuery2PersonPosts|1791332417001|1791332417002|2|10|-1
LdbcShortQuery3PersonFriends|1791332417004|1791332417004|2|13|-1
LdbcQuery5|1791332416556|1791332417006|58|20|1347531083250
LdbcShortQuery4MessageContent|1791332417064|1791332417075|2|1|-1
LdbcShortQuery5MessageCreator|1791332417077|1791332417088|2|1|-1
LdbcShortQuery6MessageForum|1791332417090|1791332417090|1|1|-1
LdbcShortQuery7MessageReplies|1791332417091|1791332417092|1|2|-1
LdbcShortQuery1PersonProfile|1791332417093|1791332417094|1|1|-1
LdbcShortQuery2PersonPosts|1791332417095|1791332417095|1|10|-1
LdbcShortQuery3PersonFriends|1791332417096|1791332417097|1|9|-1
LdbcShortQuery4MessageContent|1791332417098|1791332417099|1|1|-1
LdbcShortQuery5MessageCreator|1791332417100|1791332417104|1|1|-1
LdbcShortQuery6MessageForum|1791332417105|1791332417116|2|1|-1
LdbcShortQuery7MessageReplies|1791332417118|1791332417129|2|4|-1
LdbcQuery10|1791332416556|1791332417131|10|10|1347531083250
LdbcShortQuery1PersonProfile|1791332417141|1791332417141|1|1|-1
LdbcShortQuery2PersonPosts|1791332417142|1791332417148|1|4|-1
LdbcShortQuery3PersonFriends|1791332417149|1791332417149|1|9|-1
LdbcShortQuery4MessageContent|1791332417150|1791332417150|1|1|-1
LdbcShortQuery5MessageCreator|1791332417151|1791332417159|2|1|-1
LdbcShortQuery6MessageForum|1791332417161|1791332417162|1|1|-1
LdbcShortQuery7MessageReplies|1791332417163|1791332417163|1|7|-1
LdbcShortQuery1PersonProfile|1791332417164|1791332417164|1|1|-1
LdbcShortQuery2PersonPosts|1791332417165|1791332417166|1|10|-1
LdbcShortQuery3PersonFriends|1791332417167|1791332417167|1|55|-1
LdbcQuery11|1791332416556|1791332417169|3|0|1347531083250
LdbcShortQuery4MessageContent|1791332417172|1791332417173|1|1|-1
LdbcShortQuery5MessageCreator|1791332417174|1791332417174|1|1|-1
LdbcShortQuery6MessageForum|1791332417175|1791332417176|1|1|-1
LdbcShortQuery7MessageReplies|1791332417177|1791332417186|2|0|-1
LdbcQuery3|1791332416556|1791332417186|43|0|1347531083250
LdbcShortQuery1PersonProfile|1791332417229|1791332417229|1|1|-1
LdbcShortQuery2PersonPosts|1791332417230|1791332417233|1|2|-1
LdbcShortQuery3PersonFriends|1791332417234|1791332417241|1|3|-1
LdbcQuery6|1791332416556|1791332417241|30|10|1347531083250
LdbcShortQuery4MessageContent|1791332417271|1791332417273|1|1|-1
LdbcShortQuery5MessageCreator|1791332417274|1791332417275|1|1|-1
LdbcShortQuery6MessageForum|1791332417276|1791332417278|1|1|-1
LdbcShortQuery7MessageReplies|1791332417279|1791332417279|1|0|-1
LdbcShortQuery1PersonProfile|1791332417280|1791332417280|1|1|-1
LdbcShortQuery2PersonPosts|1791332417281|1791332417283|1|10|-1
LdbcShortQuery3PersonFriends|1791332417284|1791332417294|1|8|-1
LdbcShortQuery4MessageContent|1791332417295|1791332417295|1|1|-1
LdbcShortQuery5MessageCreator|1791332417296|1791332417296|1|1|-1
LdbcShortQuery6MessageForum|1791332417297|1791332417297|1|1|-1
LdbcShortQuery7MessageReplies|1791332417298|1791332417299|1|5|-1
LdbcQuery12|1791332416556|1791332417300|44|3|1347531083250
LdbcShortQuery1PersonProfile|1791332417344|1791332417344|2|1|-1
LdbcShortQuery2PersonPosts|1791332417346|1791332417346|1|10|-1
LdbcShortQuery3PersonFriends|1791332417347|1791332417349|2|4|-1
LdbcQuery13|1791332416556|1791332417351|2|1|1347531083250
LdbcShortQuery4MessageContent|1791332417353|1791332417353|1|1|-1
LdbcShortQuery5MessageCreator|1791332417354|1791332417361|2|1|-1
LdbcShortQuery6MessageForum|1791332417363|1791332417363|1|1|-1
LdbcShortQuery7MessageReplies|1791332417364|1791332417378|2|6|-1
LdbcShortQuery1PersonProfile|1791332417380|1791332417380|2|1|-1
LdbcShortQuery2PersonPosts|1791332417382|1791332417382|2|10|-1
LdbcShortQuery3PersonFriends|1791332417384|1791332417394|5|269|-1
LdbcShortQuery4MessageContent|1791332417399|1791332417399|1|1|-1
LdbcShortQuery5MessageCreator|1791332417400|1791332417410|3|1|-1
LdbcShortQuery6MessageForum|1791332417413|1791332417413|3|1|-1
LdbcShortQuery7MessageReplies|1791332417416|1791332417417|2|1|-1
LdbcQuery7|1791332416556|1791332417420|3|20|1347531083250
LdbcShortQuery1PersonProfile|1791332417423|1791332417423|2|1|-1
LdbcShortQuery2PersonPosts|1791332417425|1791332417425|2|10|-1
LdbcShortQuery3PersonFriends|1791332417427|1791332417427|2|37|-1
LdbcShortQuery4MessageContent|1791332417429|1791332417429|1|1|-1
LdbcShortQuery5MessageCreator|1791332417430|1791332417431|1|1|-1
LdbcShortQuery6MessageForum|1791332417432|1791332417433|1|1|-1
LdbcShortQuery7MessageReplies|1791332417434|1791332417435|1|1|-1
LdbcShortQuery1PersonProfile|1791332417436|1791332417437|1|1|-1
LdbcShortQuery2PersonPosts|1791332417438|1791332417439|2|10|-1
LdbcShortQuery3PersonFriends|1791332417441|1791332417441|2|16|-1
LdbcShortQuery4MessageContent|1791332417443|1791332417443|1|1|-1
LdbcShortQuery5MessageCreator|1791332417444|1791332417445|1|1|-1
LdbcShortQuery6MessageForum|1791332417446|1791332417453|1|1|-1
LdbcShortQuery7MessageReplies|1791332417454|1791332417468|2|0|-1
LdbcShortQuery1PersonProfile|1791332417470|1791332417483|4|1|-1
LdbcShortQuery2PersonPosts|1791332417487|1791332417494|4|10|-1
LdbcShortQuery3PersonFriends|1791332417498|1791332417499|4|74|-1
LdbcUpdate3AddCommentLike|1791332420322|1791332420334|13|0|1347531120908
LdbcQuery13|1791332421417|1791332421419|5|1|1347531131857
LdbcShortQuery4MessageContent|1791332421424|1791332421425|2|1|-1
LdbcShortQuery5MessageCreator|1791332421427|1791332421428|2|1|-1
LdbcShortQuery6MessageForum|1791332421430|1791332421430|2|1|-1
LdbcShortQuery7MessageReplies|1791332421432|1791332421432|2|0|-1
LdbcShortQuery1PersonProfile|1791332421434|1791332421435|4|1|-1
LdbcShortQuery2PersonPosts|1791332421439|1791332421440|3|10|-1
LdbcShortQuery3PersonFriends|1791332421443|1791332421443|3|31|-1
LdbcShortQuery4MessageContent|1791332421446|1791332421446|2|1|-1
LdbcShortQuery5MessageCreator|1791332421448|1791332421449|2|1|-1
LdbcShortQuery6MessageForum|1791332421451|1791332421453|5|1|-1
LdbcShortQuery7MessageReplies|1791332421458|1791332421458|4|0|-1
LdbcShortQuery1PersonProfile|1791332421462|1791332421465|2|1|-1
LdbcShortQuery2PersonPosts|1791332421467|1791332421480|6|10|-1
LdbcShortQuery3PersonFriends|1791332421486|1791332421487|3|23|-1
LdbcShortQuery4MessageContent|1791332421490|1791332421490|2|1|-1
LdbcShortQuery5MessageCreator|1791332421492|1791332421492|2|1|-1
LdbcShortQuery6MessageForum|1791332421494|1791332421495|3|1|-1
LdbcShortQuery7MessageReplies|1791332421498|1791332421499|2|0|-1
LdbcQuery7|1791332421417|1791332421502|4|20|1347531131857
LdbcShortQuery1PersonProfile|1791332421506|1791332421507|2|1|-1
LdbcShortQuery2PersonPosts|1791332421509|1791332421509|2|10|-1
LdbcShortQuery3PersonFriends|1791332421511|1791332421511|2|18|-1
LdbcShortQuery4MessageContent|1791332421513|1791332421513|1|1|-1
LdbcShortQuery5MessageCreator|1791332421514|1791332421515|1|1|-1
LdbcShortQuery6MessageForum|1791332421516|1791332421516|1|1|-1
LdbcShortQuery7MessageReplies|1791332421517|1791332421523|2|3|-1
LdbcShortQuery1PersonProfile|1791332421525|1791332421526|2|1|-1
LdbcShortQuery2PersonPosts|1791332421528|1791332421528|2|10|-1
LdbcShortQuery3PersonFriends|1791332421530|1791332421531|2|10|-1
LdbcQuery5|1791332421417|1791332421534|54|20|1347531131857
LdbcShortQuery4MessageContent|1791332421588|1791332421588|1|1|-1
LdbcShortQuery5MessageCreator|1791332421589|1791332421589|1|1|-1
LdbcShortQuery6MessageForum|1791332421590|1791332421591|1|1|-1
LdbcShortQuery7MessageReplies|1791332421592|1791332421592|1|2|-1
LdbcShortQuery1PersonProfile|1791332421593|1791332421594|1|1|-1
LdbcShortQuery2PersonPosts|1791332421595|1791332421595|2|10|-1
LdbcShortQuery3PersonFriends|1791332421597|1791332421597|2|91|-1
LdbcQuery2|1791332421417|1791332421599|4|20|1347531131857
LdbcShortQuery1PersonProfile|1791332421603|1791332421603|1|1|-1
LdbcShortQuery2PersonPosts|1791332421604|1791332421604|1|10|-1
LdbcShortQuery3PersonFriends|1791332421605|1791332421606|2|70|-1
LdbcShortQuery4MessageContent|1791332421608|1791332421610|1|1|-1
LdbcShortQuery5MessageCreator|1791332421611|1791332421623|1|1|-1
LdbcShortQuery6MessageForum|1791332421624|1791332421635|1|1|-1
LdbcShortQuery7MessageReplies|1791332421636|1791332421651|1|7|-1
LdbcShortQuery1PersonProfile|1791332421652|1791332421666|1|1|-1
LdbcShortQuery2PersonPosts|1791332421667|1791332421668|2|10|-1
LdbcShortQuery3PersonFriends|1791332421670|1791332421681|3|70|-1
LdbcShortQuery4MessageContent|1791332421684|1791332421693|2|1|-1
LdbcShortQuery5MessageCreator|1791332421695|1791332421709|3|1|-1
LdbcShortQuery6MessageForum|1791332421712|1791332421724|2|1|-1
LdbcShortQuery7MessageReplies|1791332421726|1791332421736|2|4|-1
LdbcQuery1|1791332421417|1791332421739|4|2|1347531131857
LdbcShortQuery4MessageContent|1791332421743|1791332421748|1|1|-1
LdbcShortQuery5MessageCreator|1791332421749|1791332421749|1|1|-1
LdbcShortQuery6MessageForum|1791332421750|1791332421764|2|1|-1
LdbcShortQuery7MessageReplies|1791332421766|1791332421766|3|7|-1
LdbcShortQuery1PersonProfile|1791332421769|1791332421769|1|1|-1
LdbcShortQuery2PersonPosts|1791332421770|1791332421779|3|10|-1
LdbcShortQuery3PersonFriends|1791332421782|1791332421795|4|17|-1
LdbcQuery14|1791332421417|1791332421799|2|1|1347531131857
LdbcShortQuery1PersonProfile|1791332421801|1791332421801|2|1|-1
LdbcShortQuery2PersonPosts|1791332421803|1791332421803|3|10|-1
LdbcShortQuery3PersonFriends|1791332421806|1791332421807|3|85|-1
LdbcShortQuery4MessageContent|1791332421810|1791332421811|2|1|-1
LdbcShortQuery5MessageCreator|1791332421813|1791332421813|2|1|-1
LdbcShortQuery6MessageForum|1791332421815|1791332421815|2|1|-1
LdbcShortQuery7MessageReplies|1791332421817|1791332421819|2|6|-1
LdbcShortQuery1PersonProfile|1791332421821|1791332421821|2|1|-1
LdbcShortQuery2PersonPosts|1791332421823|1791332421825|1|3|-1
LdbcShortQuery3PersonFriends|1791332421826|1791332421826|2|2|-1
LdbcShortQuery4MessageContent|1791332421828|1791332421829|1|1|-1
LdbcShortQuery5MessageCreator|1791332421830|1791332421830|1|1|-1
LdbcShortQuery6MessageForum|1791332421831|1791332421831|1|1|-1
LdbcShortQuery7MessageReplies|1791332421832|1791332421832|2|8|-1
LdbcQuery9|1791332421417|1791332421835|109|20|1347531131857
LdbcShortQuery4MessageContent|1791332421944|1791332421948|2|1|-1
LdbcShortQuery5MessageCreator|1791332421950|1791332421961|3|1|-1
LdbcShortQuery6MessageForum|1791332421964|1791332421974|2|1|-1
LdbcShortQuery7MessageReplies|1791332421976|1791332421986|5|4|-1
LdbcShortQuery1PersonProfile|1791332421991|1791332421991|2|1|-1
LdbcShortQuery2PersonPosts|1791332421993|1791332421994|3|10|-1
LdbcShortQuery3PersonFriends|1791332421997|1791332421998|2|5|-1
LdbcShortQuery4MessageContent|1791332422000|1791332422011|1|1|-1
LdbcShortQuery5MessageCreator|1791332422012|1791332422023|4|1|-1
LdbcShortQuery6MessageForum|1791332422027|1791332422039|2|1|-1
LdbcShortQuery7MessageReplies|1791332422041|1791332422053|1|0|-1
LdbcShortQuery1PersonProfile|1791332422054|1791332422065|2|1|-1
LdbcShortQuery2PersonPosts|1791332422067|1791332422080|2|10|-1
LdbcShortQuery3PersonFriends|1791332422082|1791332422095|2|2|-1
LdbcQuery4|1791332421417|1791332422096|2|3|1347531131857
LdbcShortQuery1PersonProfile|1791332422098|1791332422099|1|1|-1
LdbcShortQuery2PersonPosts|1791332422100|1791332422107|7|10|-1
LdbcShortQuery3PersonFriends|1791332422114|1791332422114|1|9|-1
LdbcShortQuery4MessageContent|1791332422115|1791332422115|1|1|-1
LdbcShortQuery5MessageCreator|1791332422116|1791332422120|1|1|-1
LdbcShortQuery6MessageForum|1791332422121|1791332422121|2|1|-1
LdbcShortQuery7MessageReplies|1791332422123|1791332422123|1|0|-1
LdbcShortQuery1PersonProfile|1791332422124|1791332422125|1|1|-1
LdbcShortQuery2PersonPosts|1791332422126|1791332422127|1|10|-1
LdbcShortQuery3PersonFriends|1791332422128|1791332422139|3|88|-1
LdbcShortQuery4MessageContent|1791332422142|1791332422143|2|1|-1
LdbcShortQuery5MessageCreator|1791332422145|1791332422145|1|1|-1
LdbcShortQuery6MessageForum|1791332422146|1791332422146|1|1|-1
LdbcShortQuery7MessageReplies|1791332422147|1791332422147|1|0|-1
LdbcQuery8|1791332421417|1791332422149|2|20|1347531131857
LdbcShortQuery4MessageContent|1791332422151|1791332422151|1|1|-1
LdbcShortQuery5MessageCreator|1791332422152|1791332422153|0|1|-1
LdbcShortQuery6MessageForum|1791332422153|1791332422153|1|1|-1
LdbcShortQuery7MessageReplies|1791332422154|1791332422156|0|0|-1
LdbcShortQuery1PersonProfile|1791332422156|1791332422157|1|1|-1
LdbcShortQuery2PersonPosts|1791332422158|1791332422158|1|10|-1
LdbcShortQuery3PersonFriends|1791332422159|1791332422159|1|41|-1
LdbcShortQuery4MessageContent|1791332422160|1791332422160|0|1|-1
LdbcShortQuery5MessageCreator|1791332422160|1791332422161|0|1|-1
LdbcShortQuery6MessageForum|1791332422161|1791332422161|1|1|-1
LdbcShortQuery7MessageReplies|1791332422162|1791332422164|1|0|-1
LdbcQuery12|1791332421417|1791332422165|49|3|1347531131857
LdbcShortQuery1PersonProfile|1791332422214|1791332422215|1|1|-1
LdbcShortQuery2PersonPosts|1791332422216|1791332422216|1|10|-1
LdbcShortQuery3PersonFriends|1791332422217|1791332422219|2|17|-1
LdbcShortQuery4MessageContent|1791332422221|1791332422221|2|1|-1
LdbcShortQuery5MessageCreator|1791332422223|1791332422224|1|1|-1
LdbcShortQuery6MessageForum|1791332422225|1791332422225|0|1|-1
LdbcShortQuery7MessageReplies|1791332422225|1791332422226|1|0|-1
LdbcQuery3|1791332421417|1791332422227|54|0|1347531131857
LdbcShortQuery4MessageContent|1791332422281|1791332422286|2|1|-1
LdbcShortQuery5MessageCreator|1791332422288|1791332422289|1|1|-1
LdbcShortQuery6MessageForum|1791332422290|1791332422290|1|1|-1
LdbcShortQuery7MessageReplies|1791332422291|1791332422299|2|0|-1
LdbcShortQuery1PersonProfile|1791332422301|1791332422311|2|1|-1
LdbcShortQuery2PersonPosts|1791332422313|1791332422313|3|10|-1
LdbcShortQuery3PersonFriends|1791332422316|1791332422323|2|36|-1
LdbcQuery10|1791332421417|1791332422326|15|10|1347531131857
LdbcShortQuery1PersonProfile|1791332422341|1791332422356|4|1|-1
LdbcShortQuery2PersonPosts|1791332422360|1791332422360|4|10|-1
LdbcShortQuery3PersonFriends|1791332422364|1791332422364|3|46|-1
LdbcShortQuery4MessageContent|1791332422367|1791332422367|2|1|-1
LdbcShortQuery5MessageCreator|1791332422369|1791332422370|3|1|-1
LdbcShortQuery6MessageForum|1791332422373|1791332422373|2|1|-1
LdbcShortQuery7MessageReplies|1791332422375|1791332422384|1|0|-1
LdbcShortQuery1PersonProfile|1791332422385|1791332422399|1|1|-1
LdbcShortQuery2PersonPosts|1791332422400|1791332422400|1|10|-1
LdbcShortQuery3PersonFriends|1791332422401|1791332422401|0|10|-1
LdbcShortQuery4MessageContent|1791332422401|1791332422402|0|1|-1
LdbcShortQuery5MessageCreator|1791332422402|1791332422403|0|1|-1
LdbcShortQuery6MessageForum|1791332422403|1791332422403|0|1|-1
LdbcShortQuery7MessageReplies|1791332422403|1791332422404|1|0|-1
LdbcQuery11|1791332421417|1791332422406|2|0|1347531131857
LdbcShortQuery4MessageContent|1791332422408|1791332422415|1|1|-1
LdbcShortQuery5MessageCreator|1791332422416|1791332422426|1|1|-1
LdbcShortQuery6MessageForum|1791332422427|1791332422439|1|1|-1
LdbcShortQuery7MessageReplies|1791332422440|1791332422440|0|0|-1
LdbcShortQuery1PersonProfile|1791332422440|1791332422440|0|1|-1
LdbcShortQuery2PersonPosts|1791332422440|1791332422440|1|10|-1
LdbcShortQuery3PersonFriends|1791332422441|1791332422443|1|80|-1
LdbcShortQuery4MessageContent|1791332422444|1791332422451|1|1|-1
LdbcShortQuery5MessageCreator|1791332422452|1791332422464|3|1|-1
LdbcShortQuery6MessageForum|1791332422467|1791332422479|1|1|-1
LdbcShortQuery7MessageReplies|1791332422480|1791332422494|1|2|-1
LdbcQuery6|1791332421417|1791332422494|36|10|1347531131857
LdbcShortQuery1PersonProfile|1791332422530|1791332422531|2|1|-1
LdbcShortQuery2PersonPosts|1791332422533|1791332422533|3|10|-1
LdbcShortQuery3PersonFriends|1791332422536|1791332422537|1|44|-1
LdbcUpdate5AddForumMembership|1791332425544|1791332425544|8|0|1347531173124
LdbcQuery11|1791332426278|1791332426286|7|0|1347531180464
LdbcShortQuery4MessageContent|1791332426293|1791332426294|3|1|-1
LdbcShortQuery5MessageCreator|1791332426297|1791332426298|2|1|-1
LdbcShortQuery6MessageForum|1791332426300|1791332426311|8|1|-1
LdbcShortQuery7MessageReplies|1791332426319|1791332426319|2|0|-1
LdbcQuery6|1791332426278|1791332426322|77|10|1347531180464
LdbcShortQuery1PersonProfile|1791332426399|1791332426399|4|1|-1
LdbcShortQuery2PersonPosts|1791332426403|1791332426405|4|10|-1
LdbcShortQuery3PersonFriends|1791332426409|1791332426413|3|12|-1
LdbcShortQuery4MessageContent|1791332426416|1791332426428|3|1|-1
LdbcShortQuery5MessageCreator|1791332426431|1791332426431|2|1|-1
LdbcShortQuery6MessageForum|1791332426433|1791332426433|2|1|-1
LdbcShortQuery7MessageReplies|1791332426435|1791332426436|3|8|-1
LdbcShortQuery1PersonProfile|1791332426439|1791332426439|2|1|-1
LdbcShortQuery2PersonPosts|1791332426441|1791332426444|3|10|-1
LdbcShortQuery3PersonFriends|1791332426447|1791332426459|3|4|-1
LdbcShortQuery4MessageContent|1791332426462|1791332426475|3|1|-1
LdbcShortQuery5MessageCreator|1791332426478|1791332426478|2|1|-1
LdbcShortQuery6MessageForum|1791332426480|1791332426480|3|1|-1
LdbcShortQuery7MessageReplies|1791332426483|1791332426483|2|7|-1
LdbcQuery9|1791332426278|1791332426486|94|20|1347531180464
LdbcShortQuery4MessageContent|1791332426580|1791332426581|3|1|-1
LdbcShortQuery5MessageCreator|1791332426584|1791332426593|4|1|-1
LdbcShortQuery6MessageForum|1791332426597|1791332426598|2|1|-1
LdbcShortQuery7MessageReplies|1791332426600|1791332426601|2|0|-1
LdbcShortQuery1PersonProfile|1791332426603|1791332426603|2|1|-1
LdbcShortQuery2PersonPosts|1791332426605|1791332426606|8|10|-1
LdbcShortQuery3PersonFriends|1791332426614|1791332426615|2|38|-1
LdbcShortQuery4MessageContent|1791332426617|1791332426618|1|1|-1
LdbcShortQuery5MessageCreator|1791332426619|1791332426619|1|1|-1
LdbcShortQuery6MessageForum|1791332426620|1791332426621|2|1|-1
LdbcShortQuery7MessageReplies|1791332426623|1791332426624|1|0|-1
LdbcQuery5|1791332426278|1791332426625|74|20|1347531180464
LdbcShortQuery1PersonProfile|1791332426699|1791332426700|1|1|-1
LdbcShortQuery2PersonPosts|1791332426701|1791332426701|0|0|-1
LdbcShortQuery3PersonFriends|1791332426701|1791332426702|1|65|-1
LdbcShortQuery4MessageContent|1791332426703|1791332426704|2|1|-1
LdbcShortQuery5MessageCreator|1791332426706|1791332426706|2|1|-1
LdbcShortQuery6MessageForum|1791332426708|1791332426709|2|1|-1
LdbcShortQuery7MessageReplies|1791332426711|1791332426729|2|3|-1
LdbcShortQuery1PersonProfile|1791332426731|1791332426741|2|1|-1
LdbcShortQuery2PersonPosts|1791332426743|1791332426743|3|10|-1
LdbcShortQuery3PersonFriends|1791332426746|1791332426746|2|29|-1
LdbcQuery13|1791332426278|1791332426749|2|1|1347531180464
LdbcShortQuery4MessageContent|1791332426751|1791332426753|4|1|-1
LdbcShortQuery5MessageCreator|1791332426757|1791332426757|3|1|-1
LdbcShortQuery6MessageForum|1791332426760|1791332426761|2|1|-1
LdbcShortQuery7MessageReplies|1791332426763|1791332426769|27|0|-1
LdbcShortQuery1PersonProfile|1791332426796|1791332426796|7|1|-1
LdbcShortQuery2PersonPosts|1791332426803|1791332426803|2|10|-1
LdbcShortQuery3PersonFriends|1791332426805|1791332426806|2|88|-1
LdbcQuery7|1791332426278|1791332426809|3|20|1347531180464
LdbcShortQuery1PersonProfile|1791332426812|1791332426812|0|1|-1
LdbcShortQuery2PersonPosts|1791332426812|1791332426812|1|10|-1
LdbcShortQuery3PersonFriends|1791332426813|1791332426814|1|29|-1
LdbcShortQuery4MessageContent|1791332426815|1791332426816|1|1|-1
LdbcShortQuery5MessageCreator|1791332426817|1791332426826|1|1|-1
LdbcShortQuery6MessageForum|1791332426827|1791332426829|1|1|-1
LdbcShortQuery7MessageReplies|1791332426830|1791332426841|2|0|-1
LdbcQuery14|1791332426278|1791332426843|2|17|1347531180464
LdbcShortQuery4MessageContent|1791332426845|1791332426846|1|1|-1
LdbcShortQuery5MessageCreator|1791332426847|1791332426855|2|1|-1
LdbcShortQuery6MessageForum|1791332426857|1791332426871|2|1|-1
LdbcShortQuery7MessageReplies|1791332426873|1791332426874|3|0|-1
LdbcShortQuery1PersonProfile|1791332426877|1791332426885|2|1|-1
LdbcShortQuery2PersonPosts|1791332426887|1791332426901|2|10|-1
LdbcShortQuery3PersonFriends|1791332426903|1791332426904|2|67|-1
LdbcShortQuery4MessageContent|1791332426906|1791332426906|1|1|-1
LdbcShortQuery5MessageCreator|1791332426907|1791332426914|3|1|-1
LdbcShortQuery6MessageForum|1791332426917|1791332426929|2|1|-1
LdbcShortQuery7MessageReplies|1791332426931|1791332426932|2|0|-1
LdbcQuery2|1791332426278|1791332426934|8|20|1347531180464
LdbcShortQuery1PersonProfile|1791332426942|1791332426943|1|1|-1
LdbcShortQuery2PersonPosts|1791332426944|1791332426956|4|10|-1
LdbcShortQuery3PersonFriends|1791332426960|1791332426968|3|5|-1
LdbcShortQuery4MessageContent|1791332426971|1791332426985|2|1|-1
LdbcShortQuery5MessageCreator|1791332426987|1791332427001|2|1|-1
LdbcShortQuery6MessageForum|1791332427003|1791332427004|2|1|-1
LdbcShortQuery7MessageReplies|1791332427006|1791332427006|1|0|-1
LdbcShortQuery1PersonProfile|1791332427007|1791332427014|2|1|-1
LdbcShortQuery2PersonPosts|1791332427016|1791332427016|2|10|-1
LdbcShortQuery3PersonFriends|1791332427018|1791332427018|2|71|-1
LdbcQuery1|1791332426278|1791332427019|7|2|1347531180464
LdbcShortQuery4MessageContent|1791332427026|1791332427027|2|1|-1
LdbcShortQuery5MessageCreator|1791332427029|1791332427030|2|1|-1
LdbcShortQuery6MessageForum|1791332427032|1791332427032|2|1|-1
LdbcShortQuery7MessageReplies|1791332427034|1791332427035|1|0|-1
LdbcShortQuery1PersonProfile|1791332427036|1791332427036|2|1|-1
LdbcShortQuery2PersonPosts|1791332427038|1791332427039|2|10|-1
LdbcShortQuery3PersonFriends|1791332427041|1791332427041|1|32|-1
LdbcShortQuery4MessageContent|1791332427042|1791332427043|1|1|-1
LdbcShortQuery5MessageCreator|1791332427044|1791332427059|1|1|-1
LdbcShortQuery6MessageForum|1791332427060|1791332427060|1|1|-1
LdbcShortQuery7MessageReplies|1791332427061|1791332427077|4|2|-1
LdbcShortQuery1PersonProfile|1791332427081|1791332427081|4|1|-1
LdbcShortQuery2PersonPosts|1791332427085|1791332427093|3|6|-1
LdbcShortQuery3PersonFriends|1791332427096|1791332427096|4|47|-1
LdbcQuery10|1791332426278|1791332427100|53|10|1347531180464
LdbcShortQuery1PersonProfile|1791332427153|1791332427160|3|1|-1
LdbcShortQuery2PersonPosts|1791332427163|1791332427164|3|10|-1
LdbcShortQuery3PersonFriends|1791332427167|1791332427178|4|7|-1
LdbcShortQuery4MessageContent|1791332427182|1791332427193|4|1|-1
LdbcShortQuery5MessageCreator|1791332427197|1791332427197|2|1|-1
LdbcShortQuery6MessageForum|1791332427199|1791332427202|3|1|-1
LdbcShortQuery7MessageReplies|1791332427205|1791332427209|4|1|-1
LdbcShortQuery1PersonProfile|1791332427213|1791332427213|3|1|-1
LdbcShortQuery2PersonPosts|1791332427216|1791332427222|3|10|-1
LdbcShortQuery3PersonFriends|1791332427225|1791332427226|3|53|-1
LdbcShortQuery4MessageContent|1791332427229|1791332427229|2|1|-1
LdbcShortQuery5MessageCreator|1791332427231|1791332427231|2|1|-1
LdbcShortQuery6MessageForum|1791332427233|1791332427235|1|1|-1
LdbcShortQuery7MessageReplies|1791332427236|1791332427251|3|0|-1
LdbcShortQuery1PersonProfile|1791332427254|1791332427263|3|1|-1
LdbcShortQuery2PersonPosts|1791332427266|1791332427266|11|10|-1
LdbcShortQuery3PersonFriends|1791332427277|1791332427292|1|88|-1
LdbcQuery12|1791332426278|1791332427294|63|1|1347531180464
LdbcShortQuery4MessageContent|1791332427357|1791332427364|3|1|-1
LdbcShortQuery5MessageCreator|1791332427367|1791332427380|4|1|-1
LdbcShortQuery6MessageForum|1791332427384|1791332427384|3|1|-1
LdbcShortQuery7MessageReplies|1791332427387|1791332427388|2|0|-1
LdbcShortQuery1PersonProfile|1791332427390|1791332427391|2|1|-1
LdbcShortQuery2PersonPosts|1791332427393|1791332427393|5|10|-1
LdbcShortQuery3PersonFriends|1791332427398|1791332427409|4|7|-1
LdbcQuery4|1791332426278|1791332427413|4|10|1347531180464
LdbcShortQuery1PersonProfile|1791332427417|1791332427429|3|1|-1
LdbcShortQuery2PersonPosts|1791332427432|1791332427442|3|3|-1
LdbcShortQuery3PersonFriends|1791332427445|1791332427445|3|109|-1
LdbcShortQuery4MessageContent|1791332427448|1791332427449|2|1|-1
LdbcShortQuery5MessageCreator|1791332427451|1791332427459|3|1|-1
LdbcShortQuery6MessageForum|1791332427462|1791332427473|4|1|-1
LdbcShortQuery7MessageReplies|1791332427477|1791332427478|3|6|-1
LdbcShortQuery1PersonProfile|1791332427481|1791332427481|3|1|-1
LdbcShortQuery2PersonPosts|1791332427484|1791332427486|5|10|-1
LdbcShortQuery3PersonFriends|1791332427491|1791332427492|3|45|-1
LdbcQuery8|1791332426278|1791332427495|5|20|1347531180464
LdbcShortQuery4MessageContent|1791332427500|1791332427500|4|1|-1
LdbcShortQuery5MessageCreator|1791332427504|1791332427505|2|1|-1
LdbcShortQuery6MessageForum|1791332427507|1791332427513|3|1|-1
LdbcShortQuery7MessageReplies|1791332427516|1791332427526|5|2|-1
LdbcShortQuery1PersonProfile|1791332427531|1791332427539|3|1|-1
LdbcShortQuery2PersonPosts|1791332427542|1791332427543|3|10|-1
LdbcShortQuery3PersonFriends|1791332427546|1791332427546|2|52|-1
LdbcShortQuery4MessageContent|1791332427548|1791332427549|2|1|-1
LdbcShortQuery5MessageCreator|1791332427551|1791332427551|4|1|-1
LdbcShortQuery6MessageForum|1791332427555|1791332427556|3|1|-1
LdbcShortQuery7MessageReplies|1791332427559|1791332427559|2|0|-1
LdbcQuery3|1791332426278|1791332427562|144|0|1347531180464
LdbcShortQuery1PersonProfile|1791332427706|1791332427712|2|1|-1
LdbcShortQuery2PersonPosts|1791332427714|1791332427729|5|10|-1
LdbcShortQuery3PersonFriends|1791332427734|1791332427743|12|16|-1
LdbcShortQuery4MessageContent|1791332427755|1791332427755|2|1|-1
LdbcShortQuery5MessageCreator|1791332427757|1791332427764|3|1|-1
LdbcShortQuery6MessageForum|1791332427767|1791332427771|3|1|-1
LdbcShortQuery7MessageReplies|1791332427774|1791332427775|3|0|-1
LdbcShortQuery1PersonProfile|1791332427778|1791332427786|3|1|-1
LdbcShortQuery2PersonPosts|1791332427789|1791332427789|3|2|-1
LdbcShortQuery3PersonFriends|1791332427792|1791332427792|2|17|-1
LdbcShortQuery4MessageContent|1791332427794|1791332427795|2|1|-1
LdbcShortQuery5MessageCreator|1791332427797|1791332427798|2|1|-1
LdbcShortQuery6MessageForum|1791332427800|1791332427801|3|1|-1
LdbcShortQuery7MessageReplies|1791332427804|1791332427804|2|0|-1
LdbcQuery8|1791332431138|1791332431139|7|20|1347531229071
LdbcShortQuery4MessageContent|1791332431146|1791332431146|3|1|-1
LdbcShortQuery5MessageCreator|1791332431149|1791332431150|2|1|-1
LdbcShortQuery6MessageForum|1791332431152|1791332431154|3|1|-1
LdbcShortQuery7MessageReplies|1791332431157|1791332431158|3|6|-1
LdbcShortQuery1PersonProfile|1791332431161|1791332431161|3|1|-1
LdbcShortQuery2PersonPosts|1791332431164|1791332431169|4|10|-1
LdbcShortQuery3PersonFriends|1791332431173|1791332431173|3|13|-1
LdbcShortQuery4MessageContent|1791332431176|1791332431177|2|1|-1
LdbcShortQuery5MessageCreator|1791332431179|1791332431179|4|1|-1
LdbcShortQuery6MessageForum|1791332431183|1791332431196|5|1|-1
LdbcShortQuery7MessageReplies|1791332431201|1791332431201|3|5|-1
LdbcShortQuery1PersonProfile|1791332431204|1791332431204|2|1|-1
LdbcShortQuery2PersonPosts|1791332431206|1791332431207|3|10|-1
LdbcShortQuery3PersonFriends|1791332431210|1791332431210|2|4|-1
LdbcShortQuery4MessageContent|1791332431212|1791332431213|1|1|-1
LdbcShortQuery5MessageCreator|1791332431214|1791332431216|2|1|-1
LdbcShortQuery6MessageForum|1791332431218|1791332431219|3|1|-1
LdbcShortQuery7MessageReplies|1791332431222|1791332431222|2|3|-1
LdbcQuery3|1791332431138|1791332431223|56|0|1347531229071
LdbcShortQuery1PersonProfile|1791332431279|1791332431281|3|1|-1
LdbcShortQuery2PersonPosts|1791332431284|1791332431284|2|10|-1
LdbcShortQuery3PersonFriends|1791332431286|1791332431287|2|60|-1
LdbcQuery14|1791332431138|1791332431289|2|8|1347531229071
LdbcShortQuery4MessageContent|1791332431291|1791332431298|2|1|-1
LdbcShortQuery5MessageCreator|1791332431300|1791332431311|1|1|-1
LdbcShortQuery6MessageForum|1791332431312|1791332431323|4|1|-1
LdbcShortQuery7MessageReplies|1791332431327|1791332431335|4|0|-1
LdbcQuery9|1791332431138|1791332431340|107|20|1347531229071
LdbcShortQuery1PersonProfile|1791332431447|1791332431447|1|1|-1
LdbcShortQuery2PersonPosts|1791332431448|1791332431449|1|10|-1
LdbcShortQuery3PersonFriends|1791332431450|1791332431451|3|67|-1
LdbcShortQuery4MessageContent|1791332431454|1791332431454|1|1|-1
LdbcShortQuery5MessageCreator|1791332431455|1791332431455|1|1|-1
LdbcShortQuery6MessageForum|1791332431456|1791332431470|4|1|-1
LdbcShortQuery7MessageReplies|1791332431474|1791332431474|1|0|-1
LdbcQuery11|1791332431138|1791332431476|5|0|1347531229071
LdbcShortQuery4MessageContent|1791332431481|1791332431481|1|1|-1
LdbcShortQuery5MessageCreator|1791332431482|1791332431486|2|1|-1
LdbcShortQuery6MessageForum|1791332431488|1791332431488|2|1|-1
LdbcShortQuery7MessageReplies|1791332431490|1791332431490|2|4|-1
LdbcShortQuery1PersonProfile|1791332431492|1791332431493|1|1|-1
LdbcShortQuery2PersonPosts|1791332431494|1791332431500|5|10|-1
LdbcShortQuery3PersonFriends|1791332431505|1791332431505|2|230|-1
LdbcQuery6|1791332431138|1791332431507|47|10|1347531229071
LdbcShortQuery1PersonProfile|1791332431554|1791332431555|2|1|-1
LdbcShortQuery2PersonPosts|1791332431557|1791332431558|2|10|-1
LdbcShortQuery3PersonFriends|1791332431560|1791332431573|4|69|-1
LdbcQuery7|1791332431138|1791332431577|4|20|1347531229071
LdbcShortQuery4MessageContent|1791332431581|1791332431581|2|1|-1
LdbcShortQuery5MessageCreator|1791332431583|1791332431584|1|1|-1
LdbcShortQuery6MessageForum|1791332431585|1791332431585|3|1|-1
LdbcShortQuery7MessageReplies|1791332431588|1791332431589|3|1|-1
LdbcShortQuery1PersonProfile|1791332431592|1791332431604|5|1|-1
LdbcShortQuery2PersonPosts|1791332431609|1791332431609|3|10|-1
LdbcShortQuery3PersonFriends|1791332431612|1791332431612|3|32|-1
LdbcQuery5|1791332431138|1791332431612|67|20|1347531229071
LdbcShortQuery1PersonProfile|1791332431679|1791332431684|1|1|-1
LdbcShortQuery2PersonPosts|1791332431685|1791332431685|2|10|-1
LdbcShortQuery3PersonFriends|1791332431687|1791332431688|1|23|-1
LdbcShortQuery4MessageContent|1791332431689|1791332431689|1|1|-1
LdbcShortQuery5MessageCreator|1791332431690|1791332431690|1|1|-1
LdbcShortQuery6MessageForum|1791332431691|1791332431691|0|1|-1
LdbcShortQuery7MessageReplies|1791332431691|1791332431692|1|0|-1
LdbcShortQuery1PersonProfile|1791332431693|1791332431694|1|1|-1
LdbcShortQuery2PersonPosts|1791332431695|1791332431710|3|10|-1
LdbcShortQuery3PersonFriends|1791332431713|1791332431713|2|3|-1
LdbcQuery13|1791332431138|1791332431714|2|1|1347531229071
LdbcShortQuery4MessageContent|1791332431716|1791332431719|1|1|-1
LdbcShortQuery5MessageCreator|1791332431720|1791332431721|1|1|-1
LdbcShortQuery6MessageForum|1791332431722|1791332431723|1|1|-1
LdbcShortQuery7MessageReplies|1791332431724|1791332431725|1|6|-1
LdbcQuery4|1791332431138|1791332431726|3|2|1347531229071
LdbcShortQuery1PersonProfile|1791332431729|1791332431729|1|1|-1
LdbcShortQuery2PersonPosts|1791332431730|1791332431731|1|10|-1
LdbcShortQuery3PersonFriends|1791332431732|1791332431733|1|43|-1
LdbcShortQuery4MessageContent|1791332431734|1791332431739|1|1|-1
LdbcShortQuery5MessageCreator|1791332431740|1791332431740|2|1|-1
LdbcShortQuery6MessageForum|1791332431742|1791332431742|1|1|-1
LdbcShortQuery7MessageReplies|1791332431743|1791332431753|1|0|-1
LdbcShortQuery1PersonProfile|1791332431754|1791332431755|1|1|-1
LdbcShortQuery2PersonPosts|1791332431756|1791332431756|2|10|-1
LdbcShortQuery3PersonFriends|1791332431758|1791332431759|1|7|-1
LdbcShortQuery4MessageContent|1791332431760|1791332431761|1|1|-1
LdbcShortQuery5MessageCreator|1791332431762|1791332431769|1|1|-1
LdbcShortQuery6MessageForum|1791332431770|1791332431770|1|1|-1
LdbcShortQuery7MessageReplies|1791332431771|1791332431783|2|0|-1
LdbcQuery10|1791332431138|1791332431783|9|10|1347531229071
LdbcShortQuery4MessageContent|1791332431792|1791332431795|1|1|-1
LdbcShortQuery5MessageCreator|1791332431796|1791332431796|0|1|-1
LdbcShortQuery6MessageForum|1791332431796|1791332431797|0|1|-1
LdbcShortQuery7MessageReplies|1791332431797|1791332431798|1|4|-1
LdbcQuery2|1791332431138|1791332431799|4|20|1347531229071
LdbcShortQuery1PersonProfile|1791332431803|1791332431805|1|1|-1
LdbcShortQuery2PersonPosts|1791332431806|1791332431806|1|10|-1
LdbcShortQuery3PersonFriends|1791332431807|1791332431814|1|9|-1
LdbcQuery1|1791332431138|1791332431814|1|2|1347531229071
LdbcShortQuery4MessageContent|1791332431815|1791332431816|0|1|-1
LdbcShortQuery5MessageCreator|1791332431816|1791332431816|1|1|-1
LdbcShortQuery6MessageForum|1791332431817|1791332431819|0|1|-1
LdbcShortQuery7MessageReplies|1791332431819|1791332431819|0|0|-1
LdbcShortQuery1PersonProfile|1791332431819|1791332431821|1|1|-1
LdbcShortQuery2PersonPosts|1791332431822|1791332431825|1|10|-1
LdbcShortQuery3PersonFriends|1791332431826|1791332431827|1|13|-1
LdbcShortQuery4MessageContent|1791332431828|1791332431829|1|1|-1
LdbcShortQuery5MessageCreator|1791332431830|1791332431838|1|1|-1
LdbcShortQuery6MessageForum|1791332431839|1791332431839|1|1|-1
LdbcShortQuery7MessageReplies|1791332431840|1791332431841|1|10|-1
LdbcQuery12|1791332431138|1791332431841|49|2|1347531229071
LdbcShortQuery1PersonProfile|1791332431890|1791332431892|1|1|-1
LdbcShortQuery2PersonPosts|1791332431893|1791332431894|1|10|-1
LdbcShortQuery3PersonFriends|1791332431895|1791332431895|1|13|-1
LdbcShortQuery4MessageContent|1791332431896|1791332431897|1|1|-1
LdbcShortQuery5MessageCreator|1791332431898|1791332431898|0|1|-1
LdbcShortQuery6MessageForum|1791332431898|1791332431899|1|1|-1
LdbcShortQuery7MessageReplies|1791332431900|1791332431901|1|0|-1
LdbcShortQuery1PersonProfile|1791332431902|1791332431903|1|1|-1
LdbcShortQuery2PersonPosts|1791332431904|1791332431904|1|1|-1
LdbcShortQuery3PersonFriends|1791332431905|1791332431905|1|1|-1
LdbcQuery1|1791332435999|1791332436007|5|5|1347531277678
LdbcShortQuery4MessageContent|1791332436012|1791332436013|2|1|-1
LdbcShortQuery5MessageCreator|1791332436015|1791332436016|2|1|-1
LdbcShortQuery6MessageForum|1791332436018|1791332436020|2|1|-1
LdbcShortQuery7MessageReplies|1791332436022|1791332436022|2|2|-1
LdbcShortQuery1PersonProfile|1791332436024|1791332436025|2|1|-1
LdbcShortQuery2PersonPosts|1791332436027|1791332436033|5|10|-1
LdbcShortQuery3PersonFriends|1791332436038|1791332436038|3|22|-1
LdbcShortQuery4MessageContent|1791332436041|1791332436042|3|1|-1
LdbcShortQuery5MessageCreator|1791332436045|1791332436046|3|1|-1
LdbcShortQuery6MessageForum|1791332436049|1791332436049|2|1|-1
LdbcShortQuery7MessageReplies|1791332436051|1791332436051|3|10|-1
LdbcQuery12|1791332435999|1791332436054|94|1|1347531277678
LdbcShortQuery1PersonProfile|1791332436148|1791332436149|1|1|-1
LdbcShortQuery2PersonPosts|1791332436150|1791332436161|3|10|-1
LdbcShortQuery3PersonFriends|1791332436164|1791332436174|4|63|-1
LdbcShortQuery4MessageContent|1791332436178|1791332436178|2|1|-1
LdbcShortQuery5MessageCreator|1791332436180|1791332436187|2|1|-1
LdbcShortQuery6MessageForum|1791332436189|1791332436189|3|1|-1
LdbcShortQuery7MessageReplies|1791332436192|1791332436193|3|4|-1
LdbcShortQuery1PersonProfile|1791332436196|1791332436196|2|1|-1
LdbcShortQuery2PersonPosts|1791332436198|1791332436199|5|10|-1
LdbcShortQuery3PersonFriends|1791332436204|1791332436213|4|75|-1
LdbcQuery7|1791332435999|1791332436218|7|20|1347531277678
LdbcShortQuery4MessageContent|1791332436225|1791332436230|4|1|-1
LdbcShortQuery5MessageCreator|1791332436234|1791332436234|3|1|-1
LdbcShortQuery6MessageForum|1791332436237|1791332436238|2|1|-1
LdbcShortQuery7MessageReplies|1791332436240|1791332436240|2|0|-1
LdbcShortQuery1PersonProfile|1791332436242|1791332436243|2|1|-1
LdbcShortQuery2PersonPosts|1791332436245|1791332436246|3|10|-1
LdbcShortQuery3PersonFriends|1791332436249|1791332436250|3|34|-1
LdbcShortQuery4MessageContent|1791332436253|1791332436254|2|1|-1
LdbcShortQuery5MessageCreator|1791332436256|1791332436256|2|1|-1
LdbcShortQuery6MessageForum|1791332436258|1791332436260|3|1|-1
LdbcShortQuery7MessageReplies|1791332436263|1791332436263|2|7|-1
LdbcShortQuery1PersonProfile|1791332436265|1791332436265|2|1|-1
LdbcShortQuery2PersonPosts|1791332436267|1791332436267|3|10|-1
LdbcShortQuery3PersonFriends|1791332436270|1791332436271|4|67|-1
LdbcQuery14|1791332435999|1791332436274|5|10|1347531277678
LdbcShortQuery1PersonProfile|1791332436279|1791332436280|2|1|-1
LdbcShortQuery2PersonPosts|1791332436282|1791332436283|2|1|-1
LdbcShortQuery3PersonFriends|1791332436285|1791332436286|2|10|-1
LdbcShortQuery4MessageContent|1791332436288|1791332436289|2|1|-1
LdbcShortQuery5MessageCreator|1791332436291|1791332436302|3|1|-1
LdbcShortQuery6MessageForum|1791332436305|1791332436306|2|1|-1
LdbcShortQuery7MessageReplies|1791332436308|1791332436309|2|0|-1
LdbcQuery8|1791332435999|1791332436311|4|20|1347531277678
LdbcShortQuery4MessageContent|1791332436315|1791332436316|2|1|-1
LdbcShortQuery5MessageCreator|1791332436318|1791332436319|3|1|-1
LdbcShortQuery6MessageForum|1791332436322|1791332436333|2|1|-1
LdbcShortQuery7MessageReplies|1791332436335|1791332436349|4|2|-1
LdbcShortQuery1PersonProfile|1791332436353|1791332436353|2|1|-1
LdbcShortQuery2PersonPosts|1791332436355|1791332436356|2|10|-1
LdbcShortQuery3PersonFriends|1791332436358|1791332436359|2|4|-1
LdbcShortQuery4MessageContent|1791332436361|1791332436361|1|1|-1
LdbcShortQuery5MessageCreator|1791332436362|1791332436363|2|1|-1
LdbcShortQuery6MessageForum|1791332436365|1791332436365|3|1|-1
LdbcShortQuery7MessageReplies|1791332436368|1791332436368|2|0|-1
LdbcShortQuery1PersonProfile|1791332436370|1791332436371|2|1|-1
LdbcShortQuery2PersonPosts|1791332436373|1791332436374|2|10|-1
LdbcShortQuery3PersonFriends|1791332436376|1791332436376|4|74|-1
LdbcQuery3|1791332435999|1791332436381|66|0|1347531277678
LdbcShortQuery1PersonProfile|1791332436447|1791332436449|3|1|-1
LdbcShortQuery2PersonPosts|1791332436452|1791332436465|4|10|-1
LdbcShortQuery3PersonFriends|1791332436469|1791332436470|3|72|-1
LdbcShortQuery4MessageContent|1791332436473|1791332436479|4|1|-1
LdbcShortQuery5MessageCreator|1791332436483|1791332436494|4|1|-1
LdbcShortQuery6MessageForum|1791332436498|1791332436499|4|1|-1
LdbcShortQuery7MessageReplies|1791332436503|1791332436504|3|7|-1
LdbcQuery6|1791332435999|1791332436504|59|10|1347531277678
LdbcShortQuery4MessageContent|1791332436563|1791332436566|1|1|-1
LdbcShortQuery5MessageCreator|1791332436567|1791332436568|1|1|-1
LdbcShortQuery6MessageForum|1791332436569|1791332436570|1|1|-1
LdbcShortQuery7MessageReplies|1791332436571|1791332436571|1|0|-1
LdbcShortQuery1PersonProfile|1791332436572|1791332436579|3|1|-1
LdbcShortQuery2PersonPosts|1791332436582|1791332436595|4|10|-1
LdbcShortQuery3PersonFriends|1791332436599|1791332436599|4|59|-1
LdbcShortQuery4MessageContent|1791332436603|1791332436603|2|1|-1
LdbcShortQuery5MessageCreator|1791332436605|1791332436609|4|1|-1
LdbcShortQuery6MessageForum|1791332436613|1791332436624|3|1|-1
LdbcShortQuery7MessageReplies|1791332436627|1791332436628|3|6|-1
LdbcQuery9|1791332435999|1791332436630|82|20|1347531277678
LdbcShortQuery1PersonProfile|1791332436712|1791332436713|1|1|-1
LdbcShortQuery2PersonPosts|1791332436714|1791332436715|1|10|-1
LdbcShortQuery3PersonFriends|1791332436716|1791332436716|2|149|-1
LdbcShortQuery4MessageContent|1791332436718|1791332436718|2|1|-1
LdbcShortQuery5MessageCreator|1791332436720|1791332436721|2|1|-1
LdbcShortQuery6MessageForum|1791332436723|1791332436723|1|1|-1
LdbcShortQuery7MessageReplies|1791332436724|1791332436725|1|0|-1
LdbcShortQuery1PersonProfile|1791332436726|1791332436726|1|1|-1
LdbcShortQuery2PersonPosts|1791332436727|1791332436727|1|10|-1
LdbcShortQuery3PersonFriends|1791332436728|1791332436729|1|17|-1
LdbcShortQuery4MessageContent|1791332436730|1791332436730|0|1|-1
LdbcShortQuery5MessageCreator|1791332436730|1791332436731|0|1|-1
LdbcShortQuery6MessageForum|1791332436731|1791332436732|1|1|-1
LdbcShortQuery7MessageReplies|1791332436733|1791332436733|0|0|-1
LdbcQuery11|1791332435999|1791332436734|5|0|1347531277678
LdbcShortQuery4MessageContent|1791332436739|1791332436739|0|1|-1
LdbcShortQuery5MessageCreator|1791332436739|1791332436739|1|1|-1
LdbcShortQuery6MessageForum|1791332436740|1791332436741|0|1|-1
LdbcShortQuery7MessageReplies|1791332436741|1791332436741|0|0|-1
LdbcShortQuery1PersonProfile|1791332436741|1791332436741|0|1|-1
LdbcShortQuery2PersonPosts|1791332436741|1791332436741|1|10|-1
LdbcShortQuery3PersonFriends|1791332436742|1791332436745|1|14|-1
LdbcShortQuery4MessageContent|1791332436746|1791332436746|0|1|-1
LdbcShortQuery5MessageCreator|1791332436746|1791332436746|0|1|-1
LdbcShortQuery6MessageForum|1791332436746|1791332436746|1|1|-1
LdbcShortQuery7MessageReplies|1791332436747|1791332436749|2|5|-1
LdbcQuery2|1791332435999|1791332436749|4|20|1347531277678
LdbcShortQuery1PersonProfile|1791332436753|1791332436754|1|1|-1
LdbcShortQuery2PersonPosts|1791332436755|1791332436758|2|10|-1
LdbcShortQuery3PersonFriends|1791332436760|1791332436762|2|23|-1
LdbcShortQuery4MessageContent|1791332436764|1791332436764|2|1|-1
LdbcShortQuery5MessageCreator|1791332436766|1791332436767|2|1|-1
LdbcShortQuery6MessageForum|1791332436769|1791332436769|2|1|-1
LdbcShortQuery7MessageReplies|1791332436771|1791332436771|2|1|-1
LdbcShortQuery1PersonProfile|1791332436773|1791332436775|2|1|-1
LdbcShortQuery2PersonPosts|1791332436777|1791332436789|4|10|-1
LdbcShortQuery3PersonFriends|1791332436793|1791332436804|5|3|-1
LdbcQuery4|1791332435999|1791332436809|4|0|1347531277678
LdbcShortQuery4MessageContent|1791332436813|1791332436814|2|1|-1
LdbcShortQuery5MessageCreator|1791332436816|1791332436816|5|1|-1
LdbcShortQuery6MessageForum|1791332436821|1791332436822|2|1|-1
LdbcShortQuery7MessageReplies|1791332436824|1791332436824|2|0|-1
LdbcShortQuery1PersonProfile|1791332436826|1791332436826|2|1|-1
LdbcShortQuery2PersonPosts|1791332436828|1791332436829|3|2|-1
LdbcShortQuery3PersonFriends|1791332436832|1791332436845|4|70|-1
LdbcShortQuery4MessageContent|1791332436849|1791332436849|3|1|-1
LdbcShortQuery5MessageCreator|1791332436852|1791332436853|2|1|-1
LdbcShortQuery6MessageForum|1791332436855|1791332436859|3|1|-1
LdbcShortQuery7MessageReplies|1791332436862|1791332436862|3|2|-1
LdbcQuery5|1791332435999|1791332436864|23|0|1347531277678
LdbcShortQuery1PersonProfile|1791332436887|1791332436889|2|1|-1
LdbcShortQuery2PersonPosts|1791332436891|1791332436893|4|10|-1
LdbcShortQuery3PersonFriends|1791332436897|1791332436902|4|10|-1
LdbcShortQuery4MessageContent|1791332436906|1791332436914|3|1|-1
LdbcShortQuery5MessageCreator|1791332436917|1791332436929|3|1|-1
LdbcShortQuery6MessageForum|1791332436932|1791332436944|4|1|-1
LdbcShortQuery7MessageReplies|1791332436948|1791332436949|3|5|-1
LdbcQuery13|1791332435999|1791332436953|3|1|1347531277678
LdbcShortQuery4MessageContent|1791332436956|1791332436957|2|1|-1
LdbcShortQuery5MessageCreator|1791332436959|1791332436959|2|1|-1
LdbcShortQuery6MessageForum|1791332436961|1791332436962|3|1|-1
LdbcShortQuery7MessageReplies|1791332436965|1791332436974|2|0|-1
LdbcShortQuery1PersonProfile|1791332436976|1791332436976|2|1|-1
LdbcShortQuery2PersonPosts|1791332436978|1791332436978|16|10|-1
LdbcShortQuery3PersonFriends|1791332436994|1791332436999|5|43|-1
LdbcShortQuery4MessageContent|1791332437004|1791332437004|3|1|-1
LdbcShortQuery5MessageCreator|1791332437007|1791332437008|3|1|-1
LdbcShortQuery6MessageForum|1791332437011|1791332437013|3|1|-1
LdbcShortQuery7MessageReplies|1791332437016|1791332437016|2|0|-1
LdbcQuery10|1791332435999|1791332437019|17|10|1347531277678
LdbcShortQuery1PersonProfile|1791332437036|1791332437036|2|1|-1
LdbcShortQuery2PersonPosts|1791332437038|1791332437039|3|10|-1
LdbcShortQuery3PersonFriends|1791332437042|1791332437057|4|13|-1
LdbcShortQuery4MessageContent|1791332437061|1791332437062|2|1|-1
LdbcShortQuery5MessageCreator|1791332437064|1791332437065|2|1|-1
LdbcShortQuery6MessageForum|1791332437067|1791332437073|4|1|-1
LdbcShortQuery7MessageReplies|1791332437077|1791332437089|4|5|-1
LdbcShortQuery1PersonProfile|1791332437093|1791332437105|10|1|-1
LdbcShortQuery2PersonPosts|1791332437115|1791332437119|4|10|-1
LdbcShortQuery3PersonFriends|1791332437123|1791332437123|3|14|-1
LdbcQuery13|1791332440860|1791332440866|3|1|1347531326285
LdbcShortQuery4MessageContent|1791332440869|1791332440870|3|1|-1
LdbcShortQuery5MessageCreator|1791332440873|1791332440874|2|1|-1
LdbcShortQuery6MessageForum|1791332440876|1791332440877|2|1|-1
LdbcShortQuery7MessageReplies|1791332440879|1791332440879|3|0|-1
LdbcShortQuery1PersonProfile|1791332440882|1791332440882|2|1|-1
LdbcShortQuery2PersonPosts|1791332440884|1791332440886|3|10|-1
LdbcShortQuery3PersonFriends|1791332440889|1791332440889|3|38|-1
LdbcShortQuery4MessageContent|1791332440892|1791332440893|2|1|-1
LdbcShortQuery5MessageCreator|1791332440895|1791332440895|2|1|-1
LdbcShortQuery6MessageForum|1791332440897|1791332440911|3|1|-1
LdbcShortQuery7MessageReplies|1791332440914|1791332440915|6|0|-1
LdbcShortQuery1PersonProfile|1791332440921|1791332440921|2|1|-1
LdbcShortQuery2PersonPosts|1791332440923|1791332440923|4|10|-1
LdbcShortQuery3PersonFriends|1791332440927|1791332440927|5|67|-1
LdbcQuery10|1791332440860|1791332440933|16|10|1347531326285
LdbcShortQuery1PersonProfile|1791332440949|1791332440949|2|1|-1
LdbcShortQuery2PersonPosts|1791332440951|1791332440953|4|10|-1
LdbcShortQuery3PersonFriends|1791332440957|1791332440968|6|63|-1
LdbcShortQuery4MessageContent|1791332440974|1791332440975|4|1|-1
LdbcShortQuery5MessageCreator|1791332440979|1791332440979|3|1|-1
LdbcShortQuery6MessageForum|1791332440982|1791332440982|2|1|-1
LdbcShortQuery7MessageReplies|1791332440984|1791332440985|3|0|-1
LdbcShortQuery1PersonProfile|1791332440988|1791332440988|2|1|-1
LdbcShortQuery2PersonPosts|1791332440990|1791332440991|2|10|-1
LdbcShortQuery3PersonFriends|1791332440993|1791332440993|2|41|-1
LdbcQuery6|1791332440860|1791332440995|36|10|1347531326285
LdbcShortQuery4MessageContent|1791332441031|1791332441033|3|1|-1
LdbcShortQuery5MessageCreator|1791332441036|1791332441037|1|1|-1
LdbcShortQuery6MessageForum|1791332441038|1791332441039|1|1|-1
LdbcShortQuery7MessageReplies|1791332441040|1791332441040|0|0|-1
LdbcQuery7|1791332440860|1791332441041|2|20|1347531326285
LdbcShortQuery1PersonProfile|1791332441043|1791332441047|2|1|-1
LdbcShortQuery2PersonPosts|1791332441049|1791332441050|1|10|-1
LdbcShortQuery3PersonFriends|1791332441051|1791332441051|1|42|-1
LdbcShortQuery4MessageContent|1791332441052|1791332441053|1|1|-1
LdbcShortQuery5MessageCreator|1791332441054|1791332441061|1|1|-1
LdbcShortQuery6MessageForum|1791332441062|1791332441074|3|1|-1
LdbcShortQuery7MessageReplies|1791332441077|1791332441087|5|2|-1
LdbcQuery1|1791332440860|1791332441091|2|1|1347531326285
LdbcShortQuery4MessageContent|1791332441093|1791332441093|1|1|-1
LdbcShortQuery5MessageCreator|1791332441094|1791332441095|1|1|-1
LdbcShortQuery6MessageForum|1791332441096|1791332441099|1|1|-1
LdbcShortQuery7MessageReplies|1791332441100|1791332441111|2|7|-1
LdbcShortQuery1PersonProfile|1791332441113|1791332441125|2|1|-1
LdbcShortQuery2PersonPosts|1791332441127|1791332441140|4|10|-1
LdbcShortQuery3PersonFriends|1791332441144|1791332441144|2|14|-1
LdbcQuery12|1791332440860|1791332441147|80|1|1347531326285
LdbcShortQuery1PersonProfile|1791332441227|1791332441241|4|1|-1
LdbcShortQuery2PersonPosts|1791332441245|1791332441245|3|10|-1
LdbcShortQuery3PersonFriends|1791332441248|1791332441249|3|26|-1
LdbcShortQuery4MessageContent|1791332441252|1791332441252|1|1|-1
LdbcShortQuery5MessageCreator|1791332441253|1791332441253|1|1|-1
LdbcShortQuery6MessageForum|1791332441254|1791332441259|3|1|-1
LdbcShortQuery7MessageReplies|1791332441262|1791332441273|4|0|-1
LdbcShortQuery1PersonProfile|1791332441277|1791332441277|2|1|-1
LdbcShortQuery2PersonPosts|1791332441279|1791332441279|3|10|-1
LdbcShortQuery3PersonFriends|1791332441282|1791332441283|4|21|-1
LdbcQuery3|1791332440860|1791332441286|76|0|1347531326285
LdbcShortQuery4MessageContent|1791332441362|1791332441372|1|1|-1
LdbcShortQuery5MessageCreator|1791332441373|1791332441373|0|1|-1
LdbcShortQuery6MessageForum|1791332441373|1791332441375|0|1|-1
LdbcShortQuery7MessageReplies|1791332441375|1791332441375|0|0|-1
LdbcShortQuery1PersonProfile|1791332441375|1791332441376|0|1|-1
LdbcShortQuery2PersonPosts|1791332441376|1791332441377|0|10|-1
LdbcShortQuery3PersonFriends|1791332441377|1791332441377|0|45|-1
LdbcQuery14|1791332440860|1791332441378|1|5|1347531326285
LdbcShortQuery1PersonProfile|1791332441379|1791332441379|0|1|-1
LdbcShortQuery2PersonPosts|1791332441379|1791332441379|0|10|-1
LdbcShortQuery3PersonFriends|1791332441379|1791332441380|0|8|-1
LdbcShortQuery4MessageContent|1791332441380|1791332441380|0|1|-1
LdbcShortQuery5MessageCreator|1791332441380|1791332441381|0|1|-1
LdbcShortQuery6MessageForum|1791332441381|1791332441382|0|1|-1
LdbcShortQuery7MessageReplies|1791332441382|1791332441382|0|0|-1
LdbcShortQuery1PersonProfile|1791332441382|1791332441383|1|1|-1
LdbcShortQuery2PersonPosts|1791332441384|1791332441384|1|10|-1
LdbcShortQuery3PersonFriends|1791332441385|1791332441386|0|31|-1
LdbcQuery8|1791332440860|1791332441386|2|20|1347531326285
LdbcShortQuery4MessageContent|1791332441388|1791332441389|0|1|-1
LdbcShortQuery5MessageCreator|1791332441389|1791332441389|0|1|-1
LdbcShortQuery6MessageForum|1791332441389|1791332441389|0|1|-1
LdbcShortQuery7MessageReplies|1791332441389|1791332441389|0|6|-1
LdbcShortQuery1PersonProfile|1791332441389|1791332441389|0|1|-1
LdbcShortQuery2PersonPosts|1791332441389|1791332441389|0|10|-1
LdbcShortQuery3PersonFriends|1791332441389|1791332441389|0|40|-1
LdbcQuery5|1791332440860|1791332441393|69|20|1347531326285
LdbcShortQuery1PersonProfile|1791332441462|1791332441462|1|1|-1
LdbcShortQuery2PersonPosts|1791332441463|1791332441465|1|10|-1
LdbcShortQuery3PersonFriends|1791332441466|1791332441472|3|41|-1
LdbcShortQuery4MessageContent|1791332441475|1791332441475|2|1|-1
LdbcShortQuery5MessageCreator|1791332441477|1791332441477|3|1|-1
LdbcShortQuery6MessageForum|1791332441480|1791332441482|1|1|-1
LdbcShortQuery7MessageReplies|1791332441483|1791332441483|1|3|-1
LdbcShortQuery1PersonProfile|1791332441484|1791332441484|1|1|-1
LdbcShortQuery2PersonPosts|1791332441485|1791332441486|1|10|-1
LdbcShortQuery3PersonFriends|1791332441487|1791332441489|3|43|-1
LdbcQuery2|1791332440860|1791332441490|3|20|1347531326285
LdbcShortQuery4MessageContent|1791332441493|1791332441493|0|1|-1
LdbcShortQuery5MessageCreator|1791332441493|1791332441496|0|1|-1
LdbcShortQuery6MessageForum|1791332441496|1791332441496|0|1|-1
LdbcShortQuery7MessageReplies|1791332441496|1791332441496|1|5|-1
LdbcShortQuery1PersonProfile|1791332441497|1791332441499|0|1|-1
LdbcShortQuery2PersonPosts|1791332441499|1791332441501|1|10|-1
LdbcShortQuery3PersonFriends|1791332441502|1791332441502|1|10|-1
LdbcQuery9|1791332440860|1791332441503|73|20|1347531326285
LdbcShortQuery1PersonProfile|1791332441576|1791332441577|1|1|-1
LdbcShortQuery2PersonPosts|1791332441578|1791332441579|1|10|-1
LdbcShortQuery3PersonFriends|1791332441580|1791332441580|1|24|-1
LdbcShortQuery4MessageContent|1791332441581|1791332441581|1|1|-1
LdbcShortQuery5MessageCreator|1791332441582|1791332441582|0|1|-1
LdbcShortQuery6MessageForum|1791332441582|1791332441583|0|1|-1
LdbcShortQuery7MessageReplies|1791332441583|1791332441584|1|0|-1
LdbcQuery11|1791332440860|1791332441585|3|0|1347531326285
LdbcShortQuery4MessageContent|1791332441588|1791332441589|2|1|-1
LdbcShortQuery5MessageCreator|1791332441591|1791332441591|1|1|-1
LdbcShortQuery6MessageForum|1791332441592|1791332441593|1|1|-1
LdbcShortQuery7MessageReplies|1791332441594|1791332441599|1|0|-1
LdbcQuery4|1791332440860|1791332441601|2|3|1347531326285
LdbcShortQuery1PersonProfile|1791332441603|1791332441603|1|1|-1
LdbcShortQuery2PersonPosts|1791332441604|1791332441605|1|10|-1
LdbcShortQuery3PersonFriends|1791332441606|1791332441613|1|36|-1
LdbcShortQuery4MessageContent|1791332441614|1791332441629|3|1|-1
LdbcShortQuery5MessageCreator|1791332441632|1791332441644|3|1|-1
LdbcShortQuery6MessageForum|1791332441647|1791332441657|3|1|-1
LdbcShortQuery7MessageReplies|1791332441660|1791332441673|4|1|-1
LdbcShortQuery1PersonProfile|1791332441677|1791332441677|2|1|-1
LdbcShortQuery2PersonPosts|1791332441679|1791332441679|3|10|-1
LdbcShortQuery3PersonFriends|1791332441682|1791332441683|3|21|-1
LdbcShortQuery4MessageContent|1791332441686|1791332441686|1|1|-1
LdbcShortQuery5MessageCreator|1791332441687|1791332441699|6|1|-1
LdbcShortQuery6MessageForum|1791332441705|1791332441714|6|1|-1
LdbcShortQuery7MessageReplies|1791332441720|1791332441731|3|0|-1
LdbcQuery11|1791332445720|1791332445726|11|1|1347531374892
LdbcShortQuery4MessageContent|1791332445737|1791332445737|3|1|-1
LdbcShortQuery5MessageCreator|1791332445740|1791332445741|2|1|-1
LdbcShortQuery6MessageForum|1791332445743|1791332445743|2|1|-1
LdbcShortQuery7MessageReplies|1791332445745|1791332445745|2|7|-1
LdbcQuery4|1791332445720|1791332445745|2|1|1347531374892
LdbcShortQuery1PersonProfile|1791332445747|1791332445749|2|1|-1
LdbcShortQuery2PersonPosts|1791332445751|1791332445751|1|10|-1
LdbcShortQuery3PersonFriends|1791332445752|1791332445754|1|36|-1
LdbcShortQuery4MessageContent|1791332445755|1791332445756|1|1|-1
LdbcShortQuery5MessageCreator|1791332445757|1791332445768|2|1|-1
LdbcShortQuery6MessageForum|1791332445770|1791332445784|3|1|-1
LdbcShortQuery7MessageReplies|1791332445787|1791332445797|3|6|-1
LdbcShortQuery1PersonProfile|1791332445800|1791332445809|2|1|-1
LdbcShortQuery2PersonPosts|1791332445811|1791332445824|3|10|-1
LdbcShortQuery3PersonFriends|1791332445827|1791332445827|2|19|-1
LdbcQuery3|1791332445720|1791332445831|63|0|1347531374892
LdbcShortQuery4MessageContent|1791332445894|1791332445898|1|1|-1
LdbcShortQuery5MessageCreator|1791332445899|1791332445899|1|1|-1
LdbcShortQuery6MessageForum|1791332445900|1791332445901|1|1|-1
LdbcShortQuery7MessageReplies|1791332445902|1791332445903|2|0|-1
LdbcShortQuery1PersonProfile|1791332445905|1791332445914|2|1|-1
LdbcShortQuery2PersonPosts|1791332445916|1791332445929|3|10|-1
LdbcShortQuery3PersonFriends|1791332445932|1791332445943|2|32|-1
LdbcShortQuery4MessageContent|1791332445945|1791332445945|2|1|-1
LdbcShortQuery5MessageCreator|1791332445947|1791332445948|1|1|-1
LdbcShortQuery6MessageForum|1791332445949|1791332445949|2|1|-1
LdbcShortQuery7MessageReplies|1791332445951|1791332445953|2|0|-1
LdbcShortQuery1PersonProfile|1791332445955|1791332445959|3|1|-1
LdbcShortQuery2PersonPosts|1791332445962|1791332445974|5|10|-1
LdbcShortQuery3PersonFriends|1791332445979|1791332445979|3|30|-1
LdbcQuery6|1791332445720|1791332445983|47|1|1347531374892
LdbcShortQuery1PersonProfile|1791332446030|1791332446043|3|1|-1
LdbcShortQuery2PersonPosts|1791332446046|1791332446055|2|10|-1
LdbcShortQuery3PersonFriends|1791332446057|1791332446072|3|34|-1
LdbcShortQuery4MessageContent|1791332446075|1791332446088|2|1|-1
LdbcShortQuery5MessageCreator|1791332446090|1791332446105|3|1|-1
LdbcShortQuery6MessageForum|1791332446108|1791332446120|2|1|-1
LdbcShortQuery7MessageReplies|1791332446122|1791332446122|2|0|-1
LdbcShortQuery1PersonProfile|1791332446124|1791332446125|3|1|-1
LdbcShortQuery2PersonPosts|1791332446128|1791332446133|8|10|-1
LdbcShortQuery3PersonFriends|1791332446141|1791332446141|2|17|-1
LdbcQuery13|1791332445720|1791332446143|2|1|1347531374892
LdbcShortQuery4MessageContent|1791332446145|1791332446146|2|1|-1
LdbcShortQuery5MessageCreator|1791332446148|1791332446149|2|1|-1
LdbcShortQuery6MessageForum|1791332446151|1791332446151|3|1|-1
LdbcShortQuery7MessageReplies|1791332446154|1791332446164|5|5|-1
LdbcShortQuery1PersonProfile|1791332446169|1791332446169|2|1|-1
LdbcShortQuery2PersonPosts|1791332446171|1791332446177|3|10|-1
LdbcShortQuery3PersonFriends|1791332446180|1791332446193|4|10|-1
LdbcShortQuery4MessageContent|1791332446197|1791332446209|3|1|-1
LdbcShortQuery5MessageCreator|1791332446212|1791332446223|3|1|-1
LdbcShortQuery6MessageForum|1791332446226|1791332446226|2|1|-1
LdbcShortQuery7MessageReplies|1791332446228|1791332446229|3|8|-1
LdbcShortQuery1PersonProfile|1791332446232|1791332446232|3|1|-1
LdbcShortQuery2PersonPosts|1791332446235|1791332446236|2|10|-1
LdbcShortQuery3PersonFriends|1791332446238|1791332446239|4|27|-1
LdbcQuery10|1791332445720|1791332446243|23|10|1347531374892
LdbcShortQuery1PersonProfile|1791332446266|1791332446266|1|1|-1
LdbcShortQuery2PersonPosts|1791332446267|1791332446269|1|10|-1
LdbcShortQuery3PersonFriends|1791332446270|1791332446270|3|85|-1
LdbcShortQuery4MessageContent|1791332446273|1791332446274|2|1|-1
LdbcShortQuery5MessageCreator|1791332446276|1791332446276|2|1|-1
LdbcShortQuery6MessageForum|1791332446278|1791332446279|3|1|-1
LdbcShortQuery7MessageReplies|1791332446282|1791332446282|2|0|-1
LdbcShortQuery1PersonProfile|1791332446284|1791332446285|1|1|-1
LdbcShortQuery2PersonPosts|1791332446286|1791332446292|5|10|-1
LdbcShortQuery3PersonFriends|1791332446297|1791332446305|2|12|-1
LdbcShortQuery4MessageContent|1791332446307|1791332446307|1|1|-1
LdbcShortQuery5MessageCreator|1791332446308|1791332446309|1|1|-1
LdbcShortQuery6MessageForum|1791332446310|1791332446310|1|1|-1
LdbcShortQuery7MessageReplies|1791332446311|1791332446312|1|0|-1
LdbcQuery12|1791332445720|1791332446313|94|2|1347531374892
LdbcShortQuery4MessageContent|1791332446407|1791332446409|2|1|-1
LdbcShortQuery5MessageCreator|1791332446411|1791332446422|2|1|-1
LdbcShortQuery6MessageForum|1791332446424|1791332446437|3|1|-1
LdbcShortQuery7MessageReplies|1791332446440|1791332446441|2|0|-1
LdbcShortQuery1PersonProfile|1791332446443|1791332446453|2|1|-1
LdbcShortQuery2PersonPosts|1791332446455|1791332446455|4|10|-1
LdbcShortQuery3PersonFriends|1791332446459|1791332446459|3|71|-1
LdbcShortQuery4MessageContent|1791332446462|1791332446463|2|1|-1
LdbcShortQuery5MessageCreator|1791332446465|1791332446466|3|1|-1
LdbcShortQuery6MessageForum|1791332446469|1791332446469|2|1|-1
LdbcShortQuery7MessageReplies|1791332446471|1791332446471|1|0|-1
LdbcShortQuery1PersonProfile|1791332446472|1791332446473|3|1|-1
LdbcShortQuery2PersonPosts|1791332446476|1791332446477|2|10|-1
LdbcShortQuery3PersonFriends|1791332446479|1791332446479|3|81|-1
LdbcQuery7|1791332445720|1791332446482|6|20|1347531374892
LdbcShortQuery1PersonProfile|1791332446488|1791332446489|1|1|-1
LdbcShortQuery2PersonPosts|1791332446490|1791332446490|1|10|-1
LdbcShortQuery3PersonFriends|1791332446491|1791332446496|2|4|-1
LdbcShortQuery4MessageContent|1791332446498|1791332446499|2|1|-1
LdbcShortQuery5MessageCreator|1791332446501|1791332446502|1|1|-1
LdbcShortQuery6MessageForum|1791332446503|1791332446510|4|1|-1
LdbcShortQuery7MessageReplies|1791332446514|1791332446526|2|0|-1
LdbcQuery1|1791332445720|1791332446529|3|20|1347531374892
LdbcShortQuery4MessageContent|1791332446532|1791332446539|3|1|-1
LdbcShortQuery5MessageCreator|1791332446542|1791332446556|3|1|-1
LdbcShortQuery6MessageForum|1791332446559|1791332446559|2|1|-1
LdbcShortQuery7MessageReplies|1791332446561|1791332446561|2|0|-1
LdbcShortQuery1PersonProfile|1791332446563|1791332446564|2|1|-1
LdbcShortQuery2PersonPosts|1791332446566|1791332446572|3|10|-1
LdbcShortQuery3PersonFriends|1791332446575|1791332446588|3|15|-1
LdbcShortQuery4MessageContent|1791332446591|1791332446591|2|1|-1
LdbcShortQuery5MessageCreator|1791332446593|1791332446593|2|1|-1
LdbcShortQuery6MessageForum|1791332446595|1791332446596|2|1|-1
LdbcShortQuery7MessageReplies|1791332446598|1791332446602|3|9|-1
LdbcShortQuery1PersonProfile|1791332446605|1791332446605|2|1|-1
LdbcShortQuery2PersonPosts|1791332446607|1791332446607|2|10|-1
LdbcShortQuery3PersonFriends|1791332446609|1791332446610|2|73|-1
LdbcQuery9|1791332445720|1791332446612|108|20|1347531374892
LdbcShortQuery1PersonProfile|1791332446720|1791332446721|2|1|-1
LdbcShortQuery2PersonPosts|1791332446723|1791332446723|1|10|-1
LdbcShortQuery3PersonFriends|1791332446724|1791332446725|2|81|-1
LdbcShortQuery4MessageContent|1791332446727|1791332446727|1|1|-1
LdbcShortQuery5MessageCreator|1791332446728|1791332446729|1|1|-1
LdbcShortQuery6MessageForum|1791332446730|1791332446731|1|1|-1
LdbcShortQuery7MessageReplies|1791332446732|1791332446734|3|0|-1
LdbcShortQuery1PersonProfile|1791332446737|1791332446749|4|1|-1
LdbcShortQuery2PersonPosts|1791332446753|1791332446762|4|10|-1
LdbcShortQuery3PersonFriends|1791332446766|1791332446766|3|29|-1
LdbcShortQuery4MessageContent|1791332446769|1791332446770|2|1|-1
LdbcShortQuery5MessageCreator|1791332446772|1791332446772|2|1|-1
LdbcShortQuery6MessageForum|1791332446774|1791332446774|2|1|-1
LdbcShortQuery7MessageReplies|1791332446776|1791332446776|2|0|-1
LdbcShortQuery1PersonProfile|1791332446778|1791332446779|2|1|-1
LdbcShortQuery2PersonPosts|1791332446781|1791332446781|1|10|-1
LdbcShortQuery3PersonFriends|1791332446782|1791332446783|2|45|-1
LdbcQuery5|1791332445720|1791332446785|47|20|1347531374892
LdbcShortQuery4MessageContent|1791332446832|1791332446837|1|1|-1
LdbcShortQuery5MessageCreator|1791332446838|1791332446839|0|1|-1
LdbcShortQuery6MessageForum|1791332446839|1791332446840|0|1|-1
LdbcShortQuery7MessageReplies|1791332446840|1791332446841|0|0|-1
LdbcShortQuery1PersonProfile|1791332446841|1791332446842|0|1|-1
LdbcShortQuery2PersonPosts|1791332446842|1791332446843|1|10|-1
LdbcShortQuery3PersonFriends|1791332446844|1791332446844|1|18|-1
LdbcQuery14|1791332445720|1791332446845|2|8|1347531374892
LdbcShortQuery1PersonProfile|1791332446847|1791332446847|1|1|-1
LdbcShortQuery2PersonPosts|1791332446848|1791332446848|1|10|-1
LdbcShortQuery3PersonFriends|1791332446849|1791332446850|3|61|-1
LdbcShortQuery4MessageContent|1791332446853|1791332446854|3|1|-1
LdbcShortQuery5MessageCreator|1791332446857|1791332446868|3|1|-1
LdbcShortQuery6MessageForum|1791332446871|1791332446871|3|1|-1
LdbcShortQuery7MessageReplies|1791332446874|1791332446874|2|0|-1
LdbcShortQuery1PersonProfile|1791332446876|1791332446876|2|1|-1
LdbcShortQuery2PersonPosts|1791332446878|1791332446879|3|10|-1
LdbcShortQuery3PersonFriends|1791332446882|1791332446882|3|53|-1
LdbcQuery8|1791332445720|1791332446885|7|20|1347531374892
LdbcShortQuery4MessageContent|1791332446892|1791332446893|2|1|-1
LdbcShortQuery5MessageCreator|1791332446895|1791332446901|3|1|-1
LdbcShortQuery6MessageForum|1791332446904|1791332446904|2|1|-1
LdbcShortQuery7MessageReplies|1791332446906|1791332446914|4|2|-1
LdbcShortQuery1PersonProfile|1791332446918|1791332446918|2|1|-1
LdbcShortQuery2PersonPosts|1791332446920|1791332446928|5|10|-1
LdbcShortQuery3PersonFriends|1791332446933|1791332446943|3|17|-1
LdbcShortQuery4MessageContent|1791332446946|1791332446946|2|1|-1
LdbcShortQuery5MessageCreator|1791332446948|1791332446950|3|1|-1
LdbcShortQuery6MessageForum|1791332446953|1791332446953|2|1|-1
LdbcShortQuery7MessageReplies|1791332446955|1791332446958|3|0|-1
LdbcShortQuery1PersonProfile|1791332446961|1791332446961|2|1|-1
LdbcShortQuery2PersonPosts|1791332446963|1791332446963|4|10|-1
LdbcShortQuery3PersonFriends|1791332446967|1791332446968|2|7|-1
LdbcQuery2|1791332445720|1791332446970|9|20|1347531374892
LdbcShortQuery1PersonProfile|1791332446979|1791332446980|2|1|-1
LdbcShortQuery2PersonPosts|1791332446982|1791332446983|3|10|-1
LdbcShortQuery3PersonFriends|1791332446986|1791332446986|3|65|-1
LdbcShortQuery4MessageContent|1791332446989|1791332446989|2|1|-1
LdbcShortQuery5MessageCreator|1791332446991|1791332446991|2|1|-1
LdbcShortQuery6MessageForum|1791332446993|1791332446993|2|1|-1
LdbcShortQuery7MessageReplies|1791332446995|1791332446996|2|0|-1
LdbcShortQuery1PersonProfile|1791332446998|1791332446999|2|1|-1
LdbcShortQuery2PersonPosts|1791332447001|1791332447002|2|10|-1
LdbcShortQuery3PersonFriends|1791332447004|1791332447012|4|18|-1
LdbcQuery8|1791332450581|1791332450582|6|20|1347531423499
LdbcShortQuery4MessageContent|1791332450588|1791332450589|2|1|-1
LdbcShortQuery5MessageCreator|1791332450591|1791332450600|4|1|-1
LdbcShortQuery6MessageForum|1791332450604|1791332450604|3|1|-1
LdbcShortQuery7MessageReplies|1791332450607|1791332450608|4|8|-1
LdbcShortQuery1PersonProfile|1791332450612|1791332450613|2|1|-1
LdbcShortQuery2PersonPosts|1791332450615|1791332450627|15|10|-1
LdbcShortQuery3PersonFriends|1791332450642|1791332450643|3|14|-1
LdbcShortQuery4MessageContent|1791332450646|1791332450646|6|1|-1
LdbcUpdate7AddComment|1791332450615|1791332450627|31|0|1347531423832
LdbcShortQuery5MessageCreator|1791332450652|1791332450653|8|1|-1
LdbcShortQuery6MessageForum|1791332450661|1791332450675|6|1|-1
LdbcShortQuery7MessageReplies|1791332450681|1791332450683|5|0|-1
LdbcShortQuery1PersonProfile|1791332450688|1791332450689|2|1|-1
LdbcShortQuery2PersonPosts|1791332450691|1791332450691|6|10|-1
LdbcShortQuery3PersonFriends|1791332450697|1791332450739|2|41|-1
LdbcQuery2|1791332450581|1791332450741|3|20|1347531423499
LdbcShortQuery1PersonProfile|1791332450744|1791332450755|3|1|-1
LdbcShortQuery2PersonPosts|1791332450758|1791332450771|17|10|-1
LdbcShortQuery3PersonFriends|1791332450788|1791332450789|2|26|-1
LdbcShortQuery4MessageContent|1791332450791|1791332450791|1|1|-1
LdbcShortQuery5MessageCreator|1791332450792|1791332450793|2|1|-1
LdbcShortQuery6MessageForum|1791332450795|1791332450796|3|1|-1
LdbcShortQuery7MessageReplies|1791332450799|1791332450800|3|9|-1
LdbcShortQuery1PersonProfile|1791332450803|1791332450804|3|1|-1
LdbcShortQuery2PersonPosts|1791332450807|1791332450807|3|10|-1
LdbcShortQuery3PersonFriends|1791332450810|1791332450811|3|27|-1
LdbcShortQuery4MessageContent|1791332450814|1791332450814|3|1|-1
LdbcShortQuery5MessageCreator|1791332450817|1791332450818|2|1|-1
LdbcShortQuery6MessageForum|1791332450820|1791332450830|3|1|-1
LdbcShortQuery7MessageReplies|1791332450833|1791332450843|4|0|-1
LdbcQuery12|1791332450581|1791332450846|82|1|1347531423499
LdbcShortQuery4MessageContent|1791332450928|1791332450929|1|1|-1
LdbcShortQuery5MessageCreator|1791332450930|1791332450943|2|1|-1
LdbcShortQuery6MessageForum|1791332450945|1791332450957|4|1|-1
LdbcShortQuery7MessageReplies|1791332450961|1791332450962|2|0|-1
LdbcShortQuery1PersonProfile|1791332450964|1791332450972|3|1|-1
LdbcShortQuery2PersonPosts|1791332450975|1791332450984|4|10|-1
LdbcShortQuery3PersonFriends|1791332450988|1791332450997|5|23|-1
LdbcShortQuery4MessageContent|1791332451002|1791332451002|3|1|-1
LdbcShortQuery5MessageCreator|1791332451005|1791332451006|3|1|-1
LdbcShortQuery6MessageForum|1791332451009|1791332451009|4|1|-1
LdbcShortQuery7MessageReplies|1791332451013|1791332451013|2|0|-1
LdbcShortQuery1PersonProfile|1791332451015|1791332451016|2|1|-1
LdbcShortQuery2PersonPosts|1791332451018|1791332451018|3|10|-1
LdbcShortQuery3PersonFriends|1791332451021|1791332451022|2|25|-1
LdbcShortQuery4MessageContent|1791332451024|1791332451026|1|1|-1
LdbcShortQuery5MessageCreator|1791332451027|1791332451041|2|1|-1
LdbcShortQuery6MessageForum|1791332451043|1791332451055|3|1|-1
LdbcShortQuery7MessageReplies|1791332451058|1791332451060|2|0|-1
LdbcQuery3|1791332450581|1791332451061|54|0|1347531423499
LdbcShortQuery1PersonProfile|1791332451115|1791332451117|1|1|-1
LdbcShortQuery2PersonPosts|1791332451118|1791332451125|3|10|-1
LdbcShortQuery3PersonFriends|1791332451128|1791332451139|3|25|-1
LdbcShortQuery4MessageContent|1791332451142|1791332451143|2|1|-1
LdbcShortQuery5MessageCreator|1791332451145|1791332451154|3|1|-1
LdbcShortQuery6MessageForum|1791332451157|1791332451170|3|1|-1
LdbcShortQuery7MessageReplies|1791332451173|1791332451184|4|0|-1
LdbcShortQuery1PersonProfile|1791332451188|1791332451198|3|1|-1
LdbcShortQuery2PersonPosts|1791332451201|1791332451201|3|10|-1
LdbcShortQuery3PersonFriends|1791332451204|1791332451205|4|91|-1
LdbcQuery11|1791332450581|1791332451209|3|0|1347531423499
LdbcShortQuery4MessageContent|1791332451212|1791332451213|1|1|-1
LdbcShortQuery5MessageCreator|1791332451214|1791332451215|1|1|-1
LdbcShortQuery6MessageForum|1791332451216|1791332451217|1|1|-1
LdbcShortQuery7MessageReplies|1791332451218|1791332451218|2|0|-1
LdbcShortQuery1PersonProfile|1791332451220|1791332451221|1|1|-1
LdbcShortQuery2PersonPosts|1791332451222|1791332451229|2|10|-1
LdbcShortQuery3PersonFriends|1791332451231|1791332451244|4|82|-1
LdbcQuery4|1791332450581|1791332451246|4|0|1347531423499
LdbcShortQuery1PersonProfile|1791332451250|1791332451250|1|1|-1
LdbcShortQuery2PersonPosts|1791332451251|1791332451258|4|10|-1
LdbcShortQuery3PersonFriends|1791332451262|1791332451274|7|230|-1
LdbcShortQuery4MessageContent|1791332451281|1791332451281|3|1|-1
LdbcShortQuery5MessageCreator|1791332451284|1791332451285|2|1|-1
LdbcShortQuery6MessageForum|1791332451287|1791332451289|4|1|-1
LdbcShortQuery7MessageReplies|1791332451293|1791332451304|2|0|-1
LdbcQuery10|1791332450581|1791332451307|25|10|1347531423499
LdbcShortQuery4MessageContent|1791332451332|1791332451332|3|1|-1
LdbcShortQuery5MessageCreator|1791332451335|1791332451344|2|1|-1
LdbcShortQuery6MessageForum|1791332451346|1791332451360|4|1|-1
LdbcShortQuery7MessageReplies|1791332451364|1791332451364|4|6|-1
LdbcShortQuery1PersonProfile|1791332451368|1791332451369|2|1|-1
LdbcShortQuery2PersonPosts|1791332451371|1791332451371|3|10|-1
LdbcShortQuery3PersonFriends|1791332451374|1791332451375|4|14|-1
LdbcQuery6|1791332450581|1791332451378|74|10|1347531423499
LdbcShortQuery1PersonProfile|1791332451452|1791332451459|2|1|-1
LdbcShortQuery2PersonPosts|1791332451461|1791332451461|1|10|-1
LdbcShortQuery3PersonFriends|1791332451462|1791332451464|1|19|-1
LdbcQuery13|1791332450581|1791332451464|1|1|1347531423499
LdbcShortQuery4MessageContent|1791332451465|1791332451466|2|1|-1
LdbcShortQuery5MessageCreator|1791332451468|1791332451468|1|1|-1
LdbcShortQuery6MessageForum|1791332451469|1791332451474|1|1|-1
LdbcShortQuery7MessageReplies|1791332451475|1791332451489|3|0|-1
LdbcShortQuery1PersonProfile|1791332451492|1791332451502|3|1|-1
LdbcShortQuery2PersonPosts|1791332451505|1791332451506|3|3|-1
LdbcShortQuery3PersonFriends|1791332451509|1791332451515|4|20|-1
LdbcShortQuery4MessageContent|1791332451519|1791332451530|4|1|-1
LdbcShortQuery5MessageCreator|1791332451534|1791332451535|2|1|-1
LdbcShortQuery6MessageForum|1791332451537|1791332451544|3|1|-1
LdbcShortQuery7MessageReplies|1791332451547|1791332451559|4|0|-1
LdbcShortQuery1PersonProfile|1791332451563|1791332451563|4|1|-1
LdbcShortQuery2PersonPosts|1791332451567|1791332451568|4|10|-1
LdbcShortQuery3PersonFriends|1791332451572|1791332451573|4|20|-1
LdbcShortQuery4MessageContent|1791332451577|1791332451577|2|1|-1
LdbcShortQuery5MessageCreator|1791332451579|1791332451580|2|1|-1
LdbcShortQuery6MessageForum|1791332451582|1791332451582|1|1|-1
LdbcShortQuery7MessageReplies|1791332451583|1791332451584|1|0|-1
LdbcQuery14|1791332450581|1791332451584|1|10|1347531423499
LdbcShortQuery1PersonProfile|1791332451585|1791332451588|2|1|-1
LdbcShortQuery2PersonPosts|1791332451590|1791332451591|3|10|-1
LdbcShortQuery3PersonFriends|1791332451594|1791332451601|3|27|-1
LdbcShortQuery4MessageContent|1791332451604|1791332451605|3|1|-1
LdbcShortQuery5MessageCreator|1791332451608|1791332451609|2|1|-1
LdbcShortQuery6MessageForum|1791332451611|1791332451621|4|1|-1
LdbcShortQuery7MessageReplies|1791332451625|1791332451626|3|0|-1
LdbcQuery9|1791332450581|1791332451631|83|20|1347531423499
LdbcShortQuery4MessageContent|1791332451714|1791332451715|2|1|-1
LdbcShortQuery5MessageCreator|1791332451717|1791332451718|2|1|-1
LdbcShortQuery6MessageForum|1791332451720|1791332451728|1|1|-1
LdbcShortQuery7MessageReplies|1791332451729|1791332451746|3|0|-1
LdbcQuery7|1791332450581|1791332451748|7|20|1347531423499
LdbcShortQuery1PersonProfile|1791332451755|1791332451755|1|1|-1
LdbcShortQuery2PersonPosts|1791332451756|1791332451760|3|10|-1
LdbcShortQuery3PersonFriends|1791332451763|1791332451776|3|28|-1
LdbcQuery1|1791332450581|1791332451779|6|19|1347531423499
LdbcShortQuery4MessageContent|1791332451785|1791332451787|2|1|-1
LdbcShortQuery5MessageCreator|1791332451789|1791332451790|2|1|-1
LdbcShortQuery6MessageForum|1791332451792|1791332451792|2|1|-1
LdbcShortQuery7MessageReplies|1791332451794|1791332451800|3|0|-1
LdbcShortQuery1PersonProfile|1791332451803|1791332451814|4|1|-1
LdbcShortQuery2PersonPosts|1791332451818|1791332451818|3|10|-1
LdbcShortQuery3PersonFriends|1791332451821|1791332451822|3|36|-1
LdbcShortQuery4MessageContent|1791332451825|1791332451826|2|1|-1
LdbcShortQuery5MessageCreator|1791332451828|1791332451828|2|1|-1
LdbcShortQuery6MessageForum|1791332451830|1791332451831|2|1|-1
LdbcShortQuery7MessageReplies|1791332451833|1791332451834|2|0|-1
LdbcQuery5|1791332450581|1791332451836|66|20|1347531423499
LdbcShortQuery1PersonProfile|1791332451902|1791332451903|2|1|-1
LdbcShortQuery2PersonPosts|1791332451905|1791332451906|2|10|-1
LdbcShortQuery3PersonFriends|1791332451908|1791332451908|1|18|-1
LdbcShortQuery4MessageContent|1791332451909|1791332451909|1|1|-1
LdbcShortQuery5MessageCreator|1791332451910|1791332451911|1|1|-1
LdbcShortQuery6MessageForum|1791332451912|1791332451912|1|1|-1
LdbcShortQuery7MessageReplies|1791332451913|1791332451913|1|0|-1
LdbcUpdate5AddForumMembership|1791332452141|1791332452151|9|0|1347531439091
LdbcQuery1|1791332455442|1791332455449|12|20|1347531472106
LdbcShortQuery4MessageContent|1791332455461|1791332455461|1|1|-1
LdbcShortQuery5MessageCreator|1791332455462|1791332455463|1|1|-1
LdbcShortQuery6MessageForum|1791332455464|1791332455479|5|1|-1
LdbcShortQuery7MessageReplies|1791332455484|1791332455484|4|3|-1
LdbcQuery5|1791332455442|1791332455489|42|20|1347531472106
LdbcShortQuery1PersonProfile|1791332455531|1791332455531|1|1|-1
LdbcShortQuery2PersonPosts|1791332455532|1791332455534|1|10|-1
LdbcShortQuery3PersonFriends|1791332455535|1791332455539|1|38|-1
LdbcQuery10|1791332455442|1791332455539|12|10|1347531472106
LdbcShortQuery4MessageContent|1791332455551|1791332455552|1|1|-1
LdbcShortQuery5MessageCreator|1791332455553|1791332455554|2|1|-1
LdbcShortQuery6MessageForum|1791332455556|1791332455556|1|1|-1
LdbcShortQuery7MessageReplies|1791332455557|1791332455557|1|7|-1
LdbcShortQuery1PersonProfile|1791332455558|1791332455559|1|1|-1
LdbcShortQuery2PersonPosts|1791332455560|1791332455561|2|10|-1
LdbcShortQuery3PersonFriends|1791332455563|1791332455563|1|45|-1
LdbcQuery12|1791332455442|1791332455565|62|1|1347531472106
LdbcShortQuery1PersonProfile|1791332455627|1791332455639|3|1|-1
LdbcShortQuery2PersonPosts|1791332455642|1791332455654|4|10|-1
LdbcShortQuery3PersonFriends|1791332455658|1791332455666|4|31|-1
LdbcShortQuery4MessageContent|1791332455670|1791332455670|2|1|-1
LdbcShortQuery5MessageCreator|1791332455672|1791332455683|4|1|-1
LdbcShortQuery6MessageForum|1791332455687|1791332455700|4|1|-1
LdbcShortQuery7MessageReplies|1791332455704|1791332455711|5|0|-1
LdbcShortQuery1PersonProfile|1791332455716|1791332455717|2|1|-1
LdbcShortQuery2PersonPosts|1791332455719|1791332455720|4|10|-1
LdbcShortQuery3PersonFriends|1791332455724|1791332455724|2|16|-1
LdbcQuery8|1791332455442|1791332455724|5|20|1347531472106
LdbcShortQuery4MessageContent|1791332455729|1791332455733|2|1|-1
LdbcShortQuery5MessageCreator|1791332455735|1791332455739|3|1|-1
LdbcShortQuery6MessageForum|1791332455742|1791332455755|6|1|-1
LdbcShortQuery7MessageReplies|1791332455761|1791332455769|3|0|-1
LdbcShortQuery1PersonProfile|1791332455772|1791332455782|1|1|-1
LdbcShortQuery2PersonPosts|1791332455783|1791332455783|1|10|-1
LdbcShortQuery3PersonFriends|1791332455784|1791332455784|1|72|-1
LdbcShortQuery4MessageContent|1791332455785|1791332455786|1|1|-1
LdbcShortQuery5MessageCreator|1791332455787|1791332455788|1|1|-1
LdbcShortQuery6MessageForum|1791332455789|1791332455789|1|1|-1
LdbcShortQuery7MessageReplies|1791332455790|1791332455790|1|0|-1
LdbcQuery2|1791332455442|1791332455792|5|20|1347531472106
LdbcShortQuery1PersonProfile|1791332455797|1791332455798|1|1|-1
LdbcShortQuery2PersonPosts|1791332455799|1791332455800|1|10|-1
LdbcShortQuery3PersonFriends|1791332455801|1791332455801|1|17|-1
LdbcShortQuery4MessageContent|1791332455802|1791332455803|0|1|-1
LdbcShortQuery5MessageCreator|1791332455803|1791332455803|1|1|-1
LdbcShortQuery6MessageForum|1791332455804|1791332455813|2|1|-1
LdbcShortQuery7MessageReplies|1791332455815|1791332455828|3|7|-1
LdbcQuery4|1791332455442|1791332455831|9|3|1347531472106
LdbcShortQuery4MessageContent|1791332455840|1791332455841|3|1|-1
LdbcShortQuery5MessageCreator|1791332455844|1791332455856|8|1|-1
LdbcShortQuery6MessageForum|1791332455864|1791332455865|4|1|-1
LdbcShortQuery7MessageReplies|1791332455869|1791332455869|2|0|-1
LdbcShortQuery1PersonProfile|1791332455871|1791332455882|3|1|-1
LdbcShortQuery2PersonPosts|1791332455885|1791332455886|5|10|-1
LdbcShortQuery3PersonFriends|1791332455891|1791332455892|2|28|-1
LdbcShortQuery4MessageContent|1791332455894|1791332455894|1|1|-1
LdbcShortQuery5MessageCreator|1791332455895|1791332455896|2|1|-1
LdbcShortQuery6MessageForum|1791332455898|1791332455912|3|1|-1
LdbcShortQuery7MessageReplies|1791332455915|1791332455925|2|0|-1
LdbcQuery3|1791332455442|1791332455926|59|0|1347531472106
LdbcShortQuery1PersonProfile|1791332455985|1791332455986|2|1|-1
LdbcShortQuery2PersonPosts|1791332455988|1791332455989|25|10|-1
LdbcShortQuery3PersonFriends|1791332456014|1791332456015|2|84|-1
LdbcShortQuery4MessageContent|1791332456017|1791332456017|1|1|-1
LdbcShortQuery5MessageCreator|1791332456018|1791332456019|2|1|-1
LdbcShortQuery6MessageForum|1791332456021|1791332456022|1|1|-1
LdbcShortQuery7MessageReplies|1791332456023|1791332456023|1|0|-1
LdbcShortQuery1PersonProfile|1791332456024|1791332456025|1|1|-1
LdbcShortQuery2PersonPosts|1791332456026|1791332456027|1|10|-1
LdbcShortQuery3PersonFriends|1791332456028|1791332456040|4|9|-1
LdbcQuery11|1791332455442|1791332456045|1|0|1347531472106
LdbcShortQuery4MessageContent|1791332456046|1791332456057|2|1|-1
LdbcShortQuery5MessageCreator|1791332456059|1791332456060|1|1|-1
LdbcShortQuery6MessageForum|1791332456061|1791332456061|1|1|-1
LdbcShortQuery7MessageReplies|1791332456062|1791332456063|1|2|-1
LdbcShortQuery1PersonProfile|1791332456064|1791332456064|1|1|-1
LdbcShortQuery2PersonPosts|1791332456065|1791332456066|2|10|-1
LdbcShortQuery3PersonFriends|1791332456068|1791332456070|3|23|-1
LdbcShortQuery4MessageContent|1791332456073|1791332456073|2|1|-1
LdbcShortQuery5MessageCreator|1791332456075|1791332456076|1|1|-1
LdbcShortQuery6MessageForum|1791332456077|1791332456086|2|1|-1
LdbcShortQuery7MessageReplies|1791332456088|1791332456099|4|7|-1
LdbcShortQuery1PersonProfile|1791332456103|1791332456103|1|1|-1
LdbcShortQuery2PersonPosts|1791332456104|1791332456116|3|10|-1
LdbcShortQuery3PersonFriends|1791332456119|1791332456120|1|9|-1
LdbcQuery7|1791332455442|1791332456121|12|20|1347531472106
LdbcShortQuery1PersonProfile|1791332456133|1791332456133|5|1|-1
LdbcShortQuery2PersonPosts|1791332456138|1791332456139|2|10|-1
LdbcShortQuery3PersonFriends|1791332456141|1791332456141|3|10|-1
LdbcShortQuery4MessageContent|1791332456144|1791332456159|3|1|-1
LdbcShortQuery5MessageCreator|1791332456162|1791332456171|3|1|-1
LdbcShortQuery6MessageForum|1791332456174|1791332456185|4|1|-1
LdbcShortQuery7MessageReplies|1791332456189|1791332456189|3|5|-1
LdbcShortQuery1PersonProfile|1791332456192|1791332456192|2|1|-1
LdbcShortQuery2PersonPosts|1791332456194|1791332456195|4|10|-1
LdbcShortQuery3PersonFriends|1791332456199|1791332456200|2|6|-1
LdbcShortQuery4MessageContent|1791332456202|1791332456203|3|1|-1
LdbcShortQuery5MessageCreator|1791332456206|1791332456206|3|1|-1
LdbcShortQuery6MessageForum|1791332456209|1791332456209|2|1|-1
LdbcShortQuery7MessageReplies|1791332456211|1791332456213|3|6|-1
LdbcQuery14|1791332455442|1791332456217|3|1|1347531472106
LdbcShortQuery4MessageContent|1791332456220|1791332456229|5|1|-1
LdbcShortQuery5MessageCreator|1791332456234|1791332456242|4|1|-1
LdbcShortQuery6MessageForum|1791332456246|1791332456258|3|1|-1
LdbcShortQuery7MessageReplies|1791332456261|1791332456261|3|13|-1
LdbcQuery6|1791332455442|1791332456263|76|10|1347531472106
LdbcShortQuery1PersonProfile|1791332456339|1791332456341|1|1|-1
LdbcShortQuery2PersonPosts|1791332456342|1791332456345|4|10|-1
LdbcShortQuery3PersonFriends|1791332456349|1791332456350|3|73|-1
LdbcQuery13|1791332455442|1791332456352|2|1|1347531472106
LdbcShortQuery4MessageContent|1791332456354|1791332456356|1|1|-1
LdbcShortQuery5MessageCreator|1791332456357|1791332456357|1|1|-1
LdbcShortQuery6MessageForum|1791332456358|1791332456360|2|1|-1
LdbcShortQuery7MessageReplies|1791332456362|1791332456362|2|0|-1
LdbcShortQuery1PersonProfile|1791332456364|1791332456377|2|1|-1
LdbcShortQuery2PersonPosts|1791332456379|1791332456379|3|10|-1
LdbcShortQuery3PersonFriends|1791332456382|1791332456383|1|5|-1
LdbcQuery9|1791332455442|1791332456383|79|20|1347531472106
LdbcShortQuery1PersonProfile|1791332456462|1791332456464|2|1|-1
LdbcShortQuery2PersonPosts|1791332456466|1791332456467|2|10|-1
LdbcShortQuery3PersonFriends|1791332456469|1791332456469|2|46|-1
LdbcShortQuery4MessageContent|1791332456471|1791332456479|27|1|-1
LdbcShortQuery5MessageCreator|1791332456506|1791332456506|1|1|-1
LdbcShortQuery6MessageForum|1791332456507|1791332456509|1|1|-1
LdbcShortQuery7MessageReplies|1791332456510|1791332456521|2|1|-1
LdbcQuery13|1791332460302|1791332460313|5|1|1347531520713
LdbcShortQuery4MessageContent|1791332460318|1791332460329|5|1|-1
LdbcShortQuery5MessageCreator|1791332460334|1791332460335|3|1|-1
LdbcShortQuery6MessageForum|1791332460338|1791332460341|4|1|-1
LdbcShortQuery7MessageReplies|1791332460345|1791332460356|3|0|-1
LdbcQuery9|1791332460302|1791332460359|89|20|1347531520713
LdbcShortQuery1PersonProfile|1791332460448|1791332460449|1|1|-1
LdbcShortQuery2PersonPosts|1791332460450|1791332460450|1|10|-1
LdbcShortQuery3PersonFriends|1791332460451|1791332460451|2|61|-1
LdbcShortQuery4MessageContent|1791332460453|1791332460453|1|1|-1
LdbcShortQuery5MessageCreator|1791332460454|1791332460455|1|1|-1
LdbcShortQuery6MessageForum|1791332460456|1791332460469|3|1|-1
LdbcShortQuery7MessageReplies|1791332460472|1791332460482|1|0|-1
LdbcShortQuery1PersonProfile|1791332460483|1791332460483|0|1|-1
LdbcShortQuery2PersonPosts|1791332460483|1791332460483|0|10|-1
LdbcShortQuery3PersonFriends|1791332460483|1791332460483|0|38|-1
LdbcQuery4|1791332460302|1791332460486|1|0|1347531520713
LdbcShortQuery4MessageContent|1791332460487|1791332460495|0|1|-1
LdbcShortQuery5MessageCreator|1791332460495|1791332460495|0|1|-1
LdbcShortQuery6MessageForum|1791332460495|1791332460496|0|1|-1
LdbcShortQuery7MessageReplies|1791332460496|1791332460497|1|3|-1
LdbcQuery10|1791332460302|1791332460498|9|10|1347531520713
LdbcShortQuery1PersonProfile|1791332460507|1791332460511|1|1|-1
LdbcShortQuery2PersonPosts|1791332460512|1791332460523|1|10|-1
LdbcShortQuery3PersonFriends|1791332460524|1791332460536|0|3|-1
LdbcShortQuery4MessageContent|1791332460536|1791332460536|0|1|-1
LdbcShortQuery5MessageCreator|1791332460536|1791332460536|0|1|-1
LdbcShortQuery6MessageForum|1791332460536|1791332460536|0|1|-1
LdbcShortQuery7MessageReplies|1791332460536|1791332460539|0|0|-1
LdbcQuery1|1791332460302|1791332460539|1|2|1347531520713
LdbcShortQuery4MessageContent|1791332460540|1791332460541|0|1|-1
LdbcShortQuery5MessageCreator|1791332460541|1791332460541|0|1|-1
LdbcShortQuery6MessageForum|1791332460541|1791332460541|0|1|-1
LdbcShortQuery7MessageReplies|1791332460541|1791332460541|0|0|-1
LdbcShortQuery1PersonProfile|1791332460541|1791332460541|0|1|-1
LdbcShortQuery2PersonPosts|1791332460541|1791332460541|1|10|-1
LdbcShortQuery3PersonFriends|1791332460542|1791332460545|1|72|-1
LdbcShortQuery4MessageContent|1791332460546|1791332460549|1|1|-1
LdbcShortQuery5MessageCreator|1791332460550|1791332460561|2|1|-1
LdbcShortQuery6MessageForum|1791332460563|1791332460563|2|1|-1
LdbcShortQuery7MessageReplies|1791332460565|1791332460566|1|0|-1
LdbcShortQuery1PersonProfile|1791332460567|1791332460573|1|1|-1
LdbcShortQuery2PersonPosts|1791332460574|1791332460589|2|10|-1
LdbcShortQuery3PersonFriends|1791332460591|1791332460591|3|72|-1
LdbcQuery5|1791332460302|1791332460595|75|20|1347531520713
LdbcShortQuery1PersonProfile|1791332460670|1791332460670|1|1|-1
LdbcShortQuery2PersonPosts|1791332460671|1791332460674|3|10|-1
LdbcShortQuery3PersonFriends|1791332460677|1791332460686|1|23|-1
LdbcShortQuery4MessageContent|1791332460687|1791332460698|1|1|-1
LdbcShortQuery5MessageCreator|1791332460699|1791332460699|0|1|-1
LdbcShortQuery6MessageForum|1791332460699|1791332460699|1|1|-1
LdbcShortQuery7MessageReplies|1791332460700|1791332460701|4|3|-1
LdbcQuery2|1791332460302|1791332460704|16|20|1347531520713
LdbcShortQuery4MessageContent|1791332460720|1791332460727|1|1|-1
LdbcShortQuery5MessageCreator|1791332460728|1791332460729|1|1|-1
LdbcShortQuery6MessageForum|1791332460730|1791332460740|2|1|-1
LdbcShortQuery7MessageReplies|1791332460742|1791332460742|4|0|-1
LdbcShortQuery1PersonProfile|1791332460746|1791332460747|25|1|-1
LdbcShortQuery2PersonPosts|1791332460772|1791332460786|4|1|-1
LdbcShortQuery3PersonFriends|1791332460790|1791332460791|1|41|-1
LdbcQuery12|1791332460302|1791332460791|46|1|1347531520713
LdbcShortQuery1PersonProfile|1791332460837|1791332460840|1|1|-1
LdbcShortQuery2PersonPosts|1791332460841|1791332460844|1|10|-1
LdbcShortQuery3PersonFriends|1791332460845|1791332460860|3|78|-1
LdbcShortQuery4MessageContent|1791332460863|1791332460863|2|1|-1
LdbcShortQuery5MessageCreator|1791332460865|1791332460866|1|1|-1
LdbcShortQuery6MessageForum|1791332460867|1791332460873|2|1|-1
LdbcShortQuery7MessageReplies|1791332460875|1791332460875|1|10|-1
LdbcShortQuery1PersonProfile|1791332460876|1791332460886|1|1|-1
LdbcShortQuery2PersonPosts|1791332460887|1791332460898|0|10|-1
LdbcShortQuery3PersonFriends|1791332460898|1791332460899|1|49|-1
LdbcQuery8|1791332460302|1791332460899|3|20|1347531520713
LdbcShortQuery4MessageContent|1791332460902|1791332460912|2|1|-1
LdbcShortQuery5MessageCreator|1791332460914|1791332460928|1|1|-1
LdbcShortQuery6MessageForum|1791332460929|1791332460929|1|1|-1
LdbcShortQuery7MessageReplies|1791332460930|1791332460940|2|3|-1
LdbcShortQuery1PersonProfile|1791332460942|1791332460956|1|1|-1
LdbcShortQuery2PersonPosts|1791332460957|1791332460957|1|10|-1
LdbcShortQuery3PersonFriends|1791332460958|1791332460973|3|22|-1
LdbcShortQuery4MessageContent|1791332460976|1791332460987|5|1|-1
LdbcShortQuery5MessageCreator|1791332460992|1791332460992|2|1|-1
LdbcShortQuery6MessageForum|1791332460994|1791332461002|2|1|-1
LdbcShortQuery7MessageReplies|1791332461004|1791332461019|1|5|-1
LdbcQuery6|1791332460302|1791332461021|44|10|1347531520713
LdbcShortQuery1PersonProfile|1791332461065|1791332461065|1|1|-1
LdbcShortQuery2PersonPosts|1791332461066|1791332461066|1|10|-1
LdbcShortQuery3PersonFriends|1791332461067|1791332461067|1|10|-1
LdbcShortQuery4MessageContent|1791332461068|1791332461069|0|1|-1
LdbcShortQuery5MessageCreator|1791332461069|1791332461070|0|1|-1
LdbcShortQuery6MessageForum|1791332461070|1791332461071|0|1|-1
LdbcShortQuery7MessageReplies|1791332461071|1791332461072|0|0|-1
LdbcQuery7|1791332460302|1791332461073|27|20|1347531520713
LdbcShortQuery4MessageContent|1791332461100|1791332461103|2|1|-1
LdbcShortQuery5MessageCreator|1791332461105|1791332461127|2|1|-1
LdbcShortQuery6MessageForum|1791332461129|1791332461129|1|1|-1
LdbcShortQuery7MessageReplies|1791332461130|1791332461132|2|4|-1
LdbcShortQuery1PersonProfile|1791332461134|1791332461140|2|1|-1
LdbcShortQuery2PersonPosts|1791332461142|1791332461156|3|10|-1
LdbcShortQuery3PersonFriends|1791332461159|1791332461159|8|269|-1
LdbcShortQuery4MessageContent|1791332461167|1791332461179|1|1|-1
LdbcShortQuery5MessageCreator|1791332461180|1791332461189|1|1|-1
LdbcShortQuery6MessageForum|1791332461190|1791332461190|0|1|-1
LdbcShortQuery7MessageReplies|1791332461190|1791332461190|0|0|-1
LdbcShortQuery1PersonProfile|1791332461190|1791332461190|0|1|-1
LdbcShortQuery2PersonPosts|1791332461190|1791332461190|0|10|-1
LdbcShortQuery3PersonFriends|1791332461190|1791332461190|0|62|-1
LdbcQuery3|1791332460302|1791332461194|65|0|1347531520713
LdbcShortQuery1PersonProfile|1791332461259|1791332461260|2|1|-1
LdbcShortQuery2PersonPosts|1791332461262|1791332461262|2|10|-1
LdbcShortQuery3PersonFriends|1791332461264|1791332461265|1|11|-1
LdbcShortQuery4MessageContent|1791332461266|1791332461273|2|1|-1
LdbcShortQuery5MessageCreator|1791332461275|1791332461275|3|1|-1
LdbcShortQuery6MessageForum|1791332461278|1791332461286|1|1|-1
LdbcShortQuery7MessageReplies|1791332461287|1791332461287|1|7|-1
LdbcQuery11|1791332460302|1791332461289|3|0|1347531520713
LdbcShortQuery4MessageContent|1791332461292|1791332461292|1|1|-1
LdbcShortQuery5MessageCreator|1791332461293|1791332461294|2|1|-1
LdbcShortQuery6MessageForum|1791332461296|1791332461296|2|1|-1
LdbcShortQuery7MessageReplies|1791332461298|1791332461299|1|11|-1
LdbcShortQuery1PersonProfile|1791332461300|1791332461313|3|1|-1
LdbcShortQuery2PersonPosts|1791332461316|1791332461327|4|10|-1
LdbcShortQuery3PersonFriends|1791332461331|1791332461332|3|41|-1
LdbcQuery14|1791332460302|1791332461335|1|1|1347531520713
LdbcShortQuery1PersonProfile|1791332461336|1791332461336|1|1|-1
LdbcShortQuery2PersonPosts|1791332461337|1791332461339|2|10|-1
LdbcShortQuery3PersonFriends|1791332461341|1791332461341|1|10|-1
LdbcUpdate3AddCommentLike|1791332464798|1791332464804|35|0|1347531565661
LdbcQuery11|1791332465163|1791332465176|7|0|1347531569320
LdbcShortQuery4MessageContent|1791332465183|1791332465183|1|1|-1
LdbcShortQuery5MessageCreator|1791332465184|1791332465185|1|1|-1
LdbcShortQuery6MessageForum|1791332465186|1791332465189|3|1|-1
LdbcShortQuery7MessageReplies|1791332465192|1791332465210|4|1|-1
LdbcShortQuery1PersonProfile|1791332465214|1791332465214|2|1|-1
LdbcShortQuery2PersonPosts|1791332465216|1791332465216|3|10|-1
LdbcShortQuery3PersonFriends|1791332465219|1791332465219|3|67|-1
LdbcQuery14|1791332465163|1791332465224|2|2|1347531569320
LdbcShortQuery1PersonProfile|1791332465226|1791332465226|2|1|-1
LdbcShortQuery2PersonPosts|1791332465228|1791332465229|4|10|-1
LdbcShortQuery3PersonFriends|1791332465233|1791332465233|1|34|-1
LdbcShortQuery4MessageContent|1791332465234|1791332465234|0|1|-1
LdbcShortQuery5MessageCreator|1791332465234|1791332465236|1|1|-1
LdbcShortQuery6MessageForum|1791332465237|1791332465237|1|1|-1
LdbcShortQuery7MessageReplies|1791332465238|1791332465251|2|0|-1
LdbcQuery2|1791332465163|1791332465253|8|20|1347531569320
LdbcShortQuery4MessageContent|1791332465261|1791332465261|3|1|-1
LdbcShortQuery5MessageCreator|1791332465264|1791332465265|2|1|-1
LdbcShortQuery6MessageForum|1791332465267|1791332465267|2|1|-1
LdbcShortQuery7MessageReplies|1791332465269|1791332465269|2|0|-1
LdbcQuery4|1791332465163|1791332465272|4|3|1347531569320
LdbcShortQuery1PersonProfile|1791332465276|1791332465276|2|1|-1
LdbcShortQuery2PersonPosts|1791332465278|1791332465279|3|10|-1
LdbcShortQuery3PersonFriends|1791332465282|1791332465282|3|46|-1
LdbcQuery13|1791332465163|1791332465286|3|1|1347531569320
LdbcShortQuery4MessageContent|1791332465289|1791332465289|2|1|-1
LdbcShortQuery5MessageCreator|1791332465291|1791332465291|2|1|-1
LdbcShortQuery6MessageForum|1791332465293|1791332465293|2|1|-1
LdbcShortQuery7MessageReplies|1791332465295|1791332465296|2|0|-1
LdbcShortQuery1PersonProfile|1791332465298|1791332465299|2|1|-1
LdbcShortQuery2PersonPosts|1791332465301|1791332465301|3|10|-1
LdbcShortQuery3PersonFriends|1791332465304|1791332465305|4|73|-1
LdbcQuery9|1791332465163|1791332465309|107|20|1347531569320
LdbcShortQuery1PersonProfile|1791332465416|1791332465418|1|1|-1
LdbcShortQuery2PersonPosts|1791332465419|1791332465419|2|10|-1
LdbcShortQuery3PersonFriends|1791332465421|1791332465422|1|30|-1
LdbcShortQuery4MessageContent|1791332465423|1791332465431|3|1|-1
LdbcShortQuery5MessageCreator|1791332465434|1791332465434|1|1|-1
LdbcShortQuery6MessageForum|1791332465435|1791332465435|1|1|-1
LdbcShortQuery7MessageReplies|1791332465436|1791332465436|1|6|-1
LdbcQuery5|1791332465163|1791332465437|13|0|1347531569320
LdbcShortQuery4MessageContent|1791332465450|1791332465451|1|1|-1
LdbcShortQuery5MessageCreator|1791332465452|1791332465459|1|1|-1
LdbcShortQuery6MessageForum|1791332465460|1791332465473|4|1|-1
LdbcShortQuery7MessageReplies|1791332465477|1791332465478|3|0|-1
LdbcShortQuery1PersonProfile|1791332465481|1791332465481|1|1|-1
LdbcShortQuery2PersonPosts|1791332465482|1791332465489|4|10|-1
LdbcShortQuery3PersonFriends|1791332465493|1791332465501|4|0|-1
LdbcQuery10|1791332465163|1791332465505|30|10|1347531569320
LdbcShortQuery1PersonProfile|1791332465535|1791332465535|3|1|-1
LdbcShortQuery2PersonPosts|1791332465538|1791332465539|5|10|-1
LdbcShortQuery3PersonFriends|1791332465544|1791332465545|4|41|-1
LdbcShortQuery4MessageContent|1791332465549|1791332465549|1|1|-1
LdbcShortQuery5MessageCreator|1791332465550|1791332465551|2|1|-1
LdbcShortQuery6MessageForum|1791332465553|1791332465553|2|1|-1
LdbcShortQuery7MessageReplies|1791332465555|1791332465556|2|0|-1
LdbcShortQuery1PersonProfile|1791332465558|1791332465559|3|1|-1
LdbcShortQuery2PersonPosts|1791332465562|1791332465573|4|10|-1
LdbcShortQuery3PersonFriends|1791332465577|1791332465578|3|9|-1
LdbcShortQuery4MessageContent|1791332465581|1791332465582|2|1|-1
LdbcShortQuery5MessageCreator|1791332465584|1791332465584|2|1|-1
LdbcShortQuery6MessageForum|1791332465586|1791332465597|3|1|-1
LdbcShortQuery7MessageReplies|1791332465600|1791332465601|3|5|-1
LdbcQuery1|1791332465163|1791332465603|3|0|1347531569320
LdbcShortQuery4MessageContent|1791332465606|1791332465607|3|1|-1
LdbcShortQuery5MessageCreator|1791332465610|1791332465611|2|1|-1
LdbcShortQuery6MessageForum|1791332465613|1791332465615|3|1|-1
LdbcShortQuery7MessageReplies|1791332465618|1791332465623|4|0|-1
LdbcShortQuery1PersonProfile|1791332465627|1791332465629|10|1|-1
LdbcShortQuery2PersonPosts|1791332465639|1791332465639|3|10|-1
LdbcShortQuery3PersonFriends|1791332465642|1791332465651|3|29|-1
LdbcShortQuery4MessageContent|1791332465654|1791332465654|2|1|-1
LdbcShortQuery5MessageCreator|1791332465656|1791332465664|10|1|-1
LdbcShortQuery6MessageForum|1791332465674|1791332465675|2|1|-1
LdbcShortQuery7MessageReplies|1791332465677|1791332465677|5|1|-1
LdbcShortQuery1PersonProfile|1791332465682|1791332465683|2|1|-1
LdbcShortQuery2PersonPosts|1791332465685|1791332465693|4|10|-1
LdbcShortQuery3PersonFriends|1791332465697|1791332465697|3|74|-1
LdbcShortQuery4MessageContent|1791332465700|1791332465700|2|1|-1
LdbcShortQuery5MessageCreator|1791332465702|1791332465702|2|1|-1
LdbcShortQuery6MessageForum|1791332465704|1791332465709|2|1|-1
LdbcShortQuery7MessageReplies|1791332465711|1791332465722|4|5|-1
LdbcQuery3|1791332465163|1791332465725|84|0|1347531569320
LdbcShortQuery1PersonProfile|1791332465809|1791332465809|3|1|-1
LdbcShortQuery2PersonPosts|1791332465812|1791332465814|2|10|-1
LdbcShortQuery3PersonFriends|1791332465816|1791332465828|5|2|-1
LdbcShortQuery4MessageContent|1791332465833|1791332465843|7|1|-1
LdbcShortQuery5MessageCreator|1791332465850|1791332465856|3|1|-1
LdbcShortQuery6MessageForum|1791332465859|1791332465859|2|1|-1
LdbcShortQuery7MessageReplies|1791332465861|1791332465861|3|0|-1
LdbcQuery6|1791332465163|1791332465865|47|10|1347531569320
LdbcShortQuery4MessageContent|1791332465912|1791332465918|2|1|-1
LdbcShortQuery5MessageCreator|1791332465920|1791332465931|1|1|-1
LdbcShortQuery6MessageForum|1791332465932|1791332465932|1|1|-1
LdbcShortQuery7MessageReplies|1791332465933|1791332465934|1|0|-1
LdbcShortQuery1PersonProfile|1791332465935|1791332465935|1|1|-1
LdbcShortQuery2PersonPosts|1791332465936|1791332465937|1|10|-1
LdbcShortQuery3PersonFriends|1791332465938|1791332465939|1|18|-1
LdbcQuery12|1791332465163|1791332465940|69|1|1347531569320
LdbcShortQuery1PersonProfile|1791332466009|1791332466009|2|1|-1
LdbcShortQuery2PersonPosts|1791332466011|1791332466011|9|10|-1
LdbcShortQuery3PersonFriends|1791332466020|1791332466024|6|74|-1
LdbcQuery8|1791332465163|1791332466029|5|20|1347531569320
LdbcShortQuery4MessageContent|1791332466034|1791332466039|2|1|-1
LdbcShortQuery5MessageCreator|1791332466041|1791332466041|2|1|-1
LdbcShortQuery6MessageForum|1791332466043|1791332466043|2|1|-1
LdbcShortQuery7MessageReplies|1791332466045|1791332466046|2|0|-1
LdbcQuery7|1791332465163|1791332466049|7|20|1347531569320
LdbcShortQuery1PersonProfile|1791332466056|1791332466056|3|1|-1
LdbcShortQuery2PersonPosts|1791332466059|1791332466059|5|10|-1
LdbcShortQuery3PersonFriends|1791332466064|1791332466065|3|58|-1
LdbcShortQuery4MessageContent|1791332466068|1791332466080|3|1|-1
LdbcShortQuery5MessageCreator|1791332466083|1791332466083|2|1|-1
LdbcShortQuery6MessageForum|1791332466085|1791332466098|4|1|-1
LdbcShortQuery7MessageReplies|1791332466102|1791332466113|4|0|-1
LdbcShortQuery1PersonProfile|1791332466117|1791332466128|2|1|-1
LdbcShortQuery2PersonPosts|1791332466130|1791332466131|2|10|-1
LdbcShortQuery3PersonFriends|1791332466133|1791332466133|3|43|-1
LdbcUpdate5AddForumMembership|1791332467722|1791332467734|13|0|1347531594904
LdbcQuery8|1791332470024|1791332470028|7|20|1347531617927
LdbcShortQuery4MessageContent|1791332470035|1791332470035|3|1|-1
LdbcShortQuery5MessageCreator|1791332470038|1791332470039|3|1|-1
LdbcShortQuery6MessageForum|1791332470042|1791332470043|3|1|-1
LdbcShortQuery7MessageReplies|1791332470046|1791332470046|2|0|-1
LdbcShortQuery1PersonProfile|1791332470048|1791332470049|2|1|-1
LdbcShortQuery2PersonPosts|1791332470051|1791332470051|2|10|-1
LdbcShortQuery3PersonFriends|1791332470053|1791332470055|6|269|-1
LdbcQuery7|1791332470024|1791332470061|3|20|1347531617927
LdbcShortQuery1PersonProfile|1791332470064|1791332470074|2|1|-1
LdbcShortQuery2PersonPosts|1791332470076|1791332470076|3|10|-1
LdbcShortQuery3PersonFriends|1791332470079|1791332470080|3|4|-1
LdbcShortQuery4MessageContent|1791332470083|1791332470084|2|1|-1
LdbcShortQuery5MessageCreator|1791332470086|1791332470089|5|1|-1
LdbcShortQuery6MessageForum|1791332470094|1791332470094|3|1|-1
LdbcShortQuery7MessageReplies|1791332470097|1791332470098|2|6|-1
LdbcShortQuery1PersonProfile|1791332470100|1791332470105|3|1|-1
LdbcShortQuery2PersonPosts|1791332470108|1791332470109|2|8|-1
LdbcShortQuery3PersonFriends|1791332470111|1791332470111|3|27|-1
LdbcQuery5|1791332470024|1791332470114|92|20|1347531617927
LdbcShortQuery4MessageContent|1791332470206|1791332470207|1|1|-1
LdbcShortQuery5MessageCreator|1791332470208|1791332470210|1|1|-1
LdbcShortQuery6MessageForum|1791332470211|1791332470211|1|1|-1
LdbcShortQuery7MessageReplies|1791332470212|1791332470213|2|1|-1
LdbcShortQuery1PersonProfile|1791332470215|1791332470215|2|1|-1
LdbcShortQuery2PersonPosts|1791332470217|1791332470232|3|10|-1
LdbcShortQuery3PersonFriends|1791332470235|1791332470235|2|12|-1
LdbcShortQuery4MessageContent|1791332470237|1791332470244|2|1|-1
LdbcShortQuery5MessageCreator|1791332470246|1791332470246|2|1|-1
LdbcShortQuery6MessageForum|1791332470248|1791332470258|5|1|-1
LdbcShortQuery7MessageReplies|1791332470263|1791332470263|3|4|-1
LdbcQuery2|1791332470024|1791332470265|9|20|1347531617927
LdbcShortQuery1PersonProfile|1791332470274|1791332470277|3|1|-1
LdbcShortQuery2PersonPosts|1791332470280|1791332470281|3|10|-1
LdbcShortQuery3PersonFriends|1791332470284|1791332470284|2|10|-1
LdbcShortQuery4MessageContent|1791332470286|1791332470287|2|1|-1
LdbcShortQuery5MessageCreator|1791332470289|1791332470290|2|1|-1
LdbcShortQuery6MessageForum|1791332470292|1791332470292|2|1|-1
LdbcShortQuery7MessageReplies|1791332470294|1791332470294|2|0|-1
LdbcQuery11|1791332470024|1791332470297|5|0|1347531617927
LdbcShortQuery4MessageContent|1791332470302|1791332470319|4|1|-1
LdbcShortQuery5MessageCreator|1791332470323|1791332470323|2|1|-1
LdbcShortQuery6MessageForum|1791332470325|1791332470334|2|1|-1
LdbcShortQuery7MessageReplies|1791332470336|1791332470336|3|0|-1
LdbcShortQuery1PersonProfile|1791332470339|1791332470339|2|1|-1
LdbcShortQuery2PersonPosts|1791332470341|1791332470343|2|10|-1
LdbcShortQuery3PersonFriends|1791332470345|1791332470349|3|17|-1
LdbcQuery14|1791332470024|1791332470352|3|1|1347531617927
LdbcShortQuery1PersonProfile|1791332470355|1791332470355|2|1|-1
LdbcShortQuery2PersonPosts|1791332470357|1791332470357|3|10|-1
LdbcShortQuery3PersonFriends|1791332470360|1791332470362|3|32|-1
LdbcShortQuery4MessageContent|1791332470365|1791332470378|3|1|-1
LdbcShortQuery5MessageCreator|1791332470381|1791332470381|3|1|-1
LdbcShortQuery6MessageForum|1791332470384|1791332470384|2|1|-1
LdbcShortQuery7MessageReplies|1791332470386|1791332470387|3|0|-1
LdbcShortQuery1PersonProfile|1791332470390|1791332470390|2|1|-1
LdbcShortQuery2PersonPosts|1791332470392|1791332470392|3|0|-1
LdbcShortQuery3PersonFriends|1791332470395|1791332470395|2|15|-1
LdbcShortQuery4MessageContent|1791332470397|1791332470399|2|1|-1
LdbcShortQuery5MessageCreator|1791332470401|1791332470410|5|1|-1
LdbcShortQuery6MessageForum|1791332470415|1791332470415|3|1|-1
LdbcShortQuery7MessageReplies|1791332470418|1791332470419|4|0|-1
LdbcQuery9|1791332470024|1791332470419|113|20|1347531617927
LdbcShortQuery4MessageContent|1791332470532|1791332470534|1|1|-1
LdbcShortQuery5MessageCreator|1791332470535|1791332470544|3|1|-1
LdbcShortQuery6MessageForum|1791332470547|1791332470547|3|1|-1
LdbcShortQuery7MessageReplies|1791332470550|1791332470556|4|3|-1
LdbcShortQuery1PersonProfile|1791332470560|1791332470561|2|1|-1
LdbcShortQuery2PersonPosts|1791332470563|1791332470564|2|10|-1
LdbcShortQuery3PersonFriends|1791332470566|1791332470566|4|149|-1
LdbcShortQuery4MessageContent|1791332470570|1791332470570|3|1|-1
LdbcShortQuery5MessageCreator|1791332470573|1791332470574|2|1|-1
LdbcShortQuery6MessageForum|1791332470576|1791332470585|4|1|-1
LdbcShortQuery7MessageReplies|1791332470589|1791332470589|3|0|-1
LdbcShortQuery1PersonProfile|1791332470592|1791332470593|2|1|-1
LdbcShortQuery2PersonPosts|1791332470595|1791332470597|3|10|-1
LdbcShortQuery3PersonFriends|1791332470600|1791332470601|8|189|-1
LdbcQuery4|1791332470024|1791332470609|8|3|1347531617927
LdbcShortQuery1PersonProfile|1791332470617|1791332470629|5|1|-1
LdbcShortQuery2PersonPosts|1791332470634|1791332470635|4|10|-1
LdbcShortQuery3PersonFriends|1791332470639|1791332470639|2|4|-1
LdbcShortQuery4MessageContent|1791332470641|1791332470642|2|1|-1
LdbcShortQuery5MessageCreator|1791332470644|1791332470657|3|1|-1
LdbcShortQuery6MessageForum|1791332470660|1791332470660|3|1|-1
LdbcShortQuery7MessageReplies|1791332470663|1791332470664|2|0|-1
LdbcShortQuery1PersonProfile|1791332470666|1791332470666|2|1|-1
LdbcShortQuery2PersonPosts|1791332470668|1791332470668|2|10|-1
LdbcShortQuery3PersonFriends|1791332470670|1791332470670|1|29|-1
LdbcQuery13|1791332470024|1791332470672|2|1|1347531617927
LdbcShortQuery4MessageContent|1791332470674|1791332470674|1|1|-1
LdbcShortQuery5MessageCreator|1791332470675|1791332470676|1|1|-1
LdbcShortQuery6MessageForum|1791332470677|1791332470677|1|1|-1
LdbcShortQuery7MessageReplies|1791332470678|1791332470679|1|0|-1
LdbcShortQuery1PersonProfile|1791332470680|1791332470681|1|1|-1
LdbcShortQuery2PersonPosts|1791332470682|1791332470683|2|10|-1
LdbcShortQuery3PersonFriends|1791332470685|1791332470686|1|7|-1
LdbcQuery12|1791332470024|1791332470686|89|0|1347531617927
LdbcShortQuery1PersonProfile|1791332470775|1791332470776|3|1|-1
LdbcShortQuery2PersonPosts|1791332470779|1791332470781|5|10|-1
LdbcShortQuery3PersonFriends|1791332470786|1791332470787|3|25|-1
LdbcShortQuery4MessageContent|1791332470790|1791332470790|2|1|-1
LdbcShortQuery5MessageCreator|1791332470792|1791332470793|1|1|-1
LdbcShortQuery6MessageForum|1791332470794|1791332470795|1|1|-1
LdbcShortQuery7MessageReplies|1791332470796|1791332470796|1|0|-1
LdbcShortQuery1PersonProfile|1791332470797|1791332470797|0|1|-1
LdbcShortQuery2PersonPosts|1791332470797|1791332470797|1|10|-1
LdbcShortQuery3PersonFriends|1791332470798|1791332470799|4|269|-1
LdbcQuery3|1791332470024|1791332470804|54|0|1347531617927
LdbcShortQuery4MessageContent|1791332470858|1791332470859|1|1|-1
LdbcShortQuery5MessageCreator|1791332470860|1791332470861|2|1|-1
LdbcShortQuery6MessageForum|1791332470863|1791332470879|3|1|-1
LdbcShortQuery7MessageReplies|1791332470882|1791332470892|3|10|-1
LdbcShortQuery1PersonProfile|1791332470895|1791332470906|2|1|-1
LdbcShortQuery2PersonPosts|1791332470908|1791332470922|4|8|-1
LdbcShortQuery3PersonFriends|1791332470926|1791332470939|4|44|-1
LdbcShortQuery4MessageContent|1791332470943|1791332470943|3|1|-1
LdbcShortQuery5MessageCreator|1791332470946|1791332470947|2|1|-1
LdbcShortQuery6MessageForum|1791332470949|1791332470949|2|1|-1
LdbcShortQuery7MessageReplies|1791332470951|1791332470953|3|4|-1
LdbcShortQuery1PersonProfile|1791332470956|1791332470956|2|1|-1
LdbcShortQuery2PersonPosts|1791332470958|1791332470959|3|10|-1
LdbcShortQuery3PersonFriends|1791332470962|1791332470963|3|44|-1
LdbcQuery10|1791332470024|1791332470966|47|10|1347531617927
LdbcShortQuery1PersonProfile|1791332471013|1791332471013|2|1|-1
LdbcShortQuery2PersonPosts|1791332471015|1791332471016|1|10|-1
LdbcShortQuery3PersonFriends|1791332471017|1791332471018|2|65|-1
LdbcQuery1|1791332470024|1791332471020|2|1|1347531617927
LdbcShortQuery4MessageContent|1791332471022|1791332471023|1|1|-1
LdbcShortQuery5MessageCreator|1791332471024|1791332471024|1|1|-1
LdbcShortQuery6MessageForum|1791332471025|1791332471025|1|1|-1
LdbcShortQuery7MessageReplies|1791332471026|1791332471027|1|0|-1
LdbcShortQuery1PersonProfile|1791332471028|1791332471029|1|1|-1
LdbcShortQuery2PersonPosts|1791332471030|1791332471030|2|10|-1
LdbcShortQuery3PersonFriends|1791332471032|1791332471033|3|100|-1
LdbcShortQuery4MessageContent|1791332471036|1791332471037|1|1|-1
LdbcShortQuery5MessageCreator|1791332471038|1791332471039|2|1|-1
LdbcShortQuery6MessageForum|1791332471041|1791332471041|2|1|-1
LdbcShortQuery7MessageReplies|1791332471043|1791332471045|3|3|-1
LdbcQuery6|1791332470024|1791332471049|66|10|1347531617927
LdbcShortQuery1PersonProfile|1791332471115|1791332471117|3|1|-1
LdbcShortQuery2PersonPosts|1791332471120|1791332471120|3|10|-1
LdbcShortQuery3PersonFriends|1791332471123|1791332471137|3|70|-1
LdbcShortQuery4MessageContent|1791332471140|1791332471152|4|1|-1
LdbcShortQuery5MessageCreator|1791332471156|1791332471156|2|1|-1
LdbcShortQuery6MessageForum|1791332471158|1791332471159|2|1|-1
LdbcShortQuery7MessageReplies|1791332471161|1791332471161|2|2|-1
LdbcQuery1|1791332474885|1791332474886|2|2|1347531666534
LdbcShortQuery4MessageContent|1791332474888|1791332474889|1|1|-1
LdbcShortQuery5MessageCreator|1791332474890|1791332474891|1|1|-1
LdbcShortQuery6MessageForum|1791332474892|1791332474892|1|1|-1
LdbcShortQuery7MessageReplies|1791332474893|1791332474894|2|2|-1
LdbcQuery6|1791332474885|1791332474895|42|10|1347531666534
LdbcShortQuery1PersonProfile|1791332474937|1791332474938|1|1|-1
LdbcShortQuery2PersonPosts|1791332474939|1791332474939|1|10|-1
LdbcShortQuery3PersonFriends|1791332474940|1791332474941|1|28|-1
LdbcQuery9|1791332474885|1791332474943|90|20|1347531666534
LdbcShortQuery4MessageContent|1791332475033|1791332475034|1|1|-1
LdbcShortQuery5MessageCreator|1791332475035|1791332475038|2|1|-1
LdbcShortQuery6MessageForum|1791332475040|1791332475040|1|1|-1
LdbcShortQuery7MessageReplies|1791332475041|1791332475051|2|0|-1
LdbcShortQuery1PersonProfile|1791332475053|1791332475067|3|1|-1
LdbcShortQuery2PersonPosts|1791332475070|1791332475071|3|10|-1
LdbcShortQuery3PersonFriends|1791332475074|1791332475083|5|63|-1
LdbcQuery5|1791332474885|1791332475089|63|20|1347531666534
LdbcShortQuery1PersonProfile|1791332475152|1791332475152|1|1|-1
LdbcShortQuery2PersonPosts|1791332475153|1791332475154|1|10|-1
LdbcShortQuery3PersonFriends|1791332475155|1791332475156|1|24|-1
LdbcShortQuery4MessageContent|1791332475157|1791332475159|1|1|-1
LdbcShortQuery5MessageCreator|1791332475160|1791332475174|2|1|-1
LdbcShortQuery6MessageForum|1791332475176|1791332475177|1|1|-1
LdbcShortQuery7MessageReplies|1791332475178|1791332475178|2|0|-1
LdbcQuery8|1791332474885|1791332475180|5|20|1347531666534
LdbcShortQuery4MessageContent|1791332475185|1791332475186|3|1|-1
LdbcShortQuery5MessageCreator|1791332475189|1791332475189|2|1|-1
LdbcShortQuery6MessageForum|1791332475191|1791332475192|4|1|-1
LdbcShortQuery7MessageReplies|1791332475196|1791332475196|1|0|-1
LdbcShortQuery1PersonProfile|1791332475197|1791332475197|1|1|-1
LdbcShortQuery2PersonPosts|1791332475198|1791332475199|2|10|-1
LdbcShortQuery3PersonFriends|1791332475201|1791332475201|2|63|-1
LdbcShortQuery4MessageContent|1791332475203|1791332475205|1|1|-1
LdbcShortQuery5MessageCreator|1791332475206|1791332475216|3|1|-1
LdbcShortQuery6MessageForum|1791332475219|1791332475219|4|1|-1
LdbcShortQuery7MessageReplies|1791332475223|1791332475224|3|0|-1
LdbcQuery7|1791332474885|1791332475224|5|20|1347531666534
LdbcShortQuery1PersonProfile|1791332475229|1791332475230|2|1|-1
LdbcShortQuery2PersonPosts|1791332475232|1791332475235|4|10|-1
LdbcShortQuery3PersonFriends|1791332475239|1791332475239|2|24|-1
LdbcShortQuery4MessageContent|1791332475241|1791332475243|2|1|-1
LdbcShortQuery5MessageCreator|1791332475245|1791332475246|1|1|-1
LdbcShortQuery6MessageForum|1791332475247|1791332475248|1|1|-1
LdbcShortQuery7MessageReplies|1791332475249|1791332475249|1|6|-1
LdbcShortQuery1PersonProfile|1791332475250|1791332475251|3|1|-1
LdbcShortQuery2PersonPosts|1791332475254|1791332475254|2|10|-1
LdbcShortQuery3PersonFriends|1791332475256|1791332475257|3|18|-1
LdbcQuery14|1791332474885|1791332475261|2|4|1347531666534
LdbcShortQuery4MessageContent|1791332475263|1791332475263|2|1|-1
LdbcShortQuery5MessageCreator|1791332475265|1791332475266|2|1|-1
LdbcShortQuery6MessageForum|1791332475268|1791332475271|2|1|-1
LdbcShortQuery7MessageReplies|1791332475273|1791332475286|3|0|-1
LdbcShortQuery1PersonProfile|1791332475289|1791332475290|2|1|-1
LdbcShortQuery2PersonPosts|1791332475292|1791332475292|2|10|-1
LdbcShortQuery3PersonFriends|1791332475294|1791332475295|2|16|-1
LdbcQuery2|1791332474885|1791332475297|7|20|1347531666534
LdbcShortQuery1PersonProfile|1791332475304|1791332475304|1|1|-1
LdbcShortQuery2PersonPosts|1791332475305|1791332475307|2|10|-1
LdbcShortQuery3PersonFriends|1791332475309|1791332475309|3|20|-1
LdbcShortQuery4MessageContent|1791332475312|1791332475313|3|1|-1
LdbcShortQuery5MessageCreator|1791332475316|1791332475316|3|1|-1
LdbcShortQuery6MessageForum|1791332475319|1791332475319|3|1|-1
LdbcShortQuery7MessageReplies|1791332475322|1791332475322|2|0|-1
LdbcQuery11|1791332474885|1791332475326|5|0|1347531666534
LdbcShortQuery4MessageContent|1791332475331|1791332475331|2|1|-1
LdbcShortQuery5MessageCreator|1791332475333|1791332475334|1|1|-1
LdbcShortQuery6MessageForum|1791332475335|1791332475336|2|1|-1
LdbcShortQuery7MessageReplies|1791332475338|1791332475338|1|0|-1
LdbcShortQuery1PersonProfile|1791332475339|1791332475340|2|1|-1
LdbcShortQuery2PersonPosts|1791332475342|1791332475346|3|10|-1
LdbcShortQuery3PersonFriends|1791332475349|1791332475349|2|27|-1
LdbcShortQuery4MessageContent|1791332475351|1791332475352|1|1|-1
LdbcShortQuery5MessageCreator|1791332475353|1791332475354|3|1|-1
LdbcShortQuery6MessageForum|1791332475357|1791332475357|2|1|-1
LdbcShortQuery7MessageReplies|1791332475359|1791332475359|2|9|-1
LdbcQuery10|1791332474885|1791332475362|14|10|1347531666534
LdbcShortQuery1PersonProfile|1791332475376|1791332475377|2|1|-1
LdbcShortQuery2PersonPosts|1791332475379|1791332475379|2|10|-1
LdbcShortQuery3PersonFriends|1791332475381|1791332475382|2|7|-1
LdbcShortQuery4MessageContent|1791332475384|1791332475385|1|1|-1
LdbcShortQuery5MessageCreator|1791332475386|1791332475386|1|1|-1
LdbcShortQuery6MessageForum|1791332475387|1791332475387|1|1|-1
LdbcShortQuery7MessageReplies|1791332475388|1791332475389|2|0|-1
LdbcShortQuery1PersonProfile|1791332475391|1791332475391|2|1|-1
LdbcShortQuery2PersonPosts|1791332475393|1791332475393|2|10|-1
LdbcShortQuery3PersonFriends|1791332475395|1791332475396|2|34|-1
LdbcQuery12|1791332474885|1791332475397|94|2|1347531666534
LdbcShortQuery4MessageContent|1791332475491|1791332475493|2|1|-1
LdbcShortQuery5MessageCreator|1791332475495|1791332475495|1|1|-1
LdbcShortQuery6MessageForum|1791332475496|1791332475497|2|1|-1
LdbcShortQuery7MessageReplies|1791332475499|1791332475500|2|0|-1
LdbcShortQuery1PersonProfile|1791332475502|1791332475503|2|1|-1
LdbcShortQuery2PersonPosts|1791332475505|1791332475505|2|10|-1
LdbcShortQuery3PersonFriends|1791332475507|1791332475507|4|70|-1
LdbcQuery4|1791332474885|1791332475510|5|3|1347531666534
LdbcShortQuery1PersonProfile|1791332475515|1791332475516|3|1|-1
LdbcShortQuery2PersonPosts|1791332475519|1791332475520|2|10|-1
LdbcShortQuery3PersonFriends|1791332475522|1791332475523|1|37|-1
LdbcQuery13|1791332474885|1791332475524|1|1|1347531666534
LdbcShortQuery4MessageContent|1791332475525|1791332475526|1|1|-1
LdbcShortQuery5MessageCreator|1791332475527|1791332475528|1|1|-1
LdbcShortQuery6MessageForum|1791332475529|1791332475529|1|1|-1
LdbcShortQuery7MessageReplies|1791332475530|1791332475541|1|0|-1
LdbcShortQuery1PersonProfile|1791332475542|1791332475559|5|1|-1
LdbcShortQuery2PersonPosts|1791332475564|1791332475565|3|10|-1
LdbcShortQuery3PersonFriends|1791332475568|1791332475569|4|50|-1
LdbcQuery3|1791332474885|1791332475572|40|0|1347531666534
LdbcShortQuery1PersonProfile|1791332475612|1791332475612|1|1|-1
LdbcShortQuery2PersonPosts|1791332475613|1791332475615|2|10|-1
LdbcShortQuery3PersonFriends|1791332475617|1791332475620|2|22|-1
LdbcUpdate2AddPostLike|1791332477458|1791332477470|10|0|1347531692261
LdbcQuery13|1791332479745|1791332479753|3|1|1347531715141
LdbcShortQuery4MessageContent|1791332479756|1791332479757|2|1|-1
LdbcShortQuery5MessageCreator|1791332479759|1791332479765|2|1|-1
LdbcShortQuery6MessageForum|1791332479767|1791332479783|3|1|-1
LdbcShortQuery7MessageReplies|1791332479786|1791332479787|3|6|-1
LdbcShortQuery1PersonProfile|1791332479790|1791332479798|3|1|-1
LdbcShortQuery2PersonPosts|1791332479801|1791332479802|3|10|-1
LdbcShortQuery3PersonFriends|1791332479805|1791332479805|2|29|-1
LdbcQuery3|1791332479745|1791332479807|71|0|1347531715141
LdbcShortQuery1PersonProfile|1791332479878|1791332479879|1|1|-1
LdbcShortQuery2PersonPosts|1791332479880|1791332479882|2|10|-1
LdbcShortQuery3PersonFriends|1791332479884|1791332479885|2|5|-1
LdbcShortQuery4MessageContent|1791332479887|1791332479897|3|1|-1
LdbcShortQuery5MessageCreator|1791332479900|1791332479902|1|1|-1
LdbcShortQuery6MessageForum|1791332479903|1791332479903|1|1|-1
LdbcShortQuery7MessageReplies|1791332479904|1791332479905|1|6|-1
LdbcShortQuery1PersonProfile|1791332479906|1791332479907|1|1|-1
LdbcShortQuery2PersonPosts|1791332479908|1791332479908|1|10|-1
LdbcShortQuery3PersonFriends|1791332479909|1791332479910|2|11|-1
LdbcQuery14|1791332479745|1791332479912|2|7|1347531715141
LdbcShortQuery4MessageContent|1791332479914|1791332479914|2|1|-1
LdbcShortQuery5MessageCreator|1791332479916|1791332479917|2|1|-1
LdbcShortQuery6MessageForum|1791332479919|1791332479919|2|1|-1
LdbcShortQuery7MessageReplies|1791332479921|1791332479921|2|1|-1
LdbcQuery9|1791332479745|1791332479924|74|20|1347531715141
LdbcShortQuery1PersonProfile|1791332479998|1791332479998|3|1|-1
LdbcShortQuery2PersonPosts|1791332480001|1791332480011|4|10|-1
LdbcShortQuery3PersonFriends|1791332480015|1791332480016|3|32|-1
LdbcShortQuery4MessageContent|1791332480019|1791332480020|2|1|-1
LdbcShortQuery5MessageCreator|1791332480022|1791332480029|2|1|-1
LdbcShortQuery6MessageForum|1791332480031|1791332480041|2|1|-1
LdbcShortQuery7MessageReplies|1791332480043|1791332480058|2|2|-1
LdbcShortQuery1PersonProfile|1791332480060|1791332480071|6|1|-1
LdbcShortQuery2PersonPosts|1791332480077|1791332480087|5|10|-1
LdbcShortQuery3PersonFriends|1791332480092|1791332480099|3|15|-1
LdbcQuery1|1791332479745|1791332480100|3|4|1347531715141
LdbcShortQuery4MessageContent|1791332480103|1791332480103|2|1|-1
LdbcShortQuery5MessageCreator|1791332480105|1791332480107|2|1|-1
LdbcShortQuery6MessageForum|1791332480109|1791332480112|2|1|-1
LdbcShortQuery7MessageReplies|1791332480114|1791332480128|8|0|-1
LdbcQuery6|1791332479745|1791332480136|47|10|1347531715141
LdbcShortQuery1PersonProfile|1791332480183|1791332480183|1|1|-1
LdbcShortQuery2PersonPosts|1791332480184|1791332480196|2|10|-1
LdbcShortQuery3PersonFriends|1791332480198|1791332480212|1|5|-1
LdbcShortQuery4MessageContent|1791332480213|1791332480226|3|1|-1
LdbcShortQuery5MessageCreator|1791332480229|1791332480229|3|1|-1
LdbcShortQuery6MessageForum|1791332480232|1791332480242|4|1|-1
LdbcShortQuery7MessageReplies|1791332480246|1791332480246|1|0|-1
LdbcShortQuery1PersonProfile|1791332480247|1791332480255|4|1|-1
LdbcShortQuery2PersonPosts|1791332480259|1791332480260|3|10|-1
LdbcShortQuery3PersonFriends|1791332480263|1791332480268|2|17|-1
LdbcQuery7|1791332479745|1791332480268|5|20|1347531715141
LdbcShortQuery4MessageContent|1791332480273|1791332480277|2|1|-1
LdbcShortQuery5MessageCreator|1791332480279|1791332480283|5|1|-1
LdbcShortQuery6MessageForum|1791332480288|1791332480296|3|1|-1
LdbcShortQuery7MessageReplies|1791332480299|1791332480308|4|4|-1
LdbcShortQuery1PersonProfile|1791332480312|1791332480313|2|1|-1
LdbcShortQuery2PersonPosts|1791332480315|1791332480321|3|10|-1
LdbcShortQuery3PersonFriends|1791332480324|1791332480334|7|109|-1
LdbcShortQuery4MessageContent|1791332480341|1791332480347|3|1|-1
LdbcShortQuery5MessageCreator|1791332480350|1791332480363|4|1|-1
LdbcShortQuery6MessageForum|1791332480367|1791332480368|3|1|-1
LdbcShortQuery7MessageReplies|1791332480371|1791332480371|2|0|-1
LdbcShortQuery1PersonProfile|1791332480373|1791332480374|2|1|-1
LdbcShortQuery2PersonPosts|1791332480376|1791332480376|3|10|-1
LdbcShortQuery3PersonFriends|1791332480379|1791332480380|3|14|-1
LdbcQuery5|1791332479745|1791332480383|89|20|1347531715141
LdbcShortQuery1PersonProfile|1791332480472|1791332480472|2|1|-1
LdbcShortQuery2PersonPosts|1791332480474|1791332480474|2|10|-1
LdbcShortQuery3PersonFriends|1791332480476|1791332480477|3|38|-1
LdbcShortQuery4MessageContent|1791332480480|1791332480481|2|1|-1
LdbcShortQuery5MessageCreator|1791332480483|1791332480494|2|1|-1
LdbcShortQuery6MessageForum|1791332480496|1791332480507|2|1|-1
LdbcShortQuery7MessageReplies|1791332480509|1791332480520|1|0|-1
LdbcQuery8|1791332479745|1791332480520|1|20|1347531715141
LdbcShortQuery4MessageContent|1791332480521|1791332480534|1|1|-1
LdbcShortQuery5MessageCreator|1791332480535|1791332480546|1|1|-1
LdbcShortQuery6MessageForum|1791332480547|1791332480547|0|1|-1
LdbcShortQuery7MessageReplies|1791332480547|1791332480547|0|0|-1
LdbcQuery4|1791332479745|1791332480547|1|3|1347531715141
LdbcShortQuery1PersonProfile|1791332480548|1791332480551|0|1|-1
LdbcShortQuery2PersonPosts|1791332480551|1791332480551|0|10|-1
LdbcShortQuery3PersonFriends|1791332480551|1791332480551|1|88|-1
LdbcShortQuery4MessageContent|1791332480552|1791332480559|1|1|-1
LdbcShortQuery5MessageCreator|1791332480560|1791332480572|4|1|-1
LdbcShortQuery6MessageForum|1791332480576|1791332480576|3|1|-1
LdbcShortQuery7MessageReplies|1791332480579|1791332480585|3|4|-1
LdbcShortQuery1PersonProfile|1791332480588|1791332480601|2|1|-1
LdbcShortQuery2PersonPosts|1791332480603|1791332480614|3|10|-1
LdbcShortQuery3PersonFriends|1791332480617|1791332480628|3|28|-1
LdbcQuery10|1791332479745|1791332480632|30|10|1347531715141
LdbcShortQuery4MessageContent|1791332480662|1791332480669|1|1|-1
LdbcShortQuery5MessageCreator|1791332480670|1791332480682|1|1|-1
LdbcShortQuery6MessageForum|1791332480683|1791332480699|3|1|-1
LdbcShortQuery7MessageReplies|1791332480702|1791332480715|4|2|-1
LdbcQuery2|1791332479745|1791332480719|8|20|1347531715141
LdbcShortQuery1PersonProfile|1791332480727|1791332480728|2|1|-1
LdbcShortQuery2PersonPosts|1791332480730|1791332480741|6|10|-1
LdbcShortQuery3PersonFriends|1791332480747|1791332480754|6|49|-1
LdbcShortQuery4MessageContent|1791332480760|1791332480770|3|1|-1
LdbcShortQuery5MessageCreator|1791332480773|1791332480782|3|1|-1
LdbcShortQuery6MessageForum|1791332480785|1791332480799|2|1|-1
LdbcShortQuery7MessageReplies|1791332480801|1791332480812|4|0|-1
LdbcQuery11|1791332479745|1791332480817|4|0|1347531715141
LdbcShortQuery4MessageContent|1791332480821|1791332480821|2|1|-1
LdbcShortQuery5MessageCreator|1791332480823|1791332480826|2|1|-1
LdbcShortQuery6MessageForum|1791332480828|1791332480840|5|1|-1
LdbcShortQuery7MessageReplies|1791332480845|1791332480845|2|0|-1
LdbcShortQuery1PersonProfile|1791332480847|1791332480853|3|1|-1
LdbcShortQuery2PersonPosts|1791332480856|1791332480867|6|2|-1
LdbcShortQuery3PersonFriends|1791332480873|1791332480880|12|338|-1
LdbcQuery12|1791332479745|1791332480892|90|1|1347531715141
LdbcShortQuery1PersonProfile|1791332480982|1791332480983|1|1|-1
LdbcShortQuery2PersonPosts|1791332480984|1791332480992|3|10|-1
LdbcShortQuery3PersonFriends|1791332480995|1791332481006|5|8|-1
LdbcShortQuery4MessageContent|1791332481011|1791332481011|3|1|-1
LdbcShortQuery5MessageCreator|1791332481014|1791332481020|2|1|-1
LdbcShortQuery6MessageForum|1791332481022|1791332481036|4|1|-1
LdbcShortQuery7MessageReplies|1791332481040|1791332481040|4|2|-1
LdbcQuery11|1791332484606|1791332484614|1|0|1347531763748
LdbcShortQuery4MessageContent|1791332484615|1791332484627|1|1|-1
LdbcShortQuery5MessageCreator|1791332484628|1791332484643|5|1|-1
LdbcShortQuery6MessageForum|1791332484648|1791332484656|3|1|-1
LdbcShortQuery7MessageReplies|1791332484659|1791332484669|4|0|-1
LdbcShortQuery1PersonProfile|1791332484673|1791332484673|3|1|-1
LdbcShortQuery2PersonPosts|1791332484676|1791332484677|4|10|-1
LdbcShortQuery3PersonFriends|1791332484681|1791332484681|7|269|-1
LdbcShortQuery4MessageContent|1791332484688|1791332484698|8|1|-1
LdbcShortQuery5MessageCreator|1791332484706|1791332484706|1|1|-1
LdbcShortQuery6MessageForum|1791332484707|1791332484710|5|1|-1
LdbcShortQuery7MessageReplies|1791332484715|1791332484723|3|0|-1
LdbcQuery12|1791332484606|1791332484727|78|1|1347531763748
LdbcShortQuery1PersonProfile|1791332484805|1791332484806|2|1|-1
LdbcShortQuery2PersonPosts|1791332484808|1791332484814|7|10|-1
LdbcShortQuery3PersonFriends|1791332484821|1791332484827|1|5|-1
LdbcShortQuery4MessageContent|1791332484828|1791332484828|2|1|-1
LdbcShortQuery5MessageCreator|1791332484830|1791332484831|1|1|-1
LdbcShortQuery6MessageForum|1791332484832|1791332484843|2|1|-1
LdbcShortQuery7MessageReplies|1791332484845|1791332484859|2|0|-1
LdbcShortQuery1PersonProfile|1791332484861|1791332484872|2|1|-1
LdbcShortQuery2PersonPosts|1791332484874|1791332484885|2|10|-1
LdbcShortQuery3PersonFriends|1791332484887|1791332484902|4|49|-1
LdbcQuery7|1791332484606|1791332484906|4|20|1347531763748
LdbcShortQuery4MessageContent|1791332484910|1791332484911|0|1|-1
LdbcShortQuery5MessageCreator|1791332484911|1791332484911|0|1|-1
LdbcShortQuery6MessageForum|1791332484911|1791332484911|0|1|-1
LdbcShortQuery7MessageReplies|1791332484911|1791332484911|1|2|-1
LdbcShortQuery1PersonProfile|1791332484912|1791332484915|3|1|-1
LdbcShortQuery2PersonPosts|1791332484918|1791332484919|3|10|-1
LdbcShortQuery3PersonFriends|1791332484922|1791332484931|4|56|-1
LdbcShortQuery4MessageContent|1791332484935|1791332484946|3|1|-1
LdbcShortQuery5MessageCreator|1791332484949|1791332484949|3|1|-1
LdbcShortQuery6MessageForum|1791332484952|1791332484952|1|1|-1
LdbcShortQuery7MessageReplies|1791332484953|1791332484954|1|0|-1
LdbcQuery14|1791332484606|1791332484956|1|4|1347531763748
LdbcShortQuery1PersonProfile|1791332484957|1791332484957|1|1|-1
LdbcShortQuery2PersonPosts|1791332484958|1791332484958|2|10|-1
LdbcShortQuery3PersonFriends|1791332484960|1791332484960|1|82|-1
LdbcShortQuery4MessageContent|1791332484961|1791332484978|2|1|-1
LdbcShortQuery5MessageCreator|1791332484980|1791332484980|2|1|-1
LdbcShortQuery6MessageForum|1791332484982|1791332484988|2|1|-1
LdbcShortQuery7MessageReplies|1791332484990|1791332485004|2|6|-1
LdbcShortQuery1PersonProfile|1791332485006|1791332485017|1|1|-1
LdbcShortQuery2PersonPosts|1791332485018|1791332485030|2|10|-1
LdbcShortQuery3PersonFriends|1791332485032|1791332485042|1|40|-1
LdbcQuery13|1791332484606|1791332485042|1|1|1347531763748
LdbcShortQuery4MessageContent|1791332485043|1791332485055|2|1|-1
LdbcShortQuery5MessageCreator|1791332485057|1791332485067|2|1|-1
LdbcShortQuery6MessageForum|1791332485069|1791332485081|2|1|-1
LdbcShortQuery7MessageReplies|1791332485083|1791332485083|2|0|-1
LdbcShortQuery1PersonProfile|1791332485085|1791332485085|2|1|-1
LdbcShortQuery2PersonPosts|1791332485087|1791332485087|2|10|-1
LdbcShortQuery3PersonFriends|1791332485089|1791332485089|1|6|-1
LdbcShortQuery4MessageContent|1791332485090|1791332485091|1|1|-1
LdbcShortQuery5MessageCreator|1791332485092|1791332485093|2|1|-1
LdbcShortQuery6MessageForum|1791332485095|1791332485095|2|1|-1
LdbcShortQuery7MessageReplies|1791332485097|1791332485097|2|0|-1
LdbcShortQuery1PersonProfile|1791332485099|1791332485099|1|1|-1
LdbcShortQuery2PersonPosts|1791332485100|1791332485101|2|10|-1
LdbcShortQuery3PersonFriends|1791332485103|1791332485105|2|25|-1
LdbcQuery3|1791332484606|1791332485107|148|0|1347531763748
LdbcShortQuery1PersonProfile|1791332485255|1791332485265|1|1|-1
LdbcShortQuery2PersonPosts|1791332485266|1791332485266|1|10|-1
LdbcShortQuery3PersonFriends|1791332485267|1791332485278|6|340|-1
LdbcShortQuery4MessageContent|1791332485284|1791332485291|1|1|-1
LdbcShortQuery5MessageCreator|1791332485292|1791332485303|11|1|-1
LdbcShortQuery6MessageForum|1791332485314|1791332485317|2|1|-1
LdbcShortQuery7MessageReplies|1791332485319|1791332485329|2|0|-1
LdbcQuery6|1791332484606|1791332485329|40|10|1347531763748
LdbcShortQuery4MessageContent|1791332485369|1791332485370|1|1|-1
LdbcShortQuery5MessageCreator|1791332485371|1791332485374|3|1|-1
LdbcShortQuery6MessageForum|1791332485377|1791332485378|2|1|-1
LdbcShortQuery7MessageReplies|1791332485380|1791332485383|2|4|-1
LdbcShortQuery1PersonProfile|1791332485385|1791332485404|1|1|-1
LdbcShortQuery2PersonPosts|1791332485405|1791332485417|2|10|-1
LdbcShortQuery3PersonFriends|1791332485419|1791332485433|2|13|-1
LdbcQuery9|1791332484606|1791332485436|80|20|1347531763748
LdbcShortQuery1PersonProfile|1791332485516|1791332485522|2|1|-1
LdbcShortQuery2PersonPosts|1791332485524|1791332485535|2|10|-1
LdbcShortQuery3PersonFriends|1791332485537|1791332485551|27|38|-1
LdbcQuery1|1791332484606|1791332485577|2|2|1347531763748
LdbcShortQuery4MessageContent|1791332485579|1791332485581|1|1|-1
LdbcShortQuery5MessageCreator|1791332485582|1791332485591|1|1|-1
LdbcShortQuery6MessageForum|1791332485592|1791332485604|2|1|-1
LdbcShortQuery7MessageReplies|1791332485606|1791332485608|1|3|-1
LdbcShortQuery1PersonProfile|1791332485609|1791332485617|2|1|-1
LdbcShortQuery2PersonPosts|1791332485619|1791332485630|5|10|-1
LdbcShortQuery3PersonFriends|1791332485635|1791332485647|3|44|-1
LdbcShortQuery4MessageContent|1791332485650|1791332485651|1|1|-1
LdbcShortQuery5MessageCreator|1791332485652|1791332485653|1|1|-1
LdbcShortQuery6MessageForum|1791332485654|1791332485655|1|1|-1
LdbcShortQuery7MessageReplies|1791332485656|1791332485659|3|1|-1
LdbcQuery2|1791332484606|1791332485659|8|20|1347531763748
LdbcShortQuery1PersonProfile|1791332485667|1791332485671|1|1|-1
LdbcShortQuery2PersonPosts|1791332485672|1791332485676|5|10|-1
LdbcShortQuery3PersonFriends|1791332485681|1791332485688|6|13|-1
LdbcShortQuery4MessageContent|1791332485694|1791332485700|3|1|-1
LdbcShortQuery5MessageCreator|1791332485703|1791332485714|7|1|-1
LdbcShortQuery6MessageForum|1791332485721|1791332485727|2|1|-1
LdbcShortQuery7MessageReplies|1791332485729|1791332485744|5|4|-1
LdbcShortQuery1PersonProfile|1791332485749|1791332485757|4|1|-1
LdbcShortQuery2PersonPosts|1791332485761|1791332485761|2|10|-1
LdbcShortQuery3PersonFriends|1791332485763|1791332485772|6|34|-1
LdbcShortQuery4MessageContent|1791332485778|1791332485786|3|1|-1
LdbcShortQuery5MessageCreator|1791332485789|1791332485799|5|1|-1
LdbcShortQuery6MessageForum|1791332485804|1791332485805|2|1|-1
LdbcShortQuery7MessageReplies|1791332485807|1791332485807|2|6|-1
LdbcQuery4|1791332484606|1791332485807|2|3|1347531763748
LdbcShortQuery4MessageContent|1791332485809|1791332485811|1|1|-1
LdbcShortQuery5MessageCreator|1791332485812|1791332485815|2|1|-1
LdbcShortQuery6MessageForum|1791332485817|1791332485817|1|1|-1
LdbcShortQuery7MessageReplies|1791332485818|1791332485829|4|0|-1
LdbcShortQuery1PersonProfile|1791332485833|1791332485842|4|1|-1
LdbcShortQuery2PersonPosts|1791332485846|1791332485846|2|10|-1
LdbcShortQuery3PersonFriends|1791332485848|1791332485856|4|26|-1
LdbcQuery5|1791332484606|1791332485860|32|20|1347531763748
LdbcShortQuery1PersonProfile|1791332485892|1791332485898|3|1|-1
LdbcShortQuery2PersonPosts|1791332485901|1791332485911|4|10|-1
LdbcShortQuery3PersonFriends|1791332485915|1791332485924|4|31|-1
LdbcShortQuery4MessageContent|1791332485928|1791332485928|2|1|-1
LdbcShortQuery5MessageCreator|1791332485930|1791332485945|3|1|-1
LdbcShortQuery6MessageForum|1791332485948|1791332485949|2|1|-1
LdbcShortQuery7MessageReplies|1791332485951|1791332485957|4|6|-1
LdbcShortQuery1PersonProfile|1791332485961|1791332485962|1|1|-1
LdbcShortQuery2PersonPosts|1791332485963|1791332485963|2|10|-1
LdbcShortQuery3PersonFriends|1791332485965|1791332485966|2|72|-1
LdbcShortQuery4MessageContent|1791332485968|1791332485970|2|1|-1
LdbcShortQuery5MessageCreator|1791332485972|1791332485983|2|1|-1
LdbcShortQuery6MessageForum|1791332485985|1791332485985|2|1|-1
LdbcShortQuery7MessageReplies|1791332485987|1791332485987|1|0|-1
LdbcQuery8|1791332484606|1791332485989|5|20|1347531763748
LdbcShortQuery4MessageContent|1791332485994|1791332485996|4|1|-1
LdbcShortQuery5MessageCreator|1791332486000|1791332486000|2|1|-1
LdbcShortQuery6MessageForum|1791332486002|1791332486014|3|1|-1
LdbcShortQuery7MessageReplies|1791332486017|1791332486030|5|0|-1
LdbcShortQuery1PersonProfile|1791332486035|1791332486048|2|1|-1
LdbcShortQuery2PersonPosts|1791332486050|1791332486060|6|10|-1
LdbcShortQuery3PersonFriends|1791332486066|1791332486073|8|340|-1
LdbcShortQuery4MessageContent|1791332486081|1791332486081|2|1|-1
LdbcShortQuery5MessageCreator|1791332486083|1791332486089|3|1|-1
LdbcShortQuery6MessageForum|1791332486092|1791332486102|2|1|-1
LdbcShortQuery7MessageReplies|1791332486104|1791332486117|4|0|-1
LdbcQuery10|1791332484606|1791332486122|44|10|1347531763748
LdbcShortQuery1PersonProfile|1791332486166|1791332486181|8|1|-1
LdbcShortQuery2PersonPosts|1791332486189|1791332486189|2|10|-1
LdbcShortQuery3PersonFriends|1791332486191|1791332486198|3|37|-1
LdbcShortQuery4MessageContent|1791332486201|1791332486201|2|1|-1
LdbcShortQuery5MessageCreator|1791332486203|1791332486214|2|1|-1
LdbcShortQuery6MessageForum|1791332486216|1791332486216|2|1|-1
LdbcShortQuery7MessageReplies|1791332486218|1791332486219|2|5|-1
LdbcShortQuery1PersonProfile|1791332486221|1791332486227|4|1|-1
LdbcShortQuery2PersonPosts|1791332486231|1791332486231|2|10|-1
LdbcShortQuery3PersonFriends|1791332486233|1791332486243|6|96|-1
LdbcQuery8|1791332489467|1791332489472|7|20|1347531812355
LdbcShortQuery4MessageContent|1791332489479|1791332489485|3|1|-1
LdbcShortQuery5MessageCreator|1791332489488|1791332489498|3|1|-1
LdbcShortQuery6MessageForum|1791332489501|1791332489511|3|1|-1
LdbcShortQuery7MessageReplies|1791332489514|1791332489523|3|6|-1
LdbcShortQuery1PersonProfile|1791332489526|1791332489536|3|1|-1
LdbcShortQuery2PersonPosts|1791332489539|1791332489549|2|10|-1
LdbcShortQuery3PersonFriends|1791332489551|1791332489563|3|4|-1
LdbcShortQuery4MessageContent|1791332489566|1791332489580|3|1|-1
LdbcShortQuery5MessageCreator|1791332489583|1791332489596|2|1|-1
LdbcShortQuery6MessageForum|1791332489598|1791332489609|2|1|-1
LdbcShortQuery7MessageReplies|1791332489611|1791332489622|1|2|-1
LdbcShortQuery1PersonProfile|1791332489623|1791332489634|3|1|-1
LdbcShortQuery2PersonPosts|1791332489637|1791332489651|2|10|-1
LdbcShortQuery3PersonFriends|1791332489653|1791332489665|2|0|-1
LdbcQuery10|1791332489467|1791332489666|15|10|1347531812355
LdbcShortQuery1PersonProfile|1791332489681|1791332489692|2|1|-1
LdbcShortQuery2PersonPosts|1791332489694|1791332489705|4|10|-1
LdbcShortQuery3PersonFriends|1791332489709|1791332489709|3|23|-1
LdbcShortQuery4MessageContent|1791332489712|1791332489717|3|1|-1
LdbcShortQuery5MessageCreator|1791332489720|1791332489730|3|1|-1
LdbcShortQuery6MessageForum|1791332489733|1791332489747|2|1|-1
LdbcShortQuery7MessageReplies|1791332489749|1791332489763|2|6|-1
LdbcQuery6|1791332489467|1791332489765|55|10|1347531812355
LdbcShortQuery4MessageContent|1791332489820|1791332489835|3|1|-1
LdbcShortQuery5MessageCreator|1791332489838|1791332489848|2|1|-1
LdbcShortQuery6MessageForum|1791332489850|1791332489863|3|1|-1
LdbcShortQuery7MessageReplies|1791332489866|1791332489878|3|1|-1
LdbcShortQuery1PersonProfile|1791332489881|1791332489881|1|1|-1
LdbcShortQuery2PersonPosts|1791332489882|1791332489893|3|10|-1
LdbcShortQuery3PersonFriends|1791332489896|1791332489897|3|71|-1
LdbcQuery7|1791332489467|1791332489897|4|20|1347531812355
LdbcShortQuery1PersonProfile|1791332489901|1791332489901|2|1|-1
LdbcShortQuery2PersonPosts|1791332489903|1791332489906|3|10|-1
LdbcShortQuery3PersonFriends|1791332489909|1791332489911|3|81|-1
LdbcShortQuery4MessageContent|1791332489914|1791332489915|2|1|-1
LdbcShortQuery5MessageCreator|1791332489917|1791332489917|2|1|-1
LdbcShortQuery6MessageForum|1791332489919|1791332489919|2|1|-1
LdbcShortQuery7MessageReplies|1791332489921|1791332489922|2|0|-1
LdbcShortQuery1PersonProfile|1791332489924|1791332489924|3|1|-1
LdbcShortQuery2PersonPosts|1791332489927|1791332489928|3|10|-1
LdbcShortQuery3PersonFriends|1791332489931|1791332489931|3|47|-1
LdbcQuery11|1791332489467|1791332489935|5|0|1347531812355
LdbcShortQuery4MessageContent|1791332489940|1791332489940|2|1|-1
LdbcShortQuery5MessageCreator|1791332489942|1791332489942|2|1|-1
LdbcShortQuery6MessageForum|1791332489944|1791332489951|3|1|-1
LdbcShortQuery7MessageReplies|1791332489954|1791332489963|2|0|-1
LdbcShortQuery1PersonProfile|1791332489965|1791332489976|2|1|-1
LdbcShortQuery2PersonPosts|1791332489978|1791332489988|2|10|-1
LdbcShortQuery3PersonFriends|1791332489990|1791332490003|4|8|-1
LdbcQuery12|1791332489467|1791332490008|61|3|1347531812355
LdbcShortQuery1PersonProfile|1791332490069|1791332490071|1|1|-1
LdbcShortQuery2PersonPosts|1791332490072|1791332490088|1|10|-1
LdbcShortQuery3PersonFriends|1791332490089|1791332490104|1|46|-1
LdbcShortQuery4MessageContent|1791332490105|1791332490116|1|1|-1
LdbcShortQuery5MessageCreator|1791332490117|1791332490118|1|1|-1
LdbcShortQuery6MessageForum|1791332490119|1791332490129|2|1|-1
LdbcShortQuery7MessageReplies|1791332490131|1791332490142|2|6|-1
LdbcQuery3|1791332489467|1791332490142|42|0|1347531812355
LdbcShortQuery4MessageContent|1791332490184|1791332490184|1|1|-1
LdbcShortQuery5MessageCreator|1791332490185|1791332490201|1|1|-1
LdbcShortQuery6MessageForum|1791332490202|1791332490214|1|1|-1
LdbcShortQuery7MessageReplies|1791332490215|1791332490227|1|5|-1
LdbcShortQuery1PersonProfile|1791332490228|1791332490240|2|1|-1
LdbcShortQuery2PersonPosts|1791332490242|1791332490252|2|10|-1
LdbcShortQuery3PersonFriends|1791332490254|1791332490266|6|96|-1
LdbcShortQuery4MessageContent|1791332490272|1791332490272|2|1|-1
LdbcShortQuery5MessageCreator|1791332490274|1791332490275|3|1|-1
LdbcShortQuery6MessageForum|1791332490278|1791332490279|3|1|-1
LdbcShortQuery7MessageReplies|1791332490282|1791332490293|4|0|-1
LdbcShortQuery1PersonProfile|1791332490297|1791332490297|2|1|-1
LdbcShortQuery2PersonPosts|1791332490299|1791332490305|3|10|-1
LdbcShortQuery3PersonFriends|1791332490308|1791332490318|6|64|-1
LdbcQuery14|1791332489467|1791332490323|3|1|1347531812355
LdbcShortQuery1PersonProfile|1791332490326|1791332490327|2|1|-1
LdbcShortQuery2PersonPosts|1791332490329|1791332490331|3|10|-1
LdbcShortQuery3PersonFriends|1791332490334|1791332490345|4|2|-1
LdbcShortQuery4MessageContent|1791332490349|1791332490349|2|1|-1
LdbcShortQuery5MessageCreator|1791332490351|1791332490357|3|1|-1
LdbcShortQuery6MessageForum|1791332490360|1791332490370|4|1|-1
LdbcShortQuery7MessageReplies|1791332490374|1791332490375|3|0|-1
LdbcQuery13|1791332489467|1791332490375|3|1|1347531812355
LdbcShortQuery4MessageContent|1791332490378|1791332490379|2|1|-1
LdbcShortQuery5MessageCreator|1791332490381|1791332490383|2|1|-1
LdbcShortQuery6MessageForum|1791332490385|1791332490397|3|1|-1
LdbcShortQuery7MessageReplies|1791332490400|1791332490413|5|1|-1
LdbcShortQuery1PersonProfile|1791332490418|1791332490418|3|1|-1
LdbcShortQuery2PersonPosts|1791332490421|1791332490422|2|10|-1
LdbcShortQuery3PersonFriends|1791332490424|1791332490430|4|34|-1
LdbcShortQuery4MessageContent|1791332490434|1791332490434|2|1|-1
LdbcShortQuery5MessageCreator|1791332490436|1791332490443|2|1|-1
LdbcShortQuery6MessageForum|1791332490445|1791332490455|2|1|-1
LdbcShortQuery7MessageReplies|1791332490457|1791332490468|2|1|-1
LdbcQuery5|1791332489467|1791332490469|71|20|1347531812355
LdbcShortQuery1PersonProfile|1791332490540|1791332490542|2|1|-1
LdbcShortQuery2PersonPosts|1791332490544|1791332490544|1|10|-1
LdbcShortQuery3PersonFriends|1791332490545|1791332490546|1|13|-1
LdbcShortQuery4MessageContent|1791332490547|1791332490558|14|1|-1
LdbcShortQuery5MessageCreator|1791332490572|1791332490583|3|1|-1
LdbcShortQuery6MessageForum|1791332490586|1791332490587|6|1|-1
LdbcShortQuery7MessageReplies|1791332490593|1791332490596|3|0|-1
LdbcShortQuery1PersonProfile|1791332490599|1791332490608|3|1|-1
LdbcShortQuery2PersonPosts|1791332490611|1791332490621|5|10|-1
LdbcShortQuery3PersonFriends|1791332490626|1791332490634|3|15|-1
LdbcQuery2|1791332489467|1791332490634|5|20|1347531812355
LdbcShortQuery4MessageContent|1791332490639|1791332490642|1|1|-1
LdbcShortQuery5MessageCreator|1791332490643|1791332490647|2|1|-1
LdbcShortQuery6MessageForum|1791332490649|1791332490660|4|1|-1
LdbcShortQuery7MessageReplies|1791332490664|1791332490665|2|0|-1
LdbcShortQuery1PersonProfile|1791332490667|1791332490667|1|1|-1
LdbcShortQuery2PersonPosts|1791332490668|1791332490669|1|10|-1
LdbcShortQuery3PersonFriends|1791332490670|1791332490671|1|51|-1
LdbcShortQuery4MessageContent|1791332490672|1791332490673|1|1|-1
LdbcShortQuery5MessageCreator|1791332490674|1791332490677|1|1|-1
LdbcShortQuery6MessageForum|1791332490678|1791332490693|4|1|-1
LdbcShortQuery7MessageReplies|1791332490697|1791332490697|2|0|-1
LdbcShortQuery1PersonProfile|1791332490699|1791332490706|4|1|-1
LdbcShortQuery2PersonPosts|1791332490710|1791332490710|3|10|-1
LdbcShortQuery3PersonFriends|1791332490713|1791332490719|4|16|-1
LdbcQuery9|1791332489467|1791332490723|77|20|1347531812355
LdbcShortQuery1PersonProfile|1791332490800|1791332490800|3|1|-1
LdbcShortQuery2PersonPosts|1791332490803|1791332490815|5|10|-1
LdbcShortQuery3PersonFriends|1791332490820|1791332490820|3|25|-1
LdbcShortQuery4MessageContent|1791332490823|1791332490824|2|1|-1
LdbcShortQuery5MessageCreator|1791332490826|1791332490831|3|1|-1
LdbcShortQuery6MessageForum|1791332490834|1791332490846|4|1|-1
LdbcShortQuery7MessageReplies|1791332490850|1791332490851|2|1|-1
LdbcShortQuery1PersonProfile|1791332490853|1791332490859|4|1|-1
LdbcShortQuery2PersonPosts|1791332490863|1791332490863|2|10|-1
LdbcShortQuery3PersonFriends|1791332490865|1791332490867|2|34|-1
LdbcShortQuery4MessageContent|1791332490869|1791332490871|3|1|-1
LdbcShortQuery5MessageCreator|1791332490874|1791332490888|4|1|-1
LdbcShortQuery6MessageForum|1791332490892|1791332490892|2|1|-1
LdbcShortQuery7MessageReplies|1791332490894|1791332490901|3|13|-1
LdbcShortQuery1PersonProfile|1791332490904|1791332490904|2|1|-1
LdbcShortQuery2PersonPosts|1791332490906|1791332490914|9|10|-1
LdbcShortQuery3PersonFriends|1791332490923|1791332490923|2|25|-1
LdbcQuery1|1791332489467|1791332490923|8|20|1347531812355
LdbcShortQuery4MessageContent|1791332490931|1791332490931|2|1|-1
LdbcShortQuery5MessageCreator|1791332490933|1791332490936|2|1|-1
LdbcShortQuery6MessageForum|1791332490938|1791332490940|2|1|-1
LdbcShortQuery7MessageReplies|1791332490942|1791332490956|3|0|-1
LdbcShortQuery1PersonProfile|1791332490959|1791332490969|3|1|-1
LdbcShortQuery2PersonPosts|1791332490972|1791332490988|6|10|-1
LdbcShortQuery3PersonFriends|1791332490994|1791332490994|3|71|-1
LdbcShortQuery4MessageContent|1791332490997|1791332491002|1|1|-1
LdbcShortQuery5MessageCreator|1791332491003|1791332491015|2|1|-1
LdbcShortQuery6MessageForum|1791332491017|1791332491028|3|1|-1
LdbcShortQuery7MessageReplies|1791332491031|1791332491033|3|0|-1
LdbcQuery4|1791332489467|1791332491033|3|3|1347531812355
LdbcShortQuery1PersonProfile|1791332491036|1791332491037|1|1|-1
LdbcShortQuery2PersonPosts|1791332491038|1791332491041|2|10|-1
LdbcShortQuery3PersonFriends|1791332491043|1791332491059|5|5|-1
LdbcShortQuery4MessageContent|1791332491064|1791332491075|2|1|-1
LdbcShortQuery5MessageCreator|1791332491077|1791332491089|5|1|-1
LdbcShortQuery6MessageForum|1791332491094|1791332491105|3|1|-1
LdbcShortQuery7MessageReplies|1791332491108|1791332491121|5|0|-1
LdbcUpdate2AddPostLike|1791332491478|1791332491481|14|0|1347531832461
LdbcUpdate5AddForumMembership|1791332492186|1791332492192|13|0|1347531839548
LdbcUpdate2AddPostLike|1791332493683|1791332493692|19|0|1347531854513
LdbcQuery1|1791332494327|1791332494333|5|2|1347531860962
LdbcShortQuery4MessageContent|1791332494338|1791332494350|9|1|-1
LdbcShortQuery5MessageCreator|1791332494359|1791332494360|3|1|-1
LdbcShortQuery6MessageForum|1791332494363|1791332494364|3|1|-1
LdbcShortQuery7MessageReplies|1791332494367|1791332494380|4|0|-1
LdbcShortQuery1PersonProfile|1791332494384|1791332494396|3|1|-1
LdbcShortQuery2PersonPosts|1791332494399|1791332494409|5|10|-1
LdbcShortQuery3PersonFriends|1791332494414|1791332494422|3|20|-1
LdbcShortQuery4MessageContent|1791332494425|1791332494425|13|1|-1
LdbcShortQuery5MessageCreator|1791332494438|1791332494438|2|1|-1
LdbcShortQuery6MessageForum|1791332494440|1791332494442|2|1|-1
LdbcShortQuery7MessageReplies|1791332494444|1791332494454|3|0|-1
LdbcQuery4|1791332494327|1791332494458|4|3|1347531860962
LdbcShortQuery1PersonProfile|1791332494462|1791332494462|5|1|-1
LdbcShortQuery2PersonPosts|1791332494467|1791332494472|3|10|-1
LdbcShortQuery3PersonFriends|1791332494475|1791332494475|3|7|-1
LdbcShortQuery4MessageContent|1791332494478|1791332494479|9|1|-1
LdbcShortQuery5MessageCreator|1791332494488|1791332494489|1|1|-1
LdbcShortQuery6MessageForum|1791332494490|1791332494491|1|1|-1
LdbcShortQuery7MessageReplies|1791332494492|1791332494492|1|0|-1
LdbcShortQuery1PersonProfile|1791332494493|1791332494499|1|1|-1
LdbcShortQuery2PersonPosts|1791332494500|1791332494500|1|10|-1
LdbcShortQuery3PersonFriends|1791332494501|1791332494514|3|74|-1
LdbcQuery3|1791332494327|1791332494514|50|0|1347531860962
LdbcShortQuery4MessageContent|1791332494564|1791332494568|1|1|-1
LdbcShortQuery5MessageCreator|1791332494569|1791332494569|1|1|-1
LdbcShortQuery6MessageForum|1791332494570|1791332494570|1|1|-1
LdbcShortQuery7MessageReplies|1791332494571|1791332494571|1|2|-1
LdbcShortQuery1PersonProfile|1791332494572|1791332494572|1|1|-1
LdbcShortQuery2PersonPosts|1791332494573|1791332494573|1|10|-1
LdbcShortQuery3PersonFriends|1791332494574|1791332494574|1|23|-1
LdbcShortQuery4MessageContent|1791332494575|1791332494576|0|1|-1
LdbcShortQuery5MessageCreator|1791332494576|1791332494576|0|1|-1
LdbcShortQuery6MessageForum|1791332494576|1791332494577|1|1|-1
LdbcShortQuery7MessageReplies|1791332494578|1791332494578|0|0|-1
LdbcQuery6|1791332494327|1791332494579|38|10|1347531860962
LdbcShortQuery1PersonProfile|1791332494617|1791332494629|3|1|-1
LdbcShortQuery2PersonPosts|1791332494632|1791332494634|3|10|-1
LdbcShortQuery3PersonFriends|1791332494637|1791332494642|4|3|-1
LdbcShortQuery4MessageContent|1791332494646|1791332494646|1|1|-1
LdbcShortQuery5MessageCreator|1791332494647|1791332494654|3|1|-1
LdbcShortQuery6MessageForum|1791332494657|1791332494659|2|1|-1
LdbcShortQuery7MessageReplies|1791332494661|1791332494671|2|0|-1
LdbcShortQuery1PersonProfile|1791332494673|1791332494685|4|1|-1
LdbcShortQuery2PersonPosts|1791332494689|1791332494689|4|10|-1
LdbcShortQuery3PersonFriends|1791332494693|1791332494700|3|7|-1
LdbcShortQuery4MessageContent|1791332494703|1791332494703|2|1|-1
LdbcShortQuery5MessageCreator|1791332494705|1791332494715|4|1|-1
LdbcShortQuery6MessageForum|1791332494719|1791332494729|2|1|-1
LdbcShortQuery7MessageReplies|1791332494731|1791332494746|3|0|-1
LdbcQuery8|1791332494327|1791332494746|4|20|1347531860962
LdbcShortQuery4MessageContent|1791332494750|1791332494752|1|1|-1
LdbcShortQuery5MessageCreator|1791332494753|1791332494754|2|1|-1
LdbcShortQuery6MessageForum|1791332494756|1791332494759|2|1|-1
LdbcShortQuery7MessageReplies|1791332494761|1791332494761|2|0|-1
LdbcShortQuery1PersonProfile|1791332494763|1791332494774|4|1|-1
LdbcShortQuery2PersonPosts|1791332494778|1791332494779|4|10|-1
LdbcShortQuery3PersonFriends|1791332494783|1791332494783|2|29|-1
LdbcShortQuery4MessageContent|1791332494785|1791332494791|4|1|-1
LdbcShortQuery5MessageCreator|1791332494795|1791332494796|2|1|-1
LdbcShortQuery6MessageForum|1791332494798|1791332494804|4|1|-1
LdbcShortQuery7MessageReplies|1791332494808|1791332494809|2|0|-1
LdbcQuery10|1791332494327|1791332494810|14|10|1347531860962
LdbcShortQuery1PersonProfile|1791332494824|1791332494826|2|1|-1
LdbcShortQuery2PersonPosts|1791332494828|1791332494828|2|10|-1
LdbcUpdate5AddForumMembership|1791332494810|1791332494821|10|0|1347531865788
LdbcShortQuery3PersonFriends|1791332494830|1791332494837|3|15|-1
LdbcShortQuery4MessageContent|1791332494840|1791332494851|3|1|-1
LdbcShortQuery5MessageCreator|1791332494854|1791332494864|2|1|-1
LdbcShortQuery6MessageForum|1791332494866|1791332494880|3|1|-1
LdbcShortQuery7MessageReplies|1791332494883|1791332494883|2|0|-1
LdbcShortQuery1PersonProfile|1791332494885|1791332494895|3|1|-1
LdbcShortQuery2PersonPosts|1791332494898|1791332494898|3|10|-1
LdbcShortQuery3PersonFriends|1791332494901|1791332494901|2|19|-1
LdbcQuery12|1791332494327|1791332494903|59|3|1347531860962
LdbcShortQuery4MessageContent|1791332494962|1791332494962|1|1|-1
LdbcShortQuery5MessageCreator|1791332494963|1791332494971|3|1|-1
LdbcShortQuery6MessageForum|1791332494974|1791332494984|2|1|-1
LdbcShortQuery7MessageReplies|1791332494986|1791332495000|3|0|-1
LdbcShortQuery1PersonProfile|1791332495003|1791332495004|3|1|-1
LdbcShortQuery2PersonPosts|1791332495007|1791332495013|1|10|-1
LdbcShortQuery3PersonFriends|1791332495014|1791332495026|6|338|-1
LdbcShortQuery4MessageContent|1791332495032|1791332495038|4|1|-1
LdbcShortQuery5MessageCreator|1791332495042|1791332495042|2|1|-1
LdbcShortQuery6MessageForum|1791332495044|1791332495047|2|1|-1
LdbcShortQuery7MessageReplies|1791332495049|1791332495055|3|0|-1
LdbcQuery7|1791332494327|1791332495055|17|20|1347531860962
LdbcShortQuery1PersonProfile|1791332495072|1791332495075|1|1|-1
LdbcShortQuery2PersonPosts|1791332495076|1791332495084|1|10|-1
LdbcShortQuery3PersonFriends|1791332495085|1791332495097|7|149|-1
LdbcQuery11|1791332494327|1791332495101|2|0|1347531860962
LdbcShortQuery4MessageContent|1791332495103|1791332495105|0|1|-1
LdbcShortQuery5MessageCreator|1791332495105|1791332495105|1|1|-1
LdbcShortQuery6MessageForum|1791332495106|1791332495109|1|1|-1
LdbcShortQuery7MessageReplies|1791332495110|1791332495113|1|2|-1
LdbcShortQuery1PersonProfile|1791332495114|1791332495130|4|1|-1
LdbcShortQuery2PersonPosts|1791332495134|1791332495134|1|10|-1
LdbcShortQuery3PersonFriends|1791332495135|1791332495143|2|88|-1
LdbcQuery9|1791332494327|1791332495143|64|20|1347531860962
LdbcShortQuery1PersonProfile|1791332495207|1791332495209|1|1|-1
LdbcShortQuery2PersonPosts|1791332495210|1791332495218|2|10|-1
LdbcShortQuery3PersonFriends|1791332495220|1791332495234|3|18|-1
LdbcShortQuery4MessageContent|1791332495237|1791332495247|2|1|-1
LdbcShortQuery5MessageCreator|1791332495249|1791332495261|2|1|-1
LdbcShortQuery6MessageForum|1791332495263|1791332495273|1|1|-1
LdbcShortQuery7MessageReplies|1791332495274|1791332495286|5|0|-1
LdbcQuery5|1791332494327|1791332495290|47|20|1347531860962
LdbcShortQuery4MessageContent|1791332495337|1791332495338|1|1|-1
LdbcShortQuery5MessageCreator|1791332495339|1791332495350|1|1|-1
LdbcShortQuery6MessageForum|1791332495351|1791332495363|4|1|-1
LdbcShortQuery7MessageReplies|1791332495367|1791332495367|2|1|-1
LdbcQuery14|1791332494327|1791332495367|2|1|1347531860962
LdbcShortQuery1PersonProfile|1791332495369|1791332495371|1|1|-1
LdbcShortQuery2PersonPosts|1791332495372|1791332495375|3|10|-1
LdbcShortQuery3PersonFriends|1791332495378|1791332495390|5|63|-1
LdbcShortQuery4MessageContent|1791332495395|1791332495405|3|1|-1
LdbcShortQuery5MessageCreator|1791332495408|1791332495418|3|1|-1
LdbcShortQuery6MessageForum|1791332495421|1791332495431|4|1|-1
LdbcShortQuery7MessageReplies|1791332495435|1791332495436|3|3|-1
LdbcShortQuery1PersonProfile|1791332495439|1791332495445|4|1|-1
LdbcShortQuery2PersonPosts|1791332495449|1791332495450|2|10|-1
LdbcShortQuery3PersonFriends|1791332495452|1791332495458|3|30|-1
LdbcQuery13|1791332494327|1791332495461|2|1|1347531860962
LdbcShortQuery4MessageContent|1791332495463|1791332495471|2|1|-1
LdbcShortQuery5MessageCreator|1791332495473|1791332495473|2|1|-1
LdbcShortQuery6MessageForum|1791332495475|1791332495475|2|1|-1
LdbcShortQuery7MessageReplies|1791332495477|1791332495479|2|0|-1
LdbcShortQuery1PersonProfile|1791332495481|1791332495487|2|1|-1
LdbcShortQuery2PersonPosts|1791332495489|1791332495489|2|10|-1
LdbcShortQuery3PersonFriends|1791332495491|1791332495492|1|15|-1
LdbcQuery2|1791332494327|1791332495492|5|20|1347531860962
LdbcShortQuery1PersonProfile|1791332495497|1791332495500|2|1|-1
LdbcShortQuery2PersonPosts|1791332495502|1791332495502|2|10|-1
LdbcShortQuery3PersonFriends|1791332495504|1791332495504|2|28|-1
LdbcShortQuery4MessageContent|1791332495506|1791332495517|2|1|-1
LdbcShortQuery5MessageCreator|1791332495519|1791332495530|3|1|-1
LdbcShortQuery6MessageForum|1791332495533|1791332495543|2|1|-1
LdbcShortQuery7MessageReplies|1791332495545|1791332495545|2|0|-1
LdbcShortQuery1PersonProfile|1791332495547|1791332495548|5|1|-1
LdbcShortQuery2PersonPosts|1791332495553|1791332495560|7|10|-1
LdbcShortQuery3PersonFriends|1791332495567|1791332495568|4|6|-1
LdbcQuery13|1791332499188|1791332499189|4|1|1347531909569
LdbcShortQuery4MessageContent|1791332499193|1791332499194|2|1|-1
LdbcShortQuery5MessageCreator|1791332499196|1791332499196|3|1|-1
LdbcShortQuery6MessageForum|1791332499199|1791332499200|2|1|-1
LdbcShortQuery7MessageReplies|1791332499202|1791332499202|2|2|-1
LdbcShortQuery1PersonProfile|1791332499204|1791332499204|1|1|-1
LdbcShortQuery2PersonPosts|1791332499205|1791332499207|3|10|-1
LdbcShortQuery3PersonFriends|1791332499210|1791332499211|3|17|-1
LdbcQuery2|1791332499188|1791332499213|10|20|1347531909569
LdbcShortQuery1PersonProfile|1791332499223|1791332499224|1|1|-1
LdbcShortQuery2PersonPosts|1791332499225|1791332499226|1|10|-1
LdbcShortQuery3PersonFriends|1791332499227|1791332499227|1|19|-1
LdbcShortQuery4MessageContent|1791332499228|1791332499230|1|1|-1
LdbcShortQuery5MessageCreator|1791332499231|1791332499231|1|1|-1
LdbcShortQuery6MessageForum|1791332499232|1791332499232|1|1|-1
LdbcShortQuery7MessageReplies|1791332499233|1791332499233|1|6|-1
LdbcShortQuery1PersonProfile|1791332499234|1791332499234|1|1|-1
LdbcShortQuery2PersonPosts|1791332499235|1791332499235|1|10|-1
LdbcShortQuery3PersonFriends|1791332499236|1791332499236|1|65|-1
LdbcQuery12|1791332499188|1791332499237|81|1|1347531909569
LdbcShortQuery4MessageContent|1791332499318|1791332499318|3|1|-1
LdbcShortQuery5MessageCreator|1791332499321|1791332499321|3|1|-1
LdbcShortQuery6MessageForum|1791332499324|1791332499325|2|1|-1
LdbcShortQuery7MessageReplies|1791332499327|1791332499328|2|4|-1
LdbcQuery3|1791332499188|1791332499331|80|0|1347531909569
LdbcShortQuery1PersonProfile|1791332499411|1791332499412|2|1|-1
LdbcShortQuery2PersonPosts|1791332499414|1791332499414|3|10|-1
LdbcShortQuery3PersonFriends|1791332499417|1791332499418|2|46|-1
LdbcShortQuery4MessageContent|1791332499420|1791332499420|1|1|-1
LdbcShortQuery5MessageCreator|1791332499421|1791332499421|2|1|-1
LdbcShortQuery6MessageForum|1791332499423|1791332499423|2|1|-1
LdbcShortQuery7MessageReplies|1791332499425|1791332499426|2|3|-1
LdbcQuery1|1791332499188|1791332499428|3|2|1347531909569
LdbcShortQuery4MessageContent|1791332499431|1791332499432|2|1|-1
LdbcShortQuery5MessageCreator|1791332499434|1791332499434|1|1|-1
LdbcShortQuery6MessageForum|1791332499435|1791332499436|2|1|-1
LdbcShortQuery7MessageReplies|1791332499438|1791332499438|2|9|-1
LdbcShortQuery1PersonProfile|1791332499440|1791332499440|1|1|-1
LdbcShortQuery2PersonPosts|1791332499441|1791332499442|2|10|-1
LdbcShortQuery3PersonFriends|1791332499444|1791332499445|2|2|-1
LdbcShortQuery4MessageContent|1791332499447|1791332499447|2|1|-1
LdbcShortQuery5MessageCreator|1791332499449|1791332499449|1|1|-1
LdbcShortQuery6MessageForum|1791332499450|1791332499451|1|1|-1
LdbcShortQuery7MessageReplies|1791332499452|1791332499452|1|3|-1
LdbcShortQuery1PersonProfile|1791332499453|1791332499454|1|1|-1
LdbcShortQuery2PersonPosts|1791332499455|1791332499456|4|10|-1
LdbcShortQuery3PersonFriends|1791332499460|1791332499461|2|5|-1
LdbcQuery4|1791332499188|1791332499463|6|10|1347531909569
LdbcShortQuery1PersonProfile|1791332499469|1791332499470|1|1|-1
LdbcShortQuery2PersonPosts|1791332499471|1791332499472|2|10|-1
LdbcShortQuery3PersonFriends|1791332499474|1791332499475|1|12|-1
LdbcShortQuery4MessageContent|1791332499476|1791332499476|1|1|-1
LdbcShortQuery5MessageCreator|1791332499477|1791332499478|1|1|-1
LdbcShortQuery6MessageForum|1791332499479|1791332499479|1|1|-1
LdbcShortQuery7MessageReplies|1791332499480|1791332499480|1|4|-1
LdbcShortQuery1PersonProfile|1791332499481|1791332499482|0|1|-1
LdbcShortQuery2PersonPosts|1791332499482|1791332499483|1|10|-1
LdbcShortQuery3PersonFriends|1791332499484|1791332499484|1|54|-1
LdbcQuery10|1791332499188|1791332499486|25|10|1347531909569
LdbcShortQuery4MessageContent|1791332499511|1791332499511|1|1|-1
LdbcShortQuery5MessageCreator|1791332499512|1791332499513|0|1|-1
LdbcShortQuery6MessageForum|1791332499513|1791332499514|1|1|-1
LdbcShortQuery7MessageReplies|1791332499515|1791332499515|1|7|-1
LdbcShortQuery1PersonProfile|1791332499516|1791332499516|1|1|-1
LdbcShortQuery2PersonPosts|1791332499517|1791332499518|1|10|-1
LdbcShortQuery3PersonFriends|1791332499519|1791332499519|1|42|-1
LdbcShortQuery4MessageContent|1791332499520|1791332499520|0|1|-1
LdbcShortQuery5MessageCreator|1791332499520|1791332499521|0|1|-1
LdbcShortQuery6MessageForum|1791332499521|1791332499522|0|1|-1
LdbcShortQuery7MessageReplies|1791332499522|1791332499522|1|1|-1
LdbcShortQuery1PersonProfile|1791332499523|1791332499524|1|1|-1
LdbcShortQuery2PersonPosts|1791332499525|1791332499525|1|10|-1
LdbcShortQuery3PersonFriends|1791332499526|1791332499527|1|8|-1
LdbcQuery6|1791332499188|1791332499528|38|10|1347531909569
LdbcShortQuery1PersonProfile|1791332499566|1791332499567|1|1|-1
LdbcShortQuery2PersonPosts|1791332499568|1791332499568|0|10|-1
LdbcShortQuery3PersonFriends|1791332499568|1791332499569|0|32|-1
LdbcQuery8|1791332499188|1791332499569|1|20|1347531909569
LdbcShortQuery4MessageContent|1791332499570|1791332499571|0|1|-1
LdbcShortQuery5MessageCreator|1791332499571|1791332499572|0|1|-1
LdbcShortQuery6MessageForum|1791332499572|1791332499572|0|1|-1
LdbcShortQuery7MessageReplies|1791332499572|1791332499573|0|0|-1
LdbcShortQuery1PersonProfile|1791332499573|1791332499574|0|1|-1
LdbcShortQuery2PersonPosts|1791332499574|1791332499574|1|10|-1
LdbcShortQuery3PersonFriends|1791332499575|1791332499575|1|31|-1
LdbcQuery14|1791332499188|1791332499576|1|17|1347531909569
LdbcShortQuery1PersonProfile|1791332499577|1791332499577|0|1|-1
LdbcShortQuery2PersonPosts|1791332499577|1791332499578|0|10|-1
LdbcShortQuery3PersonFriends|1791332499578|1791332499580|0|91|-1
LdbcShortQuery4MessageContent|1791332499580|1791332499580|0|1|-1
LdbcShortQuery5MessageCreator|1791332499580|1791332499581|0|1|-1
LdbcShortQuery6MessageForum|1791332499581|1791332499581|0|1|-1
LdbcShortQuery7MessageReplies|1791332499581|1791332499582|0|0|-1
LdbcQuery9|1791332499188|1791332499582|54|20|1347531909569
LdbcShortQuery4MessageContent|1791332499636|1791332499637|1|1|-1
LdbcShortQuery5MessageCreator|1791332499638|1791332499638|0|1|-1
LdbcShortQuery6MessageForum|1791332499638|1791332499638|0|1|-1
LdbcShortQuery7MessageReplies|1791332499638|1791332499639|0|0|-1
LdbcShortQuery1PersonProfile|1791332499639|1791332499639|0|1|-1
LdbcShortQuery2PersonPosts|1791332499639|1791332499640|0|10|-1
LdbcShortQuery3PersonFriends|1791332499640|1791332499641|1|53|-1
LdbcShortQuery4MessageContent|1791332499642|1791332499642|0|1|-1
LdbcShortQuery5MessageCreator|1791332499642|1791332499643|0|1|-1
LdbcShortQuery6MessageForum|1791332499643|1791332499644|0|1|-1
LdbcShortQuery7MessageReplies|1791332499644|1791332499644|0|1|-1
LdbcQuery7|1791332499188|1791332499645|3|20|1347531909569
LdbcShortQuery1PersonProfile|1791332499648|1791332499648|1|1|-1
LdbcShortQuery2PersonPosts|1791332499649|1791332499650|1|10|-1
LdbcShortQuery3PersonFriends|1791332499651|1791332499651|2|189|-1
LdbcQuery11|1791332499188|1791332499654|1|0|1347531909569
LdbcShortQuery4MessageContent|1791332499655|1791332499656|0|1|-1
LdbcShortQuery5MessageCreator|1791332499656|1791332499656|0|1|-1
LdbcShortQuery6MessageForum|1791332499656|1791332499657|1|1|-1
LdbcShortQuery7MessageReplies|1791332499658|1791332499658|1|0|-1
LdbcShortQuery1PersonProfile|1791332499659|1791332499659|0|1|-1
LdbcShortQuery2PersonPosts|1791332499659|1791332499660|1|10|-1
LdbcShortQuery3PersonFriends|1791332499661|1791332499661|3|230|-1
LdbcQuery5|1791332499188|1791332499665|62|20|1347531909569
LdbcShortQuery1PersonProfile|1791332499727|1791332499728|1|1|-1
LdbcShortQuery2PersonPosts|1791332499729|1791332499729|0|10|-1
LdbcShortQuery3PersonFriends|1791332499729|1791332499730|2|338|-1
LdbcShortQuery4MessageContent|1791332499732|1791332499732|0|1|-1
LdbcShortQuery5MessageCreator|1791332499732|1791332499733|0|1|-1
LdbcShortQuery6MessageForum|1791332499733|1791332499733|0|1|-1
LdbcShortQuery7MessageReplies|1791332499733|1791332499734|0|3|-1
LdbcShortQuery1PersonProfile|1791332499734|1791332499734|0|1|-1
LdbcShortQuery2PersonPosts|1791332499734|1791332499735|0|10|-1
LdbcShortQuery3PersonFriends|1791332499735|1791332499736|0|11|-1
LdbcUpdate5AddForumMembership|1791332500826|1791332500827|12|0|1347531925945
LdbcUpdate3AddCommentLike|1791332503964|1791332503970|8|0|1347531957325
LdbcQuery11|1791332504049|1791332504054|6|0|1347531958176
LdbcShortQuery4MessageContent|1791332504060|1791332504068|2|1|-1
LdbcShortQuery5MessageCreator|1791332504070|1791332504070|1|1|-1
LdbcShortQuery6MessageForum|1791332504071|1791332504072|1|1|-1
LdbcShortQuery7MessageReplies|1791332504073|1791332504073|1|0|-1
LdbcShortQuery1PersonProfile|1791332504074|1791332504075|2|1|-1
LdbcShortQuery2PersonPosts|1791332504077|1791332504078|2|10|-1
LdbcShortQuery3PersonFriends|1791332504080|1791332504081|1|16|-1
LdbcShortQuery4MessageContent|1791332504082|1791332504082|2|1|-1
LdbcShortQuery5MessageCreator|1791332504084|1791332504085|1|1|-1
LdbcShortQuery6MessageForum|1791332504086|1791332504086|1|1|-1
LdbcShortQuery7MessageReplies|1791332504087|1791332504087|1|0|-1
LdbcShortQuery1PersonProfile|1791332504088|1791332504089|1|1|-1
LdbcShortQuery2PersonPosts|1791332504090|1791332504090|1|10|-1
LdbcShortQuery3PersonFriends|1791332504091|1791332504098|2|35|-1
LdbcQuery5|1791332504049|1791332504100|33|20|1347531958176
LdbcShortQuery1PersonProfile|1791332504133|1791332504133|1|1|-1
LdbcShortQuery2PersonPosts|1791332504134|1791332504146|3|10|-1
LdbcShortQuery3PersonFriends|1791332504149|1791332504161|6|34|-1
LdbcQuery10|1791332504049|1791332504165|9|10|1347531958176
LdbcShortQuery4MessageContent|1791332504174|1791332504177|1|1|-1
LdbcShortQuery5MessageCreator|1791332504178|1791332504179|1|1|-1
LdbcShortQuery6MessageForum|1791332504180|1791332504180|1|1|-1
LdbcShortQuery7MessageReplies|1791332504181|1791332504181|1|0|-1
LdbcQuery12|1791332504049|1791332504182|58|2|1347531958176
LdbcShortQuery1PersonProfile|1791332504240|1791332504241|2|1|-1
LdbcShortQuery2PersonPosts|1791332504243|1791332504243|2|8|-1
LdbcShortQuery3PersonFriends|1791332504245|1791332504245|1|20|-1
LdbcShortQuery4MessageContent|1791332504246|1791332504246|1|1|-1
LdbcShortQuery5MessageCreator|1791332504247|1791332504248|1|1|-1
LdbcShortQuery6MessageForum|1791332504249|1791332504249|1|1|-1
LdbcShortQuery7MessageReplies|1791332504250|1791332504250|0|0|-1
LdbcQuery13|1791332504049|1791332504251|1|1|1347531958176
LdbcShortQuery4MessageContent|1791332504252|1791332504253|3|1|-1
LdbcShortQuery5MessageCreator|1791332504256|1791332504257|1|1|-1
LdbcShortQuery6MessageForum|1791332504258|1791332504258|1|1|-1
LdbcShortQuery7MessageReplies|1791332504259|1791332504260|1|0|-1
LdbcShortQuery1PersonProfile|1791332504261|1791332504261|0|1|-1
LdbcShortQuery2PersonPosts|1791332504261|1791332504262|1|10|-1
LdbcShortQuery3PersonFriends|1791332504263|1791332504263|1|14|-1
LdbcShortQuery4MessageContent|1791332504264|1791332504264|0|1|-1
LdbcShortQuery5MessageCreator|1791332504264|1791332504265|0|1|-1
LdbcShortQuery6MessageForum|1791332504265|1791332504266|0|1|-1
LdbcShortQuery7MessageReplies|1791332504266|1791332504267|2|0|-1
LdbcShortQuery1PersonProfile|1791332504269|1791332504269|1|1|-1
LdbcShortQuery2PersonPosts|1791332504270|1791332504270|1|10|-1
LdbcShortQuery3PersonFriends|1791332504271|1791332504273|1|22|-1
LdbcQuery2|1791332504049|1791332504274|4|20|1347531958176
LdbcShortQuery1PersonProfile|1791332504278|1791332504279|1|1|-1
LdbcShortQuery2PersonPosts|1791332504280|1791332504280|1|10|-1
LdbcShortQuery3PersonFriends|1791332504281|1791332504281|1|32|-1
LdbcShortQuery4MessageContent|1791332504282|1791332504283|1|1|-1
LdbcShortQuery5MessageCreator|1791332504284|1791332504284|1|1|-1
LdbcShortQuery6MessageForum|1791332504285|1791332504285|1|1|-1
LdbcShortQuery7MessageReplies|1791332504286|1791332504287|1|0|-1
LdbcShortQuery1PersonProfile|1791332504288|1791332504288|1|1|-1
LdbcShortQuery2PersonPosts|1791332504289|1791332504290|1|10|-1
LdbcShortQuery3PersonFriends|1791332504291|1791332504291|1|32|-1
LdbcShortQuery4MessageContent|1791332504292|1791332504293|1|1|-1
LdbcShortQuery5MessageCreator|1791332504294|1791332504294|0|1|-1
LdbcShortQuery6MessageForum|1791332504294|1791332504295|0|1|-1
LdbcShortQuery7MessageReplies|1791332504295|1791332504296|0|0|-1
LdbcShortQuery1PersonProfile|1791332504296|1791332504297|0|1|-1
LdbcShortQuery2PersonPosts|1791332504297|1791332504298|1|10|-1
LdbcShortQuery3PersonFriends|1791332504299|1791332504300|1|12|-1
LdbcQuery4|1791332504049|1791332504301|2|2|1347531958176
LdbcShortQuery4MessageContent|1791332504303|1791332504304|1|1|-1
LdbcShortQuery5MessageCreator|1791332504305|1791332504305|1|1|-1
LdbcShortQuery6MessageForum|1791332504306|1791332504306|1|1|-1
LdbcShortQuery7MessageReplies|1791332504307|1791332504307|1|0|-1
LdbcShortQuery1PersonProfile|1791332504308|1791332504308|1|1|-1
LdbcShortQuery2PersonPosts|1791332504309|1791332504309|1|10|-1
LdbcShortQuery3PersonFriends|1791332504310|1791332504311|1|34|-1
LdbcShortQuery4MessageContent|1791332504312|1791332504312|0|1|-1
LdbcShortQuery5MessageCreator|1791332504312|1791332504313|1|1|-1
LdbcShortQuery6MessageForum|1791332504314|1791332504314|1|1|-1
LdbcShortQuery7MessageReplies|1791332504315|1791332504315|0|0|-1
LdbcQuery3|1791332504049|1791332504316|62|0|1347531958176
LdbcShortQuery1PersonProfile|1791332504378|1791332504379|1|1|-1
LdbcShortQuery2PersonPosts|1791332504380|1791332504380|1|10|-1
LdbcShortQuery3PersonFriends|1791332504381|1791332504382|1|30|-1
LdbcShortQuery4MessageContent|1791332504383|1791332504383|1|1|-1
LdbcShortQuery5MessageCreator|1791332504384|1791332504384|0|1|-1
LdbcShortQuery6MessageForum|1791332504384|1791332504385|0|1|-1
LdbcShortQuery7MessageReplies|1791332504385|1791332504386|0|0|-1
LdbcShortQuery1PersonProfile|1791332504386|1791332504387|0|1|-1
LdbcShortQuery2PersonPosts|1791332504387|1791332504388|1|7|-1
LdbcShortQuery3PersonFriends|1791332504389|1791332504389|1|19|-1
LdbcShortQuery4MessageContent|1791332504390|1791332504390|1|1|-1
LdbcShortQuery5MessageCreator|1791332504391|1791332504402|1|1|-1
LdbcShortQuery6MessageForum|1791332504403|1791332504420|2|1|-1
LdbcShortQuery7MessageReplies|1791332504422|1791332504435|2|0|-1
LdbcShortQuery1PersonProfile|1791332504437|1791332504450|1|1|-1
LdbcShortQuery2PersonPosts|1791332504451|1791332504452|1|10|-1
LdbcShortQuery3PersonFriends|1791332504453|1791332504454|1|51|-1
LdbcQuery1|1791332504049|1791332504456|1|2|1347531958176
LdbcShortQuery4MessageContent|1791332504457|1791332504458|1|1|-1
LdbcShortQuery5MessageCreator|1791332504459|1791332504459|1|1|-1
LdbcShortQuery6MessageForum|1791332504460|1791332504466|1|1|-1
LdbcShortQuery7MessageReplies|1791332504467|1791332504482|2|0|-1
LdbcShortQuery1PersonProfile|1791332504484|1791332504484|1|1|-1
LdbcShortQuery2PersonPosts|1791332504485|1791332504486|1|10|-1
LdbcShortQuery3PersonFriends|1791332504487|1791332504487|1|14|-1
LdbcShortQuery4MessageContent|1791332504488|1791332504489|0|1|-1
LdbcShortQuery5MessageCreator|1791332504489|1791332504491|0|1|-1
LdbcShortQuery6MessageForum|1791332504491|1791332504491|0|1|-1
LdbcShortQuery7MessageReplies|1791332504491|1791332504491|3|2|-1
LdbcQuery7|1791332504049|1791332504495|2|20|1347531958176
LdbcShortQuery1PersonProfile|1791332504497|1791332504510|6|1|-1
LdbcShortQuery2PersonPosts|1791332504516|1791332504517|4|10|-1
LdbcShortQuery3PersonFriends|1791332504521|1791332504522|1|44|-1
LdbcShortQuery4MessageContent|1791332504523|1791332504523|1|1|-1
LdbcShortQuery5MessageCreator|1791332504524|1791332504524|1|1|-1
LdbcShortQuery6MessageForum|1791332504525|1791332504527|1|1|-1
LdbcShortQuery7MessageReplies|1791332504528|1791332504539|2|1|-1
LdbcQuery14|1791332504049|1791332504541|1|8|1347531958176
LdbcShortQuery4MessageContent|1791332504542|1791332504543|1|1|-1
LdbcShortQuery5MessageCreator|1791332504544|1791332504544|0|1|-1
LdbcShortQuery6MessageForum|1791332504544|1791332504545|1|1|-1
LdbcShortQuery7MessageReplies|1791332504546|1791332504546|1|0|-1
LdbcShortQuery1PersonProfile|1791332504547|1791332504547|1|1|-1
LdbcShortQuery2PersonPosts|1791332504548|1791332504548|1|1|-1
LdbcShortQuery3PersonFriends|1791332504549|1791332504550|1|60|-1
LdbcShortQuery4MessageContent|1791332504551|1791332504552|0|1|-1
LdbcShortQuery5MessageCreator|1791332504552|1791332504553|1|1|-1
LdbcShortQuery6MessageForum|1791332504554|1791332504554|1|1|-1
LdbcShortQuery7MessageReplies|1791332504555|1791332504556|1|0|-1
LdbcShortQuery1PersonProfile|1791332504557|1791332504557|1|1|-1
LdbcShortQuery2PersonPosts|1791332504558|1791332504586|2|10|-1
LdbcShortQuery3PersonFriends|1791332504588|1791332504588|3|42|-1
LdbcQuery6|1791332504049|1791332504590|32|10|1347531958176
LdbcShortQuery1PersonProfile|1791332504622|1791332504624|1|1|-1
LdbcShortQuery2PersonPosts|1791332504625|1791332504635|2|10|-1
LdbcShortQuery3PersonFriends|1791332504637|1791332504640|2|29|-1
LdbcShortQuery4MessageContent|1791332504642|1791332504642|1|1|-1
LdbcShortQuery5MessageCreator|1791332504643|1791332504643|1|1|-1
LdbcShortQuery6MessageForum|1791332504644|1791332504644|0|1|-1
LdbcShortQuery7MessageReplies|1791332504644|1791332504645|0|0|-1
LdbcQuery8|1791332504049|1791332504646|2|20|1347531958176
LdbcShortQuery4MessageContent|1791332504648|1791332504648|1|1|-1
LdbcShortQuery5MessageCreator|1791332504649|1791332504649|0|1|-1
LdbcShortQuery6MessageForum|1791332504649|1791332504650|1|1|-1
LdbcShortQuery7MessageReplies|1791332504651|1791332504651|1|8|-1
LdbcShortQuery1PersonProfile|1791332504652|1791332504653|0|1|-1
LdbcShortQuery2PersonPosts|1791332504653|1791332504654|1|10|-1
LdbcShortQuery3PersonFriends|1791332504655|1791332504655|4|30|-1
LdbcShortQuery4MessageContent|1791332504659|1791332504669|1|1|-1
LdbcShortQuery5MessageCreator|1791332504670|1791332504684|11|1|-1
LdbcShortQuery6MessageForum|1791332504695|1791332504697|2|1|-1
LdbcShortQuery7MessageReplies|1791332504699|1791332504713|3|0|-1
LdbcShortQuery1PersonProfile|1791332504716|1791332504717|2|1|-1
LdbcShortQuery2PersonPosts|1791332504719|1791332504719|2|10|-1
LdbcShortQuery3PersonFriends|1791332504721|1791332504722|2|19|-1
LdbcQuery9|1791332504049|1791332504723|78|20|1347531958176
LdbcShortQuery1PersonProfile|1791332504801|1791332504802|1|1|-1
LdbcShortQuery2PersonPosts|1791332504803|1791332504814|1|8|-1
LdbcShortQuery3PersonFriends|1791332504815|1791332504816|1|12|-1
LdbcShortQuery4MessageContent|1791332504817|1791332504818|1|1|-1
LdbcShortQuery5MessageCreator|1791332504819|1791332504819|1|1|-1
LdbcShortQuery6MessageForum|1791332504820|1791332504821|2|1|-1
LdbcShortQuery7MessageReplies|1791332504823|1791332504823|3|0|-1
LdbcShortQuery1PersonProfile|1791332504826|1791332504827|1|1|-1
LdbcShortQuery2PersonPosts|1791332504828|1791332504831|2|10|-1
LdbcShortQuery3PersonFriends|1791332504833|1791332504847|2|24|-1
LdbcQuery8|1791332508909|1791332508921|7|20|1347532006783
LdbcShortQuery4MessageContent|1791332508928|1791332508928|1|1|-1
LdbcShortQuery5MessageCreator|1791332508929|1791332508937|3|1|-1
LdbcShortQuery6MessageForum|1791332508940|1791332508949|4|1|-1
LdbcShortQuery7MessageReplies|1791332508953|1791332508953|3|1|-1
LdbcQuery9|1791332508909|1791332508956|82|20|1347532006783
LdbcShortQuery1PersonProfile|1791332509038|1791332509052|2|1|-1
LdbcShortQuery2PersonPosts|1791332509054|1791332509065|5|10|-1
LdbcShortQuery3PersonFriends|1791332509070|1791332509078|2|0|-1
LdbcShortQuery4MessageContent|1791332509080|1791332509090|2|1|-1
LdbcShortQuery5MessageCreator|1791332509092|1791332509107|2|1|-1
LdbcShortQuery6MessageForum|1791332509109|1791332509122|5|1|-1
LdbcShortQuery7MessageReplies|1791332509127|1791332509134|3|0|-1
LdbcShortQuery1PersonProfile|1791332509137|1791332509147|4|1|-1
LdbcShortQuery2PersonPosts|1791332509151|1791332509152|2|3|-1
LdbcShortQuery3PersonFriends|1791332509154|1791332509160|8|338|-1
LdbcShortQuery4MessageContent|1791332509168|1791332509169|2|1|-1
LdbcShortQuery5MessageCreator|1791332509171|1791332509173|3|1|-1
LdbcShortQuery6MessageForum|1791332509176|1791332509186|2|1|-1
LdbcShortQuery7MessageReplies|1791332509188|1791332509188|2|0|-1
LdbcQuery4|1791332508909|1791332509190|2|0|1347532006783
LdbcShortQuery4MessageContent|1791332509192|1791332509199|3|1|-1
LdbcShortQuery5MessageCreator|1791332509202|1791332509203|3|1|-1
LdbcShortQuery6MessageForum|1791332509206|1791332509212|2|1|-1
LdbcShortQuery7MessageReplies|1791332509214|1791332509228|3|0|-1
LdbcShortQuery1PersonProfile|1791332509231|1791332509241|4|1|-1
LdbcShortQuery2PersonPosts|1791332509245|1791332509245|4|10|-1
LdbcShortQuery3PersonFriends|1791332509249|1791332509249|7|230|-1
LdbcShortQuery4MessageContent|1791332509256|1791332509258|2|1|-1
LdbcShortQuery5MessageCreator|1791332509260|1791332509271|3|1|-1
LdbcShortQuery6MessageForum|1791332509274|1791332509284|2|1|-1
LdbcShortQuery7MessageReplies|1791332509286|1791332509300|2|0|-1
LdbcShortQuery1PersonProfile|1791332509302|1791332509313|2|1|-1
LdbcShortQuery2PersonPosts|1791332509315|1791332509325|6|10|-1
LdbcShortQuery3PersonFriends|1791332509331|1791332509342|9|59|-1
LdbcShortQuery4MessageContent|1791332509351|1791332509351|2|1|-1
LdbcShortQuery5MessageCreator|1791332509353|1791332509354|2|1|-1
LdbcShortQuery6MessageForum|1791332509356|1791332509357|2|1|-1
LdbcShortQuery7MessageReplies|1791332509359|1791332509359|2|1|-1
LdbcQuery10|1791332508909|1791332509359|23|10|1347532006783
LdbcShortQuery1PersonProfile|1791332509382|1791332509385|2|1|-1
LdbcShortQuery2PersonPosts|1791332509387|1791332509398|2|10|-1
LdbcShortQuery3PersonFriends|1791332509400|1791332509410|4|14|-1
LdbcShortQuery4MessageContent|1791332509414|1791332509415|2|1|-1
LdbcShortQuery5MessageCreator|1791332509417|1791332509427|3|1|-1
LdbcShortQuery6MessageForum|1791332509430|1791332509440|3|1|-1
LdbcShortQuery7MessageReplies|1791332509443|1791332509456|3|0|-1
LdbcShortQuery1PersonProfile|1791332509459|1791332509470|4|1|-1
LdbcShortQuery2PersonPosts|1791332509474|1791332509475|4|10|-1
LdbcShortQuery3PersonFriends|1791332509479|1791332509479|3|56|-1
LdbcQuery11|1791332508909|1791332509483|4|0|1347532006783
LdbcShortQuery4MessageContent|1791332509487|1791332509487|2|1|-1
LdbcShortQuery5MessageCreator|1791332509489|1791332509495|2|1|-1
LdbcShortQuery6MessageForum|1791332509497|1791332509508|1|1|-1
LdbcShortQuery7MessageReplies|1791332509509|1791332509525|2|3|-1
LdbcShortQuery1PersonProfile|1791332509527|1791332509538|2|1|-1
LdbcShortQuery2PersonPosts|1791332509540|1791332509551|2|1|-1
LdbcShortQuery3PersonFriends|1791332509553|1791332509572|2|13|-1
LdbcShortQuery4MessageContent|1791332509574|1791332509576|1|1|-1
LdbcShortQuery5MessageCreator|1791332509577|1791332509584|2|1|-1
LdbcShortQuery6MessageForum|1791332509586|1791332509598|5|1|-1
LdbcShortQuery7MessageReplies|1791332509603|1791332509611|4|1|-1
LdbcQuery5|1791332508909|1791332509615|23|0|1347532006783
LdbcShortQuery1PersonProfile|1791332509638|1791332509640|3|1|-1
LdbcShortQuery2PersonPosts|1791332509643|1791332509643|5|10|-1
LdbcShortQuery3PersonFriends|1791332509648|1791332509649|2|9|-1
LdbcShortQuery4MessageContent|1791332509651|1791332509657|5|1|-1
LdbcUpdate2AddPostLike|1791332509643|1791332509657|13|0|1347532014109
LdbcShortQuery5MessageCreator|1791332509662|1791332509673|2|1|-1
LdbcShortQuery6MessageForum|1791332509675|1791332509686|2|1|-1
LdbcShortQuery7MessageReplies|1791332509688|1791332509703|3|3|-1
LdbcShortQuery1PersonProfile|1791332509706|1791332509707|1|1|-1
LdbcShortQuery2PersonPosts|1791332509708|1791332509716|3|10|-1
LdbcShortQuery3PersonFriends|1791332509719|1791332509732|2|5|-1
LdbcShortQuery4MessageContent|1791332509734|1791332509744|3|1|-1
LdbcShortQuery5MessageCreator|1791332509747|1791332509748|2|1|-1
LdbcShortQuery6MessageForum|1791332509750|1791332509757|4|1|-1
LdbcShortQuery7MessageReplies|1791332509761|1791332509762|2|5|-1
LdbcShortQuery1PersonProfile|1791332509764|1791332509770|5|1|-1
LdbcShortQuery2PersonPosts|1791332509775|1791332509783|3|10|-1
LdbcShortQuery3PersonFriends|1791332509786|1791332509799|7|189|-1
LdbcQuery2|1791332508909|1791332509806|5|20|1347532006783
LdbcShortQuery4MessageContent|1791332509811|1791332509811|6|1|-1
LdbcShortQuery5MessageCreator|1791332509817|1791332509818|2|1|-1
LdbcShortQuery6MessageForum|1791332509820|1791332509820|2|1|-1
LdbcShortQuery7MessageReplies|1791332509822|1791332509822|2|0|-1
LdbcQuery12|1791332508909|1791332509822|60|1|1347532006783
LdbcShortQuery1PersonProfile|1791332509882|1791332509884|1|1|-1
LdbcShortQuery2PersonPosts|1791332509885|1791332509888|1|10|-1
LdbcShortQuery3PersonFriends|1791332509889|1791332509901|2|29|-1
LdbcShortQuery4MessageContent|1791332509903|1791332509914|3|1|-1
LdbcShortQuery5MessageCreator|1791332509917|1791332509917|3|1|-1
LdbcShortQuery6MessageForum|1791332509920|1791332509927|4|1|-1
LdbcShortQuery7MessageReplies|1791332509931|1791332509931|2|7|-1
LdbcQuery13|1791332508909|1791332509931|2|1|1347532006783
LdbcShortQuery4MessageContent|1791332509933|1791332509935|3|1|-1
LdbcShortQuery5MessageCreator|1791332509938|1791332509940|2|1|-1
LdbcShortQuery6MessageForum|1791332509942|1791332509944|2|1|-1
LdbcShortQuery7MessageReplies|1791332509946|1791332509959|5|0|-1
LdbcShortQuery1PersonProfile|1791332509964|1791332509971|3|1|-1
LdbcShortQuery2PersonPosts|1791332509974|1791332509974|2|10|-1
LdbcShortQuery3PersonFriends|1791332509976|1791332509976|1|8|-1
LdbcShortQuery4MessageContent|1791332509977|1791332509980|1|1|-1
LdbcShortQuery5MessageCreator|1791332509981|1791332509984|3|1|-1
LdbcShortQuery6MessageForum|1791332509987|1791332509987|2|1|-1
LdbcShortQuery7MessageReplies|1791332509989|1791332509989|1|0|-1
LdbcQuery6|1791332508909|1791332509989|39|10|1347532006783
LdbcShortQuery1PersonProfile|1791332510028|1791332510031|1|1|-1
LdbcShortQuery2PersonPosts|1791332510032|1791332510046|3|10|-1
LdbcShortQuery3PersonFriends|1791332510049|1791332510060|3|50|-1
LdbcShortQuery4MessageContent|1791332510063|1791332510073|4|1|-1
LdbcShortQuery5MessageCreator|1791332510077|1791332510077|3|1|-1
LdbcShortQuery6MessageForum|1791332510080|1791332510081|3|1|-1
LdbcShortQuery7MessageReplies|1791332510084|1791332510085|3|9|-1
LdbcShortQuery1PersonProfile|1791332510088|1791332510098|2|1|-1
LdbcShortQuery2PersonPosts|1791332510100|1791332510110|3|10|-1
LdbcShortQuery3PersonFriends|1791332510113|1791332510126|4|55|-1
LdbcQuery7|1791332508909|1791332510130|6|20|1347532006783
LdbcShortQuery4MessageContent|1791332510136|1791332510139|2|1|-1
LdbcShortQuery5MessageCreator|1791332510141|1791332510152|5|1|-1
LdbcShortQuery6MessageForum|1791332510157|1791332510165|3|1|-1
LdbcShortQuery7MessageReplies|1791332510168|1791332510182|4|0|-1
LdbcShortQuery1PersonProfile|1791332510186|1791332510187|3|1|-1
LdbcShortQuery2PersonPosts|1791332510190|1791332510195|2|1|-1
LdbcShortQuery3PersonFriends|1791332510197|1791332510208|3|3|-1
LdbcShortQuery4MessageContent|1791332510211|1791332510226|5|1|-1
LdbcShortQuery5MessageCreator|1791332510231|1791332510233|2|1|-1
LdbcShortQuery6MessageForum|1791332510235|1791332510241|4|1|-1
LdbcShortQuery7MessageReplies|1791332510245|1791332510245|3|0|-1
LdbcShortQuery1PersonProfile|1791332510248|1791332510249|2|1|-1
LdbcShortQuery2PersonPosts|1791332510251|1791332510254|5|10|-1
LdbcShortQuery3PersonFriends|1791332510259|1791332510266|3|14|-1
LdbcUpdate5AddForumMembership|1791332510290|1791332510295|12|0|1347532020580
LdbcQuery3|1791332508909|1791332510266|96|0|1347532006783
LdbcShortQuery1PersonProfile|1791332510362|1791332510366|2|1|-1
LdbcShortQuery2PersonPosts|1791332510368|1791332510379|3|10|-1
LdbcShortQuery3PersonFriends|1791332510382|1791332510396|3|36|-1
LdbcQuery1|1791332508909|1791332510396|2|5|1347532006783
LdbcShortQuery4MessageContent|1791332510398|1791332510400|1|1|-1
LdbcShortQuery5MessageCreator|1791332510401|1791332510403|1|1|-1
LdbcShortQuery6MessageForum|1791332510404|1791332510405|1|1|-1
LdbcShortQuery7MessageReplies|1791332510406|1791332510409|2|0|-1
LdbcShortQuery1PersonProfile|1791332510411|1791332510422|3|1|-1
LdbcShortQuery2PersonPosts|1791332510425|1791332510438|3|10|-1
LdbcShortQuery3PersonFriends|1791332510441|1791332510452|5|29|-1
LdbcShortQuery4MessageContent|1791332510457|1791332510457|2|1|-1
LdbcShortQuery5MessageCreator|1791332510459|1791332510466|2|1|-1
LdbcShortQuery6MessageForum|1791332510468|1791332510469|2|1|-1
LdbcShortQuery7MessageReplies|1791332510471|1791332510479|3|0|-1
LdbcQuery14|1791332508909|1791332510483|3|10|1347532006783
LdbcShortQuery1PersonProfile|1791332510486|1791332510487|2|1|-1
LdbcShortQuery2PersonPosts|1791332510489|1791332510495|2|10|-1
LdbcShortQuery3PersonFriends|1791332510497|1791332510508|2|8|-1
LdbcShortQuery4MessageContent|1791332510510|1791332510520|2|1|-1
LdbcShortQuery5MessageCreator|1791332510522|1791332510537|1|1|-1
LdbcShortQuery6MessageForum|1791332510538|1791332510550|1|1|-1
LdbcShortQuery7MessageReplies|1791332510551|1791332510566|2|4|-1
LdbcUpdate5AddForumMembership|1791332510746|1791332510753|10|0|1347532025146
LdbcUpdate5AddForumMembership|1791332512309|1791332512318|12|0|1347532040769
LdbcQuery1|1791332513770|1791332513770|6|1|1347532055390
LdbcShortQuery4MessageContent|1791332513776|1791332513786|4|1|-1
LdbcShortQuery5MessageCreator|1791332513790|1791332513791|2|1|-1
LdbcShortQuery6MessageForum|1791332513793|1791332513801|4|1|-1
LdbcShortQuery7MessageReplies|1791332513805|1791332513806|3|12|-1
LdbcShortQuery1PersonProfile|1791332513809|1791332513815|2|1|-1
LdbcShortQuery2PersonPosts|1791332513817|1791332513817|2|10|-1
LdbcShortQuery3PersonFriends|1791332513819|1791332513821|1|20|-1
LdbcShortQuery4MessageContent|1791332513822|1791332513823|1|1|-1
LdbcShortQuery5MessageCreator|1791332513824|1791332513827|1|1|-1
LdbcShortQuery6MessageForum|1791332513828|1791332513841|5|1|-1
LdbcShortQuery7MessageReplies|1791332513846|1791332513848|2|9|-1
LdbcQuery14|1791332513770|1791332513848|2|5|1347532055390
LdbcShortQuery1PersonProfile|1791332513850|1791332513852|2|1|-1
LdbcShortQuery2PersonPosts|1791332513854|1791332513855|2|10|-1
LdbcShortQuery3PersonFriends|1791332513857|1791332513857|3|44|-1
LdbcShortQuery4MessageContent|1791332513860|1791332513861|1|1|-1
LdbcShortQuery5MessageCreator|1791332513862|1791332513862|1|1|-1
LdbcShortQuery6MessageForum|1791332513863|1791332513864|1|1|-1
LdbcShortQuery7MessageReplies|1791332513865|1791332513866|2|12|-1
LdbcShortQuery1PersonProfile|1791332513868|1791332513868|2|1|-1
LdbcShortQuery2PersonPosts|1791332513870|1791332513871|2|10|-1
LdbcShortQuery3PersonFriends|1791332513873|1791332513873|1|15|-1
LdbcQuery2|1791332513770|1791332513875|8|20|1347532055390
LdbcShortQuery4MessageContent|1791332513883|1791332513883|1|1|-1
LdbcShortQuery5MessageCreator|1791332513884|1791332513884|1|1|-1
LdbcShortQuery6MessageForum|1791332513885|1791332513886|2|1|-1
LdbcShortQuery7MessageReplies|1791332513888|1791332513903|5|5|-1
LdbcShortQuery1PersonProfile|1791332513908|1791332513916|3|1|-1
LdbcShortQuery2PersonPosts|1791332513919|1791332513931|6|10|-1
LdbcShortQuery3PersonFriends|1791332513937|1791332513948|6|74|-1
LdbcQuery4|1791332513770|1791332513953|4|3|1347532055390
LdbcShortQuery1PersonProfile|1791332513957|1791332513957|0|1|-1
LdbcShortQuery2PersonPosts|1791332513957|1791332513957|1|10|-1
LdbcShortQuery3PersonFriends|1791332513958|1791332513961|1|13|-1
LdbcShortQuery4MessageContent|1791332513962|1791332513974|4|1|-1
LdbcShortQuery5MessageCreator|1791332513978|1791332513978|3|1|-1
LdbcShortQuery6MessageForum|1791332513981|1791332513982|2|1|-1
LdbcShortQuery7MessageReplies|1791332513984|1791332513991|4|0|-1
LdbcShortQuery1PersonProfile|1791332513995|1791332513995|2|1|-1
LdbcShortQuery2PersonPosts|1791332513997|1791332514004|5|10|-1
LdbcShortQuery3PersonFriends|1791332514009|1791332514021|4|14|-1
LdbcQuery8|1791332513770|1791332514025|7|20|1347532055390
LdbcShortQuery4MessageContent|1791332514032|1791332514033|2|1|-1
LdbcShortQuery5MessageCreator|1791332514035|1791332514046|4|1|-1
LdbcShortQuery6MessageForum|1791332514050|1791332514050|3|1|-1
LdbcShortQuery7MessageReplies|1791332514053|1791332514054|3|0|-1
LdbcShortQuery1PersonProfile|1791332514057|1791332514063|3|1|-1
LdbcShortQuery2PersonPosts|1791332514066|1791332514076|4|10|-1
LdbcShortQuery3PersonFriends|1791332514080|1791332514080|4|19|-1
LdbcQuery9|1791332513770|1791332514085|105|20|1347532055390
LdbcShortQuery1PersonProfile|1791332514190|1791332514192|2|1|-1
LdbcShortQuery2PersonPosts|1791332514194|1791332514208|2|0|-1
LdbcShortQuery3PersonFriends|1791332514210|1791332514221|2|5|-1
LdbcShortQuery4MessageContent|1791332514223|1791332514237|2|1|-1
LdbcShortQuery5MessageCreator|1791332514239|1791332514239|2|1|-1
LdbcShortQuery6MessageForum|1791332514241|1791332514241|2|1|-1
LdbcShortQuery7MessageReplies|1791332514243|1791332514249|2|0|-1
LdbcQuery5|1791332513770|1791332514249|143|20|1347532055390
LdbcShortQuery4MessageContent|1791332514392|1791332514396|2|1|-1
LdbcShortQuery5MessageCreator|1791332514398|1791332514408|2|1|-1
LdbcShortQuery6MessageForum|1791332514410|1791332514425|1|1|-1
LdbcShortQuery7MessageReplies|1791332514426|1791332514440|2|3|-1
LdbcShortQuery1PersonProfile|1791332514442|1791332514452|2|1|-1
LdbcShortQuery2PersonPosts|1791332514454|1791332514465|4|7|-1
LdbcShortQuery3PersonFriends|1791332514469|1791332514470|3|34|-1
LdbcQuery10|1791332513770|1791332514472|18|10|1347532055390
LdbcShortQuery1PersonProfile|1791332514490|1791332514497|3|1|-1
LdbcShortQuery2PersonPosts|1791332514500|1791332514510|2|10|-1
LdbcShortQuery3PersonFriends|1791332514512|1791332514527|5|29|-1
LdbcShortQuery4MessageContent|1791332514532|1791332514540|2|1|-1
LdbcShortQuery5MessageCreator|1791332514542|1791332514552|4|1|-1
LdbcShortQuery6MessageForum|1791332514556|1791332514557|3|1|-1
LdbcShortQuery7MessageReplies|1791332514560|1791332514565|4|5|-1
LdbcShortQuery1PersonProfile|1791332514569|1791332514570|3|1|-1
LdbcShortQuery2PersonPosts|1791332514573|1791332514573|3|10|-1
LdbcShortQuery3PersonFriends|1791332514576|1791332514577|4|43|-1
LdbcShortQuery4MessageContent|1791332514581|1791332514594|3|1|-1
LdbcShortQuery5MessageCreator|1791332514597|1791332514598|2|1|-1
LdbcShortQuery6MessageForum|1791332514600|1791332514606|2|1|-1
LdbcShortQuery7MessageReplies|1791332514608|1791332514608|2|0|-1
LdbcShortQuery1PersonProfile|1791332514610|1791332514610|2|1|-1
LdbcShortQuery2PersonPosts|1791332514612|1791332514612|2|10|-1
LdbcShortQuery3PersonFriends|1791332514614|1791332514616|5|53|-1
LdbcQuery11|1791332513770|1791332514622|5|0|1347532055390
LdbcShortQuery4MessageContent|1791332514627|1791332514627|2|1|-1
LdbcShortQuery5MessageCreator|1791332514629|1791332514635|3|1|-1
LdbcShortQuery6MessageForum|1791332514638|1791332514638|2|1|-1
LdbcShortQuery7MessageReplies|1791332514640|1791332514651|1|7|-1
LdbcShortQuery1PersonProfile|1791332514652|1791332514664|1|1|-1
LdbcShortQuery2PersonPosts|1791332514665|1791332514681|3|10|-1
LdbcShortQuery3PersonFriends|1791332514684|1791332514694|2|53|-1
LdbcShortQuery4MessageContent|1791332514696|1791332514707|1|1|-1
LdbcShortQuery5MessageCreator|1791332514708|1791332514721|7|1|-1
LdbcShortQuery6MessageForum|1791332514728|1791332514734|3|1|-1
LdbcShortQuery7MessageReplies|1791332514737|1791332514737|3|6|-1
LdbcShortQuery1PersonProfile|1791332514740|1791332514741|2|1|-1
LdbcShortQuery2PersonPosts|1791332514743|1791332514751|6|10|-1
LdbcShortQuery3PersonFriends|1791332514757|1791332514758|3|26|-1
LdbcQuery3|1791332513770|1791332514761|65|0|1347532055390
LdbcShortQuery1PersonProfile|1791332514826|1791332514826|1|1|-1
LdbcShortQuery2PersonPosts|1791332514827|1791332514830|3|10|-1
LdbcShortQuery3PersonFriends|1791332514833|1791332514845|3|59|-1
LdbcShortQuery4MessageContent|1791332514848|1791332514848|1|1|-1
LdbcShortQuery5MessageCreator|1791332514849|1791332514849|1|1|-1
LdbcShortQuery6MessageForum|1791332514850|1791332514861|2|1|-1
LdbcShortQuery7MessageReplies|1791332514863|1791332514863|2|6|-1
LdbcShortQuery1PersonProfile|1791332514865|1791332514865|1|1|-1
LdbcShortQuery2PersonPosts|1791332514866|1791332514877|3|10|-1
LdbcShortQuery3PersonFriends|1791332514880|1791332514880|1|19|-1
LdbcQuery6|1791332513770|1791332514881|35|10|1347532055390
LdbcShortQuery4MessageContent|1791332514916|1791332514919|1|1|-1
LdbcShortQuery5MessageCreator|1791332514920|1791332514933|3|1|-1
LdbcShortQuery6MessageForum|1791332514936|1791332514949|3|1|-1
LdbcShortQuery7MessageReplies|1791332514952|1791332514961|2|0|-1
LdbcShortQuery1PersonProfile|1791332514963|1791332514975|6|1|-1
LdbcShortQuery2PersonPosts|1791332514981|1791332514990|3|10|-1
LdbcShortQuery3PersonFriends|1791332514993|1791332515003|6|55|-1
LdbcQuery12|1791332513770|1791332515009|62|1|1347532055390
LdbcShortQuery1PersonProfile|1791332515071|1791332515072|1|1|-1
LdbcShortQuery2PersonPosts|1791332515073|1791332515073|1|10|-1
LdbcShortQuery3PersonFriends|1791332515074|1791332515076|3|41|-1
LdbcShortQuery4MessageContent|1791332515079|1791332515091|3|1|-1
LdbcShortQuery5MessageCreator|1791332515094|1791332515105|3|1|-1
LdbcShortQuery6MessageForum|1791332515108|1791332515109|4|1|-1
LdbcShortQuery7MessageReplies|1791332515113|1791332515113|1|7|-1
LdbcShortQuery1PersonProfile|1791332515114|1791332515115|6|1|-1
LdbcShortQuery2PersonPosts|1791332515121|1791332515121|6|10|-1
LdbcShortQuery3PersonFriends|1791332515127|1791332515128|3|16|-1
LdbcQuery13|1791332513770|1791332515132|2|1|1347532055390
LdbcShortQuery4MessageContent|1791332515134|1791332515135|1|1|-1
LdbcShortQuery5MessageCreator|1791332515136|1791332515136|1|1|-1
LdbcShortQuery6MessageForum|1791332515137|1791332515138|1|1|-1
LdbcShortQuery7MessageReplies|1791332515139|1791332515140|1|9|-1
LdbcShortQuery1PersonProfile|1791332515141|1791332515142|1|1|-1
LdbcShortQuery2PersonPosts|1791332515143|1791332515143|2|10|-1
LdbcShortQuery3PersonFriends|1791332515145|1791332515146|1|21|-1
LdbcQuery7|1791332513770|1791332515147|2|20|1347532055390
LdbcShortQuery1PersonProfile|1791332515149|1791332515149|2|1|-1
LdbcShortQuery2PersonPosts|1791332515151|1791332515152|2|10|-1
LdbcShortQuery3PersonFriends|1791332515154|1791332515154|1|41|-1
LdbcQuery13|1791332518631|1791332518636|4|1|1347532103997
LdbcShortQuery4MessageContent|1791332518640|1791332518651|3|1|-1
LdbcShortQuery5MessageCreator|1791332518654|1791332518663|4|1|-1
LdbcShortQuery6MessageForum|1791332518667|1791332518667|3|1|-1
LdbcShortQuery7MessageReplies|1791332518670|1791332518676|5|7|-1
LdbcQuery7|1791332518631|1791332518681|6|20|1347532103997
LdbcShortQuery1PersonProfile|1791332518687|1791332518690|2|1|-1
LdbcShortQuery2PersonPosts|1791332518692|1791332518703|5|10|-1
LdbcShortQuery3PersonFriends|1791332518708|1791332518716|7|36|-1
LdbcShortQuery4MessageContent|1791332518723|1791332518729|3|1|-1
LdbcShortQuery5MessageCreator|1791332518732|1791332518733|3|1|-1
LdbcShortQuery6MessageForum|1791332518736|1791332518745|2|1|-1
LdbcShortQuery7MessageReplies|1791332518747|1791332518761|4|7|-1
LdbcShortQuery1PersonProfile|1791332518765|1791332518765|1|1|-1
LdbcShortQuery2PersonPosts|1791332518766|1791332518778|4|10|-1
LdbcShortQuery3PersonFriends|1791332518782|1791332518782|2|38|-1
LdbcQuery5|1791332518631|1791332518782|32|20|1347532103997
LdbcShortQuery4MessageContent|1791332518814|1791332518816|2|1|-1
LdbcShortQuery5MessageCreator|1791332518818|1791332518820|1|1|-1
LdbcShortQuery6MessageForum|1791332518821|1791332518824|2|1|-1
LdbcShortQuery7MessageReplies|1791332518826|1791332518826|2|8|-1
LdbcShortQuery1PersonProfile|1791332518828|1791332518828|1|1|-1
LdbcShortQuery2PersonPosts|1791332518829|1791332518841|5|10|-1
LdbcShortQuery3PersonFriends|1791332518846|1791332518847|2|8|-1
LdbcShortQuery4MessageContent|1791332518849|1791332518849|2|1|-1
LdbcShortQuery5MessageCreator|1791332518851|1791332518854|1|1|-1
LdbcShortQuery6MessageForum|1791332518855|1791332518867|4|1|-1
LdbcShortQuery7MessageReplies|1791332518871|1791332518871|3|5|-1
LdbcQuery2|1791332518631|1791332518871|6|20|1347532103997
LdbcShortQuery1PersonProfile|1791332518877|1791332518881|2|1|-1
LdbcShortQuery2PersonPosts|1791332518883|1791332518894|9|10|-1
LdbcShortQuery3PersonFriends|1791332518903|1791332518903|3|56|-1
LdbcQuery1|1791332518631|1791332518906|4|20|1347532103997
LdbcShortQuery4MessageContent|1791332518910|1791332518911|1|1|-1
LdbcShortQuery5MessageCreator|1791332518912|1791332518912|1|1|-1
LdbcShortQuery6MessageForum|1791332518913|1791332518914|1|1|-1
LdbcShortQuery7MessageReplies|1791332518915|1791332518916|1|0|-1
LdbcShortQuery1PersonProfile|1791332518917|1791332518917|1|1|-1
LdbcShortQuery2PersonPosts|1791332518918|1791332518919|2|10|-1
LdbcShortQuery3PersonFriends|1791332518921|1791332518921|2|96|-1
LdbcShortQuery4MessageContent|1791332518923|1791332518924|2|1|-1
LdbcShortQuery5MessageCreator|1791332518926|1791332518926|2|1|-1
LdbcShortQuery6MessageForum|1791332518928|1791332518929|5|1|-1
LdbcShortQuery7MessageReplies|1791332518934|1791332518934|2|1|-1
LdbcShortQuery1PersonProfile|1791332518936|1791332518936|2|1|-1
LdbcShortQuery2PersonPosts|1791332518938|1791332518940|3|10|-1
LdbcShortQuery3PersonFriends|1791332518943|1791332518952|2|59|-1
LdbcQuery14|1791332518631|1791332518952|2|8|1347532103997
LdbcShortQuery1PersonProfile|1791332518954|1791332518957|1|1|-1
LdbcShortQuery2PersonPosts|1791332518958|1791332518961|2|10|-1
LdbcShortQuery3PersonFriends|1791332518963|1791332518965|2|43|-1
LdbcShortQuery4MessageContent|1791332518967|1791332518978|2|1|-1
LdbcShortQuery5MessageCreator|1791332518980|1791332518982|2|1|-1
LdbcShortQuery6MessageForum|1791332518984|1791332518991|1|1|-1
LdbcShortQuery7MessageReplies|1791332518992|1791332519005|1|4|-1
LdbcQuery9|1791332518631|1791332519005|84|20|1347532103997
LdbcShortQuery4MessageContent|1791332519089|1791332519091|1|1|-1
LdbcShortQuery5MessageCreator|1791332519092|1791332519093|1|1|-1
LdbcShortQuery6MessageForum|1791332519094|1791332519097|2|1|-1
LdbcShortQuery7MessageReplies|1791332519099|1791332519114|2|0|-1
LdbcShortQuery1PersonProfile|1791332519116|1791332519130|2|1|-1
LdbcShortQuery2PersonPosts|1791332519132|1791332519143|2|10|-1
LdbcShortQuery3PersonFriends|1791332519145|1791332519157|5|38|-1
LdbcQuery4|1791332518631|1791332519162|5|1|1347532103997
LdbcShortQuery1PersonProfile|1791332519167|1791332519168|2|1|-1
LdbcShortQuery2PersonPosts|1791332519170|1791332519170|3|10|-1
LdbcShortQuery3PersonFriends|1791332519173|1791332519174|8|256|-1
LdbcShortQuery4MessageContent|1791332519182|1791332519182|2|1|-1
LdbcShortQuery5MessageCreator|1791332519184|1791332519187|2|1|-1
LdbcShortQuery6MessageForum|1791332519189|1791332519195|2|1|-1
LdbcShortQuery7MessageReplies|1791332519197|1791332519210|3|0|-1
LdbcShortQuery1PersonProfile|1791332519213|1791332519224|2|1|-1
LdbcShortQuery2PersonPosts|1791332519226|1791332519236|7|10|-1
LdbcShortQuery3PersonFriends|1791332519243|1791332519249|3|44|-1
LdbcShortQuery4MessageContent|1791332519252|1791332519266|4|1|-1
LdbcShortQuery5MessageCreator|1791332519270|1791332519279|3|1|-1
LdbcShortQuery6MessageForum|1791332519282|1791332519291|3|1|-1
LdbcShortQuery7MessageReplies|1791332519294|1791332519304|4|9|-1
LdbcQuery8|1791332518631|1791332519304|12|20|1347532103997
LdbcShortQuery4MessageContent|1791332519316|1791332519321|2|1|-1
LdbcShortQuery5MessageCreator|1791332519323|1791332519329|2|1|-1
LdbcShortQuery6MessageForum|1791332519331|1791332519342|2|1|-1
LdbcShortQuery7MessageReplies|1791332519344|1791332519358|2|1|-1
LdbcShortQuery1PersonProfile|1791332519360|1791332519371|4|1|-1
LdbcShortQuery2PersonPosts|1791332519375|1791332519376|4|10|-1
LdbcShortQuery3PersonFriends|1791332519380|1791332519380|3|44|-1
LdbcQuery12|1791332518631|1791332519380|68|2|1347532103997
LdbcShortQuery1PersonProfile|1791332519448|1791332519451|1|1|-1
LdbcShortQuery2PersonPosts|1791332519452|1791332519459|3|10|-1
LdbcShortQuery3PersonFriends|1791332519462|1791332519475|3|62|-1
LdbcShortQuery4MessageContent|1791332519478|1791332519488|3|1|-1
LdbcShortQuery5MessageCreator|1791332519491|1791332519492|2|1|-1
LdbcShortQuery6MessageForum|1791332519494|1791332519500|4|1|-1
LdbcShortQuery7MessageReplies|1791332519504|1791332519504|3|5|-1
LdbcShortQuery1PersonProfile|1791332519507|1791332519515|5|1|-1
LdbcShortQuery2PersonPosts|1791332519520|1791332519527|2|10|-1
LdbcShortQuery3PersonFriends|1791332519529|1791332519540|3|17|-1
LdbcQuery3|1791332518631|1791332519540|86|0|1347532103997
LdbcShortQuery4MessageContent|1791332519626|1791332519627|2|1|-1
LdbcShortQuery5MessageCreator|1791332519629|1791332519631|2|1|-1
LdbcShortQuery6MessageForum|1791332519633|1791332519635|1|1|-1
LdbcShortQuery7MessageReplies|1791332519636|1791332519648|3|9|-1
LdbcShortQuery1PersonProfile|1791332519651|1791332519662|2|1|-1
LdbcShortQuery2PersonPosts|1791332519664|1791332519664|3|10|-1
LdbcShortQuery3PersonFriends|1791332519667|1791332519676|3|8|-1
LdbcShortQuery4MessageContent|1791332519679|1791332519689|1|1|-1
LdbcShortQuery5MessageCreator|1791332519690|1791332519706|3|1|-1
LdbcShortQuery6MessageForum|1791332519709|1791332519724|4|1|-1
LdbcShortQuery7MessageReplies|1791332519728|1791332519728|3|0|-1
LdbcQuery10|1791332518631|1791332519732|38|10|1347532103997
LdbcShortQuery1PersonProfile|1791332519770|1791332519770|2|1|-1
LdbcShortQuery2PersonPosts|1791332519772|1791332519774|2|10|-1
LdbcShortQuery3PersonFriends|1791332519776|1791332519776|3|41|-1
LdbcShortQuery4MessageContent|1791332519779|1791332519787|3|1|-1
LdbcShortQuery5MessageCreator|1791332519790|1791332519800|4|1|-1
LdbcShortQuery6MessageForum|1791332519804|1791332519804|1|1|-1
LdbcShortQuery7MessageReplies|1791332519805|1791332519816|3|0|-1
LdbcShortQuery1PersonProfile|1791332519819|1791332519829|1|1|-1
LdbcShortQuery2PersonPosts|1791332519830|1791332519841|3|10|-1
LdbcShortQuery3PersonFriends|1791332519844|1791332519858|1|5|-1
LdbcShortQuery4MessageContent|1791332519859|1791332519871|2|1|-1
LdbcShortQuery5MessageCreator|1791332519873|1791332519884|4|1|-1
LdbcShortQuery6MessageForum|1791332519888|1791332519888|2|1|-1
LdbcShortQuery7MessageReplies|1791332519890|1791332519900|6|0|-1
LdbcQuery11|1791332518631|1791332519906|4|1|1347532103997
LdbcShortQuery4MessageContent|1791332519910|1791332519913|5|1|-1
LdbcShortQuery5MessageCreator|1791332519918|1791332519930|2|1|-1
LdbcShortQuery6MessageForum|1791332519932|1791332519933|2|1|-1
LdbcShortQuery7MessageReplies|1791332519935|1791332519935|2|0|-1
LdbcShortQuery1PersonProfile|1791332519937|1791332519944|2|1|-1
LdbcShortQuery2PersonPosts|1791332519946|1791332519946|1|10|-1
LdbcShortQuery3PersonFriends|1791332519947|1791332519948|2|13|-1
LdbcQuery6|1791332518631|1791332519950|76|1|1347532103997
LdbcShortQuery1PersonProfile|1791332520026|1791332520028|4|1|-1
LdbcShortQuery2PersonPosts|1791332520032|1791332520032|2|10|-1
LdbcShortQuery3PersonFriends|1791332520034|1791332520045|7|38|-1
LdbcShortQuery4MessageContent|1791332520052|1791332520070|1|1|-1
LdbcShortQuery5MessageCreator|1791332520071|1791332520082|2|1|-1
LdbcShortQuery6MessageForum|1791332520084|1791332520086|15|1|-1
LdbcShortQuery7MessageReplies|1791332520101|1791332520102|1|4|-1
LdbcUpdate5AddForumMembership|1791332521529|1791332521542|14|0|1347532132974
LdbcQuery11|1791332523492|1791332523494|4|0|1347532152604
LdbcShortQuery4MessageContent|1791332523498|1791332523499|2|1|-1
LdbcShortQuery5MessageCreator|1791332523501|1791332523509|4|1|-1
LdbcShortQuery6MessageForum|1791332523513|1791332523513|2|1|-1
LdbcShortQuery7MessageReplies|1791332523515|1791332523524|2|0|-1
LdbcShortQuery1PersonProfile|1791332523526|1791332523527|3|1|-1
LdbcShortQuery2PersonPosts|1791332523530|1791332523530|3|10|-1
LdbcShortQuery3PersonFriends|1791332523533|1791332523534|3|41|-1
LdbcShortQuery4MessageContent|1791332523537|1791332523539|3|1|-1
LdbcShortQuery5MessageCreator|1791332523542|1791332523542|2|1|-1
LdbcShortQuery6MessageForum|1791332523544|1791332523545|2|1|-1
LdbcShortQuery7MessageReplies|1791332523547|1791332523548|2|8|-1
LdbcShortQuery1PersonProfile|1791332523550|1791332523551|2|1|-1
LdbcShortQuery2PersonPosts|1791332523553|1791332523555|3|10|-1
LdbcShortQuery3PersonFriends|1791332523558|1791332523569|4|29|-1
LdbcQuery6|1791332523492|1791332523573|57|10|1347532152604
LdbcShortQuery1PersonProfile|1791332523630|1791332523635|2|1|-1
LdbcShortQuery2PersonPosts|1791332523637|1791332523649|4|10|-1
LdbcShortQuery3PersonFriends|1791332523653|1791332523653|2|31|-1
LdbcShortQuery4MessageContent|1791332523655|1791332523666|2|1|-1
LdbcShortQuery5MessageCreator|1791332523668|1791332523678|2|1|-1
LdbcShortQuery6MessageForum|1791332523680|1791332523691|2|1|-1
LdbcShortQuery7MessageReplies|1791332523693|1791332523704|2|4|-1
LdbcShortQuery1PersonProfile|1791332523706|1791332523706|1|1|-1
LdbcShortQuery2PersonPosts|1791332523707|1791332523708|3|10|-1
LdbcShortQuery3PersonFriends|1791332523711|1791332523719|2|82|-1
LdbcQuery9|1791332523492|1791332523720|55|20|1347532152604
LdbcShortQuery4MessageContent|1791332523775|1791332523775|2|1|-1
LdbcShortQuery5MessageCreator|1791332523777|1791332523779|3|1|-1
LdbcShortQuery6MessageForum|1791332523782|1791332523794|4|1|-1
LdbcShortQuery7MessageReplies|1791332523798|1791332523798|2|0|-1
LdbcShortQuery1PersonProfile|1791332523800|1791332523807|3|1|-1
LdbcShortQuery2PersonPosts|1791332523810|1791332523819|5|10|-1
LdbcShortQuery3PersonFriends|1791332523824|1791332523824|3|13|-1
LdbcShortQuery4MessageContent|1791332523827|1791332523828|2|1|-1
LdbcShortQuery5MessageCreator|1791332523830|1791332523836|2|1|-1
LdbcShortQuery6MessageForum|1791332523838|1791332523853|2|1|-1
LdbcShortQuery7MessageReplies|1791332523855|1791332523869|3|0|-1
LdbcShortQuery1PersonProfile|1791332523872|1791332523873|2|1|-1
LdbcShortQuery2PersonPosts|1791332523875|1791332523881|4|10|-1
LdbcShortQuery3PersonFriends|1791332523885|1791332523886|3|93|-1
LdbcShortQuery4MessageContent|1791332523889|1791332523895|5|1|-1
LdbcShortQuery5MessageCreator|1791332523900|1791332523908|3|1|-1
LdbcShortQuery6MessageForum|1791332523911|1791332523923|6|1|-1
LdbcShortQuery7MessageReplies|1791332523929|1791332523929|3|0|-1
LdbcQuery5|1791332523492|1791332523933|65|20|1347532152604
LdbcShortQuery1PersonProfile|1791332523998|1791332523998|1|1|-1
LdbcShortQuery2PersonPosts|1791332523999|1791332524000|1|10|-1
LdbcShortQuery3PersonFriends|1791332524001|1791332524001|6|2|-1
LdbcShortQuery4MessageContent|1791332524007|1791332524007|0|1|-1
LdbcShortQuery5MessageCreator|1791332524007|1791332524007|0|1|-1
LdbcShortQuery6MessageForum|1791332524007|1791332524007|0|1|-1
LdbcShortQuery7MessageReplies|1791332524007|1791332524007|0|0|-1
LdbcShortQuery1PersonProfile|1791332524007|1791332524007|0|1|-1
LdbcShortQuery2PersonPosts|1791332524007|1791332524007|0|10|-1
LdbcShortQuery3PersonFriends|1791332524007|1791332524012|0|85|-1
LdbcShortQuery4MessageContent|1791332524012|1791332524012|0|1|-1
LdbcShortQuery5MessageCreator|1791332524012|1791332524012|0|1|-1
LdbcShortQuery6MessageForum|1791332524012|1791332524012|0|1|-1
LdbcShortQuery7MessageReplies|1791332524012|1791332524012|0|0|-1
LdbcQuery13|1791332523492|1791332524012|0|1|1347532152604
LdbcShortQuery4MessageContent|1791332524012|1791332524016|0|1|-1
LdbcShortQuery5MessageCreator|1791332524016|1791332524016|0|1|-1
LdbcShortQuery6MessageForum|1791332524016|1791332524016|0|1|-1
LdbcShortQuery7MessageReplies|1791332524016|1791332524016|0|0|-1
LdbcShortQuery1PersonProfile|1791332524016|1791332524016|0|1|-1
LdbcShortQuery2PersonPosts|1791332524016|1791332524019|0|10|-1
LdbcShortQuery3PersonFriends|1791332524019|1791332524019|0|7|-1
LdbcShortQuery4MessageContent|1791332524019|1791332524019|0|1|-1
LdbcShortQuery5MessageCreator|1791332524019|1791332524021|0|1|-1
LdbcShortQuery6MessageForum|1791332524021|1791332524021|0|1|-1
LdbcShortQuery7MessageReplies|1791332524021|1791332524021|0|7|-1
LdbcQuery7|1791332523492|1791332524021|2|20|1347532152604
LdbcShortQuery1PersonProfile|1791332524023|1791332524029|0|1|-1
LdbcShortQuery2PersonPosts|1791332524029|1791332524029|0|7|-1
LdbcShortQuery3PersonFriends|1791332524029|1791332524029|0|4|-1
LdbcShortQuery4MessageContent|1791332524029|1791332524029|0|1|-1
LdbcShortQuery5MessageCreator|1791332524029|1791332524029|0|1|-1
LdbcShortQuery6MessageForum|1791332524029|1791332524029|0|1|-1
LdbcShortQuery7MessageReplies|1791332524029|1791332524029|0|5|-1
LdbcQuery14|1791332523492|1791332524029|0|10|1347532152604
LdbcShortQuery4MessageContent|1791332524029|1791332524033|0|1|-1
LdbcShortQuery5MessageCreator|1791332524033|1791332524033|0|1|-1
LdbcShortQuery6MessageForum|1791332524033|1791332524033|0|1|-1
LdbcShortQuery7MessageReplies|1791332524033|1791332524033|0|0|-1
LdbcQuery2|1791332523492|1791332524035|1|20|1347532152604
LdbcShortQuery1PersonProfile|1791332524036|1791332524041|2|1|-1
LdbcShortQuery2PersonPosts|1791332524043|1791332524043|1|10|-1
LdbcShortQuery3PersonFriends|1791332524044|1791332524044|1|37|-1
LdbcQuery1|1791332523492|1791332524045|2|19|1347532152604
LdbcShortQuery4MessageContent|1791332524047|1791332524054|1|1|-1
LdbcShortQuery5MessageCreator|1791332524055|1791332524067|2|1|-1
LdbcShortQuery6MessageForum|1791332524069|1791332524069|1|1|-1
LdbcShortQuery7MessageReplies|1791332524070|1791332524070|2|8|-1
LdbcShortQuery1PersonProfile|1791332524072|1791332524073|1|1|-1
LdbcShortQuery2PersonPosts|1791332524074|1791332524081|2|10|-1
LdbcShortQuery3PersonFriends|1791332524083|1791332524094|1|15|-1
LdbcQuery10|1791332523492|1791332524094|17|10|1347532152604
LdbcShortQuery1PersonProfile|1791332524111|1791332524111|1|1|-1
LdbcShortQuery2PersonPosts|1791332524112|1791332524115|1|10|-1
LdbcShortQuery3PersonFriends|1791332524116|1791332524120|2|8|-1
LdbcShortQuery4MessageContent|1791332524122|1791332524132|2|1|-1
LdbcShortQuery5MessageCreator|1791332524134|1791332524149|1|1|-1
LdbcShortQuery6MessageForum|1791332524150|1791332524164|1|1|-1
LdbcShortQuery7MessageReplies|1791332524165|1791332524165|0|1|-1
LdbcShortQuery1PersonProfile|1791332524165|1791332524166|0|1|-1
LdbcShortQuery2PersonPosts|1791332524166|1791332524167|0|10|-1
LdbcShortQuery3PersonFriends|1791332524167|1791332524167|1|41|-1
LdbcShortQuery4MessageContent|1791332524168|1791332524169|0|1|-1
LdbcShortQuery5MessageCreator|1791332524169|1791332524169|0|1|-1
LdbcShortQuery6MessageForum|1791332524169|1791332524169|0|1|-1
LdbcShortQuery7MessageReplies|1791332524169|1791332524169|0|0|-1
LdbcQuery12|1791332523492|1791332524169|45|1|1347532152604
LdbcShortQuery4MessageContent|1791332524214|1791332524215|0|1|-1
LdbcShortQuery5MessageCreator|1791332524215|1791332524215|0|1|-1
LdbcShortQuery6MessageForum|1791332524215|1791332524219|0|1|-1
LdbcShortQuery7MessageReplies|1791332524219|1791332524219|0|5|-1
LdbcQuery4|1791332523492|1791332524219|0|0|1347532152604
LdbcShortQuery1PersonProfile|1791332524219|1791332524219|0|1|-1
LdbcShortQuery2PersonPosts|1791332524219|1791332524219|0|10|-1
LdbcShortQuery3PersonFriends|1791332524219|1791332524219|0|24|-1
LdbcQuery8|1791332523492|1791332524223|1|20|1347532152604
LdbcShortQuery4MessageContent|1791332524224|1791332524227|0|1|-1
LdbcShortQuery5MessageCreator|1791332524227|1791332524227|0|1|-1
LdbcShortQuery6MessageForum|1791332524227|1791332524227|0|1|-1
LdbcShortQuery7MessageReplies|1791332524227|1791332524227|0|0|-1
LdbcShortQuery1PersonProfile|1791332524227|1791332524227|0|1|-1
LdbcShortQuery2PersonPosts|1791332524227|1791332524227|0|10|-1
LdbcShortQuery3PersonFriends|1791332524227|1791332524227|0|64|-1
LdbcShortQuery4MessageContent|1791332524227|1791332524227|0|1|-1
LdbcShortQuery5MessageCreator|1791332524227|1791332524227|0|1|-1
LdbcShortQuery6MessageForum|1791332524227|1791332524231|0|1|-1
LdbcShortQuery7MessageReplies|1791332524231|1791332524231|0|0|-1
LdbcQuery3|1791332523492|1791332524231|80|0|1347532152604
LdbcShortQuery1PersonProfile|1791332524311|1791332524311|1|1|-1
LdbcShortQuery2PersonPosts|1791332524312|1791332524323|4|10|-1
LdbcShortQuery3PersonFriends|1791332524327|1791332524327|2|65|-1
LdbcShortQuery4MessageContent|1791332524329|1791332524336|10|1|-1
LdbcShortQuery5MessageCreator|1791332524346|1791332524352|4|1|-1
LdbcShortQuery6MessageForum|1791332524356|1791332524356|2|1|-1
LdbcShortQuery7MessageReplies|1791332524358|1791332524365|3|0|-1
LdbcQuery8|1791332528352|1791332528362|8|20|1347532201211
LdbcShortQuery4MessageContent|1791332528370|1791332528370|2|1|-1
LdbcShortQuery5MessageCreator|1791332528372|1791332528378|3|1|-1
LdbcShortQuery6MessageForum|1791332528381|1791332528395|2|1|-1
LdbcShortQuery7MessageReplies|1791332528397|1791332528407|2|4|-1
LdbcShortQuery1PersonProfile|1791332528409|1791332528424|2|1|-1
LdbcShortQuery2PersonPosts|1791332528426|1791332528439|4|10|-1
LdbcShortQuery3PersonFriends|1791332528443|1791332528444|4|14|-1
LdbcShortQuery4MessageContent|1791332528448|1791332528452|4|1|-1
LdbcShortQuery5MessageCreator|1791332528456|1791332528465|3|1|-1
LdbcShortQuery6MessageForum|1791332528468|1791332528468|2|1|-1
LdbcShortQuery7MessageReplies|1791332528470|1791332528480|3|2|-1
LdbcQuery3|1791332528352|1791332528481|106|0|1347532201211
LdbcShortQuery1PersonProfile|1791332528587|1791332528589|2|1|-1
LdbcShortQuery2PersonPosts|1791332528591|1791332528602|3|10|-1
LdbcShortQuery3PersonFriends|1791332528605|1791332528618|8|62|-1
LdbcShortQuery4MessageContent|1791332528626|1791332528627|2|1|-1
LdbcShortQuery5MessageCreator|1791332528629|1791332528631|3|1|-1
LdbcShortQuery6MessageForum|1791332528634|1791332528644|2|1|-1
LdbcShortQuery7MessageReplies|1791332528646|1791332528661|3|3|-1
LdbcShortQuery1PersonProfile|1791332528664|1791332528677|1|1|-1
LdbcShortQuery2PersonPosts|1791332528678|1791332528694|9|10|-1
LdbcShortQuery3PersonFriends|1791332528703|1791332528710|3|35|-1
LdbcQuery14|1791332528352|1791332528710|15|1|1347532201211
LdbcShortQuery4MessageContent|1791332528725|1791332528728|2|1|-1
LdbcShortQuery5MessageCreator|1791332528730|1791332528732|2|1|-1
LdbcShortQuery6MessageForum|1791332528734|1791332528736|5|1|-1
LdbcShortQuery7MessageReplies|1791332528741|1791332528748|3|0|-1
LdbcShortQuery1PersonProfile|1791332528751|1791332528762|4|1|-1
LdbcShortQuery2PersonPosts|1791332528766|1791332528766|3|10|-1
LdbcShortQuery3PersonFriends|1791332528769|1791332528774|3|31|-1
LdbcQuery9|1791332528352|1791332528774|88|20|1347532201211
LdbcShortQuery1PersonProfile|1791332528862|1791332528863|1|1|-1
LdbcShortQuery2PersonPosts|1791332528864|1791332528867|3|10|-1
LdbcShortQuery3PersonFriends|1791332528870|1791332528872|1|13|-1
LdbcShortQuery4MessageContent|1791332528873|1791332528889|3|1|-1
LdbcShortQuery5MessageCreator|1791332528892|1791332528901|5|1|-1
LdbcShortQuery6MessageForum|1791332528906|1791332528906|2|1|-1
LdbcShortQuery7MessageReplies|1791332528908|1791332528915|4|0|-1
LdbcQuery11|1791332528352|1791332528919|4|0|1347532201211
LdbcShortQuery4MessageContent|1791332528923|1791332528924|2|1|-1
LdbcShortQuery5MessageCreator|1791332528926|1791332528928|2|1|-1
LdbcShortQuery6MessageForum|1791332528930|1791332528930|2|1|-1
LdbcShortQuery7MessageReplies|1791332528932|1791332528932|2|3|-1
LdbcShortQuery1PersonProfile|1791332528934|1791332528936|2|1|-1
LdbcShortQuery2PersonPosts|1791332528938|1791332528940|3|10|-1
LdbcShortQuery3PersonFriends|1791332528943|1791332528944|2|74|-1
LdbcShortQuery4MessageContent|1791332528946|1791332528947|1|1|-1
LdbcShortQuery5MessageCreator|1791332528948|1791332528949|1|1|-1
LdbcShortQuery6MessageForum|1791332528950|1791332528953|1|1|-1
LdbcShortQuery7MessageReplies|1791332528954|1791332528970|3|0|-1
LdbcQuery6|1791332528352|1791332528970|60|10|1347532201211
LdbcShortQuery1PersonProfile|1791332529030|1791332529031|1|1|-1
LdbcShortQuery2PersonPosts|1791332529032|1791332529034|1|10|-1
LdbcShortQuery3PersonFriends|1791332529035|1791332529041|3|5|-1
LdbcShortQuery4MessageContent|1791332529044|1791332529053|3|1|-1
LdbcShortQuery5MessageCreator|1791332529056|1791332529056|2|1|-1
LdbcShortQuery6MessageForum|1791332529058|1791332529059|1|1|-1
LdbcShortQuery7MessageReplies|1791332529060|1791332529060|1|0|-1
LdbcQuery7|1791332528352|1791332529060|8|20|1347532201211
LdbcShortQuery4MessageContent|1791332529068|1791332529072|1|1|-1
LdbcShortQuery5MessageCreator|1791332529073|1791332529083|3|1|-1
LdbcShortQuery6MessageForum|1791332529086|1791332529097|4|1|-1
LdbcShortQuery7MessageReplies|1791332529101|1791332529102|2|11|-1
LdbcShortQuery1PersonProfile|1791332529104|1791332529104|1|1|-1
LdbcShortQuery2PersonPosts|1791332529105|1791332529106|2|10|-1
LdbcShortQuery3PersonFriends|1791332529108|1791332529110|3|4|-1
LdbcShortQuery4MessageContent|1791332529113|1791332529115|2|1|-1
LdbcShortQuery5MessageCreator|1791332529117|1791332529123|2|1|-1
LdbcShortQuery6MessageForum|1791332529125|1791332529136|4|1|-1
LdbcShortQuery7MessageReplies|1791332529140|1791332529140|3|0|-1
LdbcShortQuery1PersonProfile|1791332529143|1791332529149|3|1|-1
LdbcShortQuery2PersonPosts|1791332529152|1791332529161|2|10|-1
LdbcShortQuery3PersonFriends|1791332529163|1791332529174|2|14|-1
LdbcQuery5|1791332528352|1791332529174|37|20|1347532201211
LdbcShortQuery1PersonProfile|1791332529211|1791332529212|1|1|-1
LdbcShortQuery2PersonPosts|1791332529213|1791332529226|3|10|-1
LdbcShortQuery3PersonFriends|1791332529229|1791332529240|4|74|-1
LdbcShortQuery4MessageContent|1791332529244|1791332529244|2|1|-1
LdbcShortQuery5MessageCreator|1791332529246|1791332529247|2|1|-1
LdbcShortQuery6MessageForum|1791332529249|1791332529249|2|1|-1
LdbcShortQuery7MessageReplies|1791332529251|1791332529251|2|0|-1
LdbcShortQuery1PersonProfile|1791332529253|1791332529254|2|1|-1
LdbcShortQuery2PersonPosts|1791332529256|1791332529256|2|0|-1
LdbcShortQuery3PersonFriends|1791332529258|1791332529258|2|41|-1
LdbcQuery13|1791332528352|1791332529261|2|1|1347532201211
LdbcShortQuery4MessageContent|1791332529263|1791332529270|2|1|-1
LdbcShortQuery5MessageCreator|1791332529272|1791332529282|3|1|-1
LdbcShortQuery6MessageForum|1791332529285|1791332529295|2|1|-1
LdbcShortQuery7MessageReplies|1791332529297|1791332529309|3|0|-1
LdbcShortQuery1PersonProfile|1791332529312|1791332529322|5|1|-1
LdbcShortQuery2PersonPosts|1791332529327|1791332529334|4|10|-1
LdbcShortQuery3PersonFriends|1791332529338|1791332529339|2|5|-1
LdbcQuery4|1791332528352|1791332529339|4|3|1347532201211
LdbcShortQuery1PersonProfile|1791332529343|1791332529343|1|1|-1
LdbcShortQuery2PersonPosts|1791332529344|1791332529347|1|10|-1
LdbcShortQuery3PersonFriends|1791332529348|1791332529351|3|70|-1
LdbcShortQuery4MessageContent|1791332529354|1791332529364|2|1|-1
LdbcShortQuery5MessageCreator|1791332529366|1791332529377|3|1|-1
LdbcShortQuery6MessageForum|1791332529380|1791332529393|2|1|-1
LdbcShortQuery7MessageReplies|1791332529395|1791332529406|5|5|-1
LdbcQuery10|1791332528352|1791332529410|26|10|1347532201211
LdbcShortQuery4MessageContent|1791332529436|1791332529436|3|1|-1
LdbcShortQuery5MessageCreator|1791332529439|1791332529440|2|1|-1
LdbcShortQuery6MessageForum|1791332529442|1791332529444|1|1|-1
LdbcShortQuery7MessageReplies|1791332529445|1791332529448|2|4|-1
LdbcShortQuery1PersonProfile|1791332529450|1791332529461|4|1|-1
LdbcShortQuery2PersonPosts|1791332529465|1791332529466|3|10|-1
LdbcShortQuery3PersonFriends|1791332529469|1791332529470|7|338|-1
LdbcShortQuery4MessageContent|1791332529477|1791332529486|2|1|-1
LdbcShortQuery5MessageCreator|1791332529488|1791332529499|3|1|-1
LdbcShortQuery6MessageForum|1791332529502|1791332529516|4|1|-1
LdbcShortQuery7MessageReplies|1791332529520|1791332529520|3|2|-1
LdbcShortQuery1PersonProfile|1791332529523|1791332529528|2|1|-1
LdbcShortQuery2PersonPosts|1791332529530|1791332529541|5|10|-1
LdbcShortQuery3PersonFriends|1791332529546|1791332529554|4|72|-1
LdbcQuery2|1791332528352|1791332529558|9|20|1347532201211
LdbcShortQuery1PersonProfile|1791332529567|1791332529567|2|1|-1
LdbcShortQuery2PersonPosts|1791332529569|1791332529571|3|10|-1
LdbcShortQuery3PersonFriends|1791332529574|1791332529579|2|24|-1
LdbcShortQuery4MessageContent|1791332529581|1791332529592|2|1|-1
LdbcShortQuery5MessageCreator|1791332529594|1791332529605|3|1|-1
LdbcShortQuery6MessageForum|1791332529608|1791332529618|2|1|-1
LdbcShortQuery7MessageReplies|1791332529620|1791332529632|2|4|-1
LdbcShortQuery1PersonProfile|1791332529634|1791332529635|2|1|-1
LdbcShortQuery2PersonPosts|1791332529637|1791332529648|4|10|-1
LdbcShortQuery3PersonFriends|1791332529652|1791332529652|3|10|-1
LdbcShortQuery4MessageContent|1791332529655|1791332529661|2|1|-1
LdbcShortQuery5MessageCreator|1791332529663|1791332529673|2|1|-1
LdbcShortQuery6MessageForum|1791332529675|1791332529686|2|1|-1
LdbcShortQuery7MessageReplies|1791332529688|1791332529703|2|0|-1
LdbcQuery1|1791332528352|1791332529705|4|20|1347532201211
LdbcShortQuery4MessageContent|1791332529709|1791332529709|2|1|-1
LdbcShortQuery5MessageCreator|1791332529711|1791332529711|2|1|-1
LdbcShortQuery6MessageForum|1791332529713|1791332529723|2|1|-1
LdbcShortQuery7MessageReplies|1791332529725|1791332529727|2|0|-1
LdbcShortQuery1PersonProfile|1791332529729|1791332529730|2|1|-1
LdbcShortQuery2PersonPosts|1791332529732|1791332529735|1|10|-1
LdbcShortQuery3PersonFriends|1791332529736|1791332529751|1|30|-1
LdbcQuery12|1791332528352|1791332529751|76|1|1347532201211
LdbcShortQuery1PersonProfile|1791332529827|1791332529827|3|1|-1
LdbcShortQuery2PersonPosts|1791332529830|1791332529831|7|10|-1
LdbcShortQuery3PersonFriends|1791332529838|1791332529839|5|82|-1
LdbcShortQuery4MessageContent|1791332529844|1791332529847|3|1|-1
LdbcShortQuery5MessageCreator|1791332529850|1791332529860|3|1|-1
LdbcShortQuery6MessageForum|1791332529863|1791332529865|4|1|-1
LdbcShortQuery7MessageReplies|1791332529869|1791332529873|6|6|-1
LdbcUpdate8AddFriendship|1791332529784|1791332529791|338|0|1347532215519
LdbcUpdate5AddForumMembership|1791332529940|1791332530127|24|0|1347532217080
LdbcUpdate8AddFriendship|1791332530089|1791332530154|5|0|1347532218570
LdbcUpdate5AddForumMembership|1791332530784|1791332530784|11|0|1347532225519
LdbcUpdate5AddForumMembership|1791332530784|1791332530794|4|0|1347532225519
LdbcUpdate5AddForumMembership|1791332531089|1791332531093|6|0|1347532228570
LdbcUpdate5AddForumMembership|1791332531089|1791332531097|3|0|1347532228570
LdbcQuery1|1791332533213|1791332533221|4|2|1347532249818
LdbcShortQuery4MessageContent|1791332533225|1791332533234|4|1|-1
LdbcShortQuery5MessageCreator|1791332533238|1791332533238|3|1|-1
LdbcShortQuery6MessageForum|1791332533241|1791332533242|3|1|-1
LdbcShortQuery7MessageReplies|1791332533245|1791332533246|4|10|-1
LdbcShortQuery1PersonProfile|1791332533250|1791332533250|2|1|-1
LdbcShortQuery2PersonPosts|1791332533252|1791332533252|3|10|-1
LdbcShortQuery3PersonFriends|1791332533255|1791332533256|3|63|-1
LdbcShortQuery4MessageContent|1791332533259|1791332533260|2|1|-1
LdbcShortQuery5MessageCreator|1791332533262|1791332533262|2|1|-1
LdbcShortQuery6MessageForum|1791332533264|1791332533264|2|1|-1
LdbcShortQuery7MessageReplies|1791332533266|1791332533267|3|9|-1
LdbcQuery12|1791332533213|1791332533271|94|1|1347532249818
LdbcShortQuery1PersonProfile|1791332533365|1791332533368|3|1|-1
LdbcShortQuery2PersonPosts|1791332533371|1791332533380|3|10|-1
LdbcShortQuery3PersonFriends|1791332533383|1791332533394|2|16|-1
LdbcShortQuery4MessageContent|1791332533396|1791332533407|2|1|-1
LdbcShortQuery5MessageCreator|1791332533409|1791332533420|2|1|-1
LdbcShortQuery6MessageForum|1791332533422|1791332533433|4|1|-1
LdbcShortQuery7MessageReplies|1791332533437|1791332533437|3|0|-1
LdbcShortQuery1PersonProfile|1791332533440|1791332533445|2|1|-1
LdbcShortQuery2PersonPosts|1791332533447|1791332533459|5|10|-1
LdbcShortQuery3PersonFriends|1791332533464|1791332533475|3|21|-1
LdbcQuery7|1791332533213|1791332533479|7|20|1347532249818
LdbcShortQuery4MessageContent|1791332533486|1791332533488|3|1|-1
LdbcShortQuery5MessageCreator|1791332533491|1791332533504|3|1|-1
LdbcShortQuery6MessageForum|1791332533507|1791332533517|4|1|-1
LdbcShortQuery7MessageReplies|1791332533521|1791332533522|2|0|-1
LdbcShortQuery1PersonProfile|1791332533524|1791332533534|2|1|-1
LdbcShortQuery2PersonPosts|1791332533536|1791332533547|6|10|-1
LdbcShortQuery3PersonFriends|1791332533553|1791332533560|3|42|-1
LdbcQuery14|1791332533213|1791332533562|3|1|1347532249818
LdbcShortQuery1PersonProfile|1791332533565|1791332533577|4|1|-1
LdbcShortQuery2PersonPosts|1791332533581|1791332533581|3|10|-1
LdbcShortQuery3PersonFriends|1791332533584|1791332533590|4|1|-1
LdbcShortQuery4MessageContent|1791332533594|1791332533594|2|1|-1
LdbcShortQuery5MessageCreator|1791332533596|1791332533603|4|1|-1
LdbcShortQuery6MessageForum|1791332533607|1791332533607|2|1|-1
LdbcShortQuery7MessageReplies|1791332533609|1791332533615|2|0|-1
LdbcShortQuery1PersonProfile|1791332533617|1791332533628|3|1|-1
LdbcShortQuery2PersonPosts|1791332533631|1791332533644|2|10|-1
LdbcShortQuery3PersonFriends|1791332533646|1791332533647|2|60|-1
LdbcQuery8|1791332533213|1791332533649|5|20|1347532249818
LdbcShortQuery4MessageContent|1791332533654|1791332533654|1|1|-1
LdbcShortQuery5MessageCreator|1791332533655|1791332533656|1|1|-1
LdbcShortQuery6MessageForum|1791332533657|1791332533660|3|1|-1
LdbcShortQuery7MessageReplies|1791332533663|1791332533664|2|3|-1
LdbcShortQuery1PersonProfile|1791332533666|1791332533676|2|1|-1
LdbcShortQuery2PersonPosts|1791332533678|1791332533692|2|10|-1
LdbcShortQuery3PersonFriends|1791332533694|1791332533694|4|28|-1
LdbcQuery3|1791332533213|1791332533698|105|0|1347532249818
LdbcShortQuery1PersonProfile|1791332533803|1791332533804|2|1|-1
LdbcShortQuery2PersonPosts|1791332533806|1791332533816|3|10|-1
LdbcShortQuery3PersonFriends|1791332533819|1791332533830|3|34|-1
LdbcShortQuery4MessageContent|1791332533833|1791332533845|2|1|-1
LdbcShortQuery5MessageCreator|1791332533847|1791332533858|2|1|-1
LdbcShortQuery6MessageForum|1791332533860|1791332533860|2|1|-1
LdbcShortQuery7MessageReplies|1791332533862|1791332533862|2|9|-1
LdbcShortQuery1PersonProfile|1791332533864|1791332533864|2|1|-1
LdbcShortQuery2PersonPosts|1791332533866|1791332533868|3|10|-1
LdbcShortQuery3PersonFriends|1791332533871|1791332533873|2|2|-1
LdbcQuery6|1791332533213|1791332533873|43|10|1347532249818
LdbcShortQuery4MessageContent|1791332533916|1791332533918|1|1|-1
LdbcShortQuery5MessageCreator|1791332533919|1791332533934|1|1|-1
LdbcShortQuery6MessageForum|1791332533935|1791332533947|3|1|-1
LdbcShortQuery7MessageReplies|1791332533950|1791332533960|2|0|-1
LdbcShortQuery1PersonProfile|1791332533962|1791332533973|2|1|-1
LdbcShortQuery2PersonPosts|1791332533975|1791332533990|4|10|-1
LdbcShortQuery3PersonFriends|1791332533994|1791332533994|3|44|-1
LdbcShortQuery4MessageContent|1791332533997|1791332534002|2|1|-1
LdbcShortQuery5MessageCreator|1791332534004|1791332534015|2|1|-1
LdbcShortQuery6MessageForum|1791332534017|1791332534017|2|1|-1
LdbcShortQuery7MessageReplies|1791332534019|1791332534019|1|0|-1
LdbcQuery9|1791332533213|1791332534019|82|20|1347532249818
LdbcShortQuery1PersonProfile|1791332534101|1791332534105|2|1|-1
LdbcShortQuery2PersonPosts|1791332534107|1791332534113|2|10|-1
LdbcShortQuery3PersonFriends|1791332534115|1791332534129|2|15|-1
LdbcQuery11|1791332533213|1791332534131|4|0|1347532249818
LdbcShortQuery4MessageContent|1791332534135|1791332534135|1|1|-1
LdbcShortQuery5MessageCreator|1791332534136|1791332534136|1|1|-1
LdbcShortQuery6MessageForum|1791332534137|1791332534137|1|1|-1
LdbcShortQuery7MessageReplies|1791332534138|1791332534139|1|0|-1
LdbcShortQuery1PersonProfile|1791332534140|1791332534140|0|1|-1
LdbcShortQuery2PersonPosts|1791332534140|1791332534141|1|10|-1
LdbcShortQuery3PersonFriends|1791332534142|1791332534142|1|29|-1
LdbcShortQuery4MessageContent|1791332534143|1791332534144|0|1|-1
LdbcShortQuery5MessageCreator|1791332534144|1791332534145|0|1|-1
LdbcShortQuery6MessageForum|1791332534145|1791332534146|1|1|-1
LdbcShortQuery7MessageReplies|1791332534147|1791332534147|2|7|-1
LdbcQuery2|1791332533213|1791332534149|3|20|1347532249818
LdbcShortQuery1PersonProfile|1791332534152|1791332534154|0|1|-1
LdbcShortQuery2PersonPosts|1791332534154|1791332534154|1|10|-1
LdbcShortQuery3PersonFriends|1791332534155|1791332534158|1|19|-1
LdbcQuery4|1791332533213|1791332534158|1|0|1347532249818
LdbcShortQuery4MessageContent|1791332534159|1791332534170|2|1|-1
LdbcShortQuery5MessageCreator|1791332534172|1791332534188|2|1|-1
LdbcShortQuery6MessageForum|1791332534190|1791332534200|1|1|-1
LdbcShortQuery7MessageReplies|1791332534201|1791332534202|2|6|-1
LdbcShortQuery1PersonProfile|1791332534204|1791332534205|1|1|-1
LdbcShortQuery2PersonPosts|1791332534206|1791332534207|2|10|-1
LdbcShortQuery3PersonFriends|1791332534209|1791332534209|1|13|-1
LdbcShortQuery4MessageContent|1791332534210|1791332534211|1|1|-1
LdbcShortQuery5MessageCreator|1791332534212|1791332534217|2|1|-1
LdbcShortQuery6MessageForum|1791332534219|1791332534219|2|1|-1
LdbcShortQuery7MessageReplies|1791332534221|1791332534221|2|0|-1
LdbcQuery5|1791332533213|1791332534221|108|20|1347532249818
LdbcShortQuery1PersonProfile|1791332534329|1791332534331|3|1|-1
LdbcShortQuery2PersonPosts|1791332534334|1791332534335|4|10|-1
LdbcShortQuery3PersonFriends|1791332534339|1791332534340|4|85|-1
LdbcQuery13|1791332533213|1791332534344|3|1|1347532249818
LdbcShortQuery4MessageContent|1791332534347|1791332534348|3|1|-1
LdbcShortQuery5MessageCreator|1791332534351|1791332534361|2|1|-1
LdbcShortQuery6MessageForum|1791332534363|1791332534378|2|1|-1
LdbcShortQuery7MessageReplies|1791332534380|1791332534392|5|0|-1
LdbcShortQuery1PersonProfile|1791332534397|1791332534404|2|1|-1
LdbcShortQuery2PersonPosts|1791332534406|1791332534416|4|10|-1
LdbcShortQuery3PersonFriends|1791332534420|1791332534421|4|93|-1
LdbcShortQuery4MessageContent|1791332534425|1791332534425|2|1|-1
LdbcShortQuery5MessageCreator|1791332534427|1791332534430|5|1|-1
LdbcShortQuery6MessageForum|1791332534435|1791332534442|2|1|-1
LdbcShortQuery7MessageReplies|1791332534444|1791332534459|2|0|-1
LdbcShortQuery1PersonProfile|1791332534461|1791332534472|5|1|-1
LdbcShortQuery2PersonPosts|1791332534477|1791332534489|4|10|-1
LdbcShortQuery3PersonFriends|1791332534493|1791332534493|3|46|-1
LdbcQuery10|1791332533213|1791332534497|18|10|1347532249818
LdbcShortQuery1PersonProfile|1791332534515|1791332534517|1|1|-1
LdbcShortQuery2PersonPosts|1791332534518|1791332534530|4|10|-1
LdbcShortQuery3PersonFriends|1791332534534|1791332534534|3|44|-1
LdbcShortQuery4MessageContent|1791332534537|1791332534538|2|1|-1
LdbcShortQuery5MessageCreator|1791332534540|1791332534540|2|1|-1
LdbcShortQuery6MessageForum|1791332534542|1791332534542|2|1|-1
LdbcShortQuery7MessageReplies|1791332534544|1791332534546|2|0|-1
LdbcQuery13|1791332538074|1791332538074|4|1|1347532298425
LdbcShortQuery4MessageContent|1791332538078|1791332538078|2|1|-1
LdbcShortQuery5MessageCreator|1791332538080|1791332538087|2|1|-1
LdbcShortQuery6MessageForum|1791332538089|1791332538099|2|1|-1
LdbcShortQuery7MessageReplies|1791332538101|1791332538116|3|3|-1
LdbcShortQuery1PersonProfile|1791332538119|1791332538120|2|1|-1
LdbcShortQuery2PersonPosts|1791332538122|1791332538129|1|10|-1
LdbcShortQuery3PersonFriends|1791332538130|1791332538141|2|41|-1
LdbcQuery10|1791332538074|1791332538145|28|10|1347532298425
LdbcShortQuery1PersonProfile|1791332538173|1791332538174|2|1|-1
LdbcShortQuery2PersonPosts|1791332538176|1791332538176|2|10|-1
LdbcShortQuery3PersonFriends|1791332538178|1791332538179|2|10|-1
LdbcQuery6|1791332538074|1791332538181|60|10|1347532298425
LdbcShortQuery4MessageContent|1791332538241|1791332538241|1|1|-1
LdbcShortQuery5MessageCreator|1791332538242|1791332538253|3|1|-1
LdbcShortQuery6MessageForum|1791332538256|1791332538266|2|1|-1
LdbcShortQuery7MessageReplies|1791332538268|1791332538269|1|0|-1
LdbcQuery7|1791332538074|1791332538270|4|20|1347532298425
LdbcShortQuery1PersonProfile|1791332538274|1791332538275|1|1|-1
LdbcShortQuery2PersonPosts|1791332538276|1791332538277|3|10|-1
LdbcShortQuery3PersonFriends|1791332538280|1791332538280|2|18|-1
LdbcQuery1|1791332538074|1791332538283|2|0|1347532298425
LdbcShortQuery4MessageContent|1791332538285|1791332538285|2|1|-1
LdbcShortQuery5MessageCreator|1791332538287|1791332538287|2|1|-1
LdbcShortQuery6MessageForum|1791332538289|1791332538290|2|1|-1
LdbcShortQuery7MessageReplies|1791332538292|1791332538292|2|0|-1
LdbcQuery12|1791332538074|1791332538294|88|1|1347532298425
LdbcShortQuery1PersonProfile|1791332538382|1791332538395|2|1|-1
LdbcShortQuery2PersonPosts|1791332538397|1791332538412|2|10|-1
LdbcShortQuery3PersonFriends|1791332538414|1791332538426|3|9|-1
LdbcShortQuery4MessageContent|1791332538429|1791332538438|2|1|-1
LdbcShortQuery5MessageCreator|1791332538440|1791332538455|4|1|-1
LdbcShortQuery6MessageForum|1791332538459|1791332538459|3|1|-1
LdbcShortQuery7MessageReplies|1791332538462|1791332538468|2|0|-1
LdbcShortQuery1PersonProfile|1791332538470|1791332538487|4|1|-1
LdbcShortQuery2PersonPosts|1791332538491|1791332538491|3|10|-1
LdbcShortQuery3PersonFriends|1791332538494|1791332538495|2|15|-1
LdbcShortQuery4MessageContent|1791332538497|1791332538499|2|1|-1
LdbcShortQuery5MessageCreator|1791332538501|1791332538515|4|1|-1
LdbcShortQuery6MessageForum|1791332538519|1791332538529|5|1|-1
LdbcShortQuery7MessageReplies|1791332538534|1791332538541|2|3|-1
LdbcQuery3|1791332538074|1791332538541|69|0|1347532298425
LdbcShortQuery4MessageContent|1791332538610|1791332538614|2|1|-1
LdbcShortQuery5MessageCreator|1791332538616|1791332538616|2|1|-1
LdbcShortQuery6MessageForum|1791332538618|1791332538618|3|1|-1
LdbcShortQuery7MessageReplies|1791332538621|1791332538622|3|6|-1
LdbcQuery14|1791332538074|1791332538624|2|2|1347532298425
LdbcShortQuery1PersonProfile|1791332538626|1791332538628|2|1|-1
LdbcShortQuery2PersonPosts|1791332538630|1791332538630|3|10|-1
LdbcShortQuery3PersonFriends|1791332538633|1791332538634|3|36|-1
LdbcShortQuery4MessageContent|1791332538637|1791332538649|2|1|-1
LdbcShortQuery5MessageCreator|1791332538651|1791332538651|1|1|-1
LdbcShortQuery6MessageForum|1791332538652|1791332538653|1|1|-1
LdbcShortQuery7MessageReplies|1791332538654|1791332538655|1|0|-1
LdbcQuery8|1791332538074|1791332538657|3|20|1347532298425
LdbcShortQuery4MessageContent|1791332538660|1791332538663|1|1|-1
LdbcShortQuery5MessageCreator|1791332538664|1791332538664|2|1|-1
LdbcShortQuery6MessageForum|1791332538666|1791332538667|2|1|-1
LdbcShortQuery7MessageReplies|1791332538669|1791332538680|4|0|-1
LdbcShortQuery1PersonProfile|1791332538684|1791332538684|25|1|-1
LdbcShortQuery2PersonPosts|1791332538709|1791332538709|2|10|-1
LdbcShortQuery3PersonFriends|1791332538711|1791332538722|3|24|-1
LdbcQuery5|1791332538074|1791332538724|31|0|1347532298425
LdbcShortQuery1PersonProfile|1791332538755|1791332538756|2|1|-1
LdbcShortQuery2PersonPosts|1791332538758|1791332538766|4|10|-1
LdbcShortQuery3PersonFriends|1791332538770|1791332538770|4|107|-1
LdbcQuery2|1791332538074|1791332538774|8|20|1347532298425
LdbcShortQuery4MessageContent|1791332538782|1791332538782|1|1|-1
LdbcShortQuery5MessageCreator|1791332538783|1791332538791|3|1|-1
LdbcShortQuery6MessageForum|1791332538794|1791332538794|2|1|-1
LdbcShortQuery7MessageReplies|1791332538796|1791332538796|2|4|-1
LdbcShortQuery1PersonProfile|1791332538798|1791332538806|2|1|-1
LdbcShortQuery2PersonPosts|1791332538808|1791332538819|5|10|-1
LdbcShortQuery3PersonFriends|1791332538824|1791332538834|4|49|-1
LdbcShortQuery4MessageContent|1791332538838|1791332538838|2|1|-1
LdbcShortQuery5MessageCreator|1791332538840|1791332538847|3|1|-1
LdbcShortQuery6MessageForum|1791332538850|1791332538851|2|1|-1
LdbcShortQuery7MessageReplies|1791332538853|1791332538859|4|0|-1
LdbcShortQuery1PersonProfile|1791332538863|1791332538876|6|1|-1
LdbcShortQuery2PersonPosts|1791332538882|1791332538893|4|10|-1
LdbcShortQuery3PersonFriends|1791332538897|1791332538897|3|106|-1
LdbcQuery9|1791332538074|1791332538897|105|20|1347532298425
LdbcShortQuery1PersonProfile|1791332539002|1791332539006|3|1|-1
LdbcShortQuery2PersonPosts|1791332539009|1791332539019|3|10|-1
LdbcShortQuery3PersonFriends|1791332539022|1791332539033|4|29|-1
LdbcShortQuery4MessageContent|1791332539037|1791332539037|2|1|-1
LdbcShortQuery5MessageCreator|1791332539039|1791332539046|2|1|-1
LdbcShortQuery6MessageForum|1791332539048|1791332539062|3|1|-1
LdbcShortQuery7MessageReplies|1791332539065|1791332539065|2|0|-1
LdbcShortQuery1PersonProfile|1791332539067|1791332539067|1|1|-1
LdbcShortQuery2PersonPosts|1791332539068|1791332539080|5|10|-1
LdbcShortQuery3PersonFriends|1791332539085|1791332539093|4|12|-1
LdbcQuery11|1791332538074|1791332539097|6|0|1347532298425
LdbcShortQuery4MessageContent|1791332539103|1791332539103|1|1|-1
LdbcShortQuery5MessageCreator|1791332539104|1791332539105|2|1|-1
LdbcShortQuery6MessageForum|1791332539107|1791332539107|3|1|-1
LdbcShortQuery7MessageReplies|1791332539110|1791332539110|2|0|-1
LdbcShortQuery1PersonProfile|1791332539112|1791332539131|1|1|-1
LdbcShortQuery2PersonPosts|1791332539132|1791332539134|1|10|-1
LdbcShortQuery3PersonFriends|1791332539135|1791332539135|1|80|-1
LdbcShortQuery4MessageContent|1791332539136|1791332539136|2|1|-1
LdbcShortQuery5MessageCreator|1791332539138|1791332539139|1|1|-1
LdbcShortQuery6MessageForum|1791332539140|1791332539140|0|1|-1
LdbcShortQuery7MessageReplies|1791332539140|1791332539141|0|0|-1
LdbcQuery4|1791332538074|1791332539142|1|3|1347532298425
LdbcShortQuery1PersonProfile|1791332539143|1791332539144|0|1|-1
LdbcShortQuery2PersonPosts|1791332539144|1791332539145|1|10|-1
LdbcShortQuery3PersonFriends|1791332539146|1791332539146|1|32|-1
LdbcQuery11|1791332542934|1791332542936|7|0|1347532347032
LdbcShortQuery4MessageContent|1791332542943|1791332542949|3|1|-1
LdbcShortQuery5MessageCreator|1791332542952|1791332542961|4|1|-1
LdbcShortQuery6MessageForum|1791332542965|1791332542966|3|1|-1
LdbcShortQuery7MessageReplies|1791332542969|1791332542969|2|0|-1
LdbcQuery4|1791332542934|1791332542969|3|3|1347532347032
LdbcShortQuery1PersonProfile|1791332542972|1791332542973|2|1|-1
LdbcShortQuery2PersonPosts|1791332542975|1791332542978|2|10|-1
LdbcShortQuery3PersonFriends|1791332542980|1791332542982|2|1|-1
LdbcShortQuery4MessageContent|1791332542984|1791332542990|3|1|-1
LdbcShortQuery5MessageCreator|1791332542993|1791332543003|3|1|-1
LdbcShortQuery6MessageForum|1791332543006|1791332543020|5|1|-1
LdbcShortQuery7MessageReplies|1791332543025|1791332543037|3|9|-1
LdbcQuery3|1791332542934|1791332543037|70|0|1347532347032
LdbcShortQuery4MessageContent|1791332543107|1791332543107|3|1|-1
LdbcShortQuery5MessageCreator|1791332543110|1791332543111|2|1|-1
LdbcShortQuery6MessageForum|1791332543113|1791332543115|2|1|-1
LdbcShortQuery7MessageReplies|1791332543117|1791332543119|1|1|-1
LdbcShortQuery1PersonProfile|1791332543120|1791332543123|2|1|-1
LdbcShortQuery2PersonPosts|1791332543125|1791332543136|4|10|-1
LdbcShortQuery3PersonFriends|1791332543140|1791332543140|4|46|-1
LdbcShortQuery4MessageContent|1791332543144|1791332543144|2|1|-1
LdbcShortQuery5MessageCreator|1791332543146|1791332543149|2|1|-1
LdbcShortQuery6MessageForum|1791332543151|1791332543153|2|1|-1
LdbcShortQuery7MessageReplies|1791332543155|1791332543161|3|0|-1
LdbcShortQuery1PersonProfile|1791332543164|1791332543177|3|1|-1
LdbcShortQuery2PersonPosts|1791332543180|1791332543187|4|10|-1
LdbcShortQuery3PersonFriends|1791332543191|1791332543191|3|34|-1
LdbcShortQuery4MessageContent|1791332543194|1791332543200|2|1|-1
LdbcShortQuery5MessageCreator|1791332543202|1791332543213|5|1|-1
LdbcShortQuery6MessageForum|1791332543218|1791332543218|4|1|-1
LdbcShortQuery7MessageReplies|1791332543222|1791332543228|2|0|-1
LdbcQuery6|1791332542934|1791332543228|81|10|1347532347032
LdbcShortQuery1PersonProfile|1791332543309|1791332543312|3|1|-1
LdbcShortQuery2PersonPosts|1791332543315|1791332543316|2|0|-1
LdbcShortQuery3PersonFriends|1791332543318|1791332543318|3|38|-1
LdbcShortQuery4MessageContent|1791332543321|1791332543333|3|1|-1
LdbcShortQuery5MessageCreator|1791332543336|1791332543346|2|1|-1
LdbcUpdate3AddCommentLike|1791332543341|1791332543346|13|0|1347532351095
LdbcShortQuery6MessageForum|1791332543348|1791332543359|3|1|-1
LdbcShortQuery7MessageReplies|1791332543362|1791332543363|3|10|-1
LdbcShortQuery1PersonProfile|1791332543366|1791332543375|2|1|-1
LdbcShortQuery2PersonPosts|1791332543377|1791332543389|4|10|-1
LdbcShortQuery3PersonFriends|1791332543393|1791332543393|2|10|-1
LdbcQuery13|1791332542934|1791332543393|2|1|1347532347032
LdbcShortQuery4MessageContent|1791332543395|1791332543397|1|1|-1
LdbcShortQuery5MessageCreator|1791332543398|1791332543402|2|1|-1
LdbcShortQuery6MessageForum|1791332543404|1791332543415|4|1|-1
LdbcShortQuery7MessageReplies|1791332543419|1791332543419|3|10|-1
LdbcShortQuery1PersonProfile|1791332543422|1791332543423|2|1|-1
LdbcShortQuery2PersonPosts|1791332543425|1791332543431|4|10|-1
LdbcShortQuery3PersonFriends|1791332543435|1791332543435|3|31|-1
LdbcQuery10|1791332542934|1791332543435|38|10|1347532347032
LdbcShortQuery1PersonProfile|1791332543473|1791332543478|2|1|-1
LdbcShortQuery2PersonPosts|1791332543480|1791332543486|3|10|-1
LdbcShortQuery3PersonFriends|1791332543489|1791332543499|2|44|-1
LdbcShortQuery4MessageContent|1791332543501|1791332543512|67|1|-1
LdbcShortQuery5MessageCreator|1791332543579|1791332543579|1|1|-1
LdbcShortQuery6MessageForum|1791332543580|1791332543587|1|1|-1
LdbcShortQuery7MessageReplies|1791332543588|1791332543600|1|0|-1
LdbcQuery12|1791332542934|1791332543602|61|0|1347532347032
LdbcShortQuery4MessageContent|1791332543663|1791332543663|1|1|-1
LdbcShortQuery5MessageCreator|1791332543664|1791332543667|1|1|-1
LdbcShortQuery6MessageForum|1791332543668|1791332543683|2|1|-1
LdbcShortQuery7MessageReplies|1791332543685|1791332543685|2|0|-1
LdbcShortQuery1PersonProfile|1791332543687|1791332543688|2|1|-1
LdbcShortQuery2PersonPosts|1791332543690|1791332543700|3|10|-1
LdbcShortQuery3PersonFriends|1791332543703|1791332543712|3|46|-1
LdbcQuery7|1791332542934|1791332543712|3|20|1347532347032
LdbcShortQuery1PersonProfile|1791332543715|1791332543716|2|1|-1
LdbcShortQuery2PersonPosts|1791332543718|1791332543720|3|10|-1
LdbcShortQuery3PersonFriends|1791332543723|1791332543725|3|74|-1
LdbcShortQuery4MessageContent|1791332543728|1791332543729|2|1|-1
LdbcShortQuery5MessageCreator|1791332543731|1791332543732|2|1|-1
LdbcShortQuery6MessageForum|1791332543734|1791332543740|2|1|-1
LdbcShortQuery7MessageReplies|1791332543742|1791332543755|3|0|-1
LdbcQuery1|1791332542934|1791332543755|3|1|1347532347032
LdbcShortQuery4MessageContent|1791332543758|1791332543759|2|1|-1
LdbcShortQuery5MessageCreator|1791332543761|1791332543763|1|1|-1
LdbcShortQuery6MessageForum|1791332543764|1791332543768|2|1|-1
LdbcShortQuery7MessageReplies|1791332543770|1791332543781|3|0|-1
LdbcShortQuery1PersonProfile|1791332543784|1791332543793|3|1|-1
LdbcShortQuery2PersonPosts|1791332543796|1791332543796|2|10|-1
LdbcShortQuery3PersonFriends|1791332543798|1791332543799|2|17|-1
LdbcQuery9|1791332542934|1791332543799|75|20|1347532347032
LdbcShortQuery1PersonProfile|1791332543874|1791332543874|1|1|-1
LdbcShortQuery2PersonPosts|1791332543875|1791332543878|2|10|-1
LdbcShortQuery3PersonFriends|1791332543880|1791332543881|2|44|-1
LdbcShortQuery4MessageContent|1791332543883|1791332543883|1|1|-1
LdbcShortQuery5MessageCreator|1791332543884|1791332543896|2|1|-1
LdbcShortQuery6MessageForum|1791332543898|1791332543908|4|1|-1
LdbcShortQuery7MessageReplies|1791332543912|1791332543912|2|0|-1
LdbcQuery5|1791332542934|1791332543912|72|20|1347532347032
LdbcShortQuery4MessageContent|1791332543984|1791332543985|2|1|-1
LdbcShortQuery5MessageCreator|1791332543987|1791332543990|1|1|-1
LdbcShortQuery6MessageForum|1791332543991|1791332543997|4|1|-1
LdbcShortQuery7MessageReplies|1791332544001|1791332544002|1|0|-1
LdbcShortQuery1PersonProfile|1791332544003|1791332544010|3|1|-1
LdbcShortQuery2PersonPosts|1791332544013|1791332544023|4|10|-1
LdbcShortQuery3PersonFriends|1791332544027|1791332544027|4|83|-1
LdbcShortQuery4MessageContent|1791332544031|1791332544032|1|1|-1
LdbcShortQuery5MessageCreator|1791332544033|1791332544036|2|1|-1
LdbcShortQuery6MessageForum|1791332544038|1791332544038|2|1|-1
LdbcShortQuery7MessageReplies|1791332544040|1791332544040|1|0|-1
LdbcQuery14|1791332542934|1791332544042|2|1|1347532347032
LdbcShortQuery1PersonProfile|1791332544044|1791332544044|1|1|-1
LdbcShortQuery2PersonPosts|1791332544045|1791332544048|2|10|-1
LdbcShortQuery3PersonFriends|1791332544050|1791332544061|4|18|-1
LdbcShortQuery4MessageContent|1791332544065|1791332544065|2|1|-1
LdbcShortQuery5MessageCreator|1791332544067|1791332544074|3|1|-1
LdbcShortQuery6MessageForum|1791332544077|1791332544087|3|1|-1
LdbcShortQuery7MessageReplies|1791332544090|1791332544090|3|0|-1
LdbcShortQuery1PersonProfile|1791332544093|1791332544100|3|1|-1
LdbcShortQuery2PersonPosts|1791332544103|1791332544115|6|10|-1
LdbcShortQuery3PersonFriends|1791332544121|1791332544128|4|21|-1
LdbcQuery8|1791332542934|1791332544128|5|20|1347532347032
LdbcShortQuery4MessageContent|1791332544133|1791332544136|2|1|-1
LdbcShortQuery5MessageCreator|1791332544138|1791332544157|2|1|-1
LdbcShortQuery6MessageForum|1791332544159|1791332544169|2|1|-1
LdbcShortQuery7MessageReplies|1791332544171|1791332544182|2|4|-1
LdbcShortQuery1PersonProfile|1791332544184|1791332544194|2|1|-1
LdbcShortQuery2PersonPosts|1791332544196|1791332544207|3|10|-1
LdbcShortQuery3PersonFriends|1791332544210|1791332544220|2|26|-1
LdbcQuery2|1791332542934|1791332544220|5|20|1347532347032
LdbcShortQuery1PersonProfile|1791332544225|1791332544228|2|1|-1
LdbcShortQuery2PersonPosts|1791332544230|1791332544233|2|10|-1
LdbcShortQuery3PersonFriends|1791332544235|1791332544246|1|26|-1
LdbcUpdate3AddCommentLike|1791332544765|1791332544771|7|0|1347532365336
LdbcQuery8|1791332547795|1791332547799|6|20|1347532395639
LdbcShortQuery4MessageContent|1791332547805|1791332547815|5|1|-1
LdbcShortQuery5MessageCreator|1791332547820|1791332547831|6|1|-1
LdbcShortQuery6MessageForum|1791332547837|1791332547845|4|1|-1
LdbcShortQuery7MessageReplies|1791332547849|1791332547861|4|0|-1
LdbcShortQuery1PersonProfile|1791332547865|1791332547865|2|1|-1
LdbcShortQuery2PersonPosts|1791332547867|1791332547868|2|10|-1
LdbcShortQuery3PersonFriends|1791332547870|1791332547873|5|41|-1
LdbcQuery2|1791332547795|1791332547877|9|20|1347532395639
LdbcShortQuery1PersonProfile|1791332547886|1791332547887|2|1|-1
LdbcShortQuery2PersonPosts|1791332547889|1791332547889|2|10|-1
LdbcShortQuery3PersonFriends|1791332547891|1791332547894|1|3|-1
LdbcShortQuery4MessageContent|1791332547895|1791332547903|3|1|-1
LdbcShortQuery5MessageCreator|1791332547906|1791332547907|2|1|-1
LdbcShortQuery6MessageForum|1791332547909|1791332547911|1|1|-1
LdbcShortQuery7MessageReplies|1791332547912|1791332547919|3|1|-1
LdbcQuery12|1791332547795|1791332547920|73|2|1347532395639
LdbcShortQuery4MessageContent|1791332547993|1791332547994|1|1|-1
LdbcShortQuery5MessageCreator|1791332547995|1791332547997|0|1|-1
LdbcShortQuery6MessageForum|1791332547997|1791332547999|0|1|-1
LdbcShortQuery7MessageReplies|1791332547999|1791332547999|0|2|-1
LdbcShortQuery1PersonProfile|1791332547999|1791332547999|0|1|-1
LdbcShortQuery2PersonPosts|1791332547999|1791332548002|1|10|-1
LdbcShortQuery3PersonFriends|1791332548003|1791332548006|3|13|-1
LdbcQuery3|1791332547795|1791332548006|34|0|1347532395639
LdbcShortQuery1PersonProfile|1791332548040|1791332548043|1|1|-1
LdbcShortQuery2PersonPosts|1791332548044|1791332548051|4|10|-1
LdbcShortQuery3PersonFriends|1791332548055|1791332548056|4|53|-1
LdbcShortQuery4MessageContent|1791332548060|1791332548060|1|1|-1
LdbcShortQuery5MessageCreator|1791332548061|1791332548065|2|1|-1
LdbcShortQuery6MessageForum|1791332548067|1791332548077|4|1|-1
LdbcShortQuery7MessageReplies|1791332548081|1791332548081|3|0|-1
LdbcQuery11|1791332547795|1791332548085|4|0|1347532395639
LdbcShortQuery4MessageContent|1791332548089|1791332548089|1|1|-1
LdbcShortQuery5MessageCreator|1791332548090|1791332548093|2|1|-1
LdbcShortQuery6MessageForum|1791332548095|1791332548106|5|1|-1
LdbcShortQuery7MessageReplies|1791332548111|1791332548119|4|3|-1
LdbcQuery4|1791332547795|1791332548123|4|3|1347532395639
LdbcShortQuery1PersonProfile|1791332548127|1791332548127|2|1|-1
LdbcShortQuery2PersonPosts|1791332548129|1791332548135|4|10|-1
LdbcShortQuery3PersonFriends|1791332548139|1791332548139|2|15|-1
LdbcShortQuery4MessageContent|1791332548141|1791332548152|4|1|-1
LdbcShortQuery5MessageCreator|1791332548156|1791332548156|2|1|-1
LdbcShortQuery6MessageForum|1791332548158|1791332548169|4|1|-1
LdbcShortQuery7MessageReplies|1791332548173|1791332548173|2|0|-1
LdbcQuery10|1791332547795|1791332548173|17|10|1347532395639
LdbcShortQuery4MessageContent|1791332548190|1791332548193|2|1|-1
LdbcShortQuery5MessageCreator|1791332548195|1791332548197|2|1|-1
LdbcShortQuery6MessageForum|1791332548199|1791332548199|2|1|-1
LdbcShortQuery7MessageReplies|1791332548201|1791332548201|2|0|-1
LdbcShortQuery1PersonProfile|1791332548203|1791332548214|3|1|-1
LdbcShortQuery2PersonPosts|1791332548217|1791332548227|4|10|-1
LdbcShortQuery3PersonFriends|1791332548231|1791332548233|2|15|-1
LdbcShortQuery4MessageContent|1791332548235|1791332548241|1|1|-1
LdbcShortQuery5MessageCreator|1791332548242|1791332548256|1|1|-1
LdbcShortQuery6MessageForum|1791332548257|1791332548257|1|1|-1
LdbcShortQuery7MessageReplies|1791332548258|1791332548258|1|6|-1
LdbcQuery6|1791332547795|1791332548260|36|10|1347532395639
LdbcShortQuery1PersonProfile|1791332548296|1791332548302|1|1|-1
LdbcShortQuery2PersonPosts|1791332548303|1791332548314|2|10|-1
LdbcShortQuery3PersonFriends|1791332548316|1791332548328|3|73|-1
LdbcQuery13|1791332547795|1791332548332|2|1|1347532395639
LdbcShortQuery4MessageContent|1791332548334|1791332548334|1|1|-1
LdbcShortQuery5MessageCreator|1791332548335|1791332548336|1|1|-1
LdbcShortQuery6MessageForum|1791332548337|1791332548338|2|1|-1
LdbcShortQuery7MessageReplies|1791332548340|1791332548340|2|3|-1
LdbcShortQuery1PersonProfile|1791332548342|1791332548343|1|1|-1
LdbcShortQuery2PersonPosts|1791332548344|1791332548344|5|10|-1
LdbcShortQuery3PersonFriends|1791332548349|1791332548349|2|29|-1
LdbcShortQuery4MessageContent|1791332548351|1791332548352|2|1|-1
LdbcShortQuery5MessageCreator|1791332548354|1791332548354|1|1|-1
LdbcShortQuery6MessageForum|1791332548355|1791332548355|2|1|-1
LdbcShortQuery7MessageReplies|1791332548357|1791332548357|4|0|-1
LdbcQuery14|1791332547795|1791332548362|3|4|1347532395639
LdbcShortQuery1PersonProfile|1791332548365|1791332548372|2|1|-1
LdbcShortQuery2PersonPosts|1791332548374|1791332548385|4|10|-1
LdbcShortQuery3PersonFriends|1791332548389|1791332548389|2|6|-1
LdbcShortQuery4MessageContent|1791332548391|1791332548397|3|1|-1
LdbcShortQuery5MessageCreator|1791332548400|1791332548414|4|1|-1
LdbcShortQuery6MessageForum|1791332548418|1791332548418|2|1|-1
LdbcShortQuery7MessageReplies|1791332548420|1791332548431|4|5|-1
LdbcQuery9|1791332547795|1791332548431|127|20|1347532395639
LdbcShortQuery4MessageContent|1791332548558|1791332548562|3|1|-1
LdbcShortQuery5MessageCreator|1791332548565|1791332548570|2|1|-1
LdbcShortQuery6MessageForum|1791332548572|1791332548583|5|1|-1
LdbcShortQuery7MessageReplies|1791332548588|1791332548596|3|0|-1
LdbcShortQuery1PersonProfile|1791332548599|1791332548600|3|1|-1
LdbcShortQuery2PersonPosts|1791332548603|1791332548610|5|10|-1
LdbcShortQuery3PersonFriends|1791332548615|1791332548626|3|13|-1
LdbcShortQuery4MessageContent|1791332548629|1791332548643|3|1|-1
LdbcShortQuery5MessageCreator|1791332548646|1791332548659|2|1|-1
LdbcShortQuery6MessageForum|1791332548661|1791332548676|3|1|-1
LdbcShortQuery7MessageReplies|1791332548679|1791332548692|2|0|-1
LdbcQuery7|1791332547795|1791332548692|4|20|1347532395639
LdbcShortQuery1PersonProfile|1791332548696|1791332548696|2|1|-1
LdbcShortQuery2PersonPosts|1791332548698|1791332548700|1|10|-1
LdbcShortQuery3PersonFriends|1791332548701|1791332548706|3|35|-1
LdbcQuery1|1791332547795|1791332548706|3|2|1347532395639
LdbcShortQuery4MessageContent|1791332548709|1791332548710|2|1|-1
LdbcShortQuery5MessageCreator|1791332548712|1791332548714|1|1|-1
LdbcShortQuery6MessageForum|1791332548715|1791332548719|3|1|-1
LdbcShortQuery7MessageReplies|1791332548722|1791332548735|3|0|-1
LdbcShortQuery1PersonProfile|1791332548738|1791332548738|2|1|-1
LdbcShortQuery2PersonPosts|1791332548740|1791332548752|5|0|-1
LdbcShortQuery3PersonFriends|1791332548757|1791332548757|4|24|-1
LdbcShortQuery4MessageContent|1791332548761|1791332548761|2|1|-1
LdbcShortQuery5MessageCreator|1791332548763|1791332548765|2|1|-1
LdbcShortQuery6MessageForum|1791332548767|1791332548778|2|1|-1
LdbcShortQuery7MessageReplies|1791332548780|1791332548791|2|0|-1
LdbcQuery5|1791332547795|1791332548791|91|20|1347532395639
LdbcShortQuery1PersonProfile|1791332548882|1791332548884|1|1|-1
LdbcShortQuery2PersonPosts|1791332548885|1791332548887|7|10|-1
LdbcShortQuery3PersonFriends|1791332548894|1791332548901|1|11|-1
LdbcShortQuery4MessageContent|1791332548902|1791332548902|0|1|-1
LdbcShortQuery5MessageCreator|1791332548902|1791332548902|0|1|-1
LdbcShortQuery6MessageForum|1791332548902|1791332548902|0|1|-1
LdbcShortQuery7MessageReplies|1791332548902|1791332548902|0|0|-1
LdbcUpdate7AddComment|1791332549044|1791332549058|31|0|1347532408125
LdbcQuery1|1791332552656|1791332552668|3|4|1347532444246
LdbcShortQuery4MessageContent|1791332552671|1791332552685|2|1|-1
LdbcShortQuery5MessageCreator|1791332552687|1791332552698|1|1|-1
LdbcShortQuery6MessageForum|1791332552699|1791332552699|0|1|-1
LdbcShortQuery7MessageReplies|1791332552699|1791332552699|0|0|-1
LdbcQuery5|1791332552656|1791332552699|33|20|1347532444246
LdbcShortQuery1PersonProfile|1791332552732|1791332552739|1|1|-1
LdbcShortQuery2PersonPosts|1791332552740|1791332552751|4|10|-1
LdbcShortQuery3PersonFriends|1791332552755|1791332552755|3|9|-1
LdbcQuery10|1791332552656|1791332552755|35|10|1347532444246
LdbcShortQuery4MessageContent|1791332552790|1791332552795|2|1|-1
LdbcShortQuery5MessageCreator|1791332552797|1791332552798|1|1|-1
LdbcShortQuery6MessageForum|1791332552799|1791332552799|1|1|-1
LdbcShortQuery7MessageReplies|1791332552800|1791332552801|1|0|-1
LdbcShortQuery1PersonProfile|1791332552802|1791332552802|1|1|-1
LdbcShortQuery2PersonPosts|1791332552803|1791332552803|24|10|-1
LdbcShortQuery3PersonFriends|1791332552827|1791332552827|2|269|-1
LdbcShortQuery4MessageContent|1791332552829|1791332552838|2|1|-1
LdbcShortQuery5MessageCreator|1791332552840|1791332552851|4|1|-1
LdbcShortQuery6MessageForum|1791332552855|1791332552856|5|1|-1
LdbcShortQuery7MessageReplies|1791332552861|1791332552864|3|0|-1
LdbcQuery12|1791332552656|1791332552864|112|1|1347532444246
LdbcShortQuery1PersonProfile|1791332552976|1791332552981|3|1|-1
LdbcShortQuery2PersonPosts|1791332552984|1791332552989|3|10|-1
LdbcShortQuery3PersonFriends|1791332552992|1791332553005|4|65|-1
LdbcShortQuery4MessageContent|1791332553009|1791332553010|2|1|-1
LdbcShortQuery5MessageCreator|1791332553012|1791332553018|3|1|-1
LdbcShortQuery6MessageForum|1791332553021|1791332553030|2|1|-1
LdbcShortQuery7MessageReplies|1791332553032|1791332553042|4|0|-1
LdbcQuery8|1791332552656|1791332553047|4|20|1347532444246
LdbcShortQuery4MessageContent|1791332553051|1791332553051|2|1|-1
LdbcShortQuery5MessageCreator|1791332553053|1791332553055|2|1|-1
LdbcShortQuery6MessageForum|1791332553057|1791332553068|2|1|-1
LdbcShortQuery7MessageReplies|1791332553070|1791332553070|2|8|-1
LdbcShortQuery1PersonProfile|1791332553072|1791332553072|1|1|-1
LdbcShortQuery2PersonPosts|1791332553073|1791332553081|3|10|-1
LdbcShortQuery3PersonFriends|1791332553084|1791332553094|4|25|-1
LdbcShortQuery4MessageContent|1791332553098|1791332553098|2|1|-1
LdbcShortQuery5MessageCreator|1791332553100|1791332553101|2|1|-1
LdbcShortQuery6MessageForum|1791332553103|1791332553109|3|1|-1
LdbcShortQuery7MessageReplies|1791332553112|1791332553122|4|0|-1
LdbcQuery2|1791332552656|1791332553127|6|20|1347532444246
LdbcShortQuery1PersonProfile|1791332553133|1791332553135|3|1|-1
LdbcShortQuery2PersonPosts|1791332553138|1791332553148|5|10|-1
LdbcShortQuery3PersonFriends|1791332553153|1791332553153|3|230|-1
LdbcShortQuery4MessageContent|1791332553156|1791332553157|2|1|-1
LdbcShortQuery5MessageCreator|1791332553159|1791332553163|4|1|-1
LdbcShortQuery6MessageForum|1791332553167|1791332553178|4|1|-1
LdbcShortQuery7MessageReplies|1791332553182|1791332553190|4|9|-1
LdbcQuery4|1791332552656|1791332553194|4|3|1347532444246
LdbcShortQuery4MessageContent|1791332553198|1791332553198|2|1|-1
LdbcShortQuery5MessageCreator|1791332553200|1791332553202|1|1|-1
LdbcShortQuery6MessageForum|1791332553203|1791332553206|2|1|-1
LdbcShortQuery7MessageReplies|1791332553208|1791332553221|4|0|-1
LdbcShortQuery1PersonProfile|1791332553225|1791332553225|2|1|-1
LdbcShortQuery2PersonPosts|1791332553227|1791332553234|11|10|-1
LdbcShortQuery3PersonFriends|1791332553245|1791332553246|2|20|-1
LdbcQuery3|1791332552656|1791332553249|107|0|1347532444246
LdbcShortQuery1PersonProfile|1791332553356|1791332553371|1|1|-1
LdbcShortQuery2PersonPosts|1791332553372|1791332553384|2|10|-1
LdbcShortQuery3PersonFriends|1791332553386|1791332553400|2|30|-1
LdbcShortQuery4MessageContent|1791332553402|1791332553402|2|1|-1
LdbcShortQuery5MessageCreator|1791332553404|1791332553404|2|1|-1
LdbcShortQuery6MessageForum|1791332553406|1791332553407|2|1|-1
LdbcShortQuery7MessageReplies|1791332553409|1791332553410|2|1|-1
LdbcShortQuery1PersonProfile|1791332553412|1791332553412|2|1|-1
LdbcShortQuery2PersonPosts|1791332553414|1791332553414|3|10|-1
LdbcShortQuery3PersonFriends|1791332553417|1791332553418|5|36|-1
LdbcShortQuery4MessageContent|1791332553423|1791332553423|1|1|-1
LdbcShortQuery5MessageCreator|1791332553424|1791332553424|0|1|-1
LdbcShortQuery6MessageForum|1791332553424|1791332553425|0|1|-1
LdbcShortQuery7MessageReplies|1791332553425|1791332553426|1|2|-1
LdbcQuery11|1791332552656|1791332553427|1|0|1347532444246
LdbcShortQuery4MessageContent|1791332553428|1791332553428|0|1|-1
LdbcShortQuery5MessageCreator|1791332553428|1791332553429|1|1|-1
LdbcShortQuery6MessageForum|1791332553430|1791332553430|0|1|-1
LdbcShortQuery7MessageReplies|1791332553430|1791332553430|1|9|-1
LdbcQuery7|1791332552656|1791332553430|2|20|1347532444246
LdbcShortQuery1PersonProfile|1791332553432|1791332553434|0|1|-1
LdbcShortQuery2PersonPosts|1791332553434|1791332553434|1|10|-1
LdbcShortQuery3PersonFriends|1791332553435|1791332553443|1|42|-1
LdbcShortQuery4MessageContent|1791332553444|1791332553459|1|1|-1
LdbcShortQuery5MessageCreator|1791332553460|1791332553472|1|1|-1
LdbcShortQuery6MessageForum|1791332553473|1791332553488|1|1|-1
LdbcShortQuery7MessageReplies|1791332553489|1791332553501|2|0|-1
LdbcShortQuery1PersonProfile|1791332553503|1791332553514|1|1|-1
LdbcShortQuery2PersonPosts|1791332553515|1791332553530|2|10|-1
LdbcShortQuery3PersonFriends|1791332553532|1791332553542|4|74|-1
LdbcQuery14|1791332552656|1791332553547|1|7|1347532444246
LdbcShortQuery4MessageContent|1791332553548|1791332553555|1|1|-1
LdbcShortQuery5MessageCreator|1791332553556|1791332553568|3|1|-1
LdbcShortQuery6MessageForum|1791332553571|1791332553580|2|1|-1
LdbcShortQuery7MessageReplies|1791332553582|1791332553593|4|0|-1
LdbcShortQuery1PersonProfile|1791332553597|1791332553598|3|1|-1
LdbcShortQuery2PersonPosts|1791332553601|1791332553606|3|10|-1
LdbcShortQuery3PersonFriends|1791332553609|1791332553610|3|38|-1
LdbcQuery6|1791332552656|1791332553614|51|10|1347532444246
LdbcShortQuery1PersonProfile|1791332553665|1791332553679|3|1|-1
LdbcShortQuery2PersonPosts|1791332553682|1791332553696|3|10|-1
LdbcShortQuery3PersonFriends|1791332553699|1791332553709|3|2|-1
LdbcShortQuery4MessageContent|1791332553712|1791332553713|1|1|-1
LdbcShortQuery5MessageCreator|1791332553714|1791332553714|2|1|-1
LdbcShortQuery6MessageForum|1791332553716|1791332553717|2|1|-1
LdbcShortQuery7MessageReplies|1791332553719|1791332553720|4|0|-1
LdbcQuery13|1791332552656|1791332553724|3|1|1347532444246
LdbcShortQuery4MessageContent|1791332553727|1791332553728|23|1|-1
LdbcShortQuery5MessageCreator|1791332553751|1791332553762|3|1|-1
LdbcShortQuery6MessageForum|1791332553765|1791332553765|2|1|-1
LdbcShortQuery7MessageReplies|1791332553767|1791332553775|2|1|-1
LdbcShortQuery1PersonProfile|1791332553777|1791332553791|3|1|-1
LdbcShortQuery2PersonPosts|1791332553794|1791332553808|4|10|-1
LdbcShortQuery3PersonFriends|1791332553812|1791332553812|5|340|-1
LdbcShortQuery4MessageContent|1791332553817|1791332553821|3|1|-1
LdbcShortQuery5MessageCreator|1791332553824|1791332553825|2|1|-1
LdbcShortQuery6MessageForum|1791332553827|1791332553833|4|1|-1
LdbcShortQuery7MessageReplies|1791332553837|1791332553838|3|6|-1
LdbcQuery9|1791332552656|1791332553842|75|20|1347532444246
LdbcShortQuery1PersonProfile|1791332553917|1791332553917|1|1|-1
LdbcShortQuery2PersonPosts|1791332553918|1791332553921|3|10|-1
LdbcShortQuery3PersonFriends|1791332553924|1791332553934|5|19|-1
LdbcShortQuery4MessageContent|1791332553939|1791332553952|5|1|-1
LdbcShortQuery5MessageCreator|1791332553957|1791332553965|4|1|-1
LdbcShortQuery6MessageForum|1791332553969|1791332553970|2|1|-1
LdbcShortQuery7MessageReplies|1791332553972|1791332553982|2|0|-1
LdbcShortQuery1PersonProfile|1791332553984|1791332553984|2|1|-1
LdbcShortQuery2PersonPosts|1791332553986|1791332553986|2|10|-1
LdbcShortQuery3PersonFriends|1791332553988|1791332553988|1|14|-1
LdbcShortQuery4MessageContent|1791332553989|1791332553990|1|1|-1
LdbcShortQuery5MessageCreator|1791332553991|1791332553994|1|1|-1
LdbcShortQuery6MessageForum|1791332553995|1791332554009|5|1|-1
LdbcShortQuery7MessageReplies|1791332554014|1791332554024|4|8|-1
LdbcUpdate5AddForumMembership|1791332554736|1791332554743|10|0|1347532465047
LdbcQuery13|1791332557516|1791332557525|3|1|1347532492853
LdbcShortQuery4MessageContent|1791332557528|1791332557538|3|1|-1
LdbcShortQuery5MessageCreator|1791332557541|1791332557550|4|1|-1
LdbcShortQuery6MessageForum|1791332557554|1791332557554|3|1|-1
LdbcShortQuery7MessageReplies|1791332557557|1791332557558|3|5|-1
LdbcShortQuery1PersonProfile|1791332557561|1791332557567|3|1|-1
LdbcShortQuery2PersonPosts|1791332557570|1791332557580|4|10|-1
LdbcShortQuery3PersonFriends|1791332557584|1791332557585|2|10|-1
LdbcShortQuery4MessageContent|1791332557587|1791332557596|4|1|-1
LdbcShortQuery5MessageCreator|1791332557600|1791332557600|2|1|-1
LdbcShortQuery6MessageForum|1791332557602|1791332557612|4|1|-1
LdbcShortQuery7MessageReplies|1791332557616|1791332557616|3|4|-1
LdbcQuery9|1791332557516|1791332557620|101|20|1347532492853
LdbcShortQuery1PersonProfile|1791332557721|1791332557721|2|1|-1
LdbcShortQuery2PersonPosts|1791332557723|1791332557726|3|10|-1
LdbcShortQuery3PersonFriends|1791332557729|1791332557729|4|84|-1
LdbcShortQuery4MessageContent|1791332557733|1791332557733|2|1|-1
LdbcShortQuery5MessageCreator|1791332557735|1791332557742|3|1|-1
LdbcShortQuery6MessageForum|1791332557745|1791332557745|3|1|-1
LdbcShortQuery7MessageReplies|1791332557748|1791332557755|3|0|-1
LdbcShortQuery1PersonProfile|1791332557758|1791332557770|2|1|-1
LdbcShortQuery2PersonPosts|1791332557772|1791332557783|2|10|-1
LdbcShortQuery3PersonFriends|1791332557785|1791332557785|2|17|-1
LdbcQuery4|1791332557516|1791332557787|3|3|1347532492853
LdbcShortQuery4MessageContent|1791332557790|1791332557795|3|1|-1
LdbcShortQuery5MessageCreator|1791332557798|1791332557810|3|1|-1
LdbcShortQuery6MessageForum|1791332557813|1791332557814|2|1|-1
LdbcShortQuery7MessageReplies|1791332557816|1791332557816|2|0|-1
LdbcShortQuery1PersonProfile|1791332557818|1791332557818|1|1|-1
LdbcShortQuery2PersonPosts|1791332557819|1791332557819|1|10|-1
LdbcShortQuery3PersonFriends|1791332557820|1791332557821|1|12|-1
LdbcShortQuery4MessageContent|1791332557822|1791332557824|1|1|-1
LdbcShortQuery5MessageCreator|1791332557825|1791332557825|1|1|-1
LdbcShortQuery6MessageForum|1791332557826|1791332557827|1|1|-1
LdbcShortQuery7MessageReplies|1791332557828|1791332557829|1|0|-1
LdbcQuery10|1791332557516|1791332557830|25|10|1347532492853
LdbcShortQuery1PersonProfile|1791332557855|1791332557869|4|1|-1
LdbcShortQuery2PersonPosts|1791332557873|1791332557873|3|10|-1
LdbcShortQuery3PersonFriends|1791332557876|1791332557883|5|56|-1
LdbcShortQuery4MessageContent|1791332557888|1791332557900|3|1|-1
LdbcShortQuery5MessageCreator|1791332557903|1791332557916|3|1|-1
LdbcShortQuery6MessageForum|1791332557919|1791332557936|4|1|-1
LdbcShortQuery7MessageReplies|1791332557940|1791332557940|2|0|-1
LdbcShortQuery1PersonProfile|1791332557942|1791332557966|2|1|-1
LdbcShortQuery2PersonPosts|1791332557968|1791332557998|3|10|-1
LdbcShortQuery3PersonFriends|1791332558001|1791332558054|3|70|-1
LdbcQuery1|1791332557516|1791332558058|1|2|1347532492853
LdbcShortQuery4MessageContent|1791332558059|1791332558111|2|1|-1
LdbcShortQuery5MessageCreator|1791332558113|1791332558125|1|1|-1
LdbcShortQuery6MessageForum|1791332558126|1791332558166|3|1|-1
LdbcShortQuery7MessageReplies|1791332558169|1791332558183|2|6|-1
LdbcShortQuery1PersonProfile|1791332558185|1791332558197|1|1|-1
LdbcShortQuery2PersonPosts|1791332558198|1791332558212|2|10|-1
LdbcShortQuery3PersonFriends|1791332558214|1791332558229|1|15|-1
LdbcQuery5|1791332557516|1791332558230|41|20|1347532492853
LdbcShortQuery1PersonProfile|1791332558271|1791332558272|1|1|-1
LdbcShortQuery2PersonPosts|1791332558273|1791332558273|1|10|-1
LdbcShortQuery3PersonFriends|1791332558274|1791332558275|1|69|-1
LdbcShortQuery4MessageContent|1791332558276|1791332558277|1|1|-1
LdbcShortQuery5MessageCreator|1791332558278|1791332558278|1|1|-1
LdbcShortQuery6MessageForum|1791332558279|1791332558279|1|1|-1
LdbcShortQuery7MessageReplies|1791332558280|1791332558280|1|1|-1
LdbcQuery2|1791332557516|1791332558281|4|20|1347532492853
LdbcShortQuery4MessageContent|1791332558285|1791332558286|0|1|-1
LdbcShortQuery5MessageCreator|1791332558286|1791332558287|1|1|-1
LdbcShortQuery6MessageForum|1791332558288|1791332558290|5|1|-1
LdbcShortQuery7MessageReplies|1791332558295|1791332558295|1|5|-1
LdbcShortQuery1PersonProfile|1791332558296|1791332558296|1|1|-1
LdbcShortQuery2PersonPosts|1791332558297|1791332558305|2|10|-1
LdbcShortQuery3PersonFriends|1791332558307|1791332558320|5|28|-1
LdbcShortQuery4MessageContent|1791332558325|1791332558349|2|1|-1
LdbcShortQuery5MessageCreator|1791332558351|1791332558362|1|1|-1
LdbcShortQuery6MessageForum|1791332558363|1791332558363|2|1|-1
LdbcShortQuery7MessageReplies|1791332558365|1791332558375|2|0|-1
LdbcShortQuery1PersonProfile|1791332558377|1791332558391|2|1|-1
LdbcShortQuery2PersonPosts|1791332558393|1791332558394|2|10|-1
LdbcShortQuery3PersonFriends|1791332558396|1791332558396|1|30|-1
LdbcShortQuery4MessageContent|1791332558397|1791332558404|3|1|-1
LdbcShortQuery5MessageCreator|1791332558407|1791332558420|2|1|-1
LdbcShortQuery6MessageForum|1791332558422|1791332558423|2|1|-1
LdbcShortQuery7MessageReplies|1791332558425|1791332558425|2|4|-1
LdbcQuery12|1791332557516|1791332558428|68|1|1347532492853
LdbcShortQuery1PersonProfile|1791332558496|1791332558496|1|1|-1
LdbcShortQuery2PersonPosts|1791332558497|1791332558497|0|1|-1
LdbcShortQuery3PersonFriends|1791332558497|1791332558498|0|2|-1
LdbcQuery8|1791332557516|1791332558499|2|20|1347532492853
LdbcShortQuery4MessageContent|1791332558501|1791332558501|0|1|-1
LdbcShortQuery5MessageCreator|1791332558501|1791332558502|0|1|-1
LdbcShortQuery6MessageForum|1791332558502|1791332558503|0|1|-1
LdbcShortQuery7MessageReplies|1791332558503|1791332558504|1|5|-1
LdbcShortQuery1PersonProfile|1791332558505|1791332558505|1|1|-1
LdbcShortQuery2PersonPosts|1791332558506|1791332558506|2|10|-1
LdbcShortQuery3PersonFriends|1791332558508|1791332558508|1|3|-1
LdbcShortQuery4MessageContent|1791332558509|1791332558509|1|1|-1
LdbcShortQuery5MessageCreator|1791332558510|1791332558510|1|1|-1
LdbcShortQuery6MessageForum|1791332558511|1791332558512|1|1|-1
LdbcShortQuery7MessageReplies|1791332558513|1791332558514|1|0|-1
LdbcQuery6|1791332557516|1791332558516|49|10|1347532492853
LdbcShortQuery1PersonProfile|1791332558565|1791332558565|1|1|-1
LdbcShortQuery2PersonPosts|1791332558566|1791332558567|3|10|-1
LdbcShortQuery3PersonFriends|1791332558570|1791332558571|3|18|-1
LdbcShortQuery4MessageContent|1791332558574|1791332558574|2|1|-1
LdbcShortQuery5MessageCreator|1791332558576|1791332558577|2|1|-1
LdbcShortQuery6MessageForum|1791332558579|1791332558580|2|1|-1
LdbcShortQuery7MessageReplies|1791332558582|1791332558582|3|3|-1
LdbcShortQuery1PersonProfile|1791332558585|1791332558585|2|1|-1
LdbcShortQuery2PersonPosts|1791332558587|1791332558587|2|10|-1
LdbcShortQuery3PersonFriends|1791332558589|1791332558589|2|31|-1
LdbcShortQuery4MessageContent|1791332558591|1791332558592|1|1|-1
LdbcShortQuery5MessageCreator|1791332558593|1791332558593|2|1|-1
LdbcShortQuery6MessageForum|1791332558595|1791332558596|2|1|-1
LdbcShortQuery7MessageReplies|1791332558598|1791332558598|3|3|-1
LdbcShortQuery1PersonProfile|1791332558601|1791332558602|2|1|-1
LdbcShortQuery2PersonPosts|1791332558604|1791332558611|3|10|-1
LdbcShortQuery3PersonFriends|1791332558614|1791332558614|3|38|-1
LdbcQuery7|1791332557516|1791332558617|3|20|1347532492853
LdbcShortQuery4MessageContent|1791332558620|1791332558620|2|1|-1
LdbcShortQuery5MessageCreator|1791332558622|1791332558622|1|1|-1
LdbcShortQuery6MessageForum|1791332558623|1791332558626|2|1|-1
LdbcShortQuery7MessageReplies|1791332558628|1791332558629|2|10|-1
LdbcQuery3|1791332557516|1791332558629|87|0|1347532492853
LdbcShortQuery1PersonProfile|1791332558716|1791332558716|2|1|-1
LdbcShortQuery2PersonPosts|1791332558718|1791332558720|1|10|-1
LdbcShortQuery3PersonFriends|1791332558721|1791332558734|3|72|-1
LdbcQuery11|1791332557516|1791332558734|2|0|1347532492853
LdbcShortQuery4MessageContent|1791332558736|1791332558738|2|1|-1
LdbcShortQuery5MessageCreator|1791332558740|1791332558743|2|1|-1
LdbcShortQuery6MessageForum|1791332558745|1791332558745|1|1|-1
LdbcShortQuery7MessageReplies|1791332558746|1791332558746|1|0|-1
LdbcShortQuery1PersonProfile|1791332558747|1791332558747|1|1|-1
LdbcShortQuery2PersonPosts|1791332558748|1791332558760|5|10|-1
LdbcShortQuery3PersonFriends|1791332558765|1791332558776|8|86|-1
LdbcQuery14|1791332557516|1791332558784|3|4|1347532492853
LdbcShortQuery1PersonProfile|1791332558787|1791332558788|2|1|-1
LdbcShortQuery2PersonPosts|1791332558790|1791332558790|2|10|-1
LdbcShortQuery3PersonFriends|1791332558792|1791332558792|3|29|-1
LdbcShortQuery4MessageContent|1791332558795|1791332558796|2|1|-1
LdbcShortQuery5MessageCreator|1791332558798|1791332558799|2|1|-1
LdbcShortQuery6MessageForum|1791332558801|1791332558801|2|1|-1
LdbcShortQuery7MessageReplies|1791332558803|1791332558805|2|0|-1
LdbcShortQuery1PersonProfile|1791332558807|1791332558821|3|1|-1
LdbcShortQuery2PersonPosts|1791332558824|1791332558838|4|10|-1
LdbcShortQuery3PersonFriends|1791332558842|1791332558842|3|100|-1
LdbcShortQuery4MessageContent|1791332558845|1791332558846|2|1|-1
LdbcShortQuery5MessageCreator|1791332558848|1791332558851|1|1|-1
LdbcShortQuery6MessageForum|1791332558852|1791332558864|3|1|-1
LdbcShortQuery7MessageReplies|1791332558867|1791332558877|8|5|-1
LdbcUpdate4AddForum|1791332559522|1791332559525|421|0|1347532512905
LdbcUpdate6AddPost|1791332560622|1791332560645|594|0|1347532523905
LdbcUpdate6AddPost|1791332560722|1791332561239|10|0|1347532524905
LdbcUpdate6AddPost|1791332560822|1791332561250|5|0|1347532525905
LdbcUpdate6AddPost|1791332560922|1791332561256|5|0|1347532526905
LdbcUpdate6AddPost|1791332561022|1791332561261|7|0|1347532527905
LdbcUpdate6AddPost|1791332561122|1791332561265|4|0|1347532528905
LdbcUpdate6AddPost|1791332561222|1791332561270|4|0|1347532529905
LdbcUpdate6AddPost|1791332561322|1791332561327|8|0|1347532530905
LdbcUpdate6AddPost|1791332561422|1791332561428|7|0|1347532531905
LdbcUpdate6AddPost|1791332561522|1791332561531|7|0|1347532532905
LdbcUpdate6AddPost|1791332561622|1791332561629|82|0|1347532533905
LdbcQuery11|1791332562377|1791332562382|5|0|1347532541460
LdbcShortQuery4MessageContent|1791332562387|1791332562388|2|1|-1
LdbcShortQuery5MessageCreator|1791332562390|1791332562391|2|1|-1
LdbcShortQuery6MessageForum|1791332562393|1791332562398|2|1|-1
LdbcShortQuery7MessageReplies|1791332562400|1791332562401|3|0|-1
LdbcShortQuery1PersonProfile|1791332562404|1791332562404|2|1|-1
LdbcShortQuery2PersonPosts|1791332562406|1791332562406|3|10|-1
LdbcShortQuery3PersonFriends|1791332562409|1791332562410|3|59|-1
LdbcShortQuery4MessageContent|1791332562413|1791332562417|4|1|-1
LdbcShortQuery5MessageCreator|1791332562421|1791332562421|2|1|-1
LdbcShortQuery6MessageForum|1791332562423|1791332562434|3|1|-1
LdbcShortQuery7MessageReplies|1791332562437|1791332562449|4|0|-1
LdbcQuery14|1791332562377|1791332562454|3|1|1347532541460
LdbcShortQuery1PersonProfile|1791332562457|1791332562457|2|1|-1
LdbcShortQuery2PersonPosts|1791332562459|1791332562459|2|10|-1
LdbcShortQuery3PersonFriends|1791332562461|1791332562462|2|22|-1
LdbcShortQuery4MessageContent|1791332562464|1791332562466|3|1|-1
LdbcShortQuery5MessageCreator|1791332562469|1791332562469|2|1|-1
LdbcShortQuery6MessageForum|1791332562471|1791332562482|3|1|-1
LdbcShortQuery7MessageReplies|1791332562485|1791332562486|2|0|-1
LdbcQuery2|1791332562377|1791332562488|6|20|1347532541460
LdbcShortQuery4MessageContent|1791332562494|1791332562494|1|1|-1
LdbcShortQuery5MessageCreator|1791332562495|1791332562496|1|1|-1
LdbcShortQuery6MessageForum|1791332562497|1791332562497|8|1|-1
LdbcShortQuery7MessageReplies|1791332562505|1791332562506|1|3|-1
LdbcShortQuery1PersonProfile|1791332562507|1791332562508|1|1|-1
LdbcShortQuery2PersonPosts|1791332562509|1791332562509|2|10|-1
LdbcShortQuery3PersonFriends|1791332562511|1791332562512|1|7|-1
LdbcQuery4|1791332562377|1791332562513|2|3|1347532541460
LdbcShortQuery1PersonProfile|1791332562515|1791332562517|1|1|-1
LdbcShortQuery2PersonPosts|1791332562518|1791332562518|1|10|-1
LdbcShortQuery3PersonFriends|1791332562519|1791332562519|4|47|-1
LdbcShortQuery4MessageContent|1791332562523|1791332562523|1|1|-1
LdbcShortQuery5MessageCreator|1791332562524|1791332562528|1|1|-1
LdbcShortQuery6MessageForum|1791332562529|1791332562529|0|1|-1
LdbcShortQuery7MessageReplies|1791332562529|1791332562530|0|0|-1
LdbcShortQuery1PersonProfile|1791332562530|1791332562530|0|1|-1
LdbcShortQuery2PersonPosts|1791332562530|1791332562531|1|10|-1
LdbcShortQuery3PersonFriends|1791332562532|1791332562533|1|32|-1
LdbcQuery13|1791332562377|1791332562534|1|1|1347532541460
LdbcShortQuery4MessageContent|1791332562535|1791332562535|0|1|-1
LdbcShortQuery5MessageCreator|1791332562535|1791332562536|1|1|-1
LdbcShortQuery6MessageForum|1791332562537|1791332562537|0|1|-1
LdbcShortQuery7MessageReplies|1791332562537|1791332562538|1|4|-1
LdbcShortQuery1PersonProfile|1791332562539|1791332562539|0|1|-1
LdbcShortQuery2PersonPosts|1791332562539|1791332562540|1|10|-1
LdbcShortQuery3PersonFriends|1791332562541|1791332562541|1|42|-1
LdbcShortQuery4MessageContent|1791332562542|1791332562542|0|1|-1
LdbcShortQuery5MessageCreator|1791332562542|1791332562543|1|1|-1
LdbcShortQuery6MessageForum|1791332562544|1791332562544|0|1|-1
LdbcShortQuery7MessageReplies|1791332562544|1791332562545|1|8|-1
LdbcShortQuery1PersonProfile|1791332562546|1791332562558|2|1|-1
LdbcShortQuery2PersonPosts|1791332562560|1791332562574|2|10|-1
LdbcShortQuery3PersonFriends|1791332562576|1791332562589|4|31|-1
LdbcQuery9|1791332562377|1791332562593|91|20|1347532541460
LdbcShortQuery1PersonProfile|1791332562684|1791332562693|3|1|-1
LdbcShortQuery2PersonPosts|1791332562696|1791332562707|3|10|-1
LdbcShortQuery3PersonFriends|1791332562710|1791332562719|2|24|-1
LdbcShortQuery4MessageContent|1791332562721|1791332562736|3|1|-1
LdbcShortQuery5MessageCreator|1791332562739|1791332562751|3|1|-1
LdbcShortQuery6MessageForum|1791332562754|1791332562755|4|1|-1
LdbcShortQuery7MessageReplies|1791332562759|1791332562759|5|4|-1
LdbcShortQuery1PersonProfile|1791332562764|1791332562766|6|1|-1
LdbcShortQuery2PersonPosts|1791332562772|1791332562781|3|10|-1
LdbcShortQuery3PersonFriends|1791332562784|1791332562784|3|32|-1
LdbcShortQuery4MessageContent|1791332562787|1791332562787|1|1|-1
LdbcShortQuery5MessageCreator|1791332562788|1791332562789|1|1|-1
LdbcShortQuery6MessageForum|1791332562790|1791332562791|2|1|-1
LdbcShortQuery7MessageReplies|1791332562793|1791332562793|2|3|-1
LdbcQuery5|1791332562377|1791332562796|68|20|1347532541460
LdbcShortQuery4MessageContent|1791332562864|1791332562866|2|1|-1
LdbcShortQuery5MessageCreator|1791332562868|1791332562881|2|1|-1
LdbcShortQuery6MessageForum|1791332562883|1791332562883|5|1|-1
LdbcShortQuery7MessageReplies|1791332562888|1791332562888|2|6|-1
LdbcQuery10|1791332562377|1791332562890|29|10|1347532541460
LdbcShortQuery1PersonProfile|1791332562919|1791332562919|1|1|-1
LdbcShortQuery2PersonPosts|1791332562920|1791332562923|2|8|-1
LdbcShortQuery3PersonFriends|1791332562925|1791332562936|5|44|-1
LdbcQuery1|1791332562377|1791332562940|6|20|1347532541460
LdbcShortQuery4MessageContent|1791332562946|1791332562946|0|1|-1
LdbcShortQuery5MessageCreator|1791332562946|1791332562948|0|1|-1
LdbcShortQuery6MessageForum|1791332562948|1791332562949|0|1|-1
LdbcShortQuery7MessageReplies|1791332562949|1791332562950|1|6|-1
LdbcShortQuery1PersonProfile|1791332562951|1791332562951|0|1|-1
LdbcShortQuery2PersonPosts|1791332562951|1791332562952|6|10|-1
LdbcShortQuery3PersonFriends|1791332562958|1791332562958|1|20|-1
LdbcQuery3|1791332562377|1791332562961|61|0|1347532541460
LdbcShortQuery1PersonProfile|1791332563022|1791332563023|2|1|-1
LdbcShortQuery2PersonPosts|1791332563025|1791332563038|3|10|-1
LdbcShortQuery3PersonFriends|1791332563041|1791332563042|16|189|-1
LdbcQuery6|1791332562377|1791332563058|54|10|1347532541460
LdbcShortQuery4MessageContent|1791332563112|1791332563113|2|1|-1
LdbcShortQuery5MessageCreator|1791332563115|1791332563115|1|1|-1
LdbcShortQuery6MessageForum|1791332563116|1791332563117|1|1|-1
LdbcShortQuery7MessageReplies|1791332563118|1791332563119|1|11|-1
LdbcShortQuery1PersonProfile|1791332563120|1791332563120|1|1|-1
LdbcShortQuery2PersonPosts|1791332563121|1791332563121|1|10|-1
LdbcShortQuery3PersonFriends|1791332563122|1791332563123|1|4|-1
LdbcShortQuery4MessageContent|1791332563124|1791332563127|1|1|-1
LdbcShortQuery5MessageCreator|1791332563128|1791332563129|1|1|-1
LdbcShortQuery6MessageForum|1791332563130|1791332563142|2|1|-1
LdbcShortQuery7MessageReplies|1791332563144|1791332563144|2|1|-1
LdbcShortQuery1PersonProfile|1791332563146|1791332563147|1|1|-1
LdbcShortQuery2PersonPosts|1791332563148|1791332563149|2|10|-1
LdbcShortQuery3PersonFriends|1791332563151|1791332563151|1|17|-1
LdbcQuery12|1791332562377|1791332563153|52|3|1347532541460
LdbcShortQuery1PersonProfile|1791332563205|1791332563220|2|1|-1
LdbcShortQuery2PersonPosts|1791332563222|1791332563222|1|0|-1
LdbcShortQuery3PersonFriends|1791332563223|1791332563223|1|4|-1
LdbcShortQuery4MessageContent|1791332563224|1791332563225|1|1|-1
LdbcShortQuery5MessageCreator|1791332563226|1791332563227|1|1|-1
LdbcShortQuery6MessageForum|1791332563228|1791332563228|1|1|-1
LdbcShortQuery7MessageReplies|1791332563229|1791332563230|1|7|-1
LdbcQuery8|1791332562377|1791332563232|3|20|1347532541460
LdbcShortQuery4MessageContent|1791332563235|1791332563235|1|1|-1
LdbcShortQuery5MessageCreator|1791332563236|1791332563237|1|1|-1
LdbcShortQuery6MessageForum|1791332563238|1791332563238|1|1|-1
LdbcShortQuery7MessageReplies|1791332563239|1791332563240|1|3|-1
LdbcShortQuery1PersonProfile|1791332563241|1791332563251|2|1|-1
LdbcShortQuery2PersonPosts|1791332563253|1791332563253|1|10|-1
LdbcShortQuery3PersonFriends|1791332563254|1791332563254|2|81|-1
LdbcShortQuery4MessageContent|1791332563256|1791332563257|1|1|-1
LdbcShortQuery5MessageCreator|1791332563258|1791332563258|1|1|-1
LdbcShortQuery6MessageForum|1791332563259|1791332563259|0|1|-1
LdbcShortQuery7MessageReplies|1791332563259|1791332563260|1|0|-1
LdbcQuery7|1791332562377|1791332563262|2|20|1347532541460
LdbcShortQuery1PersonProfile|1791332563264|1791332563264|1|1|-1
LdbcShortQuery2PersonPosts|1791332563265|1791332563266|1|10|-1
LdbcShortQuery3PersonFriends|1791332563267|1791332563267|1|20|-1
LdbcShortQuery4MessageContent|1791332563268|1791332563269|1|1|-1
LdbcShortQuery5MessageCreator|1791332563270|1791332563271|1|1|-1
LdbcShortQuery6MessageForum|1791332563272|1791332563272|1|1|-1
LdbcShortQuery7MessageReplies|1791332563273|1791332563273|1|0|-1
LdbcQuery8|1791332567238|1791332567248|10|20|1347532590067
LdbcShortQuery4MessageContent|1791332567258|1791332567267|15|1|-1
LdbcShortQuery5MessageCreator|1791332567282|1791332567282|2|1|-1
LdbcShortQuery6MessageForum|1791332567284|1791332567294|4|1|-1
LdbcShortQuery7MessageReplies|1791332567298|1791332567298|4|0|-1
LdbcShortQuery1PersonProfile|1791332567302|1791332567302|4|1|-1
LdbcShortQuery2PersonPosts|1791332567306|1791332567307|3|10|-1
LdbcShortQuery3PersonFriends|1791332567310|1791332567311|3|37|-1
LdbcQuery7|1791332567238|1791332567314|4|20|1347532590067
LdbcShortQuery1PersonProfile|1791332567318|1791332567319|2|1|-1
LdbcShortQuery2PersonPosts|1791332567321|1791332567323|3|10|-1
LdbcShortQuery3PersonFriends|1791332567326|1791332567326|3|41|-1
LdbcShortQuery4MessageContent|1791332567329|1791332567336|3|1|-1
LdbcShortQuery5MessageCreator|1791332567339|1791332567349|4|1|-1
LdbcShortQuery6MessageForum|1791332567353|1791332567363|3|1|-1
LdbcShortQuery7MessageReplies|1791332567366|1791332567366|2|0|-1
LdbcShortQuery1PersonProfile|1791332567368|1791332567368|3|1|-1
LdbcShortQuery2PersonPosts|1791332567371|1791332567371|3|10|-1
LdbcShortQuery3PersonFriends|1791332567374|1791332567376|3|37|-1
LdbcQuery5|1791332567238|1791332567378|66|20|1347532590067
LdbcShortQuery4MessageContent|1791332567444|1791332567446|2|1|-1
LdbcShortQuery5MessageCreator|1791332567448|1791332567448|2|1|-1
LdbcShortQuery6MessageForum|1791332567450|1791332567450|2|1|-1
LdbcShortQuery7MessageReplies|1791332567452|1791332567454|3|4|-1
LdbcShortQuery1PersonProfile|1791332567457|1791332567460|4|1|-1
LdbcShortQuery2PersonPosts|1791332567464|1791332567479|6|10|-1
LdbcShortQuery3PersonFriends|1791332567485|1791332567485|4|42|-1
LdbcShortQuery4MessageContent|1791332567489|1791332567489|5|1|-1
LdbcUpdate2AddPostLike|1791332567470|1791332567479|16|0|1347532592383
LdbcShortQuery5MessageCreator|1791332567494|1791332567494|2|1|-1
LdbcShortQuery6MessageForum|1791332567496|1791332567496|2|1|-1
LdbcShortQuery7MessageReplies|1791332567498|1791332567498|3|0|-1
LdbcQuery2|1791332567238|1791332567502|9|20|1347532590067
LdbcShortQuery1PersonProfile|1791332567511|1791332567511|2|1|-1
LdbcShortQuery2PersonPosts|1791332567513|1791332567514|4|10|-1
LdbcShortQuery3PersonFriends|1791332567518|1791332567520|3|13|-1
LdbcQuery11|1791332567238|1791332567522|6|0|1347532590067
LdbcShortQuery4MessageContent|1791332567528|1791332567530|2|1|-1
LdbcShortQuery5MessageCreator|1791332567532|1791332567533|2|1|-1
LdbcShortQuery6MessageForum|1791332567535|1791332567543|3|1|-1
LdbcShortQuery7MessageReplies|1791332567546|1791332567546|2|0|-1
LdbcShortQuery1PersonProfile|1791332567548|1791332567560|2|1|-1
LdbcShortQuery2PersonPosts|1791332567562|1791332567562|2|10|-1
LdbcShortQuery3PersonFriends|1791332567564|1791332567577|2|30|-1
LdbcShortQuery4MessageContent|1791332567579|1791332567593|3|1|-1
LdbcShortQuery5MessageCreator|1791332567596|1791332567597|3|1|-1
LdbcShortQuery6MessageForum|1791332567600|1791332567600|3|1|-1
LdbcShortQuery7MessageReplies|1791332567603|1791332567608|3|10|-1
LdbcQuery14|1791332567238|1791332567611|3|1|1347532590067
LdbcShortQuery1PersonProfile|1791332567614|1791332567616|3|1|-1
LdbcShortQuery2PersonPosts|1791332567619|1791332567619|3|10|-1
LdbcShortQuery3PersonFriends|1791332567622|1791332567623|2|8|-1
LdbcShortQuery4MessageContent|1791332567625|1791332567625|2|1|-1
LdbcShortQuery5MessageCreator|1791332567627|1791332567628|1|1|-1
LdbcShortQuery6MessageForum|1791332567629|1791332567631|2|1|-1
LdbcShortQuery7MessageReplies|1791332567633|1791332567639|4|7|-1
LdbcQuery9|1791332567238|1791332567643|125|20|1347532590067
LdbcShortQuery4MessageContent|1791332567768|1791332567768|4|1|-1
LdbcShortQuery5MessageCreator|1791332567772|1791332567781|3|1|-1
LdbcShortQuery6MessageForum|1791332567784|1791332567797|3|1|-1
LdbcShortQuery7MessageReplies|1791332567800|1791332567810|3|0|-1
LdbcShortQuery1PersonProfile|1791332567813|1791332567826|14|1|-1
LdbcShortQuery2PersonPosts|1791332567840|1791332567840|4|10|-1
LdbcShortQuery3PersonFriends|1791332567844|1791332567844|3|9|-1
LdbcQuery4|1791332567238|1791332567846|10|3|1347532590067
LdbcShortQuery1PersonProfile|1791332567856|1791332567858|3|1|-1
LdbcShortQuery2PersonPosts|1791332567861|1791332567861|2|10|-1
LdbcShortQuery3PersonFriends|1791332567863|1791332567863|3|34|-1
LdbcShortQuery4MessageContent|1791332567866|1791332567868|1|1|-1
LdbcShortQuery5MessageCreator|1791332567869|1791332567870|1|1|-1
LdbcShortQuery6MessageForum|1791332567871|1791332567880|4|1|-1
LdbcShortQuery7MessageReplies|1791332567884|1791332567884|3|0|-1
LdbcShortQuery1PersonProfile|1791332567887|1791332567892|3|1|-1
LdbcShortQuery2PersonPosts|1791332567895|1791332567896|3|10|-1
LdbcShortQuery3PersonFriends|1791332567899|1791332567907|3|1|-1
LdbcShortQuery4MessageContent|1791332567910|1791332567920|3|1|-1
LdbcShortQuery5MessageCreator|1791332567923|1791332567936|5|1|-1
LdbcShortQuery6MessageForum|1791332567941|1791332567941|3|1|-1
LdbcShortQuery7MessageReplies|1791332567944|1791332567944|2|0|-1
LdbcQuery13|1791332567238|1791332567947|7|1|1347532590067
LdbcShortQuery4MessageContent|1791332567954|1791332567954|3|1|-1
LdbcShortQuery5MessageCreator|1791332567957|1791332567957|2|1|-1
LdbcShortQuery6MessageForum|1791332567959|1791332567960|3|1|-1
LdbcShortQuery7MessageReplies|1791332567963|1791332567964|3|0|-1
LdbcShortQuery1PersonProfile|1791332567967|1791332567974|3|1|-1
LdbcShortQuery2PersonPosts|1791332567977|1791332567977|3|10|-1
LdbcShortQuery3PersonFriends|1791332567980|1791332567980|4|90|-1
LdbcShortQuery4MessageContent|1791332567984|1791332567986|2|1|-1
LdbcShortQuery5MessageCreator|1791332567988|1791332567988|2|1|-1
LdbcShortQuery6MessageForum|1791332567990|1791332567990|3|1|-1
LdbcShortQuery7MessageReplies|1791332567993|1791332567995|2|0|-1
LdbcQuery12|1791332567238|1791332567998|108|3|1347532590067
LdbcShortQuery1PersonProfile|1791332568106|1791332568106|4|1|-1
LdbcShortQuery2PersonPosts|1791332568110|1791332568110|3|10|-1
LdbcShortQuery3PersonFriends|1791332568113|1791332568127|13|62|-1
LdbcQuery3|1791332567238|1791332568137|102|0|1347532590067
LdbcShortQuery4MessageContent|1791332568239|1791332568240|3|1|-1
LdbcShortQuery5MessageCreator|1791332568243|1791332568246|4|1|-1
LdbcShortQuery6MessageForum|1791332568250|1791332568250|3|1|-1
LdbcShortQuery7MessageReplies|1791332568253|1791332568254|3|0|-1
LdbcShortQuery1PersonProfile|1791332568257|1791332568263|2|1|-1
LdbcShortQuery2PersonPosts|1791332568265|1791332568266|2|10|-1
LdbcShortQuery3PersonFriends|1791332568268|1791332568269|2|2|-1
LdbcQuery10|1791332567238|1791332568270|16|10|1347532590067
LdbcShortQuery1PersonProfile|1791332568286|1791332568288|2|1|-1
LdbcShortQuery2PersonPosts|1791332568290|1791332568290|5|10|-1
LdbcShortQuery3PersonFriends|1791332568295|1791332568295|3|30|-1
LdbcShortQuery4MessageContent|1791332568298|1791332568298|2|1|-1
LdbcShortQuery5MessageCreator|1791332568300|1791332568300|2|1|-1
LdbcShortQuery6MessageForum|1791332568302|1791332568304|2|1|-1
LdbcShortQuery7MessageReplies|1791332568306|1791332568306|4|0|-1
LdbcQuery1|1791332567238|1791332568311|6|2|1347532590067
LdbcShortQuery4MessageContent|1791332568317|1791332568319|3|1|-1
LdbcShortQuery5MessageCreator|1791332568322|1791332568331|4|1|-1
LdbcShortQuery6MessageForum|1791332568335|1791332568336|4|1|-1
LdbcShortQuery7MessageReplies|1791332568340|1791332568349|3|0|-1
LdbcShortQuery1PersonProfile|1791332568352|1791332568364|3|1|-1
LdbcShortQuery2PersonPosts|1791332568367|1791332568368|2|10|-1
LdbcShortQuery3PersonFriends|1791332568370|1791332568378|3|43|-1
LdbcShortQuery4MessageContent|1791332568381|1791332568381|2|1|-1
LdbcShortQuery5MessageCreator|1791332568383|1791332568402|2|1|-1
LdbcShortQuery6MessageForum|1791332568404|1791332568404|1|1|-1
LdbcShortQuery7MessageReplies|1791332568405|1791332568406|1|0|-1
LdbcQuery6|1791332567238|1791332568408|125|10|1347532590067
LdbcShortQuery1PersonProfile|1791332568533|1791332568546|2|1|-1
LdbcShortQuery2PersonPosts|1791332568548|1791332568548|3|10|-1
LdbcShortQuery3PersonFriends|1791332568551|1791332568552|2|29|-1
LdbcShortQuery4MessageContent|1791332568554|1791332568560|5|1|-1
LdbcShortQuery5MessageCreator|1791332568565|1791332568566|2|1|-1
LdbcShortQuery6MessageForum|1791332568568|1791332568568|22|1|-1
LdbcShortQuery7MessageReplies|1791332568590|1791332568591|2|0|-1
LdbcShortQuery1PersonProfile|1791332568593|1791332568594|2|1|-1
LdbcShortQuery2PersonPosts|1791332568596|1791332568596|1|10|-1
LdbcShortQuery3PersonFriends|1791332568597|1791332568598|1|22|-1
LdbcShortQuery4MessageContent|1791332568599|1791332568606|1|1|-1
LdbcShortQuery5MessageCreator|1791332568607|1791332568618|1|1|-1
LdbcShortQuery6MessageForum|1791332568619|1791332568634|2|1|-1
LdbcShortQuery7MessageReplies|1791332568636|1791332568636|2|9|-1
LdbcUpdate5AddForumMembership|1791332568667|1791332568681|7|0|1347532604349
LdbcUpdate5AddForumMembership|1791332569478|1791332569481|8|0|1347532612459
LdbcQuery1|1791332572099|1791332572103|3|2|1347532638674
LdbcShortQuery4MessageContent|1791332572106|1791332572107|2|1|-1
LdbcShortQuery5MessageCreator|1791332572109|1791332572110|1|1|-1
LdbcShortQuery6MessageForum|1791332572111|1791332572111|1|1|-1
LdbcShortQuery7MessageReplies|1791332572112|1791332572112|1|0|-1
LdbcShortQuery1PersonProfile|1791332572113|1791332572114|2|1|-1
LdbcShortQuery2PersonPosts|1791332572116|1791332572116|2|10|-1
LdbcShortQuery3PersonFriends|1791332572118|1791332572120|2|43|-1
LdbcQuery6|1791332572099|1791332572123|52|10|1347532638674
LdbcShortQuery1PersonProfile|1791332572175|1791332572188|2|1|-1
LdbcShortQuery2PersonPosts|1791332572190|1791332572190|2|10|-1
LdbcShortQuery3PersonFriends|1791332572192|1791332572193|35|70|-1
LdbcShortQuery4MessageContent|1791332572228|1791332572228|1|1|-1
LdbcShortQuery5MessageCreator|1791332572229|1791332572230|1|1|-1
LdbcShortQuery6MessageForum|1791332572231|1791332572231|1|1|-1
LdbcShortQuery7MessageReplies|1791332572232|1791332572247|3|0|-1
LdbcQuery9|1791332572099|1791332572248|91|20|1347532638674
LdbcShortQuery4MessageContent|1791332572339|1791332572343|1|1|-1
LdbcShortQuery5MessageCreator|1791332572344|1791332572352|3|1|-1
LdbcShortQuery6MessageForum|1791332572355|1791332572356|1|1|-1
LdbcShortQuery7MessageReplies|1791332572357|1791332572370|3|0|-1
LdbcShortQuery1PersonProfile|1791332572373|1791332572373|4|1|-1
LdbcShortQuery2PersonPosts|1791332572377|1791332572377|2|10|-1
LdbcShortQuery3PersonFriends|1791332572379|1791332572380|2|7|-1
LdbcShortQuery4MessageContent|1791332572382|1791332572382|2|1|-1
LdbcShortQuery5MessageCreator|1791332572384|1791332572386|2|1|-1
LdbcShortQuery6MessageForum|1791332572388|1791332572388|2|1|-1
LdbcShortQuery7MessageReplies|1791332572390|1791332572390|2|0|-1
LdbcQuery5|1791332572099|1791332572394|76|20|1347532638674
LdbcShortQuery1PersonProfile|1791332572470|1791332572470|2|1|-1
LdbcShortQuery2PersonPosts|1791332572472|1791332572473|3|10|-1
LdbcShortQuery3PersonFriends|1791332572476|1791332572476|2|37|-1
LdbcShortQuery4MessageContent|1791332572478|1791332572478|2|1|-1
LdbcShortQuery5MessageCreator|1791332572480|1791332572480|2|1|-1
LdbcShortQuery6MessageForum|1791332572482|1791332572483|1|1|-1
LdbcShortQuery7MessageReplies|1791332572484|1791332572486|2|0|-1
LdbcShortQuery1PersonProfile|1791332572488|1791332572488|1|1|-1
LdbcShortQuery2PersonPosts|1791332572489|1791332572504|3|10|-1
LdbcShortQuery3PersonFriends|1791332572507|1791332572519|5|38|-1
LdbcQuery8|1791332572099|1791332572524|7|20|1347532638674
LdbcShortQuery4MessageContent|1791332572531|1791332572531|2|1|-1
LdbcShortQuery5MessageCreator|1791332572533|1791332572534|2|1|-1
LdbcShortQuery6MessageForum|1791332572536|1791332572537|2|1|-1
LdbcShortQuery7MessageReplies|1791332572539|1791332572553|4|4|-1
LdbcShortQuery1PersonProfile|1791332572557|1791332572558|3|1|-1
LdbcShortQuery2PersonPosts|1791332572561|1791332572568|4|10|-1
LdbcShortQuery3PersonFriends|1791332572572|1791332572573|4|41|-1
LdbcQuery7|1791332572099|1791332572577|9|20|1347532638674
LdbcShortQuery1PersonProfile|1791332572586|1791332572586|3|1|-1
LdbcShortQuery2PersonPosts|1791332572589|1791332572590|4|10|-1
LdbcShortQuery3PersonFriends|1791332572594|1791332572594|2|30|-1
LdbcShortQuery4MessageContent|1791332572596|1791332572596|1|1|-1
LdbcShortQuery5MessageCreator|1791332572597|1791332572598|2|1|-1
LdbcShortQuery6MessageForum|1791332572600|1791332572614|3|1|-1
LdbcShortQuery7MessageReplies|1791332572617|1791332572618|3|0|-1
LdbcShortQuery1PersonProfile|1791332572621|1791332572631|3|1|-1
LdbcShortQuery2PersonPosts|1791332572634|1791332572634|5|10|-1
LdbcShortQuery3PersonFriends|1791332572639|1791332572640|4|81|-1
LdbcShortQuery4MessageContent|1791332572644|1791332572647|2|1|-1
LdbcShortQuery5MessageCreator|1791332572649|1791332572650|2|1|-1
LdbcShortQuery6MessageForum|1791332572652|1791332572664|3|1|-1
LdbcShortQuery7MessageReplies|1791332572667|1791332572676|3|0|-1
LdbcQuery14|1791332572099|1791332572678|5|17|1347532638674
LdbcShortQuery4MessageContent|1791332572683|1791332572686|2|1|-1
LdbcShortQuery5MessageCreator|1791332572688|1791332572693|4|1|-1
LdbcShortQuery6MessageForum|1791332572697|1791332572708|3|1|-1
LdbcShortQuery7MessageReplies|1791332572711|1791332572711|3|3|-1
LdbcQuery2|1791332572099|1791332572714|8|20|1347532638674
LdbcShortQuery1PersonProfile|1791332572722|1791332572723|3|1|-1
LdbcShortQuery2PersonPosts|1791332572726|1791332572727|3|10|-1
LdbcShortQuery3PersonFriends|1791332572730|1791332572730|6|109|-1
LdbcShortQuery4MessageContent|1791332572736|1791332572736|2|1|-1
LdbcShortQuery5MessageCreator|1791332572738|1791332572738|2|1|-1
LdbcShortQuery6MessageForum|1791332572740|1791332572740|2|1|-1
LdbcShortQuery7MessageReplies|1791332572742|1791332572744|2|0|-1
LdbcQuery11|1791332572099|1791332572746|4|0|1347532638674
LdbcShortQuery4MessageContent|1791332572750|1791332572750|2|1|-1
LdbcShortQuery5MessageCreator|1791332572752|1791332572752|2|1|-1
LdbcShortQuery6MessageForum|1791332572754|1791332572756|2|1|-1
LdbcShortQuery7MessageReplies|1791332572758|1791332572758|2|0|-1
LdbcShortQuery1PersonProfile|1791332572760|1791332572760|1|1|-1
LdbcShortQuery2PersonPosts|1791332572761|1791332572767|3|10|-1
LdbcShortQuery3PersonFriends|1791332572770|1791332572770|3|49|-1
LdbcShortQuery4MessageContent|1791332572773|1791332572774|2|1|-1
LdbcShortQuery5MessageCreator|1791332572776|1791332572776|1|1|-1
LdbcShortQuery6MessageForum|1791332572777|1791332572778|1|1|-1
LdbcShortQuery7MessageReplies|1791332572779|1791332572780|1|9|-1
LdbcShortQuery1PersonProfile|1791332572781|1791332572781|1|1|-1
LdbcShortQuery2PersonPosts|1791332572782|1791332572783|1|0|-1
LdbcShortQuery3PersonFriends|1791332572784|1791332572784|1|13|-1
LdbcQuery10|1791332572099|1791332572787|42|10|1347532638674
LdbcShortQuery1PersonProfile|1791332572829|1791332572830|5|1|-1
LdbcShortQuery2PersonPosts|1791332572835|1791332572846|4|5|-1
LdbcShortQuery3PersonFriends|1791332572850|1791332572850|3|10|-1
LdbcShortQuery4MessageContent|1791332572853|1791332572854|2|1|-1
LdbcShortQuery5MessageCreator|1791332572856|1791332572856|2|1|-1
LdbcShortQuery6MessageForum|1791332572858|1791332572859|2|1|-1
LdbcShortQuery7MessageReplies|1791332572861|1791332572867|4|3|-1
LdbcShortQuery1PersonProfile|1791332572871|1791332572871|2|1|-1
LdbcShortQuery2PersonPosts|1791332572873|1791332572873|3|10|-1
LdbcShortQuery3PersonFriends|1791332572876|1791332572878|3|1|-1
LdbcQuery12|1791332572099|1791332572881|100|1|1347532638674
LdbcShortQuery4MessageContent|1791332572981|1791332572982|4|1|-1
LdbcShortQuery5MessageCreator|1791332572986|1791332572987|2|1|-1
LdbcShortQuery6MessageForum|1791332572989|1791332572989|2|1|-1
LdbcShortQuery7MessageReplies|1791332572991|1791332572992|4|5|-1
LdbcShortQuery1PersonProfile|1791332572996|1791332572996|4|1|-1
LdbcShortQuery2PersonPosts|1791332573000|1791332573000|2|10|-1
LdbcShortQuery3PersonFriends|1791332573002|1791332573003|2|88|-1
LdbcShortQuery4MessageContent|1791332573005|1791332573006|1|1|-1
LdbcShortQuery5MessageCreator|1791332573007|1791332573008|1|1|-1
LdbcShortQuery6MessageForum|1791332573009|1791332573010|1|1|-1
LdbcShortQuery7MessageReplies|1791332573011|1791332573011|2|0|-1
LdbcQuery4|1791332572099|1791332573013|11|10|1347532638674
LdbcShortQuery1PersonProfile|1791332573024|1791332573024|1|1|-1
LdbcShortQuery2PersonPosts|1791332573025|1791332573027|3|10|-1
LdbcShortQuery3PersonFriends|1791332573030|1791332573030|1|14|-1
LdbcQuery13|1791332572099|1791332573032|2|1|1347532638674
LdbcShortQuery4MessageContent|1791332573034|1791332573034|2|1|-1
LdbcShortQuery5MessageCreator|1791332573036|1791332573036|3|1|-1
LdbcShortQuery6MessageForum|1791332573039|1791332573040|3|1|-1
LdbcShortQuery7MessageReplies|1791332573043|1791332573043|1|4|-1
LdbcQuery3|1791332572099|1791332573046|66|0|1347532638674
LdbcShortQuery1PersonProfile|1791332573112|1791332573112|1|1|-1
LdbcShortQuery2PersonPosts|1791332573113|1791332573113|1|10|-1
LdbcShortQuery3PersonFriends|1791332573114|1791332573114|4|189|-1
LdbcShortQuery4MessageContent|1791332573118|1791332573120|2|1|-1
LdbcShortQuery5MessageCreator|1791332573122|1791332573131|2|1|-1
LdbcShortQuery6MessageForum|1791332573133|1791332573133|0|1|-1
LdbcShortQuery7MessageReplies|1791332573133|1791332573133|1|3|-1
LdbcUpdate5AddForumMembership|1791332574581|1791332574582|13|0|1347532663497
LdbcQuery13|1791332576959|1791332576970|1|1|1347532687281
LdbcShortQuery4MessageContent|1791332576971|1791332576985|1|1|-1
LdbcShortQuery5MessageCreator|1791332576986|1791332576986|0|1|-1
LdbcShortQuery6MessageForum|1791332576986|1791332576987|0|1|-1
LdbcShortQuery7MessageReplies|1791332576987|1791332576987|0|5|-1
LdbcQuery3|1791332576959|1791332576988|47|0|1347532687281
LdbcShortQuery1PersonProfile|1791332577035|1791332577036|1|1|-1
LdbcShortQuery2PersonPosts|1791332577037|1791332577044|2|10|-1
LdbcShortQuery3PersonFriends|1791332577046|1791332577046|2|36|-1
LdbcShortQuery4MessageContent|1791332577048|1791332577048|1|1|-1
LdbcShortQuery5MessageCreator|1791332577049|1791332577050|1|1|-1
LdbcShortQuery6MessageForum|1791332577051|1791332577051|1|1|-1
LdbcShortQuery7MessageReplies|1791332577052|1791332577053|1|2|-1
LdbcShortQuery1PersonProfile|1791332577054|1791332577054|0|1|-1
LdbcShortQuery2PersonPosts|1791332577054|1791332577054|1|10|-1
LdbcShortQuery3PersonFriends|1791332577055|1791332577056|0|4|-1
LdbcShortQuery4MessageContent|1791332577056|1791332577057|1|1|-1
LdbcShortQuery5MessageCreator|1791332577058|1791332577058|0|1|-1
LdbcShortQuery6MessageForum|1791332577058|1791332577058|0|1|-1
LdbcShortQuery7MessageReplies|1791332577058|1791332577058|1|9|-1
LdbcQuery14|1791332576959|1791332577058|2|8|1347532687281
LdbcShortQuery4MessageContent|1791332577060|1791332577062|1|1|-1
LdbcShortQuery5MessageCreator|1791332577063|1791332577071|0|1|-1
LdbcShortQuery6MessageForum|1791332577071|1791332577071|0|1|-1
LdbcShortQuery7MessageReplies|1791332577071|1791332577071|0|5|-1
LdbcQuery9|1791332576959|1791332577071|67|20|1347532687281
LdbcShortQuery1PersonProfile|1791332577138|1791332577138|1|1|-1
LdbcShortQuery2PersonPosts|1791332577139|1791332577142|1|10|-1
LdbcShortQuery3PersonFriends|1791332577143|1791332577143|1|17|-1
LdbcQuery1|1791332576959|1791332577144|2|2|1347532687281
LdbcShortQuery4MessageContent|1791332577146|1791332577146|1|1|-1
LdbcShortQuery5MessageCreator|1791332577147|1791332577148|0|1|-1
LdbcShortQuery6MessageForum|1791332577148|1791332577148|0|1|-1
LdbcShortQuery7MessageReplies|1791332577148|1791332577149|0|0|-1
LdbcQuery6|1791332576959|1791332577150|43|10|1347532687281
LdbcShortQuery1PersonProfile|1791332577193|1791332577201|3|1|-1
LdbcShortQuery2PersonPosts|1791332577204|1791332577216|2|10|-1
LdbcShortQuery3PersonFriends|1791332577218|1791332577218|2|53|-1
LdbcShortQuery4MessageContent|1791332577220|1791332577220|1|1|-1
LdbcShortQuery5MessageCreator|1791332577221|1791332577222|1|1|-1
LdbcShortQuery6MessageForum|1791332577223|1791332577224|1|1|-1
LdbcShortQuery7MessageReplies|1791332577225|1791332577226|1|7|-1
LdbcShortQuery1PersonProfile|1791332577227|1791332577229|1|1|-1
LdbcShortQuery2PersonPosts|1791332577230|1791332577241|1|10|-1
LdbcShortQuery3PersonFriends|1791332577242|1791332577242|1|42|-1
LdbcQuery7|1791332576959|1791332577243|1|20|1347532687281
LdbcShortQuery4MessageContent|1791332577244|1791332577245|0|1|-1
LdbcShortQuery5MessageCreator|1791332577245|1791332577246|0|1|-1
LdbcShortQuery6MessageForum|1791332577246|1791332577246|0|1|-1
LdbcShortQuery7MessageReplies|1791332577246|1791332577246|0|0|-1
LdbcShortQuery1PersonProfile|1791332577246|1791332577247|0|1|-1
LdbcShortQuery2PersonPosts|1791332577247|1791332577248|0|10|-1
LdbcShortQuery3PersonFriends|1791332577248|1791332577248|0|50|-1
LdbcQuery5|1791332576959|1791332577249|26|20|1347532687281
LdbcShortQuery1PersonProfile|1791332577275|1791332577276|0|1|-1
LdbcShortQuery2PersonPosts|1791332577276|1791332577277|1|10|-1
LdbcShortQuery3PersonFriends|1791332577278|1791332577278|0|32|-1
LdbcShortQuery4MessageContent|1791332577278|1791332577278|0|1|-1
LdbcShortQuery5MessageCreator|1791332577278|1791332577279|0|1|-1
LdbcShortQuery6MessageForum|1791332577279|1791332577279|0|1|-1
LdbcShortQuery7MessageReplies|1791332577279|1791332577280|0|3|-1
LdbcQuery8|1791332576959|1791332577280|1|20|1347532687281
LdbcShortQuery4MessageContent|1791332577281|1791332577281|0|1|-1
LdbcShortQuery5MessageCreator|1791332577281|1791332577282|0|1|-1
LdbcShortQuery6MessageForum|1791332577282|1791332577282|0|1|-1
LdbcShortQuery7MessageReplies|1791332577282|1791332577282|0|6|-1
LdbcShortQuery1PersonProfile|1791332577282|1791332577284|0|1|-1
LdbcShortQuery2PersonPosts|1791332577284|1791332577285|0|10|-1
LdbcShortQuery3PersonFriends|1791332577285|1791332577286|0|22|-1
LdbcShortQuery4MessageContent|1791332577286|1791332577286|0|1|-1
LdbcShortQuery5MessageCreator|1791332577286|1791332577286|0|1|-1
LdbcShortQuery6MessageForum|1791332577286|1791332577287|0|1|-1
LdbcShortQuery7MessageReplies|1791332577287|1791332577287|0|15|-1
LdbcQuery4|1791332576959|1791332577288|1|2|1347532687281
LdbcShortQuery1PersonProfile|1791332577289|1791332577289|0|1|-1
LdbcShortQuery2PersonPosts|1791332577289|1791332577290|0|10|-1
LdbcShortQuery3PersonFriends|1791332577290|1791332577290|1|12|-1
LdbcShortQuery4MessageContent|1791332577291|1791332577291|0|1|-1
LdbcShortQuery5MessageCreator|1791332577291|1791332577292|0|1|-1
LdbcShortQuery6MessageForum|1791332577292|1791332577292|0|1|-1
LdbcShortQuery7MessageReplies|1791332577292|1791332577294|0|0|-1
LdbcQuery10|1791332576959|1791332577294|9|10|1347532687281
LdbcShortQuery4MessageContent|1791332577303|1791332577303|0|1|-1
LdbcShortQuery5MessageCreator|1791332577303|1791332577303|0|1|-1
LdbcShortQuery6MessageForum|1791332577303|1791332577303|0|1|-1
LdbcShortQuery7MessageReplies|1791332577303|1791332577306|0|0|-1
LdbcShortQuery1PersonProfile|1791332577306|1791332577306|0|1|-1
LdbcShortQuery2PersonPosts|1791332577306|1791332577307|0|10|-1
LdbcShortQuery3PersonFriends|1791332577307|1791332577307|0|38|-1
LdbcShortQuery4MessageContent|1791332577307|1791332577308|0|1|-1
LdbcShortQuery5MessageCreator|1791332577308|1791332577308|0|1|-1
LdbcShortQuery6MessageForum|1791332577308|1791332577309|0|1|-1
LdbcShortQuery7MessageReplies|1791332577309|1791332577309|0|0|-1
LdbcQuery2|1791332576959|1791332577310|1|20|1347532687281
LdbcShortQuery1PersonProfile|1791332577311|1791332577312|0|1|-1
LdbcShortQuery2PersonPosts|1791332577312|1791332577312|0|10|-1
LdbcShortQuery3PersonFriends|1791332577312|1791332577314|0|69|-1
LdbcShortQuery4MessageContent|1791332577314|1791332577314|0|1|-1
LdbcShortQuery5MessageCreator|1791332577314|1791332577315|0|1|-1
LdbcShortQuery6MessageForum|1791332577315|1791332577315|0|1|-1
LdbcShortQuery7MessageReplies|1791332577315|1791332577315|2|5|-1
LdbcQuery11|1791332576959|1791332577317|1|0|1347532687281
LdbcShortQuery4MessageContent|1791332577318|1791332577319|0|1|-1
LdbcShortQuery5MessageCreator|1791332577319|1791332577319|0|1|-1
LdbcShortQuery6MessageForum|1791332577319|1791332577320|0|1|-1
LdbcShortQuery7MessageReplies|1791332577320|1791332577320|0|0|-1
LdbcQuery12|1791332576959|1791332577321|113|2|1347532687281
LdbcShortQuery1PersonProfile|1791332577434|1791332577434|1|1|-1
LdbcShortQuery2PersonPosts|1791332577435|1791332577436|1|10|-1
LdbcShortQuery3PersonFriends|1791332577437|1791332577438|0|5|-1
LdbcShortQuery4MessageContent|1791332577438|1791332577438|1|1|-1
LdbcShortQuery5MessageCreator|1791332577439|1791332577440|1|1|-1
LdbcShortQuery6MessageForum|1791332577441|1791332577441|1|1|-1
LdbcShortQuery7MessageReplies|1791332577442|1791332577442|1|7|-1
LdbcShortQuery1PersonProfile|1791332577443|1791332577443|0|1|-1
LdbcShortQuery2PersonPosts|1791332577443|1791332577444|1|10|-1
LdbcShortQuery3PersonFriends|1791332577445|1791332577446|1|91|-1
LdbcShortQuery4MessageContent|1791332577447|1791332577448|1|1|-1
LdbcShortQuery5MessageCreator|1791332577449|1791332577449|0|1|-1
LdbcShortQuery6MessageForum|1791332577449|1791332577450|0|1|-1
LdbcShortQuery7MessageReplies|1791332577450|1791332577450|1|0|-1
LdbcUpdate7AddComment|1791332578307|1791332578309|786|0|1347532700755
LdbcQuery11|1791332581820|1791332581833|7|0|1347532735888
LdbcShortQuery4MessageContent|1791332581840|1791332581841|2|1|-1
LdbcShortQuery5MessageCreator|1791332581843|1791332581843|2|1|-1
LdbcShortQuery6MessageForum|1791332581845|1791332581846|2|1|-1
LdbcShortQuery7MessageReplies|1791332581848|1791332581848|3|0|-1
LdbcQuery12|1791332581820|1791332581852|109|1|1347532735888
LdbcShortQuery1PersonProfile|1791332581961|1791332581961|2|1|-1
LdbcShortQuery2PersonPosts|1791332581963|1791332581964|2|10|-1
LdbcShortQuery3PersonFriends|1791332581966|1791332581966|2|50|-1
LdbcShortQuery4MessageContent|1791332581968|1791332581968|2|1|-1
LdbcShortQuery5MessageCreator|1791332581970|1791332581972|1|1|-1
LdbcShortQuery6MessageForum|1791332581973|1791332581983|1|1|-1
LdbcShortQuery7MessageReplies|1791332581984|1791332581996|1|4|-1
LdbcShortQuery1PersonProfile|1791332581997|1791332582012|4|1|-1
LdbcShortQuery2PersonPosts|1791332582016|1791332582016|3|8|-1
LdbcShortQuery3PersonFriends|1791332582019|1791332582020|2|5|-1
LdbcQuery7|1791332581820|1791332582022|5|20|1347532735888
LdbcShortQuery4MessageContent|1791332582027|1791332582028|2|1|-1
LdbcShortQuery5MessageCreator|1791332582030|1791332582031|2|1|-1
LdbcShortQuery6MessageForum|1791332582033|1791332582033|2|1|-1
LdbcShortQuery7MessageReplies|1791332582035|1791332582035|2|3|-1
LdbcShortQuery1PersonProfile|1791332582037|1791332582038|2|1|-1
LdbcShortQuery2PersonPosts|1791332582040|1791332582040|4|10|-1
LdbcShortQuery3PersonFriends|1791332582044|1791332582054|7|56|-1
LdbcShortQuery4MessageContent|1791332582061|1791332582067|4|1|-1
LdbcShortQuery5MessageCreator|1791332582071|1791332582071|3|1|-1
LdbcShortQuery6MessageForum|1791332582074|1791332582075|3|1|-1
LdbcShortQuery7MessageReplies|1791332582078|1791332582082|8|0|-1
LdbcShortQuery1PersonProfile|1791332582090|1791332582090|3|1|-1
LdbcShortQuery2PersonPosts|1791332582093|1791332582093|4|10|-1
LdbcShortQuery3PersonFriends|1791332582097|1791332582097|3|13|-1
LdbcQuery14|1791332581820|1791332582097|3|10|1347532735888
LdbcShortQuery1PersonProfile|1791332582100|1791332582106|3|1|-1
LdbcShortQuery2PersonPosts|1791332582109|1791332582110|4|10|-1
LdbcShortQuery3PersonFriends|1791332582114|1791332582114|3|9|-1
LdbcShortQuery4MessageContent|1791332582117|1791332582118|2|1|-1
LdbcShortQuery5MessageCreator|1791332582120|1791332582120|2|1|-1
LdbcShortQuery6MessageForum|1791332582122|1791332582122|2|1|-1
LdbcShortQuery7MessageReplies|1791332582124|1791332582124|3|0|-1
LdbcShortQuery1PersonProfile|1791332582127|1791332582129|2|1|-1
LdbcShortQuery2PersonPosts|1791332582131|1791332582131|3|10|-1
LdbcShortQuery3PersonFriends|1791332582134|1791332582134|7|230|-1
LdbcShortQuery4MessageContent|1791332582141|1791332582142|1|1|-1
LdbcShortQuery5MessageCreator|1791332582143|1791332582144|1|1|-1
LdbcShortQuery6MessageForum|1791332582145|1791332582146|1|1|-1
LdbcShortQuery7MessageReplies|1791332582147|1791332582156|3|0|-1
LdbcQuery13|1791332581820|1791332582158|2|1|1347532735888
LdbcShortQuery4MessageContent|1791332582160|1791332582161|2|1|-1
LdbcShortQuery5MessageCreator|1791332582163|1791332582172|3|1|-1
LdbcShortQuery6MessageForum|1791332582175|1791332582187|4|1|-1
LdbcShortQuery7MessageReplies|1791332582191|1791332582192|2|0|-1
LdbcShortQuery1PersonProfile|1791332582194|1791332582201|4|1|-1
LdbcShortQuery2PersonPosts|1791332582205|1791332582216|4|10|-1
LdbcShortQuery3PersonFriends|1791332582220|1791332582220|2|15|-1
LdbcQuery3|1791332581820|1791332582224|77|0|1347532735888
LdbcShortQuery1PersonProfile|1791332582301|1791332582301|2|1|-1
LdbcShortQuery2PersonPosts|1791332582303|1791332582303|2|3|-1
LdbcShortQuery3PersonFriends|1791332582305|1791332582306|3|71|-1
LdbcShortQuery4MessageContent|1791332582309|1791332582320|3|1|-1
LdbcShortQuery5MessageCreator|1791332582323|1791332582324|2|1|-1
LdbcShortQuery6MessageForum|1791332582326|1791332582326|1|1|-1
LdbcShortQuery7MessageReplies|1791332582327|1791332582328|1|0|-1
LdbcShortQuery1PersonProfile|1791332582329|1791332582337|2|1|-1
LdbcShortQuery2PersonPosts|1791332582339|1791332582340|3|10|-1
LdbcShortQuery3PersonFriends|1791332582343|1791332582353|7|23|-1
LdbcShortQuery4MessageContent|1791332582360|1791332582361|2|1|-1
LdbcShortQuery5MessageCreator|1791332582363|1791332582364|2|1|-1
LdbcShortQuery6MessageForum|1791332582366|1791332582366|3|1|-1
LdbcShortQuery7MessageReplies|1791332582369|1791332582381|3|4|-1
LdbcShortQuery1PersonProfile|1791332582384|1791332582384|2|1|-1
LdbcShortQuery2PersonPosts|1791332582386|1791332582386|3|10|-1
LdbcShortQuery3PersonFriends|1791332582389|1791332582396|3|1|-1
LdbcQuery6|1791332581820|1791332582396|60|10|1347532735888
LdbcShortQuery4MessageContent|1791332582456|1791332582460|2|1|-1
LdbcShortQuery5MessageCreator|1791332582462|1791332582462|3|1|-1
LdbcShortQuery6MessageForum|1791332582465|1791332582467|3|1|-1
LdbcShortQuery7MessageReplies|1791332582470|1791332582480|4|0|-1
LdbcShortQuery1PersonProfile|1791332582484|1791332582496|7|1|-1
LdbcShortQuery2PersonPosts|1791332582503|1791332582512|5|10|-1
LdbcShortQuery3PersonFriends|1791332582517|1791332582517|4|100|-1
LdbcQuery9|1791332581820|1791332582521|106|20|1347532735888
LdbcShortQuery1PersonProfile|1791332582627|1791332582628|1|1|-1
LdbcShortQuery2PersonPosts|1791332582629|1791332582630|5|10|-1
LdbcShortQuery3PersonFriends|1791332582635|1791332582635|5|149|-1
LdbcShortQuery4MessageContent|1791332582640|1791332582640|2|1|-1
LdbcShortQuery5MessageCreator|1791332582642|1791332582642|1|1|-1
LdbcShortQuery6MessageForum|1791332582643|1791332582644|1|1|-1
LdbcShortQuery7MessageReplies|1791332582645|1791332582647|1|0|-1
LdbcShortQuery1PersonProfile|1791332582648|1791332582648|1|1|-1
LdbcShortQuery2PersonPosts|1791332582649|1791332582649|1|10|-1
LdbcShortQuery3PersonFriends|1791332582650|1791332582662|6|256|-1
LdbcQuery1|1791332581820|1791332582667|4|5|1347532735888
LdbcShortQuery4MessageContent|1791332582671|1791332582676|3|1|-1
LdbcShortQuery5MessageCreator|1791332582679|1791332582679|3|1|-1
LdbcShortQuery6MessageForum|1791332582682|1791332582688|2|1|-1
LdbcShortQuery7MessageReplies|1791332582690|1791332582690|2|13|-1
LdbcShortQuery1PersonProfile|1791332582692|1791332582701|2|1|-1
LdbcShortQuery2PersonPosts|1791332582703|1791332582704|2|10|-1
LdbcShortQuery3PersonFriends|1791332582706|1791332582706|4|96|-1
LdbcShortQuery4MessageContent|1791332582710|1791332582710|1|1|-1
LdbcShortQuery5MessageCreator|1791332582711|1791332582716|1|1|-1
LdbcShortQuery6MessageForum|1791332582717|1791332582717|2|1|-1
LdbcShortQuery7MessageReplies|1791332582719|1791332582720|1|0|-1
LdbcQuery2|1791332581820|1791332582720|4|20|1347532735888
LdbcShortQuery1PersonProfile|1791332582724|1791332582726|0|1|-1
LdbcShortQuery2PersonPosts|1791332582726|1791332582726|1|10|-1
LdbcShortQuery3PersonFriends|1791332582727|1791332582728|1|16|-1
LdbcShortQuery4MessageContent|1791332582729|1791332582744|1|1|-1
LdbcShortQuery5MessageCreator|1791332582745|1791332582757|4|1|-1
LdbcShortQuery6MessageForum|1791332582761|1791332582761|2|1|-1
LdbcShortQuery7MessageReplies|1791332582763|1791332582763|2|1|-1
LdbcQuery4|1791332581820|1791332582767|3|0|1347532735888
LdbcShortQuery4MessageContent|1791332582770|1791332582772|4|1|-1
LdbcShortQuery5MessageCreator|1791332582776|1791332582776|2|1|-1
LdbcShortQuery6MessageForum|1791332582778|1791332582778|2|1|-1
LdbcShortQuery7MessageReplies|1791332582780|1791332582780|2|0|-1
LdbcShortQuery1PersonProfile|1791332582782|1791332582788|5|1|-1
LdbcShortQuery2PersonPosts|1791332582793|1791332582793|4|10|-1
LdbcShortQuery3PersonFriends|1791332582797|1791332582801|3|17|-1
LdbcShortQuery4MessageContent|1791332582804|1791332582805|4|1|-1
LdbcShortQuery5MessageCreator|1791332582809|1791332582809|3|1|-1
LdbcShortQuery6MessageForum|1791332582812|1791332582813|3|1|-1
LdbcShortQuery7MessageReplies|1791332582816|1791332582816|4|0|-1
LdbcQuery5|1791332581820|1791332582820|40|0|1347532735888
LdbcShortQuery1PersonProfile|1791332582860|1791332582860|2|1|-1
LdbcShortQuery2PersonPosts|1791332582862|1791332582862|4|10|-1
LdbcShortQuery3PersonFriends|1791332582866|1791332582867|2|3|-1
LdbcShortQuery4MessageContent|1791332582869|1791332582872|4|1|-1
LdbcShortQuery5MessageCreator|1791332582876|1791332582876|3|1|-1
LdbcShortQuery6MessageForum|1791332582879|1791332582880|3|1|-1
LdbcShortQuery7MessageReplies|1791332582883|1791332582884|3|4|-1
LdbcQuery8|1791332581820|1791332582886|3|20|1347532735888
LdbcShortQuery4MessageContent|1791332582889|1791332582891|1|1|-1
LdbcShortQuery5MessageCreator|1791332582892|1791332582892|1|1|-1
LdbcShortQuery6MessageForum|1791332582893|1791332582901|1|1|-1
LdbcShortQuery7MessageReplies|1791332582902|1791332582916|3|13|-1
LdbcShortQuery1PersonProfile|1791332582919|1791332582928|3|1|-1
LdbcShortQuery2PersonPosts|1791332582931|1791332582946|4|10|-1
LdbcShortQuery3PersonFriends|1791332582950|1791332582950|3|71|-1
LdbcQuery10|1791332581820|1791332582954|27|10|1347532735888
LdbcShortQuery1PersonProfile|1791332582981|1791332582990|6|1|-1
LdbcShortQuery2PersonPosts|1791332582996|1791332582996|6|10|-1
LdbcShortQuery3PersonFriends|1791332583002|1791332583002|3|1|-1
LdbcShortQuery4MessageContent|1791332583005|1791332583006|4|1|-1
LdbcShortQuery5MessageCreator|1791332583010|1791332583010|4|1|-1
LdbcShortQuery6MessageForum|1791332583014|1791332583016|2|1|-1
LdbcShortQuery7MessageReplies|1791332583018|1791332583019|2|4|-1
LdbcShortQuery1PersonProfile|1791332583021|1791332583021|2|1|-1
LdbcShortQuery2PersonPosts|1791332583023|1791332583024|2|10|-1
LdbcShortQuery3PersonFriends|1791332583026|1791332583026|2|61|-1
LdbcQuery8|1791332586681|1791332586683|10|20|1347532784495
LdbcShortQuery4MessageContent|1791332586693|1791332586695|2|1|-1
LdbcShortQuery5MessageCreator|1791332586697|1791332586698|2|1|-1
LdbcShortQuery6MessageForum|1791332586700|1791332586700|1|1|-1
LdbcShortQuery7MessageReplies|1791332586701|1791332586702|2|5|-1
LdbcShortQuery1PersonProfile|1791332586704|1791332586710|3|1|-1
LdbcShortQuery2PersonPosts|1791332586713|1791332586726|5|10|-1
LdbcShortQuery3PersonFriends|1791332586731|1791332586740|3|3|-1
LdbcQuery10|1791332586681|1791332586740|23|10|1347532784495
LdbcShortQuery1PersonProfile|1791332586763|1791332586766|2|1|-1
LdbcShortQuery2PersonPosts|1791332586768|1791332586768|3|10|-1
LdbcShortQuery3PersonFriends|1791332586771|1791332586778|3|17|-1
LdbcShortQuery4MessageContent|1791332586781|1791332586791|3|1|-1
LdbcShortQuery5MessageCreator|1791332586794|1791332586806|5|1|-1
LdbcShortQuery6MessageForum|1791332586811|1791332586811|3|1|-1
LdbcShortQuery7MessageReplies|1791332586814|1791332586814|3|3|-1
LdbcQuery6|1791332586681|1791332586818|77|10|1347532784495
LdbcShortQuery4MessageContent|1791332586895|1791332586904|3|1|-1
LdbcShortQuery5MessageCreator|1791332586907|1791332586908|3|1|-1
LdbcShortQuery6MessageForum|1791332586911|1791332586911|2|1|-1
LdbcShortQuery7MessageReplies|1791332586913|1791332586914|2|6|-1
LdbcShortQuery1PersonProfile|1791332586916|1791332586916|7|1|-1
LdbcShortQuery2PersonPosts|1791332586923|1791332586924|3|10|-1
LdbcShortQuery3PersonFriends|1791332586927|1791332586927|3|60|-1
LdbcQuery7|1791332586681|1791332586930|3|20|1347532784495
LdbcShortQuery1PersonProfile|1791332586933|1791332586934|1|1|-1
LdbcShortQuery2PersonPosts|1791332586935|1791332586935|1|10|-1
LdbcShortQuery3PersonFriends|1791332586936|1791332586936|1|13|-1
LdbcQuery11|1791332586681|1791332586937|2|0|1347532784495
LdbcShortQuery4MessageContent|1791332586939|1791332586939|1|1|-1
LdbcShortQuery5MessageCreator|1791332586940|1791332586948|2|1|-1
LdbcShortQuery6MessageForum|1791332586950|1791332586950|1|1|-1
LdbcShortQuery7MessageReplies|1791332586951|1791332586951|2|0|-1
LdbcShortQuery1PersonProfile|1791332586953|1791332586954|1|1|-1
LdbcShortQuery2PersonPosts|1791332586955|1791332586956|2|10|-1
LdbcShortQuery3PersonFriends|1791332586958|1791332586958|1|37|-1
LdbcQuery12|1791332586681|1791332586959|51|1|1347532784495
LdbcShortQuery1PersonProfile|1791332587010|1791332587011|1|1|-1
LdbcShortQuery2PersonPosts|1791332587012|1791332587018|1|10|-1
LdbcShortQuery3PersonFriends|1791332587019|1791332587033|2|16|-1
LdbcShortQuery4MessageContent|1791332587035|1791332587046|3|1|-1
LdbcShortQuery5MessageCreator|1791332587049|1791332587050|2|1|-1
LdbcShortQuery6MessageForum|1791332587052|1791332587058|4|1|-1
LdbcShortQuery7MessageReplies|1791332587062|1791332587062|4|0|-1
LdbcQuery3|1791332586681|1791332587067|51|0|1347532784495
LdbcShortQuery4MessageContent|1791332587118|1791332587118|2|1|-1
LdbcShortQuery5MessageCreator|1791332587120|1791332587120|5|1|-1
LdbcShortQuery6MessageForum|1791332587125|1791332587126|7|1|-1
LdbcShortQuery7MessageReplies|1791332587133|1791332587144|3|0|-1
LdbcShortQuery1PersonProfile|1791332587147|1791332587147|1|1|-1
LdbcShortQuery2PersonPosts|1791332587148|1791332587148|1|10|-1
LdbcShortQuery3PersonFriends|1791332587149|1791332587149|1|91|-1
LdbcQuery14|1791332586681|1791332587149|4|5|1347532784495
LdbcShortQuery1PersonProfile|1791332587153|1791332587156|2|1|-1
LdbcShortQuery2PersonPosts|1791332587158|1791332587158|1|10|-1
LdbcShortQuery3PersonFriends|1791332587159|1791332587172|2|15|-1
LdbcShortQuery4MessageContent|1791332587174|1791332587176|1|1|-1
LdbcShortQuery5MessageCreator|1791332587177|1791332587178|1|1|-1
LdbcShortQuery6MessageForum|1791332587179|1791332587186|2|1|-1
LdbcShortQuery7MessageReplies|1791332587188|1791332587188|2|0|-1
LdbcQuery13|1791332586681|1791332587191|2|1|1347532784495
LdbcShortQuery4MessageContent|1791332587193|1791332587198|3|1|-1
LdbcShortQuery5MessageCreator|1791332587201|1791332587201|2|1|-1
LdbcShortQuery6MessageForum|1791332587203|1791332587211|9|1|-1
LdbcShortQuery7MessageReplies|1791332587220|1791332587220|2|0|-1
LdbcShortQuery1PersonProfile|1791332587222|1791332587223|2|1|-1
LdbcShortQuery2PersonPosts|1791332587225|1791332587226|3|10|-1
LdbcShortQuery3PersonFriends|1791332587229|1791332587244|3|6|-1
LdbcShortQuery4MessageContent|1791332587247|1791332587248|3|1|-1
LdbcShortQuery5MessageCreator|1791332587251|1791332587260|6|1|-1
LdbcShortQuery6MessageForum|1791332587266|1791332587276|3|1|-1
LdbcShortQuery7MessageReplies|1791332587279|1791332587293|4|0|-1
LdbcShortQuery1PersonProfile|1791332587297|1791332587307|3|1|-1
LdbcShortQuery2PersonPosts|1791332587310|1791332587310|4|10|-1
LdbcShortQuery3PersonFriends|1791332587314|1791332587314|4|93|-1
LdbcQuery5|1791332586681|1791332587316|120|20|1347532784495
LdbcShortQuery1PersonProfile|1791332587436|1791332587440|3|1|-1
LdbcShortQuery2PersonPosts|1791332587443|1791332587444|3|7|-1
LdbcShortQuery3PersonFriends|1791332587447|1791332587453|4|4|-1
LdbcShortQuery4MessageContent|1791332587457|1791332587457|2|1|-1
LdbcShortQuery5MessageCreator|1791332587459|1791332587460|2|1|-1
LdbcShortQuery6MessageForum|1791332587462|1791332587462|3|1|-1
LdbcShortQuery7MessageReplies|1791332587465|1791332587466|5|3|-1
LdbcShortQuery1PersonProfile|1791332587471|1791332587483|4|1|-1
LdbcShortQuery2PersonPosts|1791332587487|1791332587488|4|10|-1
LdbcShortQuery3PersonFriends|1791332587492|1791332587498|5|49|-1
LdbcShortQuery4MessageContent|1791332587503|1791332587512|4|1|-1
LdbcShortQuery5MessageCreator|1791332587516|1791332587516|4|1|-1
LdbcShortQuery6MessageForum|1791332587520|1791332587521|2|1|-1
LdbcShortQuery7MessageReplies|1791332587523|1791332587524|3|0|-1
LdbcShortQuery1PersonProfile|1791332587527|1791332587528|3|1|-1
LdbcShortQuery2PersonPosts|1791332587531|1791332587531|4|10|-1
LdbcShortQuery3PersonFriends|1791332587535|1791332587535|3|34|-1
LdbcQuery2|1791332586681|1791332587538|8|20|1347532784495
LdbcShortQuery4MessageContent|1791332587546|1791332587547|2|1|-1
LdbcShortQuery5MessageCreator|1791332587549|1791332587549|1|1|-1
LdbcShortQuery6MessageForum|1791332587550|1791332587551|2|1|-1
LdbcShortQuery7MessageReplies|1791332587553|1791332587554|1|0|-1
LdbcShortQuery1PersonProfile|1791332587555|1791332587555|2|1|-1
LdbcShortQuery2PersonPosts|1791332587557|1791332587558|3|10|-1
LdbcShortQuery3PersonFriends|1791332587561|1791332587571|5|82|-1
LdbcShortQuery4MessageContent|1791332587576|1791332587578|3|1|-1
LdbcShortQuery5MessageCreator|1791332587581|1791332587586|3|1|-1
LdbcShortQuery6MessageForum|1791332587589|1791332587598|3|1|-1
LdbcShortQuery7MessageReplies|1791332587601|1791332587603|3|6|-1
LdbcQuery9|1791332586681|1791332587603|171|20|1347532784495
LdbcShortQuery1PersonProfile|1791332587774|1791332587777|3|1|-1
LdbcShortQuery2PersonPosts|1791332587780|1791332587782|4|10|-1
LdbcShortQuery3PersonFriends|1791332587786|1791332587786|4|51|-1
LdbcQuery1|1791332586681|1791332587790|6|1|1347532784495
LdbcShortQuery4MessageContent|1791332587796|1791332587796|4|1|-1
LdbcShortQuery5MessageCreator|1791332587800|1791332587811|4|1|-1
LdbcShortQuery6MessageForum|1791332587815|1791332587823|3|1|-1
LdbcShortQuery7MessageReplies|1791332587826|1791332587826|2|0|-1
LdbcQuery4|1791332586681|1791332587827|5|3|1347532784495
LdbcShortQuery1PersonProfile|1791332587832|1791332587833|1|1|-1
LdbcShortQuery2PersonPosts|1791332587834|1791332587836|2|10|-1
LdbcShortQuery3PersonFriends|1791332587838|1791332587838|2|24|-1
LdbcShortQuery4MessageContent|1791332587840|1791332587840|2|1|-1
LdbcShortQuery5MessageCreator|1791332587842|1791332587853|3|1|-1
LdbcShortQuery6MessageForum|1791332587856|1791332587856|2|1|-1
LdbcShortQuery7MessageReplies|1791332587858|1791332587858|3|0|-1
LdbcUpdate2AddPostLike|1791332590285|1791332590290|12|0|1347532820529
LdbcUpdate5AddForumMembership|1791332591506|1791332591510|12|0|1347532832748
LdbcQuery1|1791332591541|1791332591541|9|20|1347532833102
LdbcShortQuery4MessageContent|1791332591550|1791332591550|2|1|-1
LdbcShortQuery5MessageCreator|1791332591552|1791332591554|3|1|-1
LdbcShortQuery6MessageForum|1791332591557|1791332591568|3|1|-1
LdbcShortQuery7MessageReplies|1791332591571|1791332591584|2|0|-1
LdbcQuery4|1791332591541|1791332591586|3|1|1347532833102
LdbcShortQuery1PersonProfile|1791332591589|1791332591590|2|1|-1
LdbcShortQuery2PersonPosts|1791332591592|1791332591598|4|10|-1
LdbcShortQuery3PersonFriends|1791332591602|1791332591602|3|40|-1
LdbcQuery3|1791332591541|1791332591606|118|0|1347532833102
LdbcShortQuery4MessageContent|1791332591724|1791332591724|1|1|-1
LdbcShortQuery5MessageCreator|1791332591725|1791332591726|1|1|-1
LdbcShortQuery6MessageForum|1791332591727|1791332591727|0|1|-1
LdbcShortQuery7MessageReplies|1791332591727|1791332591727|1|1|-1
LdbcQuery6|1791332591541|1791332591729|45|1|1347532833102
LdbcShortQuery1PersonProfile|1791332591774|1791332591776|3|1|-1
LdbcShortQuery2PersonPosts|1791332591779|1791332591779|4|10|-1
LdbcShortQuery3PersonFriends|1791332591783|1791332591783|3|30|-1
LdbcQuery8|1791332591541|1791332591786|7|20|1347532833102
LdbcShortQuery4MessageContent|1791332591793|1791332591794|1|1|-1
LdbcShortQuery5MessageCreator|1791332591795|1791332591796|1|1|-1
LdbcShortQuery6MessageForum|1791332591797|1791332591802|4|1|-1
LdbcShortQuery7MessageReplies|1791332591806|1791332591806|3|0|-1
LdbcShortQuery1PersonProfile|1791332591809|1791332591810|3|1|-1
LdbcShortQuery2PersonPosts|1791332591813|1791332591813|6|10|-1
LdbcShortQuery3PersonFriends|1791332591819|1791332591832|5|3|-1
LdbcShortQuery4MessageContent|1791332591837|1791332591847|4|1|-1
LdbcShortQuery5MessageCreator|1791332591851|1791332591852|2|1|-1
LdbcShortQuery6MessageForum|1791332591854|1791332591854|2|1|-1
LdbcShortQuery7MessageReplies|1791332591856|1791332591856|2|5|-1
LdbcShortQuery1PersonProfile|1791332591858|1791332591862|3|1|-1
LdbcShortQuery2PersonPosts|1791332591865|1791332591866|3|10|-1
LdbcShortQuery3PersonFriends|1791332591869|1791332591878|4|62|-1
LdbcQuery10|1791332591541|1791332591882|48|10|1347532833102
LdbcShortQuery1PersonProfile|1791332591930|1791332591930|2|1|-1
LdbcShortQuery2PersonPosts|1791332591932|1791332591932|3|10|-1
LdbcShortQuery3PersonFriends|1791332591935|1791332591936|2|15|-1
LdbcShortQuery4MessageContent|1791332591938|1791332591939|1|1|-1
LdbcShortQuery5MessageCreator|1791332591940|1791332591951|6|1|-1
LdbcShortQuery6MessageForum|1791332591957|1791332591964|3|1|-1
LdbcShortQuery7MessageReplies|1791332591967|1791332591968|3|0|-1
LdbcQuery12|1791332591541|1791332591971|85|2|1347532833102
LdbcShortQuery4MessageContent|1791332592056|1791332592056|2|1|-1
LdbcShortQuery5MessageCreator|1791332592058|1791332592059|2|1|-1
LdbcShortQuery6MessageForum|1791332592061|1791332592061|2|1|-1
LdbcShortQuery7MessageReplies|1791332592063|1791332592064|2|0|-1
LdbcShortQuery1PersonProfile|1791332592066|1791332592066|2|1|-1
LdbcShortQuery2PersonPosts|1791332592068|1791332592068|3|10|-1
LdbcShortQuery3PersonFriends|1791332592071|1791332592071|3|38|-1
LdbcShortQuery4MessageContent|1791332592074|1791332592075|2|1|-1
LdbcShortQuery5MessageCreator|1791332592077|1791332592083|3|1|-1
LdbcShortQuery6MessageForum|1791332592086|1791332592086|3|1|-1
LdbcShortQuery7MessageReplies|1791332592089|1791332592090|2|0|-1
LdbcQuery7|1791332591541|1791332592091|6|20|1347532833102
LdbcShortQuery1PersonProfile|1791332592097|1791332592099|2|1|-1
LdbcShortQuery2PersonPosts|1791332592101|1791332592111|3|10|-1
LdbcShortQuery3PersonFriends|1791332592114|1791332592124|3|107|-1
LdbcQuery11|1791332591541|1791332592126|3|1|1347532833102
LdbcShortQuery4MessageContent|1791332592129|1791332592130|2|1|-1
LdbcShortQuery5MessageCreator|1791332592132|1791332592134|2|1|-1
LdbcShortQuery6MessageForum|1791332592136|1791332592136|2|1|-1
LdbcShortQuery7MessageReplies|1791332592138|1791332592139|3|4|-1
LdbcShortQuery1PersonProfile|1791332592142|1791332592153|3|1|-1
LdbcShortQuery2PersonPosts|1791332592156|1791332592157|2|10|-1
LdbcShortQuery3PersonFriends|1791332592159|1791332592160|3|42|-1
LdbcShortQuery4MessageContent|1791332592163|1791332592163|2|1|-1
LdbcShortQuery5MessageCreator|1791332592165|1791332592165|2|1|-1
LdbcShortQuery6MessageForum|1791332592167|1791332592168|2|1|-1
LdbcShortQuery7MessageReplies|1791332592170|1791332592170|2|0|-1
LdbcQuery9|1791332591541|1791332592173|94|20|1347532833102
LdbcShortQuery1PersonProfile|1791332592267|1791332592267|1|1|-1
LdbcShortQuery2PersonPosts|1791332592268|1791332592268|1|10|-1
LdbcShortQuery3PersonFriends|1791332592269|1791332592269|1|44|-1
LdbcShortQuery4MessageContent|1791332592270|1791332592271|1|1|-1
LdbcShortQuery5MessageCreator|1791332592272|1791332592272|1|1|-1
LdbcShortQuery6MessageForum|1791332592273|1791332592273|0|1|-1
LdbcShortQuery7MessageReplies|1791332592273|1791332592274|1|4|-1
LdbcShortQuery1PersonProfile|1791332592275|1791332592276|2|1|-1
LdbcShortQuery2PersonPosts|1791332592278|1791332592278|2|5|-1
LdbcShortQuery3PersonFriends|1791332592280|1791332592280|2|38|-1
LdbcQuery5|1791332591541|1791332592283|24|20|1347532833102
LdbcShortQuery4MessageContent|1791332592307|1791332592307|1|1|-1
LdbcShortQuery5MessageCreator|1791332592308|1791332592309|2|1|-1
LdbcShortQuery6MessageForum|1791332592311|1791332592323|4|1|-1
LdbcShortQuery7MessageReplies|1791332592327|1791332592339|4|6|-1
LdbcShortQuery1PersonProfile|1791332592343|1791332592343|3|1|-1
LdbcShortQuery2PersonPosts|1791332592346|1791332592346|3|10|-1
LdbcShortQuery3PersonFriends|1791332592349|1791332592352|5|7|-1
LdbcShortQuery4MessageContent|1791332592357|1791332592358|4|1|-1
LdbcShortQuery5MessageCreator|1791332592362|1791332592368|3|1|-1
LdbcShortQuery6MessageForum|1791332592371|1791332592371|3|1|-1
LdbcShortQuery7MessageReplies|1791332592374|1791332592375|3|8|-1
LdbcShortQuery1PersonProfile|1791332592378|1791332592384|3|1|-1
LdbcShortQuery2PersonPosts|1791332592387|1791332592387|3|10|-1
LdbcShortQuery3PersonFriends|1791332592390|1791332592391|2|21|-1
LdbcQuery14|1791332591541|1791332592391|3|8|1347532833102
LdbcShortQuery1PersonProfile|1791332592394|1791332592396|3|1|-1
LdbcShortQuery2PersonPosts|1791332592399|1791332592399|4|10|-1
LdbcShortQuery3PersonFriends|1791332592403|1791332592404|3|32|-1
LdbcShortQuery4MessageContent|1791332592407|1791332592410|2|1|-1
LdbcShortQuery5MessageCreator|1791332592412|1791332592423|2|1|-1
LdbcShortQuery6MessageForum|1791332592425|1791332592437|3|1|-1
LdbcShortQuery7MessageReplies|1791332592440|1791332592441|2|0|-1
LdbcShortQuery1PersonProfile|1791332592443|1791332592443|2|1|-1
LdbcShortQuery2PersonPosts|1791332592445|1791332592445|3|10|-1
LdbcShortQuery3PersonFriends|1791332592448|1791332592449|2|46|-1
LdbcQuery13|1791332591541|1791332592451|2|1|1347532833102
LdbcShortQuery4MessageContent|1791332592453|1791332592468|5|1|-1
LdbcShortQuery5MessageCreator|1791332592473|1791332592473|2|1|-1
LdbcShortQuery6MessageForum|1791332592475|1791332592475|2|1|-1
LdbcShortQuery7MessageReplies|1791332592477|1791332592478|2|5|-1
LdbcShortQuery1PersonProfile|1791332592480|1791332592481|2|1|-1
LdbcShortQuery2PersonPosts|1791332592483|1791332592483|3|10|-1
LdbcShortQuery3PersonFriends|1791332592486|1791332592486|3|7|-1
LdbcQuery2|1791332591541|1791332592489|9|20|1347532833102
LdbcShortQuery1PersonProfile|1791332592498|1791332592499|7|1|-1
LdbcShortQuery2PersonPosts|1791332592506|1791332592507|3|10|-1
LdbcShortQuery3PersonFriends|1791332592510|1791332592510|3|28|-1
LdbcShortQuery4MessageContent|1791332592513|1791332592526|1|1|-1
LdbcShortQuery5MessageCreator|1791332592527|1791332592542|2|1|-1
LdbcShortQuery6MessageForum|1791332592544|1791332592557|5|1|-1
LdbcShortQuery7MessageReplies|1791332592562|1791332592572|2|0|-1
LdbcQuery13|1791332596402|1791332596416|4|1|1347532881709
LdbcShortQuery4MessageContent|1791332596420|1791332596431|4|1|-1
LdbcShortQuery5MessageCreator|1791332596435|1791332596436|4|1|-1
LdbcShortQuery6MessageForum|1791332596440|1791332596441|2|1|-1
LdbcShortQuery7MessageReplies|1791332596443|1791332596448|3|2|-1
LdbcShortQuery1PersonProfile|1791332596451|1791332596452|2|1|-1
LdbcShortQuery2PersonPosts|1791332596454|1791332596463|3|10|-1
LdbcShortQuery3PersonFriends|1791332596466|1791332596466|2|21|-1
LdbcQuery2|1791332596402|1791332596469|6|20|1347532881709
LdbcShortQuery1PersonProfile|1791332596475|1791332596476|2|1|-1
LdbcShortQuery2PersonPosts|1791332596478|1791332596478|4|10|-1
LdbcShortQuery3PersonFriends|1791332596482|1791332596482|3|23|-1
LdbcShortQuery4MessageContent|1791332596485|1791332596486|2|1|-1
LdbcShortQuery5MessageCreator|1791332596488|1791332596488|2|1|-1
LdbcShortQuery6MessageForum|1791332596490|1791332596490|2|1|-1
LdbcShortQuery7MessageReplies|1791332596492|1791332596492|3|5|-1
LdbcShortQuery1PersonProfile|1791332596495|1791332596496|2|1|-1
LdbcShortQuery2PersonPosts|1791332596498|1791332596498|3|10|-1
LdbcShortQuery3PersonFriends|1791332596501|1791332596504|4|18|-1
LdbcShortQuery4MessageContent|1791332596508|1791332596508|2|1|-1
LdbcShortQuery5MessageCreator|1791332596510|1791332596510|2|1|-1
LdbcShortQuery6MessageForum|1791332596512|1791332596512|2|1|-1
LdbcShortQuery7MessageReplies|1791332596514|1791332596517|3|4|-1
LdbcQuery12|1791332596402|1791332596521|102|1|1347532881709
LdbcShortQuery4MessageContent|1791332596623|1791332596634|4|1|-1
LdbcShortQuery5MessageCreator|1791332596638|1791332596639|3|1|-1
LdbcShortQuery6MessageForum|1791332596642|1791332596647|4|1|-1
LdbcShortQuery7MessageReplies|1791332596651|1791332596651|2|0|-1
LdbcShortQuery1PersonProfile|1791332596653|1791332596654|2|1|-1
LdbcShortQuery2PersonPosts|1791332596656|1791332596657|2|10|-1
LdbcShortQuery3PersonFriends|1791332596659|1791332596659|2|9|-1
LdbcShortQuery4MessageContent|1791332596661|1791332596662|2|1|-1
LdbcShortQuery5MessageCreator|1791332596664|1791332596664|2|1|-1
LdbcShortQuery6MessageForum|1791332596666|1791332596667|2|1|-1
LdbcShortQuery7MessageReplies|1791332596669|1791332596669|2|0|-1
LdbcQuery3|1791332596402|1791332596671|81|0|1347532881709
LdbcShortQuery1PersonProfile|1791332596752|1791332596753|2|1|-1
LdbcShortQuery2PersonPosts|1791332596755|1791332596756|3|10|-1
LdbcShortQuery3PersonFriends|1791332596759|1791332596760|4|44|-1
LdbcShortQuery4MessageContent|1791332596764|1791332596764|2|1|-1
LdbcShortQuery5MessageCreator|1791332596766|1791332596766|3|1|-1
LdbcShortQuery6MessageForum|1791332596769|1791332596770|3|1|-1
LdbcShortQuery7MessageReplies|1791332596773|1791332596774|2|0|-1
LdbcShortQuery1PersonProfile|1791332596776|1791332596776|1|1|-1
LdbcShortQuery2PersonPosts|1791332596777|1791332596778|2|10|-1
LdbcShortQuery3PersonFriends|1791332596780|1791332596780|3|88|-1
LdbcShortQuery4MessageContent|1791332596783|1791332596784|2|1|-1
LdbcShortQuery5MessageCreator|1791332596786|1791332596787|2|1|-1
LdbcShortQuery6MessageForum|1791332596789|1791332596789|1|1|-1
LdbcShortQuery7MessageReplies|1791332596790|1791332596796|3|0|-1
LdbcQuery1|1791332596402|1791332596796|6|19|1347532881709
LdbcShortQuery4MessageContent|1791332596802|1791332596806|2|1|-1
LdbcShortQuery5MessageCreator|1791332596808|1791332596808|2|1|-1
LdbcShortQuery6MessageForum|1791332596810|1791332596810|2|1|-1
LdbcShortQuery7MessageReplies|1791332596812|1791332596814|2|0|-1
LdbcShortQuery1PersonProfile|1791332596816|1791332596816|2|1|-1
LdbcShortQuery2PersonPosts|1791332596818|1791332596820|2|10|-1
LdbcShortQuery3PersonFriends|1791332596822|1791332596823|2|17|-1
LdbcShortQuery4MessageContent|1791332596825|1791332596827|3|1|-1
LdbcShortQuery5MessageCreator|1791332596830|1791332596840|5|1|-1
LdbcShortQuery6MessageForum|1791332596845|1791332596856|3|1|-1
LdbcShortQuery7MessageReplies|1791332596859|1791332596859|2|0|-1
LdbcShortQuery1PersonProfile|1791332596861|1791332596863|3|1|-1
LdbcShortQuery2PersonPosts|1791332596866|1791332596871|7|10|-1
LdbcShortQuery3PersonFriends|1791332596878|1791332596886|3|5|-1
LdbcQuery4|1791332596402|1791332596890|4|0|1347532881709
LdbcShortQuery1PersonProfile|1791332596894|1791332596894|2|1|-1
LdbcShortQuery2PersonPosts|1791332596896|1791332596896|3|10|-1
LdbcShortQuery3PersonFriends|1791332596899|1791332596899|5|211|-1
LdbcShortQuery4MessageContent|1791332596904|1791332596906|3|1|-1
LdbcShortQuery5MessageCreator|1791332596909|1791332596909|2|1|-1
LdbcShortQuery6MessageForum|1791332596911|1791332596913|3|1|-1
LdbcShortQuery7MessageReplies|1791332596916|1791332596916|6|5|-1
LdbcShortQuery1PersonProfile|1791332596922|1791332596923|3|1|-1
LdbcShortQuery2PersonPosts|1791332596926|1791332596926|4|10|-1
LdbcShortQuery3PersonFriends|1791332596930|1791332596931|3|40|-1
LdbcQuery10|1791332596402|1791332596934|26|10|1347532881709
LdbcShortQuery4MessageContent|1791332596960|1791332596960|1|1|-1
LdbcShortQuery5MessageCreator|1791332596961|1791332596962|1|1|-1
LdbcShortQuery6MessageForum|1791332596963|1791332596964|2|1|-1
LdbcShortQuery7MessageReplies|1791332596966|1791332596967|1|0|-1
LdbcShortQuery1PersonProfile|1791332596968|1791332596968|1|1|-1
LdbcShortQuery2PersonPosts|1791332596969|1791332596969|3|10|-1
LdbcShortQuery3PersonFriends|1791332596972|1791332596972|2|9|-1
LdbcQuery6|1791332596402|1791332596975|54|10|1347532881709
LdbcShortQuery1PersonProfile|1791332597029|1791332597032|3|1|-1
LdbcShortQuery2PersonPosts|1791332597035|1791332597046|5|10|-1
LdbcShortQuery3PersonFriends|1791332597051|1791332597051|3|15|-1
LdbcShortQuery4MessageContent|1791332597054|1791332597054|3|1|-1
LdbcShortQuery5MessageCreator|1791332597057|1791332597058|2|1|-1
LdbcShortQuery6MessageForum|1791332597060|1791332597060|2|1|-1
LdbcShortQuery7MessageReplies|1791332597062|1791332597062|2|2|-1
LdbcShortQuery1PersonProfile|1791332597064|1791332597066|3|1|-1
LdbcShortQuery2PersonPosts|1791332597069|1791332597070|4|10|-1
LdbcShortQuery3PersonFriends|1791332597074|1791332597074|3|15|-1
LdbcShortQuery4MessageContent|1791332597077|1791332597078|2|1|-1
LdbcShortQuery5MessageCreator|1791332597080|1791332597081|3|1|-1
LdbcShortQuery6MessageForum|1791332597084|1791332597092|6|1|-1
LdbcShortQuery7MessageReplies|1791332597098|1791332597105|3|6|-1
LdbcQuery8|1791332596402|1791332597107|4|20|1347532881709
LdbcShortQuery4MessageContent|1791332597111|1791332597113|2|1|-1
LdbcShortQuery5MessageCreator|1791332597115|1791332597116|2|1|-1
LdbcShortQuery6MessageForum|1791332597118|1791332597132|2|1|-1
LdbcShortQuery7MessageReplies|1791332597134|1791332597146|1|0|-1
LdbcShortQuery1PersonProfile|1791332597147|1791332597159|1|1|-1
LdbcShortQuery2PersonPosts|1791332597160|1791332597174|1|10|-1
LdbcShortQuery3PersonFriends|1791332597175|1791332597176|1|31|-1
LdbcShortQuery4MessageContent|1791332597177|1791332597178|0|1|-1
LdbcShortQuery5MessageCreator|1791332597178|1791332597178|0|1|-1
LdbcShortQuery6MessageForum|1791332597178|1791332597179|0|1|-1
LdbcShortQuery7MessageReplies|1791332597179|1791332597179|0|5|-1
LdbcQuery14|1791332596402|1791332597179|0|10|1347532881709
LdbcShortQuery1PersonProfile|1791332597179|1791332597179|0|1|-1
LdbcShortQuery2PersonPosts|1791332597179|1791332597179|0|10|-1
LdbcShortQuery3PersonFriends|1791332597179|1791332597179|0|81|-1
LdbcShortQuery4MessageContent|1791332597179|1791332597179|0|1|-1
LdbcShortQuery5MessageCreator|1791332597179|1791332597183|0|1|-1
LdbcShortQuery6MessageForum|1791332597183|1791332597183|0|1|-1
LdbcShortQuery7MessageReplies|1791332597183|1791332597183|0|0|-1
LdbcQuery9|1791332596402|1791332597183|72|20|1347532881709
LdbcShortQuery4MessageContent|1791332597255|1791332597257|2|1|-1
LdbcShortQuery5MessageCreator|1791332597259|1791332597260|1|1|-1
LdbcShortQuery6MessageForum|1791332597261|1791332597261|1|1|-1
LdbcShortQuery7MessageReplies|1791332597262|1791332597263|1|0|-1
LdbcShortQuery1PersonProfile|1791332597264|1791332597264|1|1|-1
LdbcShortQuery2PersonPosts|1791332597265|1791332597265|1|10|-1
LdbcShortQuery3PersonFriends|1791332597266|1791332597267|1|63|-1
LdbcShortQuery4MessageContent|1791332597268|1791332597268|1|1|-1
LdbcShortQuery5MessageCreator|1791332597269|1791332597270|29|1|-1
LdbcShortQuery6MessageForum|1791332597299|1791332597302|2|1|-1
LdbcShortQuery7MessageReplies|1791332597304|1791332597304|1|0|-1
LdbcShortQuery1PersonProfile|1791332597305|1791332597306|1|1|-1
LdbcShortQuery2PersonPosts|1791332597307|1791332597317|2|10|-1
LdbcShortQuery3PersonFriends|1791332597319|1791332597332|4|72|-1
LdbcQuery7|1791332596402|1791332597332|10|20|1347532881709
LdbcShortQuery1PersonProfile|1791332597342|1791332597346|2|1|-1
LdbcShortQuery2PersonPosts|1791332597348|1791332597349|3|10|-1
LdbcShortQuery3PersonFriends|1791332597352|1791332597353|2|17|-1
LdbcQuery11|1791332596402|1791332597356|5|0|1347532881709
LdbcShortQuery4MessageContent|1791332597361|1791332597376|3|1|-1
LdbcShortQuery5MessageCreator|1791332597379|1791332597379|1|1|-1
LdbcShortQuery6MessageForum|1791332597380|1791332597380|2|1|-1
LdbcShortQuery7MessageReplies|1791332597382|1791332597391|2|0|-1
LdbcShortQuery1PersonProfile|1791332597393|1791332597394|2|1|-1
LdbcShortQuery2PersonPosts|1791332597396|1791332597396|2|10|-1
LdbcShortQuery3PersonFriends|1791332597398|1791332597398|2|19|-1
LdbcShortQuery4MessageContent|1791332597400|1791332597400|1|1|-1
LdbcShortQuery5MessageCreator|1791332597401|1791332597402|2|1|-1
LdbcShortQuery6MessageForum|1791332597404|1791332597404|2|1|-1
LdbcShortQuery7MessageReplies|1791332597406|1791332597408|2|0|-1
LdbcShortQuery1PersonProfile|1791332597410|1791332597410|1|1|-1
LdbcShortQuery2PersonPosts|1791332597411|1791332597411|2|10|-1
LdbcShortQuery3PersonFriends|1791332597413|1791332597414|2|71|-1
LdbcQuery5|1791332596402|1791332597416|66|20|1347532881709
LdbcShortQuery1PersonProfile|1791332597482|1791332597483|2|1|-1
LdbcShortQuery2PersonPosts|1791332597485|1791332597496|4|10|-1
LdbcShortQuery3PersonFriends|1791332597500|1791332597512|3|4|-1
LdbcShortQuery4MessageContent|1791332597515|1791332597515|2|1|-1
LdbcShortQuery5MessageCreator|1791332597517|1791332597517|1|1|-1
LdbcShortQuery6MessageForum|1791332597518|1791332597518|1|1|-1
LdbcShortQuery7MessageReplies|1791332597519|1791332597520|2|7|-1
LdbcShortQuery1PersonProfile|1791332597522|1791332597522|1|1|-1
LdbcShortQuery2PersonPosts|1791332597523|1791332597541|3|10|-1
LdbcShortQuery3PersonFriends|1791332597544|1791332597556|4|21|-1
LdbcQuery11|1791332601263|1791332601277|5|0|1347532930316
LdbcShortQuery4MessageContent|1791332601282|1791332601292|3|1|-1
LdbcShortQuery5MessageCreator|1791332601295|1791332601304|3|1|-1
LdbcShortQuery6MessageForum|1791332601307|1791332601317|1|1|-1
LdbcShortQuery7MessageReplies|1791332601318|1791332601330|0|0|-1
LdbcShortQuery1PersonProfile|1791332601330|1791332601330|0|1|-1
LdbcShortQuery2PersonPosts|1791332601330|1791332601330|0|10|-1
LdbcShortQuery3PersonFriends|1791332601330|1791332601332|0|40|-1
LdbcShortQuery4MessageContent|1791332601332|1791332601332|0|1|-1
LdbcShortQuery5MessageCreator|1791332601332|1791332601332|0|1|-1
LdbcShortQuery6MessageForum|1791332601332|1791332601334|0|1|-1
LdbcShortQuery7MessageReplies|1791332601334|1791332601334|0|0|-1
LdbcQuery5|1791332601263|1791332601334|28|20|1347532930316
LdbcShortQuery1PersonProfile|1791332601362|1791332601378|3|1|-1
LdbcShortQuery2PersonPosts|1791332601381|1791332601390|3|10|-1
LdbcShortQuery3PersonFriends|1791332601393|1791332601404|9|30|-1
LdbcShortQuery4MessageContent|1791332601413|1791332601420|2|1|-1
LdbcShortQuery5MessageCreator|1791332601422|1791332601437|4|1|-1
LdbcShortQuery6MessageForum|1791332601441|1791332601442|3|1|-1
LdbcShortQuery7MessageReplies|1791332601445|1791332601452|3|0|-1
LdbcShortQuery1PersonProfile|1791332601455|1791332601455|2|1|-1
LdbcShortQuery2PersonPosts|1791332601457|1791332601458|2|10|-1
LdbcShortQuery3PersonFriends|1791332601460|1791332601460|2|22|-1
LdbcQuery10|1791332601263|1791332601462|29|10|1347532930316
LdbcShortQuery4MessageContent|1791332601491|1791332601491|4|1|-1
LdbcShortQuery5MessageCreator|1791332601495|1791332601498|2|1|-1
LdbcShortQuery6MessageForum|1791332601500|1791332601500|2|1|-1
LdbcShortQuery7MessageReplies|1791332601502|1791332601502|2|0|-1
LdbcShortQuery1PersonProfile|1791332601504|1791332601504|1|1|-1
LdbcShortQuery2PersonPosts|1791332601505|1791332601506|2|10|-1
LdbcShortQuery3PersonFriends|1791332601508|1791332601508|2|84|-1
LdbcQuery12|1791332601263|1791332601508|57|1|1347532930316
LdbcShortQuery1PersonProfile|1791332601565|1791332601568|1|1|-1
LdbcShortQuery2PersonPosts|1791332601569|1791332601570|2|10|-1
LdbcShortQuery3PersonFriends|1791332601572|1791332601572|1|86|-1
LdbcQuery13|1791332601263|1791332601575|1|1|1347532930316
LdbcShortQuery4MessageContent|1791332601576|1791332601576|1|1|-1
LdbcShortQuery5MessageCreator|1791332601577|1791332601579|1|1|-1
LdbcShortQuery6MessageForum|1791332601580|1791332601580|1|1|-1
LdbcShortQuery7MessageReplies|1791332601581|1791332601581|0|0|-1
LdbcShortQuery1PersonProfile|1791332601581|1791332601582|1|1|-1
LdbcShortQuery2PersonPosts|1791332601583|1791332601583|1|10|-1
LdbcShortQuery3PersonFriends|1791332601584|1791332601584|1|14|-1
LdbcQuery2|1791332601263|1791332601586|4|20|1347532930316
LdbcShortQuery1PersonProfile|1791332601590|1791332601592|1|1|-1
LdbcShortQuery2PersonPosts|1791332601593|1791332601608|2|10|-1
LdbcShortQuery3PersonFriends|1791332601610|1791332601610|1|64|-1
LdbcShortQuery4MessageContent|1791332601611|1791332601612|1|1|-1
LdbcShortQuery5MessageCreator|1791332601613|1791332601613|1|1|-1
LdbcShortQuery6MessageForum|1791332601614|1791332601614|0|1|-1
LdbcShortQuery7MessageReplies|1791332601614|1791332601614|1|1|-1
LdbcShortQuery1PersonProfile|1791332601615|1791332601616|1|1|-1
LdbcShortQuery2PersonPosts|1791332601617|1791332601618|2|10|-1
LdbcShortQuery3PersonFriends|1791332601620|1791332601620|1|8|-1
LdbcQuery4|1791332601263|1791332601621|3|3|1347532930316
LdbcShortQuery4MessageContent|1791332601624|1791332601626|1|1|-1
LdbcShortQuery5MessageCreator|1791332601627|1791332601641|2|1|-1
LdbcShortQuery6MessageForum|1791332601643|1791332601643|1|1|-1
LdbcShortQuery7MessageReplies|1791332601644|1791332601646|2|7|-1
LdbcShortQuery1PersonProfile|1791332601648|1791332601658|3|1|-1
LdbcShortQuery2PersonPosts|1791332601661|1791332601678|2|10|-1
LdbcShortQuery3PersonFriends|1791332601680|1791332601694|2|0|-1
LdbcQuery3|1791332601263|1791332601696|57|0|1347532930316
LdbcShortQuery1PersonProfile|1791332601753|1791332601754|2|1|-1
LdbcShortQuery2PersonPosts|1791332601756|1791332601756|2|10|-1
LdbcShortQuery3PersonFriends|1791332601758|1791332601766|2|14|-1
LdbcShortQuery4MessageContent|1791332601768|1791332601778|2|1|-1
LdbcShortQuery5MessageCreator|1791332601780|1791332601791|2|1|-1
LdbcShortQuery6MessageForum|1791332601793|1791332601807|3|1|-1
LdbcShortQuery7MessageReplies|1791332601810|1791332601821|2|0|-1
LdbcQuery1|1791332601263|1791332601821|4|20|1347532930316
LdbcShortQuery4MessageContent|1791332601825|1791332601828|1|1|-1
LdbcShortQuery5MessageCreator|1791332601829|1791332601830|1|1|-1
LdbcShortQuery6MessageForum|1791332601831|1791332601837|2|1|-1
LdbcShortQuery7MessageReplies|1791332601839|1791332601852|2|0|-1
LdbcShortQuery1PersonProfile|1791332601854|1791332601856|2|1|-1
LdbcShortQuery2PersonPosts|1791332601858|1791332601868|5|10|-1
LdbcShortQuery3PersonFriends|1791332601873|1791332601884|3|6|-1
LdbcShortQuery4MessageContent|1791332601887|1791332601887|2|1|-1
LdbcShortQuery5MessageCreator|1791332601889|1791332601890|2|1|-1
LdbcShortQuery6MessageForum|1791332601892|1791332601892|2|1|-1
LdbcShortQuery7MessageReplies|1791332601894|1791332601894|1|0|-1
LdbcShortQuery1PersonProfile|1791332601895|1791332601897|1|1|-1
LdbcShortQuery2PersonPosts|1791332601898|1791332601899|3|10|-1
LdbcShortQuery3PersonFriends|1791332601902|1791332601902|3|49|-1
LdbcShortQuery4MessageContent|1791332601905|1791332601906|2|1|-1
LdbcShortQuery5MessageCreator|1791332601908|1791332601908|2|1|-1
LdbcShortQuery6MessageForum|1791332601910|1791332601910|3|1|-1
LdbcShortQuery7MessageReplies|1791332601913|1791332601914|3|5|-1
LdbcQuery7|1791332601263|1791332601917|12|20|1347532930316
LdbcShortQuery1PersonProfile|1791332601929|1791332601929|3|1|-1
LdbcShortQuery2PersonPosts|1791332601932|1791332601947|4|10|-1
LdbcShortQuery3PersonFriends|1791332601951|1791332601952|4|21|-1
LdbcQuery14|1791332601263|1791332601956|3|1|1347532930316
LdbcShortQuery4MessageContent|1791332601959|1791332601959|1|1|-1
LdbcShortQuery5MessageCreator|1791332601960|1791332601961|3|1|-1
LdbcShortQuery6MessageForum|1791332601964|1791332601964|2|1|-1
LdbcShortQuery7MessageReplies|1791332601966|1791332601968|3|6|-1
LdbcQuery6|1791332601263|1791332601972|62|10|1347532930316
LdbcShortQuery1PersonProfile|1791332602034|1791332602037|3|1|-1
LdbcShortQuery2PersonPosts|1791332602040|1791332602041|2|10|-1
LdbcShortQuery3PersonFriends|1791332602043|1791332602043|1|45|-1
LdbcQuery8|1791332601263|1791332602044|3|20|1347532930316
LdbcShortQuery4MessageContent|1791332602047|1791332602048|0|1|-1
LdbcShortQuery5MessageCreator|1791332602048|1791332602049|1|1|-1
LdbcShortQuery6MessageForum|1791332602050|1791332602050|0|1|-1
LdbcShortQuery7MessageReplies|1791332602050|1791332602051|2|5|-1
LdbcShortQuery1PersonProfile|1791332602053|1791332602053|2|1|-1
LdbcShortQuery2PersonPosts|1791332602055|1791332602064|1|10|-1
LdbcShortQuery3PersonFriends|1791332602065|1791332602066|1|13|-1
LdbcShortQuery4MessageContent|1791332602067|1791332602077|1|1|-1
LdbcShortQuery5MessageCreator|1791332602078|1791332602091|3|1|-1
LdbcShortQuery6MessageForum|1791332602094|1791332602094|2|1|-1
LdbcShortQuery7MessageReplies|1791332602096|1791332602096|1|0|-1
LdbcQuery9|1791332601263|1791332602096|112|20|1347532930316
LdbcShortQuery1PersonProfile|1791332602208|1791332602212|1|1|-1
LdbcShortQuery2PersonPosts|1791332602213|1791332602221|2|10|-1
LdbcShortQuery3PersonFriends|1791332602223|1791332602235|2|7|-1
LdbcShortQuery4MessageContent|1791332602237|1791332602238|1|1|-1
LdbcShortQuery5MessageCreator|1791332602239|1791332602240|2|1|-1
LdbcShortQuery6MessageForum|1791332602242|1791332602242|1|1|-1
LdbcShortQuery7MessageReplies|1791332602243|1791332602244|2|6|-1
LdbcShortQuery1PersonProfile|1791332602246|1791332602246|1|1|-1
LdbcShortQuery2PersonPosts|1791332602247|1791332602248|2|10|-1
LdbcShortQuery3PersonFriends|1791332602250|1791332602251|2|82|-1
LdbcShortQuery4MessageContent|1791332602253|1791332602253|1|1|-1
LdbcShortQuery5MessageCreator|1791332602254|1791332602267|1|1|-1
LdbcShortQuery6MessageForum|1791332602268|1791332602282|1|1|-1
LdbcShortQuery7MessageReplies|1791332602283|1791332602298|1|15|-1
LdbcShortQuery1PersonProfile|1791332602299|1791332602300|5|1|-1
LdbcShortQuery2PersonPosts|1791332602305|1791332602306|1|10|-1
LdbcShortQuery3PersonFriends|1791332602307|1791332602307|3|43|-1
LdbcQuery8|1791332606123|1791332606132|13|20|1347532978923
LdbcShortQuery4MessageContent|1791332606145|1791332606146|2|1|-1
LdbcShortQuery5MessageCreator|1791332606148|1791332606160|3|1|-1
LdbcShortQuery6MessageForum|1791332606163|1791332606178|3|1|-1
LdbcShortQuery7MessageReplies|1791332606181|1791332606192|3|0|-1
LdbcShortQuery1PersonProfile|1791332606195|1791332606207|5|1|-1
LdbcShortQuery2PersonPosts|1791332606212|1791332606212|3|10|-1
LdbcShortQuery3PersonFriends|1791332606215|1791332606216|2|1|-1
LdbcQuery9|1791332606123|1791332606218|127|20|1347532978923
LdbcShortQuery1PersonProfile|1791332606345|1791332606345|1|1|-1
LdbcShortQuery2PersonPosts|1791332606346|1791332606347|1|10|-1
LdbcShortQuery3PersonFriends|1791332606348|1791332606349|1|15|-1
LdbcShortQuery4MessageContent|1791332606350|1791332606350|0|1|-1
LdbcShortQuery5MessageCreator|1791332606350|1791332606351|0|1|-1
LdbcShortQuery6MessageForum|1791332606351|1791332606352|1|1|-1
LdbcShortQuery7MessageReplies|1791332606353|1791332606353|1|0|-1
LdbcQuery4|1791332606123|1791332606356|1|0|1347532978923
LdbcShortQuery4MessageContent|1791332606357|1791332606363|3|1|-1
LdbcShortQuery5MessageCreator|1791332606366|1791332606368|2|1|-1
LdbcShortQuery6MessageForum|1791332606370|1791332606370|1|1|-1
LdbcShortQuery7MessageReplies|1791332606371|1791332606378|4|0|-1
LdbcShortQuery1PersonProfile|1791332606382|1791332606390|3|1|-1
LdbcShortQuery2PersonPosts|1791332606393|1791332606393|3|10|-1
LdbcShortQuery3PersonFriends|1791332606396|1791332606396|3|84|-1
LdbcShortQuery4MessageContent|1791332606399|1791332606400|3|1|-1
LdbcShortQuery5MessageCreator|1791332606403|1791332606404|1|1|-1
LdbcShortQuery6MessageForum|1791332606405|1791332606406|2|1|-1
LdbcShortQuery7MessageReplies|1791332606408|1791332606408|2|11|-1
LdbcQuery10|1791332606123|1791332606408|15|10|1347532978923
LdbcShortQuery1PersonProfile|1791332606423|1791332606426|2|1|-1
LdbcShortQuery2PersonPosts|1791332606428|1791332606429|1|10|-1
LdbcShortQuery3PersonFriends|1791332606430|1791332606430|1|30|-1
LdbcShortQuery4MessageContent|1791332606431|1791332606438|2|1|-1
LdbcShortQuery5MessageCreator|1791332606440|1791332606440|2|1|-1
LdbcShortQuery6MessageForum|1791332606442|1791332606451|2|1|-1
LdbcShortQuery7MessageReplies|1791332606453|1791332606453|1|0|-1
LdbcQuery11|1791332606123|1791332606453|2|0|1347532978923
LdbcShortQuery4MessageContent|1791332606455|1791332606457|0|1|-1
LdbcShortQuery5MessageCreator|1791332606457|1791332606457|0|1|-1
LdbcShortQuery6MessageForum|1791332606457|1791332606457|0|1|-1
LdbcShortQuery7MessageReplies|1791332606457|1791332606457|0|0|-1
LdbcShortQuery1PersonProfile|1791332606457|1791332606457|0|1|-1
LdbcShortQuery2PersonPosts|1791332606457|1791332606457|0|10|-1
LdbcShortQuery3PersonFriends|1791332606457|1791332606461|0|12|-1
LdbcShortQuery4MessageContent|1791332606461|1791332606461|0|1|-1
LdbcShortQuery5MessageCreator|1791332606461|1791332606461|0|1|-1
LdbcShortQuery6MessageForum|1791332606461|1791332606461|0|1|-1
LdbcShortQuery7MessageReplies|1791332606461|1791332606461|0|0|-1
LdbcShortQuery1PersonProfile|1791332606461|1791332606461|0|1|-1
LdbcShortQuery2PersonPosts|1791332606461|1791332606461|0|10|-1
LdbcShortQuery3PersonFriends|1791332606461|1791332606461|0|15|-1
LdbcQuery5|1791332606123|1791332606461|83|20|1347532978923
LdbcShortQuery1PersonProfile|1791332606544|1791332606550|2|1|-1
LdbcShortQuery2PersonPosts|1791332606552|1791332606553|2|10|-1
LdbcShortQuery3PersonFriends|1791332606555|1791332606566|4|28|-1
LdbcShortQuery4MessageContent|1791332606570|1791332606570|2|1|-1
LdbcShortQuery5MessageCreator|1791332606572|1791332606573|1|1|-1
LdbcShortQuery6MessageForum|1791332606574|1791332606575|2|1|-1
LdbcShortQuery7MessageReplies|1791332606577|1791332606581|4|1|-1
LdbcShortQuery1PersonProfile|1791332606585|1791332606586|2|1|-1
LdbcShortQuery2PersonPosts|1791332606588|1791332606588|3|10|-1
LdbcShortQuery3PersonFriends|1791332606591|1791332606591|3|24|-1
LdbcQuery2|1791332606123|1791332606591|9|20|1347532978923
LdbcShortQuery4MessageContent|1791332606600|1791332606601|2|1|-1
LdbcShortQuery5MessageCreator|1791332606603|1791332606606|3|1|-1
LdbcShortQuery6MessageForum|1791332606609|1791332606610|3|1|-1
LdbcShortQuery7MessageReplies|1791332606613|1791332606613|3|0|-1
LdbcShortQuery1PersonProfile|1791332606616|1791332606617|2|1|-1
LdbcShortQuery2PersonPosts|1791332606619|1791332606619|4|10|-1
LdbcShortQuery3PersonFriends|1791332606623|1791332606624|5|256|-1
LdbcShortQuery4MessageContent|1791332606629|1791332606644|4|1|-1
LdbcShortQuery5MessageCreator|1791332606648|1791332606659|4|1|-1
LdbcShortQuery6MessageForum|1791332606663|1791332606663|3|1|-1
LdbcShortQuery7MessageReplies|1791332606666|1791332606668|4|2|-1
LdbcQuery12|1791332606123|1791332606671|140|1|1347532978923
LdbcShortQuery1PersonProfile|1791332606811|1791332606813|3|1|-1
LdbcShortQuery2PersonPosts|1791332606816|1791332606816|3|10|-1
LdbcShortQuery3PersonFriends|1791332606819|1791332606820|3|64|-1
LdbcShortQuery4MessageContent|1791332606823|1791332606824|3|1|-1
LdbcShortQuery5MessageCreator|1791332606827|1791332606830|3|1|-1
LdbcShortQuery6MessageForum|1791332606833|1791332606846|3|1|-1
LdbcShortQuery7MessageReplies|1791332606849|1791332606863|3|0|-1
LdbcShortQuery1PersonProfile|1791332606866|1791332606866|2|1|-1
LdbcShortQuery2PersonPosts|1791332606868|1791332606869|2|10|-1
LdbcShortQuery3PersonFriends|1791332606871|1791332606872|2|27|-1
LdbcShortQuery4MessageContent|1791332606874|1791332606875|2|1|-1
LdbcShortQuery5MessageCreator|1791332606877|1791332606879|3|1|-1
LdbcShortQuery6MessageForum|1791332606882|1791332606896|2|1|-1
LdbcShortQuery7MessageReplies|1791332606898|1791332606913|3|0|-1
LdbcQuery13|1791332606123|1791332606916|2|1|1347532978923
LdbcShortQuery4MessageContent|1791332606918|1791332606929|3|1|-1
LdbcShortQuery5MessageCreator|1791332606932|1791332606946|3|1|-1
LdbcShortQuery6MessageForum|1791332606949|1791332606962|5|1|-1
LdbcShortQuery7MessageReplies|1791332606967|1791332606967|3|0|-1
LdbcShortQuery1PersonProfile|1791332606970|1791332606972|3|1|-1
LdbcShortQuery2PersonPosts|1791332606975|1791332606975|8|10|-1
LdbcShortQuery3PersonFriends|1791332606983|1791332606984|12|340|-1
LdbcQuery6|1791332606123|1791332606996|89|10|1347532978923
LdbcShortQuery1PersonProfile|1791332607085|1791332607086|3|1|-1
LdbcShortQuery2PersonPosts|1791332607089|1791332607089|4|10|-1
LdbcShortQuery3PersonFriends|1791332607093|1791332607093|3|18|-1
LdbcShortQuery4MessageContent|1791332607096|1791332607096|2|1|-1
LdbcShortQuery5MessageCreator|1791332607098|1791332607114|4|1|-1
LdbcShortQuery6MessageForum|1791332607118|1791332607118|3|1|-1
LdbcShortQuery7MessageReplies|1791332607121|1791332607121|3|11|-1
LdbcShortQuery1PersonProfile|1791332607124|1791332607125|2|1|-1
LdbcShortQuery2PersonPosts|1791332607127|1791332607127|3|10|-1
LdbcShortQuery3PersonFriends|1791332607130|1791332607144|4|16|-1
LdbcQuery7|1791332606123|1791332607148|8|20|1347532978923
LdbcShortQuery4MessageContent|1791332607156|1791332607156|2|1|-1
LdbcShortQuery5MessageCreator|1791332607158|1791332607158|2|1|-1
LdbcShortQuery6MessageForum|1791332607160|1791332607162|2|1|-1
LdbcShortQuery7MessageReplies|1791332607164|1791332607164|2|5|-1
LdbcShortQuery1PersonProfile|1791332607166|1791332607168|3|1|-1
LdbcShortQuery2PersonPosts|1791332607171|1791332607171|3|10|-1
LdbcShortQuery3PersonFriends|1791332607174|1791332607191|3|9|-1
LdbcShortQuery4MessageContent|1791332607194|1791332607205|1|1|-1
LdbcShortQuery5MessageCreator|1791332607206|1791332607206|0|1|-1
LdbcShortQuery6MessageForum|1791332607206|1791332607207|0|1|-1
LdbcShortQuery7MessageReplies|1791332607207|1791332607208|0|0|-1
LdbcUpdate5AddForumMembership|1791332607205|1791332607205|10|0|1347532989732
LdbcQuery3|1791332606123|1791332607209|55|0|1347532978923
LdbcShortQuery1PersonProfile|1791332607264|1791332607268|3|1|-1
LdbcShortQuery2PersonPosts|1791332607271|1791332607281|3|10|-1
LdbcShortQuery3PersonFriends|1791332607284|1791332607297|6|24|-1
LdbcShortQuery4MessageContent|1791332607303|1791332607304|3|1|-1
LdbcShortQuery5MessageCreator|1791332607307|1791332607307|2|1|-1
LdbcShortQuery6MessageForum|1791332607309|1791332607311|3|1|-1
LdbcShortQuery7MessageReplies|1791332607314|1791332607328|1|3|-1
LdbcQuery1|1791332606123|1791332607328|1|2|1347532978923
LdbcShortQuery4MessageContent|1791332607329|1791332607331|1|1|-1
LdbcShortQuery5MessageCreator|1791332607332|1791332607332|3|1|-1
LdbcShortQuery6MessageForum|1791332607335|1791332607337|2|1|-1
LdbcShortQuery7MessageReplies|1791332607339|1791332607339|3|5|-1
LdbcQuery14|1791332606123|1791332607342|3|1|1347532978923
LdbcShortQuery1PersonProfile|1791332607345|1791332607346|2|1|-1
LdbcShortQuery2PersonPosts|1791332607348|1791332607348|2|10|-1
LdbcShortQuery3PersonFriends|1791332607350|1791332607350|2|26|-1
LdbcQuery1|1791332610984|1791332610994|3|0|1347533027530
LdbcShortQuery4MessageContent|1791332610997|1791332610998|3|1|-1
LdbcShortQuery5MessageCreator|1791332611001|1791332611002|3|1|-1
LdbcShortQuery6MessageForum|1791332611005|1791332611010|3|1|-1
LdbcShortQuery7MessageReplies|1791332611013|1791332611013|2|0|-1
LdbcShortQuery1PersonProfile|1791332611015|1791332611015|2|1|-1
LdbcShortQuery2PersonPosts|1791332611017|1791332611019|3|10|-1
LdbcShortQuery3PersonFriends|1791332611022|1791332611023|3|26|-1
LdbcShortQuery4MessageContent|1791332611026|1791332611026|2|1|-1
LdbcShortQuery5MessageCreator|1791332611028|1791332611028|2|1|-1
LdbcShortQuery6MessageForum|1791332611030|1791332611032|2|1|-1
LdbcShortQuery7MessageReplies|1791332611034|1791332611035|3|6|-1
LdbcQuery14|1791332610984|1791332611038|2|2|1347533027530
LdbcShortQuery1PersonProfile|1791332611040|1791332611040|2|1|-1
LdbcShortQuery2PersonPosts|1791332611042|1791332611044|3|10|-1
LdbcShortQuery3PersonFriends|1791332611047|1791332611047|2|37|-1
LdbcQuery2|1791332610984|1791332611049|5|20|1347533027530
LdbcShortQuery4MessageContent|1791332611054|1791332611054|2|1|-1
LdbcShortQuery5MessageCreator|1791332611056|1791332611057|1|1|-1
LdbcShortQuery6MessageForum|1791332611058|1791332611059|2|1|-1
LdbcShortQuery7MessageReplies|1791332611061|1791332611062|2|0|-1
LdbcShortQuery1PersonProfile|1791332611064|1791332611064|2|1|-1
LdbcShortQuery2PersonPosts|1791332611066|1791332611067|2|8|-1
LdbcShortQuery3PersonFriends|1791332611069|1791332611070|1|9|-1
LdbcQuery4|1791332610984|1791332611072|2|3|1347533027530
LdbcShortQuery1PersonProfile|1791332611074|1791332611074|2|1|-1
LdbcShortQuery2PersonPosts|1791332611076|1791332611077|2|10|-1
LdbcShortQuery3PersonFriends|1791332611079|1791332611079|2|9|-1
LdbcShortQuery4MessageContent|1791332611081|1791332611081|2|1|-1
LdbcShortQuery5MessageCreator|1791332611083|1791332611084|2|1|-1
LdbcShortQuery6MessageForum|1791332611086|1791332611086|1|1|-1
LdbcShortQuery7MessageReplies|1791332611087|1791332611087|1|0|-1
LdbcQuery8|1791332610984|1791332611089|4|20|1347533027530
LdbcShortQuery4MessageContent|1791332611093|1791332611094|1|1|-1
LdbcShortQuery5MessageCreator|1791332611095|1791332611096|1|1|-1
LdbcShortQuery6MessageForum|1791332611097|1791332611099|2|1|-1
LdbcShortQuery7MessageReplies|1791332611101|1791332611114|2|0|-1
LdbcShortQuery1PersonProfile|1791332611116|1791332611116|2|1|-1
LdbcShortQuery2PersonPosts|1791332611118|1791332611118|2|10|-1
LdbcShortQuery3PersonFriends|1791332611120|1791332611127|3|44|-1
LdbcShortQuery4MessageContent|1791332611130|1791332611142|2|1|-1
LdbcShortQuery5MessageCreator|1791332611144|1791332611144|2|1|-1
LdbcShortQuery6MessageForum|1791332611146|1791332611147|1|1|-1
LdbcShortQuery7MessageReplies|1791332611148|1791332611149|2|1|-1
LdbcQuery9|1791332610984|1791332611150|77|20|1347533027530
LdbcShortQuery1PersonProfile|1791332611227|1791332611228|1|1|-1
LdbcShortQuery2PersonPosts|1791332611229|1791332611239|2|10|-1
LdbcShortQuery3PersonFriends|1791332611241|1791332611255|2|18|-1
LdbcShortQuery4MessageContent|1791332611257|1791332611257|1|1|-1
LdbcShortQuery5MessageCreator|1791332611258|1791332611259|1|1|-1
LdbcShortQuery6MessageForum|1791332611260|1791332611261|1|1|-1
LdbcShortQuery7MessageReplies|1791332611262|1791332611262|1|6|-1
LdbcQuery5|1791332610984|1791332611263|13|0|1347533027530
LdbcShortQuery4MessageContent|1791332611276|1791332611277|2|1|-1
LdbcShortQuery5MessageCreator|1791332611279|1791332611279|2|1|-1
LdbcShortQuery6MessageForum|1791332611281|1791332611281|2|1|-1
LdbcShortQuery7MessageReplies|1791332611283|1791332611283|3|9|-1
