operation_type|scheduled_start_time|actual_start_time|execution_duration_MILLISECONDS|result_code|original_start_time
LdbcQuery5|1791331650636|1791331650637|63|20|1347529479219
LdbcQuery1|1791331655497|1791331655497|7|4|1347529527826
LdbcQuery5|1791331655497|1791331655505|46|20|1347529527826
LdbcShortQuery1PersonProfile|1791331655551|1791331655551|2|1|-1
LdbcShortQuery2PersonPosts|1791331655553|1791331655553|1|10|-1
LdbcShortQuery3PersonFriends|1791331655554|1791331655555|1|91|-1
LdbcShortQuery4MessageContent|1791331655556|1791331655556|0|1|-1
LdbcShortQuery5MessageCreator|1791331655556|1791331655557|0|1|-1
LdbcShortQuery6MessageForum|1791331655557|1791331655558|1|1|-1
LdbcShortQuery7MessageReplies|1791331655559|1791331655560|1|6|-1
LdbcShortQuery1PersonProfile|1791331655561|1791331655561|1|1|-1
LdbcShortQuery2PersonPosts|1791331655562|1791331655562|1|10|-1
LdbcShortQuery3PersonFriends|1791331655563|1791331655563|1|36|-1
LdbcQuery10|1791331655497|1791331655564|17|10|1347529527826
LdbcShortQuery4MessageContent|1791331655581|1791331655582|1|1|-1
LdbcShortQuery5MessageCreator|1791331655583|1791331655583|1|1|-1
LdbcShortQuery6MessageForum|1791331655584|1791331655584|1|1|-1
LdbcShortQuery7MessageReplies|1791331655585|1791331655585|1|9|-1
LdbcShortQuery1PersonProfile|1791331655586|1791331655587|1|1|-1
LdbcShortQuery2PersonPosts|1791331655588|1791331655588|1|10|-1
LdbcShortQuery3PersonFriends|1791331655589|1791331655589|1|36|-1
LdbcQuery12|1791331655497|1791331655590|43|1|1347529527826
LdbcShortQuery1PersonProfile|1791331655633|1791331655634|2|1|-1
LdbcShortQuery2PersonPosts|1791331655636|1791331655636|2|10|-1
LdbcShortQuery3PersonFriends|1791331655638|1791331655638|2|40|-1
LdbcShortQuery4MessageContent|1791331655640|1791331655641|1|1|-1
LdbcShortQuery5MessageCreator|1791331655642|1791331655643|5|1|-1
LdbcShortQuery6MessageForum|1791331655648|1791331655648|5|1|-1
LdbcShortQuery7MessageReplies|1791331655653|1791331655654|4|9|-1
LdbcShortQuery1PersonProfile|1791331655658|1791331655658|17|1|-1
LdbcShortQuery2PersonPosts|1791331655675|1791331655676|3|10|-1
LdbcShortQuery3PersonFriends|1791331655679|1791331655679|8|338|-1
LdbcQuery8|1791331655497|1791331655689|24|20|1347529527826
LdbcShortQuery4MessageContent|1791331655713|1791331655713|10|1|-1
LdbcShortQuery5MessageCreator|1791331655723|1791331655723|14|1|-1
LdbcShortQuery6MessageForum|1791331655737|1791331655738|2|1|-1
LdbcShortQuery7MessageReplies|1791331655740|1791331655741|15|5|-1
LdbcShortQuery1PersonProfile|1791331655756|1791331655756|2|1|-1
LdbcShortQuery2PersonPosts|1791331655758|1791331655759|15|10|-1
LdbcShortQuery3PersonFriends|1791331655774|1791331655774|2|8|-1
LdbcShortQuery4MessageContent|1791331655776|1791331655777|1|1|-1
LdbcShortQuery5MessageCreator|1791331655778|1791331655779|1|1|-1
LdbcShortQuery6MessageForum|1791331655780|1791331655780|1|1|-1
LdbcShortQuery7MessageReplies|1791331655781|1791331655782|1|5|-1
LdbcQuery2|1791331655497|1791331655783|7|20|1347529527826
LdbcShortQuery1PersonProfile|1791331655790|1791331655790|1|1|-1
LdbcShortQuery2PersonPosts|1791331655791|1791331655792|1|10|-1
LdbcShortQuery3PersonFriends|1791331655793|1791331655793|1|60|-1
LdbcQuery4|1791331655497|1791331655794|2|3|1347529527826
LdbcShortQuery4MessageContent|1791331655796|1791331655796|1|1|-1
LdbcShortQuery5MessageCreator|1791331655797|1791331655798|3|1|-1
LdbcShortQuery6MessageForum|1791331655801|1791331655802|2|1|-1
LdbcShortQuery7MessageReplies|1791331655804|1791331655804|3|0|-1
LdbcShortQuery1PersonProfile|1791331655807|1791331655807|7|1|-1
LdbcShortQuery2PersonPosts|1791331655814|1791331655815|1|10|-1
LdbcShortQuery3PersonFriends|1791331655816|1791331655817|1|33|-1
LdbcShortQuery4MessageContent|1791331655818|1791331655818|0|1|-1
LdbcShortQuery5MessageCreator|1791331655818|1791331655819|0|1|-1
LdbcShortQuery6MessageForum|1791331655819|1791331655820|0|1|-1
LdbcShortQuery7MessageReplies|1791331655820|1791331655820|1|6|-1
LdbcQuery3|1791331655497|1791331655821|256|0|1347529527826
LdbcShortQuery1PersonProfile|1791331656077|1791331656079|6|1|-1
LdbcShortQuery2PersonPosts|1791331656085|1791331656085|4|10|-1
LdbcShortQuery3PersonFriends|1791331656089|1791331656089|3|14|-1
LdbcQuery11|1791331655497|1791331656092|4|0|1347529527826
LdbcShortQuery4MessageContent|1791331656096|1791331656097|5|1|-1
LdbcShortQuery5MessageCreator|1791331656102|1791331656103|4|1|-1
LdbcShortQuery6MessageForum|1791331656107|1791331656107|5|1|-1
LdbcShortQuery7MessageReplies|1791331656112|1791331656112|4|9|-1
LdbcQuery7|1791331655497|1791331656116|12|20|1347529527826
LdbcShortQuery1PersonProfile|1791331656128|1791331656128|96|1|-1
LdbcShortQuery2PersonPosts|1791331656224|1791331656225|46|10|-1
LdbcShortQuery3PersonFriends|1791331656271|1791331656271|52|46|-1
LdbcShortQuery4MessageContent|1791331656323|1791331656324|1|1|-1
LdbcShortQuery5MessageCreator|1791331656325|1791331656325|1|1|-1
LdbcShortQuery6MessageForum|1791331656326|1791331656326|1|1|-1
LdbcShortQuery7MessageReplies|1791331656327|1791331656327|5|3|-1
LdbcShortQuery1PersonProfile|1791331656332|1791331656332|1|1|-1
LdbcShortQuery2PersonPosts|1791331656333|1791331656334|1|10|-1
LdbcShortQuery3PersonFriends|1791331656335|1791331656336|1|25|-1
LdbcQuery14|1791331655497|1791331656338|36|7|1347529527826
LdbcShortQuery4MessageContent|1791331656374|1791331656374|0|1|-1
LdbcShortQuery5MessageCreator|1791331656374|1791331656375|0|1|-1
LdbcShortQuery6MessageForum|1791331656375|1791331656376|0|1|-1
LdbcShortQuery7MessageReplies|1791331656376|1791331656376|0|14|-1
LdbcQuery6|1791331655497|1791331656377|13|10|1347529527826
LdbcShortQuery1PersonProfile|1791331656390|1791331656391|0|1|-1
LdbcShortQuery2PersonPosts|1791331656391|1791331656392|0|10|-1
LdbcShortQuery3PersonFriends|1791331656392|1791331656392|0|9|-1
LdbcShortQuery4MessageContent|1791331656392|1791331656393|0|1|-1
LdbcShortQuery5MessageCreator|1791331656393|1791331656393|0|1|-1
LdbcShortQuery6MessageForum|1791331656393|1791331656394|0|1|-1
LdbcShortQuery7MessageReplies|1791331656394|1791331656394|0|14|-1
LdbcShortQuery1PersonProfile|1791331656394|1791331656395|0|1|-1
LdbcShortQuery2PersonPosts|1791331656395|1791331656396|0|10|-1
LdbcShortQuery3PersonFriends|1791331656396|1791331656396|13|21|-1
LdbcQuery13|1791331655497|1791331656410|1|1|1347529527826
LdbcShortQuery4MessageContent|1791331656411|1791331656411|0|1|-1
LdbcShortQuery5MessageCreator|1791331656411|1791331656413|0|1|-1
LdbcShortQuery6MessageForum|1791331656413|1791331656414|1|1|-1
LdbcShortQuery7MessageReplies|1791331656415|1791331656415|0|0|-1
LdbcShortQuery1PersonProfile|1791331656415|1791331656416|0|1|-1
LdbcShortQuery2PersonPosts|1791331656416|1791331656416|0|10|-1
LdbcShortQuery3PersonFriends|1791331656416|1791331656417|0|29|-1
LdbcShortQuery4MessageContent|1791331656417|1791331656418|0|1|-1
LdbcShortQuery5MessageCreator|1791331656418|1791331656418|0|1|-1
LdbcShortQuery6MessageForum|1791331656418|1791331656419|0|1|-1
LdbcShortQuery7MessageReplies|1791331656419|1791331656421|0|0|-1
LdbcQuery9|1791331655497|1791331656421|68|20|1347529527826
LdbcShortQuery1PersonProfile|1791331656489|1791331656489|2|1|-1
LdbcShortQuery2PersonPosts|1791331656491|1791331656492|1|10|-1
LdbcShortQuery3PersonFriends|1791331656493|1791331656494|1|38|-1
LdbcUpdate3AddCommentLike|1791331657099|1791331657099|14|0|1347529543844
LdbcUpdate7AddComment|1791331658640|1791331658640|13|0|1347529559250
LdbcQuery13|1791331660357|1791331660357|4|1|1347529576433
LdbcShortQuery4MessageContent|1791331660361|1791331660361|2|1|-1
LdbcShortQuery5MessageCreator|1791331660363|1791331660364|2|1|-1
LdbcShortQuery6MessageForum|1791331660366|1791331660366|2|1|-1
LdbcShortQuery7MessageReplies|1791331660368|1791331660368|2|9|-1
LdbcShortQuery1PersonProfile|1791331660370|1791331660370|1|1|-1
LdbcShortQuery2PersonPosts|1791331660371|1791331660372|1|3|-1
LdbcShortQuery3PersonFriends|1791331660373|1791331660373|1|47|-1
LdbcShortQuery4MessageContent|1791331660374|1791331660375|1|1|-1
LdbcShortQuery5MessageCreator|1791331660376|1791331660376|1|1|-1
LdbcShortQuery6MessageForum|1791331660377|1791331660378|1|1|-1
LdbcShortQuery7MessageReplies|1791331660379|1791331660379|1|0|-1
LdbcQuery9|1791331660357|1791331660381|93|20|1347529576433
LdbcShortQuery1PersonProfile|1791331660474|1791331660474|1|1|-1
LdbcShortQuery2PersonPosts|1791331660475|1791331660476|1|10|-1
LdbcShortQuery3PersonFriends|1791331660477|1791331660478|6|17|-1
LdbcShortQuery4MessageContent|1791331660484|1791331660484|1|1|-1
LdbcShortQuery5MessageCreator|1791331660485|1791331660485|1|1|-1
LdbcShortQuery6MessageForum|1791331660486|1791331660488|0|1|-1
LdbcShortQuery7MessageReplies|1791331660488|1791331660488|0|0|-1
LdbcShortQuery1PersonProfile|1791331660488|1791331660489|1|1|-1
LdbcShortQuery2PersonPosts|1791331660490|1791331660490|1|10|-1
LdbcShortQuery3PersonFriends|1791331660491|1791331660491|0|5|-1
LdbcQuery4|1791331660357|1791331660492|1|3|1347529576433
LdbcShortQuery4MessageContent|1791331660493|1791331660494|0|1|-1
LdbcShortQuery5MessageCreator|1791331660494|1791331660495|0|1|-1
LdbcShortQuery6MessageForum|1791331660495|1791331660496|0|1|-1
LdbcShortQuery7MessageReplies|1791331660496|1791331660496|0|0|-1
LdbcShortQuery1PersonProfile|1791331660496|1791331660497|0|1|-1
LdbcShortQuery2PersonPosts|1791331660497|1791331660498|1|10|-1
LdbcShortQuery3PersonFriends|1791331660499|1791331660499|2|340|-1
LdbcShortQuery4MessageContent|1791331660501|1791331660501|0|1|-1
LdbcShortQuery5MessageCreator|1791331660501|1791331660503|0|1|-1
LdbcShortQuery6MessageForum|1791331660503|1791331660504|0|1|-1
LdbcShortQuery7MessageReplies|1791331660504|1791331660505|0|0|-1
LdbcQuery10|1791331660357|1791331660505|23|10|1347529576433
LdbcShortQuery1PersonProfile|1791331660528|1791331660528|1|1|-1
LdbcShortQuery2PersonPosts|1791331660529|1791331660530|1|10|-1
LdbcShortQuery3PersonFriends|1791331660531|1791331660532|2|107|-1
LdbcShortQuery4MessageContent|1791331660534|1791331660534|1|1|-1
LdbcShortQuery5MessageCreator|1791331660535|1791331660536|1|1|-1
LdbcShortQuery6MessageForum|1791331660537|1791331660537|1|1|-1
LdbcShortQuery7MessageReplies|1791331660538|1791331660538|1|7|-1
LdbcShortQuery1PersonProfile|1791331660539|1791331660540|1|1|-1
LdbcShortQuery2PersonPosts|1791331660541|1791331660541|1|10|-1
LdbcShortQuery3PersonFriends|1791331660542|1791331660543|1|41|-1
LdbcShortQuery4MessageContent|1791331660544|1791331660545|1|1|-1
LdbcShortQuery5MessageCreator|1791331660546|1791331660546|1|1|-1
LdbcShortQuery6MessageForum|1791331660547|1791331660547|1|1|-1
LdbcShortQuery7MessageReplies|1791331660548|1791331660549|1|2|-1
LdbcQuery1|1791331660357|1791331660550|2|2|1347529576433
LdbcShortQuery4MessageContent|1791331660552|1791331660552|1|1|-1
LdbcShortQuery5MessageCreator|1791331660553|1791331660554|0|1|-1
LdbcShortQuery6MessageForum|1791331660554|1791331660555|1|1|-1
LdbcShortQuery7MessageReplies|1791331660556|1791331660556|1|0|-1
LdbcShortQuery1PersonProfile|1791331660557|1791331660557|0|1|-1
LdbcShortQuery2PersonPosts|1791331660557|1791331660557|0|10|-1
LdbcShortQuery3PersonFriends|1791331660557|1791331660558|0|97|-1
LdbcShortQuery4MessageContent|1791331660558|1791331660560|0|1|-1
LdbcShortQuery5MessageCreator|1791331660560|1791331660560|0|1|-1
LdbcShortQuery6MessageForum|1791331660560|1791331660561|0|1|-1
LdbcShortQuery7MessageReplies|1791331660561|1791331660562|0|1|-1
LdbcQuery5|1791331660357|1791331660562|16|20|1347529576433
LdbcShortQuery1PersonProfile|1791331660578|1791331660579|1|1|-1
LdbcShortQuery2PersonPosts|1791331660580|1791331660580|1|10|-1
LdbcShortQuery3PersonFriends|1791331660581|1791331660581|0|19|-1
LdbcShortQuery4MessageContent|1791331660581|1791331660581|0|1|-1
LdbcShortQuery5MessageCreator|1791331660581|1791331660582|0|1|-1
LdbcShortQuery6MessageForum|1791331660582|1791331660582|0|1|-1
LdbcShortQuery7MessageReplies|1791331660582|1791331660582|0|0|-1
LdbcQuery2|1791331660357|1791331660584|2|20|1347529576433
LdbcShortQuery4MessageContent|1791331660586|1791331660587|0|1|-1
LdbcShortQuery5MessageCreator|1791331660587|1791331660587|1|1|-1
LdbcShortQuery6MessageForum|1791331660588|1791331660589|1|1|-1
LdbcShortQuery7MessageReplies|1791331660590|1791331660590|1|3|-1
LdbcQuery12|1791331660357|1791331660592|60|1|1347529576433
LdbcShortQuery1PersonProfile|1791331660652|1791331660654|2|1|-1
LdbcShortQuery2PersonPosts|1791331660656|1791331660656|2|10|-1
LdbcShortQuery3PersonFriends|1791331660658|1791331660658|2|9|-1
LdbcQuery8|1791331660357|1791331660661|4|20|1347529576433
LdbcShortQuery4MessageContent|1791331660665|1791331660666|2|1|-1
LdbcShortQuery5MessageCreator|1791331660668|1791331660668|2|1|-1
LdbcShortQuery6MessageForum|1791331660670|1791331660670|2|1|-1
LdbcShortQuery7MessageReplies|1791331660672|1791331660672|1|0|-1
LdbcQuery6|1791331660357|1791331660674|65|10|1347529576433
LdbcShortQuery1PersonProfile|1791331660739|1791331660740|1|1|-1
LdbcShortQuery2PersonPosts|1791331660741|1791331660741|1|10|-1
LdbcShortQuery3PersonFriends|1791331660742|1791331660743|2|22|-1
LdbcQuery7|1791331660357|1791331660746|5|20|1347529576433
LdbcShortQuery4MessageContent|1791331660751|1791331660752|2|1|-1
LdbcShortQuery5MessageCreator|1791331660754|1791331660754|2|1|-1
LdbcShortQuery6MessageForum|1791331660756|1791331660757|2|1|-1
LdbcShortQuery7MessageReplies|1791331660759|1791331660759|2|0|-1
LdbcShortQuery1PersonProfile|1791331660761|1791331660761|3|1|-1
LdbcShortQuery2PersonPosts|1791331660764|1791331660765|5|10|-1
LdbcShortQuery3PersonFriends|1791331660770|1791331660771|2|93|-1
LdbcUpdate7AddComment|1791331660761|1791331660761|92|0|1347529580463
LdbcQuery3|1791331660357|1791331660774|91|0|1347529576433
LdbcShortQuery1PersonProfile|1791331660865|1791331660865|4|1|-1
LdbcShortQuery2PersonPosts|1791331660869|1791331660870|5|10|-1
LdbcShortQuery3PersonFriends|1791331660875|1791331660875|11|32|-1
LdbcShortQuery4MessageContent|1791331660886|1791331660886|1|1|-1
LdbcShortQuery5MessageCreator|1791331660887|1791331660888|3|1|-1
LdbcShortQuery6MessageForum|1791331660891|1791331660892|3|1|-1
LdbcShortQuery7MessageReplies|1791331660895|1791331660895|6|6|-1
LdbcShortQuery1PersonProfile|1791331660901|1791331660901|3|1|-1
LdbcShortQuery2PersonPosts|1791331660904|1791331660904|3|10|-1
LdbcShortQuery3PersonFriends|1791331660907|1791331660909|3|37|-1
LdbcQuery11|1791331660357|1791331660912|4|0|1347529576433
LdbcShortQuery4MessageContent|1791331660916|1791331660916|3|1|-1
LdbcShortQuery5MessageCreator|1791331660919|1791331660920|3|1|-1
LdbcShortQuery6MessageForum|1791331660923|1791331660924|3|1|-1
LdbcShortQuery7MessageReplies|1791331660927|1791331660928|2|6|-1
LdbcShortQuery1PersonProfile|1791331660930|1791331660931|1|1|-1
LdbcShortQuery2PersonPosts|1791331660932|1791331660933|4|10|-1
LdbcShortQuery3PersonFriends|1791331660937|1791331660937|3|6|-1
LdbcQuery14|1791331660357|1791331660940|27|4|1347529576433
LdbcShortQuery1PersonProfile|1791331660967|1791331660967|27|1|-1
LdbcShortQuery2PersonPosts|1791331660994|1791331660994|10|10|-1
LdbcShortQuery3PersonFriends|1791331661004|1791331661005|5|2|-1
LdbcShortQuery4MessageContent|1791331661010|1791331661011|17|1|-1
LdbcShortQuery5MessageCreator|1791331661028|1791331661028|9|1|-1
LdbcShortQuery6MessageForum|1791331661037|1791331661038|5|1|-1
LdbcShortQuery7MessageReplies|1791331661043|1791331661043|12|4|-1
LdbcQuery11|1791331665218|1791331665218|14|0|1347529625040
LdbcShortQuery4MessageContent|1791331665232|1791331665233|2|1|-1
LdbcShortQuery5MessageCreator|1791331665235|1791331665235|2|1|-1
LdbcShortQuery6MessageForum|1791331665237|1791331665237|1|1|-1
LdbcShortQuery7MessageReplies|1791331665238|1791331665238|2|0|-1
LdbcShortQuery1PersonProfile|1791331665240|1791331665241|5|1|-1
LdbcShortQuery2PersonPosts|1791331665246|1791331665246|2|10|-1
LdbcShortQuery3PersonFriends|1791331665248|1791331665248|2|11|-1
LdbcQuery14|1791331665218|1791331665251|507|1|1347529625040
LdbcShortQuery1PersonProfile|1791331665758|1791331665758|10|1|-1
LdbcShortQuery2PersonPosts|1791331665768|1791331665769|2|10|-1
LdbcShortQuery3PersonFriends|1791331665771|1791331665771|2|3|-1
LdbcShortQuery4MessageContent|1791331665773|1791331665773|1|1|-1
LdbcShortQuery5MessageCreator|1791331665774|1791331665774|1|1|-1
LdbcShortQuery6MessageForum|1791331665775|1791331665777|1|1|-1
LdbcShortQuery7MessageReplies|1791331665778|1791331665778|1|0|-1
LdbcShortQuery1PersonProfile|1791331665779|1791331665779|1|1|-1
LdbcShortQuery2PersonPosts|1791331665780|1791331665780|1|10|-1
LdbcShortQuery3PersonFriends|1791331665781|1791331665783|1|43|-1
LdbcShortQuery4MessageContent|1791331665784|1791331665785|1|1|-1
LdbcShortQuery5MessageCreator|1791331665786|1791331665786|1|1|-1
LdbcShortQuery6MessageForum|1791331665787|1791331665787|1|1|-1
LdbcShortQuery7MessageReplies|1791331665788|1791331665788|1|0|-1
LdbcQuery2|1791331665218|1791331665791|29|20|1347529625040
LdbcShortQuery4MessageContent|1791331665820|1791331665821|1|1|-1
LdbcShortQuery5MessageCreator|1791331665822|1791331665822|1|1|-1
LdbcShortQuery6MessageForum|1791331665823|1791331665824|1|1|-1
LdbcShortQuery7MessageReplies|1791331665825|1791331665825|1|0|-1
LdbcShortQuery1PersonProfile|1791331665826|1791331665827|1|1|-1
LdbcShortQuery2PersonPosts|1791331665828|1791331665828|1|10|-1
LdbcShortQuery3PersonFriends|1791331665829|1791331665829|2|78|-1
LdbcQuery4|1791331665218|1791331665832|42|3|1347529625040
LdbcShortQuery1PersonProfile|1791331665874|1791331665874|1|1|-1
LdbcShortQuery2PersonPosts|1791331665875|1791331665876|0|1|-1
LdbcShortQuery3PersonFriends|1791331665876|1791331665877|0|5|-1
LdbcShortQuery4MessageContent|1791331665877|1791331665878|0|1|-1
LdbcShortQuery5MessageCreator|1791331665878|1791331665878|1|1|-1
LdbcShortQuery6MessageForum|1791331665879|1791331665880|1|1|-1
LdbcShortQuery7MessageReplies|1791331665881|1791331665881|0|0|-1
LdbcShortQuery1PersonProfile|1791331665881|1791331665881|0|1|-1
LdbcShortQuery2PersonPosts|1791331665881|1791331665882|1|10|-1
LdbcShortQuery3PersonFriends|1791331665883|1791331665883|0|4|-1
LdbcQuery13|1791331665218|1791331665883|6|1|1347529625040
LdbcShortQuery4MessageContent|1791331665889|1791331665890|0|1|-1
LdbcShortQuery5MessageCreator|1791331665890|1791331665891|0|1|-1
LdbcShortQuery6MessageForum|1791331665891|1791331665892|0|1|-1
LdbcShortQuery7MessageReplies|1791331665892|1791331665893|0|0|-1
LdbcShortQuery1PersonProfile|1791331665893|1791331665893|0|1|-1
LdbcShortQuery2PersonPosts|1791331665893|1791331665894|0|10|-1
LdbcShortQuery3PersonFriends|1791331665894|1791331665895|0|1|-1
LdbcQuery9|1791331665218|1791331665895|74|20|1347529625040
LdbcShortQuery1PersonProfile|1791331665969|1791331665970|1|1|-1
LdbcShortQuery2PersonPosts|1791331665971|1791331665971|0|10|-1
LdbcShortQuery3PersonFriends|1791331665971|1791331665973|0|3|-1
LdbcShortQuery4MessageContent|1791331665973|1791331665973|0|1|-1
LdbcShortQuery5MessageCreator|1791331665973|1791331665974|0|1|-1
LdbcShortQuery6MessageForum|1791331665974|1791331665975|0|1|-1
LdbcShortQuery7MessageReplies|1791331665975|1791331665975|0|0|-1
LdbcShortQuery1PersonProfile|1791331665975|1791331665976|0|1|-1
LdbcShortQuery2PersonPosts|1791331665976|1791331665976|0|10|-1
LdbcShortQuery3PersonFriends|1791331665976|1791331665977|1|24|-1
LdbcShortQuery4MessageContent|1791331665978|1791331665978|0|1|-1
LdbcShortQuery5MessageCreator|1791331665978|1791331665978|0|1|-1
LdbcShortQuery6MessageForum|1791331665978|1791331665980|0|1|-1
LdbcShortQuery7MessageReplies|1791331665980|1791331665981|0|2|-1
LdbcQuery5|1791331665218|1791331665981|146|20|1347529625040
LdbcShortQuery4MessageContent|1791331666127|1791331666128|4|1|-1
LdbcShortQuery5MessageCreator|1791331666132|1791331666133|1|1|-1
LdbcShortQuery6MessageForum|1791331666134|1791331666134|48|1|-1
LdbcShortQuery7MessageReplies|1791331666182|1791331666182|2|4|-1
LdbcShortQuery1PersonProfile|1791331666184|1791331666186|1|1|-1
LdbcShortQuery2PersonPosts|1791331666187|1791331666187|1|10|-1
LdbcShortQuery3PersonFriends|1791331666188|1791331666189|1|17|-1
LdbcQuery10|1791331665218|1791331666190|108|10|1347529625040
LdbcShortQuery1PersonProfile|1791331666298|1791331666299|2|1|-1
LdbcShortQuery2PersonPosts|1791331666301|1791331666301|2|10|-1
LdbcShortQuery3PersonFriends|1791331666303|1791331666303|2|10|-1
LdbcShortQuery4MessageContent|1791331666305|1791331666305|1|1|-1
LdbcShortQuery5MessageCreator|1791331666306|1791331666308|1|1|-1
LdbcShortQuery6MessageForum|1791331666309|1791331666309|3|1|-1
LdbcShortQuery7MessageReplies|1791331666312|1791331666312|1|0|-1
LdbcShortQuery1PersonProfile|1791331666313|1791331666314|3|1|-1
LdbcShortQuery2PersonPosts|1791331666317|1791331666317|5|10|-1
LdbcShortQuery3PersonFriends|1791331666322|1791331666324|2|19|-1
LdbcQuery1|1791331665218|1791331666325|7|20|1347529625040
LdbcShortQuery4MessageContent|1791331666332|1791331666333|3|1|-1
LdbcShortQuery5MessageCreator|1791331666336|1791331666336|5|1|-1
LdbcShortQuery6MessageForum|1791331666341|1791331666342|1|1|-1
LdbcShortQuery7MessageReplies|1791331666343|1791331666344|1|0|-1
LdbcShortQuery1PersonProfile|1791331666345|1791331666345|2|1|-1
LdbcShortQuery2PersonPosts|1791331666347|1791331666348|4|10|-1
LdbcShortQuery3PersonFriends|1791331666352|1791331666352|2|19|-1
LdbcShortQuery4MessageContent|1791331666354|1791331666355|4|1|-1
LdbcShortQuery5MessageCreator|1791331666359|1791331666359|15|1|-1
LdbcShortQuery6MessageForum|1791331666374|1791331666375|3|1|-1
LdbcShortQuery7MessageReplies|1791331666378|1791331666378|3|1|-1
LdbcShortQuery1PersonProfile|1791331666381|1791331666382|2|1|-1
LdbcShortQuery2PersonPosts|1791331666384|1791331666385|4|10|-1
LdbcShortQuery3PersonFriends|1791331666389|1791331666389|3|14|-1
LdbcQuery3|1791331665218|1791331666393|92|0|1347529625040
LdbcShortQuery1PersonProfile|1791331666485|1791331666485|11|1|-1
LdbcShortQuery2PersonPosts|1791331666496|1791331666496|2|10|-1
LdbcShortQuery3PersonFriends|1791331666498|1791331666500|56|17|-1
LdbcShortQuery4MessageContent|1791331666556|1791331666556|3|1|-1
LdbcShortQuery5MessageCreator|1791331666559|1791331666559|2|1|-1
LdbcShortQuery6MessageForum|1791331666561|1791331666561|0|1|-1
LdbcShortQuery7MessageReplies|1791331666561|1791331666562|0|0|-1
LdbcQuery6|1791331665218|1791331666563|35|10|1347529625040
LdbcShortQuery4MessageContent|1791331666598|1791331666598|1|1|-1
LdbcShortQuery5MessageCreator|1791331666599|1791331666599|1|1|-1
LdbcShortQuery6MessageForum|1791331666600|1791331666601|0|1|-1
LdbcShortQuery7MessageReplies|1791331666601|1791331666601|0|0|-1
LdbcShortQuery1PersonProfile|1791331666601|1791331666603|0|1|-1
LdbcShortQuery2PersonPosts|1791331666603|1791331666604|0|6|-1
LdbcShortQuery3PersonFriends|1791331666604|1791331666604|1|45|-1
LdbcShortQuery4MessageContent|1791331666605|1791331666605|0|1|-1
LdbcShortQuery5MessageCreator|1791331666605|1791331666606|0|1|-1
LdbcShortQuery6MessageForum|1791331666606|1791331666607|0|1|-1
LdbcShortQuery7MessageReplies|1791331666607|1791331666607|1|1|-1
LdbcQuery12|1791331665218|1791331666609|49|3|1347529625040
LdbcShortQuery1PersonProfile|1791331666658|1791331666658|1|1|-1
LdbcShortQuery2PersonPosts|1791331666659|1791331666659|0|10|-1
LdbcShortQuery3PersonFriends|1791331666659|1791331666660|0|17|-1
LdbcShortQuery4MessageContent|1791331666660|1791331666660|0|1|-1
LdbcShortQuery5MessageCreator|1791331666660|1791331666662|0|1|-1
LdbcShortQuery6MessageForum|1791331666662|1791331666662|0|1|-1
LdbcShortQuery7MessageReplies|1791331666662|1791331666663|0|6|-1
LdbcShortQuery1PersonProfile|1791331666663|1791331666664|0|1|-1
LdbcShortQuery2PersonPosts|1791331666664|1791331666664|0|10|-1
LdbcShortQuery3PersonFriends|1791331666664|1791331666665|0|7|-1
LdbcQuery8|1791331665218|1791331666665|12|20|1347529625040
LdbcShortQuery4MessageContent|1791331666677|1791331666678|1|1|-1
LdbcShortQuery5MessageCreator|1791331666679|1791331666679|0|1|-1
LdbcShortQuery6MessageForum|1791331666679|1791331666680|0|1|-1
LdbcShortQuery7MessageReplies|1791331666680|1791331666680|1|0|-1
LdbcShortQuery1PersonProfile|1791331666681|1791331666681|1|1|-1
LdbcShortQuery2PersonPosts|1791331666682|1791331666682|1|10|-1
LdbcShortQuery3PersonFriends|1791331666683|1791331666684|1|81|-1
LdbcShortQuery4MessageContent|1791331666685|1791331666686|0|1|-1
LdbcShortQuery5MessageCreator|1791331666686|1791331666686|0|1|-1
LdbcShortQuery6MessageForum|1791331666686|1791331666687|0|1|-1
LdbcShortQuery7MessageReplies|1791331666687|1791331666688|1|1|-1
LdbcQuery7|1791331665218|1791331666689|22|20|1347529625040
LdbcShortQuery1PersonProfile|1791331666711|1791331666712|1|1|-1
LdbcShortQuery2PersonPosts|1791331666713|1791331666714|1|10|-1
LdbcShortQuery3PersonFriends|1791331666715|1791331666715|1|86|-1
LdbcShortQuery4MessageContent|1791331666716|1791331666716|0|1|-1
LdbcShortQuery5MessageCreator|1791331666716|1791331666716|0|1|-1
LdbcShortQuery6MessageForum|1791331666716|1791331666717|0|1|-1
LdbcShortQuery7MessageReplies|1791331666717|1791331666718|0|1|-1
LdbcUpdate5AddForumMembership|1791331667614|1791331667614|13|0|1347529648998
LdbcUpdate5AddForumMembership|1791331667669|1791331667669|8|0|1347529649543
LdbcQuery8|1791331670079|1791331670080|16|20|1347529673647
LdbcShortQuery4MessageContent|1791331670096|1791331670097|2|1|-1
LdbcShortQuery5MessageCreator|1791331670099|1791331670099|2|1|-1
LdbcShortQuery6MessageForum|1791331670101|1791331670101|1|1|-1
LdbcShortQuery7MessageReplies|1791331670102|1791331670102|1|0|-1
LdbcShortQuery1PersonProfile|1791331670103|1791331670103|1|1|-1
LdbcShortQuery2PersonPosts|1791331670104|1791331670105|1|10|-1
LdbcShortQuery3PersonFriends|1791331670106|1791331670107|2|38|-1
LdbcShortQuery4MessageContent|1791331670109|1791331670109|1|1|-1
LdbcShortQuery5MessageCreator|1791331670110|1791331670110|1|1|-1
LdbcShortQuery6MessageForum|1791331670111|1791331670112|1|1|-1
LdbcShortQuery7MessageReplies|1791331670113|1791331670114|1|4|-1
LdbcQuery7|1791331670079|1791331670115|4|20|1347529673647
LdbcShortQuery1PersonProfile|1791331670119|1791331670120|1|1|-1
LdbcShortQuery2PersonPosts|1791331670121|1791331670121|2|10|-1
LdbcShortQuery3PersonFriends|1791331670123|1791331670123|1|40|-1
LdbcShortQuery4MessageContent|1791331670124|1791331670125|2|1|-1
LdbcShortQuery5MessageCreator|1791331670127|1791331670128|1|1|-1
LdbcShortQuery6MessageForum|1791331670129|1791331670129|1|1|-1
LdbcShortQuery7MessageReplies|1791331670130|1791331670131|1|0|-1
LdbcUpdate3AddCommentLike|1791331670160|1791331670161|13|0|1347529674451
LdbcQuery5|1791331670079|1791331670132|61|20|1347529673647
LdbcShortQuery4MessageContent|1791331670193|1791331670195|3|1|-1
LdbcShortQuery5MessageCreator|1791331670198|1791331670199|4|1|-1
LdbcShortQuery6MessageForum|1791331670203|1791331670203|4|1|-1
LdbcShortQuery7MessageReplies|1791331670207|1791331670207|1|7|-1
LdbcShortQuery1PersonProfile|1791331670208|1791331670209|64|1|-1
LdbcShortQuery2PersonPosts|1791331670273|1791331670273|1|10|-1
LdbcShortQuery3PersonFriends|1791331670274|1791331670274|4|43|-1
LdbcQuery2|1791331670079|1791331670279|76|20|1347529673647
LdbcShortQuery1PersonProfile|1791331670355|1791331670356|1|1|-1
LdbcShortQuery2PersonPosts|1791331670357|1791331670358|1|10|-1
LdbcShortQuery3PersonFriends|1791331670359|1791331670359|1|70|-1
LdbcShortQuery4MessageContent|1791331670360|1791331670360|0|1|-1
LdbcShortQuery5MessageCreator|1791331670360|1791331670361|0|1|-1
LdbcShortQuery6MessageForum|1791331670361|1791331670361|0|1|-1
LdbcShortQuery7MessageReplies|1791331670361|1791331670362|0|0|-1
LdbcQuery11|1791331670079|1791331670362|1|0|1347529673647
LdbcShortQuery4MessageContent|1791331670363|1791331670364|0|1|-1
LdbcShortQuery5MessageCreator|1791331670364|1791331670365|0|1|-1
LdbcShortQuery6MessageForum|1791331670365|1791331670365|0|1|-1
LdbcShortQuery7MessageReplies|1791331670365|1791331670366|0|0|-1
LdbcShortQuery1PersonProfile|1791331670366|1791331670366|0|1|-1
LdbcShortQuery2PersonPosts|1791331670366|1791331670367|0|10|-1
LdbcShortQuery3PersonFriends|1791331670367|1791331670367|0|14|-1
LdbcQuery14|1791331670079|1791331670368|3|1|1347529673647
LdbcShortQuery1PersonProfile|1791331670371|1791331670371|0|1|-1
LdbcShortQuery2PersonPosts|1791331670371|1791331670372|1|10|-1
LdbcShortQuery3PersonFriends|1791331670373|1791331670373|0|9|-1
LdbcQuery9|1791331670079|1791331670374|104|20|1347529673647
LdbcShortQuery4MessageContent|1791331670478|1791331670478|3|1|-1
LdbcShortQuery5MessageCreator|1791331670481|1791331670482|4|1|-1
LdbcShortQuery6MessageForum|1791331670486|1791331670486|3|1|-1
LdbcShortQuery7MessageReplies|1791331670489|1791331670489|4|4|-1
LdbcQuery4|1791331670079|1791331670494|4|3|1347529673647
LdbcShortQuery1PersonProfile|1791331670498|1791331670498|13|1|-1
LdbcShortQuery2PersonPosts|1791331670511|1791331670512|2|10|-1
LdbcShortQuery3PersonFriends|1791331670514|1791331670514|2|60|-1
LdbcQuery13|1791331670079|1791331670516|2|1|1347529673647
LdbcShortQuery4MessageContent|1791331670518|1791331670518|1|1|-1
LdbcShortQuery5MessageCreator|1791331670519|1791331670521|1|1|-1
LdbcShortQuery6MessageForum|1791331670522|1791331670523|1|1|-1
LdbcShortQuery7MessageReplies|1791331670524|1791331670524|1|6|-1
LdbcShortQuery1PersonProfile|1791331670525|1791331670526|1|1|-1
LdbcShortQuery2PersonPosts|1791331670527|1791331670527|2|10|-1
LdbcShortQuery3PersonFriends|1791331670529|1791331670530|1|45|-1
LdbcQuery12|1791331670079|1791331670531|59|3|1347529673647
LdbcShortQuery1PersonProfile|1791331670590|1791331670592|8|1|-1
LdbcShortQuery2PersonPosts|1791331670600|1791331670600|4|10|-1
LdbcShortQuery3PersonFriends|1791331670604|1791331670605|3|59|-1
LdbcShortQuery4MessageContent|1791331670608|1791331670608|10|1|-1
LdbcShortQuery5MessageCreator|1791331670618|1791331670618|4|1|-1
LdbcShortQuery6MessageForum|1791331670622|1791331670623|6|1|-1
LdbcShortQuery7MessageReplies|1791331670629|1791331670629|3|0|-1
LdbcShortQuery1PersonProfile|1791331670632|1791331670632|9|1|-1
LdbcShortQuery2PersonPosts|1791331670641|1791331670641|2|10|-1
LdbcShortQuery3PersonFriends|1791331670643|1791331670644|2|10|-1
LdbcQuery3|1791331670079|1791331670646|32|0|1347529673647
LdbcShortQuery4MessageContent|1791331670678|1791331670678|1|1|-1
LdbcShortQuery5MessageCreator|1791331670679|1791331670680|1|1|-1
LdbcShortQuery6MessageForum|1791331670681|1791331670682|0|1|-1
LdbcShortQuery7MessageReplies|1791331670682|1791331670682|1|0|-1
LdbcQuery10|1791331670079|1791331670683|8|10|1347529673647
LdbcShortQuery1PersonProfile|1791331670691|1791331670691|0|1|-1
LdbcShortQuery2PersonPosts|1791331670691|1791331670692|25|10|-1
LdbcShortQuery3PersonFriends|1791331670717|1791331670718|5|338|-1
LdbcShortQuery4MessageContent|1791331670723|1791331670724|1|1|-1
LdbcShortQuery5MessageCreator|1791331670725|1791331670725|1|1|-1
LdbcShortQuery6MessageForum|1791331670726|1791331670728|1|1|-1
LdbcShortQuery7MessageReplies|1791331670729|1791331670729|1|5|-1
LdbcShortQuery1PersonProfile|1791331670730|1791331670730|1|1|-1
LdbcShortQuery2PersonPosts|1791331670731|1791331670731|1|10|-1
LdbcShortQuery3PersonFriends|1791331670732|1791331670733|3|47|-1
LdbcQuery1|1791331670079|1791331670736|2|2|1347529673647
LdbcShortQuery4MessageContent|1791331670738|1791331670739|1|1|-1
LdbcShortQuery5MessageCreator|1791331670740|1791331670740|1|1|-1
LdbcShortQuery6MessageForum|1791331670741|1791331670741|1|1|-1
LdbcShortQuery7MessageReplies|1791331670742|1791331670744|1|0|-1
LdbcQuery6|1791331670079|1791331670745|39|10|1347529673647
LdbcShortQuery1PersonProfile|1791331670784|1791331670785|1|1|-1
LdbcShortQuery2PersonPosts|1791331670786|1791331670786|1|10|-1
LdbcShortQuery3PersonFriends|1791331670787|1791331670787|1|27|-1
LdbcShortQuery4MessageContent|1791331670788|1791331670788|0|1|-1
LdbcShortQuery5MessageCreator|1791331670788|1791331670789|0|1|-1
LdbcShortQuery6MessageForum|1791331670789|1791331670789|0|1|-1
LdbcShortQuery7MessageReplies|1791331670789|1791331670791|2|12|-1
LdbcQuery1|1791331674940|1791331674941|41|2|1347529722254
LdbcShortQuery4MessageContent|1791331674982|1791331674982|0|1|-1
LdbcShortQuery5MessageCreator|1791331674982|1791331674982|0|1|-1
LdbcShortQuery6MessageForum|1791331674982|1791331674984|0|1|-1
LdbcShortQuery7MessageReplies|1791331674984|1791331674984|0|0|-1
LdbcQuery6|1791331674940|1791331674985|98|10|1347529722254
LdbcShortQuery1PersonProfile|1791331675083|1791331675083|6|1|-1
LdbcShortQuery2PersonPosts|1791331675089|1791331675089|1|10|-1
LdbcShortQuery3PersonFriends|1791331675090|1791331675091|3|91|-1
LdbcQuery9|1791331674940|1791331675094|82|20|1347529722254
LdbcShortQuery4MessageContent|1791331675176|1791331675177|2|1|-1
LdbcShortQuery5MessageCreator|1791331675179|1791331675179|1|1|-1
LdbcShortQuery6MessageForum|1791331675180|1791331675181|1|1|-1
LdbcShortQuery7MessageReplies|1791331675182|1791331675183|1|0|-1
LdbcQuery5|1791331674940|1791331675184|159|20|1347529722254
LdbcShortQuery1PersonProfile|1791331675343|1791331675344|2|1|-1
LdbcShortQuery2PersonPosts|1791331675346|1791331675346|2|10|-1
LdbcShortQuery3PersonFriends|1791331675348|1791331675349|2|30|-1
LdbcShortQuery4MessageContent|1791331675351|1791331675352|1|1|-1
LdbcShortQuery5MessageCreator|1791331675353|1791331675353|1|1|-1
LdbcShortQuery6MessageForum|1791331675354|1791331675355|1|1|-1
LdbcShortQuery7MessageReplies|1791331675356|1791331675357|2|6|-1
LdbcShortQuery1PersonProfile|1791331675359|1791331675359|1|1|-1
LdbcShortQuery2PersonPosts|1791331675360|1791331675360|1|10|-1
LdbcShortQuery3PersonFriends|1791331675361|1791331675362|3|149|-1
LdbcQuery8|1791331674940|1791331675365|3|20|1347529722254
LdbcShortQuery4MessageContent|1791331675368|1791331675369|1|1|-1
LdbcShortQuery5MessageCreator|1791331675370|1791331675370|1|1|-1
LdbcShortQuery6MessageForum|1791331675371|1791331675371|1|1|-1
LdbcShortQuery7MessageReplies|1791331675372|1791331675373|1|5|-1
LdbcQuery7|1791331674940|1791331675374|5|20|1347529722254
LdbcShortQuery1PersonProfile|1791331675379|1791331675379|1|1|-1
LdbcShortQuery2PersonPosts|1791331675380|1791331675381|2|10|-1
LdbcShortQuery3PersonFriends|1791331675383|1791331675383|1|29|-1
LdbcQuery14|1791331674940|1791331675385|60|17|1347529722254
LdbcShortQuery4MessageContent|1791331675445|1791331675446|1|1|-1
LdbcShortQuery5MessageCreator|1791331675447|1791331675447|1|1|-1
LdbcShortQuery6MessageForum|1791331675448|1791331675449|0|1|-1
LdbcShortQuery7MessageReplies|1791331675449|1791331675450|0|0|-1
LdbcShortQuery1PersonProfile|1791331675450|1791331675451|0|1|-1
LdbcShortQuery2PersonPosts|1791331675451|1791331675452|1|10|-1
LdbcShortQuery3PersonFriends|1791331675453|1791331675453|0|24|-1
LdbcShortQuery4MessageContent|1791331675453|1791331675454|0|1|-1
LdbcShortQuery5MessageCreator|1791331675454|1791331675455|0|1|-1
LdbcShortQuery6MessageForum|1791331675455|1791331675456|1|1|-1
LdbcShortQuery7MessageReplies|1791331675457|1791331675457|1|0|-1
LdbcQuery2|1791331674940|1791331675458|10|20|1347529722254
LdbcShortQuery1PersonProfile|1791331675468|1791331675469|2|1|-1
LdbcShortQuery2PersonPosts|1791331675471|1791331675472|2|10|-1
LdbcShortQuery3PersonFriends|1791331675474|1791331675474|2|51|-1
LdbcQuery11|1791331674940|1791331675477|3|0|1347529722254
LdbcShortQuery4MessageContent|1791331675480|1791331675480|1|1|-1
LdbcShortQuery5MessageCreator|1791331675481|1791331675482|1|1|-1
LdbcShortQuery6MessageForum|1791331675483|1791331675483|1|1|-1
LdbcShortQuery7MessageReplies|1791331675484|1791331675485|1|1|-1
LdbcShortQuery1PersonProfile|1791331675486|1791331675487|1|1|-1
LdbcShortQuery2PersonPosts|1791331675488|1791331675489|1|10|-1
LdbcShortQuery3PersonFriends|1791331675490|1791331675490|2|14|-1
LdbcQuery10|1791331674940|1791331675492|55|10|1347529722254
LdbcShortQuery1PersonProfile|1791331675547|1791331675548|1|1|-1
LdbcShortQuery2PersonPosts|1791331675549|1791331675550|2|10|-1
LdbcShortQuery3PersonFriends|1791331675552|1791331675552|1|13|-1
LdbcShortQuery4MessageContent|1791331675553|1791331675554|1|1|-1
LdbcShortQuery5MessageCreator|1791331675555|1791331675556|1|1|-1
LdbcShortQuery6MessageForum|1791331675557|1791331675557|1|1|-1
LdbcShortQuery7MessageReplies|1791331675558|1791331675559|1|0|-1
LdbcQuery12|1791331674940|1791331675561|92|1|1347529722254
LdbcShortQuery4MessageContent|1791331675653|1791331675654|2|1|-1
LdbcShortQuery5MessageCreator|1791331675656|1791331675656|4|1|-1
LdbcShortQuery6MessageForum|1791331675660|1791331675661|4|1|-1
LdbcShortQuery7MessageReplies|1791331675665|1791331675666|1|7|-1
LdbcShortQuery1PersonProfile|1791331675667|1791331675667|0|1|-1
LdbcShortQuery2PersonPosts|1791331675667|1791331675667|0|10|-1
LdbcShortQuery3PersonFriends|1791331675667|1791331675669|0|10|-1
LdbcQuery4|1791331674940|1791331675669|3|10|1347529722254
LdbcShortQuery1PersonProfile|1791331675672|1791331675672|1|1|-1
LdbcShortQuery2PersonPosts|1791331675673|1791331675674|2|10|-1
LdbcShortQuery3PersonFriends|1791331675676|1791331675677|1|27|-1
LdbcShortQuery4MessageContent|1791331675678|1791331675679|1|1|-1
LdbcShortQuery5MessageCreator|1791331675680|1791331675681|1|1|-1
LdbcShortQuery6MessageForum|1791331675682|1791331675683|1|1|-1
LdbcShortQuery7MessageReplies|1791331675684|1791331675685|1|0|-1
LdbcQuery13|1791331674940|1791331675686|2|1|1347529722254
LdbcShortQuery4MessageContent|1791331675688|1791331675688|1|1|-1
LdbcShortQuery5MessageCreator|1791331675689|1791331675690|1|1|-1
LdbcShortQuery6MessageForum|1791331675691|1791331675692|1|1|-1
LdbcShortQuery7MessageReplies|1791331675693|1791331675693|1|0|-1
LdbcShortQuery1PersonProfile|1791331675694|1791331675696|1|1|-1
LdbcShortQuery2PersonPosts|1791331675697|1791331675697|2|10|-1
LdbcShortQuery3PersonFriends|1791331675699|1791331675700|1|45|-1
LdbcQuery3|1791331674940|1791331675701|76|0|1347529722254
LdbcShortQuery1PersonProfile|1791331675777|1791331675778|1|1|-1
LdbcShortQuery2PersonPosts|1791331675779|1791331675780|2|10|-1
LdbcShortQuery3PersonFriends|1791331675782|1791331675782|1|5|-1
LdbcUpdate5AddForumMembership|1791331676133|1791331676134|13|0|1347529734188
LdbcQuery13|1791331679800|1791331679800|5|1|1347529770861
LdbcShortQuery4MessageContent|1791331679805|1791331679805|2|1|-1
LdbcShortQuery5MessageCreator|1791331679807|1791331679809|2|1|-1
LdbcShortQuery6MessageForum|1791331679811|1791331679811|2|1|-1
LdbcShortQuery7MessageReplies|1791331679813|1791331679813|1|0|-1
LdbcShortQuery1PersonProfile|1791331679814|1791331679815|1|1|-1
LdbcShortQuery2PersonPosts|1791331679816|1791331679817|1|10|-1
LdbcShortQuery3PersonFriends|1791331679818|1791331679819|1|15|-1
LdbcShortQuery4MessageContent|1791331679820|1791331679820|1|1|-1
LdbcShortQuery5MessageCreator|1791331679821|1791331679821|1|1|-1
LdbcShortQuery6MessageForum|1791331679822|1791331679822|1|1|-1
LdbcShortQuery7MessageReplies|1791331679823|1791331679823|1|0|-1
LdbcQuery3|1791331679800|1791331679825|99|0|1347529770861
LdbcShortQuery1PersonProfile|1791331679924|1791331679925|5|1|-1
LdbcShortQuery2PersonPosts|1791331679930|1791331679931|5|4|-1
LdbcShortQuery3PersonFriends|1791331679936|1791331679937|12|19|-1
LdbcShortQuery4MessageContent|1791331679949|1791331679950|79|1|-1
LdbcShortQuery5MessageCreator|1791331680029|1791331680030|1|1|-1
LdbcShortQuery6MessageForum|1791331680031|1791331680032|3|1|-1
LdbcShortQuery7MessageReplies|1791331680035|1791331680035|4|0|-1
LdbcQuery14|1791331679800|1791331680039|65|8|1347529770861
LdbcShortQuery4MessageContent|1791331680104|1791331680104|5|1|-1
LdbcShortQuery5MessageCreator|1791331680109|1791331680110|24|1|-1
LdbcShortQuery6MessageForum|1791331680134|1791331680135|2|1|-1
LdbcShortQuery7MessageReplies|1791331680137|1791331680137|46|0|-1
LdbcShortQuery1PersonProfile|1791331680183|1791331680183|1|1|-1
LdbcShortQuery2PersonPosts|1791331680184|1791331680186|22|10|-1
LdbcShortQuery3PersonFriends|1791331680208|1791331680208|1|91|-1
LdbcShortQuery4MessageContent|1791331680209|1791331680210|0|1|-1
LdbcShortQuery5MessageCreator|1791331680210|1791331680211|0|1|-1
LdbcShortQuery6MessageForum|1791331680211|1791331680211|0|1|-1
LdbcShortQuery7MessageReplies|1791331680211|1791331680212|0|0|-1
LdbcShortQuery1PersonProfile|1791331680212|1791331680212|0|1|-1
LdbcShortQuery2PersonPosts|1791331680212|1791331680213|1|10|-1
LdbcShortQuery3PersonFriends|1791331680214|1791331680214|2|54|-1
LdbcQuery9|1791331679800|1791331680217|75|20|1347529770861
LdbcShortQuery1PersonProfile|1791331680292|1791331680292|2|1|-1
LdbcShortQuery2PersonPosts|1791331680294|1791331680295|3|10|-1
LdbcShortQuery3PersonFriends|1791331680298|1791331680298|2|71|-1
LdbcShortQuery4MessageContent|1791331680300|1791331680300|1|1|-1
LdbcShortQuery5MessageCreator|1791331680301|1791331680303|1|1|-1
LdbcShortQuery6MessageForum|1791331680304|1791331680304|1|1|-1
LdbcShortQuery7MessageReplies|1791331680305|1791331680305|0|0|-1
LdbcQuery1|1791331679800|1791331680305|4|2|1347529770861
LdbcShortQuery4MessageContent|1791331680309|1791331680311|3|1|-1
LdbcShortQuery5MessageCreator|1791331680314|1791331680315|2|1|-1
LdbcShortQuery6MessageForum|1791331680317|1791331680317|2|1|-1
LdbcShortQuery7MessageReplies|1791331680319|1791331680319|17|0|-1
LdbcQuery6|1791331679800|1791331680337|54|10|1347529770861
LdbcShortQuery1PersonProfile|1791331680391|1791331680392|2|1|-1
LdbcShortQuery2PersonPosts|1791331680394|1791331680396|2|10|-1
LdbcShortQuery3PersonFriends|1791331680398|1791331680398|2|36|-1
LdbcShortQuery4MessageContent|1791331680400|1791331680400|2|1|-1
LdbcShortQuery5MessageCreator|1791331680402|1791331680402|1|1|-1
LdbcShortQuery6MessageForum|1791331680403|1791331680404|1|1|-1
LdbcShortQuery7MessageReplies|1791331680405|1791331680407|2|9|-1
LdbcShortQuery1PersonProfile|1791331680409|1791331680409|1|1|-1
LdbcShortQuery2PersonPosts|1791331680410|1791331680411|2|10|-1
LdbcShortQuery3PersonFriends|1791331680413|1791331680413|2|38|-1
LdbcShortQuery4MessageContent|1791331680415|1791331680415|1|1|-1
LdbcShortQuery5MessageCreator|1791331680416|1791331680416|2|1|-1
LdbcShortQuery6MessageForum|1791331680418|1791331680420|2|1|-1
LdbcShortQuery7MessageReplies|1791331680422|1791331680422|2|0|-1
LdbcQuery7|1791331679800|1791331680424|5|20|1347529770861
LdbcShortQuery4MessageContent|1791331680429|1791331680430|2|1|-1
LdbcShortQuery5MessageCreator|1791331680432|1791331680432|2|1|-1
LdbcShortQuery6MessageForum|1791331680434|1791331680435|2|1|-1
LdbcShortQuery7MessageReplies|1791331680437|1791331680437|2|14|-1
LdbcShortQuery1PersonProfile|1791331680439|1791331680440|1|1|-1
LdbcShortQuery2PersonPosts|1791331680441|1791331680441|2|10|-1
LdbcShortQuery3PersonFriends|1791331680443|1791331680445|2|32|-1
LdbcQuery5|1791331679800|1791331680447|61|20|1347529770861
LdbcShortQuery1PersonProfile|1791331680508|1791331680508|2|1|-1
LdbcShortQuery2PersonPosts|1791331680510|1791331680511|3|10|-1
LdbcShortQuery3PersonFriends|1791331680514|1791331680514|4|189|-1
LdbcShortQuery4MessageContent|1791331680518|1791331680519|6|1|-1
LdbcShortQuery5MessageCreator|1791331680525|1791331680525|2|1|-1
LdbcShortQuery6MessageForum|1791331680527|1791331680527|2|1|-1
LdbcShortQuery7MessageReplies|1791331680529|1791331680529|1|0|-1
LdbcQuery8|1791331679800|1791331680532|5|20|1347529770861
LdbcShortQuery4MessageContent|1791331680537|1791331680537|7|1|-1
LdbcShortQuery5MessageCreator|1791331680544|1791331680544|4|1|-1
LdbcShortQuery6MessageForum|1791331680548|1791331680549|3|1|-1
LdbcShortQuery7MessageReplies|1791331680552|1791331680552|2|2|-1
LdbcShortQuery1PersonProfile|1791331680554|1791331680554|3|1|-1
LdbcShortQuery2PersonPosts|1791331680557|1791331680558|1|10|-1
LdbcShortQuery3PersonFriends|1791331680559|1791331680560|1|20|-1
LdbcShortQuery4MessageContent|1791331680561|1791331680561|1|1|-1
LdbcShortQuery5MessageCreator|1791331680562|1791331680563|1|1|-1
LdbcShortQuery6MessageForum|1791331680564|1791331680564|1|1|-1
LdbcShortQuery7MessageReplies|1791331680565|1791331680566|2|2|-1
LdbcQuery4|1791331679800|1791331680568|3|2|1347529770861
LdbcShortQuery1PersonProfile|1791331680571|1791331680571|1|1|-1
LdbcShortQuery2PersonPosts|1791331680572|1791331680574|1|10|-1
LdbcShortQuery3PersonFriends|1791331680575|1791331680576|1|59|-1
LdbcShortQuery4MessageContent|1791331680577|1791331680577|1|1|-1
LdbcShortQuery5MessageCreator|1791331680578|1791331680578|0|1|-1
LdbcShortQuery6MessageForum|1791331680578|1791331680579|1|1|-1
LdbcShortQuery7MessageReplies|1791331680580|1791331680580|1|0|-1
LdbcQuery10|1791331679800|1791331680582|15|10|1347529770861
LdbcShortQuery4MessageContent|1791331680597|1791331680598|2|1|-1
LdbcShortQuery5MessageCreator|1791331680600|1791331680600|6|1|-1
LdbcShortQuery6MessageForum|1791331680606|1791331680607|7|1|-1
LdbcShortQuery7MessageReplies|1791331680614|1791331680615|5|0|-1
LdbcShortQuery1PersonProfile|1791331680620|1791331680620|1|1|-1
LdbcShortQuery2PersonPosts|1791331680621|1791331680622|2|10|-1
LdbcShortQuery3PersonFriends|1791331680624|1791331680624|1|19|-1
LdbcQuery2|1791331679800|1791331680626|4|20|1347529770861
LdbcShortQuery1PersonProfile|1791331680630|1791331680630|0|1|-1
LdbcShortQuery2PersonPosts|1791331680630|1791331680631|0|10|-1
LdbcShortQuery3PersonFriends|1791331680631|1791331680632|0|31|-1
LdbcQuery11|1791331679800|1791331680633|4|0|1347529770861
LdbcShortQuery4MessageContent|1791331680637|1791331680637|4|1|-1
LdbcShortQuery5MessageCreator|1791331680641|1791331680641|3|1|-1
LdbcShortQuery6MessageForum|1791331680644|1791331680645|5|1|-1
LdbcShortQuery7MessageReplies|1791331680650|1791331680650|4|3|-1
LdbcShortQuery1PersonProfile|1791331680654|1791331680655|3|1|-1
LdbcShortQuery2PersonPosts|1791331680658|1791331680658|3|10|-1
LdbcShortQuery3PersonFriends|1791331680661|1791331680662|1|12|-1
LdbcShortQuery4MessageContent|1791331680663|1791331680664|1|1|-1
LdbcShortQuery5MessageCreator|1791331680665|1791331680665|1|1|-1
LdbcShortQuery6MessageForum|1791331680666|1791331680667|1|1|-1
LdbcShortQuery7MessageReplies|1791331680668|1791331680668|1|0|-1
LdbcShortQuery1PersonProfile|1791331680669|1791331680669|1|1|-1
LdbcShortQuery2PersonPosts|1791331680670|1791331680671|3|10|-1
LdbcShortQuery3PersonFriends|1791331680674|1791331680675|2|50|-1
LdbcQuery12|1791331679800|1791331680677|102|2|1347529770861
LdbcShortQuery1PersonProfile|1791331680779|1791331680779|2|1|-1
LdbcShortQuery2PersonPosts|1791331680781|1791331680781|1|10|-1
LdbcShortQuery3PersonFriends|1791331680782|1791331680783|2|34|-1
LdbcUpdate7AddComment|1791331682059|1791331682059|14|0|1347529793440
LdbcQuery11|1791331684661|1791331684661|45|0|1347529819468
LdbcShortQuery4MessageContent|1791331684706|1791331684707|4|1|-1
LdbcShortQuery5MessageCreator|1791331684711|1791331684711|2|1|-1
LdbcShortQuery6MessageForum|1791331684713|1791331684714|2|1|-1
LdbcShortQuery7MessageReplies|1791331684716|1791331684716|2|0|-1
LdbcShortQuery1PersonProfile|1791331684718|1791331684718|2|1|-1
LdbcShortQuery2PersonPosts|1791331684720|1791331684721|3|10|-1
LdbcShortQuery3PersonFriends|1791331684724|1791331684724|3|81|-1
LdbcShortQuery4MessageContent|1791331684727|1791331684728|2|1|-1
LdbcShortQuery5MessageCreator|1791331684730|1791331684730|1|1|-1
LdbcShortQuery6MessageForum|1791331684731|1791331684732|1|1|-1
LdbcShortQuery7MessageReplies|1791331684733|1791331684733|1|6|-1
LdbcQuery12|1791331684661|1791331684735|64|1|1347529819468
LdbcShortQuery1PersonProfile|1791331684799|1791331684800|2|1|-1
LdbcShortQuery2PersonPosts|1791331684802|1791331684802|2|10|-1
LdbcShortQuery3PersonFriends|1791331684804|1791331684805|2|41|-1
LdbcShortQuery4MessageContent|1791331684807|1791331684808|1|1|-1
LdbcShortQuery5MessageCreator|1791331684809|1791331684810|2|1|-1
LdbcShortQuery6MessageForum|1791331684812|1791331684812|1|1|-1
LdbcShortQuery7MessageReplies|1791331684813|1791331684813|1|6|-1
LdbcShortQuery1PersonProfile|1791331684814|1791331684815|1|1|-1
LdbcShortQuery2PersonPosts|1791331684816|1791331684817|2|10|-1
LdbcShortQuery3PersonFriends|1791331684819|1791331684820|1|13|-1
LdbcShortQuery4MessageContent|1791331684821|1791331684822|1|1|-1
LdbcShortQuery5MessageCreator|1791331684823|1791331684824|1|1|-1
LdbcShortQuery6MessageForum|1791331684825|1791331684826|1|1|-1
LdbcShortQuery7MessageReplies|1791331684827|1791331684828|1|0|-1
LdbcShortQuery1PersonProfile|1791331684829|1791331684829|1|1|-1
LdbcShortQuery2PersonPosts|1791331684830|1791331684831|2|10|-1
LdbcShortQuery3PersonFriends|1791331684833|1791331684834|2|47|-1
LdbcQuery7|1791331684661|1791331684837|6|20|1347529819468
LdbcShortQuery4MessageContent|1791331684843|1791331684843|2|1|-1
LdbcShortQuery5MessageCreator|1791331684845|1791331684845|2|1|-1
LdbcShortQuery6MessageForum|1791331684847|1791331684847|1|1|-1
LdbcShortQuery7MessageReplies|1791331684848|1791331684849|2|9|-1
LdbcShortQuery1PersonProfile|1791331684851|1791331684852|1|1|-1
LdbcShortQuery2PersonPosts|1791331684853|1791331684854|0|10|-1
LdbcShortQuery3PersonFriends|1791331684854|1791331684855|0|13|-1
LdbcShortQuery4MessageContent|1791331684855|1791331684855|0|1|-1
LdbcShortQuery5MessageCreator|1791331684855|1791331684856|0|1|-1
LdbcShortQuery6MessageForum|1791331684856|1791331684856|0|1|-1
LdbcShortQuery7MessageReplies|1791331684856|1791331684857|0|0|-1
LdbcShortQuery1PersonProfile|1791331684857|1791331684858|0|1|-1
LdbcShortQuery2PersonPosts|1791331684858|1791331684858|0|10|-1
LdbcShortQuery3PersonFriends|1791331684858|1791331684859|1|269|-1
LdbcQuery14|1791331684661|1791331684860|86|10|1347529819468
LdbcShortQuery1PersonProfile|1791331684946|1791331684947|3|1|-1
LdbcShortQuery2PersonPosts|1791331684950|1791331684950|2|10|-1
LdbcShortQuery3PersonFriends|1791331684952|1791331684952|1|14|-1
LdbcShortQuery4MessageContent|1791331684953|1791331684954|2|1|-1
LdbcShortQuery5MessageCreator|1791331684956|1791331684956|1|1|-1
LdbcShortQuery6MessageForum|1791331684957|1791331684957|1|1|-1
LdbcShortQuery7MessageReplies|1791331684958|1791331684958|2|0|-1
LdbcShortQuery1PersonProfile|1791331684960|1791331684960|0|1|-1
LdbcShortQuery2PersonPosts|1791331684960|1791331684961|1|10|-1
LdbcShortQuery3PersonFriends|1791331684962|1791331684963|1|24|-1
LdbcQuery13|1791331684661|1791331684964|1|1|1347529819468
LdbcShortQuery4MessageContent|1791331684965|1791331684966|1|1|-1
LdbcShortQuery5MessageCreator|1791331684967|1791331684967|2|1|-1
LdbcShortQuery6MessageForum|1791331684969|1791331684969|1|1|-1
LdbcShortQuery7MessageReplies|1791331684970|1791331684972|1|0|-1
LdbcShortQuery1PersonProfile|1791331684973|1791331684973|2|1|-1
LdbcShortQuery2PersonPosts|1791331684975|1791331684976|1|10|-1
LdbcShortQuery3PersonFriends|1791331684977|1791331684977|1|19|-1
LdbcShortQuery4MessageContent|1791331684978|1791331684979|1|1|-1
LdbcShortQuery5MessageCreator|1791331684980|1791331684981|2|1|-1
LdbcShortQuery6MessageForum|1791331684983|1791331684983|1|1|-1
LdbcShortQuery7MessageReplies|1791331684984|1791331684985|1|6|-1
LdbcShortQuery1PersonProfile|1791331684986|1791331684986|1|1|-1
LdbcShortQuery2PersonPosts|1791331684987|1791331684987|49|10|-1
LdbcShortQuery3PersonFriends|1791331685036|1791331685037|1|109|-1
LdbcShortQuery4MessageContent|1791331685038|1791331685038|0|1|-1
LdbcShortQuery5MessageCreator|1791331685038|1791331685038|0|1|-1
LdbcShortQuery6MessageForum|1791331685038|1791331685039|0|1|-1
LdbcShortQuery7MessageReplies|1791331685039|1791331685039|0|1|-1
LdbcQuery3|1791331684661|1791331685041|177|0|1347529819468
LdbcShortQuery1PersonProfile|1791331685218|1791331685218|1|1|-1
LdbcShortQuery2PersonPosts|1791331685219|1791331685221|2|10|-1
LdbcShortQuery3PersonFriends|1791331685223|1791331685223|7|0|-1
LdbcShortQuery4MessageContent|1791331685230|1791331685230|1|1|-1
LdbcShortQuery5MessageCreator|1791331685231|1791331685231|2|1|-1
LdbcShortQuery6MessageForum|1791331685233|1791331685234|1|1|-1
LdbcShortQuery7MessageReplies|1791331685235|1791331685235|1|0|-1
LdbcQuery6|1791331684661|1791331685237|47|10|1347529819468
LdbcShortQuery4MessageContent|1791331685284|1791331685284|5|1|-1
LdbcShortQuery5MessageCreator|1791331685289|1791331685290|24|1|-1
LdbcShortQuery6MessageForum|1791331685314|1791331685314|34|1|-1
LdbcShortQuery7MessageReplies|1791331685348|1791331685349|14|0|-1
LdbcShortQuery1PersonProfile|1791331685363|1791331685363|2|1|-1
LdbcShortQuery2PersonPosts|1791331685365|1791331685366|2|10|-1
LdbcShortQuery3PersonFriends|1791331685368|1791331685368|2|63|-1
LdbcQuery9|1791331684661|1791331685370|70|20|1347529819468
LdbcShortQuery1PersonProfile|1791331685440|1791331685441|2|1|-1
LdbcShortQuery2PersonPosts|1791331685443|1791331685444|2|10|-1
LdbcShortQuery3PersonFriends|1791331685446|1791331685447|2|86|-1
LdbcShortQuery4MessageContent|1791331685449|1791331685450|2|1|-1
LdbcShortQuery5MessageCreator|1791331685452|1791331685452|1|1|-1
LdbcShortQuery6MessageForum|1791331685453|1791331685453|1|1|-1
LdbcShortQuery7MessageReplies|1791331685454|1791331685455|1|0|-1
LdbcShortQuery1PersonProfile|1791331685456|1791331685456|1|1|-1
LdbcShortQuery2PersonPosts|1791331685457|1791331685458|2|10|-1
LdbcShortQuery3PersonFriends|1791331685460|1791331685460|1|21|-1
LdbcShortQuery4MessageContent|1791331685461|1791331685462|1|1|-1
LdbcShortQuery5MessageCreator|1791331685463|1791331685464|1|1|-1
LdbcShortQuery6MessageForum|1791331685465|1791331685465|1|1|-1
LdbcShortQuery7MessageReplies|1791331685466|1791331685466|1|0|-1
LdbcQuery1|1791331684661|1791331685468|3|5|1347529819468
LdbcShortQuery4MessageContent|1791331685471|1791331685471|1|1|-1
LdbcShortQuery5MessageCreator|1791331685472|1791331685474|1|1|-1
LdbcShortQuery6MessageForum|1791331685475|1791331685475|1|1|-1
LdbcShortQuery7MessageReplies|1791331685476|1791331685477|2|0|-1
LdbcShortQuery1PersonProfile|1791331685479|1791331685479|2|1|-1
LdbcShortQuery2PersonPosts|1791331685481|1791331685481|2|10|-1
LdbcShortQuery3PersonFriends|1791331685483|1791331685483|1|44|-1
LdbcQuery2|1791331684661|1791331685485|7|20|1347529819468
LdbcShortQuery1PersonProfile|1791331685492|1791331685493|1|1|-1
LdbcShortQuery2PersonPosts|1791331685494|1791331685494|1|10|-1
LdbcShortQuery3PersonFriends|1791331685495|1791331685496|1|34|-1
LdbcShortQuery4MessageContent|1791331685497|1791331685497|1|1|-1
LdbcShortQuery5MessageCreator|1791331685498|1791331685499|1|1|-1
LdbcShortQuery6MessageForum|1791331685500|1791331685500|1|1|-1
LdbcShortQuery7MessageReplies|1791331685501|1791331685501|1|6|-1
LdbcQuery4|1791331684661|1791331685504|2|0|1347529819468
LdbcShortQuery4MessageContent|1791331685506|1791331685506|1|1|-1
LdbcShortQuery5MessageCreator|1791331685507|1791331685507|1|1|-1
LdbcShortQuery6MessageForum|1791331685508|1791331685508|1|1|-1
LdbcShortQuery7MessageReplies|1791331685509|1791331685510|1|5|-1
LdbcShortQuery1PersonProfile|1791331685511|1791331685511|1|1|-1
LdbcShortQuery2PersonPosts|1791331685512|1791331685512|1|10|-1
LdbcShortQuery3PersonFriends|1791331685513|1791331685514|2|91|-1
LdbcQuery5|1791331684661|1791331685516|17|0|1347529819468
LdbcShortQuery1PersonProfile|1791331685533|1791331685534|1|1|-1
LdbcShortQuery2PersonPosts|1791331685535|1791331685535|1|10|-1
LdbcShortQuery3PersonFriends|1791331685536|1791331685537|2|96|-1
LdbcShortQuery4MessageContent|1791331685539|1791331685539|1|1|-1
LdbcShortQuery5MessageCreator|1791331685540|1791331685541|1|1|-1
LdbcShortQuery6MessageForum|1791331685542|1791331685542|1|1|-1
LdbcShortQuery7MessageReplies|1791331685543|1791331685544|1|2|-1
LdbcShortQuery1PersonProfile|1791331685545|1791331685545|1|1|-1
LdbcShortQuery2PersonPosts|1791331685546|1791331685546|1|10|-1
LdbcShortQuery3PersonFriends|1791331685547|1791331685547|1|15|-1
LdbcQuery8|1791331684661|1791331685549|2|20|1347529819468
LdbcShortQuery4MessageContent|1791331685551|1791331685551|1|1|-1
LdbcShortQuery5MessageCreator|1791331685552|1791331685552|1|1|-1
LdbcShortQuery6MessageForum|1791331685553|1791331685554|1|1|-1
LdbcShortQuery7MessageReplies|1791331685555|1791331685555|1|7|-1
LdbcShortQuery1PersonProfile|1791331685556|1791331685557|1|1|-1
LdbcShortQuery2PersonPosts|1791331685558|1791331685558|1|10|-1
LdbcShortQuery3PersonFriends|1791331685559|1791331685559|1|6|-1
LdbcQuery10|1791331684661|1791331685561|13|10|1347529819468
LdbcShortQuery1PersonProfile|1791331685574|1791331685574|1|1|-1
LdbcShortQuery2PersonPosts|1791331685575|1791331685575|1|10|-1
LdbcShortQuery3PersonFriends|1791331685576|1791331685577|1|59|-1
LdbcShortQuery4MessageContent|1791331685578|1791331685578|1|1|-1
LdbcShortQuery5MessageCreator|1791331685579|1791331685580|1|1|-1
LdbcShortQuery6MessageForum|1791331685581|1791331685581|1|1|-1
LdbcShortQuery7MessageReplies|1791331685582|1791331685582|1|5|-1
LdbcShortQuery1PersonProfile|1791331685583|1791331685584|1|1|-1
LdbcShortQuery2PersonPosts|1791331685585|1791331685585|1|10|-1
LdbcShortQuery3PersonFriends|1791331685586|1791331685586|1|6|-1
LdbcShortQuery4MessageContent|1791331685587|1791331685588|1|1|-1
LdbcShortQuery5MessageCreator|1791331685589|1791331685589|1|1|-1
LdbcShortQuery6MessageForum|1791331685590|1791331685590|1|1|-1
LdbcShortQuery7MessageReplies|1791331685591|1791331685592|1|0|-1
LdbcShortQuery1PersonProfile|1791331685593|1791331685593|1|1|-1
LdbcShortQuery2PersonPosts|1791331685594|1791331685594|2|10|-1
LdbcShortQuery3PersonFriends|1791331685596|1791331685597|1|63|-1
LdbcUpdate5AddForumMembership|1791331685719|1791331685719|18|0|1347529830039
LdbcQuery8|1791331689522|1791331689522|9|20|1347529868075
LdbcShortQuery4MessageContent|1791331689531|1791331689532|1|1|-1
LdbcShortQuery5MessageCreator|1791331689533|1791331689534|1|1|-1
LdbcShortQuery6MessageForum|1791331689535|1791331689535|0|1|-1
LdbcShortQuery7MessageReplies|1791331689535|1791331689536|0|0|-1
LdbcShortQuery1PersonProfile|1791331689536|1791331689537|0|1|-1
LdbcShortQuery2PersonPosts|1791331689537|1791331689537|1|10|-1
LdbcShortQuery3PersonFriends|1791331689538|1791331689538|1|40|-1
LdbcShortQuery4MessageContent|1791331689539|1791331689539|0|1|-1
LdbcShortQuery5MessageCreator|1791331689539|1791331689541|0|1|-1
LdbcShortQuery6MessageForum|1791331689541|1791331689542|0|1|-1
LdbcShortQuery7MessageReplies|1791331689542|1791331689542|0|0|-1
LdbcQuery10|1791331689522|1791331689543|13|10|1347529868075
LdbcShortQuery1PersonProfile|1791331689556|1791331689556|1|1|-1
LdbcShortQuery2PersonPosts|1791331689557|1791331689557|1|10|-1
LdbcShortQuery3PersonFriends|1791331689558|1791331689559|1|2|-1
LdbcShortQuery4MessageContent|1791331689560|1791331689560|1|1|-1
LdbcShortQuery5MessageCreator|1791331689561|1791331689562|1|1|-1
LdbcShortQuery6MessageForum|1791331689563|1791331689563|0|1|-1
LdbcShortQuery7MessageReplies|1791331689563|1791331689564|2|1|-1
LdbcQuery6|1791331689522|1791331689567|61|10|1347529868075
LdbcShortQuery4MessageContent|1791331689628|1791331689628|1|1|-1
LdbcShortQuery5MessageCreator|1791331689629|1791331689630|1|1|-1
LdbcShortQuery6MessageForum|1791331689631|1791331689631|0|1|-1
LdbcShortQuery7MessageReplies|1791331689631|1791331689631|0|0|-1
LdbcShortQuery1PersonProfile|1791331689631|1791331689633|0|1|-1
LdbcShortQuery2PersonPosts|1791331689633|1791331689634|1|10|-1
LdbcShortQuery3PersonFriends|1791331689635|1791331689636|2|96|-1
LdbcQuery7|1791331689522|1791331689638|3|20|1347529868075
LdbcShortQuery1PersonProfile|1791331689641|1791331689642|1|1|-1
LdbcShortQuery2PersonPosts|1791331689643|1791331689643|2|10|-1
LdbcShortQuery3PersonFriends|1791331689645|1791331689646|1|9|-1
LdbcShortQuery4MessageContent|1791331689647|1791331689648|1|1|-1
LdbcShortQuery5MessageCreator|1791331689649|1791331689649|1|1|-1
LdbcShortQuery6MessageForum|1791331689650|1791331689651|1|1|-1
LdbcShortQuery7MessageReplies|1791331689652|1791331689652|1|0|-1
LdbcQuery11|1791331689522|1791331689653|4|0|1347529868075
LdbcShortQuery4MessageContent|1791331689657|1791331689657|1|1|-1
LdbcShortQuery5MessageCreator|1791331689658|1791331689660|1|1|-1
LdbcShortQuery6MessageForum|1791331689661|1791331689661|1|1|-1
LdbcShortQuery7MessageReplies|1791331689662|1791331689663|1|0|-1
LdbcShortQuery1PersonProfile|1791331689664|1791331689665|1|1|-1
LdbcShortQuery2PersonPosts|1791331689666|1791331689666|2|10|-1
LdbcShortQuery3PersonFriends|1791331689668|1791331689668|2|75|-1
LdbcQuery12|1791331689522|1791331689670|70|1|1347529868075
LdbcShortQuery1PersonProfile|1791331689740|1791331689741|2|1|-1
LdbcShortQuery2PersonPosts|1791331689743|1791331689744|2|10|-1
LdbcShortQuery3PersonFriends|1791331689746|1791331689747|3|21|-1
LdbcShortQuery4MessageContent|1791331689750|1791331689750|2|1|-1
LdbcShortQuery5MessageCreator|1791331689752|1791331689752|2|1|-1
LdbcShortQuery6MessageForum|1791331689754|1791331689755|1|1|-1
LdbcShortQuery7MessageReplies|1791331689756|1791331689757|1|0|-1
LdbcShortQuery1PersonProfile|1791331689758|1791331689759|1|1|-1
LdbcShortQuery2PersonPosts|1791331689760|1791331689760|2|10|-1
LdbcShortQuery3PersonFriends|1791331689762|1791331689763|1|7|-1
LdbcShortQuery4MessageContent|1791331689764|1791331689765|1|1|-1
LdbcShortQuery5MessageCreator|1791331689766|1791331689767|1|1|-1
LdbcShortQuery6MessageForum|1791331689768|1791331689768|1|1|-1
LdbcShortQuery7MessageReplies|1791331689769|1791331689770|3|3|-1
LdbcShortQuery1PersonProfile|1791331689773|1791331689774|0|1|-1
LdbcShortQuery2PersonPosts|1791331689774|1791331689775|1|10|-1
LdbcShortQuery3PersonFriends|1791331689776|1791331689776|0|38|-1
LdbcQuery3|1791331689522|1791331689777|73|0|1347529868075
LdbcShortQuery4MessageContent|1791331689850|1791331689851|2|1|-1
LdbcShortQuery5MessageCreator|1791331689853|1791331689853|2|1|-1
LdbcShortQuery6MessageForum|1791331689855|1791331689856|2|1|-1
LdbcShortQuery7MessageReplies|1791331689858|1791331689859|2|7|-1
LdbcShortQuery1PersonProfile|1791331689861|1791331689861|2|1|-1
LdbcShortQuery2PersonPosts|1791331689863|1791331689863|2|10|-1
LdbcShortQuery3PersonFriends|1791331689865|1791331689865|2|21|-1
LdbcShortQuery4MessageContent|1791331689867|1791331689867|2|1|-1
LdbcShortQuery5MessageCreator|1791331689869|1791331689870|1|1|-1
LdbcShortQuery6MessageForum|1791331689871|1791331689872|1|1|-1
LdbcShortQuery7MessageReplies|1791331689873|1791331689874|1|0|-1
LdbcQuery14|1791331689522|1791331689875|70|5|1347529868075
LdbcShortQuery1PersonProfile|1791331689945|1791331689945|5|1|-1
LdbcShortQuery2PersonPosts|1791331689950|1791331689951|2|10|-1
LdbcShortQuery3PersonFriends|1791331689953|1791331689955|2|54|-1
LdbcQuery13|1791331689522|1791331689957|4|1|1347529868075
LdbcShortQuery4MessageContent|1791331689961|1791331689962|3|1|-1
LdbcShortQuery5MessageCreator|1791331689965|1791331689966|2|1|-1
LdbcShortQuery6MessageForum|1791331689968|1791331689969|1|1|-1
LdbcShortQuery7MessageReplies|1791331689970|1791331689970|1|0|-1
LdbcShortQuery1PersonProfile|1791331689971|1791331689971|1|1|-1
LdbcShortQuery2PersonPosts|1791331689972|1791331689973|3|10|-1
LdbcShortQuery3PersonFriends|1791331689976|1791331689976|3|47|-1
LdbcShortQuery4MessageContent|1791331689979|1791331689980|2|1|-1
LdbcShortQuery5MessageCreator|1791331689982|1791331689982|1|1|-1
LdbcShortQuery6MessageForum|1791331689983|1791331689983|1|1|-1
LdbcShortQuery7MessageReplies|1791331689984|1791331689985|1|0|-1
LdbcQuery5|1791331689522|1791331689987|47|20|1347529868075
LdbcShortQuery1PersonProfile|1791331690034|1791331690034|2|1|-1
LdbcShortQuery2PersonPosts|1791331690036|1791331690036|2|10|-1
LdbcShortQuery3PersonFriends|1791331690038|1791331690038|1|31|-1
LdbcShortQuery4MessageContent|1791331690039|1791331690040|1|1|-1
LdbcShortQuery5MessageCreator|1791331690041|1791331690042|1|1|-1
LdbcShortQuery6MessageForum|1791331690043|1791331690043|1|1|-1
LdbcShortQuery7MessageReplies|1791331690044|1791331690044|1|0|-1
LdbcQuery2|1791331689522|1791331690045|8|20|1347529868075
LdbcShortQuery4MessageContent|1791331690053|1791331690054|1|1|-1
LdbcShortQuery5MessageCreator|1791331690055|1791331690056|1|1|-1
LdbcShortQuery6MessageForum|1791331690057|1791331690057|1|1|-1
LdbcShortQuery7MessageReplies|1791331690058|1791331690058|1|0|-1
LdbcShortQuery1PersonProfile|1791331690059|1791331690060|3|1|-1
LdbcShortQuery2PersonPosts|1791331690063|1791331690063|2|10|-1
LdbcShortQuery3PersonFriends|1791331690065|1791331690065|2|32|-1
LdbcShortQuery4MessageContent|1791331690067|1791331690067|2|1|-1
LdbcShortQuery5MessageCreator|1791331690069|1791331690070|2|1|-1
LdbcShortQuery6MessageForum|1791331690072|1791331690072|1|1|-1
LdbcShortQuery7MessageReplies|1791331690073|1791331690074|1|0|-1
LdbcQuery9|1791331689522|1791331690075|63|20|1347529868075
LdbcShortQuery1PersonProfile|1791331690138|1791331690138|1|1|-1
LdbcShortQuery2PersonPosts|1791331690139|1791331690141|1|10|-1
LdbcShortQuery3PersonFriends|1791331690142|1791331690142|0|15|-1
LdbcShortQuery4MessageContent|1791331690142|1791331690143|0|1|-1
LdbcShortQuery5MessageCreator|1791331690143|1791331690143|0|1|-1
LdbcShortQuery6MessageForum|1791331690143|1791331690144|0|1|-1
LdbcShortQuery7MessageReplies|1791331690144|1791331690145|0|1|-1
LdbcQuery1|1791331689522|1791331690145|1|1|1347529868075
LdbcShortQuery4MessageContent|1791331690146|1791331690146|0|1|-1
LdbcShortQuery5MessageCreator|1791331690146|1791331690147|0|1|-1
LdbcShortQuery6MessageForum|1791331690147|1791331690148|0|1|-1
LdbcShortQuery7MessageReplies|1791331690148|1791331690148|0|5|-1
LdbcQuery4|1791331689522|1791331690149|0|3|1347529868075
LdbcShortQuery1PersonProfile|1791331690149|1791331690150|0|1|-1
LdbcShortQuery2PersonPosts|1791331690150|1791331690150|0|10|-1
LdbcShortQuery3PersonFriends|1791331690150|1791331690151|0|55|-1
LdbcShortQuery4MessageContent|1791331690151|1791331690152|0|1|-1
LdbcShortQuery5MessageCreator|1791331690152|1791331690152|0|1|-1
LdbcShortQuery6MessageForum|1791331690152|1791331690153|0|1|-1
LdbcShortQuery7MessageReplies|1791331690153|1791331690154|0|5|-1
LdbcQuery1|1791331694382|1791331694382|11|20|1347529916682
LdbcShortQuery4MessageContent|1791331694393|1791331694393|2|1|-1
LdbcShortQuery5MessageCreator|1791331694395|1791331694395|3|1|-1
LdbcShortQuery6MessageForum|1791331694398|1791331694398|2|1|-1
LdbcShortQuery7MessageReplies|1791331694400|1791331694402|6|0|-1
LdbcShortQuery1PersonProfile|1791331694408|1791331694408|21|1|-1
LdbcShortQuery2PersonPosts|1791331694429|1791331694429|2|10|-1
LdbcShortQuery3PersonFriends|1791331694431|1791331694431|2|24|-1
LdbcQuery4|1791331694382|1791331694434|2|1|1347529916682
LdbcShortQuery1PersonProfile|1791331694436|1791331694436|1|1|-1
LdbcShortQuery2PersonPosts|1791331694437|1791331694437|1|10|-1
LdbcShortQuery3PersonFriends|1791331694438|1791331694439|1|64|-1
LdbcQuery3|1791331694382|1791331694440|59|0|1347529916682
LdbcShortQuery4MessageContent|1791331694499|1791331694500|1|1|-1
LdbcShortQuery5MessageCreator|1791331694501|1791331694502|1|1|-1
LdbcShortQuery6MessageForum|1791331694503|1791331694503|1|1|-1
LdbcShortQuery7MessageReplies|1791331694504|1791331694505|1|0|-1
LdbcShortQuery1PersonProfile|1791331694506|1791331694506|1|1|-1
LdbcShortQuery2PersonPosts|1791331694507|1791331694507|1|10|-1
LdbcShortQuery3PersonFriends|1791331694508|1791331694509|1|13|-1
LdbcShortQuery4MessageContent|1791331694510|1791331694510|1|1|-1
LdbcShortQuery5MessageCreator|1791331694511|1791331694512|1|1|-1
LdbcShortQuery6MessageForum|1791331694513|1791331694513|1|1|-1
LdbcShortQuery7MessageReplies|1791331694514|1791331694514|1|6|-1
LdbcQuery6|1791331694382|1791331694516|36|1|1347529916682
LdbcShortQuery1PersonProfile|1791331694552|1791331694552|1|1|-1
LdbcShortQuery2PersonPosts|1791331694553|1791331694553|0|10|-1
LdbcShortQuery3PersonFriends|1791331694553|1791331694553|1|38|-1
LdbcShortQuery4MessageContent|1791331694554|1791331694556|0|1|-1
LdbcShortQuery5MessageCreator|1791331694556|1791331694556|2|1|-1
LdbcShortQuery6MessageForum|1791331694558|1791331694558|0|1|-1
LdbcShortQuery7MessageReplies|1791331694558|1791331694559|0|0|-1
LdbcQuery8|1791331694382|1791331694559|4|20|1347529916682
LdbcShortQuery4MessageContent|1791331694563|1791331694565|4|1|-1
LdbcShortQuery5MessageCreator|1791331694569|1791331694569|3|1|-1
LdbcShortQuery6MessageForum|1791331694572|1791331694573|0|1|-1
LdbcShortQuery7MessageReplies|1791331694573|1791331694574|3|0|-1
LdbcQuery10|1791331694382|1791331694577|42|10|1347529916682
LdbcShortQuery1PersonProfile|1791331694619|1791331694619|34|1|-1
LdbcShortQuery2PersonPosts|1791331694653|1791331694653|2|10|-1
LdbcShortQuery3PersonFriends|1791331694655|1791331694656|3|109|-1
LdbcShortQuery4MessageContent|1791331694659|1791331694660|3|1|-1
LdbcShortQuery5MessageCreator|1791331694663|1791331694663|2|1|-1
LdbcShortQuery6MessageForum|1791331694665|1791331694666|2|1|-1
LdbcShortQuery7MessageReplies|1791331694668|1791331694669|1|0|-1
LdbcShortQuery1PersonProfile|1791331694670|1791331694670|3|1|-1
LdbcShortQuery2PersonPosts|1791331694673|1791331694674|3|10|-1
LdbcShortQuery3PersonFriends|1791331694677|1791331694677|5|340|-1
LdbcQuery12|1791331694382|1791331694683|43|2|1347529916682
LdbcShortQuery4MessageContent|1791331694726|1791331694727|2|1|-1
LdbcShortQuery5MessageCreator|1791331694729|1791331694729|1|1|-1
LdbcShortQuery6MessageForum|1791331694730|1791331694731|1|1|-1
LdbcShortQuery7MessageReplies|1791331694732|1791331694733|1|0|-1
LdbcShortQuery1PersonProfile|1791331694734|1791331694734|1|1|-1
LdbcShortQuery2PersonPosts|1791331694735|1791331694736|1|10|-1
LdbcShortQuery3PersonFriends|1791331694737|1791331694737|1|40|-1
LdbcQuery7|1791331694382|1791331694739|3|20|1347529916682
LdbcShortQuery1PersonProfile|1791331694742|1791331694743|1|1|-1
LdbcShortQuery2PersonPosts|1791331694744|1791331694744|2|10|-1
LdbcShortQuery3PersonFriends|1791331694746|1791331694748|5|29|-1
LdbcShortQuery4MessageContent|1791331694753|1791331694753|2|1|-1
LdbcShortQuery5MessageCreator|1791331694755|1791331694755|1|1|-1
LdbcShortQuery6MessageForum|1791331694756|1791331694757|2|1|-1
LdbcShortQuery7MessageReplies|1791331694759|1791331694759|1|2|-1
LdbcShortQuery1PersonProfile|1791331694760|1791331694761|2|1|-1
LdbcShortQuery2PersonPosts|1791331694763|1791331694763|3|10|-1
LdbcShortQuery3PersonFriends|1791331694766|1791331694767|3|96|-1
LdbcQuery11|1791331694382|1791331694771|14|1|1347529916682
LdbcShortQuery4MessageContent|1791331694785|1791331694786|2|1|-1
LdbcShortQuery5MessageCreator|1791331694788|1791331694788|2|1|-1
LdbcShortQuery6MessageForum|1791331694790|1791331694790|0|1|-1
LdbcShortQuery7MessageReplies|1791331694790|1791331694791|0|9|-1
LdbcShortQuery1PersonProfile|1791331694791|1791331694792|0|1|-1
LdbcShortQuery2PersonPosts|1791331694792|1791331694793|1|10|-1
LdbcShortQuery3PersonFriends|1791331694794|1791331694794|1|30|-1
LdbcQuery9|1791331694382|1791331694795|96|20|1347529916682
LdbcShortQuery1PersonProfile|1791331694891|1791331694893|2|1|-1
LdbcShortQuery2PersonPosts|1791331694895|1791331694895|3|10|-1
LdbcShortQuery3PersonFriends|1791331694898|1791331694898|2|38|-1
LdbcShortQuery4MessageContent|1791331694900|1791331694900|1|1|-1
LdbcShortQuery5MessageCreator|1791331694901|1791331694902|1|1|-1
LdbcShortQuery6MessageForum|1791331694903|1791331694904|1|1|-1
LdbcShortQuery7MessageReplies|1791331694905|1791331694906|1|4|-1
LdbcShortQuery1PersonProfile|1791331694907|1791331694907|1|1|-1
LdbcShortQuery2PersonPosts|1791331694908|1791331694909|2|10|-1
LdbcShortQuery3PersonFriends|1791331694911|1791331694911|2|78|-1
LdbcQuery5|1791331694382|1791331694914|38|20|1347529916682
LdbcShortQuery4MessageContent|1791331694952|1791331694953|3|1|-1
LdbcShortQuery5MessageCreator|1791331694956|1791331694956|3|1|-1
LdbcShortQuery6MessageForum|1791331694959|1791331694959|2|1|-1
LdbcShortQuery7MessageReplies|1791331694961|1791331694961|2|0|-1
LdbcShortQuery1PersonProfile|1791331694963|1791331694963|1|1|-1
LdbcShortQuery2PersonPosts|1791331694964|1791331694965|2|10|-1
LdbcShortQuery3PersonFriends|1791331694967|1791331694968|2|27|-1
LdbcQuery14|1791331694382|1791331694971|52|8|1347529916682
LdbcShortQuery1PersonProfile|1791331695023|1791331695023|2|1|-1
LdbcShortQuery2PersonPosts|1791331695025|1791331695026|2|10|-1
LdbcShortQuery3PersonFriends|1791331695028|1791331695028|3|70|-1
LdbcShortQuery4MessageContent|1791331695031|1791331695031|2|1|-1
LdbcShortQuery5MessageCreator|1791331695033|1791331695034|2|1|-1
LdbcShortQuery6MessageForum|1791331695036|1791331695037|2|1|-1
LdbcShortQuery7MessageReplies|1791331695039|1791331695039|2|7|-1
LdbcShortQuery1PersonProfile|1791331695041|1791331695042|2|1|-1
LdbcShortQuery2PersonPosts|1791331695044|1791331695045|3|10|-1
LdbcShortQuery3PersonFriends|1791331695048|1791331695048|2|21|-1
LdbcShortQuery4MessageContent|1791331695050|1791331695051|2|1|-1
LdbcShortQuery5MessageCreator|1791331695053|1791331695054|2|1|-1
LdbcShortQuery6MessageForum|1791331695056|1791331695057|2|1|-1
LdbcShortQuery7MessageReplies|1791331695059|1791331695059|1|6|-1
LdbcQuery13|1791331694382|1791331695060|1|1|1347529916682
LdbcShortQuery4MessageContent|1791331695061|1791331695062|1|1|-1
LdbcShortQuery5MessageCreator|1791331695063|1791331695064|2|1|-1
LdbcShortQuery6MessageForum|1791331695066|1791331695066|0|1|-1
LdbcShortQuery7MessageReplies|1791331695066|1791331695067|0|0|-1
LdbcShortQuery1PersonProfile|1791331695067|1791331695068|0|1|-1
LdbcShortQuery2PersonPosts|1791331695068|1791331695068|0|10|-1
LdbcShortQuery3PersonFriends|1791331695068|1791331695069|0|19|-1
LdbcQuery2|1791331694382|1791331695070|3|20|1347529916682
LdbcShortQuery1PersonProfile|1791331695073|1791331695074|0|1|-1
LdbcShortQuery2PersonPosts|1791331695074|1791331695075|2|10|-1
LdbcShortQuery3PersonFriends|1791331695077|1791331695077|1|17|-1
LdbcShortQuery4MessageContent|1791331695078|1791331695078|1|1|-1
LdbcShortQuery5MessageCreator|1791331695079|1791331695080|1|1|-1
LdbcShortQuery6MessageForum|1791331695081|1791331695081|1|1|-1
LdbcShortQuery7MessageReplies|1791331695082|1791331695083|1|0|-1
LdbcShortQuery1PersonProfile|1791331695084|1791331695084|1|1|-1
LdbcShortQuery2PersonPosts|1791331695085|1791331695085|0|0|-1
LdbcShortQuery3PersonFriends|1791331695085|1791331695086|0|34|-1
LdbcShortQuery4MessageContent|1791331695086|1791331695088|0|1|-1
LdbcShortQuery5MessageCreator|1791331695088|1791331695088|0|1|-1
LdbcShortQuery6MessageForum|1791331695088|1791331695089|0|1|-1
LdbcShortQuery7MessageReplies|1791331695089|1791331695090|0|0|-1
LdbcUpdate5AddForumMembership|1791331697042|1791331697042|8|0|1347529943273
LdbcQuery13|1791331699243|1791331699244|1|1|1347529965289
LdbcShortQuery4MessageContent|1791331699245|1791331699245|0|1|-1
LdbcShortQuery5MessageCreator|1791331699245|1791331699246|1|1|-1
LdbcShortQuery6MessageForum|1791331699247|1791331699247|1|1|-1
LdbcShortQuery7MessageReplies|1791331699248|1791331699249|0|0|-1
LdbcShortQuery1PersonProfile|1791331699249|1791331699250|0|1|-1
LdbcShortQuery2PersonPosts|1791331699250|1791331699250|0|10|-1
LdbcShortQuery3PersonFriends|1791331699250|1791331699251|0|1|-1
LdbcQuery2|1791331699243|1791331699251|2|20|1347529965289
LdbcShortQuery1PersonProfile|1791331699253|1791331699253|0|1|-1
LdbcShortQuery2PersonPosts|1791331699253|1791331699254|0|10|-1
LdbcShortQuery3PersonFriends|1791331699254|1791331699254|0|30|-1
LdbcShortQuery4MessageContent|1791331699254|1791331699255|3|1|-1
LdbcShortQuery5MessageCreator|1791331699258|1791331699259|2|1|-1
LdbcShortQuery6MessageForum|1791331699261|1791331699261|0|1|-1
LdbcShortQuery7MessageReplies|1791331699261|1791331699262|0|0|-1
LdbcShortQuery1PersonProfile|1791331699262|1791331699263|0|1|-1
LdbcShortQuery2PersonPosts|1791331699263|1791331699263|0|2|-1
LdbcShortQuery3PersonFriends|1791331699263|1791331699264|0|37|-1
LdbcQuery12|1791331699243|1791331699264|61|1|1347529965289
LdbcShortQuery4MessageContent|1791331699325|1791331699326|3|1|-1
LdbcShortQuery5MessageCreator|1791331699329|1791331699330|1|1|-1
LdbcShortQuery6MessageForum|1791331699331|1791331699331|2|1|-1
LdbcShortQuery7MessageReplies|1791331699333|1791331699334|6|2|-1
LdbcShortQuery1PersonProfile|1791331699340|1791331699340|1|1|-1
LdbcShortQuery2PersonPosts|1791331699341|1791331699341|2|10|-1
LdbcShortQuery3PersonFriends|1791331699343|1791331699344|35|9|-1
LdbcShortQuery4MessageContent|1791331699379|1791331699380|1|1|-1
LdbcShortQuery5MessageCreator|1791331699381|1791331699381|1|1|-1
LdbcShortQuery6MessageForum|1791331699382|1791331699383|1|1|-1
LdbcShortQuery7MessageReplies|1791331699384|1791331699385|1|0|-1
LdbcShortQuery1PersonProfile|1791331699386|1791331699386|0|1|-1
LdbcShortQuery2PersonPosts|1791331699386|1791331699387|1|10|-1
LdbcShortQuery3PersonFriends|1791331699388|1791331699389|1|34|-1
LdbcShortQuery4MessageContent|1791331699390|1791331699390|0|1|-1
LdbcShortQuery5MessageCreator|1791331699390|1791331699391|0|1|-1
LdbcShortQuery6MessageForum|1791331699391|1791331699391|0|1|-1
LdbcShortQuery7MessageReplies|1791331699391|1791331699392|1|0|-1
LdbcQuery3|1791331699243|1791331699393|59|0|1347529965289
LdbcShortQuery1PersonProfile|1791331699452|1791331699454|0|1|-1
LdbcShortQuery2PersonPosts|1791331699454|1791331699454|0|10|-1
LdbcShortQuery3PersonFriends|1791331699454|1791331699455|0|19|-1
LdbcShortQuery4MessageContent|1791331699455|1791331699455|0|1|-1
LdbcShortQuery5MessageCreator|1791331699455|1791331699456|0|1|-1
LdbcShortQuery6MessageForum|1791331699456|1791331699456|0|1|-1
LdbcShortQuery7MessageReplies|1791331699456|1791331699458|1|2|-1
LdbcShortQuery1PersonProfile|1791331699459|1791331699459|0|1|-1
LdbcShortQuery2PersonPosts|1791331699459|1791331699459|0|10|-1
LdbcShortQuery3PersonFriends|1791331699459|1791331699460|0|15|-1
LdbcQuery1|1791331699243|1791331699460|1|19|1347529965289
LdbcShortQuery4MessageContent|1791331699461|1791331699463|0|1|-1
LdbcShortQuery5MessageCreator|1791331699463|1791331699463|0|1|-1
LdbcShortQuery6MessageForum|1791331699463|1791331699464|0|1|-1
LdbcShortQuery7MessageReplies|1791331699464|1791331699464|0|6|-1
LdbcQuery4|1791331699243|1791331699464|1|0|1347529965289
LdbcShortQuery1PersonProfile|1791331699465|1791331699465|0|1|-1
LdbcShortQuery2PersonPosts|1791331699465|1791331699467|0|10|-1
LdbcShortQuery3PersonFriends|1791331699467|1791331699467|0|25|-1
LdbcShortQuery4MessageContent|1791331699467|1791331699468|0|1|-1
LdbcShortQuery5MessageCreator|1791331699468|1791331699468|0|1|-1
LdbcShortQuery6MessageForum|1791331699468|1791331699469|0|1|-1
LdbcShortQuery7MessageReplies|1791331699469|1791331699469|0|0|-1
LdbcQuery10|1791331699243|1791331699469|10|10|1347529965289
LdbcShortQuery4MessageContent|1791331699479|1791331699481|0|1|-1
LdbcShortQuery5MessageCreator|1791331699481|1791331699481|0|1|-1
LdbcShortQuery6MessageForum|1791331699481|1791331699482|0|1|-1
LdbcShortQuery7MessageReplies|1791331699482|1791331699482|0|0|-1
LdbcQuery6|1791331699243|1791331699483|22|10|1347529965289
LdbcShortQuery1PersonProfile|1791331699505|1791331699506|0|1|-1
LdbcShortQuery2PersonPosts|1791331699506|1791331699506|0|10|-1
LdbcShortQuery3PersonFriends|1791331699506|1791331699507|0|3|-1
LdbcShortQuery4MessageContent|1791331699507|1791331699507|0|1|-1
LdbcShortQuery5MessageCreator|1791331699507|1791331699509|0|1|-1
LdbcShortQuery6MessageForum|1791331699509|1791331699509|0|1|-1
LdbcShortQuery7MessageReplies|1791331699509|1791331699509|0|14|-1
LdbcQuery8|1791331699243|1791331699510|1|20|1347529965289
LdbcShortQuery4MessageContent|1791331699511|1791331699511|0|1|-1
LdbcShortQuery5MessageCreator|1791331699511|1791331699512|0|1|-1
LdbcShortQuery6MessageForum|1791331699512|1791331699512|0|1|-1
LdbcShortQuery7MessageReplies|1791331699512|1791331699514|0|1|-1
LdbcShortQuery1PersonProfile|1791331699514|1791331699514|0|1|-1
LdbcShortQuery2PersonPosts|1791331699514|1791331699514|0|10|-1
LdbcShortQuery3PersonFriends|1791331699514|1791331699515|0|13|-1
LdbcShortQuery4MessageContent|1791331699515|1791331699515|0|1|-1
LdbcShortQuery5MessageCreator|1791331699515|1791331699515|0|1|-1
LdbcShortQuery6MessageForum|1791331699515|1791331699517|0|1|-1
LdbcShortQuery7MessageReplies|1791331699517|1791331699517|0|2|-1
LdbcQuery14|1791331699243|1791331699517|86|10|1347529965289
LdbcShortQuery1PersonProfile|1791331699603|1791331699604|3|1|-1
LdbcShortQuery2PersonPosts|1791331699607|1791331699607|14|10|-1
LdbcShortQuery3PersonFriends|1791331699621|1791331699621|1|9|-1
LdbcShortQuery4MessageContent|1791331699622|1791331699624|44|1|-1
LdbcShortQuery5MessageCreator|1791331699668|1791331699668|1|1|-1
LdbcShortQuery6MessageForum|1791331699669|1791331699669|1|1|-1
LdbcShortQuery7MessageReplies|1791331699670|1791331699671|61|9|-1
LdbcShortQuery1PersonProfile|1791331699732|1791331699732|1|1|-1
LdbcShortQuery2PersonPosts|1791331699733|1791331699733|65|10|-1
LdbcShortQuery3PersonFriends|1791331699798|1791331699799|2|70|-1
LdbcShortQuery4MessageContent|1791331699801|1791331699801|1|1|-1
LdbcShortQuery5MessageCreator|1791331699802|1791331699803|1|1|-1
LdbcShortQuery6MessageForum|1791331699804|1791331699804|1|1|-1
LdbcShortQuery7MessageReplies|1791331699805|1791331699805|1|0|-1
LdbcQuery9|1791331699243|1791331699806|47|20|1347529965289
LdbcShortQuery4MessageContent|1791331699853|1791331699853|1|1|-1
LdbcShortQuery5MessageCreator|1791331699854|1791331699855|1|1|-1
LdbcShortQuery6MessageForum|1791331699856|1791331699856|1|1|-1
LdbcShortQuery7MessageReplies|1791331699857|1791331699857|1|0|-1
LdbcShortQuery1PersonProfile|1791331699858|1791331699859|1|1|-1
LdbcShortQuery2PersonPosts|1791331699860|1791331699860|1|10|-1
LdbcShortQuery3PersonFriends|1791331699861|1791331699862|1|19|-1
LdbcShortQuery4MessageContent|1791331699863|1791331699863|1|1|-1
LdbcShortQuery5MessageCreator|1791331699864|1791331699865|1|1|-1
LdbcShortQuery6MessageForum|1791331699866|1791331699867|1|1|-1
LdbcShortQuery7MessageReplies|1791331699868|1791331699868|1|0|-1
LdbcShortQuery1PersonProfile|1791331699869|1791331699869|1|1|-1
LdbcShortQuery2PersonPosts|1791331699870|1791331699871|1|10|-1
LdbcShortQuery3PersonFriends|1791331699872|1791331699872|1|30|-1
LdbcQuery7|1791331699243|1791331699874|17|20|1347529965289
LdbcShortQuery1PersonProfile|1791331699891|1791331699891|4|1|-1
LdbcShortQuery2PersonPosts|1791331699895|1791331699895|2|10|-1
LdbcShortQuery3PersonFriends|1791331699897|1791331699898|4|73|-1
LdbcShortQuery4MessageContent|1791331699902|1791331699902|2|1|-1
LdbcShortQuery5MessageCreator|1791331699904|1791331699905|1|1|-1
LdbcShortQuery6MessageForum|1791331699906|1791331699907|1|1|-1
LdbcShortQuery7MessageReplies|1791331699908|1791331699909|1|0|-1
LdbcShortQuery1PersonProfile|1791331699910|1791331699910|1|1|-1
LdbcShortQuery2PersonPosts|1791331699911|1791331699912|2|10|-1
LdbcShortQuery3PersonFriends|1791331699914|1791331699915|1|5|-1
LdbcQuery11|1791331699243|1791331699915|2|0|1347529965289
LdbcShortQuery4MessageContent|1791331699917|1791331699918|0|1|-1
LdbcShortQuery5MessageCreator|1791331699918|1791331699919|1|1|-1
LdbcShortQuery6MessageForum|1791331699920|1791331699920|0|1|-1
LdbcShortQuery7MessageReplies|1791331699920|1791331699921|0|2|-1
LdbcShortQuery1PersonProfile|1791331699921|1791331699921|0|1|-1
LdbcShortQuery2PersonPosts|1791331699921|1791331699921|0|10|-1
LdbcShortQuery3PersonFriends|1791331699921|1791331699923|2|338|-1
LdbcShortQuery4MessageContent|1791331699925|1791331699926|0|1|-1
LdbcShortQuery5MessageCreator|1791331699926|1791331699927|0|1|-1
LdbcShortQuery6MessageForum|1791331699927|1791331699927|0|1|-1
LdbcShortQuery7MessageReplies|1791331699927|1791331699928|0|0|-1
LdbcShortQuery1PersonProfile|1791331699928|1791331699929|0|1|-1
LdbcShortQuery2PersonPosts|1791331699929|1791331699929|1|10|-1
LdbcShortQuery3PersonFriends|1791331699930|1791331699930|1|16|-1
LdbcQuery5|1791331699243|1791331699931|40|20|1347529965289
LdbcShortQuery1PersonProfile|1791331699971|1791331699972|2|1|-1
LdbcShortQuery2PersonPosts|1791331699974|1791331699974|3|10|-1
LdbcShortQuery3PersonFriends|1791331699977|1791331699977|3|109|-1
LdbcShortQuery4MessageContent|1791331699980|1791331699981|2|1|-1
LdbcShortQuery5MessageCreator|1791331699983|1791331699984|2|1|-1
LdbcShortQuery6MessageForum|1791331699986|1791331699986|2|1|-1
LdbcShortQuery7MessageReplies|1791331699988|1791331699988|2|0|-1
LdbcShortQuery1PersonProfile|1791331699990|1791331699992|2|1|-1
LdbcShortQuery2PersonPosts|1791331699994|1791331699994|2|10|-1
LdbcShortQuery3PersonFriends|1791331699996|1791331699997|2|25|-1
LdbcQuery11|1791331704104|1791331704104|5|0|1347530013896
LdbcShortQuery4MessageContent|1791331704109|1791331704110|2|1|-1
LdbcShortQuery5MessageCreator|1791331704112|1791331704112|4|1|-1
LdbcShortQuery6MessageForum|1791331704116|1791331704116|1|1|-1
LdbcShortQuery7MessageReplies|1791331704117|1791331704118|3|0|-1
LdbcShortQuery1PersonProfile|1791331704121|1791331704121|2|1|-1
LdbcShortQuery2PersonPosts|1791331704123|1791331704123|2|10|-1
LdbcShortQuery3PersonFriends|1791331704125|1791331704126|1|13|-1
LdbcShortQuery4MessageContent|1791331704127|1791331704128|1|1|-1
LdbcShortQuery5MessageCreator|1791331704129|1791331704130|2|1|-1
LdbcShortQuery6MessageForum|1791331704132|1791331704132|1|1|-1
LdbcShortQuery7MessageReplies|1791331704133|1791331704134|1|0|-1
LdbcShortQuery1PersonProfile|1791331704135|1791331704135|3|1|-1
LdbcShortQuery2PersonPosts|1791331704138|1791331704139|1|10|-1
LdbcShortQuery3PersonFriends|1791331704140|1791331704141|1|20|-1
LdbcQuery5|1791331704104|1791331704143|39|20|1347530013896
LdbcShortQuery1PersonProfile|1791331704182|1791331704183|1|1|-1
LdbcShortQuery2PersonPosts|1791331704184|1791331704184|2|10|-1
LdbcShortQuery3PersonFriends|1791331704186|1791331704187|1|51|-1
LdbcShortQuery4MessageContent|1791331704188|1791331704189|1|1|-1
LdbcShortQuery5MessageCreator|1791331704190|1791331704191|1|1|-1
LdbcShortQuery6MessageForum|1791331704192|1791331704192|1|1|-1
LdbcShortQuery7MessageReplies|1791331704193|1791331704194|1|0|-1
LdbcShortQuery1PersonProfile|1791331704195|1791331704195|1|1|-1
LdbcShortQuery2PersonPosts|1791331704196|1791331704197|2|10|-1
LdbcShortQuery3PersonFriends|1791331704199|1791331704200|1|5|-1
LdbcShortQuery4MessageContent|1791331704201|1791331704201|1|1|-1
LdbcShortQuery5MessageCreator|1791331704202|1791331704203|2|1|-1
LdbcShortQuery6MessageForum|1791331704205|1791331704205|1|1|-1
LdbcShortQuery7MessageReplies|1791331704206|1791331704207|1|0|-1
LdbcQuery10|1791331704104|1791331704209|17|10|1347530013896
LdbcShortQuery4MessageContent|1791331704226|1791331704226|18|1|-1
LdbcShortQuery5MessageCreator|1791331704244|1791331704244|9|1|-1
LdbcShortQuery6MessageForum|1791331704253|1791331704255|5|1|-1
LdbcShortQuery7MessageReplies|1791331704260|1791331704260|8|0|-1
LdbcShortQuery1PersonProfile|1791331704268|1791331704269|9|1|-1
LdbcShortQuery2PersonPosts|1791331704278|1791331704278|1|0|-1
LdbcShortQuery3PersonFriends|1791331704279|1791331704279|1|14|-1
LdbcQuery12|1791331704104|1791331704281|48|1|1347530013896
LdbcShortQuery1PersonProfile|1791331704329|1791331704330|8|1|-1
LdbcShortQuery2PersonPosts|1791331704338|1791331704338|10|10|-1
LdbcShortQuery3PersonFriends|1791331704348|1791331704348|3|44|-1
LdbcShortQuery4MessageContent|1791331704351|1791331704352|2|1|-1
LdbcShortQuery5MessageCreator|1791331704354|1791331704355|6|1|-1
LdbcShortQuery6MessageForum|1791331704361|1791331704361|8|1|-1
LdbcShortQuery7MessageReplies|1791331704369|1791331704370|1|0|-1
LdbcQuery13|1791331704104|1791331704371|14|1|1347530013896
LdbcShortQuery4MessageContent|1791331704385|1791331704386|13|1|-1
LdbcShortQuery5MessageCreator|1791331704399|1791331704400|4|1|-1
LdbcShortQuery6MessageForum|1791331704404|1791331704404|4|1|-1
LdbcShortQuery7MessageReplies|1791331704408|1791331704409|7|13|-1
LdbcShortQuery1PersonProfile|1791331704416|1791331704416|5|1|-1
LdbcShortQuery2PersonPosts|1791331704421|1791331704422|10|10|-1
LdbcShortQuery3PersonFriends|1791331704432|1791331704432|1|53|-1
LdbcShortQuery4MessageContent|1791331704433|1791331704434|1|1|-1
LdbcShortQuery5MessageCreator|1791331704435|1791331704435|1|1|-1
LdbcShortQuery6MessageForum|1791331704436|1791331704436|0|1|-1
LdbcShortQuery7MessageReplies|1791331704436|1791331704437|1|3|-1
LdbcShortQuery1PersonProfile|1791331704438|1791331704438|1|1|-1
LdbcShortQuery2PersonPosts|1791331704439|1791331704439|1|10|-1
LdbcShortQuery3PersonFriends|1791331704440|1791331704441|1|16|-1
LdbcQuery2|1791331704104|1791331704442|6|20|1347530013896
LdbcShortQuery1PersonProfile|1791331704448|1791331704448|1|1|-1
LdbcShortQuery2PersonPosts|1791331704449|1791331704450|1|10|-1
LdbcShortQuery3PersonFriends|1791331704451|1791331704451|0|7|-1
LdbcShortQuery4MessageContent|1791331704451|1791331704452|3|1|-1
LdbcShortQuery5MessageCreator|1791331704455|1791331704456|7|1|-1
LdbcShortQuery6MessageForum|1791331704463|1791331704464|3|1|-1
LdbcShortQuery7MessageReplies|1791331704467|1791331704467|26|9|-1
LdbcQuery4|1791331704104|1791331704494|4|3|1347530013896
LdbcShortQuery4MessageContent|1791331704498|1791331704498|1|1|-1
LdbcShortQuery5MessageCreator|1791331704499|1791331704500|1|1|-1
LdbcShortQuery6MessageForum|1791331704501|1791331704502|1|1|-1
LdbcShortQuery7MessageReplies|1791331704503|1791331704503|1|0|-1
LdbcQuery3|1791331704104|1791331704504|56|0|1347530013896
LdbcShortQuery1PersonProfile|1791331704560|1791331704561|1|1|-1
LdbcShortQuery2PersonPosts|1791331704562|1791331704563|1|10|-1
LdbcShortQuery3PersonFriends|1791331704564|1791331704565|2|149|-1
LdbcShortQuery4MessageContent|1791331704567|1791331704567|1|1|-1
LdbcShortQuery5MessageCreator|1791331704568|1791331704569|0|1|-1
LdbcShortQuery6MessageForum|1791331704569|1791331704569|0|1|-1
LdbcShortQuery7MessageReplies|1791331704569|1791331704570|0|0|-1
LdbcQuery1|1791331704104|1791331704571|1|20|1347530013896
LdbcShortQuery4MessageContent|1791331704572|1791331704572|1|1|-1
LdbcShortQuery5MessageCreator|1791331704573|1791331704574|2|1|-1
LdbcShortQuery6MessageForum|1791331704576|1791331704577|2|1|-1
LdbcShortQuery7MessageReplies|1791331704579|1791331704579|1|0|-1
LdbcShortQuery1PersonProfile|1791331704580|1791331704581|1|1|-1
LdbcShortQuery2PersonPosts|1791331704582|1791331704583|2|10|-1
LdbcShortQuery3PersonFriends|1791331704585|1791331704587|2|2|-1
LdbcQuery7|1791331704104|1791331704589|17|20|1347530013896
LdbcShortQuery1PersonProfile|1791331704606|1791331704606|3|1|-1
LdbcShortQuery2PersonPosts|1791331704609|1791331704609|7|10|-1
LdbcShortQuery3PersonFriends|1791331704616|1791331704617|2|91|-1
LdbcShortQuery4MessageContent|1791331704619|1791331704619|2|1|-1
LdbcShortQuery5MessageCreator|1791331704621|1791331704621|1|1|-1
LdbcShortQuery6MessageForum|1791331704622|1791331704623|1|1|-1
LdbcShortQuery7MessageReplies|1791331704624|1791331704625|1|0|-1
LdbcQuery14|1791331704104|1791331704626|3|1|1347530013896
LdbcShortQuery4MessageContent|1791331704629|1791331704630|1|1|-1
LdbcShortQuery5MessageCreator|1791331704631|1791331704631|1|1|-1
LdbcShortQuery6MessageForum|1791331704632|1791331704634|1|1|-1
LdbcShortQuery7MessageReplies|1791331704635|1791331704635|1|0|-1
LdbcQuery6|1791331704104|1791331704636|38|10|1347530013896
LdbcShortQuery1PersonProfile|1791331704674|1791331704674|1|1|-1
LdbcShortQuery2PersonPosts|1791331704675|1791331704676|0|10|-1
LdbcShortQuery3PersonFriends|1791331704676|1791331704677|0|7|-1
LdbcShortQuery4MessageContent|1791331704677|1791331704677|0|1|-1
LdbcShortQuery5MessageCreator|1791331704677|1791331704678|0|1|-1
LdbcShortQuery6MessageForum|1791331704678|1791331704678|0|1|-1
LdbcShortQuery7MessageReplies|1791331704678|1791331704679|0|7|-1
LdbcShortQuery1PersonProfile|1791331704679|1791331704679|0|1|-1
LdbcShortQuery2PersonPosts|1791331704679|1791331704680|0|10|-1
LdbcShortQuery3PersonFriends|1791331704680|1791331704680|0|3|-1
LdbcShortQuery4MessageContent|1791331704680|1791331704680|0|1|-1
LdbcShortQuery5MessageCreator|1791331704680|1791331704680|0|1|-1
LdbcShortQuery6MessageForum|1791331704680|1791331704682|0|1|-1
LdbcShortQuery7MessageReplies|1791331704682|1791331704682|0|3|-1
LdbcQuery8|1791331704104|1791331704683|1|20|1347530013896
LdbcShortQuery4MessageContent|1791331704684|1791331704684|0|1|-1
LdbcShortQuery5MessageCreator|1791331704684|1791331704684|0|1|-1
LdbcShortQuery6MessageForum|1791331704684|1791331704686|0|1|-1
LdbcShortQuery7MessageReplies|1791331704686|1791331704686|0|5|-1
LdbcShortQuery1PersonProfile|1791331704686|1791331704686|0|1|-1
LdbcShortQuery2PersonPosts|1791331704686|1791331704687|0|3|-1
LdbcShortQuery3PersonFriends|1791331704687|1791331704687|0|12|-1
LdbcQuery9|1791331704104|1791331704688|37|20|1347530013896
LdbcShortQuery1PersonProfile|1791331704725|1791331704726|0|1|-1
LdbcShortQuery2PersonPosts|1791331704726|1791331704727|0|10|-1
LdbcShortQuery3PersonFriends|1791331704727|1791331704727|0|7|-1
LdbcShortQuery4MessageContent|1791331704727|1791331704728|0|1|-1
LdbcShortQuery5MessageCreator|1791331704728|1791331704728|0|1|-1
LdbcShortQuery6MessageForum|1791331704728|1791331704728|0|1|-1
LdbcShortQuery7MessageReplies|1791331704728|1791331704730|0|1|-1
LdbcShortQuery1PersonProfile|1791331704730|1791331704730|0|1|-1
LdbcShortQuery2PersonPosts|1791331704730|1791331704730|0|10|-1
LdbcShortQuery3PersonFriends|1791331704730|1791331704731|0|46|-1
LdbcQuery8|1791331708964|1791331708964|6|20|1347530062503
LdbcShortQuery4MessageContent|1791331708970|1791331708970|2|1|-1
LdbcShortQuery5MessageCreator|1791331708972|1791331708972|1|1|-1
LdbcShortQuery6MessageForum|1791331708973|1791331708974|2|1|-1
LdbcShortQuery7MessageReplies|1791331708976|1791331708976|1|0|-1
LdbcShortQuery1PersonProfile|1791331708977|1791331708978|1|1|-1
LdbcShortQuery2PersonPosts|1791331708979|1791331708980|2|10|-1
LdbcShortQuery3PersonFriends|1791331708982|1791331708982|2|36|-1
LdbcShortQuery4MessageContent|1791331708984|1791331708984|1|1|-1
LdbcShortQuery5MessageCreator|1791331708985|1791331708985|1|1|-1
LdbcShortQuery6MessageForum|1791331708986|1791331708986|1|1|-1
LdbcShortQuery7MessageReplies|1791331708987|1791331708988|1|0|-1
LdbcQuery9|1791331708964|1791331708989|78|20|1347530062503
LdbcShortQuery1PersonProfile|1791331709067|1791331709067|2|1|-1
LdbcShortQuery2PersonPosts|1791331709069|1791331709069|2|10|-1
LdbcShortQuery3PersonFriends|1791331709071|1791331709071|1|6|-1
LdbcShortQuery4MessageContent|1791331709072|1791331709074|1|1|-1
LdbcShortQuery5MessageCreator|1791331709075|1791331709075|1|1|-1
LdbcShortQuery6MessageForum|1791331709076|1791331709076|1|1|-1
LdbcShortQuery7MessageReplies|1791331709077|1791331709077|1|0|-1
LdbcShortQuery1PersonProfile|1791331709078|1791331709078|1|1|-1
LdbcShortQuery2PersonPosts|1791331709079|1791331709079|1|10|-1
LdbcShortQuery3PersonFriends|1791331709080|1791331709080|1|37|-1
LdbcQuery4|1791331708964|1791331709083|1|0|1347530062503
LdbcShortQuery4MessageContent|1791331709084|1791331709084|1|1|-1
LdbcShortQuery5MessageCreator|1791331709085|1791331709086|1|1|-1
LdbcShortQuery6MessageForum|1791331709087|1791331709088|1|1|-1
LdbcShortQuery7MessageReplies|1791331709089|1791331709089|1|1|-1
LdbcShortQuery1PersonProfile|1791331709090|1791331709091|1|1|-1
LdbcShortQuery2PersonPosts|1791331709092|1791331709092|1|10|-1
LdbcShortQuery3PersonFriends|1791331709093|1791331709094|1|45|-1
LdbcShortQuery4MessageContent|1791331709095|1791331709096|1|1|-1
LdbcShortQuery5MessageCreator|1791331709097|1791331709097|1|1|-1
LdbcShortQuery6MessageForum|1791331709098|1791331709098|1|1|-1
LdbcShortQuery7MessageReplies|1791331709099|1791331709100|1|0|-1
LdbcQuery10|1791331708964|1791331709101|15|10|1347530062503
LdbcShortQuery1PersonProfile|1791331709116|1791331709117|1|1|-1
LdbcShortQuery2PersonPosts|1791331709118|1791331709119|1|10|-1
LdbcShortQuery3PersonFriends|1791331709120|1791331709120|1|60|-1
LdbcShortQuery4MessageContent|1791331709121|1791331709122|1|1|-1
LdbcShortQuery5MessageCreator|1791331709123|1791331709124|1|1|-1
LdbcShortQuery6MessageForum|1791331709125|1791331709125|1|1|-1
LdbcShortQuery7MessageReplies|1791331709126|1791331709126|1|0|-1
LdbcShortQuery1PersonProfile|1791331709127|1791331709128|1|1|-1
LdbcShortQuery2PersonPosts|1791331709129|1791331709129|2|10|-1
LdbcShortQuery3PersonFriends|1791331709131|1791331709131|1|8|-1
LdbcQuery11|1791331708964|1791331709132|4|0|1347530062503
LdbcShortQuery4MessageContent|1791331709136|1791331709136|1|1|-1
LdbcShortQuery5MessageCreator|1791331709137|1791331709138|1|1|-1
LdbcShortQuery6MessageForum|1791331709139|1791331709139|1|1|-1
LdbcShortQuery7MessageReplies|1791331709140|1791331709141|1|3|-1
LdbcQuery5|1791331708964|1791331709142|117|20|1347530062503
LdbcShortQuery1PersonProfile|1791331709259|1791331709260|2|1|-1
LdbcShortQuery2PersonPosts|1791331709262|1791331709262|3|10|-1
LdbcShortQuery3PersonFriends|1791331709265|1791331709266|3|38|-1
LdbcShortQuery4MessageContent|1791331709269|1791331709270|3|1|-1
LdbcShortQuery5MessageCreator|1791331709273|1791331709273|1|1|-1
LdbcShortQuery6MessageForum|1791331709274|1791331709274|0|1|-1
LdbcShortQuery7MessageReplies|1791331709274|1791331709275|0|0|-1
LdbcShortQuery1PersonProfile|1791331709275|1791331709276|0|1|-1
LdbcShortQuery2PersonPosts|1791331709276|1791331709276|1|10|-1
LdbcShortQuery3PersonFriends|1791331709277|1791331709278|1|37|-1
LdbcQuery2|1791331708964|1791331709279|10|20|1347530062503
LdbcShortQuery4MessageContent|1791331709289|1791331709290|1|1|-1
LdbcShortQuery5MessageCreator|1791331709291|1791331709292|1|1|-1
LdbcShortQuery6MessageForum|1791331709293|1791331709294|1|1|-1
LdbcShortQuery7MessageReplies|1791331709295|1791331709296|1|0|-1
LdbcShortQuery1PersonProfile|1791331709297|1791331709297|1|1|-1
LdbcShortQuery2PersonPosts|1791331709298|1791331709299|2|10|-1
LdbcShortQuery3PersonFriends|1791331709301|1791331709302|1|27|-1
LdbcQuery12|1791331708964|1791331709303|59|1|1347530062503
LdbcShortQuery1PersonProfile|1791331709362|1791331709363|1|1|-1
LdbcShortQuery2PersonPosts|1791331709364|1791331709365|2|10|-1
LdbcShortQuery3PersonFriends|1791331709367|1791331709368|2|269|-1
LdbcQuery13|1791331708964|1791331709370|1|1|1347530062503
LdbcShortQuery4MessageContent|1791331709371|1791331709372|1|1|-1
LdbcShortQuery5MessageCreator|1791331709373|1791331709373|1|1|-1
LdbcShortQuery6MessageForum|1791331709374|1791331709375|1|1|-1
LdbcShortQuery7MessageReplies|1791331709376|1791331709376|1|0|-1
LdbcShortQuery1PersonProfile|1791331709377|1791331709378|1|1|-1
LdbcShortQuery2PersonPosts|1791331709379|1791331709380|1|10|-1
LdbcShortQuery3PersonFriends|1791331709381|1791331709381|1|46|-1
LdbcQuery6|1791331708964|1791331709383|63|10|1347530062503
LdbcShortQuery1PersonProfile|1791331709446|1791331709447|3|1|-1
LdbcShortQuery2PersonPosts|1791331709450|1791331709451|6|10|-1
LdbcShortQuery3PersonFriends|1791331709457|1791331709457|8|70|-1
LdbcShortQuery4MessageContent|1791331709465|1791331709466|4|1|-1
LdbcShortQuery5MessageCreator|1791331709470|1791331709470|3|1|-1
LdbcShortQuery6MessageForum|1791331709473|1791331709474|2|1|-1
LdbcShortQuery7MessageReplies|1791331709476|1791331709476|2|0|-1
LdbcShortQuery1PersonProfile|1791331709478|1791331709479|2|1|-1
LdbcShortQuery2PersonPosts|1791331709481|1791331709481|3|10|-1
LdbcShortQuery3PersonFriends|1791331709484|1791331709484|2|28|-1
LdbcQuery7|1791331708964|1791331709486|4|20|1347530062503
LdbcShortQuery4MessageContent|1791331709490|1791331709490|1|1|-1
LdbcShortQuery5MessageCreator|1791331709491|1791331709492|1|1|-1
LdbcShortQuery6MessageForum|1791331709493|1791331709493|1|1|-1
LdbcShortQuery7MessageReplies|1791331709494|1791331709495|1|0|-1
LdbcShortQuery1PersonProfile|1791331709496|1791331709496|1|1|-1
LdbcShortQuery2PersonPosts|1791331709497|1791331709497|1|10|-1
LdbcShortQuery3PersonFriends|1791331709498|1791331709499|1|51|-1
LdbcQuery3|1791331708964|1791331709501|49|0|1347530062503
LdbcShortQuery1PersonProfile|1791331709550|1791331709550|2|1|-1
LdbcShortQuery2PersonPosts|1791331709552|1791331709552|1|10|-1
LdbcShortQuery3PersonFriends|1791331709553|1791331709555|1|16|-1
LdbcShortQuery4MessageContent|1791331709556|1791331709556|0|1|-1
LdbcShortQuery5MessageCreator|1791331709556|1791331709557|0|1|-1
LdbcShortQuery6MessageForum|1791331709557|1791331709557|0|1|-1
LdbcShortQuery7MessageReplies|1791331709557|1791331709558|0|0|-1
LdbcQuery1|1791331708964|1791331709559|1|2|1347530062503
LdbcShortQuery4MessageContent|1791331709560|1791331709560|0|1|-1
LdbcShortQuery5MessageCreator|1791331709560|1791331709561|0|1|-1
LdbcShortQuery6MessageForum|1791331709561|1791331709562|0|1|-1
LdbcShortQuery7MessageReplies|1791331709562|1791331709562|0|0|-1
LdbcQuery14|1791331708964|1791331709564|10|1|1347530062503
LdbcShortQuery1PersonProfile|1791331709574|1791331709574|4|1|-1
LdbcShortQuery2PersonPosts|1791331709578|1791331709578|5|10|-1
LdbcShortQuery3PersonFriends|1791331709583|1791331709584|3|100|-1
LdbcShortQuery4MessageContent|1791331709587|1791331709587|1|1|-1
LdbcShortQuery5MessageCreator|1791331709588|1791331709589|1|1|-1
LdbcShortQuery6MessageForum|1791331709590|1791331709590|1|1|-1
LdbcShortQuery7MessageReplies|1791331709591|1791331709592|0|0|-1
LdbcUpdate2AddPostLike|1791331713727|1791331713727|13|0|1347530110121
LdbcQuery1|1791331713825|1791331713826|3|0|1347530111110
LdbcShortQuery4MessageContent|1791331713829|1791331713829|2|1|-1
LdbcShortQuery5MessageCreator|1791331713831|1791331713832|1|1|-1
LdbcShortQuery6MessageForum|1791331713833|1791331713834|1|1|-1
LdbcShortQuery7MessageReplies|1791331713835|1791331713835|2|0|-1
LdbcShortQuery1PersonProfile|1791331713837|1791331713838|1|1|-1
LdbcShortQuery2PersonPosts|1791331713839|1791331713840|2|10|-1
LdbcShortQuery3PersonFriends|1791331713842|1791331713842|2|40|-1
LdbcShortQuery4MessageContent|1791331713844|1791331713845|1|1|-1
LdbcShortQuery5MessageCreator|1791331713846|1791331713847|1|1|-1
LdbcShortQuery6MessageForum|1791331713848|1791331713848|1|1|-1
LdbcShortQuery7MessageReplies|1791331713849|1791331713849|1|0|-1
LdbcQuery14|1791331713825|1791331713851|40|2|1347530111110
LdbcShortQuery1PersonProfile|1791331713891|1791331713891|2|1|-1
LdbcShortQuery2PersonPosts|1791331713893|1791331713893|3|10|-1
LdbcShortQuery3PersonFriends|1791331713896|1791331713897|2|23|-1
LdbcShortQuery4MessageContent|1791331713899|1791331713900|1|1|-1
LdbcShortQuery5MessageCreator|1791331713901|1791331713901|1|1|-1
LdbcShortQuery6MessageForum|1791331713902|1791331713902|1|1|-1
LdbcShortQuery7MessageReplies|1791331713903|1791331713904|2|7|-1
LdbcQuery2|1791331713825|1791331713907|11|20|1347530111110
LdbcShortQuery4MessageContent|1791331713918|1791331713918|1|1|-1
LdbcShortQuery5MessageCreator|1791331713919|1791331713919|1|1|-1
LdbcShortQuery6MessageForum|1791331713920|1791331713920|0|1|-1
LdbcShortQuery7MessageReplies|1791331713920|1791331713921|0|0|-1
LdbcShortQuery1PersonProfile|1791331713921|1791331713922|0|1|-1
LdbcShortQuery2PersonPosts|1791331713922|1791331713924|1|10|-1
LdbcShortQuery3PersonFriends|1791331713925|1791331713925|1|73|-1
LdbcShortQuery4MessageContent|1791331713926|1791331713926|1|1|-1
LdbcShortQuery5MessageCreator|1791331713927|1791331713927|1|1|-1
LdbcShortQuery6MessageForum|1791331713928|1791331713929|0|1|-1
LdbcShortQuery7MessageReplies|1791331713929|1791331713929|0|0|-1
LdbcShortQuery1PersonProfile|1791331713929|1791331713931|0|1|-1
LdbcShortQuery2PersonPosts|1791331713931|1791331713931|1|10|-1
LdbcShortQuery3PersonFriends|1791331713932|1791331713933|1|86|-1
LdbcQuery4|1791331713825|1791331713934|1|3|1347530111110
LdbcShortQuery1PersonProfile|1791331713935|1791331713935|0|1|-1
LdbcShortQuery2PersonPosts|1791331713935|1791331713935|1|10|-1
LdbcShortQuery3PersonFriends|1791331713936|1791331713937|0|34|-1
LdbcShortQuery4MessageContent|1791331713937|1791331713937|0|1|-1
LdbcShortQuery5MessageCreator|1791331713937|1791331713938|0|1|-1
LdbcShortQuery6MessageForum|1791331713938|1791331713938|0|1|-1
LdbcShortQuery7MessageReplies|1791331713938|1791331713939|0|13|-1
LdbcShortQuery1PersonProfile|1791331713939|1791331713939|0|1|-1
LdbcShortQuery2PersonPosts|1791331713939|1791331713940|0|10|-1
LdbcShortQuery3PersonFriends|1791331713940|1791331713940|0|20|-1
LdbcQuery8|1791331713825|1791331713942|1|20|1347530111110
LdbcShortQuery4MessageContent|1791331713943|1791331713943|0|1|-1
LdbcShortQuery5MessageCreator|1791331713943|1791331713944|0|1|-1
LdbcShortQuery6MessageForum|1791331713944|1791331713944|0|1|-1
LdbcShortQuery7MessageReplies|1791331713944|1791331713945|0|4|-1
LdbcShortQuery1PersonProfile|1791331713945|1791331713945|0|1|-1
LdbcShortQuery2PersonPosts|1791331713945|1791331713945|0|10|-1
LdbcShortQuery3PersonFriends|1791331713945|1791331713946|0|7|-1
LdbcShortQuery4MessageContent|1791331713946|1791331713946|0|1|-1
LdbcShortQuery5MessageCreator|1791331713946|1791331713946|0|1|-1
LdbcShortQuery6MessageForum|1791331713946|1791331713948|0|1|-1
LdbcShortQuery7MessageReplies|1791331713948|1791331713948|0|1|-1
LdbcQuery9|1791331713825|1791331713949|48|20|1347530111110
LdbcShortQuery1PersonProfile|1791331713997|1791331713997|1|1|-1
LdbcShortQuery2PersonPosts|1791331713998|1791331713999|1|10|-1
LdbcShortQuery3PersonFriends|1791331714000|1791331714000|1|44|-1
LdbcShortQuery4MessageContent|1791331714001|1791331714002|1|1|-1
LdbcShortQuery5MessageCreator|1791331714003|1791331714003|1|1|-1
LdbcShortQuery6MessageForum|1791331714004|1791331714004|1|1|-1
LdbcShortQuery7MessageReplies|1791331714005|1791331714005|1|5|-1
LdbcShortQuery1PersonProfile|1791331714006|1791331714008|1|1|-1
LdbcShortQuery2PersonPosts|1791331714009|1791331714009|1|10|-1
LdbcShortQuery3PersonFriends|1791331714010|1791331714010|1|7|-1
LdbcShortQuery4MessageContent|1791331714011|1791331714011|1|1|-1
LdbcShortQuery5MessageCreator|1791331714012|1791331714012|2|1|-1
LdbcShortQuery6MessageForum|1791331714014|1791331714014|1|1|-1
LdbcShortQuery7MessageReplies|1791331714015|1791331714015|4|0|-1
LdbcQuery5|1791331713825|1791331714019|10|0|1347530111110
LdbcShortQuery4MessageContent|1791331714029|1791331714029|0|1|-1
LdbcShortQuery5MessageCreator|1791331714029|1791331714031|0|1|-1
LdbcShortQuery6MessageForum|1791331714031|1791331714031|0|1|-1
LdbcShortQuery7MessageReplies|1791331714031|1791331714032|0|0|-1
LdbcShortQuery1PersonProfile|1791331714032|1791331714033|0|1|-1
LdbcShortQuery2PersonPosts|1791331714033|1791331714033|0|10|-1
LdbcShortQuery3PersonFriends|1791331714033|1791331714034|0|13|-1
LdbcQuery10|1791331713825|1791331714035|15|10|1347530111110
LdbcShortQuery1PersonProfile|1791331714050|1791331714050|2|1|-1
LdbcShortQuery2PersonPosts|1791331714052|1791331714053|1|10|-1
LdbcShortQuery3PersonFriends|1791331714054|1791331714054|3|21|-1
LdbcShortQuery4MessageContent|1791331714057|1791331714058|3|1|-1
LdbcShortQuery5MessageCreator|1791331714061|1791331714061|3|1|-1
LdbcShortQuery6MessageForum|1791331714064|1791331714064|3|1|-1
LdbcShortQuery7MessageReplies|1791331714067|1791331714067|1|4|-1
LdbcQuery11|1791331713825|1791331714069|2|0|1347530111110
LdbcShortQuery4MessageContent|1791331714071|1791331714072|0|1|-1
LdbcShortQuery5MessageCreator|1791331714072|1791331714072|0|1|-1
LdbcShortQuery6MessageForum|1791331714072|1791331714073|0|1|-1
LdbcShortQuery7MessageReplies|1791331714073|1791331714073|0|8|-1
LdbcShortQuery1PersonProfile|1791331714073|1791331714074|0|1|-1
LdbcShortQuery2PersonPosts|1791331714074|1791331714074|1|10|-1
LdbcShortQuery3PersonFriends|1791331714075|1791331714075|0|37|-1
LdbcShortQuery4MessageContent|1791331714075|1791331714076|0|1|-1
LdbcShortQuery5MessageCreator|1791331714076|1791331714077|0|1|-1
LdbcShortQuery6MessageForum|1791331714077|1791331714077|0|1|-1
LdbcShortQuery7MessageReplies|1791331714077|1791331714078|0|1|-1
LdbcQuery3|1791331713825|1791331714078|20|0|1347530111110
LdbcShortQuery1PersonProfile|1791331714098|1791331714100|0|1|-1
LdbcShortQuery2PersonPosts|1791331714100|1791331714101|1|10|-1
LdbcShortQuery3PersonFriends|1791331714102|1791331714102|0|30|-1
LdbcShortQuery4MessageContent|1791331714102|1791331714102|0|1|-1
LdbcShortQuery5MessageCreator|1791331714102|1791331714103|0|1|-1
LdbcShortQuery6MessageForum|1791331714103|1791331714103|0|1|-1
LdbcShortQuery7MessageReplies|1791331714103|1791331714104|0|0|-1
LdbcShortQuery1PersonProfile|1791331714104|1791331714104|0|1|-1
LdbcShortQuery2PersonPosts|1791331714104|1791331714105|0|10|-1
LdbcShortQuery3PersonFriends|1791331714105|1791331714105|0|34|-1
LdbcQuery6|1791331713825|1791331714106|63|10|1347530111110
LdbcShortQuery4MessageContent|1791331714169|1791331714169|2|1|-1
LdbcShortQuery5MessageCreator|1791331714171|1791331714171|1|1|-1
LdbcShortQuery6MessageForum|1791331714172|1791331714174|1|1|-1
LdbcShortQuery7MessageReplies|1791331714175|1791331714176|2|0|-1
LdbcShortQuery1PersonProfile|1791331714178|1791331714178|1|1|-1
LdbcShortQuery2PersonPosts|1791331714179|1791331714179|1|10|-1
LdbcShortQuery3PersonFriends|1791331714180|1791331714181|2|149|-1
LdbcQuery12|1791331713825|1791331714183|129|1|1347530111110
LdbcShortQuery1PersonProfile|1791331714312|1791331714313|2|1|-1
LdbcShortQuery2PersonPosts|1791331714315|1791331714315|2|10|-1
LdbcShortQuery3PersonFriends|1791331714317|1791331714317|1|91|-1
LdbcShortQuery4MessageContent|1791331714318|1791331714320|1|1|-1
LdbcShortQuery5MessageCreator|1791331714321|1791331714321|1|1|-1
LdbcShortQuery6MessageForum|1791331714322|1791331714322|1|1|-1
LdbcShortQuery7MessageReplies|1791331714323|1791331714323|1|0|-1
LdbcShortQuery1PersonProfile|1791331714324|1791331714324|1|1|-1
LdbcShortQuery2PersonPosts|1791331714325|1791331714325|1|10|-1
LdbcShortQuery3PersonFriends|1791331714326|1791331714326|1|30|-1
LdbcQuery13|1791331713825|1791331714328|1|1|1347530111110
LdbcShortQuery4MessageContent|1791331714329|1791331714330|1|1|-1
LdbcShortQuery5MessageCreator|1791331714331|1791331714331|1|1|-1
LdbcShortQuery6MessageForum|1791331714332|1791331714332|1|1|-1
LdbcShortQuery7MessageReplies|1791331714333|1791331714334|1|0|-1
LdbcQuery7|1791331713825|1791331714334|3|20|1347530111110
LdbcShortQuery1PersonProfile|1791331714337|1791331714337|1|1|-1
LdbcShortQuery2PersonPosts|1791331714338|1791331714338|1|10|-1
LdbcShortQuery3PersonFriends|1791331714339|1791331714340|1|15|-1
LdbcShortQuery4MessageContent|1791331714341|1791331714341|1|1|-1
LdbcShortQuery5MessageCreator|1791331714342|1791331714344|1|1|-1
LdbcShortQuery6MessageForum|1791331714345|1791331714345|1|1|-1
LdbcShortQuery7MessageReplies|1791331714346|1791331714346|1|0|-1
LdbcQuery13|1791331718686|1791331718686|4|1|1347530159717
LdbcShortQuery4MessageContent|1791331718690|1791331718690|2|1|-1
LdbcShortQuery5MessageCreator|1791331718692|1791331718692|2|1|-1
LdbcShortQuery6MessageForum|1791331718694|1791331718695|1|1|-1
LdbcShortQuery7MessageReplies|1791331718696|1791331718697|1|0|-1
LdbcQuery7|1791331718686|1791331718698|2|20|1347530159717
LdbcShortQuery1PersonProfile|1791331718700|1791331718700|1|1|-1
LdbcShortQuery2PersonPosts|1791331718701|1791331718702|1|10|-1
LdbcShortQuery3PersonFriends|1791331718703|1791331718704|1|70|-1
LdbcShortQuery4MessageContent|1791331718705|1791331718706|1|1|-1
LdbcShortQuery5MessageCreator|1791331718707|1791331718707|1|1|-1
LdbcShortQuery6MessageForum|1791331718708|1791331718708|1|1|-1
LdbcShortQuery7MessageReplies|1791331718709|1791331718709|1|0|-1
LdbcQuery5|1791331718686|1791331718711|36|20|1347530159717
LdbcShortQuery4MessageContent|1791331718747|1791331718747|1|1|-1
LdbcShortQuery5MessageCreator|1791331718748|1791331718749|0|1|-1
LdbcShortQuery6MessageForum|1791331718749|1791331718749|0|1|-1
LdbcShortQuery7MessageReplies|1791331718749|1791331718749|0|0|-1
LdbcShortQuery1PersonProfile|1791331718749|1791331718750|0|1|-1
LdbcShortQuery2PersonPosts|1791331718750|1791331718750|0|10|-1
LdbcShortQuery3PersonFriends|1791331718750|1791331718752|0|71|-1
LdbcShortQuery4MessageContent|1791331718752|1791331718752|0|1|-1
LdbcShortQuery5MessageCreator|1791331718752|1791331718752|0|1|-1
LdbcShortQuery6MessageForum|1791331718752|1791331718753|0|1|-1
LdbcShortQuery7MessageReplies|1791331718753|1791331718753|0|0|-1
LdbcQuery2|1791331718686|1791331718753|2|20|1347530159717
LdbcShortQuery1PersonProfile|1791331718755|1791331718756|0|1|-1
LdbcShortQuery2PersonPosts|1791331718756|1791331718757|0|10|-1
LdbcShortQuery3PersonFriends|1791331718757|1791331718757|0|28|-1
LdbcQuery1|1791331718686|1791331718758|3|1|1347530159717
LdbcShortQuery4MessageContent|1791331718761|1791331718761|0|1|-1
LdbcShortQuery5MessageCreator|1791331718761|1791331718762|0|1|-1
LdbcShortQuery6MessageForum|1791331718762|1791331718763|0|1|-1
LdbcShortQuery7MessageReplies|1791331718763|1791331718763|0|4|-1
LdbcShortQuery1PersonProfile|1791331718763|1791331718765|0|1|-1
LdbcShortQuery2PersonPosts|1791331718765|1791331718765|0|10|-1
LdbcShortQuery3PersonFriends|1791331718765|1791331718766|0|19|-1
LdbcQuery14|1791331718686|1791331718767|9|1|1347530159717
LdbcShortQuery1PersonProfile|1791331718776|1791331718776|0|1|-1
LdbcShortQuery2PersonPosts|1791331718776|1791331718777|1|10|-1
LdbcShortQuery3PersonFriends|1791331718778|1791331718779|1|106|-1
LdbcShortQuery4MessageContent|1791331718780|1791331718781|0|1|-1
LdbcShortQuery5MessageCreator|1791331718781|1791331718781|0|1|-1
LdbcShortQuery6MessageForum|1791331718781|1791331718781|0|1|-1
LdbcShortQuery7MessageReplies|1791331718781|1791331718782|0|0|-1
LdbcQuery9|1791331718686|1791331718782|44|20|1347530159717
LdbcShortQuery4MessageContent|1791331718826|1791331718827|0|1|-1
LdbcShortQuery5MessageCreator|1791331718827|1791331718827|0|1|-1
LdbcShortQuery6MessageForum|1791331718827|1791331718829|0|1|-1
LdbcShortQuery7MessageReplies|1791331718829|1791331718829|0|0|-1
LdbcQuery4|1791331718686|1791331718830|0|3|1347530159717
LdbcShortQuery1PersonProfile|1791331718830|1791331718831|0|1|-1
LdbcShortQuery2PersonPosts|1791331718831|1791331718831|0|10|-1
LdbcShortQuery3PersonFriends|1791331718831|1791331718832|0|67|-1
LdbcQuery8|1791331718686|1791331718833|1|20|1347530159717
LdbcShortQuery4MessageContent|1791331718834|1791331718834|0|1|-1
LdbcShortQuery5MessageCreator|1791331718834|1791331718834|0|1|-1
LdbcShortQuery6MessageForum|1791331718834|1791331718835|0|1|-1
LdbcShortQuery7MessageReplies|1791331718835|1791331718835|0|0|-1
LdbcShortQuery1PersonProfile|1791331718835|1791331718836|0|1|-1
LdbcShortQuery2PersonPosts|1791331718836|1791331718836|0|10|-1
LdbcShortQuery3PersonFriends|1791331718836|1791331718836|0|30|-1
LdbcShortQuery4MessageContent|1791331718836|1791331718837|0|1|-1
LdbcShortQuery5MessageCreator|1791331718837|1791331718837|0|1|-1
LdbcShortQuery6MessageForum|1791331718837|1791331718837|0|1|-1
LdbcShortQuery7MessageReplies|1791331718837|1791331718839|0|0|-1
LdbcQuery12|1791331718686|1791331718839|42|0|1347530159717
LdbcShortQuery1PersonProfile|1791331718881|1791331718881|3|1|-1
LdbcShortQuery2PersonPosts|1791331718884|1791331718885|95|10|-1
LdbcShortQuery3PersonFriends|1791331718980|1791331718981|1|43|-1
LdbcShortQuery4MessageContent|1791331718982|1791331718983|0|1|-1
LdbcShortQuery5MessageCreator|1791331718983|1791331718984|1|1|-1
LdbcShortQuery6MessageForum|1791331718985|1791331718985|1|1|-1
LdbcShortQuery7MessageReplies|1791331718986|1791331718986|1|0|-1
LdbcQuery3|1791331718686|1791331718988|47|0|1347530159717
LdbcShortQuery4MessageContent|1791331719035|1791331719035|0|1|-1
LdbcShortQuery5MessageCreator|1791331719035|1791331719036|1|1|-1
LdbcShortQuery6MessageForum|1791331719037|1791331719038|1|1|-1
LdbcShortQuery7MessageReplies|1791331719039|1791331719039|0|0|-1
LdbcShortQuery1PersonProfile|1791331719039|1791331719040|0|1|-1
LdbcShortQuery2PersonPosts|1791331719040|1791331719040|1|10|-1
LdbcShortQuery3PersonFriends|1791331719041|1791331719042|1|60|-1
LdbcQuery10|1791331718686|1791331719043|24|10|1347530159717
LdbcShortQuery1PersonProfile|1791331719067|1791331719068|2|1|-1
LdbcShortQuery2PersonPosts|1791331719070|1791331719071|2|10|-1
LdbcShortQuery3PersonFriends|1791331719073|1791331719074|1|7|-1
LdbcShortQuery4MessageContent|1791331719075|1791331719076|2|1|-1
LdbcShortQuery5MessageCreator|1791331719078|1791331719078|1|1|-1
LdbcShortQuery6MessageForum|1791331719079|1791331719079|0|1|-1
LdbcShortQuery7MessageReplies|1791331719079|1791331719080|0|6|-1
LdbcQuery11|1791331718686|1791331719081|3|0|1347530159717
LdbcShortQuery4MessageContent|1791331719084|1791331719084|1|1|-1
LdbcShortQuery5MessageCreator|1791331719085|1791331719085|1|1|-1
LdbcShortQuery6MessageForum|1791331719086|1791331719086|1|1|-1
LdbcShortQuery7MessageReplies|1791331719087|1791331719087|1|3|-1
LdbcQuery6|1791331718686|1791331719089|46|10|1347530159717
LdbcShortQuery1PersonProfile|1791331719135|1791331719136|2|1|-1
LdbcShortQuery2PersonPosts|1791331719138|1791331719138|1|10|-1
LdbcShortQuery3PersonFriends|1791331719139|1791331719140|1|4|-1
LdbcShortQuery4MessageContent|1791331719141|1791331719141|1|1|-1
LdbcShortQuery5MessageCreator|1791331719142|1791331719142|1|1|-1
LdbcShortQuery6MessageForum|1791331719143|1791331719144|1|1|-1
LdbcShortQuery7MessageReplies|1791331719145|1791331719145|1|9|-1
LdbcShortQuery1PersonProfile|1791331719146|1791331719146|1|1|-1
LdbcShortQuery2PersonPosts|1791331719147|1791331719147|1|10|-1
LdbcShortQuery3PersonFriends|1791331719148|1791331719148|1|71|-1
LdbcUpdate3AddCommentLike|1791331719461|1791331719461|13|0|1347530167462
LdbcUpdate3AddCommentLike|1791331721352|1791331721352|13|0|1347530186378
LdbcQuery11|1791331723547|1791331723547|8|0|1347530208324
LdbcShortQuery4MessageContent|1791331723555|1791331723555|1|1|-1
LdbcShortQuery5MessageCreator|1791331723556|1791331723557|1|1|-1
LdbcShortQuery6MessageForum|1791331723558|1791331723559|1|1|-1
LdbcShortQuery7MessageReplies|1791331723560|1791331723561|1|6|-1
LdbcShortQuery1PersonProfile|1791331723562|1791331723562|1|1|-1
LdbcShortQuery2PersonPosts|1791331723563|1791331723564|1|10|-1
LdbcShortQuery3PersonFriends|1791331723565|1791331723566|1|7|-1
LdbcQuery6|1791331723547|1791331723567|28|10|1347530208324
LdbcShortQuery1PersonProfile|1791331723595|1791331723595|1|1|-1
LdbcShortQuery2PersonPosts|1791331723596|1791331723597|1|10|-1
LdbcShortQuery3PersonFriends|1791331723598|1791331723598|1|3|-1
LdbcShortQuery4MessageContent|1791331723599|1791331723600|1|1|-1
LdbcShortQuery5MessageCreator|1791331723601|1791331723601|1|1|-1
LdbcShortQuery6MessageForum|1791331723602|1791331723602|1|1|-1
LdbcShortQuery7MessageReplies|1791331723603|1791331723603|1|2|-1
LdbcShortQuery1PersonProfile|1791331723604|1791331723605|1|1|-1
LdbcShortQuery2PersonPosts|1791331723606|1791331723607|1|10|-1
LdbcShortQuery3PersonFriends|1791331723608|1791331723608|1|21|-1
LdbcShortQuery4MessageContent|1791331723609|1791331723609|1|1|-1
LdbcShortQuery5MessageCreator|1791331723610|1791331723611|0|1|-1
LdbcShortQuery6MessageForum|1791331723611|1791331723611|1|1|-1
LdbcShortQuery7MessageReplies|1791331723612|1791331723612|1|6|-1
LdbcQuery9|1791331723547|1791331723613|86|20|1347530208324
LdbcShortQuery4MessageContent|1791331723699|1791331723700|2|1|-1
LdbcShortQuery5MessageCreator|1791331723702|1791331723702|2|1|-1
LdbcShortQuery6MessageForum|1791331723704|1791331723704|3|1|-1
LdbcShortQuery7MessageReplies|1791331723707|1791331723708|1|0|-1
LdbcShortQuery1PersonProfile|1791331723709|1791331723709|2|1|-1
LdbcShortQuery2PersonPosts|1791331723711|1791331723712|3|10|-1
LdbcShortQuery3PersonFriends|1791331723715|1791331723715|2|91|-1
LdbcQuery5|1791331723547|1791331723718|144|20|1347530208324
LdbcShortQuery1PersonProfile|1791331723862|1791331723862|7|1|-1
LdbcShortQuery2PersonPosts|1791331723869|1791331723869|2|10|-1
LdbcShortQuery3PersonFriends|1791331723871|1791331723872|2|3|-1
LdbcShortQuery4MessageContent|1791331723874|1791331723874|1|1|-1
LdbcShortQuery5MessageCreator|1791331723875|1791331723875|1|1|-1
LdbcShortQuery6MessageForum|1791331723876|1791331723876|1|1|-1
LdbcShortQuery7MessageReplies|1791331723877|1791331723878|1|2|-1
LdbcQuery13|1791331723547|1791331723881|1|1|1347530208324
LdbcShortQuery4MessageContent|1791331723882|1791331723882|1|1|-1
LdbcShortQuery5MessageCreator|1791331723883|1791331723883|1|1|-1
LdbcShortQuery6MessageForum|1791331723884|1791331723884|1|1|-1
LdbcShortQuery7MessageReplies|1791331723885|1791331723885|2|2|-1
LdbcShortQuery1PersonProfile|1791331723887|1791331723888|1|1|-1
LdbcShortQuery2PersonPosts|1791331723889|1791331723889|1|10|-1
LdbcShortQuery3PersonFriends|1791331723890|1791331723892|2|30|-1
LdbcQuery7|1791331723547|1791331723893|3|20|1347530208324
LdbcShortQuery1PersonProfile|1791331723896|1791331723898|1|1|-1
LdbcShortQuery2PersonPosts|1791331723899|1791331723900|2|10|-1
LdbcShortQuery3PersonFriends|1791331723902|1791331723902|1|43|-1
LdbcQuery14|1791331723547|1791331723903|28|4|1347530208324
LdbcShortQuery4MessageContent|1791331723931|1791331723933|2|1|-1
LdbcShortQuery5MessageCreator|1791331723935|1791331723935|1|1|-1
LdbcShortQuery6MessageForum|1791331723936|1791331723937|1|1|-1
LdbcShortQuery7MessageReplies|1791331723938|1791331723938|1|0|-1
LdbcShortQuery1PersonProfile|1791331723939|1791331723940|2|1|-1
LdbcShortQuery2PersonPosts|1791331723942|1791331723942|2|10|-1
LdbcShortQuery3PersonFriends|1791331723944|1791331723944|2|34|-1
LdbcQuery2|1791331723547|1791331723947|8|20|1347530208324
LdbcShortQuery1PersonProfile|1791331723955|1791331723955|1|1|-1
LdbcShortQuery2PersonPosts|1791331723956|1791331723956|1|10|-1
LdbcShortQuery3PersonFriends|1791331723957|1791331723958|1|32|-1
LdbcShortQuery4MessageContent|1791331723959|1791331723960|1|1|-1
LdbcShortQuery5MessageCreator|1791331723961|1791331723961|1|1|-1
LdbcShortQuery6MessageForum|1791331723962|1791331723962|1|1|-1
LdbcShortQuery7MessageReplies|1791331723963|1791331723963|1|0|-1
LdbcQuery1|1791331723547|1791331723965|2|2|1347530208324
LdbcShortQuery4MessageContent|1791331723967|1791331723967|1|1|-1
LdbcShortQuery5MessageCreator|1791331723968|1791331723968|1|1|-1
LdbcShortQuery6MessageForum|1791331723969|1791331723970|1|1|-1
LdbcShortQuery7MessageReplies|1791331723971|1791331723971|1|0|-1
LdbcShortQuery1PersonProfile|1791331723972|1791331723972|1|1|-1
LdbcShortQuery2PersonPosts|1791331723973|1791331723975|1|10|-1
LdbcShortQuery3PersonFriends|1791331723976|1791331723976|1|40|-1
LdbcShortQuery4MessageContent|1791331723977|1791331723979|1|1|-1
LdbcShortQuery5MessageCreator|1791331723980|1791331723980|1|1|-1
LdbcShortQuery6MessageForum|1791331723981|1791331723981|1|1|-1
LdbcShortQuery7MessageReplies|1791331723982|1791331723982|1|5|-1
LdbcShortQuery1PersonProfile|1791331723983|1791331723983|0|1|-1
LdbcShortQuery2PersonPosts|1791331723983|1791331723984|1|10|-1
LdbcShortQuery3PersonFriends|1791331723985|1791331723985|1|15|-1
LdbcShortQuery4MessageContent|1791331723986|1791331723986|1|1|-1
LdbcShortQuery5MessageCreator|1791331723987|1791331723988|1|1|-1
LdbcShortQuery6MessageForum|1791331723989|1791331723989|1|1|-1
LdbcShortQuery7MessageReplies|1791331723990|1791331723990|1|0|-1
LdbcQuery10|1791331723547|1791331723991|8|10|1347530208324
LdbcShortQuery1PersonProfile|1791331723999|1791331724000|0|1|-1
LdbcShortQuery2PersonPosts|1791331724000|1791331724001|17|10|-1
LdbcShortQuery3PersonFriends|1791331724018|1791331724018|4|47|-1
LdbcShortQuery4MessageContent|1791331724022|1791331724023|1|1|-1
LdbcShortQuery5MessageCreator|1791331724024|1791331724025|1|1|-1
LdbcShortQuery6MessageForum|1791331724026|1791331724026|1|1|-1
LdbcShortQuery7MessageReplies|1791331724027|1791331724028|2|4|-1
LdbcQuery12|1791331723547|1791331724030|61|2|1347530208324
LdbcShortQuery4MessageContent|1791331724091|1791331724091|3|1|-1
LdbcShortQuery5MessageCreator|1791331724094|1791331724095|13|1|-1
LdbcShortQuery6MessageForum|1791331724108|1791331724108|5|1|-1
LdbcShortQuery7MessageReplies|1791331724113|1791331724114|3|1|-1
LdbcShortQuery1PersonProfile|1791331724117|1791331724118|3|1|-1
LdbcShortQuery2PersonPosts|1791331724121|1791331724122|4|10|-1
LdbcShortQuery3PersonFriends|1791331724126|1791331724126|1|6|-1
LdbcShortQuery4MessageContent|1791331724127|1791331724128|45|1|-1
LdbcShortQuery5MessageCreator|1791331724173|1791331724174|5|1|-1
LdbcShortQuery6MessageForum|1791331724179|1791331724179|4|1|-1
LdbcShortQuery7MessageReplies|1791331724183|1791331724184|3|0|-1
LdbcQuery4|1791331723547|1791331724188|2|3|1347530208324
LdbcShortQuery1PersonProfile|1791331724190|1791331724191|0|1|-1
LdbcShortQuery2PersonPosts|1791331724191|1791331724192|2|10|-1
LdbcShortQuery3PersonFriends|1791331724194|1791331724194|0|4|-1
LdbcShortQuery4MessageContent|1791331724194|1791331724195|0|1|-1
LdbcShortQuery5MessageCreator|1791331724195|1791331724196|0|1|-1
LdbcShortQuery6MessageForum|1791331724196|1791331724196|0|1|-1
LdbcShortQuery7MessageReplies|1791331724196|1791331724197|0|0|-1
LdbcQuery8|1791331723547|1791331724197|1|20|1347530208324
LdbcShortQuery4MessageContent|1791331724198|1791331724198|0|1|-1
LdbcShortQuery5MessageCreator|1791331724198|1791331724200|0|1|-1
LdbcShortQuery6MessageForum|1791331724200|1791331724200|0|1|-1
LdbcShortQuery7MessageReplies|1791331724200|1791331724201|0|0|-1
LdbcShortQuery1PersonProfile|1791331724201|1791331724201|0|1|-1
LdbcShortQuery2PersonPosts|1791331724201|1791331724201|0|10|-1
LdbcShortQuery3PersonFriends|1791331724201|1791331724202|0|7|-1
LdbcShortQuery4MessageContent|1791331724202|1791331724202|0|1|-1
LdbcShortQuery5MessageCreator|1791331724202|1791331724203|0|1|-1
LdbcShortQuery6MessageForum|1791331724203|1791331724203|0|1|-1
LdbcShortQuery7MessageReplies|1791331724203|1791331724204|0|0|-1
LdbcShortQuery1PersonProfile|1791331724204|1791331724204|0|1|-1
LdbcShortQuery2PersonPosts|1791331724204|1791331724205|2|10|-1
LdbcShortQuery3PersonFriends|1791331724207|1791331724207|2|19|-1
LdbcQuery3|1791331723547|1791331724210|135|0|1347530208324
LdbcShortQuery1PersonProfile|1791331724345|1791331724345|2|1|-1
LdbcShortQuery2PersonPosts|1791331724347|1791331724348|2|10|-1
LdbcShortQuery3PersonFriends|1791331724350|1791331724351|3|27|-1
LdbcShortQuery4MessageContent|1791331724354|1791331724355|7|1|-1
LdbcShortQuery5MessageCreator|1791331724362|1791331724363|63|1|-1
LdbcShortQuery6MessageForum|1791331724426|1791331724427|1|1|-1
LdbcShortQuery7MessageReplies|1791331724428|1791331724429|27|0|-1
LdbcShortQuery1PersonProfile|1791331724456|1791331724456|1|1|-1
LdbcShortQuery2PersonPosts|1791331724457|1791331724457|13|10|-1
LdbcShortQuery3PersonFriends|1791331724470|1791331724472|1|24|-1
LdbcUpdate7AddComment|1791331726771|1791331726772|11|0|1347530240568
LdbcQuery8|1791331728407|1791331728408|2|20|1347530256931
LdbcShortQuery4MessageContent|1791331728410|1791331728410|0|1|-1
LdbcShortQuery5MessageCreator|1791331728410|1791331728412|0|1|-1
LdbcShortQuery6MessageForum|1791331728412|1791331728412|0|1|-1
LdbcShortQuery7MessageReplies|1791331728412|1791331728413|0|0|-1
LdbcShortQuery1PersonProfile|1791331728413|1791331728414|0|1|-1
LdbcShortQuery2PersonPosts|1791331728414|1791331728414|0|10|-1
LdbcShortQuery3PersonFriends|1791331728414|1791331728415|0|28|-1
LdbcShortQuery4MessageContent|1791331728415|1791331728415|0|1|-1
LdbcShortQuery5MessageCreator|1791331728415|1791331728415|0|1|-1
LdbcShortQuery6MessageForum|1791331728415|1791331728416|0|1|-1
LdbcShortQuery7MessageReplies|1791331728416|1791331728416|0|1|-1
LdbcQuery3|1791331728407|1791331728416|78|0|1347530256931
LdbcShortQuery1PersonProfile|1791331728494|1791331728496|1|1|-1
LdbcShortQuery2PersonPosts|1791331728497|1791331728498|4|10|-1
LdbcShortQuery3PersonFriends|1791331728502|1791331728502|3|6|-1
LdbcQuery14|1791331728407|1791331728506|108|7|1347530256931
LdbcShortQuery4MessageContent|1791331728614|1791331728615|3|1|-1
LdbcShortQuery5MessageCreator|1791331728618|1791331728619|10|1|-1
LdbcShortQuery6MessageForum|1791331728629|1791331728629|47|1|-1
LdbcShortQuery7MessageReplies|1791331728676|1791331728677|1|0|-1
LdbcShortQuery1PersonProfile|1791331728678|1791331728679|0|1|-1
LdbcShortQuery2PersonPosts|1791331728679|1791331728679|1|10|-1
LdbcShortQuery3PersonFriends|1791331728680|1791331728680|1|21|-1
LdbcShortQuery4MessageContent|1791331728681|1791331728683|0|1|-1
LdbcShortQuery5MessageCreator|1791331728683|1791331728683|0|1|-1
LdbcShortQuery6MessageForum|1791331728683|1791331728685|0|1|-1
LdbcShortQuery7MessageReplies|1791331728685|1791331728685|0|0|-1
LdbcShortQuery1PersonProfile|1791331728685|1791331728686|0|1|-1
LdbcShortQuery2PersonPosts|1791331728686|1791331728687|1|10|-1
LdbcShortQuery3PersonFriends|1791331728688|1791331728688|1|36|-1
LdbcQuery9|1791331728407|1791331728689|54|20|1347530256931
LdbcShortQuery1PersonProfile|1791331728743|1791331728743|2|1|-1
LdbcShortQuery2PersonPosts|1791331728745|1791331728746|28|10|-1
LdbcShortQuery3PersonFriends|1791331728774|1791331728775|2|29|-1
LdbcShortQuery4MessageContent|1791331728777|1791331728777|1|1|-1
LdbcShortQuery5MessageCreator|1791331728778|1791331728779|1|1|-1
LdbcShortQuery6MessageForum|1791331728780|1791331728780|1|1|-1
LdbcShortQuery7MessageReplies|1791331728781|1791331728782|1|0|-1
LdbcShortQuery1PersonProfile|1791331728783|1791331728783|1|1|-1
LdbcShortQuery2PersonPosts|1791331728784|1791331728785|1|10|-1
LdbcShortQuery3PersonFriends|1791331728786|1791331728787|1|7|-1
LdbcQuery11|1791331728407|1791331728788|2|0|1347530256931
LdbcShortQuery4MessageContent|1791331728790|1791331728790|0|1|-1
LdbcShortQuery5MessageCreator|1791331728790|1791331728791|0|1|-1
LdbcShortQuery6MessageForum|1791331728791|1791331728792|0|1|-1
LdbcShortQuery7MessageReplies|1791331728792|1791331728793|0|0|-1
LdbcQuery6|1791331728407|1791331728793|34|10|1347530256931
LdbcShortQuery1PersonProfile|1791331728827|1791331728828|2|1|-1
LdbcShortQuery2PersonPosts|1791331728830|1791331728830|1|2|-1
LdbcShortQuery3PersonFriends|1791331728831|1791331728832|2|16|-1
LdbcQuery7|1791331728407|1791331728834|5|20|1347530256931
LdbcShortQuery4MessageContent|1791331728839|1791331728840|1|1|-1
LdbcShortQuery5MessageCreator|1791331728841|1791331728841|1|1|-1
LdbcShortQuery6MessageForum|1791331728842|1791331728842|1|1|-1
LdbcShortQuery7MessageReplies|1791331728843|1791331728843|1|0|-1
LdbcShortQuery1PersonProfile|1791331728844|1791331728844|1|1|-1
LdbcShortQuery2PersonPosts|1791331728845|1791331728845|1|10|-1
LdbcShortQuery3PersonFriends|1791331728846|1791331728847|2|30|-1
LdbcQuery5|1791331728407|1791331728849|75|20|1347530256931
LdbcShortQuery1PersonProfile|1791331728924|1791331728925|2|1|-1
LdbcShortQuery2PersonPosts|1791331728927|1791331728927|1|10|-1
LdbcShortQuery3PersonFriends|1791331728928|1791331728929|1|27|-1
LdbcShortQuery4MessageContent|1791331728930|1791331728930|0|1|-1
LdbcShortQuery5MessageCreator|1791331728930|1791331728931|0|1|-1
LdbcShortQuery6MessageForum|1791331728931|1791331728932|0|1|-1
LdbcShortQuery7MessageReplies|1791331728932|1791331728933|1|4|-1
LdbcQuery13|1791331728407|1791331728934|1|1|1347530256931
LdbcShortQuery4MessageContent|1791331728935|1791331728935|1|1|-1
LdbcShortQuery5MessageCreator|1791331728936|1791331728936|1|1|-1
LdbcShortQuery6MessageForum|1791331728937|1791331728938|1|1|-1
LdbcShortQuery7MessageReplies|1791331728939|1791331728939|2|4|-1
LdbcShortQuery1PersonProfile|1791331728941|1791331728941|1|1|-1
LdbcShortQuery2PersonPosts|1791331728942|1791331728943|2|10|-1
LdbcShortQuery3PersonFriends|1791331728945|1791331728945|1|34|-1
LdbcShortQuery4MessageContent|1791331728946|1791331728947|2|1|-1
LdbcShortQuery5MessageCreator|1791331728949|1791331728950|1|1|-1
LdbcShortQuery6MessageForum|1791331728951|1791331728951|1|1|-1
LdbcShortQuery7MessageReplies|1791331728952|1791331728953|1|0|-1
LdbcQuery4|1791331728407|1791331728955|2|3|1347530256931
LdbcShortQuery1PersonProfile|1791331728957|1791331728957|2|1|-1
LdbcShortQuery2PersonPosts|1791331728959|1791331728960|2|10|-1
LdbcShortQuery3PersonFriends|1791331728962|1791331728962|2|13|-1
LdbcShortQuery4MessageContent|1791331728964|1791331728964|2|1|-1
LdbcShortQuery5MessageCreator|1791331728966|1791331728967|2|1|-1
LdbcShortQuery6MessageForum|1791331728969|1791331728969|2|1|-1
LdbcShortQuery7MessageReplies|1791331728971|1791331728971|1|0|-1
LdbcShortQuery1PersonProfile|1791331728972|1791331728973|1|1|-1
LdbcShortQuery2PersonPosts|1791331728974|1791331728975|1|10|-1
LdbcShortQuery3PersonFriends|1791331728976|1791331728977|1|35|-1
LdbcQuery10|1791331728407|1791331728979|46|10|1347530256931
LdbcShortQuery4MessageContent|1791331729025|1791331729026|2|1|-1
LdbcShortQuery5MessageCreator|1791331729028|1791331729028|2|1|-1
LdbcShortQuery6MessageForum|1791331729030|1791331729031|2|1|-1
LdbcShortQuery7MessageReplies|1791331729033|1791331729033|2|2|-1
LdbcShortQuery1PersonProfile|1791331729035|1791331729035|1|1|-1
LdbcShortQuery2PersonPosts|1791331729036|1791331729037|2|10|-1
LdbcShortQuery3PersonFriends|1791331729039|1791331729039|1|10|-1
LdbcShortQuery4MessageContent|1791331729040|1791331729041|1|1|-1
LdbcShortQuery5MessageCreator|1791331729042|1791331729043|1|1|-1
LdbcShortQuery6MessageForum|1791331729044|1791331729044|1|1|-1
LdbcShortQuery7MessageReplies|1791331729045|1791331729046|1|0|-1
LdbcShortQuery1PersonProfile|1791331729047|1791331729048|1|1|-1
LdbcShortQuery2PersonPosts|1791331729049|1791331729049|1|10|-1
LdbcShortQuery3PersonFriends|1791331729050|1791331729051|1|11|-1
LdbcShortQuery4MessageContent|1791331729052|1791331729053|1|1|-1
LdbcShortQuery5MessageCreator|1791331729054|1791331729054|1|1|-1
LdbcShortQuery6MessageForum|1791331729055|1791331729055|1|1|-1
LdbcShortQuery7MessageReplies|1791331729056|1791331729057|1|0|-1
LdbcQuery2|1791331728407|1791331729058|10|20|1347530256931
LdbcShortQuery1PersonProfile|1791331729068|1791331729069|2|1|-1
LdbcShortQuery2PersonPosts|1791331729071|1791331729072|2|10|-1
LdbcShortQuery3PersonFriends|1791331729074|1791331729074|1|7|-1
LdbcQuery1|1791331728407|1791331729076|3|4|1347530256931
LdbcShortQuery4MessageContent|1791331729079|1791331729079|2|1|-1
LdbcShortQuery5MessageCreator|1791331729081|1791331729081|2|1|-1
LdbcShortQuery6MessageForum|1791331729083|1791331729084|2|1|-1
LdbcShortQuery7MessageReplies|1791331729086|1791331729086|2|3|-1
LdbcShortQuery1PersonProfile|1791331729088|1791331729089|2|1|-1
LdbcShortQuery2PersonPosts|1791331729091|1791331729092|3|10|-1
LdbcShortQuery3PersonFriends|1791331729095|1791331729095|5|230|-1
LdbcQuery12|1791331728407|1791331729100|64|1|1347530256931
LdbcShortQuery1PersonProfile|1791331729164|1791331729165|2|1|-1
LdbcShortQuery2PersonPosts|1791331729167|1791331729168|1|10|-1
LdbcShortQuery3PersonFriends|1791331729169|1791331729170|1|53|-1
LdbcShortQuery4MessageContent|1791331729171|1791331729172|0|1|-1
LdbcShortQuery5MessageCreator|1791331729172|1791331729172|0|1|-1
LdbcShortQuery6MessageForum|1791331729172|1791331729173|0|1|-1
LdbcShortQuery7MessageReplies|1791331729173|1791331729173|1|8|-1
LdbcUpdate5AddForumMembership|1791331732254|1791331732254|11|0|1347530295391
LdbcQuery1|1791331733268|1791331733268|6|2|1347530305538
LdbcShortQuery4MessageContent|1791331733274|1791331733275|2|1|-1
LdbcShortQuery5MessageCreator|1791331733277|1791331733277|1|1|-1
LdbcShortQuery6MessageForum|1791331733278|1791331733279|1|1|-1
LdbcShortQuery7MessageReplies|1791331733280|1791331733281|1|8|-1
LdbcShortQuery1PersonProfile|1791331733282|1791331733282|1|1|-1
LdbcShortQuery2PersonPosts|1791331733283|1791331733284|1|10|-1
LdbcShortQuery3PersonFriends|1791331733285|1791331733285|1|8|-1
LdbcQuery12|1791331733268|1791331733286|50|1|1347530305538
LdbcShortQuery1PersonProfile|1791331733336|1791331733338|0|1|-1
LdbcShortQuery2PersonPosts|1791331733338|1791331733338|0|10|-1
LdbcShortQuery3PersonFriends|1791331733338|1791331733340|1|72|-1
LdbcShortQuery4MessageContent|1791331733341|1791331733341|0|1|-1
LdbcShortQuery5MessageCreator|1791331733341|1791331733341|0|1|-1
LdbcShortQuery6MessageForum|1791331733341|1791331733342|0|1|-1
LdbcShortQuery7MessageReplies|1791331733342|1791331733342|0|0|-1
LdbcShortQuery1PersonProfile|1791331733342|1791331733342|0|1|-1
LdbcShortQuery2PersonPosts|1791331733342|1791331733343|0|10|-1
LdbcShortQuery3PersonFriends|1791331733343|1791331733343|0|32|-1
LdbcQuery7|1791331733268|1791331733343|1|20|1347530305538
LdbcShortQuery4MessageContent|1791331733344|1791331733345|0|1|-1
LdbcShortQuery5MessageCreator|1791331733345|1791331733345|0|1|-1
LdbcShortQuery6MessageForum|1791331733345|1791331733347|0|1|-1
LdbcShortQuery7MessageReplies|1791331733347|1791331733347|0|1|-1
LdbcShortQuery1PersonProfile|1791331733347|1791331733347|0|1|-1
LdbcShortQuery2PersonPosts|1791331733347|1791331733348|0|10|-1
LdbcShortQuery3PersonFriends|1791331733348|1791331733348|0|4|-1
LdbcShortQuery4MessageContent|1791331733348|1791331733349|0|1|-1
LdbcShortQuery5MessageCreator|1791331733349|1791331733349|0|1|-1
LdbcShortQuery6MessageForum|1791331733349|1791331733349|0|1|-1
LdbcShortQuery7MessageReplies|1791331733349|1791331733351|1|0|-1
LdbcQuery14|1791331733268|1791331733353|10|4|1347530305538
LdbcShortQuery1PersonProfile|1791331733363|1791331733363|4|1|-1
LdbcShortQuery2PersonPosts|1791331733367|1791331733367|6|10|-1
LdbcShortQuery3PersonFriends|1791331733373|1791331733373|1|340|-1
LdbcShortQuery4MessageContent|1791331733374|1791331733375|0|1|-1
LdbcShortQuery5MessageCreator|1791331733375|1791331733375|0|1|-1
LdbcShortQuery6MessageForum|1791331733375|1791331733377|0|1|-1
LdbcShortQuery7MessageReplies|1791331733377|1791331733377|0|0|-1
LdbcQuery8|1791331733268|1791331733377|1|20|1347530305538
LdbcShortQuery4MessageContent|1791331733378|1791331733379|0|1|-1
LdbcShortQuery5MessageCreator|1791331733379|1791331733379|0|1|-1
LdbcShortQuery6MessageForum|1791331733379|1791331733379|0|1|-1
LdbcShortQuery7MessageReplies|1791331733379|1791331733381|0|0|-1
LdbcShortQuery1PersonProfile|1791331733381|1791331733381|0|1|-1
LdbcShortQuery2PersonPosts|1791331733381|1791331733381|0|10|-1
LdbcShortQuery3PersonFriends|1791331733381|1791331733382|0|86|-1
LdbcQuery3|1791331733268|1791331733382|25|0|1347530305538
LdbcShortQuery1PersonProfile|1791331733407|1791331733408|3|1|-1
LdbcShortQuery2PersonPosts|1791331733411|1791331733412|3|10|-1
LdbcShortQuery3PersonFriends|1791331733415|1791331733415|88|10|-1
LdbcShortQuery4MessageContent|1791331733503|1791331733504|1|1|-1
LdbcShortQuery5MessageCreator|1791331733505|1791331733506|12|1|-1
LdbcShortQuery6MessageForum|1791331733518|1791331733518|1|1|-1
LdbcShortQuery7MessageReplies|1791331733519|1791331733520|61|0|-1
LdbcQuery6|1791331733268|1791331733581|42|10|1347530305538
LdbcShortQuery4MessageContent|1791331733623|1791331733624|4|1|-1
LdbcShortQuery5MessageCreator|1791331733628|1791331733629|57|1|-1
LdbcShortQuery6MessageForum|1791331733686|1791331733687|2|1|-1
LdbcShortQuery7MessageReplies|1791331733689|1791331733690|2|0|-1
LdbcQuery9|1791331733268|1791331733692|51|20|1347530305538
LdbcShortQuery1PersonProfile|1791331733743|1791331733743|1|1|-1
LdbcShortQuery2PersonPosts|1791331733744|1791331733744|0|10|-1
LdbcShortQuery3PersonFriends|1791331733744|1791331733745|0|36|-1
LdbcShortQuery4MessageContent|1791331733745|1791331733746|0|1|-1
LdbcShortQuery5MessageCreator|1791331733746|1791331733747|0|1|-1
LdbcShortQuery6MessageForum|1791331733747|1791331733748|0|1|-1
LdbcShortQuery7MessageReplies|1791331733748|1791331733748|0|0|-1
LdbcQuery11|1791331733268|1791331733749|3|0|1347530305538
LdbcShortQuery4MessageContent|1791331733752|1791331733752|1|1|-1
LdbcShortQuery5MessageCreator|1791331733753|1791331733753|1|1|-1
LdbcShortQuery6MessageForum|1791331733754|1791331733754|1|1|-1
LdbcShortQuery7MessageReplies|1791331733755|1791331733756|1|0|-1
LdbcShortQuery1PersonProfile|1791331733757|1791331733757|1|1|-1
LdbcShortQuery2PersonPosts|1791331733758|1791331733758|1|10|-1
LdbcShortQuery3PersonFriends|1791331733759|1791331733759|1|10|-1
LdbcShortQuery4MessageContent|1791331733760|1791331733762|1|1|-1
LdbcShortQuery5MessageCreator|1791331733763|1791331733763|1|1|-1
LdbcShortQuery6MessageForum|1791331733764|1791331733764|1|1|-1
LdbcShortQuery7MessageReplies|1791331733765|1791331733765|1|0|-1
LdbcQuery2|1791331733268|1791331733766|8|20|1347530305538
LdbcShortQuery1PersonProfile|1791331733774|1791331733774|1|1|-1
LdbcShortQuery2PersonPosts|1791331733775|1791331733775|1|10|-1
LdbcShortQuery3PersonFriends|1791331733776|1791331733777|2|66|-1
LdbcShortQuery4MessageContent|1791331733779|1791331733780|1|1|-1
LdbcShortQuery5MessageCreator|1791331733781|1791331733781|1|1|-1
LdbcShortQuery6MessageForum|1791331733782|1791331733782|1|1|-1
LdbcShortQuery7MessageReplies|1791331733783|1791331733783|1|2|-1
LdbcShortQuery1PersonProfile|1791331733784|1791331733785|1|1|-1
LdbcShortQuery2PersonPosts|1791331733786|1791331733786|1|10|-1
LdbcShortQuery3PersonFriends|1791331733787|1791331733787|1|9|-1
LdbcQuery4|1791331733268|1791331733788|2|3|1347530305538
LdbcShortQuery4MessageContent|1791331733790|1791331733792|1|1|-1
LdbcShortQuery5MessageCreator|1791331733793|1791331733793|1|1|-1
LdbcShortQuery6MessageForum|1791331733794|1791331733795|1|1|-1
LdbcShortQuery7MessageReplies|1791331733796|1791331733796|1|0|-1
LdbcShortQuery1PersonProfile|1791331733797|1791331733797|1|1|-1
LdbcShortQuery2PersonPosts|1791331733798|1791331733798|5|10|-1
LdbcShortQuery3PersonFriends|1791331733803|1791331733804|1|28|-1
LdbcShortQuery4MessageContent|1791331733805|1791331733806|1|1|-1
LdbcShortQuery5MessageCreator|1791331733807|1791331733808|0|1|-1
LdbcShortQuery6MessageForum|1791331733808|1791331733809|0|1|-1
LdbcShortQuery7MessageReplies|1791331733809|1791331733809|0|0|-1
LdbcQuery5|1791331733268|1791331733811|31|20|1347530305538
LdbcShortQuery1PersonProfile|1791331733842|1791331733842|1|1|-1
LdbcShortQuery2PersonPosts|1791331733843|1791331733844|1|10|-1
LdbcShortQuery3PersonFriends|1791331733845|1791331733845|0|36|-1
LdbcShortQuery4MessageContent|1791331733845|1791331733846|1|1|-1
LdbcShortQuery5MessageCreator|1791331733847|1791331733847|0|1|-1
LdbcShortQuery6MessageForum|1791331733847|1791331733848|0|1|-1
LdbcShortQuery7MessageReplies|1791331733848|1791331733849|0|0|-1
LdbcQuery13|1791331733268|1791331733850|0|1|1347530305538
LdbcShortQuery4MessageContent|1791331733850|1791331733850|0|1|-1
LdbcShortQuery5MessageCreator|1791331733850|1791331733851|0|1|-1
LdbcShortQuery6MessageForum|1791331733851|1791331733852|0|1|-1
LdbcShortQuery7MessageReplies|1791331733852|1791331733852|0|4|-1
LdbcShortQuery1PersonProfile|1791331733852|1791331733853|0|1|-1
LdbcShortQuery2PersonPosts|1791331733853|1791331733854|0|10|-1
LdbcShortQuery3PersonFriends|1791331733854|1791331733854|1|338|-1
LdbcQuery10|1791331733268|1791331733856|16|10|1347530305538
LdbcShortQuery1PersonProfile|1791331733872|1791331733873|0|1|-1
LdbcShortQuery2PersonPosts|1791331733873|1791331733874|1|10|-1
LdbcShortQuery3PersonFriends|1791331733875|1791331733875|0|23|-1
LdbcShortQuery4MessageContent|1791331733875|1791331733876|0|1|-1
LdbcShortQuery5MessageCreator|1791331733876|1791331733877|0|1|-1
LdbcShortQuery6MessageForum|1791331733877|1791331733877|0|1|-1
LdbcShortQuery7MessageReplies|1791331733877|1791331733878|0|1|-1
LdbcShortQuery1PersonProfile|1791331733878|1791331733879|0|1|-1
LdbcShortQuery2PersonPosts|1791331733879|1791331733880|1|10|-1
LdbcShortQuery3PersonFriends|1791331733881|1791331733881|0|2|-1
LdbcQuery13|1791331738129|1791331738129|4|1|1347530354145
LdbcShortQuery4MessageContent|1791331738133|1791331738134|2|1|-1
LdbcShortQuery5MessageCreator|1791331738136|1791331738136|1|1|-1
LdbcShortQuery6MessageForum|1791331738137|1791331738137|1|1|-1
LdbcShortQuery7MessageReplies|1791331738138|1791331738139|1|0|-1
LdbcShortQuery1PersonProfile|1791331738140|1791331738140|1|1|-1
LdbcShortQuery2PersonPosts|1791331738141|1791331738142|1|10|-1
LdbcShortQuery3PersonFriends|1791331738143|1791331738143|1|14|-1
LdbcShortQuery4MessageContent|1791331738144|1791331738146|1|1|-1
LdbcShortQuery5MessageCreator|1791331738147|1791331738147|1|1|-1
LdbcShortQuery6MessageForum|1791331738148|1791331738148|1|1|-1
LdbcShortQuery7MessageReplies|1791331738149|1791331738150|1|0|-1
LdbcQuery10|1791331738129|1791331738151|23|10|1347530354145
LdbcShortQuery1PersonProfile|1791331738174|1791331738174|2|1|-1
LdbcShortQuery2PersonPosts|1791331738176|1791331738177|7|10|-1
LdbcShortQuery3PersonFriends|1791331738184|1791331738184|2|13|-1
LdbcShortQuery4MessageContent|1791331738186|1791331738186|2|1|-1
LdbcShortQuery5MessageCreator|1791331738188|1791331738188|3|1|-1
LdbcShortQuery6MessageForum|1791331738191|1791331738192|2|1|-1
LdbcShortQuery7MessageReplies|1791331738194|1791331738196|1|4|-1
LdbcShortQuery1PersonProfile|1791331738197|1791331738197|2|1|-1
LdbcShortQuery2PersonPosts|1791331738199|1791331738200|4|10|-1
LdbcShortQuery3PersonFriends|1791331738204|1791331738205|1|37|-1
LdbcShortQuery4MessageContent|1791331738206|1791331738206|1|1|-1
LdbcShortQuery5MessageCreator|1791331738207|1791331738207|0|1|-1
LdbcShortQuery6MessageForum|1791331738207|1791331738208|0|1|-1
LdbcShortQuery7MessageReplies|1791331738208|1791331738208|1|7|-1
LdbcQuery6|1791331738129|1791331738211|36|10|1347530354145
LdbcShortQuery4MessageContent|1791331738247|1791331738247|2|1|-1
LdbcShortQuery5MessageCreator|1791331738249|1791331738249|1|1|-1
LdbcShortQuery6MessageForum|1791331738250|1791331738252|2|1|-1
LdbcShortQuery7MessageReplies|1791331738254|1791331738254|2|0|-1
LdbcShortQuery1PersonProfile|1791331738256|1791331738256|2|1|-1
LdbcShortQuery2PersonPosts|1791331738258|1791331738259|3|10|-1
LdbcShortQuery3PersonFriends|1791331738262|1791331738263|3|55|-1
LdbcShortQuery4MessageContent|1791331738266|1791331738266|2|1|-1
LdbcShortQuery5MessageCreator|1791331738268|1791331738268|0|1|-1
LdbcShortQuery6MessageForum|1791331738268|1791331738269|1|1|-1
LdbcShortQuery7MessageReplies|1791331738270|1791331738270|2|0|-1
LdbcShortQuery1PersonProfile|1791331738272|1791331738272|2|1|-1
LdbcShortQuery2PersonPosts|1791331738274|1791331738274|1|10|-1
LdbcShortQuery3PersonFriends|1791331738275|1791331738276|1|29|-1
LdbcQuery7|1791331738129|1791331738277|4|20|1347530354145
LdbcShortQuery1PersonProfile|1791331738281|1791331738282|2|1|-1
LdbcShortQuery2PersonPosts|1791331738284|1791331738285|2|10|-1
LdbcShortQuery3PersonFriends|1791331738287|1791331738287|1|10|-1
LdbcQuery1|1791331738129|1791331738288|5|20|1347530354145
LdbcShortQuery4MessageContent|1791331738293|1791331738295|3|1|-1
LdbcShortQuery5MessageCreator|1791331738298|1791331738298|9|1|-1
LdbcShortQuery6MessageForum|1791331738307|1791331738308|0|1|-1
LdbcShortQuery7MessageReplies|1791331738308|1791331738309|2|7|-1
LdbcShortQuery1PersonProfile|1791331738311|1791331738311|1|1|-1
LdbcShortQuery2PersonPosts|1791331738312|1791331738312|2|10|-1
LdbcShortQuery3PersonFriends|1791331738314|1791331738315|1|33|-1
LdbcShortQuery4MessageContent|1791331738316|1791331738317|1|1|-1
LdbcShortQuery5MessageCreator|1791331738318|1791331738318|1|1|-1
LdbcShortQuery6MessageForum|1791331738319|1791331738319|1|1|-1
LdbcShortQuery7MessageReplies|1791331738320|1791331738320|1|9|-1
LdbcShortQuery1PersonProfile|1791331738321|1791331738322|1|1|-1
LdbcShortQuery2PersonPosts|1791331738323|1791331738323|1|10|-1
LdbcShortQuery3PersonFriends|1791331738324|1791331738324|0|21|-1
LdbcQuery12|1791331738129|1791331738324|57|3|1347530354145
LdbcShortQuery1PersonProfile|1791331738381|1791331738382|2|1|-1
LdbcShortQuery2PersonPosts|1791331738384|1791331738384|1|10|-1
LdbcShortQuery3PersonFriends|1791331738385|1791331738387|3|230|-1
LdbcShortQuery4MessageContent|1791331738390|1791331738390|1|1|-1
LdbcShortQuery5MessageCreator|1791331738391|1791331738391|0|1|-1
LdbcShortQuery6MessageForum|1791331738391|1791331738392|1|1|-1
LdbcShortQuery7MessageReplies|1791331738393|1791331738394|1|9|-1
LdbcQuery3|1791331738129|1791331738395|63|0|1347530354145
LdbcShortQuery4MessageContent|1791331738458|1791331738459|1|1|-1
LdbcShortQuery5MessageCreator|1791331738460|1791331738461|1|1|-1
LdbcShortQuery6MessageForum|1791331738462|1791331738462|1|1|-1
LdbcShortQuery7MessageReplies|1791331738463|1791331738464|1|0|-1
LdbcShortQuery1PersonProfile|1791331738465|1791331738465|2|1|-1
LdbcShortQuery2PersonPosts|1791331738467|1791331738467|2|10|-1
LdbcShortQuery3PersonFriends|1791331738469|1791331738470|1|22|-1
LdbcQuery14|1791331738129|1791331738472|3|1|1347530354145
LdbcShortQuery1PersonProfile|1791331738475|1791331738475|1|1|-1
LdbcShortQuery2PersonPosts|1791331738476|1791331738476|1|10|-1
LdbcShortQuery3PersonFriends|1791331738477|1791331738477|1|61|-1
LdbcShortQuery4MessageContent|1791331738478|1791331738479|0|1|-1
LdbcShortQuery5MessageCreator|1791331738479|1791331738480|0|1|-1
LdbcShortQuery6MessageForum|1791331738480|1791331738480|0|1|-1
LdbcShortQuery7MessageReplies|1791331738480|1791331738481|0|0|-1
LdbcShortQuery1PersonProfile|1791331738481|1791331738481|0|1|-1
LdbcShortQuery2PersonPosts|1791331738481|1791331738481|1|10|-1
LdbcShortQuery3PersonFriends|1791331738482|1791331738484|1|10|-1
LdbcQuery8|1791331738129|1791331738485|3|20|1347530354145
LdbcShortQuery4MessageContent|1791331738488|1791331738489|1|1|-1
LdbcShortQuery5MessageCreator|1791331738490|1791331738490|1|1|-1
LdbcShortQuery6MessageForum|1791331738491|1791331738491|1|1|-1
LdbcShortQuery7MessageReplies|1791331738492|1791331738492|1|4|-1
LdbcShortQuery1PersonProfile|1791331738493|1791331738494|1|1|-1
LdbcShortQuery2PersonPosts|1791331738495|1791331738495|1|10|-1
LdbcShortQuery3PersonFriends|1791331738496|1791331738497|1|32|-1
LdbcShortQuery4MessageContent|1791331738498|1791331738498|1|1|-1
LdbcShortQuery5MessageCreator|1791331738499|1791331738500|1|1|-1
LdbcShortQuery6MessageForum|1791331738501|1791331738502|1|1|-1
LdbcShortQuery7MessageReplies|1791331738503|1791331738503|1|3|-1
LdbcShortQuery1PersonProfile|1791331738504|1791331738504|1|1|-1
LdbcShortQuery2PersonPosts|1791331738505|1791331738505|1|10|-1
LdbcShortQuery3PersonFriends|1791331738506|1791331738506|1|30|-1
LdbcQuery5|1791331738129|1791331738507|77|20|1347530354145
LdbcShortQuery1PersonProfile|1791331738584|1791331738585|3|1|-1
LdbcShortQuery2PersonPosts|1791331738588|1791331738588|2|10|-1
LdbcShortQuery3PersonFriends|1791331738590|1791331738591|3|46|-1
LdbcQuery2|1791331738129|1791331738594|7|20|1347530354145
LdbcShortQuery4MessageContent|1791331738601|1791331738601|2|1|-1
LdbcShortQuery5MessageCreator|1791331738603|1791331738603|2|1|-1
LdbcShortQuery6MessageForum|1791331738605|1791331738607|3|1|-1
LdbcShortQuery7MessageReplies|1791331738610|1791331738610|2|0|-1
LdbcShortQuery1PersonProfile|1791331738612|1791331738612|2|1|-1
LdbcShortQuery2PersonPosts|1791331738614|1791331738615|2|10|-1
LdbcShortQuery3PersonFriends|1791331738617|1791331738617|1|5|-1
LdbcQuery9|1791331738129|1791331738619|55|20|1347530354145
LdbcShortQuery1PersonProfile|1791331738674|1791331738674|2|1|-1
LdbcShortQuery2PersonPosts|1791331738676|1791331738677|2|10|-1
LdbcShortQuery3PersonFriends|1791331738679|1791331738679|2|23|-1
LdbcShortQuery4MessageContent|1791331738681|1791331738682|2|1|-1
LdbcShortQuery5MessageCreator|1791331738684|1791331738684|2|1|-1
LdbcShortQuery6MessageForum|1791331738686|1791331738686|2|1|-1
LdbcShortQuery7MessageReplies|1791331738688|1791331738688|1|4|-1
LdbcShortQuery1PersonProfile|1791331738689|1791331738690|1|1|-1
LdbcShortQuery2PersonPosts|1791331738691|1791331738691|1|10|-1
LdbcShortQuery3PersonFriends|1791331738692|1791331738693|1|32|-1
LdbcShortQuery4MessageContent|1791331738694|1791331738694|1|1|-1
LdbcShortQuery5MessageCreator|1791331738695|1791331738696|1|1|-1
LdbcShortQuery6MessageForum|1791331738697|1791331738697|1|1|-1
LdbcShortQuery7MessageReplies|1791331738698|1791331738698|1|11|-1
LdbcQuery11|1791331738129|1791331738700|3|0|1347530354145
LdbcShortQuery4MessageContent|1791331738703|1791331738703|1|1|-1
LdbcShortQuery5MessageCreator|1791331738704|1791331738704|1|1|-1
LdbcShortQuery6MessageForum|1791331738705|1791331738705|1|1|-1
LdbcShortQuery7MessageReplies|1791331738706|1791331738706|1|0|-1
LdbcShortQuery1PersonProfile|1791331738707|1791331738707|1|1|-1
LdbcShortQuery2PersonPosts|1791331738708|1791331738708|1|10|-1
LdbcShortQuery3PersonFriends|1791331738709|1791331738710|1|26|-1
LdbcShortQuery4MessageContent|1791331738711|1791331738711|0|1|-1
LdbcShortQuery5MessageCreator|1791331738711|1791331738712|1|1|-1
LdbcShortQuery6MessageForum|1791331738713|1791331738713|0|1|-1
LdbcShortQuery7MessageReplies|1791331738713|1791331738714|1|1|-1
LdbcShortQuery1PersonProfile|1791331738715|1791331738715|1|1|-1
LdbcShortQuery2PersonPosts|1791331738716|1791331738716|1|10|-1
LdbcShortQuery3PersonFriends|1791331738717|1791331738717|1|48|-1
LdbcQuery4|1791331738129|1791331738719|1|3|1347530354145
LdbcShortQuery1PersonProfile|1791331738720|1791331738721|0|1|-1
LdbcShortQuery2PersonPosts|1791331738721|1791331738722|1|10|-1
LdbcShortQuery3PersonFriends|1791331738723|1791331738723|1|23|-1
LdbcShortQuery4MessageContent|1791331738724|1791331738724|0|1|-1
LdbcShortQuery5MessageCreator|1791331738724|1791331738725|0|1|-1
LdbcShortQuery6MessageForum|1791331738725|1791331738726|0|1|-1
LdbcShortQuery7MessageReplies|1791331738726|1791331738726|0|0|-1
LdbcShortQuery1PersonProfile|1791331738726|1791331738727|0|1|-1
LdbcShortQuery2PersonPosts|1791331738727|1791331738728|1|10|-1
LdbcShortQuery3PersonFriends|1791331738729|1791331738730|0|13|-1
LdbcShortQuery4MessageContent|1791331738730|1791331738731|0|1|-1
LdbcShortQuery5MessageCreator|1791331738731|1791331738732|0|1|-1
LdbcShortQuery6MessageForum|1791331738732|1791331738733|0|1|-1
LdbcShortQuery7MessageReplies|1791331738733|1791331738733|1|3|-1
LdbcQuery11|1791331742989|1791331742989|9|0|1347530402752
LdbcShortQuery4MessageContent|1791331742998|1791331742999|2|1|-1
LdbcShortQuery5MessageCreator|1791331743001|1791331743001|2|1|-1
LdbcShortQuery6MessageForum|1791331743003|1791331743004|1|1|-1
LdbcShortQuery7MessageReplies|1791331743005|1791331743005|1|5|-1
LdbcShortQuery1PersonProfile|1791331743006|1791331743006|1|1|-1
LdbcShortQuery2PersonPosts|1791331743007|1791331743008|6|10|-1
LdbcShortQuery3PersonFriends|1791331743014|1791331743014|4|10|-1
LdbcShortQuery4MessageContent|1791331743018|1791331743019|1|1|-1
LdbcShortQuery5MessageCreator|1791331743020|1791331743020|1|1|-1
LdbcShortQuery6MessageForum|1791331743021|1791331743022|1|1|-1
LdbcShortQuery7MessageReplies|1791331743023|1791331743024|1|0|-1
LdbcQuery4|1791331742989|1791331743025|1|3|1347530402752
LdbcShortQuery1PersonProfile|1791331743026|1791331743027|1|1|-1
LdbcShortQuery2PersonPosts|1791331743028|1791331743028|1|10|-1
LdbcShortQuery3PersonFriends|1791331743029|1791331743030|1|79|-1
LdbcShortQuery4MessageContent|1791331743031|1791331743031|1|1|-1
LdbcShortQuery5MessageCreator|1791331743032|1791331743032|0|1|-1
LdbcShortQuery6MessageForum|1791331743032|1791331743032|0|1|-1
LdbcShortQuery7MessageReplies|1791331743032|1791331743034|0|12|-1
LdbcShortQuery1PersonProfile|1791331743034|1791331743035|0|1|-1
LdbcShortQuery2PersonPosts|1791331743035|1791331743035|1|10|-1
LdbcShortQuery3PersonFriends|1791331743036|1791331743036|1|256|-1
LdbcQuery3|1791331742989|1791331743037|139|0|1347530402752
LdbcShortQuery4MessageContent|1791331743176|1791331743177|3|1|-1
LdbcShortQuery5MessageCreator|1791331743180|1791331743181|5|1|-1
LdbcShortQuery6MessageForum|1791331743186|1791331743186|36|1|-1
LdbcShortQuery7MessageReplies|1791331743222|1791331743222|76|0|-1
LdbcShortQuery1PersonProfile|1791331743298|1791331743298|2|1|-1
LdbcShortQuery2PersonPosts|1791331743300|1791331743302|1|10|-1
LdbcShortQuery3PersonFriends|1791331743303|1791331743303|1|24|-1
LdbcQuery6|1791331742989|1791331743305|41|10|1347530402752
LdbcShortQuery1PersonProfile|1791331743346|1791331743346|2|1|-1
LdbcShortQuery2PersonPosts|1791331743348|1791331743349|2|10|-1
LdbcShortQuery3PersonFriends|1791331743351|1791331743352|2|25|-1
LdbcShortQuery4MessageContent|1791331743354|1791331743354|1|1|-1
LdbcShortQuery5MessageCreator|1791331743355|1791331743356|2|1|-1
LdbcShortQuery6MessageForum|1791331743358|1791331743358|1|1|-1
LdbcShortQuery7MessageReplies|1791331743359|1791331743359|1|6|-1
LdbcShortQuery1PersonProfile|1791331743360|1791331743361|1|1|-1
LdbcShortQuery2PersonPosts|1791331743362|1791331743362|1|10|-1
LdbcShortQuery3PersonFriends|1791331743363|1791331743363|1|30|-1
LdbcQuery13|1791331742989|1791331743365|1|1|1347530402752
LdbcShortQuery4MessageContent|1791331743366|1791331743367|0|1|-1
LdbcShortQuery5MessageCreator|1791331743367|1791331743368|1|1|-1
LdbcShortQuery6MessageForum|1791331743369|1791331743369|1|1|-1
LdbcShortQuery7MessageReplies|1791331743370|1791331743371|0|4|-1
LdbcShortQuery1PersonProfile|1791331743371|1791331743372|1|1|-1
LdbcShortQuery2PersonPosts|1791331743373|1791331743373|2|10|-1
LdbcShortQuery3PersonFriends|1791331743375|1791331743375|1|43|-1
LdbcShortQuery4MessageContent|1791331743376|1791331743376|1|1|-1
LdbcShortQuery5MessageCreator|1791331743377|1791331743378|1|1|-1
LdbcShortQuery6MessageForum|1791331743379|1791331743379|0|1|-1
LdbcShortQuery7MessageReplies|1791331743379|1791331743380|0|0|-1
LdbcShortQuery1PersonProfile|1791331743380|1791331743380|1|1|-1
LdbcShortQuery2PersonPosts|1791331743381|1791331743382|1|10|-1
LdbcShortQuery3PersonFriends|1791331743383|1791331743383|1|27|-1
LdbcQuery10|1791331742989|1791331743385|10|10|1347530402752
LdbcShortQuery1PersonProfile|1791331743395|1791331743396|1|1|-1
LdbcShortQuery2PersonPosts|1791331743397|1791331743397|1|5|-1
LdbcShortQuery3PersonFriends|1791331743398|1791331743398|1|84|-1
LdbcShortQuery4MessageContent|1791331743399|1791331743399|0|1|-1
LdbcShortQuery5MessageCreator|1791331743399|1791331743400|0|1|-1
LdbcShortQuery6MessageForum|1791331743400|1791331743401|0|1|-1
LdbcShortQuery7MessageReplies|1791331743401|1791331743402|1|5|-1
LdbcShortQuery1PersonProfile|1791331743403|1791331743404|0|1|-1
LdbcShortQuery2PersonPosts|1791331743404|1791331743404|1|10|-1
LdbcShortQuery3PersonFriends|1791331743405|1791331743406|0|7|-1
LdbcShortQuery4MessageContent|1791331743406|1791331743407|1|1|-1
LdbcShortQuery5MessageCreator|1791331743408|1791331743408|0|1|-1
LdbcShortQuery6MessageForum|1791331743408|1791331743408|0|1|-1
LdbcShortQuery7MessageReplies|1791331743408|1791331743410|2|0|-1
LdbcQuery12|1791331742989|1791331743412|62|3|1347530402752
LdbcShortQuery4MessageContent|1791331743474|1791331743474|1|1|-1
LdbcShortQuery5MessageCreator|1791331743475|1791331743475|0|1|-1
LdbcShortQuery6MessageForum|1791331743475|1791331743477|0|1|-1
LdbcShortQuery7MessageReplies|1791331743477|1791331743477|0|0|-1
LdbcQuery7|1791331742989|1791331743478|1|20|1347530402752
LdbcShortQuery1PersonProfile|1791331743479|1791331743479|0|1|-1
LdbcShortQuery2PersonPosts|1791331743479|1791331743479|0|10|-1
LdbcShortQuery3PersonFriends|1791331743479|1791331743480|0|8|-1
LdbcShortQuery4MessageContent|1791331743480|1791331743480|0|1|-1
LdbcShortQuery5MessageCreator|1791331743480|1791331743481|0|1|-1
LdbcShortQuery6MessageForum|1791331743481|1791331743481|0|1|-1
LdbcShortQuery7MessageReplies|1791331743481|1791331743481|0|0|-1
LdbcQuery1|1791331742989|1791331743482|0|2|1347530402752
LdbcShortQuery4MessageContent|1791331743482|1791331743483|0|1|-1
LdbcShortQuery5MessageCreator|1791331743483|1791331743483|0|1|-1
LdbcShortQuery6MessageForum|1791331743483|1791331743483|0|1|-1
LdbcShortQuery7MessageReplies|1791331743483|1791331743484|0|0|-1
LdbcShortQuery1PersonProfile|1791331743484|1791331743484|0|1|-1
LdbcShortQuery2PersonPosts|1791331743484|1791331743484|0|10|-1
LdbcShortQuery3PersonFriends|1791331743484|1791331743485|0|23|-1
LdbcQuery9|1791331742989|1791331743485|53|20|1347530402752
LdbcShortQuery1PersonProfile|1791331743538|1791331743539|1|1|-1
LdbcShortQuery2PersonPosts|1791331743540|1791331743540|2|10|-1
LdbcShortQuery3PersonFriends|1791331743542|1791331743544|1|23|-1
LdbcQuery5|1791331742989|1791331743545|28|20|1347530402752
LdbcShortQuery4MessageContent|1791331743573|1791331743573|0|1|-1
LdbcShortQuery5MessageCreator|1791331743573|1791331743573|0|1|-1
LdbcShortQuery6MessageForum|1791331743573|1791331743573|0|1|-1
LdbcShortQuery7MessageReplies|1791331743573|1791331743575|0|0|-1
LdbcShortQuery1PersonProfile|1791331743575|1791331743575|0|1|-1
LdbcShortQuery2PersonPosts|1791331743575|1791331743575|0|10|-1
LdbcShortQuery3PersonFriends|1791331743575|1791331743576|0|41|-1
LdbcShortQuery4MessageContent|1791331743576|1791331743577|0|1|-1
LdbcShortQuery5MessageCreator|1791331743577|1791331743577|0|1|-1
LdbcShortQuery6MessageForum|1791331743577|1791331743578|0|1|-1
LdbcShortQuery7MessageReplies|1791331743578|1791331743578|0|0|-1
LdbcQuery14|1791331742989|1791331743578|2|1|1347530402752
LdbcShortQuery1PersonProfile|1791331743580|1791331743580|0|1|-1
LdbcShortQuery2PersonPosts|1791331743580|1791331743582|0|10|-1
LdbcShortQuery3PersonFriends|1791331743582|1791331743582|0|14|-1
LdbcShortQuery4MessageContent|1791331743582|1791331743583|0|1|-1
LdbcShortQuery5MessageCreator|1791331743583|1791331743583|0|1|-1
LdbcShortQuery6MessageForum|1791331743583|1791331743583|0|1|-1
LdbcShortQuery7MessageReplies|1791331743583|1791331743584|0|0|-1
LdbcQuery8|1791331742989|1791331743584|1|20|1347530402752
LdbcShortQuery4MessageContent|1791331743585|1791331743585|0|1|-1
LdbcShortQuery5MessageCreator|1791331743585|1791331743586|0|1|-1
LdbcShortQuery6MessageForum|1791331743586|1791331743586|0|1|-1
LdbcShortQuery7MessageReplies|1791331743586|1791331743587|0|0|-1
LdbcShortQuery1PersonProfile|1791331743587|1791331743587|0|1|-1
LdbcShortQuery2PersonPosts|1791331743587|1791331743587|0|10|-1
LdbcShortQuery3PersonFriends|1791331743587|1791331743588|0|25|-1
LdbcShortQuery4MessageContent|1791331743588|1791331743588|0|1|-1
LdbcShortQuery5MessageCreator|1791331743588|1791331743589|0|1|-1
LdbcShortQuery6MessageForum|1791331743589|1791331743589|0|1|-1
LdbcShortQuery7MessageReplies|1791331743589|1791331743590|0|0|-1
LdbcQuery2|1791331742989|1791331743590|2|20|1347530402752
LdbcShortQuery1PersonProfile|1791331743592|1791331743592|1|1|-1
LdbcShortQuery2PersonPosts|1791331743593|1791331743594|2|10|-1
LdbcShortQuery3PersonFriends|1791331743596|1791331743596|1|47|-1
LdbcQuery8|1791331747850|1791331747851|13|20|1347530451359
LdbcShortQuery4MessageContent|1791331747864|1791331747864|0|1|-1
LdbcShortQuery5MessageCreator|1791331747864|1791331747864|4|1|-1
LdbcShortQuery6MessageForum|1791331747868|1791331747870|1|1|-1
LdbcShortQuery7MessageReplies|1791331747871|1791331747871|2|5|-1
LdbcShortQuery1PersonProfile|1791331747873|1791331747873|1|1|-1
LdbcShortQuery2PersonPosts|1791331747874|1791331747874|1|10|-1
LdbcShortQuery3PersonFriends|1791331747875|1791331747875|1|41|-1
LdbcShortQuery4MessageContent|1791331747876|1791331747878|1|1|-1
LdbcShortQuery5MessageCreator|1791331747879|1791331747879|1|1|-1
LdbcShortQuery6MessageForum|1791331747880|1791331747881|1|1|-1
LdbcShortQuery7MessageReplies|1791331747882|1791331747882|1|0|-1
LdbcQuery2|1791331747850|1791331747884|5|20|1347530451359
LdbcShortQuery1PersonProfile|1791331747889|1791331747889|1|1|-1
LdbcShortQuery2PersonPosts|1791331747890|1791331747891|1|10|-1
LdbcShortQuery3PersonFriends|1791331747892|1791331747892|1|4|-1
LdbcShortQuery4MessageContent|1791331747893|1791331747893|1|1|-1
LdbcShortQuery5MessageCreator|1791331747894|1791331747894|1|1|-1
LdbcShortQuery6MessageForum|1791331747895|1791331747895|1|1|-1
LdbcShortQuery7MessageReplies|1791331747896|1791331747896|1|0|-1
LdbcShortQuery1PersonProfile|1791331747897|1791331747897|1|1|-1
LdbcShortQuery2PersonPosts|1791331747898|1791331747899|1|10|-1
LdbcShortQuery3PersonFriends|1791331747900|1791331747900|1|11|-1
LdbcQuery12|1791331747850|1791331747901|54|1|1347530451359
LdbcShortQuery4MessageContent|1791331747955|1791331747956|1|1|-1
LdbcShortQuery5MessageCreator|1791331747957|1791331747957|1|1|-1
LdbcShortQuery6MessageForum|1791331747958|1791331747959|0|1|-1
LdbcShortQuery7MessageReplies|1791331747959|1791331747960|0|9|-1
LdbcQuery3|1791331747850|1791331747960|41|0|1347530451359
LdbcShortQuery1PersonProfile|1791331748001|1791331748002|3|1|-1
LdbcShortQuery2PersonPosts|1791331748005|1791331748005|0|10|-1
LdbcShortQuery3PersonFriends|1791331748005|1791331748006|0|43|-1
LdbcShortQuery4MessageContent|1791331748006|1791331748007|0|1|-1
LdbcShortQuery5MessageCreator|1791331748007|1791331748007|0|1|-1
LdbcShortQuery6MessageForum|1791331748007|1791331748008|0|1|-1
LdbcShortQuery7MessageReplies|1791331748008|1791331748009|0|0|-1
LdbcQuery11|1791331747850|1791331748009|1|0|1347530451359
LdbcUpdate3AddCommentLike|1791331748002|1791331748002|9|0|1347530452869
LdbcShortQuery4MessageContent|1791331748010|1791331748011|0|1|-1
LdbcShortQuery5MessageCreator|1791331748011|1791331748012|0|1|-1
LdbcShortQuery6MessageForum|1791331748012|1791331748012|0|1|-1
LdbcShortQuery7MessageReplies|1791331748012|1791331748012|0|0|-1
LdbcShortQuery1PersonProfile|1791331748012|1791331748013|0|1|-1
LdbcShortQuery2PersonPosts|1791331748013|1791331748013|0|10|-1
LdbcShortQuery3PersonFriends|1791331748013|1791331748014|0|21|-1
LdbcShortQuery4MessageContent|1791331748014|1791331748014|0|1|-1
LdbcShortQuery5MessageCreator|1791331748014|1791331748014|0|1|-1
LdbcShortQuery6MessageForum|1791331748014|1791331748014|0|1|-1
LdbcShortQuery7MessageReplies|1791331748014|1791331748016|0|0|-1
LdbcShortQuery1PersonProfile|1791331748016|1791331748016|0|1|-1
LdbcShortQuery2PersonPosts|1791331748016|1791331748016|0|10|-1
LdbcShortQuery3PersonFriends|1791331748016|1791331748017|0|29|-1
LdbcQuery4|1791331747850|1791331748017|1|10|1347530451359
LdbcShortQuery1PersonProfile|1791331748018|1791331748019|0|1|-1
LdbcShortQuery2PersonPosts|1791331748019|1791331748020|0|10|-1
LdbcShortQuery3PersonFriends|1791331748020|1791331748020|0|9|-1
LdbcQuery10|1791331747850|1791331748021|9|10|1347530451359
LdbcShortQuery4MessageContent|1791331748030|1791331748030|0|1|-1
LdbcShortQuery5MessageCreator|1791331748030|1791331748031|0|1|-1
LdbcShortQuery6MessageForum|1791331748031|1791331748031|0|1|-1
LdbcShortQuery7MessageReplies|1791331748031|1791331748031|0|0|-1
LdbcShortQuery1PersonProfile|1791331748031|1791331748032|0|1|-1
LdbcShortQuery2PersonPosts|1791331748032|1791331748032|0|10|-1
LdbcShortQuery3PersonFriends|1791331748032|1791331748034|0|14|-1
LdbcQuery6|1791331747850|1791331748034|57|10|1347530451359
LdbcShortQuery1PersonProfile|1791331748091|1791331748091|1|1|-1
LdbcShortQuery2PersonPosts|1791331748092|1791331748093|1|10|-1
LdbcShortQuery3PersonFriends|1791331748094|1791331748095|3|211|-1
LdbcShortQuery4MessageContent|1791331748098|1791331748098|1|1|-1
LdbcShortQuery5MessageCreator|1791331748099|1791331748100|1|1|-1
LdbcShortQuery6MessageForum|1791331748101|1791331748101|1|1|-1
LdbcShortQuery7MessageReplies|1791331748102|1791331748103|1|5|-1
LdbcQuery13|1791331747850|1791331748104|1|1|1347530451359
LdbcShortQuery4MessageContent|1791331748105|1791331748105|1|1|-1
LdbcShortQuery5MessageCreator|1791331748106|1791331748106|1|1|-1
LdbcShortQuery6MessageForum|1791331748107|1791331748107|1|1|-1
LdbcShortQuery7MessageReplies|1791331748108|1791331748109|1|0|-1
LdbcShortQuery1PersonProfile|1791331748110|1791331748110|1|1|-1
LdbcShortQuery2PersonPosts|1791331748111|1791331748111|1|10|-1
LdbcShortQuery3PersonFriends|1791331748112|1791331748112|1|20|-1
LdbcQuery14|1791331747850|1791331748114|81|17|1347530451359
LdbcShortQuery1PersonProfile|1791331748195|1791331748196|1|1|-1
LdbcShortQuery2PersonPosts|1791331748197|1791331748198|1|10|-1
LdbcShortQuery3PersonFriends|1791331748199|1791331748200|2|230|-1
LdbcShortQuery4MessageContent|1791331748202|1791331748202|1|1|-1
LdbcShortQuery5MessageCreator|1791331748203|1791331748204|0|1|-1
LdbcShortQuery6MessageForum|1791331748204|1791331748204|1|1|-1
LdbcShortQuery7MessageReplies|1791331748205|1791331748205|1|0|-1
LdbcShortQuery1PersonProfile|1791331748206|1791331748206|1|1|-1
LdbcShortQuery2PersonPosts|1791331748207|1791331748208|1|10|-1
LdbcShortQuery3PersonFriends|1791331748209|1791331748209|1|44|-1
LdbcQuery9|1791331747850|1791331748211|126|20|1347530451359
LdbcShortQuery4MessageContent|1791331748337|1791331748338|4|1|-1
LdbcShortQuery5MessageCreator|1791331748342|1791331748342|2|1|-1
LdbcShortQuery6MessageForum|1791331748344|1791331748344|2|1|-1
LdbcShortQuery7MessageReplies|1791331748346|1791331748347|2|0|-1
LdbcShortQuery1PersonProfile|1791331748349|1791331748349|2|1|-1
LdbcShortQuery2PersonPosts|1791331748351|1791331748351|2|10|-1
LdbcShortQuery3PersonFriends|1791331748353|1791331748353|3|189|-1
LdbcShortQuery4MessageContent|1791331748356|1791331748357|2|1|-1
LdbcShortQuery5MessageCreator|1791331748359|1791331748359|5|1|-1
LdbcShortQuery6MessageForum|1791331748364|1791331748365|3|1|-1
LdbcShortQuery7MessageReplies|1791331748368|1791331748368|2|0|-1
LdbcQuery7|1791331747850|1791331748370|7|20|1347530451359
LdbcShortQuery1PersonProfile|1791331748377|1791331748378|1|1|-1
LdbcShortQuery2PersonPosts|1791331748379|1791331748379|1|10|-1
LdbcShortQuery3PersonFriends|1791331748380|1791331748382|1|29|-1
LdbcQuery1|1791331747850|1791331748383|2|2|1347530451359
LdbcShortQuery4MessageContent|1791331748385|1791331748386|1|1|-1
LdbcShortQuery5MessageCreator|1791331748387|1791331748387|1|1|-1
LdbcShortQuery6MessageForum|1791331748388|1791331748388|2|1|-1
LdbcShortQuery7MessageReplies|1791331748390|1791331748392|1|2|-1
LdbcShortQuery1PersonProfile|1791331748393|1791331748393|1|1|-1
LdbcShortQuery2PersonPosts|1791331748394|1791331748395|1|10|-1
LdbcShortQuery3PersonFriends|1791331748396|1791331748396|1|33|-1
LdbcShortQuery4MessageContent|1791331748397|1791331748398|1|1|-1
LdbcShortQuery5MessageCreator|1791331748399|1791331748399|1|1|-1
LdbcShortQuery6MessageForum|1791331748400|1791331748400|1|1|-1
LdbcShortQuery7MessageReplies|1791331748401|1791331748401|1|6|-1
LdbcQuery5|1791331747850|1791331748403|62|20|1347530451359
LdbcShortQuery1PersonProfile|1791331748465|1791331748466|1|1|-1
LdbcShortQuery2PersonPosts|1791331748467|1791331748468|3|10|-1
LdbcShortQuery3PersonFriends|1791331748471|1791331748471|1|18|-1
LdbcShortQuery4MessageContent|1791331748472|1791331748473|1|1|-1
LdbcShortQuery5MessageCreator|1791331748474|1791331748475|1|1|-1
LdbcShortQuery6MessageForum|1791331748476|1791331748476|1|1|-1
LdbcShortQuery7MessageReplies|1791331748477|1791331748478|1|0|-1
LdbcQuery1|1791331752711|1791331752711|2|2|1347530499966
LdbcShortQuery4MessageContent|1791331752713|1791331752713|1|1|-1
LdbcShortQuery5MessageCreator|1791331752714|1791331752714|0|1|-1
LdbcShortQuery6MessageForum|1791331752714|1791331752715|0|1|-1
LdbcShortQuery7MessageReplies|1791331752715|1791331752716|0|0|-1
LdbcShortQuery1PersonProfile|1791331752716|1791331752716|0|1|-1
LdbcShortQuery2PersonPosts|1791331752716|1791331752717|1|10|-1
LdbcShortQuery3PersonFriends|1791331752718|1791331752718|0|56|-1
LdbcShortQuery4MessageContent|1791331752718|1791331752719|0|1|-1
LdbcShortQuery5MessageCreator|1791331752719|1791331752720|0|1|-1
LdbcShortQuery6MessageForum|1791331752720|1791331752720|0|1|-1
LdbcShortQuery7MessageReplies|1791331752720|1791331752720|0|8|-1
LdbcQuery5|1791331752711|1791331752722|21|20|1347530499966
LdbcShortQuery1PersonProfile|1791331752743|1791331752743|0|1|-1
LdbcShortQuery2PersonPosts|1791331752743|1791331752744|0|10|-1
LdbcShortQuery3PersonFriends|1791331752744|1791331752745|0|12|-1
LdbcShortQuery4MessageContent|1791331752745|1791331752745|0|1|-1
LdbcShortQuery5MessageCreator|1791331752745|1791331752746|0|1|-1
LdbcShortQuery6MessageForum|1791331752746|1791331752746|0|1|-1
LdbcShortQuery7MessageReplies|1791331752746|1791331752746|0|8|-1
LdbcShortQuery1PersonProfile|1791331752746|1791331752747|0|1|-1
LdbcShortQuery2PersonPosts|1791331752747|1791331752748|0|10|-1
LdbcShortQuery3PersonFriends|1791331752748|1791331752748|0|44|-1
LdbcShortQuery4MessageContent|1791331752748|1791331752749|0|1|-1
LdbcShortQuery5MessageCreator|1791331752749|1791331752750|0|1|-1
LdbcShortQuery6MessageForum|1791331752750|1791331752750|0|1|-1
LdbcShortQuery7MessageReplies|1791331752750|1791331752751|0|0|-1
LdbcQuery10|1791331752711|1791331752752|5|10|1347530499966
LdbcShortQuery4MessageContent|1791331752757|1791331752757|0|1|-1
LdbcShortQuery5MessageCreator|1791331752757|1791331752757|0|1|-1
LdbcShortQuery6MessageForum|1791331752757|1791331752758|0|1|-1
LdbcShortQuery7MessageReplies|1791331752758|1791331752759|0|0|-1
LdbcShortQuery1PersonProfile|1791331752759|1791331752759|0|1|-1
LdbcShortQuery2PersonPosts|1791331752759|1791331752760|0|10|-1
LdbcShortQuery3PersonFriends|1791331752760|1791331752760|0|41|-1
LdbcShortQuery4MessageContent|1791331752760|1791331752761|0|1|-1
LdbcShortQuery5MessageCreator|1791331752761|1791331752761|0|1|-1
LdbcShortQuery6MessageForum|1791331752761|1791331752762|0|1|-1
LdbcShortQuery7MessageReplies|1791331752762|1791331752762|0|9|-1
LdbcQuery12|1791331752711|1791331752763|29|2|1347530499966
LdbcShortQuery1PersonProfile|1791331752792|1791331752793|0|1|-1
LdbcShortQuery2PersonPosts|1791331752793|1791331752793|0|10|-1
LdbcShortQuery3PersonFriends|1791331752793|1791331752794|0|0|-1
LdbcShortQuery4MessageContent|1791331752794|1791331752794|0|1|-1
LdbcShortQuery5MessageCreator|1791331752794|1791331752795|0|1|-1
LdbcShortQuery6MessageForum|1791331752795|1791331752795|0|1|-1
LdbcShortQuery7MessageReplies|1791331752795|1791331752796|0|0|-1
LdbcShortQuery1PersonProfile|1791331752796|1791331752796|0|1|-1
LdbcShortQuery2PersonPosts|1791331752796|1791331752797|0|10|-1
LdbcShortQuery3PersonFriends|1791331752797|1791331752797|0|37|-1
LdbcQuery8|1791331752711|1791331752798|1|20|1347530499966
LdbcShortQuery4MessageContent|1791331752799|1791331752800|0|1|-1
LdbcShortQuery5MessageCreator|1791331752800|1791331752800|0|1|-1
LdbcShortQuery6MessageForum|1791331752800|1791331752801|0|1|-1
LdbcShortQuery7MessageReplies|1791331752801|1791331752801|0|0|-1
LdbcShortQuery1PersonProfile|1791331752801|1791331752802|0|1|-1
LdbcShortQuery2PersonPosts|1791331752802|1791331752802|0|2|-1
LdbcShortQuery3PersonFriends|1791331752802|1791331752803|0|7|-1
LdbcShortQuery4MessageContent|1791331752803|1791331752803|0|1|-1
LdbcShortQuery5MessageCreator|1791331752803|1791331752804|0|1|-1
LdbcShortQuery6MessageForum|1791331752804|1791331752805|0|1|-1
LdbcShortQuery7MessageReplies|1791331752805|1791331752805|0|1|-1
LdbcQuery2|1791331752711|1791331752806|2|20|1347530499966
LdbcShortQuery1PersonProfile|1791331752808|1791331752810|0|1|-1
LdbcShortQuery2PersonPosts|1791331752810|1791331752810|0|2|-1
LdbcShortQuery3PersonFriends|1791331752810|1791331752811|0|36|-1
LdbcShortQuery4MessageContent|1791331752811|1791331752811|0|1|-1
LdbcShortQuery5MessageCreator|1791331752811|1791331752812|0|1|-1
LdbcShortQuery6MessageForum|1791331752812|1791331752812|0|1|-1
LdbcShortQuery7MessageReplies|1791331752812|1791331752813|0|14|-1
LdbcShortQuery1PersonProfile|1791331752813|1791331752813|0|1|-1
LdbcShortQuery2PersonPosts|1791331752813|1791331752814|0|10|-1
LdbcShortQuery3PersonFriends|1791331752814|1791331752815|0|8|-1
LdbcQuery4|1791331752711|1791331752815|1|2|1347530499966
LdbcShortQuery4MessageContent|1791331752816|1791331752817|0|1|-1
LdbcShortQuery5MessageCreator|1791331752817|1791331752818|0|1|-1
LdbcShortQuery6MessageForum|1791331752818|1791331752818|0|1|-1
LdbcShortQuery7MessageReplies|1791331752818|1791331752819|0|0|-1
LdbcShortQuery1PersonProfile|1791331752819|1791331752820|0|1|-1
LdbcShortQuery2PersonPosts|1791331752820|1791331752820|0|10|-1
LdbcShortQuery3PersonFriends|1791331752820|1791331752821|0|10|-1
LdbcQuery3|1791331752711|1791331752822|55|0|1347530499966
LdbcShortQuery1PersonProfile|1791331752877|1791331752877|2|1|-1
LdbcShortQuery2PersonPosts|1791331752879|1791331752880|2|10|-1
LdbcShortQuery3PersonFriends|1791331752882|1791331752883|1|78|-1
LdbcShortQuery4MessageContent|1791331752884|1791331752885|1|1|-1
LdbcShortQuery5MessageCreator|1791331752886|1791331752886|1|1|-1
LdbcShortQuery6MessageForum|1791331752887|1791331752887|1|1|-1
LdbcShortQuery7MessageReplies|1791331752888|1791331752888|1|4|-1
LdbcShortQuery1PersonProfile|1791331752889|1791331752889|1|1|-1
LdbcShortQuery2PersonPosts|1791331752890|1791331752890|1|10|-1
LdbcShortQuery3PersonFriends|1791331752891|1791331752892|1|20|-1
LdbcShortQuery4MessageContent|1791331752893|1791331752893|1|1|-1
LdbcShortQuery5MessageCreator|1791331752894|1791331752895|1|1|-1
LdbcShortQuery6MessageForum|1791331752896|1791331752896|1|1|-1
LdbcShortQuery7MessageReplies|1791331752897|1791331752897|1|6|-1
LdbcShortQuery1PersonProfile|1791331752898|1791331752898|1|1|-1
LdbcShortQuery2PersonPosts|1791331752899|1791331752899|1|10|-1
LdbcShortQuery3PersonFriends|1791331752900|1791331752900|1|6|-1
LdbcQuery11|1791331752711|1791331752901|4|0|1347530499966
LdbcShortQuery4MessageContent|1791331752905|1791331752907|1|1|-1
LdbcShortQuery5MessageCreator|1791331752908|1791331752908|1|1|-1
LdbcShortQuery6MessageForum|1791331752909|1791331752909|1|1|-1
LdbcShortQuery7MessageReplies|1791331752910|1791331752910|1|4|-1
LdbcQuery7|1791331752711|1791331752911|2|20|1347530499966
LdbcShortQuery1PersonProfile|1791331752913|1791331752914|1|1|-1
LdbcShortQuery2PersonPosts|1791331752915|1791331752915|1|10|-1
LdbcShortQuery3PersonFriends|1791331752916|1791331752916|1|34|-1
LdbcQuery14|1791331752711|1791331752918|28|8|1347530499966
LdbcShortQuery4MessageContent|1791331752946|1791331752946|1|1|-1
LdbcShortQuery5MessageCreator|1791331752947|1791331752949|1|1|-1
LdbcShortQuery6MessageForum|1791331752950|1791331752950|1|1|-1
LdbcShortQuery7MessageReplies|1791331752951|1791331752951|1|0|-1
LdbcShortQuery1PersonProfile|1791331752952|1791331752952|1|1|-1
LdbcShortQuery2PersonPosts|1791331752953|1791331752953|1|7|-1
LdbcShortQuery3PersonFriends|1791331752954|1791331752955|1|34|-1
LdbcQuery6|1791331752711|1791331752956|32|10|1347530499966
LdbcShortQuery1PersonProfile|1791331752988|1791331752988|1|1|-1
LdbcShortQuery2PersonPosts|1791331752989|1791331752990|2|10|-1
LdbcShortQuery3PersonFriends|1791331752992|1791331752992|2|36|-1
LdbcQuery13|1791331752711|1791331752994|1|1|1347530499966
LdbcShortQuery4MessageContent|1791331752995|1791331752995|1|1|-1
LdbcShortQuery5MessageCreator|1791331752996|1791331752996|1|1|-1
LdbcShortQuery6MessageForum|1791331752997|1791331752998|1|1|-1
LdbcShortQuery7MessageReplies|1791331752999|1791331752999|1|0|-1
LdbcQuery9|1791331752711|1791331753000|75|20|1347530499966
LdbcShortQuery1PersonProfile|1791331753075|1791331753076|2|1|-1
LdbcShortQuery2PersonPosts|1791331753078|1791331753079|3|10|-1
LdbcShortQuery3PersonFriends|1791331753082|1791331753082|1|13|-1
LdbcUpdate5AddForumMembership|1791331754312|1791331754312|12|0|1347530515973
LdbcUpdate5AddForumMembership|1791331754816|1791331754817|13|0|1347530521010
LdbcUpdate5AddForumMembership|1791331754932|1791331754932|7|0|1347530522178
LdbcQuery13|1791331757571|1791331757571|4|1|1347530548573
LdbcShortQuery4MessageContent|1791331757575|1791331757576|2|1|-1
LdbcShortQuery5MessageCreator|1791331757578|1791331757579|2|1|-1
LdbcShortQuery6MessageForum|1791331757581|1791331757582|1|1|-1
LdbcShortQuery7MessageReplies|1791331757583|1791331757583|1|0|-1
LdbcShortQuery1PersonProfile|1791331757584|1791331757585|1|1|-1
LdbcShortQuery2PersonPosts|1791331757586|1791331757586|1|10|-1
LdbcShortQuery3PersonFriends|1791331757587|1791331757587|1|22|-1
LdbcShortQuery4MessageContent|1791331757588|1791331757588|1|1|-1
LdbcShortQuery5MessageCreator|1791331757589|1791331757591|2|1|-1
LdbcShortQuery6MessageForum|1791331757593|1791331757594|2|1|-1
LdbcShortQuery7MessageReplies|1791331757596|1791331757596|2|1|-1
LdbcQuery9|1791331757571|1791331757598|87|20|1347530548573
LdbcShortQuery1PersonProfile|1791331757685|1791331757685|1|1|-1
LdbcShortQuery2PersonPosts|1791331757686|1791331757686|1|0|-1
LdbcShortQuery3PersonFriends|1791331757687|1791331757689|1|2|-1
LdbcQuery4|1791331757571|1791331757690|2|0|1347530548573
LdbcShortQuery4MessageContent|1791331757692|1791331757692|1|1|-1
LdbcShortQuery5MessageCreator|1791331757693|1791331757693|1|1|-1
LdbcShortQuery6MessageForum|1791331757694|1791331757696|1|1|-1
LdbcShortQuery7MessageReplies|1791331757697|1791331757699|1|3|-1
LdbcShortQuery1PersonProfile|1791331757700|1791331757702|1|1|-1
LdbcShortQuery2PersonPosts|1791331757703|1791331757704|1|10|-1
LdbcShortQuery3PersonFriends|1791331757705|1791331757706|3|338|-1
LdbcUpdate5AddForumMembership|1791331757693|1791331757693|22|0|1347530549788
LdbcQuery10|1791331757571|1791331757709|45|10|1347530548573
LdbcShortQuery1PersonProfile|1791331757754|1791331757754|3|1|-1
LdbcShortQuery2PersonPosts|1791331757757|1791331757758|4|10|-1
LdbcShortQuery3PersonFriends|1791331757762|1791331757763|3|63|-1
LdbcShortQuery4MessageContent|1791331757766|1791331757767|12|1|-1
LdbcShortQuery5MessageCreator|1791331757779|1791331757779|4|1|-1
LdbcShortQuery6MessageForum|1791331757783|1791331757784|4|1|-1
LdbcShortQuery7MessageReplies|1791331757788|1791331757788|3|1|-1
LdbcShortQuery1PersonProfile|1791331757791|1791331757792|2|1|-1
LdbcShortQuery2PersonPosts|1791331757794|1791331757795|1|2|-1
LdbcShortQuery3PersonFriends|1791331757796|1791331757796|1|7|-1
LdbcQuery1|1791331757571|1791331757797|11|5|1347530548573
LdbcShortQuery4MessageContent|1791331757808|1791331757809|1|1|-1
LdbcShortQuery5MessageCreator|1791331757810|1791331757810|2|1|-1
LdbcShortQuery6MessageForum|1791331757812|1791331757812|1|1|-1
LdbcShortQuery7MessageReplies|1791331757813|1791331757815|1|0|-1
LdbcShortQuery1PersonProfile|1791331757816|1791331757816|1|1|-1
LdbcShortQuery2PersonPosts|1791331757817|1791331757818|1|2|-1
LdbcShortQuery3PersonFriends|1791331757819|1791331757819|3|211|-1
LdbcQuery5|1791331757571|1791331757822|16|0|1347530548573
LdbcShortQuery1PersonProfile|1791331757838|1791331757838|1|1|-1
LdbcShortQuery2PersonPosts|1791331757839|1791331757841|1|10|-1
LdbcShortQuery3PersonFriends|1791331757842|1791331757842|1|9|-1
LdbcShortQuery4MessageContent|1791331757843|1791331757844|1|1|-1
LdbcShortQuery5MessageCreator|1791331757845|1791331757845|1|1|-1
LdbcShortQuery6MessageForum|1791331757846|1791331757846|1|1|-1
LdbcShortQuery7MessageReplies|1791331757847|1791331757847|1|6|-1
LdbcShortQuery1PersonProfile|1791331757848|1791331757849|1|1|-1
LdbcShortQuery2PersonPosts|1791331757850|1791331757850|1|10|-1
LdbcShortQuery3PersonFriends|1791331757851|1791331757851|1|52|-1
LdbcQuery2|1791331757571|1791331757853|4|20|1347530548573
LdbcShortQuery4MessageContent|1791331757857|1791331757857|0|1|-1
LdbcShortQuery5MessageCreator|1791331757857|1791331757858|0|1|-1
LdbcShortQuery6MessageForum|1791331757858|1791331757860|0|1|-1
LdbcShortQuery7MessageReplies|1791331757860|1791331757860|0|3|-1
LdbcShortQuery1PersonProfile|1791331757860|1791331757861|0|1|-1
LdbcShortQuery2PersonPosts|1791331757861|1791331757861|1|10|-1
LdbcShortQuery3PersonFriends|1791331757862|1791331757862|0|51|-1
LdbcShortQuery4MessageContent|1791331757862|1791331757864|0|1|-1
LdbcShortQuery5MessageCreator|1791331757864|1791331757864|0|1|-1
LdbcShortQuery6MessageForum|1791331757864|1791331757865|0|1|-1
LdbcShortQuery7MessageReplies|1791331757865|1791331757865|0|0|-1
LdbcQuery12|1791331757571|1791331757866|30|1|1347530548573
LdbcShortQuery1PersonProfile|1791331757896|1791331757896|1|1|-1
LdbcShortQuery2PersonPosts|1791331757897|1791331757898|0|10|-1
LdbcShortQuery3PersonFriends|1791331757898|1791331757898|1|340|-1
LdbcShortQuery4MessageContent|1791331757899|1791331757900|0|1|-1
LdbcShortQuery5MessageCreator|1791331757900|1791331757900|0|1|-1
LdbcShortQuery6MessageForum|1791331757900|1791331757902|0|1|-1
LdbcShortQuery7MessageReplies|1791331757902|1791331757902|0|4|-1
LdbcShortQuery1PersonProfile|1791331757902|1791331757902|0|1|-1
LdbcShortQuery2PersonPosts|1791331757902|1791331757903|0|10|-1
LdbcShortQuery3PersonFriends|1791331757903|1791331757903|0|23|-1
LdbcQuery8|1791331757571|1791331757903|0|20|1347530548573
LdbcShortQuery4MessageContent|1791331757903|1791331757904|0|1|-1
LdbcShortQuery5MessageCreator|1791331757904|1791331757905|0|1|-1
LdbcShortQuery6MessageForum|1791331757905|1791331757905|0|1|-1
LdbcShortQuery7MessageReplies|1791331757905|1791331757905|0|5|-1
LdbcShortQuery1PersonProfile|1791331757905|1791331757907|0|1|-1
LdbcShortQuery2PersonPosts|1791331757907|1791331757907|0|10|-1
LdbcShortQuery3PersonFriends|1791331757907|1791331757908|0|14|-1
LdbcShortQuery4MessageContent|1791331757908|1791331757908|0|1|-1
LdbcShortQuery5MessageCreator|1791331757908|1791331757908|0|1|-1
LdbcShortQuery6MessageForum|1791331757908|1791331757910|0|1|-1
LdbcShortQuery7MessageReplies|1791331757910|1791331757910|0|0|-1
LdbcQuery6|1791331757571|1791331757910|19|10|1347530548573
LdbcShortQuery1PersonProfile|1791331757929|1791331757930|0|1|-1
LdbcShortQuery2PersonPosts|1791331757930|1791331757930|0|10|-1
LdbcShortQuery3PersonFriends|1791331757930|1791331757931|0|9|-1
LdbcShortQuery4MessageContent|1791331757931|1791331757931|0|1|-1
LdbcShortQuery5MessageCreator|1791331757931|1791331757931|0|1|-1
LdbcShortQuery6MessageForum|1791331757931|1791331757932|0|1|-1
LdbcShortQuery7MessageReplies|1791331757932|1791331757932|0|0|-1
LdbcShortQuery1PersonProfile|1791331757932|1791331757932|0|1|-1
LdbcShortQuery2PersonPosts|1791331757932|1791331757934|0|10|-1
LdbcShortQuery3PersonFriends|1791331757934|1791331757934|0|37|-1
LdbcShortQuery4MessageContent|1791331757934|1791331757934|0|1|-1
LdbcShortQuery5MessageCreator|1791331757934|1791331757935|0|1|-1
LdbcShortQuery6MessageForum|1791331757935|1791331757935|0|1|-1
LdbcShortQuery7MessageReplies|1791331757935|1791331757937|0|0|-1
LdbcQuery7|1791331757571|1791331757937|1|20|1347530548573
LdbcShortQuery4MessageContent|1791331757938|1791331757938|0|1|-1
LdbcShortQuery5MessageCreator|1791331757938|1791331757938|0|1|-1
LdbcShortQuery6MessageForum|1791331757938|1791331757939|0|1|-1
LdbcShortQuery7MessageReplies|1791331757939|1791331757939|0|3|-1
LdbcShortQuery1PersonProfile|1791331757939|1791331757941|0|1|-1
LdbcShortQuery2PersonPosts|1791331757941|1791331757941|0|10|-1
LdbcShortQuery3PersonFriends|1791331757941|1791331757941|0|46|-1
LdbcQuery3|1791331757571|1791331757942|25|0|1347530548573
LdbcShortQuery1PersonProfile|1791331757967|1791331757968|0|1|-1
LdbcShortQuery2PersonPosts|1791331757968|1791331757968|0|10|-1
LdbcShortQuery3PersonFriends|1791331757968|1791331757969|1|269|-1
LdbcShortQuery4MessageContent|1791331757970|1791331757970|0|1|-1
LdbcShortQuery5MessageCreator|1791331757970|1791331757970|0|1|-1
LdbcShortQuery6MessageForum|1791331757970|1791331757972|0|1|-1
LdbcShortQuery7MessageReplies|1791331757972|1791331757972|0|0|-1
LdbcShortQuery1PersonProfile|1791331757972|1791331757972|0|1|-1
LdbcShortQuery2PersonPosts|1791331757972|1791331757973|0|10|-1
LdbcShortQuery3PersonFriends|1791331757973|1791331757973|0|50|-1
LdbcShortQuery4MessageContent|1791331757973|1791331757975|0|1|-1
LdbcShortQuery5MessageCreator|1791331757975|1791331757975|0|1|-1
LdbcShortQuery6MessageForum|1791331757975|1791331757975|0|1|-1
LdbcShortQuery7MessageReplies|1791331757975|1791331757976|0|0|-1
LdbcQuery11|1791331757571|1791331757976|1|0|1347530548573
LdbcShortQuery4MessageContent|1791331757977|1791331757977|0|1|-1
LdbcShortQuery5MessageCreator|1791331757977|1791331757977|0|1|-1
LdbcShortQuery6MessageForum|1791331757977|1791331757979|0|1|-1
LdbcShortQuery7MessageReplies|1791331757979|1791331757979|0|5|-1
LdbcShortQuery1PersonProfile|1791331757979|1791331757979|0|1|-1
LdbcShortQuery2PersonPosts|1791331757979|1791331757980|0|10|-1
LdbcShortQuery3PersonFriends|1791331757980|1791331757980|0|43|-1
LdbcShortQuery4MessageContent|1791331757980|1791331757980|0|1|-1
LdbcShortQuery5MessageCreator|1791331757980|1791331757981|0|1|-1
LdbcShortQuery6MessageForum|1791331757981|1791331757981|0|1|-1
LdbcShortQuery7MessageReplies|1791331757981|1791331757982|0|0|-1
LdbcShortQuery1PersonProfile|1791331757982|1791331757982|0|1|-1
LdbcShortQuery2PersonPosts|1791331757982|1791331757983|0|10|-1
LdbcShortQuery3PersonFriends|1791331757983|1791331757983|0|18|-1
LdbcQuery14|1791331757571|1791331757984|63|10|1347530548573
LdbcShortQuery1PersonProfile|1791331758047|1791331758049|4|1|-1
LdbcShortQuery2PersonPosts|1791331758053|1791331758053|3|0|-1
LdbcShortQuery3PersonFriends|1791331758056|1791331758056|4|34|-1
LdbcShortQuery4MessageContent|1791331758060|1791331758061|3|1|-1
LdbcShortQuery5MessageCreator|1791331758064|1791331758064|3|1|-1
LdbcShortQuery6MessageForum|1791331758067|1791331758068|3|1|-1
LdbcShortQuery7MessageReplies|1791331758071|1791331758072|2|0|-1
LdbcShortQuery1PersonProfile|1791331758074|1791331758075|1|1|-1
LdbcShortQuery2PersonPosts|1791331758076|1791331758076|1|10|-1
LdbcShortQuery3PersonFriends|1791331758077|1791331758078|1|5|-1
LdbcUpdate7AddComment|1791331758394|1791331758394|86|0|1347530556792
LdbcQuery11|1791331762432|1791331762432|5|0|1347530597180
LdbcShortQuery4MessageContent|1791331762437|1791331762438|2|1|-1
LdbcShortQuery5MessageCreator|1791331762440|1791331762440|2|1|-1
LdbcShortQuery6MessageForum|1791331762442|1791331762443|2|1|-1
LdbcShortQuery7MessageReplies|1791331762445|1791331762446|2|0|-1
LdbcShortQuery1PersonProfile|1791331762448|1791331762448|2|1|-1
LdbcShortQuery2PersonPosts|1791331762450|1791331762451|2|10|-1
LdbcShortQuery3PersonFriends|1791331762453|1791331762453|1|22|-1
LdbcQuery14|1791331762432|1791331762454|56|5|1347530597180
LdbcShortQuery1PersonProfile|1791331762510|1791331762511|2|1|-1
LdbcShortQuery2PersonPosts|1791331762513|1791331762514|4|10|-1
LdbcShortQuery3PersonFriends|1791331762518|1791331762518|2|82|-1
LdbcShortQuery4MessageContent|1791331762520|1791331762520|2|1|-1
LdbcShortQuery5MessageCreator|1791331762522|1791331762523|1|1|-1
LdbcShortQuery6MessageForum|1791331762524|1791331762525|1|1|-1
LdbcShortQuery7MessageReplies|1791331762526|1791331762526|1|0|-1
LdbcShortQuery1PersonProfile|1791331762527|1791331762527|1|1|-1
LdbcShortQuery2PersonPosts|1791331762528|1791331762528|2|10|-1
LdbcShortQuery3PersonFriends|1791331762530|1791331762531|2|5|-1
LdbcShortQuery4MessageContent|1791331762533|1791331762533|1|1|-1
LdbcShortQuery5MessageCreator|1791331762534|1791331762535|1|1|-1
LdbcShortQuery6MessageForum|1791331762536|1791331762537|1|1|-1
LdbcShortQuery7MessageReplies|1791331762538|1791331762538|1|0|-1
LdbcQuery2|1791331762432|1791331762540|7|20|1347530597180
LdbcShortQuery4MessageContent|1791331762547|1791331762547|1|1|-1
LdbcShortQuery5MessageCreator|1791331762548|1791331762549|1|1|-1
LdbcShortQuery6MessageForum|1791331762550|1791331762550|1|1|-1
LdbcShortQuery7MessageReplies|1791331762551|1791331762552|1|0|-1
LdbcShortQuery1PersonProfile|1791331762553|1791331762553|1|1|-1
LdbcShortQuery2PersonPosts|1791331762554|1791331762555|1|10|-1
LdbcShortQuery3PersonFriends|1791331762556|1791331762557|1|16|-1
LdbcShortQuery4MessageContent|1791331762558|1791331762558|1|1|-1
LdbcShortQuery5MessageCreator|1791331762559|1791331762560|1|1|-1
LdbcShortQuery6MessageForum|1791331762561|1791331762561|1|1|-1
LdbcShortQuery7MessageReplies|1791331762562|1791331762564|1|0|-1
LdbcQuery4|1791331762432|1791331762566|2|3|1347530597180
LdbcShortQuery1PersonProfile|1791331762568|1791331762569|1|1|-1
LdbcShortQuery2PersonPosts|1791331762570|1791331762570|2|10|-1
LdbcShortQuery3PersonFriends|1791331762572|1791331762573|1|55|-1
LdbcShortQuery4MessageContent|1791331762574|1791331762574|2|1|-1
LdbcShortQuery5MessageCreator|1791331762576|1791331762577|1|1|-1
LdbcShortQuery6MessageForum|1791331762578|1791331762579|1|1|-1
LdbcShortQuery7MessageReplies|1791331762580|1791331762580|1|0|-1
LdbcShortQuery1PersonProfile|1791331762581|1791331762582|1|1|-1
LdbcShortQuery2PersonPosts|1791331762583|1791331762584|1|10|-1
LdbcShortQuery3PersonFriends|1791331762585|1791331762586|1|24|-1
LdbcShortQuery4MessageContent|1791331762587|1791331762587|1|1|-1
LdbcShortQuery5MessageCreator|1791331762588|1791331762588|1|1|-1
LdbcShortQuery6MessageForum|1791331762589|1791331762590|3|1|-1
LdbcShortQuery7MessageReplies|1791331762593|1791331762593|1|0|-1
LdbcQuery13|1791331762432|1791331762595|2|1|1347530597180
LdbcShortQuery4MessageContent|1791331762597|1791331762597|1|1|-1
LdbcShortQuery5MessageCreator|1791331762598|1791331762599|1|1|-1
LdbcShortQuery6MessageForum|1791331762600|1791331762600|1|1|-1
LdbcShortQuery7MessageReplies|1791331762601|1791331762602|1|0|-1
LdbcShortQuery1PersonProfile|1791331762603|1791331762603|1|1|-1
LdbcShortQuery2PersonPosts|1791331762604|1791331762605|2|10|-1
LdbcShortQuery3PersonFriends|1791331762607|1791331762607|1|30|-1
LdbcShortQuery4MessageContent|1791331762608|1791331762609|1|1|-1
LdbcShortQuery5MessageCreator|1791331762610|1791331762610|1|1|-1
LdbcShortQuery6MessageForum|1791331762611|1791331762612|1|1|-1
LdbcShortQuery7MessageReplies|1791331762613|1791331762613|1|0|-1
LdbcShortQuery1PersonProfile|1791331762614|1791331762614|1|1|-1
LdbcShortQuery2PersonPosts|1791331762615|1791331762616|1|10|-1
LdbcShortQuery3PersonFriends|1791331762617|1791331762617|1|28|-1
LdbcShortQuery4MessageContent|1791331762618|1791331762618|1|1|-1
LdbcShortQuery5MessageCreator|1791331762619|1791331762619|1|1|-1
LdbcShortQuery6MessageForum|1791331762620|1791331762620|0|1|-1
LdbcShortQuery7MessageReplies|1791331762620|1791331762621|1|0|-1
LdbcQuery9|1791331762432|1791331762622|84|20|1347530597180
LdbcShortQuery1PersonProfile|1791331762706|1791331762706|2|1|-1
LdbcShortQuery2PersonPosts|1791331762708|1791331762709|2|2|-1
LdbcShortQuery3PersonFriends|1791331762711|1791331762712|3|74|-1
LdbcQuery5|1791331762432|1791331762715|71|20|1347530597180
LdbcShortQuery4MessageContent|1791331762786|1791331762788|2|1|-1
LdbcShortQuery5MessageCreator|1791331762790|1791331762790|1|1|-1
LdbcShortQuery6MessageForum|1791331762791|1791331762791|1|1|-1
LdbcShortQuery7MessageReplies|1791331762792|1791331762793|1|0|-1
LdbcShortQuery1PersonProfile|1791331762794|1791331762795|1|1|-1
LdbcShortQuery2PersonPosts|1791331762796|1791331762797|1|10|-1
LdbcShortQuery3PersonFriends|1791331762798|1791331762799|2|18|-1
LdbcShortQuery4MessageContent|1791331762801|1791331762801|1|1|-1
LdbcShortQuery5MessageCreator|1791331762802|1791331762802|1|1|-1
LdbcShortQuery6MessageForum|1791331762803|1791331762804|1|1|-1
LdbcShortQuery7MessageReplies|1791331762805|1791331762806|1|1|-1
LdbcQuery10|1791331762432|1791331762808|15|10|1347530597180
LdbcShortQuery1PersonProfile|1791331762823|1791331762823|1|1|-1
LdbcShortQuery2PersonPosts|1791331762824|1791331762826|1|10|-1
LdbcShortQuery3PersonFriends|1791331762827|1791331762827|1|49|-1
LdbcShortQuery4MessageContent|1791331762828|1791331762829|1|1|-1
LdbcShortQuery5MessageCreator|1791331762830|1791331762830|1|1|-1
LdbcShortQuery6MessageForum|1791331762831|1791331762832|1|1|-1
LdbcShortQuery7MessageReplies|1791331762833|1791331762833|1|0|-1
LdbcShortQuery1PersonProfile|1791331762834|1791331762835|1|1|-1
LdbcShortQuery2PersonPosts|1791331762836|1791331762836|1|10|-1
LdbcShortQuery3PersonFriends|1791331762837|1791331762837|1|4|-1
LdbcShortQuery4MessageContent|1791331762838|1791331762839|1|1|-1
LdbcShortQuery5MessageCreator|1791331762840|1791331762840|1|1|-1
LdbcShortQuery6MessageForum|1791331762841|1791331762841|1|1|-1
LdbcShortQuery7MessageReplies|1791331762842|1791331762843|1|0|-1
LdbcQuery1|1791331762432|1791331762845|2|1|1347530597180
LdbcShortQuery4MessageContent|1791331762847|1791331762847|3|1|-1
LdbcShortQuery5MessageCreator|1791331762850|1791331762851|3|1|-1
LdbcShortQuery6MessageForum|1791331762854|1791331762855|3|1|-1
LdbcShortQuery7MessageReplies|1791331762858|1791331762858|1|0|-1
LdbcShortQuery1PersonProfile|1791331762859|1791331762860|1|1|-1
LdbcShortQuery2PersonPosts|1791331762861|1791331762861|2|10|-1
LdbcShortQuery3PersonFriends|1791331762863|1791331762863|2|78|-1
LdbcShortQuery4MessageContent|1791331762865|1791331762866|3|1|-1
LdbcShortQuery5MessageCreator|1791331762869|1791331762869|1|1|-1
LdbcShortQuery6MessageForum|1791331762870|1791331762871|1|1|-1
LdbcShortQuery7MessageReplies|1791331762872|1791331762873|1|0|-1
LdbcQuery3|1791331762432|1791331762875|78|0|1347530597180
LdbcShortQuery1PersonProfile|1791331762953|1791331762954|2|1|-1
LdbcShortQuery2PersonPosts|1791331762956|1791331762956|1|10|-1
LdbcShortQuery3PersonFriends|1791331762957|1791331762958|2|32|-1
LdbcShortQuery4MessageContent|1791331762960|1791331762961|1|1|-1
LdbcShortQuery5MessageCreator|1791331762962|1791331762962|1|1|-1
LdbcShortQuery6MessageForum|1791331762963|1791331762964|1|1|-1
LdbcShortQuery7MessageReplies|1791331762965|1791331762965|1|0|-1
LdbcShortQuery1PersonProfile|1791331762966|1791331762968|1|1|-1
LdbcShortQuery2PersonPosts|1791331762969|1791331762969|1|10|-1
LdbcShortQuery3PersonFriends|1791331762970|1791331762971|1|3|-1
LdbcShortQuery4MessageContent|1791331762972|1791331762972|1|1|-1
LdbcShortQuery5MessageCreator|1791331762973|1791331762973|1|1|-1
LdbcShortQuery6MessageForum|1791331762974|1791331762974|1|1|-1
LdbcShortQuery7MessageReplies|1791331762975|1791331762975|1|0|-1
LdbcQuery6|1791331762432|1791331762977|68|10|1347530597180
LdbcShortQuery4MessageContent|1791331763045|1791331763046|1|1|-1
LdbcShortQuery5MessageCreator|1791331763047|1791331763047|1|1|-1
LdbcShortQuery6MessageForum|1791331763048|1791331763048|0|1|-1
LdbcShortQuery7MessageReplies|1791331763048|1791331763048|0|0|-1
LdbcShortQuery1PersonProfile|1791331763048|1791331763049|0|1|-1
LdbcShortQuery2PersonPosts|1791331763049|1791331763049|1|10|-1
LdbcShortQuery3PersonFriends|1791331763050|1791331763052|1|14|-1
LdbcQuery12|1791331762432|1791331763053|36|1|1347530597180
LdbcShortQuery1PersonProfile|1791331763089|1791331763090|1|1|-1
LdbcShortQuery2PersonPosts|1791331763091|1791331763091|2|10|-1
LdbcShortQuery3PersonFriends|1791331763093|1791331763093|1|43|-1
LdbcShortQuery4MessageContent|1791331763094|1791331763094|1|1|-1
LdbcShortQuery5MessageCreator|1791331763095|1791331763096|1|1|-1
LdbcShortQuery6MessageForum|1791331763097|1791331763097|1|1|-1
LdbcShortQuery7MessageReplies|1791331763098|1791331763098|1|4|-1
LdbcQuery8|1791331762432|1791331763100|7|20|1347530597180
LdbcShortQuery4MessageContent|1791331763107|1791331763107|1|1|-1
LdbcShortQuery5MessageCreator|1791331763108|1791331763109|1|1|-1
LdbcShortQuery6MessageForum|1791331763110|1791331763110|1|1|-1
LdbcShortQuery7MessageReplies|1791331763111|1791331763111|1|0|-1
LdbcShortQuery1PersonProfile|1791331763112|1791331763112|1|1|-1
LdbcShortQuery2PersonPosts|1791331763113|1791331763113|1|10|-1
LdbcShortQuery3PersonFriends|1791331763114|1791331763115|1|36|-1
LdbcShortQuery4MessageContent|1791331763116|1791331763117|1|1|-1
LdbcShortQuery5MessageCreator|1791331763118|1791331763118|1|1|-1
LdbcShortQuery6MessageForum|1791331763119|1791331763119|1|1|-1
LdbcShortQuery7MessageReplies|1791331763120|1791331763121|1|0|-1
LdbcShortQuery1PersonProfile|1791331763122|1791331763123|2|1|-1
LdbcShortQuery2PersonPosts|1791331763125|1791331763126|2|10|-1
LdbcShortQuery3PersonFriends|1791331763128|1791331763128|3|16|-1
LdbcQuery7|1791331762432|1791331763131|5|20|1347530597180
LdbcShortQuery1PersonProfile|1791331763136|1791331763136|1|1|-1
LdbcShortQuery2PersonPosts|1791331763137|1791331763137|1|10|-1
LdbcShortQuery3PersonFriends|1791331763138|1791331763140|1|11|-1
LdbcUpdate3AddCommentLike|1791331766097|1791331766097|9|0|1347530633821
LdbcQuery8|1791331767293|1791331767294|9|20|1347530645787
LdbcShortQuery4MessageContent|1791331767303|1791331767303|1|1|-1
LdbcShortQuery5MessageCreator|1791331767304|1791331767304|1|1|-1
LdbcShortQuery6MessageForum|1791331767305|1791331767305|2|1|-1
LdbcShortQuery7MessageReplies|1791331767307|1791331767308|1|5|-1
LdbcQuery7|1791331767293|1791331767310|3|20|1347530645787
LdbcShortQuery1PersonProfile|1791331767313|1791331767313|1|1|-1
LdbcShortQuery2PersonPosts|1791331767314|1791331767315|1|10|-1
LdbcShortQuery3PersonFriends|1791331767316|1791331767316|2|100|-1
LdbcShortQuery4MessageContent|1791331767318|1791331767318|1|1|-1
LdbcShortQuery5MessageCreator|1791331767319|1791331767321|1|1|-1
LdbcShortQuery6MessageForum|1791331767322|1791331767322|1|1|-1
LdbcShortQuery7MessageReplies|1791331767323|1791331767323|1|0|-1
LdbcShortQuery1PersonProfile|1791331767324|1791331767324|1|1|-1
LdbcShortQuery2PersonPosts|1791331767325|1791331767325|1|10|-1
LdbcShortQuery3PersonFriends|1791331767326|1791331767326|1|22|-1
LdbcQuery5|1791331767293|1791331767328|19|20|1347530645787
LdbcShortQuery4MessageContent|1791331767347|1791331767347|1|1|-1
LdbcShortQuery5MessageCreator|1791331767348|1791331767348|1|1|-1
LdbcShortQuery6MessageForum|1791331767349|1791331767349|1|1|-1
LdbcShortQuery7MessageReplies|1791331767350|1791331767350|1|1|-1
LdbcQuery2|1791331767293|1791331767352|5|20|1347530645787
LdbcShortQuery1PersonProfile|1791331767357|1791331767357|1|1|-1
LdbcShortQuery2PersonPosts|1791331767358|1791331767359|2|10|-1
LdbcShortQuery3PersonFriends|1791331767361|1791331767361|1|28|-1
LdbcQuery11|1791331767293|1791331767362|3|1|1347530645787
LdbcShortQuery4MessageContent|1791331767365|1791331767365|1|1|-1
LdbcShortQuery5MessageCreator|1791331767366|1791331767367|1|1|-1
LdbcShortQuery6MessageForum|1791331767368|1791331767368|0|1|-1
LdbcShortQuery7MessageReplies|1791331767368|1791331767368|0|0|-1
LdbcShortQuery1PersonProfile|1791331767368|1791331767370|0|1|-1
LdbcShortQuery2PersonPosts|1791331767370|1791331767371|0|3|-1
LdbcShortQuery3PersonFriends|1791331767371|1791331767372|1|41|-1
LdbcQuery14|1791331767293|1791331767373|17|8|1347530645787
LdbcShortQuery1PersonProfile|1791331767390|1791331767391|0|1|-1
LdbcShortQuery2PersonPosts|1791331767391|1791331767391|0|10|-1
LdbcShortQuery3PersonFriends|1791331767391|1791331767392|0|96|-1
LdbcShortQuery4MessageContent|1791331767392|1791331767392|0|1|-1
LdbcShortQuery5MessageCreator|1791331767392|1791331767392|0|1|-1
LdbcShortQuery6MessageForum|1791331767392|1791331767393|0|1|-1
LdbcShortQuery7MessageReplies|1791331767393|1791331767393|0|4|-1
LdbcQuery9|1791331767293|1791331767393|31|20|1347530645787
LdbcShortQuery4MessageContent|1791331767424|1791331767425|0|1|-1
LdbcShortQuery5MessageCreator|1791331767425|1791331767426|0|1|-1
LdbcShortQuery6MessageForum|1791331767426|1791331767426|0|1|-1
LdbcShortQuery7MessageReplies|1791331767426|1791331767427|0|5|-1
LdbcShortQuery1PersonProfile|1791331767427|1791331767427|0|1|-1
LdbcShortQuery2PersonPosts|1791331767427|1791331767429|0|10|-1
LdbcShortQuery3PersonFriends|1791331767429|1791331767429|0|7|-1
LdbcQuery4|1791331767293|1791331767429|0|1|1347530645787
LdbcShortQuery1PersonProfile|1791331767429|1791331767430|0|1|-1
LdbcShortQuery2PersonPosts|1791331767430|1791331767430|0|10|-1
LdbcShortQuery3PersonFriends|1791331767430|1791331767432|0|18|-1
LdbcShortQuery4MessageContent|1791331767432|1791331767432|0|1|-1
LdbcShortQuery5MessageCreator|1791331767432|1791331767433|0|1|-1
LdbcShortQuery6MessageForum|1791331767433|1791331767433|0|1|-1
LdbcShortQuery7MessageReplies|1791331767433|1791331767433|0|0|-1
LdbcShortQuery1PersonProfile|1791331767433|1791331767434|0|1|-1
LdbcShortQuery2PersonPosts|1791331767434|1791331767434|0|10|-1
LdbcShortQuery3PersonFriends|1791331767434|1791331767434|0|13|-1
LdbcQuery13|1791331767293|1791331767435|0|1|1347530645787
LdbcShortQuery4MessageContent|1791331767435|1791331767435|0|1|-1
LdbcShortQuery5MessageCreator|1791331767435|1791331767437|0|1|-1
LdbcShortQuery6MessageForum|1791331767437|1791331767437|0|1|-1
LdbcShortQuery7MessageReplies|1791331767437|1791331767437|0|0|-1
LdbcShortQuery1PersonProfile|1791331767437|1791331767438|0|1|-1
LdbcShortQuery2PersonPosts|1791331767438|1791331767438|0|10|-1
LdbcShortQuery3PersonFriends|1791331767438|1791331767438|0|149|-1
LdbcQuery12|1791331767293|1791331767440|30|2|1347530645787
LdbcShortQuery1PersonProfile|1791331767470|1791331767470|3|1|-1
LdbcShortQuery2PersonPosts|1791331767473|1791331767473|0|10|-1
LdbcShortQuery3PersonFriends|1791331767473|1791331767474|0|10|-1
LdbcQuery3|1791331767293|1791331767475|37|0|1347530645787
LdbcShortQuery4MessageContent|1791331767512|1791331767512|0|1|-1
LdbcShortQuery5MessageCreator|1791331767512|1791331767512|0|1|-1
LdbcShortQuery6MessageForum|1791331767512|1791331767514|0|1|-1
LdbcShortQuery7MessageReplies|1791331767514|1791331767514|0|1|-1
LdbcQuery10|1791331767293|1791331767515|12|10|1347530645787
LdbcShortQuery1PersonProfile|1791331767527|1791331767528|0|1|-1
LdbcShortQuery2PersonPosts|1791331767528|1791331767528|0|10|-1
LdbcShortQuery3PersonFriends|1791331767528|1791331767529|0|2|-1
LdbcQuery1|1791331767293|1791331767529|1|20|1347530645787
LdbcShortQuery4MessageContent|1791331767530|1791331767531|0|1|-1
LdbcShortQuery5MessageCreator|1791331767531|1791331767532|0|1|-1
LdbcShortQuery6MessageForum|1791331767532|1791331767532|0|1|-1
LdbcShortQuery7MessageReplies|1791331767532|1791331767532|0|3|-1
LdbcShortQuery1PersonProfile|1791331767532|1791331767533|0|1|-1
LdbcShortQuery2PersonPosts|1791331767533|1791331767533|0|10|-1
LdbcShortQuery3PersonFriends|1791331767533|1791331767535|0|46|-1
LdbcShortQuery4MessageContent|1791331767535|1791331767535|0|1|-1
LdbcShortQuery5MessageCreator|1791331767535|1791331767537|0|1|-1
LdbcShortQuery6MessageForum|1791331767537|1791331767537|0|1|-1
LdbcShortQuery7MessageReplies|1791331767537|1791331767537|0|0|-1
LdbcShortQuery1PersonProfile|1791331767537|1791331767537|0|1|-1
LdbcShortQuery2PersonPosts|1791331767537|1791331767538|0|10|-1
LdbcShortQuery3PersonFriends|1791331767538|1791331767538|0|96|-1
LdbcQuery6|1791331767293|1791331767540|54|1|1347530645787
LdbcShortQuery1PersonProfile|1791331767594|1791331767594|2|1|-1
LdbcShortQuery2PersonPosts|1791331767596|1791331767597|3|10|-1
LdbcShortQuery3PersonFriends|1791331767600|1791331767600|2|63|-1
LdbcShortQuery4MessageContent|1791331767602|1791331767603|2|1|-1
LdbcShortQuery5MessageCreator|1791331767605|1791331767605|2|1|-1
LdbcShortQuery6MessageForum|1791331767607|1791331767607|1|1|-1
LdbcShortQuery7MessageReplies|1791331767608|1791331767609|1|5|-1
LdbcShortQuery1PersonProfile|1791331767610|1791331767611|1|1|-1
LdbcShortQuery2PersonPosts|1791331767612|1791331767612|1|10|-1
LdbcShortQuery3PersonFriends|1791331767613|1791331767615|2|88|-1
LdbcQuery1|1791331772154|1791331772154|5|19|1347530694394
LdbcShortQuery4MessageContent|1791331772159|1791331772159|2|1|-1
LdbcShortQuery5MessageCreator|1791331772161|1791331772161|2|1|-1
LdbcShortQuery6MessageForum|1791331772163|1791331772163|2|1|-1
LdbcShortQuery7MessageReplies|1791331772165|1791331772165|1|0|-1
LdbcQuery6|1791331772154|1791331772168|68|10|1347530694394
LdbcShortQuery1PersonProfile|1791331772236|1791331772236|1|1|-1
LdbcShortQuery2PersonPosts|1791331772237|1791331772237|1|10|-1
LdbcShortQuery3PersonFriends|1791331772238|1791331772240|1|7|-1
LdbcShortQuery4MessageContent|1791331772241|1791331772241|1|1|-1
LdbcShortQuery5MessageCreator|1791331772242|1791331772242|1|1|-1
LdbcShortQuery6MessageForum|1791331772243|1791331772243|1|1|-1
LdbcShortQuery7MessageReplies|1791331772244|1791331772245|1|0|-1
LdbcQuery9|1791331772154|1791331772246|61|20|1347530694394
LdbcShortQuery4MessageContent|1791331772307|1791331772307|1|1|-1
LdbcShortQuery5MessageCreator|1791331772308|1791331772308|1|1|-1
LdbcShortQuery6MessageForum|1791331772309|1791331772310|1|1|-1
LdbcShortQuery7MessageReplies|1791331772311|1791331772311|1|4|-1
LdbcQuery5|1791331772154|1791331772312|31|20|1347530694394
LdbcShortQuery1PersonProfile|1791331772343|1791331772344|0|1|-1
LdbcShortQuery2PersonPosts|1791331772344|1791331772345|0|10|-1
LdbcShortQuery3PersonFriends|1791331772345|1791331772345|0|3|-1
LdbcQuery8|1791331772154|1791331772347|1|20|1347530694394
LdbcShortQuery4MessageContent|1791331772348|1791331772348|0|1|-1
LdbcShortQuery5MessageCreator|1791331772348|1791331772349|0|1|-1
LdbcShortQuery6MessageForum|1791331772349|1791331772349|0|1|-1
LdbcShortQuery7MessageReplies|1791331772349|1791331772351|0|0|-1
LdbcShortQuery1PersonProfile|1791331772351|1791331772351|0|1|-1
LdbcShortQuery2PersonPosts|1791331772351|1791331772351|0|10|-1
LdbcShortQuery3PersonFriends|1791331772351|1791331772352|0|67|-1
LdbcShortQuery4MessageContent|1791331772352|1791331772353|0|1|-1
LdbcShortQuery5MessageCreator|1791331772353|1791331772353|0|1|-1
LdbcShortQuery6MessageForum|1791331772353|1791331772355|0|1|-1
LdbcShortQuery7MessageReplies|1791331772355|1791331772355|0|2|-1
LdbcShortQuery1PersonProfile|1791331772355|1791331772356|0|1|-1
LdbcShortQuery2PersonPosts|1791331772356|1791331772356|1|10|-1
LdbcShortQuery3PersonFriends|1791331772357|1791331772357|0|82|-1
LdbcShortQuery4MessageContent|1791331772357|1791331772359|0|1|-1
LdbcShortQuery5MessageCreator|1791331772359|1791331772359|0|1|-1
LdbcShortQuery6MessageForum|1791331772359|1791331772360|0|1|-1
LdbcShortQuery7MessageReplies|1791331772360|1791331772360|0|0|-1
LdbcQuery7|1791331772154|1791331772361|3|20|1347530694394
LdbcShortQuery1PersonProfile|1791331772364|1791331772364|0|1|-1
LdbcShortQuery2PersonPosts|1791331772364|1791331772364|0|10|-1
LdbcShortQuery3PersonFriends|1791331772364|1791331772365|0|61|-1
LdbcShortQuery4MessageContent|1791331772365|1791331772365|0|1|-1
LdbcShortQuery5MessageCreator|1791331772365|1791331772365|0|1|-1
LdbcShortQuery6MessageForum|1791331772365|1791331772367|0|1|-1
LdbcShortQuery7MessageReplies|1791331772367|1791331772367|0|1|-1
LdbcShortQuery1PersonProfile|1791331772367|1791331772367|0|1|-1
LdbcShortQuery2PersonPosts|1791331772367|1791331772368|0|10|-1
LdbcShortQuery3PersonFriends|1791331772368|1791331772368|0|82|-1
LdbcQuery14|1791331772154|1791331772370|44|10|1347530694394
LdbcShortQuery4MessageContent|1791331772414|1791331772415|4|1|-1
LdbcShortQuery5MessageCreator|1791331772419|1791331772419|72|1|-1
LdbcShortQuery6MessageForum|1791331772491|1791331772491|2|1|-1
LdbcShortQuery7MessageReplies|1791331772493|1791331772493|2|0|-1
LdbcShortQuery1PersonProfile|1791331772495|1791331772497|1|1|-1
LdbcShortQuery2PersonPosts|1791331772498|1791331772499|2|10|-1
LdbcShortQuery3PersonFriends|1791331772501|1791331772501|2|70|-1
LdbcShortQuery4MessageContent|1791331772503|1791331772504|1|1|-1
LdbcShortQuery5MessageCreator|1791331772505|1791331772505|1|1|-1
LdbcShortQuery6MessageForum|1791331772506|1791331772508|2|1|-1
LdbcShortQuery7MessageReplies|1791331772510|1791331772510|2|7|-1
LdbcQuery2|1791331772154|1791331772512|4|20|1347530694394
LdbcShortQuery1PersonProfile|1791331772516|1791331772516|1|1|-1
LdbcShortQuery2PersonPosts|1791331772517|1791331772518|2|10|-1
LdbcShortQuery3PersonFriends|1791331772520|1791331772521|1|43|-1
LdbcShortQuery4MessageContent|1791331772522|1791331772523|1|1|-1
LdbcShortQuery5MessageCreator|1791331772524|1791331772524|1|1|-1
LdbcShortQuery6MessageForum|1791331772525|1791331772525|1|1|-1
LdbcShortQuery7MessageReplies|1791331772526|1791331772527|1|0|-1
LdbcQuery11|1791331772154|1791331772528|3|0|1347530694394
LdbcShortQuery4MessageContent|1791331772531|1791331772531|1|1|-1
LdbcShortQuery5MessageCreator|1791331772532|1791331772533|1|1|-1
LdbcShortQuery6MessageForum|1791331772534|1791331772534|1|1|-1
LdbcShortQuery7MessageReplies|1791331772535|1791331772535|1|0|-1
LdbcShortQuery1PersonProfile|1791331772536|1791331772537|1|1|-1
LdbcShortQuery2PersonPosts|1791331772538|1791331772539|2|10|-1
LdbcShortQuery3PersonFriends|1791331772541|1791331772541|2|51|-1
LdbcQuery10|1791331772154|1791331772543|16|10|1347530694394
LdbcShortQuery1PersonProfile|1791331772559|1791331772560|1|1|-1
LdbcShortQuery2PersonPosts|1791331772561|1791331772562|2|10|-1
LdbcShortQuery3PersonFriends|1791331772564|1791331772564|2|41|-1
LdbcShortQuery4MessageContent|1791331772566|1791331772567|2|1|-1
LdbcShortQuery5MessageCreator|1791331772569|1791331772569|1|1|-1
LdbcShortQuery6MessageForum|1791331772570|1791331772570|2|1|-1
LdbcShortQuery7MessageReplies|1791331772572|1791331772572|2|0|-1
LdbcShortQuery1PersonProfile|1791331772574|1791331772574|1|1|-1
LdbcShortQuery2PersonPosts|1791331772575|1791331772577|1|10|-1
LdbcShortQuery3PersonFriends|1791331772578|1791331772578|1|22|-1
LdbcQuery12|1791331772154|1791331772580|58|1|1347530694394
LdbcShortQuery4MessageContent|1791331772638|1791331772639|3|1|-1
LdbcShortQuery5MessageCreator|1791331772642|1791331772643|3|1|-1
LdbcShortQuery6MessageForum|1791331772646|1791331772646|2|1|-1
LdbcShortQuery7MessageReplies|1791331772648|1791331772649|2|0|-1
LdbcShortQuery1PersonProfile|1791331772651|1791331772651|2|1|-1
LdbcShortQuery2PersonPosts|1791331772653|1791331772653|2|10|-1
LdbcShortQuery3PersonFriends|1791331772655|1791331772656|2|20|-1
LdbcShortQuery4MessageContent|1791331772658|1791331772659|3|1|-1
LdbcShortQuery5MessageCreator|1791331772662|1791331772662|1|1|-1
LdbcShortQuery6MessageForum|1791331772663|1791331772663|5|1|-1
LdbcShortQuery7MessageReplies|1791331772668|1791331772669|1|0|-1
LdbcQuery4|1791331772154|1791331772670|3|0|1347530694394
LdbcShortQuery1PersonProfile|1791331772673|1791331772674|2|1|-1
LdbcShortQuery2PersonPosts|1791331772676|1791331772676|2|10|-1
LdbcShortQuery3PersonFriends|1791331772678|1791331772679|1|23|-1
LdbcShortQuery4MessageContent|1791331772680|1791331772681|1|1|-1
LdbcShortQuery5MessageCreator|1791331772682|1791331772682|1|1|-1
LdbcShortQuery6MessageForum|1791331772683|1791331772684|1|1|-1
LdbcShortQuery7MessageReplies|1791331772685|1791331772686|1|0|-1
LdbcQuery13|1791331772154|1791331772687|2|1|1347530694394
LdbcShortQuery4MessageContent|1791331772689|1791331772689|1|1|-1
LdbcShortQuery5MessageCreator|1791331772690|1791331772690|1|1|-1
LdbcShortQuery6MessageForum|1791331772691|1791331772693|1|1|-1
LdbcShortQuery7MessageReplies|1791331772694|1791331772695|1|3|-1
LdbcShortQuery1PersonProfile|1791331772696|1791331772696|1|1|-1
LdbcShortQuery2PersonPosts|1791331772697|1791331772698|2|10|-1
LdbcShortQuery3PersonFriends|1791331772700|1791331772700|1|6|-1
LdbcQuery3|1791331772154|1791331772702|41|0|1347530694394
LdbcShortQuery1PersonProfile|1791331772743|1791331772744|2|1|-1
LdbcShortQuery2PersonPosts|1791331772746|1791331772746|1|10|-1
LdbcShortQuery3PersonFriends|1791331772747|1791331772747|1|78|-1
LdbcShortQuery4MessageContent|1791331772748|1791331772749|0|1|-1
LdbcShortQuery5MessageCreator|1791331772749|1791331772750|0|1|-1
LdbcShortQuery6MessageForum|1791331772750|1791331772750|0|1|-1
LdbcShortQuery7MessageReplies|1791331772750|1791331772751|0|0|-1
LdbcUpdate2AddPostLike|1791331773919|1791331773919|11|0|1347530712039
LdbcQuery13|1791331777014|1791331777014|2|1|1347530743001
LdbcShortQuery4MessageContent|1791331777016|1791331777017|2|1|-1
LdbcShortQuery5MessageCreator|1791331777019|1791331777019|1|1|-1
LdbcShortQuery6MessageForum|1791331777020|1791331777020|1|1|-1
LdbcShortQuery7MessageReplies|1791331777021|1791331777022|1|0|-1
LdbcShortQuery1PersonProfile|1791331777023|1791331777023|1|1|-1
LdbcShortQuery2PersonPosts|1791331777024|1791331777025|1|10|-1
LdbcShortQuery3PersonFriends|1791331777026|1791331777026|1|97|-1
LdbcQuery3|1791331777014|1791331777028|55|0|1347530743001
LdbcShortQuery1PersonProfile|1791331777083|1791331777084|1|1|-1
LdbcShortQuery2PersonPosts|1791331777085|1791331777085|1|10|-1
LdbcShortQuery3PersonFriends|1791331777086|1791331777086|1|28|-1
LdbcShortQuery4MessageContent|1791331777087|1791331777087|0|1|-1
LdbcShortQuery5MessageCreator|1791331777087|1791331777088|0|1|-1
LdbcShortQuery6MessageForum|1791331777088|1791331777089|0|1|-1
LdbcShortQuery7MessageReplies|1791331777089|1791331777090|0|3|-1
LdbcQuery14|1791331777014|1791331777090|1|1|1347530743001
LdbcShortQuery4MessageContent|1791331777091|1791331777092|0|1|-1
LdbcShortQuery5MessageCreator|1791331777092|1791331777092|0|1|-1
LdbcShortQuery6MessageForum|1791331777092|1791331777093|0|1|-1
LdbcShortQuery7MessageReplies|1791331777093|1791331777093|0|1|-1
LdbcShortQuery1PersonProfile|1791331777093|1791331777094|0|1|-1
LdbcShortQuery2PersonPosts|1791331777094|1791331777094|0|10|-1
LdbcShortQuery3PersonFriends|1791331777094|1791331777095|0|86|-1
LdbcShortQuery4MessageContent|1791331777095|1791331777096|0|1|-1
LdbcShortQuery5MessageCreator|1791331777096|1791331777096|0|1|-1
LdbcShortQuery6MessageForum|1791331777096|1791331777097|0|1|-1
LdbcShortQuery7MessageReplies|1791331777097|1791331777097|0|0|-1
LdbcQuery9|1791331777014|1791331777098|62|20|1347530743001
LdbcShortQuery1PersonProfile|1791331777160|1791331777160|2|1|-1
LdbcShortQuery2PersonPosts|1791331777162|1791331777163|2|10|-1
LdbcShortQuery3PersonFriends|1791331777165|1791331777166|2|44|-1
LdbcShortQuery4MessageContent|1791331777168|1791331777168|2|1|-1
LdbcShortQuery5MessageCreator|1791331777170|1791331777170|1|1|-1
LdbcShortQuery6MessageForum|1791331777171|1791331777172|2|1|-1
LdbcShortQuery7MessageReplies|1791331777174|1791331777174|1|0|-1
LdbcShortQuery1PersonProfile|1791331777175|1791331777176|3|1|-1
LdbcShortQuery2PersonPosts|1791331777179|1791331777180|9|10|-1
LdbcShortQuery3PersonFriends|1791331777189|1791331777189|1|13|-1
LdbcQuery1|1791331777014|1791331777191|3|20|1347530743001
LdbcShortQuery4MessageContent|1791331777194|1791331777195|1|1|-1
LdbcShortQuery5MessageCreator|1791331777196|1791331777196|1|1|-1
LdbcShortQuery6MessageForum|1791331777197|1791331777198|3|1|-1
LdbcShortQuery7MessageReplies|1791331777201|1791331777201|1|0|-1
LdbcQuery6|1791331777014|1791331777203|39|10|1347530743001
LdbcShortQuery1PersonProfile|1791331777242|1791331777243|2|1|-1
LdbcShortQuery2PersonPosts|1791331777245|1791331777246|2|10|-1
LdbcShortQuery3PersonFriends|1791331777248|1791331777249|2|67|-1
LdbcQuery7|1791331777014|1791331777251|10|20|1347530743001
LdbcShortQuery4MessageContent|1791331777261|1791331777261|2|1|-1
LdbcShortQuery5MessageCreator|1791331777263|1791331777264|2|1|-1
LdbcShortQuery6MessageForum|1791331777266|1791331777267|2|1|-1
LdbcShortQuery7MessageReplies|1791331777269|1791331777269|2|2|-1
LdbcShortQuery1PersonProfile|1791331777271|1791331777271|1|1|-1
LdbcShortQuery2PersonPosts|1791331777272|1791331777273|2|10|-1
LdbcShortQuery3PersonFriends|1791331777275|1791331777275|2|41|-1
LdbcShortQuery4MessageContent|1791331777277|1791331777277|1|1|-1
LdbcShortQuery5MessageCreator|1791331777278|1791331777279|1|1|-1
LdbcShortQuery6MessageForum|1791331777280|1791331777281|1|1|-1
LdbcShortQuery7MessageReplies|1791331777282|1791331777282|1|0|-1
LdbcQuery5|1791331777014|1791331777285|61|20|1347530743001
LdbcShortQuery1PersonProfile|1791331777346|1791331777346|3|1|-1
LdbcShortQuery2PersonPosts|1791331777349|1791331777350|3|4|-1
LdbcShortQuery3PersonFriends|1791331777353|1791331777354|3|16|-1
LdbcShortQuery4MessageContent|1791331777357|1791331777357|2|1|-1
LdbcShortQuery5MessageCreator|1791331777359|1791331777359|2|1|-1
LdbcShortQuery6MessageForum|1791331777361|1791331777361|1|1|-1
LdbcShortQuery7MessageReplies|1791331777362|1791331777363|2|8|-1
LdbcShortQuery1PersonProfile|1791331777365|1791331777366|2|1|-1
LdbcShortQuery2PersonPosts|1791331777368|1791331777368|2|10|-1
LdbcShortQuery3PersonFriends|1791331777370|1791331777370|1|15|-1
LdbcQuery8|1791331777014|1791331777371|4|20|1347530743001
LdbcShortQuery4MessageContent|1791331777375|1791331777376|1|1|-1
LdbcShortQuery5MessageCreator|1791331777377|1791331777378|1|1|-1
LdbcShortQuery6MessageForum|1791331777379|1791331777379|1|1|-1
LdbcShortQuery7MessageReplies|1791331777380|1791331777380|1|5|-1
LdbcQuery4|1791331777014|1791331777382|2|3|1347530743001
LdbcShortQuery1PersonProfile|1791331777384|1791331777385|1|1|-1
LdbcShortQuery2PersonPosts|1791331777386|1791331777386|1|10|-1
LdbcShortQuery3PersonFriends|1791331777387|1791331777387|1|41|-1
LdbcQuery10|1791331777014|1791331777389|15|10|1347530743001
LdbcShortQuery4MessageContent|1791331777404|1791331777405|1|1|-1
LdbcShortQuery5MessageCreator|1791331777406|1791331777407|1|1|-1
LdbcShortQuery6MessageForum|1791331777408|1791331777408|1|1|-1
LdbcShortQuery7MessageReplies|1791331777409|1791331777411|1|0|-1
LdbcShortQuery1PersonProfile|1791331777412|1791331777412|1|1|-1
LdbcShortQuery2PersonPosts|1791331777413|1791331777414|1|10|-1
LdbcShortQuery3PersonFriends|1791331777415|1791331777415|1|28|-1
LdbcShortQuery4MessageContent|1791331777416|1791331777417|1|1|-1
LdbcShortQuery5MessageCreator|1791331777418|1791331777418|1|1|-1
LdbcShortQuery6MessageForum|1791331777419|1791331777419|1|1|-1
LdbcShortQuery7MessageReplies|1791331777420|1791331777420|1|0|-1
LdbcShortQuery1PersonProfile|1791331777421|1791331777421|1|1|-1
LdbcShortQuery2PersonPosts|1791331777422|1791331777422|1|10|-1
LdbcShortQuery3PersonFriends|1791331777423|1791331777425|2|109|-1
LdbcQuery2|1791331777014|1791331777427|5|20|1347530743001
LdbcShortQuery1PersonProfile|1791331777432|1791331777432|1|1|-1
LdbcShortQuery2PersonPosts|1791331777433|1791331777433|1|1|-1
LdbcShortQuery3PersonFriends|1791331777434|1791331777434|3|338|-1
LdbcShortQuery4MessageContent|1791331777437|1791331777439|1|1|-1
LdbcShortQuery5MessageCreator|1791331777440|1791331777440|1|1|-1
LdbcShortQuery6MessageForum|1791331777441|1791331777441|1|1|-1
LdbcShortQuery7MessageReplies|1791331777442|1791331777442|1|0|-1
LdbcShortQuery1PersonProfile|1791331777443|1791331777443|1|1|-1
LdbcShortQuery2PersonPosts|1791331777444|1791331777445|1|10|-1
LdbcShortQuery3PersonFriends|1791331777446|1791331777446|1|9|-1
LdbcQuery11|1791331777014|1791331777447|2|0|1347530743001
LdbcShortQuery4MessageContent|1791331777449|1791331777449|1|1|-1
LdbcShortQuery5MessageCreator|1791331777450|1791331777450|1|1|-1
LdbcShortQuery6MessageForum|1791331777451|1791331777451|0|1|-1
LdbcShortQuery7MessageReplies|1791331777451|1791331777453|1|2|-1
LdbcShortQuery1PersonProfile|1791331777454|1791331777454|0|1|-1
LdbcShortQuery2PersonPosts|1791331777454|1791331777454|1|10|-1
LdbcShortQuery3PersonFriends|1791331777455|1791331777456|1|10|-1
LdbcShortQuery4MessageContent|1791331777457|1791331777457|0|1|-1
LdbcShortQuery5MessageCreator|1791331777457|1791331777458|0|1|-1
LdbcShortQuery6MessageForum|1791331777458|1791331777459|1|1|-1
LdbcShortQuery7MessageReplies|1791331777460|1791331777460|1|7|-1
LdbcQuery12|1791331777014|1791331777462|54|1|1347530743001
LdbcShortQuery1PersonProfile|1791331777516|1791331777516|0|1|-1
LdbcShortQuery2PersonPosts|1791331777516|1791331777517|1|10|-1
LdbcShortQuery3PersonFriends|1791331777518|1791331777518|1|269|-1
LdbcUpdate5AddForumMembership|1791331781166|1791331781166|9|0|1347530784514
LdbcUpdate5AddForumMembership|1791331781185|1791331781185|7|0|1347530784703
LdbcQuery11|1791331781875|1791331781875|13|0|1347530791608
LdbcShortQuery4MessageContent|1791331781888|1791331781888|5|1|-1
LdbcShortQuery5MessageCreator|1791331781893|1791331781894|2|1|-1
LdbcShortQuery6MessageForum|1791331781896|1791331781896|2|1|-1
LdbcShortQuery7MessageReplies|1791331781898|1791331781899|3|0|-1
LdbcShortQuery1PersonProfile|1791331781902|1791331781902|3|1|-1
LdbcShortQuery2PersonPosts|1791331781905|1791331781905|3|10|-1
LdbcShortQuery3PersonFriends|1791331781908|1791331781908|3|26|-1
LdbcShortQuery4MessageContent|1791331781911|1791331781912|2|1|-1
LdbcShortQuery5MessageCreator|1791331781914|1791331781914|2|1|-1
LdbcShortQuery6MessageForum|1791331781916|1791331781917|2|1|-1
LdbcShortQuery7MessageReplies|1791331781919|1791331781919|3|4|-1
LdbcQuery12|1791331781875|1791331781922|54|1|1347530791608
LdbcShortQuery1PersonProfile|1791331781976|1791331781976|3|1|-1
LdbcShortQuery2PersonPosts|1791331781979|1791331781979|2|10|-1
LdbcShortQuery3PersonFriends|1791331781981|1791331781982|2|17|-1
LdbcShortQuery4MessageContent|1791331781984|1791331781985|2|1|-1
LdbcShortQuery5MessageCreator|1791331781987|1791331781987|2|1|-1
LdbcShortQuery6MessageForum|1791331781989|1791331781989|2|1|-1
LdbcShortQuery7MessageReplies|1791331781991|1791331781991|1|4|-1
LdbcQuery7|1791331781875|1791331781993|5|20|1347530791608
LdbcShortQuery4MessageContent|1791331781998|1791331781999|1|1|-1
LdbcShortQuery5MessageCreator|1791331782000|1791331782001|1|1|-1
LdbcShortQuery6MessageForum|1791331782002|1791331782003|2|1|-1
LdbcShortQuery7MessageReplies|1791331782005|1791331782005|2|4|-1
LdbcShortQuery1PersonProfile|1791331782007|1791331782007|1|1|-1
LdbcShortQuery2PersonPosts|1791331782008|1791331782009|2|10|-1
LdbcShortQuery3PersonFriends|1791331782011|1791331782011|2|41|-1
LdbcQuery14|1791331781875|1791331782014|15|1|1347530791608
LdbcShortQuery1PersonProfile|1791331782029|1791331782029|1|1|-1
LdbcShortQuery2PersonPosts|1791331782030|1791331782031|2|10|-1
LdbcShortQuery3PersonFriends|1791331782033|1791331782033|14|4|-1
LdbcShortQuery4MessageContent|1791331782047|1791331782047|2|1|-1
LdbcShortQuery5MessageCreator|1791331782049|1791331782050|1|1|-1
LdbcShortQuery6MessageForum|1791331782051|1791331782051|1|1|-1
LdbcShortQuery7MessageReplies|1791331782052|1791331782053|1|5|-1
LdbcQuery13|1791331781875|1791331782055|1|1|1347530791608
LdbcShortQuery4MessageContent|1791331782056|1791331782057|0|1|-1
LdbcShortQuery5MessageCreator|1791331782057|1791331782058|0|1|-1
LdbcShortQuery6MessageForum|1791331782058|1791331782059|0|1|-1
LdbcShortQuery7MessageReplies|1791331782059|1791331782060|0|0|-1
LdbcShortQuery1PersonProfile|1791331782060|1791331782061|1|1|-1
LdbcShortQuery2PersonPosts|1791331782062|1791331782062|1|10|-1
LdbcShortQuery3PersonFriends|1791331782063|1791331782063|1|44|-1
LdbcShortQuery4MessageContent|1791331782064|1791331782065|1|1|-1
LdbcShortQuery5MessageCreator|1791331782066|1791331782066|2|1|-1
LdbcShortQuery6MessageForum|1791331782068|1791331782068|1|1|-1
LdbcShortQuery7MessageReplies|1791331782069|1791331782069|0|0|-1
LdbcShortQuery1PersonProfile|1791331782069|1791331782070|0|1|-1
LdbcShortQuery2PersonPosts|1791331782070|1791331782071|1|10|-1
LdbcShortQuery3PersonFriends|1791331782072|1791331782072|1|19|-1
LdbcShortQuery4MessageContent|1791331782073|1791331782073|1|1|-1
LdbcShortQuery5MessageCreator|1791331782074|1791331782074|0|1|-1
LdbcShortQuery6MessageForum|1791331782074|1791331782074|0|1|-1
LdbcShortQuery7MessageReplies|1791331782074|1791331782075|0|0|-1
LdbcQuery3|1791331781875|1791331782075|64|0|1347530791608
LdbcShortQuery1PersonProfile|1791331782139|1791331782141|2|1|-1
LdbcShortQuery2PersonPosts|1791331782143|1791331782143|2|10|-1
LdbcShortQuery3PersonFriends|1791331782145|1791331782146|2|24|-1
LdbcShortQuery4MessageContent|1791331782148|1791331782148|1|1|-1
LdbcShortQuery5MessageCreator|1791331782149|1791331782149|1|1|-1
LdbcShortQuery6MessageForum|1791331782150|1791331782151|1|1|-1
LdbcShortQuery7MessageReplies|1791331782152|1791331782153|1|0|-1
LdbcShortQuery1PersonProfile|1791331782154|1791331782154|1|1|-1
LdbcShortQuery2PersonPosts|1791331782155|1791331782155|12|10|-1
LdbcShortQuery3PersonFriends|1791331782167|1791331782168|2|4|-1
LdbcShortQuery4MessageContent|1791331782170|1791331782170|1|1|-1
LdbcShortQuery5MessageCreator|1791331782171|1791331782172|2|1|-1
LdbcShortQuery6MessageForum|1791331782174|1791331782174|1|1|-1
LdbcShortQuery7MessageReplies|1791331782175|1791331782176|1|0|-1
LdbcQuery6|1791331781875|1791331782178|41|10|1347530791608
LdbcShortQuery4MessageContent|1791331782219|1791331782220|2|1|-1
LdbcShortQuery5MessageCreator|1791331782222|1791331782222|2|1|-1
LdbcShortQuery6MessageForum|1791331782224|1791331782224|2|1|-1
LdbcShortQuery7MessageReplies|1791331782226|1791331782226|1|0|-1
LdbcShortQuery1PersonProfile|1791331782227|1791331782228|1|1|-1
LdbcShortQuery2PersonPosts|1791331782229|1791331782230|1|10|-1
LdbcShortQuery3PersonFriends|1791331782231|1791331782231|2|269|-1
LdbcQuery9|1791331781875|1791331782234|57|20|1347530791608
LdbcShortQuery1PersonProfile|1791331782291|1791331782292|1|1|-1
LdbcShortQuery2PersonPosts|1791331782293|1791331782294|1|10|-1
LdbcShortQuery3PersonFriends|1791331782295|1791331782295|1|5|-1
LdbcShortQuery4MessageContent|1791331782296|1791331782297|1|1|-1
LdbcShortQuery5MessageCreator|1791331782298|1791331782298|2|1|-1
LdbcShortQuery6MessageForum|1791331782300|1791331782300|1|1|-1
LdbcShortQuery7MessageReplies|1791331782301|1791331782302|1|0|-1
LdbcQuery1|1791331781875|1791331782303|2|2|1347530791608
LdbcShortQuery4MessageContent|1791331782305|1791331782306|1|1|-1
LdbcShortQuery5MessageCreator|1791331782307|1791331782307|1|1|-1
LdbcShortQuery6MessageForum|1791331782308|1791331782309|1|1|-1
LdbcShortQuery7MessageReplies|1791331782310|1791331782311|2|0|-1
LdbcShortQuery1PersonProfile|1791331782313|1791331782313|2|1|-1
LdbcShortQuery2PersonPosts|1791331782315|1791331782315|1|10|-1
LdbcShortQuery3PersonFriends|1791331782316|1791331782317|1|12|-1
LdbcQuery2|1791331781875|1791331782319|4|20|1347530791608
LdbcShortQuery1PersonProfile|1791331782323|1791331782324|1|1|-1
LdbcShortQuery2PersonPosts|1791331782325|1791331782325|2|10|-1
LdbcShortQuery3PersonFriends|1791331782327|1791331782328|2|7|-1
LdbcShortQuery4MessageContent|1791331782330|1791331782330|1|1|-1
LdbcShortQuery5MessageCreator|1791331782331|1791331782332|1|1|-1
LdbcShortQuery6MessageForum|1791331782333|1791331782333|0|1|-1
LdbcShortQuery7MessageReplies|1791331782333|1791331782334|1|10|-1
LdbcShortQuery1PersonProfile|1791331782335|1791331782335|0|1|-1
LdbcShortQuery2PersonPosts|1791331782335|1791331782336|1|10|-1
LdbcShortQuery3PersonFriends|1791331782337|1791331782337|6|256|-1
LdbcQuery4|1791331781875|1791331782343|2|0|1347530791608
LdbcShortQuery4MessageContent|1791331782345|1791331782346|1|1|-1
LdbcShortQuery5MessageCreator|1791331782347|1791331782347|1|1|-1
LdbcShortQuery6MessageForum|1791331782348|1791331782348|1|1|-1
LdbcShortQuery7MessageReplies|1791331782349|1791331782349|1|0|-1
LdbcQuery5|1791331781875|1791331782351|56|20|1347530791608
LdbcShortQuery1PersonProfile|1791331782407|1791331782407|4|1|-1
LdbcShortQuery2PersonPosts|1791331782411|1791331782412|3|10|-1
LdbcShortQuery3PersonFriends|1791331782415|1791331782415|6|9|-1
LdbcShortQuery4MessageContent|1791331782421|1791331782421|2|1|-1
LdbcShortQuery5MessageCreator|1791331782423|1791331782425|2|1|-1
LdbcShortQuery6MessageForum|1791331782427|1791331782428|3|1|-1
LdbcShortQuery7MessageReplies|1791331782431|1791331782432|3|1|-1
LdbcQuery8|1791331781875|1791331782436|6|20|1347530791608
LdbcShortQuery4MessageContent|1791331782442|1791331782442|3|1|-1
LdbcShortQuery5MessageCreator|1791331782445|1791331782445|4|1|-1
LdbcShortQuery6MessageForum|1791331782449|1791331782450|3|1|-1
LdbcShortQuery7MessageReplies|1791331782453|1791331782453|1|0|-1
LdbcShortQuery1PersonProfile|1791331782454|1791331782454|1|1|-1
LdbcShortQuery2PersonPosts|1791331782455|1791331782455|2|10|-1
LdbcShortQuery3PersonFriends|1791331782457|1791331782458|1|82|-1
LdbcShortQuery4MessageContent|1791331782459|1791331782460|1|1|-1
LdbcShortQuery5MessageCreator|1791331782461|1791331782461|3|1|-1
LdbcShortQuery6MessageForum|1791331782464|1791331782464|2|1|-1
LdbcShortQuery7MessageReplies|1791331782466|1791331782467|1|3|-1
LdbcQuery10|1791331781875|1791331782469|17|10|1347530791608
LdbcShortQuery1PersonProfile|1791331782486|1791331782487|2|1|-1
LdbcShortQuery2PersonPosts|1791331782489|1791331782489|3|10|-1
LdbcShortQuery3PersonFriends|1791331782492|1791331782493|2|8|-1
LdbcShortQuery4MessageContent|1791331782495|1791331782496|3|1|-1
LdbcShortQuery5MessageCreator|1791331782499|1791331782499|2|1|-1
LdbcShortQuery6MessageForum|1791331782501|1791331782501|0|1|-1
LdbcShortQuery7MessageReplies|1791331782501|1791331782502|1|0|-1
LdbcUpdate2AddPostLike|1791331783308|1791331783308|13|0|1347530805931
LdbcUpdate2AddPostLike|1791331783704|1791331783704|12|0|1347530809889
LdbcUpdate7AddComment|1791331785152|1791331785152|16|0|1347530824369
LdbcQuery8|1791331786736|1791331786736|3|20|1347530840215
LdbcShortQuery4MessageContent|1791331786739|1791331786740|2|1|-1
LdbcShortQuery5MessageCreator|1791331786742|1791331786742|1|1|-1
LdbcShortQuery6MessageForum|1791331786743|1791331786743|1|1|-1
LdbcShortQuery7MessageReplies|1791331786744|1791331786744|1|0|-1
LdbcQuery10|1791331786736|1791331786745|13|10|1347530840215
LdbcShortQuery1PersonProfile|1791331786758|1791331786759|1|1|-1
LdbcShortQuery2PersonPosts|1791331786760|1791331786760|3|10|-1
LdbcShortQuery3PersonFriends|1791331786763|1791331786764|2|53|-1
LdbcShortQuery4MessageContent|1791331786766|1791331786766|0|1|-1
LdbcShortQuery5MessageCreator|1791331786766|1791331786766|0|1|-1
LdbcShortQuery6MessageForum|1791331786766|1791331786767|0|1|-1
LdbcShortQuery7MessageReplies|1791331786767|1791331786767|0|3|-1
LdbcShortQuery1PersonProfile|1791331786767|1791331786769|2|1|-1
LdbcShortQuery2PersonPosts|1791331786771|1791331786772|1|10|-1
LdbcShortQuery3PersonFriends|1791331786773|1791331786773|1|0|-1
LdbcQuery6|1791331786736|1791331786775|34|10|1347530840215
LdbcShortQuery4MessageContent|1791331786809|1791331786810|1|1|-1
LdbcShortQuery5MessageCreator|1791331786811|1791331786811|0|1|-1
LdbcShortQuery6MessageForum|1791331786811|1791331786812|0|1|-1
LdbcShortQuery7MessageReplies|1791331786812|1791331786812|0|1|-1
LdbcQuery7|1791331786736|1791331786812|1|20|1347530840215
LdbcShortQuery1PersonProfile|1791331786813|1791331786814|0|1|-1
LdbcShortQuery2PersonPosts|1791331786814|1791331786814|0|10|-1
LdbcShortQuery3PersonFriends|1791331786814|1791331786816|0|27|-1
LdbcShortQuery4MessageContent|1791331786816|1791331786816|0|1|-1
LdbcShortQuery5MessageCreator|1791331786816|1791331786817|0|1|-1
LdbcShortQuery6MessageForum|1791331786817|1791331786818|0|1|-1
LdbcShortQuery7MessageReplies|1791331786818|1791331786818|0|3|-1
LdbcShortQuery1PersonProfile|1791331786818|1791331786819|0|1|-1
LdbcShortQuery2PersonPosts|1791331786819|1791331786819|0|10|-1
LdbcShortQuery3PersonFriends|1791331786819|1791331786820|0|96|-1
LdbcShortQuery4MessageContent|1791331786820|1791331786820|0|1|-1
LdbcShortQuery5MessageCreator|1791331786820|1791331786821|0|1|-1
LdbcShortQuery6MessageForum|1791331786821|1791331786821|0|1|-1
LdbcShortQuery7MessageReplies|1791331786821|1791331786821|0|0|-1
LdbcQuery11|1791331786736|1791331786822|7|0|1347530840215
LdbcShortQuery4MessageContent|1791331786829|1791331786829|2|1|-1
LdbcShortQuery5MessageCreator|1791331786831|1791331786832|2|1|-1
LdbcShortQuery6MessageForum|1791331786834|1791331786835|3|1|-1
LdbcShortQuery7MessageReplies|1791331786838|1791331786838|12|0|-1
LdbcShortQuery1PersonProfile|1791331786850|1791331786851|2|1|-1
LdbcShortQuery2PersonPosts|1791331786853|1791331786853|1|10|-1
LdbcShortQuery3PersonFriends|1791331786854|1791331786855|1|37|-1
LdbcShortQuery4MessageContent|1791331786856|1791331786857|1|1|-1
LdbcShortQuery5MessageCreator|1791331786858|1791331786858|1|1|-1
LdbcShortQuery6MessageForum|1791331786859|1791331786860|1|1|-1
LdbcShortQuery7MessageReplies|1791331786861|1791331786861|1|0|-1
LdbcShortQuery1PersonProfile|1791331786862|1791331786862|1|1|-1
LdbcShortQuery2PersonPosts|1791331786863|1791331786863|1|10|-1
LdbcShortQuery3PersonFriends|1791331786864|1791331786865|1|41|-1
LdbcQuery12|1791331786736|1791331786867|53|1|1347530840215
LdbcShortQuery1PersonProfile|1791331786920|1791331786921|0|1|-1
LdbcShortQuery2PersonPosts|1791331786921|1791331786922|0|10|-1
LdbcShortQuery3PersonFriends|1791331786922|1791331786923|0|60|-1
LdbcQuery3|1791331786736|1791331786924|27|0|1347530840215
LdbcShortQuery4MessageContent|1791331786951|1791331786951|1|1|-1
LdbcShortQuery5MessageCreator|1791331786952|1791331786952|1|1|-1
LdbcShortQuery6MessageForum|1791331786953|1791331786953|1|1|-1
LdbcShortQuery7MessageReplies|1791331786954|1791331786955|1|10|-1
LdbcShortQuery1PersonProfile|1791331786956|1791331786957|0|1|-1
LdbcShortQuery2PersonPosts|1791331786957|1791331786958|1|10|-1
LdbcShortQuery3PersonFriends|1791331786959|1791331786960|1|28|-1
LdbcShortQuery4MessageContent|1791331786961|1791331786961|1|1|-1
LdbcShortQuery5MessageCreator|1791331786962|1791331786962|0|1|-1
LdbcShortQuery6MessageForum|1791331786962|1791331786963|1|1|-1
LdbcShortQuery7MessageReplies|1791331786964|1791331786964|1|4|-1
LdbcQuery14|1791331786736|1791331786965|19|2|1347530840215
LdbcShortQuery1PersonProfile|1791331786984|1791331786985|1|1|-1
LdbcShortQuery2PersonPosts|1791331786986|1791331786987|1|10|-1
LdbcShortQuery3PersonFriends|1791331786988|1791331786988|2|189|-1
LdbcShortQuery4MessageContent|1791331786990|1791331786991|1|1|-1
LdbcShortQuery5MessageCreator|1791331786992|1791331786992|1|1|-1
LdbcShortQuery6MessageForum|1791331786993|1791331786993|1|1|-1
LdbcShortQuery7MessageReplies|1791331786994|1791331786994|1|11|-1
LdbcShortQuery1PersonProfile|1791331786995|1791331786995|1|1|-1
LdbcShortQuery2PersonPosts|1791331786996|1791331786996|1|10|-1
LdbcShortQuery3PersonFriends|1791331786997|1791331786998|1|21|-1
LdbcShortQuery4MessageContent|1791331786999|1791331787000|1|1|-1
LdbcShortQuery5MessageCreator|1791331787001|1791331787001|1|1|-1
LdbcShortQuery6MessageForum|1791331787002|1791331787002|1|1|-1
LdbcShortQuery7MessageReplies|1791331787003|1791331787003|0|0|-1
LdbcQuery13|1791331786736|1791331787004|1|1|1347530840215
LdbcShortQuery4MessageContent|1791331787005|1791331787005|0|1|-1
LdbcShortQuery5MessageCreator|1791331787005|1791331787006|0|1|-1
LdbcShortQuery6MessageForum|1791331787006|1791331787007|0|1|-1
LdbcShortQuery7MessageReplies|1791331787007|1791331787008|0|0|-1
LdbcShortQuery1PersonProfile|1791331787008|1791331787008|0|1|-1
LdbcShortQuery2PersonPosts|1791331787008|1791331787009|1|10|-1
LdbcShortQuery3PersonFriends|1791331787010|1791331787011|1|10|-1
LdbcShortQuery4MessageContent|1791331787012|1791331787013|1|1|-1
LdbcShortQuery5MessageCreator|1791331787014|1791331787014|1|1|-1
LdbcShortQuery6MessageForum|1791331787015|1791331787016|1|1|-1
LdbcShortQuery7MessageReplies|1791331787017|1791331787017|1|0|-1
LdbcShortQuery1PersonProfile|1791331787018|1791331787018|1|1|-1
LdbcShortQuery2PersonPosts|1791331787019|1791331787019|1|10|-1
LdbcShortQuery3PersonFriends|1791331787020|1791331787021|1|1|-1
LdbcQuery5|1791331786736|1791331787022|24|0|1347530840215
LdbcShortQuery1PersonProfile|1791331787046|1791331787047|1|1|-1
LdbcShortQuery2PersonPosts|1791331787048|1791331787048|1|10|-1
LdbcShortQuery3PersonFriends|1791331787049|1791331787050|1|5|-1
LdbcShortQuery4MessageContent|1791331787051|1791331787051|1|1|-1
LdbcShortQuery5MessageCreator|1791331787052|1791331787052|0|1|-1
LdbcShortQuery6MessageForum|1791331787052|1791331787053|1|1|-1
LdbcShortQuery7MessageReplies|1791331787054|1791331787054|1|2|-1
LdbcShortQuery1PersonProfile|1791331787055|1791331787055|1|1|-1
LdbcShortQuery2PersonPosts|1791331787056|1791331787056|1|4|-1
LdbcShortQuery3PersonFriends|1791331787057|1791331787057|1|5|-1
LdbcQuery2|1791331786736|1791331787059|4|20|1347530840215
LdbcShortQuery4MessageContent|1791331787063|1791331787063|1|1|-1
LdbcShortQuery5MessageCreator|1791331787064|1791331787065|1|1|-1
LdbcShortQuery6MessageForum|1791331787066|1791331787066|1|1|-1
LdbcShortQuery7MessageReplies|1791331787067|1791331787067|1|1|-1
LdbcShortQuery1PersonProfile|1791331787068|1791331787068|1|1|-1
LdbcShortQuery2PersonPosts|1791331787069|1791331787069|1|10|-1
LdbcShortQuery3PersonFriends|1791331787070|1791331787071|1|4|-1
LdbcQuery9|1791331786736|1791331787071|69|20|1347530840215
LdbcShortQuery1PersonProfile|1791331787140|1791331787141|2|1|-1
LdbcShortQuery2PersonPosts|1791331787143|1791331787144|2|10|-1
LdbcShortQuery3PersonFriends|1791331787146|1791331787146|1|25|-1
LdbcShortQuery4MessageContent|1791331787147|1791331787148|1|1|-1
LdbcShortQuery5MessageCreator|1791331787149|1791331787149|1|1|-1
LdbcShortQuery6MessageForum|1791331787150|1791331787151|1|1|-1
LdbcShortQuery7MessageReplies|1791331787152|1791331787153|1|0|-1
LdbcShortQuery1PersonProfile|1791331787154|1791331787154|1|1|-1
LdbcShortQuery2PersonPosts|1791331787155|1791331787156|1|10|-1
LdbcShortQuery3PersonFriends|1791331787157|1791331787157|1|7|-1
LdbcShortQuery4MessageContent|1791331787158|1791331787159|1|1|-1
LdbcShortQuery5MessageCreator|1791331787160|1791331787160|1|1|-1
LdbcShortQuery6MessageForum|1791331787161|1791331787161|1|1|-1
LdbcShortQuery7MessageReplies|1791331787162|1791331787163|1|0|-1
LdbcShortQuery1PersonProfile|1791331787164|1791331787164|1|1|-1
LdbcShortQuery2PersonPosts|1791331787165|1791331787165|2|10|-1
LdbcShortQuery3PersonFriends|1791331787167|1791331787168|2|31|-1
LdbcQuery1|1791331786736|1791331787170|2|0|1347530840215
LdbcShortQuery4MessageContent|1791331787172|1791331787172|1|1|-1
LdbcShortQuery5MessageCreator|1791331787173|1791331787174|1|1|-1
LdbcShortQuery6MessageForum|1791331787175|1791331787176|1|1|-1
LdbcShortQuery7MessageReplies|1791331787177|1791331787178|2|3|-1
LdbcShortQuery1PersonProfile|1791331787180|1791331787180|1|1|-1
LdbcShortQuery2PersonPosts|1791331787181|1791331787182|2|10|-1
LdbcShortQuery3PersonFriends|1791331787184|1791331787185|1|4|-1
LdbcShortQuery4MessageContent|1791331787186|1791331787186|1|1|-1
LdbcShortQuery5MessageCreator|1791331787187|1791331787188|1|1|-1
LdbcShortQuery6MessageForum|1791331787189|1791331787189|1|1|-1
LdbcShortQuery7MessageReplies|1791331787190|1791331787190|1|5|-1
LdbcQuery4|1791331786736|1791331787192|2|3|1347530840215
LdbcShortQuery1PersonProfile|1791331787194|1791331787195|2|1|-1
LdbcShortQuery2PersonPosts|1791331787197|1791331787197|2|10|-1
LdbcShortQuery3PersonFriends|1791331787199|1791331787199|2|41|-1
LdbcShortQuery4MessageContent|1791331787201|1791331787202|1|1|-1
LdbcShortQuery5MessageCreator|1791331787203|1791331787203|1|1|-1
LdbcShortQuery6MessageForum|1791331787204|1791331787205|1|1|-1
LdbcShortQuery7MessageReplies|1791331787206|1791331787207|2|0|-1
LdbcShortQuery1PersonProfile|1791331787209|1791331787209|2|1|-1
LdbcShortQuery2PersonPosts|1791331787211|1791331787211|3|10|-1
LdbcShortQuery3PersonFriends|1791331787214|1791331787214|2|37|-1
LdbcShortQuery4MessageContent|1791331787216|1791331787217|1|1|-1
LdbcShortQuery5MessageCreator|1791331787218|1791331787218|1|1|-1
LdbcShortQuery6MessageForum|1791331787219|1791331787220|1|1|-1
LdbcShortQuery7MessageReplies|1791331787221|1791331787221|1|1|-1
LdbcQuery1|1791331791596|1791331791597|6|1|1347530888822
LdbcShortQuery4MessageContent|1791331791603|1791331791603|2|1|-1
LdbcShortQuery5MessageCreator|1791331791605|1791331791605|1|1|-1
LdbcShortQuery6MessageForum|1791331791606|1791331791607|1|1|-1
LdbcShortQuery7MessageReplies|1791331791608|1791331791609|1|0|-1
LdbcQuery4|1791331791596|1791331791610|2|3|1347530888822
LdbcShortQuery1PersonProfile|1791331791612|1791331791612|1|1|-1
LdbcShortQuery2PersonPosts|1791331791613|1791331791613|1|10|-1
LdbcShortQuery3PersonFriends|1791331791614|1791331791614|1|58|-1
LdbcShortQuery4MessageContent|1791331791615|1791331791616|1|1|-1
LdbcShortQuery5MessageCreator|1791331791617|1791331791618|1|1|-1
LdbcShortQuery6MessageForum|1791331791619|1791331791619|1|1|-1
LdbcShortQuery7MessageReplies|1791331791620|1791331791621|1|6|-1
LdbcShortQuery1PersonProfile|1791331791622|1791331791622|1|1|-1
LdbcShortQuery2PersonPosts|1791331791623|1791331791623|1|10|-1
LdbcShortQuery3PersonFriends|1791331791624|1791331791626|1|45|-1
LdbcQuery3|1791331791596|1791331791627|46|0|1347530888822
LdbcShortQuery4MessageContent|1791331791673|1791331791673|0|1|-1
LdbcShortQuery5MessageCreator|1791331791673|1791331791674|0|1|-1
LdbcShortQuery6MessageForum|1791331791674|1791331791674|0|1|-1
LdbcShortQuery7MessageReplies|1791331791674|1791331791675|0|0|-1
LdbcShortQuery1PersonProfile|1791331791675|1791331791675|0|1|-1
LdbcShortQuery2PersonPosts|1791331791675|1791331791676|0|7|-1
LdbcShortQuery3PersonFriends|1791331791676|1791331791676|4|44|-1
LdbcQuery6|1791331791596|1791331791680|21|10|1347530888822
LdbcShortQuery1PersonProfile|1791331791701|1791331791702|0|1|-1
LdbcShortQuery2PersonPosts|1791331791702|1791331791703|0|10|-1
LdbcShortQuery3PersonFriends|1791331791703|1791331791704|0|45|-1
LdbcShortQuery4MessageContent|1791331791704|1791331791704|0|1|-1
LdbcShortQuery5MessageCreator|1791331791704|1791331791706|0|1|-1
LdbcShortQuery6MessageForum|1791331791706|1791331791706|0|1|-1
LdbcShortQuery7MessageReplies|1791331791706|1791331791707|0|0|-1
LdbcQuery8|1791331791596|1791331791707|1|20|1347530888822
LdbcShortQuery4MessageContent|1791331791708|1791331791708|0|1|-1
LdbcShortQuery5MessageCreator|1791331791708|1791331791708|0|1|-1
LdbcShortQuery6MessageForum|1791331791708|1791331791709|0|1|-1
LdbcShortQuery7MessageReplies|1791331791709|1791331791709|0|0|-1
LdbcShortQuery1PersonProfile|1791331791709|1791331791709|0|1|-1
LdbcShortQuery2PersonPosts|1791331791709|1791331791711|0|10|-1
LdbcShortQuery3PersonFriends|1791331791711|1791331791711|0|10|-1
LdbcQuery10|1791331791596|1791331791711|10|10|1347530888822
LdbcShortQuery1PersonProfile|1791331791721|1791331791721|0|1|-1
LdbcShortQuery2PersonPosts|1791331791721|1791331791722|0|10|-1
LdbcShortQuery3PersonFriends|1791331791722|1791331791722|1|230|-1
LdbcShortQuery4MessageContent|1791331791723|1791331791724|0|1|-1
LdbcShortQuery5MessageCreator|1791331791724|1791331791724|0|1|-1
LdbcShortQuery6MessageForum|1791331791724|1791331791725|0|1|-1
LdbcShortQuery7MessageReplies|1791331791725|1791331791725|0|0|-1
LdbcShortQuery1PersonProfile|1791331791725|1791331791725|0|1|-1
LdbcShortQuery2PersonPosts|1791331791725|1791331791727|0|10|-1
LdbcShortQuery3PersonFriends|1791331791727|1791331791727|0|18|-1
LdbcShortQuery4MessageContent|1791331791727|1791331791727|0|1|-1
LdbcShortQuery5MessageCreator|1791331791727|1791331791728|0|1|-1
LdbcShortQuery6MessageForum|1791331791728|1791331791728|0|1|-1
LdbcShortQuery7MessageReplies|1791331791728|1791331791728|0|0|-1
LdbcShortQuery1PersonProfile|1791331791728|1791331791729|0|1|-1
LdbcShortQuery2PersonPosts|1791331791729|1791331791729|0|10|-1
LdbcShortQuery3PersonFriends|1791331791729|1791331791731|0|13|-1
LdbcQuery12|1791331791596|1791331791731|43|0|1347530888822
LdbcShortQuery4MessageContent|1791331791774|1791331791774|0|1|-1
LdbcShortQuery5MessageCreator|1791331791774|1791331791775|0|1|-1
LdbcShortQuery6MessageForum|1791331791775|1791331791775|0|1|-1
LdbcShortQuery7MessageReplies|1791331791775|1791331791776|0|0|-1
LdbcShortQuery1PersonProfile|1791331791776|1791331791776|0|1|-1
LdbcShortQuery2PersonPosts|1791331791776|1791331791776|0|10|-1
LdbcShortQuery3PersonFriends|1791331791776|1791331791778|0|22|-1
LdbcShortQuery4MessageContent|1791331791778|1791331791779|0|1|-1
LdbcShortQuery5MessageCreator|1791331791779|1791331791779|0|1|-1
LdbcShortQuery6MessageForum|1791331791779|1791331791779|0|1|-1
LdbcShortQuery7MessageReplies|1791331791779|1791331791779|0|6|-1
LdbcQuery7|1791331791596|1791331791780|0|20|1347530888822
LdbcShortQuery1PersonProfile|1791331791780|1791331791781|0|1|-1
LdbcShortQuery2PersonPosts|1791331791781|1791331791781|0|10|-1
LdbcShortQuery3PersonFriends|1791331791781|1791331791782|0|31|-1
LdbcShortQuery4MessageContent|1791331791782|1791331791782|0|1|-1
LdbcShortQuery5MessageCreator|1791331791782|1791331791783|0|1|-1
LdbcShortQuery6MessageForum|1791331791783|1791331791783|0|1|-1
LdbcShortQuery7MessageReplies|1791331791783|1791331791783|0|11|-1
LdbcShortQuery1PersonProfile|1791331791783|1791331791785|0|1|-1
LdbcShortQuery2PersonPosts|1791331791785|1791331791785|0|10|-1
LdbcShortQuery3PersonFriends|1791331791785|1791331791786|0|31|-1
LdbcQuery11|1791331791596|1791331791786|1|0|1347530888822
LdbcShortQuery4MessageContent|1791331791787|1791331791788|0|1|-1
LdbcShortQuery5MessageCreator|1791331791788|1791331791788|0|1|-1
LdbcShortQuery6MessageForum|1791331791788|1791331791788|0|1|-1
LdbcShortQuery7MessageReplies|1791331791788|1791331791788|0|0|-1
LdbcShortQuery1PersonProfile|1791331791788|1791331791790|0|1|-1
LdbcShortQuery2PersonPosts|1791331791790|1791331791790|0|10|-1
LdbcShortQuery3PersonFriends|1791331791790|1791331791791|0|91|-1
LdbcShortQuery4MessageContent|1791331791791|1791331791791|0|1|-1
LdbcShortQuery5MessageCreator|1791331791791|1791331791792|0|1|-1
LdbcShortQuery6MessageForum|1791331791792|1791331791792|0|1|-1
LdbcShortQuery7MessageReplies|1791331791792|1791331791792|0|2|-1
LdbcShortQuery1PersonProfile|1791331791792|1791331791794|0|1|-1
LdbcShortQuery2PersonPosts|1791331791794|1791331791794|0|10|-1
LdbcShortQuery3PersonFriends|1791331791794|1791331791794|0|109|-1
LdbcQuery9|1791331791596|1791331791795|67|20|1347530888822
LdbcShortQuery1PersonProfile|1791331791862|1791331791863|1|1|-1
LdbcShortQuery2PersonPosts|1791331791864|1791331791865|1|10|-1
LdbcShortQuery3PersonFriends|1791331791866|1791331791867|1|23|-1
LdbcQuery5|1791331791596|1791331791869|54|20|1347530888822
LdbcShortQuery4MessageContent|1791331791923|1791331791923|1|1|-1
LdbcShortQuery5MessageCreator|1791331791924|1791331791924|1|1|-1
LdbcShortQuery6MessageForum|1791331791925|1791331791925|1|1|-1
LdbcShortQuery7MessageReplies|1791331791926|1791331791927|1|0|-1
LdbcQuery14|1791331791596|1791331791928|13|1|1347530888822
LdbcShortQuery1PersonProfile|1791331791941|1791331791942|1|1|-1
LdbcShortQuery2PersonPosts|1791331791943|1791331791943|1|10|-1
LdbcShortQuery3PersonFriends|1791331791944|1791331791944|1|8|-1
LdbcQuery13|1791331791596|1791331791945|1|1|1347530888822
LdbcShortQuery4MessageContent|1791331791946|1791331791946|1|1|-1
LdbcShortQuery5MessageCreator|1791331791947|1791331791948|1|1|-1
LdbcShortQuery6MessageForum|1791331791949|1791331791949|1|1|-1
LdbcShortQuery7MessageReplies|1791331791950|1791331791950|1|0|-1
LdbcShortQuery1PersonProfile|1791331791951|1791331791952|1|1|-1
LdbcShortQuery2PersonPosts|1791331791953|1791331791953|1|10|-1
LdbcShortQuery3PersonFriends|1791331791954|1791331791954|1|10|-1
LdbcQuery2|1791331791596|1791331791956|4|20|1347530888822
LdbcShortQuery1PersonProfile|1791331791960|1791331791960|1|1|-1
LdbcShortQuery2PersonPosts|1791331791961|1791331791961|1|10|-1
LdbcShortQuery3PersonFriends|1791331791962|1791331791962|1|30|-1
LdbcQuery13|1791331796457|1791331796458|1|1|1347530937429
LdbcShortQuery4MessageContent|1791331796459|1791331796459|0|1|-1
LdbcShortQuery5MessageCreator|1791331796459|1791331796459|0|1|-1
LdbcShortQuery6MessageForum|1791331796459|1791331796461|0|1|-1
LdbcShortQuery7MessageReplies|1791331796461|1791331796461|0|0|-1
LdbcShortQuery1PersonProfile|1791331796461|1791331796462|0|1|-1
LdbcShortQuery2PersonPosts|1791331796462|1791331796462|0|10|-1
LdbcShortQuery3PersonFriends|1791331796462|1791331796463|0|29|-1
LdbcQuery2|1791331796457|1791331796463|2|20|1347530937429
LdbcShortQuery1PersonProfile|1791331796465|1791331796466|1|1|-1
LdbcShortQuery2PersonPosts|1791331796467|1791331796467|5|10|-1
LdbcShortQuery3PersonFriends|1791331796472|1791331796472|1|56|-1
LdbcShortQuery4MessageContent|1791331796473|1791331796473|0|1|-1
LdbcShortQuery5MessageCreator|1791331796473|1791331796474|2|1|-1
LdbcShortQuery6MessageForum|1791331796476|1791331796477|1|1|-1
LdbcShortQuery7MessageReplies|1791331796478|1791331796478|1|0|-1
LdbcQuery12|1791331796457|1791331796480|61|2|1347530937429
LdbcShortQuery4MessageContent|1791331796541|1791331796542|2|1|-1
LdbcShortQuery5MessageCreator|1791331796544|1791331796545|2|1|-1
LdbcShortQuery6MessageForum|1791331796547|1791331796547|1|1|-1
LdbcShortQuery7MessageReplies|1791331796548|1791331796549|10|0|-1
LdbcShortQuery1PersonProfile|1791331796559|1791331796559|5|1|-1
LdbcShortQuery2PersonPosts|1791331796564|1791331796564|4|10|-1
LdbcShortQuery3PersonFriends|1791331796568|1791331796569|3|16|-1
LdbcQuery3|1791331796457|1791331796573|29|0|1347530937429
LdbcShortQuery1PersonProfile|1791331796602|1791331796604|7|1|-1
LdbcShortQuery2PersonPosts|1791331796611|1791331796612|4|10|-1
LdbcShortQuery3PersonFriends|1791331796616|1791331796617|3|189|-1
LdbcShortQuery4MessageContent|1791331796620|1791331796621|4|1|-1
LdbcShortQuery5MessageCreator|1791331796625|1791331796625|3|1|-1
LdbcShortQuery6MessageForum|1791331796628|1791331796628|4|1|-1
LdbcShortQuery7MessageReplies|1791331796632|1791331796632|3|9|-1
LdbcShortQuery1PersonProfile|1791331796635|1791331796636|4|1|-1
LdbcShortQuery2PersonPosts|1791331796640|1791331796640|6|10|-1
LdbcShortQuery3PersonFriends|1791331796646|1791331796646|3|100|-1
LdbcShortQuery4MessageContent|1791331796649|1791331796650|3|1|-1
LdbcShortQuery5MessageCreator|1791331796653|1791331796654|4|1|-1
LdbcShortQuery6MessageForum|1791331796658|1791331796658|2|1|-1
LdbcShortQuery7MessageReplies|1791331796660|1791331796661|1|0|-1
LdbcShortQuery1PersonProfile|1791331796662|1791331796662|1|1|-1
LdbcShortQuery2PersonPosts|1791331796663|1791331796663|6|10|-1
LdbcShortQuery3PersonFriends|1791331796669|1791331796670|3|30|-1
LdbcQuery1|1791331796457|1791331796674|2|2|1347530937429
LdbcShortQuery4MessageContent|1791331796676|1791331796677|1|1|-1
LdbcShortQuery5MessageCreator|1791331796678|1791331796678|1|1|-1
LdbcShortQuery6MessageForum|1791331796679|1791331796679|1|1|-1
LdbcShortQuery7MessageReplies|1791331796680|1791331796680|1|7|-1
LdbcShortQuery1PersonProfile|1791331796681|1791331796681|0|1|-1
LdbcShortQuery2PersonPosts|1791331796681|1791331796682|1|5|-1
LdbcShortQuery3PersonFriends|1791331796683|1791331796683|0|13|-1
LdbcQuery4|1791331796457|1791331796684|1|3|1347530937429
LdbcShortQuery1PersonProfile|1791331796685|1791331796686|0|1|-1
LdbcShortQuery2PersonPosts|1791331796686|1791331796687|1|10|-1
LdbcShortQuery3PersonFriends|1791331796688|1791331796688|1|67|-1
LdbcShortQuery4MessageContent|1791331796689|1791331796689|1|1|-1
LdbcShortQuery5MessageCreator|1791331796690|1791331796690|1|1|-1
LdbcShortQuery6MessageForum|1791331796691|1791331796692|1|1|-1
LdbcShortQuery7MessageReplies|1791331796693|1791331796693|1|4|-1
LdbcShortQuery1PersonProfile|1791331796694|1791331796694|1|1|-1
LdbcShortQuery2PersonPosts|1791331796695|1791331796695|1|10|-1
LdbcShortQuery3PersonFriends|1791331796696|1791331796697|1|54|-1
LdbcQuery10|1791331796457|1791331796699|13|10|1347530937429
LdbcShortQuery4MessageContent|1791331796712|1791331796712|0|1|-1
LdbcShortQuery5MessageCreator|1791331796712|1791331796713|0|1|-1
LdbcShortQuery6MessageForum|1791331796713|1791331796714|0|1|-1
LdbcShortQuery7MessageReplies|1791331796714|1791331796715|1|0|-1
LdbcShortQuery1PersonProfile|1791331796716|1791331796716|1|1|-1
LdbcShortQuery2PersonPosts|1791331796717|1791331796717|2|10|-1
LdbcShortQuery3PersonFriends|1791331796719|1791331796719|1|50|-1
LdbcQuery6|1791331796457|1791331796721|26|10|1347530937429
LdbcShortQuery1PersonProfile|1791331796747|1791331796747|1|1|-1
LdbcShortQuery2PersonPosts|1791331796748|1791331796749|1|10|-1
LdbcShortQuery3PersonFriends|1791331796750|1791331796751|2|73|-1
LdbcShortQuery4MessageContent|1791331796753|1791331796753|1|1|-1
LdbcShortQuery5MessageCreator|1791331796754|1791331796754|0|1|-1
LdbcShortQuery6MessageForum|1791331796754|1791331796755|1|1|-1
LdbcShortQuery7MessageReplies|1791331796756|1791331796756|1|6|-1
LdbcQuery8|1791331796457|1791331796757|3|20|1347530937429
LdbcShortQuery4MessageContent|1791331796760|1791331796760|1|1|-1
LdbcShortQuery5MessageCreator|1791331796761|1791331796762|1|1|-1
LdbcShortQuery6MessageForum|1791331796763|1791331796763|1|1|-1
LdbcShortQuery7MessageReplies|1791331796764|1791331796764|1|6|-1
LdbcShortQuery1PersonProfile|1791331796765|1791331796766|1|1|-1
LdbcShortQuery2PersonPosts|1791331796767|1791331796767|1|10|-1
LdbcShortQuery3PersonFriends|1791331796768|1791331796768|1|36|-1
LdbcShortQuery4MessageContent|1791331796769|1791331796770|1|1|-1
LdbcShortQuery5MessageCreator|1791331796771|1791331796771|1|1|-1
LdbcShortQuery6MessageForum|1791331796772|1791331796773|1|1|-1
LdbcShortQuery7MessageReplies|1791331796774|1791331796775|1|0|-1
LdbcQuery14|1791331796457|1791331796776|15|4|1347530937429
LdbcShortQuery1PersonProfile|1791331796791|1791331796791|1|1|-1
LdbcShortQuery2PersonPosts|1791331796792|1791331796793|1|10|-1
LdbcShortQuery3PersonFriends|1791331796794|1791331796794|1|74|-1
LdbcShortQuery4MessageContent|1791331796795|1791331796796|1|1|-1
LdbcShortQuery5MessageCreator|1791331796797|1791331796798|2|1|-1
LdbcShortQuery6MessageForum|1791331796800|1791331796800|1|1|-1
LdbcShortQuery7MessageReplies|1791331796801|1791331796802|1|0|-1
LdbcQuery9|1791331796457|1791331796803|45|20|1347530937429
LdbcShortQuery4MessageContent|1791331796848|1791331796848|0|1|-1
LdbcShortQuery5MessageCreator|1791331796848|1791331796849|0|1|-1
LdbcShortQuery6MessageForum|1791331796849|1791331796849|0|1|-1
LdbcShortQuery7MessageReplies|1791331796849|1791331796851|0|0|-1
LdbcShortQuery1PersonProfile|1791331796851|1791331796851|0|1|-1
LdbcShortQuery2PersonPosts|1791331796851|1791331796852|0|10|-1
LdbcShortQuery3PersonFriends|1791331796852|1791331796852|0|23|-1
LdbcQuery7|1791331796457|1791331796852|0|20|1347530937429
LdbcShortQuery1PersonProfile|1791331796852|1791331796853|0|1|-1
LdbcShortQuery2PersonPosts|1791331796853|1791331796853|0|10|-1
LdbcShortQuery3PersonFriends|1791331796853|1791331796855|0|13|-1
LdbcShortQuery4MessageContent|1791331796855|1791331796855|0|1|-1
LdbcShortQuery5MessageCreator|1791331796855|1791331796855|0|1|-1
LdbcShortQuery6MessageForum|1791331796855|1791331796856|0|1|-1
LdbcShortQuery7MessageReplies|1791331796856|1791331796856|0|1|-1
LdbcQuery11|1791331796457|1791331796856|1|0|1347530937429
LdbcShortQuery4MessageContent|1791331796857|1791331796858|0|1|-1
LdbcShortQuery5MessageCreator|1791331796858|1791331796858|0|1|-1
LdbcShortQuery6MessageForum|1791331796858|1791331796858|0|1|-1
LdbcShortQuery7MessageReplies|1791331796858|1791331796859|0|0|-1
LdbcShortQuery1PersonProfile|1791331796859|1791331796859|0|1|-1
LdbcShortQuery2PersonPosts|1791331796859|1791331796859|0|10|-1
LdbcShortQuery3PersonFriends|1791331796859|1791331796861|0|17|-1
LdbcShortQuery4MessageContent|1791331796861|1791331796861|0|1|-1
LdbcShortQuery5MessageCreator|1791331796861|1791331796862|0|1|-1
LdbcShortQuery6MessageForum|1791331796862|1791331796863|0|1|-1
LdbcShortQuery7MessageReplies|1791331796863|1791331796863|0|1|-1
LdbcShortQuery1PersonProfile|1791331796863|1791331796864|0|1|-1
LdbcShortQuery2PersonPosts|1791331796864|1791331796864|0|10|-1
LdbcShortQuery3PersonFriends|1791331796864|1791331796865|0|41|-1
LdbcQuery5|1791331796457|1791331796866|48|20|1347530937429
LdbcShortQuery1PersonProfile|1791331796914|1791331796915|2|1|-1
LdbcShortQuery2PersonPosts|1791331796917|1791331796917|1|10|-1
LdbcShortQuery3PersonFriends|1791331796918|1791331796918|1|8|-1
LdbcShortQuery4MessageContent|1791331796919|1791331796919|1|1|-1
LdbcShortQuery5MessageCreator|1791331796920|1791331796920|0|1|-1
LdbcShortQuery6MessageForum|1791331796920|1791331796921|1|1|-1
LdbcShortQuery7MessageReplies|1791331796922|1791331796922|1|0|-1
LdbcQuery11|1791331801318|1791331801318|2|0|1347530986036
LdbcShortQuery4MessageContent|1791331801320|1791331801320|3|1|-1
LdbcShortQuery5MessageCreator|1791331801323|1791331801324|1|1|-1
LdbcShortQuery6MessageForum|1791331801325|1791331801325|0|1|-1
LdbcShortQuery7MessageReplies|1791331801325|1791331801326|0|0|-1
LdbcQuery5|1791331801318|1791331801327|39|20|1347530986036
LdbcShortQuery1PersonProfile|1791331801366|1791331801366|1|1|-1
LdbcShortQuery2PersonPosts|1791331801367|1791331801367|1|10|-1
LdbcShortQuery3PersonFriends|1791331801368|1791331801369|0|6|-1
LdbcShortQuery4MessageContent|1791331801369|1791331801370|0|1|-1
LdbcShortQuery5MessageCreator|1791331801370|1791331801371|0|1|-1
LdbcShortQuery6MessageForum|1791331801371|1791331801371|0|1|-1
LdbcShortQuery7MessageReplies|1791331801371|1791331801372|0|4|-1
LdbcQuery10|1791331801318|1791331801372|8|10|1347530986036
LdbcShortQuery4MessageContent|1791331801380|1791331801380|0|1|-1
LdbcShortQuery5MessageCreator|1791331801380|1791331801380|0|1|-1
LdbcShortQuery6MessageForum|1791331801380|1791331801381|0|1|-1
LdbcShortQuery7MessageReplies|1791331801381|1791331801381|0|5|-1
LdbcShortQuery1PersonProfile|1791331801381|1791331801382|0|1|-1
LdbcShortQuery2PersonPosts|1791331801382|1791331801382|0|10|-1
LdbcShortQuery3PersonFriends|1791331801382|1791331801383|0|10|-1
LdbcQuery12|1791331801318|1791331801383|46|1|1347530986036
LdbcShortQuery1PersonProfile|1791331801429|1791331801430|1|1|-1
LdbcShortQuery2PersonPosts|1791331801431|1791331801432|1|10|-1
LdbcShortQuery3PersonFriends|1791331801433|1791331801433|1|44|-1
LdbcShortQuery4MessageContent|1791331801434|1791331801435|1|1|-1
LdbcShortQuery5MessageCreator|1791331801436|1791331801436|0|1|-1
LdbcShortQuery6MessageForum|1791331801436|1791331801437|0|1|-1
LdbcShortQuery7MessageReplies|1791331801437|1791331801437|0|10|-1
LdbcShortQuery1PersonProfile|1791331801437|1791331801438|0|1|-1
LdbcShortQuery2PersonPosts|1791331801438|1791331801439|2|10|-1
LdbcShortQuery3PersonFriends|1791331801441|1791331801441|0|24|-1
LdbcQuery13|1791331801318|1791331801442|0|1|1347530986036
LdbcShortQuery4MessageContent|1791331801442|1791331801442|0|1|-1
LdbcShortQuery5MessageCreator|1791331801442|1791331801443|0|1|-1
LdbcShortQuery6MessageForum|1791331801443|1791331801443|0|1|-1
LdbcShortQuery7MessageReplies|1791331801443|1791331801444|0|0|-1
LdbcShortQuery1PersonProfile|1791331801444|1791331801444|0|1|-1
LdbcShortQuery2PersonPosts|1791331801444|1791331801444|0|10|-1
LdbcShortQuery3PersonFriends|1791331801444|1791331801445|0|9|-1
LdbcShortQuery4MessageContent|1791331801445|1791331801445|0|1|-1
LdbcShortQuery5MessageCreator|1791331801445|1791331801446|0|1|-1
LdbcShortQuery6MessageForum|1791331801446|1791331801446|0|1|-1
LdbcShortQuery7MessageReplies|1791331801446|1791331801446|0|5|-1
LdbcQuery2|1791331801318|1791331801447|2|20|1347530986036
LdbcShortQuery1PersonProfile|1791331801449|1791331801449|0|1|-1
LdbcShortQuery2PersonPosts|1791331801449|1791331801450|0|10|-1
LdbcShortQuery3PersonFriends|1791331801450|1791331801450|0|13|-1
LdbcShortQuery4MessageContent|1791331801450|1791331801451|0|1|-1
LdbcShortQuery5MessageCreator|1791331801451|1791331801451|0|1|-1
LdbcShortQuery6MessageForum|1791331801451|1791331801451|0|1|-1
LdbcShortQuery7MessageReplies|1791331801451|1791331801452|0|0|-1
LdbcShortQuery1PersonProfile|1791331801452|1791331801452|0|1|-1
LdbcShortQuery2PersonPosts|1791331801452|1791331801452|0|10|-1
LdbcShortQuery3PersonFriends|1791331801452|1791331801453|0|21|-1
LdbcShortQuery4MessageContent|1791331801453|1791331801454|0|1|-1
LdbcShortQuery5MessageCreator|1791331801454|1791331801454|0|1|-1
LdbcShortQuery6MessageForum|1791331801454|1791331801455|0|1|-1
LdbcShortQuery7MessageReplies|1791331801455|1791331801455|0|0|-1
LdbcQuery4|1791331801318|1791331801455|1|3|1347530986036
LdbcShortQuery4MessageContent|1791331801456|1791331801457|0|1|-1
LdbcShortQuery5MessageCreator|1791331801457|1791331801457|0|1|-1
LdbcShortQuery6MessageForum|1791331801457|1791331801458|0|1|-1
LdbcShortQuery7MessageReplies|1791331801458|1791331801458|0|0|-1
LdbcShortQuery1PersonProfile|1791331801458|1791331801459|0|1|-1
LdbcShortQuery2PersonPosts|1791331801459|1791331801459|0|10|-1
LdbcShortQuery3PersonFriends|1791331801459|1791331801460|0|35|-1
LdbcShortQuery4MessageContent|1791331801460|1791331801460|0|1|-1
LdbcShortQuery5MessageCreator|1791331801460|1791331801461|0|1|-1
LdbcShortQuery6MessageForum|1791331801461|1791331801461|0|1|-1
LdbcShortQuery7MessageReplies|1791331801461|1791331801461|0|0|-1
LdbcShortQuery1PersonProfile|1791331801461|1791331801462|0|1|-1
LdbcShortQuery2PersonPosts|1791331801462|1791331801462|0|10|-1
LdbcShortQuery3PersonFriends|1791331801462|1791331801463|0|25|-1
LdbcQuery3|1791331801318|1791331801463|43|0|1347530986036
LdbcShortQuery1PersonProfile|1791331801506|1791331801506|1|1|-1
LdbcShortQuery2PersonPosts|1791331801507|1791331801509|2|10|-1
LdbcShortQuery3PersonFriends|1791331801511|1791331801512|1|6|-1
LdbcShortQuery4MessageContent|1791331801513|1791331801513|1|1|-1
LdbcShortQuery5MessageCreator|1791331801514|1791331801514|1|1|-1
LdbcShortQuery6MessageForum|1791331801515|1791331801516|0|1|-1
LdbcShortQuery7MessageReplies|1791331801516|1791331801516|1|4|-1
LdbcQuery1|1791331801318|1791331801518|2|4|1347530986036
LdbcShortQuery4MessageContent|1791331801520|1791331801520|1|1|-1
LdbcShortQuery5MessageCreator|1791331801521|1791331801521|4|1|-1
LdbcShortQuery6MessageForum|1791331801525|1791331801526|1|1|-1
LdbcShortQuery7MessageReplies|1791331801527|1791331801528|1|0|-1
LdbcShortQuery1PersonProfile|1791331801529|1791331801530|1|1|-1
LdbcShortQuery2PersonPosts|1791331801531|1791331801531|2|10|-1
LdbcShortQuery3PersonFriends|1791331801533|1791331801534|2|10|-1
LdbcShortQuery4MessageContent|1791331801536|1791331801537|1|1|-1
LdbcShortQuery5MessageCreator|1791331801538|1791331801538|0|1|-1
LdbcShortQuery6MessageForum|1791331801538|1791331801538|0|1|-1
LdbcShortQuery7MessageReplies|1791331801538|1791331801539|0|0|-1
LdbcQuery7|1791331801318|1791331801540|2|20|1347530986036
LdbcShortQuery1PersonProfile|1791331801542|1791331801542|1|1|-1
LdbcShortQuery2PersonPosts|1791331801543|1791331801543|2|10|-1
LdbcShortQuery3PersonFriends|1791331801545|1791331801546|1|20|-1
LdbcQuery14|1791331801318|1791331801547|45|7|1347530986036
LdbcShortQuery4MessageContent|1791331801592|1791331801593|2|1|-1
LdbcShortQuery5MessageCreator|1791331801595|1791331801596|1|1|-1
LdbcShortQuery6MessageForum|1791331801597|1791331801597|1|1|-1
LdbcShortQuery7MessageReplies|1791331801598|1791331801598|1|0|-1
LdbcShortQuery1PersonProfile|1791331801599|1791331801599|1|1|-1
LdbcShortQuery2PersonPosts|1791331801600|1791331801601|1|10|-1
LdbcShortQuery3PersonFriends|1791331801602|1791331801602|4|46|-1
LdbcUpdate5AddForumMembership|1791331801619|1791331801620|6|0|1347530989048
LdbcQuery6|1791331801318|1791331801608|33|10|1347530986036
LdbcShortQuery1PersonProfile|1791331801641|1791331801641|2|1|-1
LdbcShortQuery2PersonPosts|1791331801643|1791331801643|1|10|-1
LdbcShortQuery3PersonFriends|1791331801644|1791331801645|1|23|-1
LdbcQuery8|1791331801318|1791331801647|3|20|1347530986036
LdbcShortQuery4MessageContent|1791331801650|1791331801651|1|1|-1
LdbcShortQuery5MessageCreator|1791331801652|1791331801652|1|1|-1
LdbcShortQuery6MessageForum|1791331801653|1791331801654|1|1|-1
LdbcShortQuery7MessageReplies|1791331801655|1791331801656|1|6|-1
LdbcShortQuery1PersonProfile|1791331801657|1791331801657|1|1|-1
LdbcShortQuery2PersonPosts|1791331801658|1791331801658|2|10|-1
LdbcShortQuery3PersonFriends|1791331801660|1791331801661|1|2|-1
LdbcShortQuery4MessageContent|1791331801662|1791331801663|1|1|-1
LdbcShortQuery5MessageCreator|1791331801664|1791331801664|1|1|-1
LdbcShortQuery6MessageForum|1791331801665|1791331801665|1|1|-1
LdbcShortQuery7MessageReplies|1791331801666|1791331801667|1|0|-1
LdbcShortQuery1PersonProfile|1791331801668|1791331801668|1|1|-1
LdbcShortQuery2PersonPosts|1791331801669|1791331801671|2|10|-1
LdbcShortQuery3PersonFriends|1791331801673|1791331801673|1|20|-1
LdbcQuery9|1791331801318|1791331801674|59|20|1347530986036
LdbcShortQuery1PersonProfile|1791331801733|1791331801734|1|1|-1
LdbcShortQuery2PersonPosts|1791331801735|1791331801736|2|10|-1
LdbcShortQuery3PersonFriends|1791331801738|1791331801739|2|6|-1
LdbcQuery8|1791331806178|1791331806179|5|20|1347531034643
LdbcShortQuery4MessageContent|1791331806184|1791331806185|2|1|-1
LdbcShortQuery5MessageCreator|1791331806187|1791331806187|1|1|-1
LdbcShortQuery6MessageForum|1791331806188|1791331806189|2|1|-1
LdbcShortQuery7MessageReplies|1791331806191|1791331806191|1|3|-1
LdbcShortQuery1PersonProfile|1791331806192|1791331806192|1|1|-1
LdbcShortQuery2PersonPosts|1791331806193|1791331806195|2|10|-1
LdbcShortQuery3PersonFriends|1791331806197|1791331806197|1|32|-1
LdbcShortQuery4MessageContent|1791331806198|1791331806199|1|1|-1
LdbcShortQuery5MessageCreator|1791331806200|1791331806200|1|1|-1
LdbcShortQuery6MessageForum|1791331806201|1791331806202|1|1|-1
LdbcShortQuery7MessageReplies|1791331806203|1791331806203|1|0|-1
LdbcQuery9|1791331806178|1791331806205|103|20|1347531034643
LdbcShortQuery1PersonProfile|1791331806308|1791331806308|2|1|-1
LdbcShortQuery2PersonPosts|1791331806310|1791331806311|2|10|-1
LdbcShortQuery3PersonFriends|1791331806313|1791331806313|2|52|-1
LdbcShortQuery4MessageContent|1791331806315|1791331806315|1|1|-1
LdbcShortQuery5MessageCreator|1791331806316|1791331806317|1|1|-1
LdbcShortQuery6MessageForum|1791331806318|1791331806318|1|1|-1
LdbcShortQuery7MessageReplies|1791331806319|1791331806320|2|5|-1
LdbcShortQuery1PersonProfile|1791331806322|1791331806322|1|1|-1
LdbcShortQuery2PersonPosts|1791331806323|1791331806324|2|10|-1
LdbcShortQuery3PersonFriends|1791331806326|1791331806326|1|42|-1
LdbcShortQuery4MessageContent|1791331806327|1791331806328|1|1|-1
LdbcShortQuery5MessageCreator|1791331806329|1791331806330|1|1|-1
LdbcShortQuery6MessageForum|1791331806331|1791331806331|1|1|-1
LdbcShortQuery7MessageReplies|1791331806332|1791331806333|1|4|-1
LdbcQuery4|1791331806178|1791331806335|3|3|1347531034643
LdbcShortQuery4MessageContent|1791331806338|1791331806338|1|1|-1
LdbcShortQuery5MessageCreator|1791331806339|1791331806340|1|1|-1
LdbcShortQuery6MessageForum|1791331806341|1791331806342|1|1|-1
LdbcShortQuery7MessageReplies|1791331806343|1791331806343|1|5|-1
LdbcShortQuery1PersonProfile|1791331806344|1791331806345|1|1|-1
LdbcShortQuery2PersonPosts|1791331806346|1791331806346|1|10|-1
LdbcShortQuery3PersonFriends|1791331806347|1791331806348|2|56|-1
LdbcShortQuery4MessageContent|1791331806350|1791331806351|2|1|-1
LdbcShortQuery5MessageCreator|1791331806353|1791331806354|2|1|-1
LdbcShortQuery6MessageForum|1791331806356|1791331806357|2|1|-1
LdbcShortQuery7MessageReplies|1791331806359|1791331806359|6|0|-1
LdbcQuery10|1791331806178|1791331806366|63|10|1347531034643
LdbcShortQuery1PersonProfile|1791331806429|1791331806429|2|1|-1
LdbcShortQuery2PersonPosts|1791331806431|1791331806431|2|10|-1
LdbcShortQuery3PersonFriends|1791331806433|1791331806433|2|17|-1
LdbcShortQuery4MessageContent|1791331806435|1791331806435|1|1|-1
LdbcShortQuery5MessageCreator|1791331806436|1791331806436|1|1|-1
LdbcShortQuery6MessageForum|1791331806437|1791331806438|1|1|-1
LdbcShortQuery7MessageReplies|1791331806439|1791331806440|1|0|-1
LdbcShortQuery1PersonProfile|1791331806441|1791331806441|2|1|-1
LdbcShortQuery2PersonPosts|1791331806443|1791331806444|1|10|-1
LdbcShortQuery3PersonFriends|1791331806445|1791331806446|2|189|-1
LdbcQuery11|1791331806178|1791331806448|3|0|1347531034643
LdbcShortQuery4MessageContent|1791331806451|1791331806452|1|1|-1
LdbcShortQuery5MessageCreator|1791331806453|1791331806453|1|1|-1
LdbcShortQuery6MessageForum|1791331806454|1791331806454|1|1|-1
LdbcShortQuery7MessageReplies|1791331806455|1791331806455|1|0|-1
LdbcShortQuery1PersonProfile|1791331806456|1791331806457|1|1|-1
LdbcShortQuery2PersonPosts|1791331806458|1791331806460|2|10|-1
LdbcShortQuery3PersonFriends|1791331806462|1791331806462|3|338|-1
LdbcQuery5|1791331806178|1791331806465|31|20|1347531034643
LdbcShortQuery1PersonProfile|1791331806496|1791331806496|1|1|-1
LdbcShortQuery2PersonPosts|1791331806497|1791331806498|2|10|-1
LdbcShortQuery3PersonFriends|1791331806500|1791331806500|2|24|-1
LdbcShortQuery4MessageContent|1791331806502|1791331806502|2|1|-1
LdbcShortQuery5MessageCreator|1791331806504|1791331806504|1|1|-1
LdbcShortQuery6MessageForum|1791331806505|1791331806506|1|1|-1
LdbcShortQuery7MessageReplies|1791331806507|1791331806508|1|3|-1
LdbcShortQuery1PersonProfile|1791331806509|1791331806509|0|1|-1
LdbcShortQuery2PersonPosts|1791331806509|1791331806510|1|10|-1
LdbcShortQuery3PersonFriends|1791331806511|1791331806511|1|109|-1
LdbcQuery2|1791331806178|1791331806513|4|20|1347531034643
LdbcShortQuery4MessageContent|1791331806517|1791331806517|1|1|-1
LdbcShortQuery5MessageCreator|1791331806518|1791331806519|1|1|-1
LdbcShortQuery6MessageForum|1791331806520|1791331806520|1|1|-1
LdbcShortQuery7MessageReplies|1791331806521|1791331806522|1|4|-1
LdbcShortQuery1PersonProfile|1791331806523|1791331806524|1|1|-1
LdbcShortQuery2PersonPosts|1791331806525|1791331806525|1|10|-1
LdbcShortQuery3PersonFriends|1791331806526|1791331806526|1|12|-1
LdbcShortQuery4MessageContent|1791331806527|1791331806528|1|1|-1
LdbcShortQuery5MessageCreator|1791331806529|1791331806529|1|1|-1
LdbcShortQuery6MessageForum|1791331806530|1791331806530|1|1|-1
LdbcShortQuery7MessageReplies|1791331806531|1791331806531|1|0|-1
LdbcQuery12|1791331806178|1791331806534|81|1|1347531034643
LdbcShortQuery1PersonProfile|1791331806615|1791331806615|1|1|-1
LdbcShortQuery2PersonPosts|1791331806616|1791331806616|1|10|-1
LdbcShortQuery3PersonFriends|1791331806617|1791331806618|1|65|-1
LdbcShortQuery4MessageContent|1791331806619|1791331806620|1|1|-1
LdbcShortQuery5MessageCreator|1791331806621|1791331806621|1|1|-1
LdbcShortQuery6MessageForum|1791331806622|1791331806622|5|1|-1
LdbcShortQuery7MessageReplies|1791331806627|1791331806628|2|4|-1
LdbcQuery13|1791331806178|1791331806630|5|1|1347531034643
LdbcShortQuery4MessageContent|1791331806635|1791331806635|1|1|-1
LdbcShortQuery5MessageCreator|1791331806636|1791331806637|1|1|-1
LdbcShortQuery6MessageForum|1791331806638|1791331806638|1|1|-1
LdbcShortQuery7MessageReplies|1791331806639|1791331806640|1|14|-1
LdbcShortQuery1PersonProfile|1791331806641|1791331806641|1|1|-1
LdbcShortQuery2PersonPosts|1791331806642|1791331806643|3|10|-1
LdbcShortQuery3PersonFriends|1791331806646|1791331806647|3|338|-1
LdbcShortQuery4MessageContent|1791331806650|1791331806651|1|1|-1
LdbcShortQuery5MessageCreator|1791331806652|1791331806652|1|1|-1
LdbcShortQuery6MessageForum|1791331806653|1791331806653|1|1|-1
LdbcShortQuery7MessageReplies|1791331806654|1791331806654|1|8|-1
LdbcShortQuery1PersonProfile|1791331806655|1791331806656|1|1|-1
LdbcShortQuery2PersonPosts|1791331806657|1791331806657|1|10|-1
LdbcShortQuery3PersonFriends|1791331806658|1791331806658|1|9|-1
LdbcQuery6|1791331806178|1791331806660|43|10|1347531034643
LdbcShortQuery1PersonProfile|1791331806703|1791331806704|2|1|-1
LdbcShortQuery2PersonPosts|1791331806706|1791331806706|2|10|-1
LdbcShortQuery3PersonFriends|1791331806708|1791331806709|0|4|-1
LdbcQuery7|1791331806178|1791331806709|2|20|1347531034643
LdbcShortQuery4MessageContent|1791331806711|1791331806712|0|1|-1
LdbcShortQuery5MessageCreator|1791331806712|1791331806712|0|1|-1
LdbcShortQuery6MessageForum|1791331806712|1791331806713|0|1|-1
LdbcShortQuery7MessageReplies|1791331806713|1791331806714|0|0|-1
LdbcQuery3|1791331806178|1791331806715|53|0|1347531034643
LdbcShortQuery1PersonProfile|1791331806768|1791331806769|1|1|-1
LdbcShortQuery2PersonPosts|1791331806770|1791331806770|2|10|-1
LdbcShortQuery3PersonFriends|1791331806772|1791331806773|1|3|-1
LdbcShortQuery4MessageContent|1791331806774|1791331806774|26|1|-1
LdbcShortQuery5MessageCreator|1791331806800|1791331806800|1|1|-1
LdbcShortQuery6MessageForum|1791331806801|1791331806801|0|1|-1
LdbcShortQuery7MessageReplies|1791331806801|1791331806802|1|0|-1
LdbcQuery1|1791331806178|1791331806803|1|2|1347531034643
LdbcShortQuery4MessageContent|1791331806804|1791331806805|6|1|-1
LdbcShortQuery5MessageCreator|1791331806811|1791331806811|1|1|-1
LdbcShortQuery6MessageForum|1791331806812|1791331806813|2|1|-1
LdbcShortQuery7MessageReplies|1791331806815|1791331806816|1|0|-1
LdbcShortQuery1PersonProfile|1791331806817|1791331806817|6|1|-1
LdbcShortQuery2PersonPosts|1791331806823|1791331806824|2|10|-1
LdbcShortQuery3PersonFriends|1791331806826|1791331806826|6|5|-1
LdbcShortQuery4MessageContent|1791331806832|1791331806832|2|1|-1
LdbcShortQuery5MessageCreator|1791331806834|1791331806835|2|1|-1
LdbcShortQuery6MessageForum|1791331806837|1791331806837|12|1|-1
LdbcShortQuery7MessageReplies|1791331806849|1791331806849|1|7|-1
LdbcQuery14|1791331806178|1791331806851|30|4|1347531034643
LdbcShortQuery1PersonProfile|1791331806881|1791331806881|2|1|-1
LdbcShortQuery2PersonPosts|1791331806883|1791331806884|2|10|-1
LdbcShortQuery3PersonFriends|1791331806886|1791331806886|2|91|-1
LdbcUpdate3AddCommentLike|1791331810189|1791331810243|5|0|1347531074742
LdbcQuery1|1791331811039|1791331811039|5|20|1347531083250
LdbcShortQuery4MessageContent|1791331811044|1791331811044|3|1|-1
LdbcShortQuery5MessageCreator|1791331811047|1791331811048|2|1|-1
LdbcShortQuery6MessageForum|1791331811050|1791331811050|4|1|-1
LdbcShortQuery7MessageReplies|1791331811054|1791331811054|3|0|-1
LdbcShortQuery1PersonProfile|1791331811057|1791331811057|4|1|-1
LdbcShortQuery2PersonPosts|1791331811061|1791331811062|2|10|-1
LdbcShortQuery3PersonFriends|1791331811064|1791331811064|3|20|-1
LdbcQuery14|1791331811039|1791331811067|7|1|1347531083250
LdbcShortQuery1PersonProfile|1791331811074|1791331811074|0|1|-1
LdbcShortQuery2PersonPosts|1791331811074|1791331811074|1|10|-1
LdbcShortQuery3PersonFriends|1791331811075|1791331811077|0|3|-1
LdbcShortQuery4MessageContent|1791331811077|1791331811077|0|1|-1
LdbcShortQuery5MessageCreator|1791331811077|1791331811078|0|1|-1
LdbcShortQuery6MessageForum|1791331811078|1791331811078|0|1|-1
LdbcShortQuery7MessageReplies|1791331811078|1791331811079|0|11|-1
LdbcQuery2|1791331811039|1791331811079|1|20|1347531083250
LdbcShortQuery4MessageContent|1791331811080|1791331811081|0|1|-1
LdbcShortQuery5MessageCreator|1791331811081|1791331811082|0|1|-1
LdbcShortQuery6MessageForum|1791331811082|1791331811083|0|1|-1
LdbcShortQuery7MessageReplies|1791331811083|1791331811083|0|6|-1
LdbcShortQuery1PersonProfile|1791331811083|1791331811084|0|1|-1
LdbcShortQuery2PersonPosts|1791331811084|1791331811084|0|10|-1
LdbcShortQuery3PersonFriends|1791331811084|1791331811085|0|1|-1
LdbcQuery4|1791331811039|1791331811085|0|3|1347531083250
LdbcShortQuery1PersonProfile|1791331811085|1791331811086|0|1|-1
LdbcShortQuery2PersonPosts|1791331811086|1791331811087|0|10|-1
LdbcShortQuery3PersonFriends|1791331811087|1791331811088|0|13|-1
LdbcShortQuery4MessageContent|1791331811088|1791331811089|0|1|-1
LdbcShortQuery5MessageCreator|1791331811089|1791331811089|0|1|-1
LdbcShortQuery6MessageForum|1791331811089|1791331811090|0|1|-1
LdbcShortQuery7MessageReplies|1791331811090|1791331811091|0|0|-1
LdbcShortQuery1PersonProfile|1791331811091|1791331811091|0|1|-1
LdbcShortQuery2PersonPosts|1791331811091|1791331811093|1|10|-1
LdbcShortQuery3PersonFriends|1791331811094|1791331811094|0|15|-1
LdbcShortQuery4MessageContent|1791331811094|1791331811095|0|1|-1
LdbcShortQuery5MessageCreator|1791331811095|1791331811095|0|1|-1
LdbcShortQuery6MessageForum|1791331811095|1791331811096|0|1|-1
LdbcShortQuery7MessageReplies|1791331811096|1791331811096|0|0|-1
LdbcShortQuery1PersonProfile|1791331811096|1791331811097|0|1|-1
LdbcShortQuery2PersonPosts|1791331811097|1791331811097|0|10|-1
LdbcShortQuery3PersonFriends|1791331811097|1791331811098|0|52|-1
LdbcQuery8|1791331811039|1791331811099|1|20|1347531083250
LdbcShortQuery4MessageContent|1791331811100|1791331811100|0|1|-1
LdbcShortQuery5MessageCreator|1791331811100|1791331811101|0|1|-1
LdbcShortQuery6MessageForum|1791331811101|1791331811101|0|1|-1
LdbcShortQuery7MessageReplies|1791331811101|1791331811102|0|0|-1
LdbcShortQuery1PersonProfile|1791331811102|1791331811103|0|1|-1
LdbcShortQuery2PersonPosts|1791331811103|1791331811103|0|10|-1
LdbcShortQuery3PersonFriends|1791331811103|1791331811104|0|28|-1
LdbcQuery9|1791331811039|1791331811105|50|20|1347531083250
LdbcShortQuery1PersonProfile|1791331811155|1791331811156|1|1|-1
LdbcShortQuery2PersonPosts|1791331811157|1791331811157|1|10|-1
LdbcShortQuery3PersonFriends|1791331811158|1791331811158|0|13|-1
LdbcQuery5|1791331811039|1791331811159|52|20|1347531083250
LdbcShortQuery4MessageContent|1791331811211|1791331811211|2|1|-1
LdbcShortQuery5MessageCreator|1791331811213|1791331811213|1|1|-1
LdbcShortQuery6MessageForum|1791331811214|1791331811214|0|1|-1
LdbcShortQuery7MessageReplies|1791331811214|1791331811215|1|2|-1
LdbcShortQuery1PersonProfile|1791331811216|1791331811216|0|1|-1
LdbcShortQuery2PersonPosts|1791331811216|1791331811217|1|10|-1
LdbcShortQuery3PersonFriends|1791331811218|1791331811218|0|9|-1
LdbcShortQuery4MessageContent|1791331811218|1791331811219|0|1|-1
LdbcShortQuery5MessageCreator|1791331811219|1791331811219|0|1|-1
LdbcShortQuery6MessageForum|1791331811219|1791331811220|0|1|-1
LdbcShortQuery7MessageReplies|1791331811220|1791331811221|0|4|-1
LdbcQuery10|1791331811039|1791331811221|8|10|1347531083250
LdbcShortQuery1PersonProfile|1791331811229|1791331811230|1|1|-1
LdbcShortQuery2PersonPosts|1791331811231|1791331811231|0|4|-1
LdbcShortQuery3PersonFriends|1791331811231|1791331811232|0|9|-1
LdbcShortQuery4MessageContent|1791331811232|1791331811232|0|1|-1
LdbcShortQuery5MessageCreator|1791331811232|1791331811234|0|1|-1
LdbcShortQuery6MessageForum|1791331811234|1791331811234|0|1|-1
LdbcShortQuery7MessageReplies|1791331811234|1791331811235|0|7|-1
LdbcShortQuery1PersonProfile|1791331811235|1791331811236|0|1|-1
LdbcShortQuery2PersonPosts|1791331811236|1791331811236|0|10|-1
LdbcShortQuery3PersonFriends|1791331811236|1791331811237|0|55|-1
LdbcQuery11|1791331811039|1791331811237|2|0|1347531083250
LdbcShortQuery4MessageContent|1791331811239|1791331811239|1|1|-1
LdbcShortQuery5MessageCreator|1791331811240|1791331811240|0|1|-1
LdbcShortQuery6MessageForum|1791331811240|1791331811241|0|1|-1
LdbcShortQuery7MessageReplies|1791331811241|1791331811241|0|0|-1
LdbcUpdate2AddPostLike|1791331811246|1791331811246|9|0|1347531085313
LdbcQuery3|1791331811039|1791331811243|30|0|1347531083250
LdbcShortQuery1PersonProfile|1791331811273|1791331811273|1|1|-1
LdbcShortQuery2PersonPosts|1791331811274|1791331811274|1|2|-1
LdbcShortQuery3PersonFriends|1791331811275|1791331811275|0|3|-1
LdbcQuery6|1791331811039|1791331811276|25|10|1347531083250
LdbcShortQuery4MessageContent|1791331811301|1791331811303|0|1|-1
LdbcShortQuery5MessageCreator|1791331811303|1791331811304|1|1|-1
LdbcShortQuery6MessageForum|1791331811305|1791331811305|1|1|-1
LdbcShortQuery7MessageReplies|1791331811306|1791331811306|0|0|-1
LdbcShortQuery1PersonProfile|1791331811306|1791331811307|0|1|-1
LdbcShortQuery2PersonPosts|1791331811307|1791331811308|1|10|-1
LdbcShortQuery3PersonFriends|1791331811309|1791331811309|0|8|-1
LdbcShortQuery4MessageContent|1791331811309|1791331811309|0|1|-1
LdbcShortQuery5MessageCreator|1791331811309|1791331811310|0|1|-1
LdbcShortQuery6MessageForum|1791331811310|1791331811310|0|1|-1
LdbcShortQuery7MessageReplies|1791331811310|1791331811311|0|5|-1
LdbcQuery12|1791331811039|1791331811311|34|3|1347531083250
LdbcShortQuery1PersonProfile|1791331811345|1791331811346|0|1|-1
LdbcShortQuery2PersonPosts|1791331811346|1791331811348|0|10|-1
LdbcShortQuery3PersonFriends|1791331811348|1791331811348|0|4|-1
LdbcQuery13|1791331811039|1791331811349|0|1|1347531083250
LdbcShortQuery4MessageContent|1791331811349|1791331811349|0|1|-1
LdbcShortQuery5MessageCreator|1791331811349|1791331811349|0|1|-1
LdbcShortQuery6MessageForum|1791331811349|1791331811350|0|1|-1
LdbcShortQuery7MessageReplies|1791331811350|1791331811350|0|6|-1
LdbcShortQuery1PersonProfile|1791331811350|1791331811350|0|1|-1
LdbcShortQuery2PersonPosts|1791331811350|1791331811352|0|10|-1
LdbcShortQuery3PersonFriends|1791331811352|1791331811352|1|269|-1
LdbcShortQuery4MessageContent|1791331811353|1791331811353|0|1|-1
LdbcShortQuery5MessageCreator|1791331811353|1791331811353|0|1|-1
LdbcShortQuery6MessageForum|1791331811353|1791331811355|0|1|-1
LdbcShortQuery7MessageReplies|1791331811355|1791331811355|0|1|-1
LdbcQuery7|1791331811039|1791331811356|1|20|1347531083250
LdbcShortQuery1PersonProfile|1791331811357|1791331811357|0|1|-1
LdbcShortQuery2PersonPosts|1791331811357|1791331811357|1|10|-1
LdbcShortQuery3PersonFriends|1791331811358|1791331811360|1|37|-1
LdbcShortQuery4MessageContent|1791331811361|1791331811361|0|1|-1
LdbcShortQuery5MessageCreator|1791331811361|1791331811362|0|1|-1
LdbcShortQuery6MessageForum|1791331811362|1791331811363|0|1|-1
LdbcShortQuery7MessageReplies|1791331811363|1791331811364|0|1|-1
LdbcShortQuery1PersonProfile|1791331811364|1791331811364|0|1|-1
LdbcShortQuery2PersonPosts|1791331811364|1791331811364|0|10|-1
LdbcShortQuery3PersonFriends|1791331811364|1791331811365|0|16|-1
LdbcShortQuery4MessageContent|1791331811365|1791331811365|0|1|-1
LdbcShortQuery5MessageCreator|1791331811365|1791331811366|0|1|-1
LdbcShortQuery6MessageForum|1791331811366|1791331811366|0|1|-1
LdbcShortQuery7MessageReplies|1791331811366|1791331811366|0|0|-1
LdbcShortQuery1PersonProfile|1791331811366|1791331811367|0|1|-1
LdbcShortQuery2PersonPosts|1791331811367|1791331811367|0|10|-1
LdbcShortQuery3PersonFriends|1791331811367|1791331811369|0|74|-1
LdbcUpdate3AddCommentLike|1791331814805|1791331814806|13|0|1347531120908
LdbcQuery13|1791331815900|1791331815900|2|1|1347531131857
LdbcShortQuery4MessageContent|1791331815902|1791331815902|2|1|-1
LdbcShortQuery5MessageCreator|1791331815904|1791331815904|1|1|-1
LdbcShortQuery6MessageForum|1791331815905|1791331815906|1|1|-1
LdbcShortQuery7MessageReplies|1791331815907|1791331815908|1|0|-1
LdbcShortQuery1PersonProfile|1791331815909|1791331815909|1|1|-1
LdbcShortQuery2PersonPosts|1791331815910|1791331815910|2|10|-1
LdbcShortQuery3PersonFriends|1791331815912|1791331815912|2|31|-1
LdbcShortQuery4MessageContent|1791331815914|1791331815916|2|1|-1
LdbcShortQuery5MessageCreator|1791331815918|1791331815918|1|1|-1
LdbcShortQuery6MessageForum|1791331815919|1791331815920|1|1|-1
LdbcShortQuery7MessageReplies|1791331815921|1791331815921|1|0|-1
LdbcShortQuery1PersonProfile|1791331815922|1791331815924|1|1|-1
LdbcShortQuery2PersonPosts|1791331815925|1791331815925|1|10|-1
LdbcShortQuery3PersonFriends|1791331815926|1791331815926|1|23|-1
LdbcShortQuery4MessageContent|1791331815927|1791331815927|1|1|-1
LdbcShortQuery5MessageCreator|1791331815928|1791331815928|1|1|-1
LdbcShortQuery6MessageForum|1791331815929|1791331815930|1|1|-1
LdbcShortQuery7MessageReplies|1791331815931|1791331815931|1|0|-1
LdbcQuery7|1791331815900|1791331815932|1|20|1347531131857
LdbcShortQuery1PersonProfile|1791331815933|1791331815934|0|1|-1
LdbcShortQuery2PersonPosts|1791331815934|1791331815936|1|10|-1
LdbcShortQuery3PersonFriends|1791331815937|1791331815937|2|18|-1
LdbcShortQuery4MessageContent|1791331815939|1791331815939|1|1|-1
LdbcShortQuery5MessageCreator|1791331815940|1791331815940|1|1|-1
LdbcShortQuery6MessageForum|1791331815941|1791331815943|2|1|-1
LdbcShortQuery7MessageReplies|1791331815945|1791331815945|3|3|-1
LdbcShortQuery1PersonProfile|1791331815948|1791331815948|1|1|-1
LdbcShortQuery2PersonPosts|1791331815949|1791331815949|1|10|-1
LdbcShortQuery3PersonFriends|1791331815950|1791331815951|1|10|-1
LdbcQuery5|1791331815900|1791331815952|30|20|1347531131857
LdbcShortQuery4MessageContent|1791331815982|1791331815983|1|1|-1
LdbcShortQuery5MessageCreator|1791331815984|1791331815984|0|1|-1
LdbcShortQuery6MessageForum|1791331815984|1791331815985|0|1|-1
LdbcShortQuery7MessageReplies|1791331815985|1791331815986|0|2|-1
LdbcShortQuery1PersonProfile|1791331815986|1791331815986|0|1|-1
LdbcShortQuery2PersonPosts|1791331815986|1791331815987|0|10|-1
LdbcShortQuery3PersonFriends|1791331815987|1791331815988|0|91|-1
LdbcQuery2|1791331815900|1791331815989|5|20|1347531131857
LdbcShortQuery1PersonProfile|1791331815994|1791331815994|0|1|-1
LdbcShortQuery2PersonPosts|1791331815994|1791331815995|1|10|-1
LdbcShortQuery3PersonFriends|1791331815996|1791331815997|1|70|-1
LdbcShortQuery4MessageContent|1791331815998|1791331815998|0|1|-1
LdbcShortQuery5MessageCreator|1791331815998|1791331815999|0|1|-1
LdbcShortQuery6MessageForum|1791331815999|1791331815999|0|1|-1
LdbcShortQuery7MessageReplies|1791331815999|1791331816000|0|7|-1
LdbcShortQuery1PersonProfile|1791331816000|1791331816000|0|1|-1
LdbcShortQuery2PersonPosts|1791331816000|1791331816001|0|10|-1
LdbcShortQuery3PersonFriends|1791331816001|1791331816001|0|70|-1
LdbcShortQuery4MessageContent|1791331816001|1791331816002|0|1|-1
LdbcShortQuery5MessageCreator|1791331816002|1791331816002|0|1|-1
LdbcShortQuery6MessageForum|1791331816002|1791331816003|0|1|-1
LdbcShortQuery7MessageReplies|1791331816003|1791331816004|0|4|-1
LdbcQuery1|1791331815900|1791331816004|1|2|1347531131857
LdbcShortQuery4MessageContent|1791331816005|1791331816005|0|1|-1
LdbcShortQuery5MessageCreator|1791331816005|1791331816005|0|1|-1
LdbcShortQuery6MessageForum|1791331816005|1791331816007|0|1|-1
LdbcShortQuery7MessageReplies|1791331816007|1791331816007|0|7|-1
LdbcShortQuery1PersonProfile|1791331816007|1791331816007|0|1|-1
LdbcShortQuery2PersonPosts|1791331816007|1791331816008|0|10|-1
LdbcShortQuery3PersonFriends|1791331816008|1791331816009|0|17|-1
LdbcQuery14|1791331815900|1791331816009|1|1|1347531131857
LdbcShortQuery1PersonProfile|1791331816010|1791331816011|0|1|-1
LdbcShortQuery2PersonPosts|1791331816011|1791331816011|0|10|-1
LdbcShortQuery3PersonFriends|1791331816011|1791331816012|0|85|-1
LdbcShortQuery4MessageContent|1791331816012|1791331816014|0|1|-1
LdbcShortQuery5MessageCreator|1791331816014|1791331816014|0|1|-1
LdbcShortQuery6MessageForum|1791331816014|1791331816015|0|1|-1
LdbcShortQuery7MessageReplies|1791331816015|1791331816015|0|6|-1
LdbcShortQuery1PersonProfile|1791331816015|1791331816016|0|1|-1
LdbcShortQuery2PersonPosts|1791331816016|1791331816016|0|3|-1
LdbcShortQuery3PersonFriends|1791331816016|1791331816017|0|2|-1
LdbcShortQuery4MessageContent|1791331816017|1791331816017|0|1|-1
LdbcShortQuery5MessageCreator|1791331816017|1791331816017|0|1|-1
LdbcShortQuery6MessageForum|1791331816017|1791331816018|0|1|-1
LdbcShortQuery7MessageReplies|1791331816018|1791331816018|0|8|-1
LdbcQuery9|1791331815900|1791331816019|138|20|1347531131857
LdbcShortQuery4MessageContent|1791331816157|1791331816158|2|1|-1
LdbcShortQuery5MessageCreator|1791331816160|1791331816160|2|1|-1
LdbcShortQuery6MessageForum|1791331816162|1791331816162|1|1|-1
LdbcShortQuery7MessageReplies|1791331816163|1791331816163|2|4|-1
LdbcShortQuery1PersonProfile|1791331816165|1791331816166|1|1|-1
LdbcShortQuery2PersonPosts|1791331816167|1791331816167|1|10|-1
LdbcShortQuery3PersonFriends|1791331816168|1791331816169|2|5|-1
LdbcShortQuery4MessageContent|1791331816171|1791331816172|1|1|-1
LdbcShortQuery5MessageCreator|1791331816173|1791331816174|1|1|-1
LdbcShortQuery6MessageForum|1791331816175|1791331816175|1|1|-1
LdbcShortQuery7MessageReplies|1791331816176|1791331816178|1|0|-1
LdbcShortQuery1PersonProfile|1791331816179|1791331816179|1|1|-1
LdbcShortQuery2PersonPosts|1791331816180|1791331816180|1|10|-1
LdbcShortQuery3PersonFriends|1791331816181|1791331816183|1|2|-1
LdbcQuery4|1791331815900|1791331816184|2|3|1347531131857
LdbcShortQuery1PersonProfile|1791331816186|1791331816187|1|1|-1
LdbcShortQuery2PersonPosts|1791331816188|1791331816189|1|10|-1
LdbcShortQuery3PersonFriends|1791331816190|1791331816190|1|9|-1
LdbcShortQuery4MessageContent|1791331816191|1791331816192|2|1|-1
LdbcShortQuery5MessageCreator|1791331816194|1791331816194|2|1|-1
LdbcShortQuery6MessageForum|1791331816196|1791331816196|1|1|-1
LdbcShortQuery7MessageReplies|1791331816197|1791331816198|1|0|-1
LdbcShortQuery1PersonProfile|1791331816199|1791331816199|1|1|-1
LdbcShortQuery2PersonPosts|1791331816200|1791331816200|1|10|-1
LdbcShortQuery3PersonFriends|1791331816201|1791331816202|2|88|-1
LdbcShortQuery4MessageContent|1791331816204|1791331816204|1|1|-1
LdbcShortQuery5MessageCreator|1791331816205|1791331816207|1|1|-1
LdbcShortQuery6MessageForum|1791331816208|1791331816208|1|1|-1
LdbcShortQuery7MessageReplies|1791331816209|1791331816210|1|0|-1
LdbcQuery8|1791331815900|1791331816211|3|20|1347531131857
LdbcShortQuery4MessageContent|1791331816214|1791331816215|1|1|-1
LdbcShortQuery5MessageCreator|1791331816216|1791331816217|1|1|-1
LdbcShortQuery6MessageForum|1791331816218|1791331816218|1|1|-1
LdbcShortQuery7MessageReplies|1791331816219|1791331816220|2|0|-1
LdbcShortQuery1PersonProfile|1791331816222|1791331816222|1|1|-1
LdbcShortQuery2PersonPosts|1791331816223|1791331816223|1|10|-1
LdbcShortQuery3PersonFriends|1791331816224|1791331816225|1|41|-1
LdbcShortQuery4MessageContent|1791331816226|1791331816226|0|1|-1
LdbcShortQuery5MessageCreator|1791331816226|1791331816227|0|1|-1
LdbcShortQuery6MessageForum|1791331816227|1791331816228|1|1|-1
LdbcShortQuery7MessageReplies|1791331816229|1791331816229|0|0|-1
LdbcQuery12|1791331815900|1791331816230|60|3|1347531131857
LdbcShortQuery1PersonProfile|1791331816290|1791331816291|0|1|-1
LdbcShortQuery2PersonPosts|1791331816291|1791331816292|0|10|-1
LdbcShortQuery3PersonFriends|1791331816292|1791331816292|0|17|-1
LdbcShortQuery4MessageContent|1791331816292|1791331816294|0|1|-1
LdbcShortQuery5MessageCreator|1791331816294|1791331816294|0|1|-1
LdbcShortQuery6MessageForum|1791331816294|1791331816295|0|1|-1
LdbcShortQuery7MessageReplies|1791331816295|1791331816295|0|0|-1
LdbcQuery3|1791331815900|1791331816295|43|0|1347531131857
LdbcShortQuery4MessageContent|1791331816338|1791331816338|0|1|-1
LdbcShortQuery5MessageCreator|1791331816338|1791331816340|0|1|-1
LdbcShortQuery6MessageForum|1791331816340|1791331816341|0|1|-1
LdbcShortQuery7MessageReplies|1791331816341|1791331816342|0|0|-1
LdbcShortQuery1PersonProfile|1791331816342|1791331816343|0|1|-1
LdbcShortQuery2PersonPosts|1791331816343|1791331816344|1|10|-1
LdbcShortQuery3PersonFriends|1791331816345|1791331816345|1|36|-1
LdbcQuery10|1791331815900|1791331816346|9|10|1347531131857
LdbcShortQuery1PersonProfile|1791331816355|1791331816356|1|1|-1
LdbcShortQuery2PersonPosts|1791331816357|1791331816357|0|10|-1
LdbcShortQuery3PersonFriends|1791331816357|1791331816359|0|46|-1
LdbcShortQuery4MessageContent|1791331816359|1791331816360|0|1|-1
LdbcShortQuery5MessageCreator|1791331816360|1791331816360|0|1|-1
LdbcShortQuery6MessageForum|1791331816360|1791331816360|0|1|-1
LdbcShortQuery7MessageReplies|1791331816360|1791331816361|0|0|-1
LdbcShortQuery1PersonProfile|1791331816361|1791331816361|0|1|-1
LdbcShortQuery2PersonPosts|1791331816361|1791331816362|0|10|-1
LdbcShortQuery3PersonFriends|1791331816362|1791331816364|0|10|-1
LdbcShortQuery4MessageContent|1791331816364|1791331816364|0|1|-1
LdbcShortQuery5MessageCreator|1791331816364|1791331816365|0|1|-1
LdbcShortQuery6MessageForum|1791331816365|1791331816366|0|1|-1
LdbcShortQuery7MessageReplies|1791331816366|1791331816366|0|0|-1
LdbcQuery11|1791331815900|1791331816367|2|0|1347531131857
LdbcShortQuery4MessageContent|1791331816369|1791331816369|0|1|-1
LdbcShortQuery5MessageCreator|1791331816369|1791331816370|0|1|-1
LdbcShortQuery6MessageForum|1791331816370|1791331816371|0|1|-1
LdbcShortQuery7MessageReplies|1791331816371|1791331816371|0|0|-1
LdbcShortQuery1PersonProfile|1791331816371|1791331816371|0|1|-1
LdbcShortQuery2PersonPosts|1791331816371|1791331816372|0|10|-1
LdbcShortQuery3PersonFriends|1791331816372|1791331816372|0|80|-1
LdbcShortQuery4MessageContent|1791331816372|1791331816374|0|1|-1
LdbcShortQuery5MessageCreator|1791331816374|1791331816374|0|1|-1
LdbcShortQuery6MessageForum|1791331816374|1791331816375|0|1|-1
LdbcShortQuery7MessageReplies|1791331816375|1791331816375|0|2|-1
LdbcQuery6|1791331815900|1791331816376|19|10|1347531131857
LdbcShortQuery1PersonProfile|1791331816395|1791331816395|0|1|-1
LdbcShortQuery2PersonPosts|1791331816395|1791331816396|0|10|-1
LdbcShortQuery3PersonFriends|1791331816396|1791331816397|0|44|-1
LdbcUpdate5AddForumMembership|1791331820027|1791331820027|12|0|1347531173124
LdbcQuery11|1791331820761|1791331820761|7|0|1347531180464
LdbcShortQuery4MessageContent|1791331820768|1791331820768|2|1|-1
LdbcShortQuery5MessageCreator|1791331820770|1791331820771|2|1|-1
LdbcShortQuery6MessageForum|1791331820773|1791331820773|1|1|-1
LdbcShortQuery7MessageReplies|1791331820774|1791331820774|2|0|-1
LdbcQuery6|1791331820761|1791331820778|54|10|1347531180464
LdbcShortQuery1PersonProfile|1791331820832|1791331820833|2|1|-1
LdbcShortQuery2PersonPosts|1791331820835|1791331820835|3|10|-1
LdbcShortQuery3PersonFriends|1791331820838|1791331820838|4|12|-1
LdbcShortQuery4MessageContent|1791331820842|1791331820843|1|1|-1
LdbcShortQuery5MessageCreator|1791331820844|1791331820844|0|1|-1
LdbcShortQuery6MessageForum|1791331820844|1791331820845|0|1|-1
LdbcShortQuery7MessageReplies|1791331820845|1791331820846|1|8|-1
LdbcShortQuery1PersonProfile|1791331820847|1791331820847|1|1|-1
LdbcShortQuery2PersonPosts|1791331820848|1791331820848|2|10|-1
LdbcShortQuery3PersonFriends|1791331820850|1791331820850|1|4|-1
LdbcShortQuery4MessageContent|1791331820851|1791331820852|1|1|-1
LdbcShortQuery5MessageCreator|1791331820853|1791331820854|1|1|-1
LdbcShortQuery6MessageForum|1791331820855|1791331820855|1|1|-1
LdbcShortQuery7MessageReplies|1791331820856|1791331820856|1|7|-1
LdbcQuery9|1791331820761|1791331820858|56|20|1347531180464
LdbcShortQuery4MessageContent|1791331820914|1791331820916|2|1|-1
LdbcShortQuery5MessageCreator|1791331820918|1791331820918|1|1|-1
LdbcShortQuery6MessageForum|1791331820919|1791331820919|1|1|-1
LdbcShortQuery7MessageReplies|1791331820920|1791331820921|1|0|-1
LdbcShortQuery1PersonProfile|1791331820922|1791331820922|1|1|-1
LdbcShortQuery2PersonPosts|1791331820923|1791331820924|2|10|-1
LdbcShortQuery3PersonFriends|1791331820926|1791331820926|2|38|-1
LdbcShortQuery4MessageContent|1791331820928|1791331820929|1|1|-1
LdbcShortQuery5MessageCreator|1791331820930|1791331820931|2|1|-1
LdbcShortQuery6MessageForum|1791331820933|1791331820933|1|1|-1
LdbcShortQuery7MessageReplies|1791331820934|1791331820934|1|0|-1
LdbcQuery5|1791331820761|1791331820935|114|20|1347531180464
LdbcShortQuery1PersonProfile|1791331821049|1791331821050|2|1|-1
LdbcShortQuery2PersonPosts|1791331821052|1791331821052|2|0|-1
LdbcShortQuery3PersonFriends|1791331821054|1791331821055|3|65|-1
LdbcShortQuery4MessageContent|1791331821058|1791331821058|1|1|-1
LdbcShortQuery5MessageCreator|1791331821059|1791331821060|1|1|-1
LdbcShortQuery6MessageForum|1791331821061|1791331821062|1|1|-1
LdbcShortQuery7MessageReplies|1791331821063|1791331821063|8|3|-1
LdbcShortQuery1PersonProfile|1791331821071|1791331821072|0|1|-1
LdbcShortQuery2PersonPosts|1791331821072|1791331821073|6|10|-1
LdbcShortQuery3PersonFriends|1791331821079|1791331821080|1|29|-1
LdbcQuery13|1791331820761|1791331821081|1|1|1347531180464
LdbcShortQuery4MessageContent|1791331821082|1791331821083|1|1|-1
LdbcShortQuery5MessageCreator|1791331821084|1791331821084|1|1|-1
LdbcShortQuery6MessageForum|1791331821085|1791331821086|1|1|-1
LdbcShortQuery7MessageReplies|1791331821087|1791331821088|1|0|-1
LdbcShortQuery1PersonProfile|1791331821089|1791331821090|1|1|-1
LdbcShortQuery2PersonPosts|1791331821091|1791331821091|1|10|-1
LdbcShortQuery3PersonFriends|1791331821092|1791331821093|2|88|-1
LdbcQuery7|1791331820761|1791331821095|5|20|1347531180464
LdbcShortQuery1PersonProfile|1791331821100|1791331821100|2|1|-1
LdbcShortQuery2PersonPosts|1791331821102|1791331821102|3|10|-1
LdbcShortQuery3PersonFriends|1791331821105|1791331821106|2|29|-1
LdbcShortQuery4MessageContent|1791331821108|1791331821108|1|1|-1
LdbcShortQuery5MessageCreator|1791331821109|1791331821111|2|1|-1
LdbcShortQuery6MessageForum|1791331821113|1791331821113|1|1|-1
LdbcShortQuery7MessageReplies|1791331821114|1791331821114|1|0|-1
LdbcQuery14|1791331820761|1791331821115|36|17|1347531180464
LdbcShortQuery4MessageContent|1791331821151|1791331821151|1|1|-1
LdbcShortQuery5MessageCreator|1791331821152|1791331821153|0|1|-1
LdbcShortQuery6MessageForum|1791331821153|1791331821153|1|1|-1
LdbcShortQuery7MessageReplies|1791331821154|1791331821154|0|0|-1
LdbcShortQuery1PersonProfile|1791331821154|1791331821156|0|1|-1
LdbcShortQuery2PersonPosts|1791331821156|1791331821156|0|10|-1
LdbcShortQuery3PersonFriends|1791331821156|1791331821157|0|67|-1
LdbcShortQuery4MessageContent|1791331821157|1791331821158|0|1|-1
LdbcShortQuery5MessageCreator|1791331821158|1791331821158|0|1|-1
LdbcShortQuery6MessageForum|1791331821158|1791331821159|0|1|-1
LdbcShortQuery7MessageReplies|1791331821159|1791331821159|0|0|-1
LdbcQuery2|1791331820761|1791331821160|1|20|1347531180464
LdbcShortQuery1PersonProfile|1791331821161|1791331821162|0|1|-1
LdbcShortQuery2PersonPosts|1791331821162|1791331821162|0|10|-1
LdbcShortQuery3PersonFriends|1791331821162|1791331821163|0|5|-1
LdbcShortQuery4MessageContent|1791331821163|1791331821163|1|1|-1
LdbcShortQuery5MessageCreator|1791331821164|1791331821165|1|1|-1
LdbcShortQuery6MessageForum|1791331821166|1791331821166|1|1|-1
LdbcShortQuery7MessageReplies|1791331821167|1791331821167|1|0|-1
LdbcShortQuery1PersonProfile|1791331821168|1791331821168|0|1|-1
LdbcShortQuery2PersonPosts|1791331821168|1791331821169|0|10|-1
LdbcShortQuery3PersonFriends|1791331821169|1791331821170|0|71|-1
LdbcQuery1|1791331820761|1791331821170|3|2|1347531180464
LdbcShortQuery4MessageContent|1791331821173|1791331821174|0|1|-1
LdbcShortQuery5MessageCreator|1791331821174|1791331821174|0|1|-1
LdbcShortQuery6MessageForum|1791331821174|1791331821174|0|1|-1
LdbcShortQuery7MessageReplies|1791331821174|1791331821175|0|0|-1
LdbcShortQuery1PersonProfile|1791331821175|1791331821175|0|1|-1
LdbcShortQuery2PersonPosts|1791331821175|1791331821177|0|10|-1
LdbcShortQuery3PersonFriends|1791331821177|1791331821178|0|32|-1
LdbcShortQuery4MessageContent|1791331821178|1791331821178|0|1|-1
LdbcShortQuery5MessageCreator|1791331821178|1791331821178|1|1|-1
LdbcShortQuery6MessageForum|1791331821179|1791331821180|1|1|-1
LdbcShortQuery7MessageReplies|1791331821181|1791331821181|1|2|-1
LdbcShortQuery1PersonProfile|1791331821182|1791331821182|0|1|-1
LdbcShortQuery2PersonPosts|1791331821182|1791331821183|0|6|-1
LdbcShortQuery3PersonFriends|1791331821183|1791331821183|0|47|-1
LdbcQuery10|1791331820761|1791331821184|14|10|1347531180464
LdbcShortQuery1PersonProfile|1791331821198|1791331821198|0|1|-1
LdbcShortQuery2PersonPosts|1791331821198|1791331821198|1|10|-1
LdbcShortQuery3PersonFriends|1791331821199|1791331821200|0|7|-1
LdbcShortQuery4MessageContent|1791331821200|1791331821200|0|1|-1
LdbcShortQuery5MessageCreator|1791331821200|1791331821200|0|1|-1
LdbcShortQuery6MessageForum|1791331821200|1791331821202|0|1|-1
LdbcShortQuery7MessageReplies|1791331821202|1791331821202|0|1|-1
LdbcShortQuery1PersonProfile|1791331821202|1791331821203|0|1|-1
LdbcShortQuery2PersonPosts|1791331821203|1791331821203|0|10|-1
LdbcShortQuery3PersonFriends|1791331821203|1791331821204|0|53|-1
LdbcShortQuery4MessageContent|1791331821204|1791331821204|0|1|-1
LdbcShortQuery5MessageCreator|1791331821204|1791331821205|0|1|-1
LdbcShortQuery6MessageForum|1791331821205|1791331821205|0|1|-1
LdbcShortQuery7MessageReplies|1791331821205|1791331821206|0|0|-1
LdbcShortQuery1PersonProfile|1791331821206|1791331821206|0|1|-1
LdbcShortQuery2PersonPosts|1791331821206|1791331821206|0|10|-1
LdbcShortQuery3PersonFriends|1791331821206|1791331821207|0|88|-1
LdbcQuery12|1791331820761|1791331821209|57|1|1347531180464
LdbcShortQuery4MessageContent|1791331821266|1791331821267|1|1|-1
LdbcShortQuery5MessageCreator|1791331821268|1791331821268|2|1|-1
LdbcShortQuery6MessageForum|1791331821270|1791331821271|1|1|-1
LdbcShortQuery7MessageReplies|1791331821272|1791331821273|1|0|-1
LdbcShortQuery1PersonProfile|1791331821274|1791331821274|1|1|-1
LdbcShortQuery2PersonPosts|1791331821275|1791331821276|1|10|-1
LdbcShortQuery3PersonFriends|1791331821277|1791331821278|1|7|-1
LdbcQuery4|1791331820761|1791331821280|4|10|1347531180464
LdbcShortQuery1PersonProfile|1791331821284|1791331821284|3|1|-1
LdbcShortQuery2PersonPosts|1791331821287|1791331821287|2|3|-1
LdbcShortQuery3PersonFriends|1791331821289|1791331821290|3|109|-1
LdbcShortQuery4MessageContent|1791331821293|1791331821293|1|1|-1
LdbcShortQuery5MessageCreator|1791331821294|1791331821294|1|1|-1
LdbcShortQuery6MessageForum|1791331821295|1791331821296|1|1|-1
LdbcShortQuery7MessageReplies|1791331821297|1791331821297|1|6|-1
LdbcShortQuery1PersonProfile|1791331821298|1791331821298|1|1|-1
LdbcShortQuery2PersonPosts|1791331821299|1791331821300|1|10|-1
LdbcShortQuery3PersonFriends|1791331821301|1791331821302|2|45|-1
LdbcQuery8|1791331820761|1791331821304|2|20|1347531180464
LdbcShortQuery4MessageContent|1791331821306|1791331821306|1|1|-1
LdbcShortQuery5MessageCreator|1791331821307|1791331821307|0|1|-1
LdbcShortQuery6MessageForum|1791331821307|1791331821309|0|1|-1
LdbcShortQuery7MessageReplies|1791331821309|1791331821310|1|2|-1
LdbcShortQuery1PersonProfile|1791331821311|1791331821311|0|1|-1
LdbcShortQuery2PersonPosts|1791331821311|1791331821312|1|10|-1
LdbcShortQuery3PersonFriends|1791331821313|1791331821313|1|52|-1
LdbcShortQuery4MessageContent|1791331821314|1791331821315|0|1|-1
LdbcShortQuery5MessageCreator|1791331821315|1791331821315|0|1|-1
LdbcShortQuery6MessageForum|1791331821315|1791331821316|1|1|-1
LdbcShortQuery7MessageReplies|1791331821317|1791331821317|0|0|-1
LdbcQuery3|1791331820761|1791331821318|62|0|1347531180464
LdbcShortQuery1PersonProfile|1791331821380|1791331821381|1|1|-1
LdbcShortQuery2PersonPosts|1791331821382|1791331821382|2|10|-1
LdbcShortQuery3PersonFriends|1791331821384|1791331821385|3|16|-1
LdbcShortQuery4MessageContent|1791331821388|1791331821389|1|1|-1
LdbcShortQuery5MessageCreator|1791331821390|1791331821391|1|1|-1
LdbcShortQuery6MessageForum|1791331821392|1791331821393|0|1|-1
LdbcShortQuery7MessageReplies|1791331821393|1791331821394|1|0|-1
LdbcShortQuery1PersonProfile|1791331821395|1791331821395|1|1|-1
LdbcShortQuery2PersonPosts|1791331821396|1791331821397|1|2|-1
LdbcShortQuery3PersonFriends|1791331821398|1791331821399|3|17|-1
LdbcShortQuery4MessageContent|1791331821402|1791331821403|2|1|-1
LdbcShortQuery5MessageCreator|1791331821405|1791331821405|4|1|-1
LdbcShortQuery6MessageForum|1791331821409|1791331821409|2|1|-1
LdbcShortQuery7MessageReplies|1791331821411|1791331821411|2|0|-1
LdbcQuery8|1791331825621|1791331825622|8|20|1347531229071
LdbcShortQuery4MessageContent|1791331825630|1791331825630|4|1|-1
LdbcShortQuery5MessageCreator|1791331825634|1791331825635|2|1|-1
LdbcShortQuery6MessageForum|1791331825637|1791331825638|2|1|-1
LdbcShortQuery7MessageReplies|1791331825640|1791331825641|2|6|-1
LdbcShortQuery1PersonProfile|1791331825643|1791331825643|1|1|-1
LdbcShortQuery2PersonPosts|1791331825644|1791331825645|1|10|-1
LdbcShortQuery3PersonFriends|1791331825646|1791331825647|1|13|-1
LdbcShortQuery4MessageContent|1791331825648|1791331825648|1|1|-1
LdbcShortQuery5MessageCreator|1791331825649|1791331825650|1|1|-1
LdbcShortQuery6MessageForum|1791331825651|1791331825651|2|1|-1
LdbcShortQuery7MessageReplies|1791331825653|1791331825653|2|5|-1
LdbcShortQuery1PersonProfile|1791331825655|1791331825656|1|1|-1
LdbcShortQuery2PersonPosts|1791331825657|1791331825659|3|10|-1
LdbcShortQuery3PersonFriends|1791331825662|1791331825662|4|4|-1
LdbcShortQuery4MessageContent|1791331825666|1791331825666|3|1|-1
LdbcShortQuery5MessageCreator|1791331825669|1791331825670|1|1|-1
LdbcShortQuery6MessageForum|1791331825671|1791331825672|1|1|-1
LdbcShortQuery7MessageReplies|1791331825673|1791331825674|5|3|-1
LdbcQuery3|1791331825621|1791331825679|132|0|1347531229071
LdbcShortQuery1PersonProfile|1791331825811|1791331825811|3|1|-1
LdbcShortQuery2PersonPosts|1791331825814|1791331825814|2|10|-1
LdbcShortQuery3PersonFriends|1791331825816|1791331825818|2|60|-1
LdbcQuery14|1791331825621|1791331825820|30|8|1347531229071
LdbcShortQuery4MessageContent|1791331825850|1791331825851|2|1|-1
LdbcShortQuery5MessageCreator|1791331825853|1791331825853|3|1|-1
LdbcShortQuery6MessageForum|1791331825856|1791331825857|2|1|-1
LdbcShortQuery7MessageReplies|1791331825859|1791331825859|2|0|-1
LdbcQuery9|1791331825621|1791331825862|96|20|1347531229071
LdbcShortQuery1PersonProfile|1791331825958|1791331825958|2|1|-1
LdbcShortQuery2PersonPosts|1791331825960|1791331825960|2|10|-1
LdbcShortQuery3PersonFriends|1791331825962|1791331825963|3|67|-1
LdbcShortQuery4MessageContent|1791331825966|1791331825967|1|1|-1
LdbcShortQuery5MessageCreator|1791331825968|1791331825969|2|1|-1
LdbcShortQuery6MessageForum|1791331825971|1791331825971|1|1|-1
LdbcShortQuery7MessageReplies|1791331825972|1791331825972|1|0|-1
LdbcQuery11|1791331825621|1791331825974|3|0|1347531229071
LdbcShortQuery4MessageContent|1791331825977|1791331825978|1|1|-1
LdbcShortQuery5MessageCreator|1791331825979|1791331825979|2|1|-1
LdbcShortQuery6MessageForum|1791331825981|1791331825982|1|1|-1
LdbcShortQuery7MessageReplies|1791331825983|1791331825984|3|4|-1
LdbcShortQuery1PersonProfile|1791331825987|1791331825988|1|1|-1
LdbcShortQuery2PersonPosts|1791331825989|1791331825990|2|10|-1
LdbcShortQuery3PersonFriends|1791331825992|1791331825992|5|230|-1
LdbcQuery6|1791331825621|1791331825998|65|10|1347531229071
LdbcShortQuery1PersonProfile|1791331826063|1791331826063|2|1|-1
LdbcShortQuery2PersonPosts|1791331826065|1791331826065|2|10|-1
LdbcShortQuery3PersonFriends|1791331826067|1791331826068|3|69|-1
LdbcQuery7|1791331825621|1791331826072|4|20|1347531229071
LdbcShortQuery4MessageContent|1791331826076|1791331826076|1|1|-1
LdbcShortQuery5MessageCreator|1791331826077|1791331826077|1|1|-1
LdbcShortQuery6MessageForum|1791331826078|1791331826079|1|1|-1
LdbcShortQuery7MessageReplies|1791331826080|1791331826080|2|1|-1
LdbcShortQuery1PersonProfile|1791331826082|1791331826083|1|1|-1
LdbcShortQuery2PersonPosts|1791331826084|1791331826085|1|10|-1
LdbcShortQuery3PersonFriends|1791331826086|1791331826086|1|32|-1
LdbcQuery5|1791331825621|1791331826088|45|20|1347531229071
LdbcShortQuery1PersonProfile|1791331826133|1791331826133|2|1|-1
LdbcShortQuery2PersonPosts|1791331826135|1791331826136|3|10|-1
LdbcShortQuery3PersonFriends|1791331826139|1791331826140|1|23|-1
LdbcShortQuery4MessageContent|1791331826141|1791331826141|1|1|-1
LdbcShortQuery5MessageCreator|1791331826142|1791331826144|1|1|-1
LdbcShortQuery6MessageForum|1791331826145|1791331826145|1|1|-1
LdbcShortQuery7MessageReplies|1791331826146|1791331826146|1|0|-1
LdbcShortQuery1PersonProfile|1791331826147|1791331826148|2|1|-1
LdbcShortQuery2PersonPosts|1791331826150|1791331826150|3|10|-1
LdbcShortQuery3PersonFriends|1791331826153|1791331826154|11|3|-1
LdbcQuery13|1791331825621|1791331826165|2|1|1347531229071
LdbcShortQuery4MessageContent|1791331826167|1791331826168|1|1|-1
LdbcShortQuery5MessageCreator|1791331826169|1791331826169|2|1|-1
LdbcShortQuery6MessageForum|1791331826171|1791331826172|2|1|-1
LdbcShortQuery7MessageReplies|1791331826174|1791331826175|2|6|-1
LdbcQuery4|1791331825621|1791331826178|10|2|1347531229071
LdbcShortQuery1PersonProfile|1791331826188|1791331826188|1|1|-1
LdbcShortQuery2PersonPosts|1791331826189|1791331826190|6|10|-1
LdbcShortQuery3PersonFriends|1791331826196|1791331826196|2|43|-1
LdbcShortQuery4MessageContent|1791331826198|1791331826199|1|1|-1
LdbcShortQuery5MessageCreator|1791331826200|1791331826201|1|1|-1
LdbcShortQuery6MessageForum|1791331826202|1791331826203|11|1|-1
LdbcShortQuery7MessageReplies|1791331826214|1791331826214|7|0|-1
LdbcShortQuery1PersonProfile|1791331826221|1791331826221|9|1|-1
LdbcShortQuery2PersonPosts|1791331826230|1791331826231|50|10|-1
LdbcShortQuery3PersonFriends|1791331826281|1791331826282|9|7|-1
LdbcShortQuery4MessageContent|1791331826291|1791331826291|1|1|-1
LdbcShortQuery5MessageCreator|1791331826292|1791331826292|0|1|-1
LdbcShortQuery6MessageForum|1791331826292|1791331826292|0|1|-1
LdbcShortQuery7MessageReplies|1791331826292|1791331826293|42|0|-1
LdbcQuery10|1791331825621|1791331826336|17|10|1347531229071
LdbcShortQuery4MessageContent|1791331826353|1791331826354|1|1|-1
LdbcShortQuery5MessageCreator|1791331826355|1791331826356|2|1|-1
LdbcShortQuery6MessageForum|1791331826358|1791331826358|1|1|-1
LdbcShortQuery7MessageReplies|1791331826359|1791331826359|1|4|-1
LdbcQuery2|1791331825621|1791331826361|4|20|1347531229071
LdbcShortQuery1PersonProfile|1791331826365|1791331826366|1|1|-1
LdbcShortQuery2PersonPosts|1791331826367|1791331826368|2|10|-1
LdbcShortQuery3PersonFriends|1791331826370|1791331826370|2|9|-1
LdbcQuery1|1791331825621|1791331826373|2|2|1347531229071
LdbcShortQuery4MessageContent|1791331826375|1791331826375|1|1|-1
LdbcShortQuery5MessageCreator|1791331826376|1791331826376|1|1|-1
LdbcShortQuery6MessageForum|1791331826377|1791331826377|1|1|-1
LdbcShortQuery7MessageReplies|1791331826378|1791331826379|1|0|-1
LdbcShortQuery1PersonProfile|1791331826380|1791331826380|1|1|-1
LdbcShortQuery2PersonPosts|1791331826381|1791331826381|1|10|-1
LdbcShortQuery3PersonFriends|1791331826382|1791331826384|1|13|-1
LdbcShortQuery4MessageContent|1791331826385|1791331826385|1|1|-1
LdbcShortQuery5MessageCreator|1791331826386|1791331826386|1|1|-1
LdbcShortQuery6MessageForum|1791331826387|1791331826388|1|1|-1
LdbcShortQuery7MessageReplies|1791331826389|1791331826390|1|10|-1
LdbcQuery12|1791331825621|1791331826391|65|2|1347531229071
LdbcShortQuery1PersonProfile|1791331826456|1791331826456|2|1|-1
LdbcShortQuery2PersonPosts|1791331826458|1791331826459|2|10|-1
LdbcShortQuery3PersonFriends|1791331826461|1791331826461|1|13|-1
LdbcShortQuery4MessageContent|1791331826462|1791331826463|1|1|-1
LdbcShortQuery5MessageCreator|1791331826464|1791331826465|1|1|-1
LdbcShortQuery6MessageForum|1791331826466|1791331826466|1|1|-1
LdbcShortQuery7MessageReplies|1791331826467|1791331826468|1|0|-1
LdbcShortQuery1PersonProfile|1791331826469|1791331826469|0|1|-1
LdbcShortQuery2PersonPosts|1791331826469|1791331826470|0|1|-1
LdbcShortQuery3PersonFriends|1791331826470|1791331826470|0|1|-1
LdbcQuery1|1791331830482|1791331830482|4|5|1347531277678
LdbcShortQuery4MessageContent|1791331830486|1791331830486|1|1|-1
LdbcShortQuery5MessageCreator|1791331830487|1791331830488|1|1|-1
LdbcShortQuery6MessageForum|1791331830489|1791331830490|1|1|-1
LdbcShortQuery7MessageReplies|1791331830491|1791331830492|3|2|-1
LdbcShortQuery1PersonProfile|1791331830495|1791331830495|1|1|-1
LdbcShortQuery2PersonPosts|1791331830496|1791331830497|3|10|-1
LdbcShortQuery3PersonFriends|1791331830500|1791331830501|2|22|-1
LdbcShortQuery4MessageContent|1791331830503|1791331830504|3|1|-1
LdbcShortQuery5MessageCreator|1791331830507|1791331830507|2|1|-1
LdbcShortQuery6MessageForum|1791331830509|1791331830509|5|1|-1
LdbcShortQuery7MessageReplies|1791331830514|1791331830514|1|10|-1
LdbcQuery12|1791331830482|1791331830516|81|1|1347531277678
LdbcShortQuery1PersonProfile|1791331830597|1791331830597|2|1|-1
LdbcShortQuery2PersonPosts|1791331830599|1791331830601|4|10|-1
LdbcShortQuery3PersonFriends|1791331830605|1791331830605|4|63|-1
LdbcShortQuery4MessageContent|1791331830609|1791331830609|2|1|-1
LdbcShortQuery5MessageCreator|1791331830611|1791331830612|2|1|-1
LdbcShortQuery6MessageForum|1791331830614|1791331830614|2|1|-1
LdbcShortQuery7MessageReplies|1791331830616|1791331830616|1|4|-1
LdbcShortQuery1PersonProfile|1791331830617|1791331830618|1|1|-1
LdbcShortQuery2PersonPosts|1791331830619|1791331830619|2|10|-1
LdbcShortQuery3PersonFriends|1791331830621|1791331830622|2|75|-1
LdbcQuery7|1791331830482|1791331830625|4|20|1347531277678
LdbcShortQuery4MessageContent|1791331830629|1791331830629|2|1|-1
LdbcShortQuery5MessageCreator|1791331830631|1791331830632|2|1|-1
LdbcShortQuery6MessageForum|1791331830634|1791331830634|2|1|-1
LdbcShortQuery7MessageReplies|1791331830636|1791331830638|2|0|-1
LdbcShortQuery1PersonProfile|1791331830640|1791331830640|2|1|-1
LdbcShortQuery2PersonPosts|1791331830642|1791331830642|2|10|-1
LdbcShortQuery3PersonFriends|1791331830644|1791331830645|3|34|-1
LdbcShortQuery4MessageContent|1791331830648|1791331830648|1|1|-1
LdbcShortQuery5MessageCreator|1791331830649|1791331830649|1|1|-1
LdbcShortQuery6MessageForum|1791331830650|1791331830650|1|1|-1
LdbcShortQuery7MessageReplies|1791331830651|1791331830652|1|7|-1
LdbcShortQuery1PersonProfile|1791331830653|1791331830654|1|1|-1
LdbcShortQuery2PersonPosts|1791331830655|1791331830655|2|10|-1
LdbcShortQuery3PersonFriends|1791331830657|1791331830657|1|67|-1
LdbcQuery14|1791331830482|1791331830660|79|10|1347531277678
LdbcShortQuery1PersonProfile|1791331830739|1791331830739|2|1|-1
LdbcShortQuery2PersonPosts|1791331830741|1791331830741|1|1|-1
LdbcShortQuery3PersonFriends|1791331830742|1791331830742|1|10|-1
LdbcShortQuery4MessageContent|1791331830743|1791331830745|1|1|-1
LdbcShortQuery5MessageCreator|1791331830746|1791331830747|1|1|-1
LdbcShortQuery6MessageForum|1791331830748|1791331830749|1|1|-1
LdbcShortQuery7MessageReplies|1791331830750|1791331830750|2|0|-1
LdbcQuery8|1791331830482|1791331830752|3|20|1347531277678
LdbcShortQuery4MessageContent|1791331830755|1791331830755|2|1|-1
LdbcShortQuery5MessageCreator|1791331830757|1791331830758|2|1|-1
LdbcShortQuery6MessageForum|1791331830760|1791331830760|3|1|-1
LdbcShortQuery7MessageReplies|1791331830763|1791331830764|2|2|-1
LdbcShortQuery1PersonProfile|1791331830766|1791331830766|2|1|-1
LdbcShortQuery2PersonPosts|1791331830768|1791331830768|2|10|-1
LdbcShortQuery3PersonFriends|1791331830770|1791331830771|2|4|-1
LdbcShortQuery4MessageContent|1791331830773|1791331830774|2|1|-1
LdbcShortQuery5MessageCreator|1791331830776|1791331830776|1|1|-1
LdbcShortQuery6MessageForum|1791331830777|1791331830777|1|1|-1
LdbcShortQuery7MessageReplies|1791331830778|1791331830779|1|0|-1
LdbcShortQuery1PersonProfile|1791331830780|1791331830781|1|1|-1
LdbcShortQuery2PersonPosts|1791331830782|1791331830782|2|10|-1
LdbcShortQuery3PersonFriends|1791331830784|1791331830784|2|74|-1
LdbcQuery3|1791331830482|1791331830788|75|0|1347531277678
LdbcShortQuery1PersonProfile|1791331830863|1791331830863|2|1|-1
LdbcShortQuery2PersonPosts|1791331830865|1791331830865|2|10|-1
LdbcShortQuery3PersonFriends|1791331830867|1791331830869|2|72|-1
LdbcShortQuery4MessageContent|1791331830871|1791331830872|1|1|-1
LdbcShortQuery5MessageCreator|1791331830873|1791331830874|1|1|-1
LdbcShortQuery6MessageForum|1791331830875|1791331830875|1|1|-1
LdbcShortQuery7MessageReplies|1791331830876|1791331830877|2|7|-1
LdbcQuery6|1791331830482|1791331830879|48|10|1347531277678
LdbcShortQuery4MessageContent|1791331830927|1791331830927|2|1|-1
LdbcShortQuery5MessageCreator|1791331830929|1791331830930|1|1|-1
LdbcShortQuery6MessageForum|1791331830931|1791331830931|1|1|-1
LdbcShortQuery7MessageReplies|1791331830932|1791331830934|2|0|-1
LdbcShortQuery1PersonProfile|1791331830936|1791331830937|2|1|-1
LdbcShortQuery2PersonPosts|1791331830939|1791331830939|2|10|-1
LdbcShortQuery3PersonFriends|1791331830941|1791331830941|2|59|-1
LdbcShortQuery4MessageContent|1791331830943|1791331830944|2|1|-1
LdbcShortQuery5MessageCreator|1791331830946|1791331830946|2|1|-1
LdbcShortQuery6MessageForum|1791331830948|1791331830948|2|1|-1
LdbcShortQuery7MessageReplies|1791331830950|1791331830950|1|6|-1
LdbcQuery9|1791331830482|1791331830951|99|20|1347531277678
LdbcShortQuery1PersonProfile|1791331831050|1791331831051|5|1|-1
LdbcShortQuery2PersonPosts|1791331831056|1791331831056|10|10|-1
LdbcShortQuery3PersonFriends|1791331831066|1791331831067|2|149|-1
LdbcShortQuery4MessageContent|1791331831069|1791331831070|2|1|-1
LdbcShortQuery5MessageCreator|1791331831072|1791331831072|1|1|-1
LdbcShortQuery6MessageForum|1791331831073|1791331831074|1|1|-1
LdbcShortQuery7MessageReplies|1791331831075|1791331831075|1|0|-1
LdbcShortQuery1PersonProfile|1791331831076|1791331831078|3|1|-1
LdbcShortQuery2PersonPosts|1791331831081|1791331831081|3|10|-1
LdbcShortQuery3PersonFriends|1791331831084|1791331831085|9|17|-1
LdbcShortQuery4MessageContent|1791331831094|1791331831094|2|1|-1
LdbcShortQuery5MessageCreator|1791331831096|1791331831096|2|1|-1
LdbcShortQuery6MessageForum|1791331831098|1791331831098|2|1|-1
LdbcShortQuery7MessageReplies|1791331831100|1791331831101|2|0|-1
LdbcQuery11|1791331830482|1791331831103|4|0|1347531277678
LdbcShortQuery4MessageContent|1791331831107|1791331831108|1|1|-1
LdbcShortQuery5MessageCreator|1791331831109|1791331831109|1|1|-1
LdbcShortQuery6MessageForum|1791331831110|1791331831111|1|1|-1
LdbcShortQuery7MessageReplies|1791331831112|1791331831112|1|0|-1
LdbcShortQuery1PersonProfile|1791331831113|1791331831113|2|1|-1
LdbcShortQuery2PersonPosts|1791331831115|1791331831116|1|10|-1
LdbcShortQuery3PersonFriends|1791331831117|1791331831118|1|14|-1
LdbcShortQuery4MessageContent|1791331831119|1791331831119|0|1|-1
LdbcShortQuery5MessageCreator|1791331831119|1791331831121|0|1|-1
LdbcShortQuery6MessageForum|1791331831121|1791331831121|0|1|-1
LdbcShortQuery7MessageReplies|1791331831121|1791331831122|1|5|-1
LdbcQuery2|1791331830482|1791331831124|2|20|1347531277678
LdbcShortQuery1PersonProfile|1791331831126|1791331831126|0|1|-1
LdbcShortQuery2PersonPosts|1791331831126|1791331831127|1|10|-1
LdbcShortQuery3PersonFriends|1791331831128|1791331831129|1|23|-1
LdbcShortQuery4MessageContent|1791331831130|1791331831130|1|1|-1
LdbcShortQuery5MessageCreator|1791331831131|1791331831131|0|1|-1
LdbcShortQuery6MessageForum|1791331831131|1791331831132|0|1|-1
LdbcShortQuery7MessageReplies|1791331831132|1791331831133|1|1|-1
LdbcShortQuery1PersonProfile|1791331831134|1791331831134|0|1|-1
LdbcShortQuery2PersonPosts|1791331831134|1791331831135|1|10|-1
LdbcShortQuery3PersonFriends|1791331831136|1791331831136|0|3|-1
LdbcQuery4|1791331830482|1791331831137|1|0|1347531277678
LdbcShortQuery4MessageContent|1791331831138|1791331831138|0|1|-1
LdbcShortQuery5MessageCreator|1791331831138|1791331831139|0|1|-1
LdbcShortQuery6MessageForum|1791331831139|1791331831140|0|1|-1
LdbcShortQuery7MessageReplies|1791331831140|1791331831140|0|0|-1
LdbcShortQuery1PersonProfile|1791331831140|1791331831141|0|1|-1
LdbcShortQuery2PersonPosts|1791331831141|1791331831141|0|2|-1
LdbcShortQuery3PersonFriends|1791331831141|1791331831143|0|70|-1
LdbcShortQuery4MessageContent|1791331831143|1791331831143|0|1|-1
LdbcShortQuery5MessageCreator|1791331831143|1791331831144|0|1|-1
LdbcShortQuery6MessageForum|1791331831144|1791331831144|0|1|-1
LdbcShortQuery7MessageReplies|1791331831144|1791331831144|0|2|-1
LdbcQuery5|1791331830482|1791331831145|9|0|1347531277678
LdbcShortQuery1PersonProfile|1791331831154|1791331831155|0|1|-1
LdbcShortQuery2PersonPosts|1791331831155|1791331831156|0|10|-1
LdbcShortQuery3PersonFriends|1791331831156|1791331831156|0|10|-1
LdbcShortQuery4MessageContent|1791331831156|1791331831157|0|1|-1
LdbcShortQuery5MessageCreator|1791331831157|1791331831158|0|1|-1
LdbcShortQuery6MessageForum|1791331831158|1791331831158|0|1|-1
LdbcShortQuery7MessageReplies|1791331831158|1791331831159|0|5|-1
LdbcQuery13|1791331830482|1791331831160|0|1|1347531277678
LdbcShortQuery4MessageContent|1791331831160|1791331831161|0|1|-1
LdbcShortQuery5MessageCreator|1791331831161|1791331831162|0|1|-1
LdbcShortQuery6MessageForum|1791331831162|1791331831163|0|1|-1
LdbcShortQuery7MessageReplies|1791331831163|1791331831163|0|0|-1
LdbcShortQuery1PersonProfile|1791331831163|1791331831164|0|1|-1
LdbcShortQuery2PersonPosts|1791331831164|1791331831165|0|10|-1
LdbcShortQuery3PersonFriends|1791331831165|1791331831166|0|43|-1
LdbcShortQuery4MessageContent|1791331831166|1791331831166|0|1|-1
LdbcShortQuery5MessageCreator|1791331831166|1791331831167|1|1|-1
LdbcShortQuery6MessageForum|1791331831168|1791331831168|0|1|-1
LdbcShortQuery7MessageReplies|1791331831168|1791331831169|0|0|-1
LdbcQuery10|1791331830482|1791331831169|6|10|1347531277678
LdbcShortQuery1PersonProfile|1791331831175|1791331831175|0|1|-1
LdbcShortQuery2PersonPosts|1791331831175|1791331831176|0|10|-1
LdbcShortQuery3PersonFriends|1791331831176|1791331831177|0|13|-1
LdbcShortQuery4MessageContent|1791331831177|1791331831177|0|1|-1
LdbcShortQuery5MessageCreator|1791331831177|1791331831177|0|1|-1
LdbcShortQuery6MessageForum|1791331831177|1791331831178|0|1|-1
LdbcShortQuery7MessageReplies|1791331831178|1791331831178|0|5|-1
LdbcShortQuery1PersonProfile|1791331831178|1791331831180|0|1|-1
LdbcShortQuery2PersonPosts|1791331831180|1791331831180|0|10|-1
LdbcShortQuery3PersonFriends|1791331831180|1791331831180|0|14|-1
LdbcQuery13|1791331835343|1791331835343|3|1|1347531326285
LdbcShortQuery4MessageContent|1791331835346|1791331835347|1|1|-1
LdbcShortQuery5MessageCreator|1791331835348|1791331835349|1|1|-1
LdbcShortQuery6MessageForum|1791331835350|1791331835350|1|1|-1
LdbcShortQuery7MessageReplies|1791331835351|1791331835352|1|0|-1
LdbcShortQuery1PersonProfile|1791331835353|1791331835353|1|1|-1
LdbcShortQuery2PersonPosts|1791331835354|1791331835354|3|10|-1
LdbcShortQuery3PersonFriends|1791331835357|1791331835357|2|38|-1
LdbcShortQuery4MessageContent|1791331835359|1791331835360|1|1|-1
LdbcShortQuery5MessageCreator|1791331835361|1791331835362|4|1|-1
LdbcShortQuery6MessageForum|1791331835366|1791331835366|1|1|-1
LdbcShortQuery7MessageReplies|1791331835367|1791331835368|3|0|-1
LdbcShortQuery1PersonProfile|1791331835371|1791331835371|2|1|-1
LdbcShortQuery2PersonPosts|1791331835373|1791331835373|2|10|-1
LdbcShortQuery3PersonFriends|1791331835375|1791331835376|2|67|-1
LdbcQuery10|1791331835343|1791331835378|18|10|1347531326285
LdbcShortQuery1PersonProfile|1791331835396|1791331835396|2|1|-1
LdbcShortQuery2PersonPosts|1791331835398|1791331835399|3|10|-1
LdbcShortQuery3PersonFriends|1791331835402|1791331835403|2|63|-1
LdbcShortQuery4MessageContent|1791331835405|1791331835406|1|1|-1
LdbcShortQuery5MessageCreator|1791331835407|1791331835407|0|1|-1
LdbcShortQuery6MessageForum|1791331835407|1791331835408|1|1|-1
LdbcShortQuery7MessageReplies|1791331835409|1791331835409|0|0|-1
LdbcShortQuery1PersonProfile|1791331835409|1791331835410|0|1|-1
LdbcShortQuery2PersonPosts|1791331835410|1791331835410|1|10|-1
LdbcShortQuery3PersonFriends|1791331835411|1791331835412|1|41|-1
LdbcQuery6|1791331835343|1791331835413|32|10|1347531326285
LdbcShortQuery4MessageContent|1791331835445|1791331835445|5|1|-1
LdbcShortQuery5MessageCreator|1791331835450|1791331835451|2|1|-1
LdbcShortQuery6MessageForum|1791331835453|1791331835453|4|1|-1
LdbcShortQuery7MessageReplies|1791331835457|1791331835457|3|0|-1
LdbcQuery7|1791331835343|1791331835461|22|20|1347531326285
LdbcShortQuery1PersonProfile|1791331835483|1791331835483|8|1|-1
LdbcShortQuery2PersonPosts|1791331835491|1791331835492|1|10|-1
LdbcShortQuery3PersonFriends|1791331835493|1791331835493|1|42|-1
LdbcShortQuery4MessageContent|1791331835494|1791331835494|1|1|-1
LdbcShortQuery5MessageCreator|1791331835495|1791331835496|2|1|-1
LdbcShortQuery6MessageForum|1791331835498|1791331835498|0|1|-1
LdbcShortQuery7MessageReplies|1791331835498|1791331835499|1|2|-1
LdbcQuery1|1791331835343|1791331835501|1|1|1347531326285
LdbcShortQuery4MessageContent|1791331835502|1791331835503|3|1|-1
LdbcShortQuery5MessageCreator|1791331835506|1791331835507|0|1|-1
LdbcShortQuery6MessageForum|1791331835507|1791331835507|0|1|-1
LdbcShortQuery7MessageReplies|1791331835507|1791331835508|1|7|-1
LdbcShortQuery1PersonProfile|1791331835509|1791331835509|2|1|-1
LdbcShortQuery2PersonPosts|1791331835511|1791331835512|1|10|-1
LdbcShortQuery3PersonFriends|1791331835513|1791331835513|1|14|-1
LdbcQuery12|1791331835343|1791331835515|46|1|1347531326285
LdbcShortQuery1PersonProfile|1791331835561|1791331835561|1|1|-1
LdbcShortQuery2PersonPosts|1791331835562|1791331835563|1|10|-1
LdbcShortQuery3PersonFriends|1791331835564|1791331835564|2|26|-1
LdbcShortQuery4MessageContent|1791331835566|1791331835566|1|1|-1
LdbcShortQuery5MessageCreator|1791331835567|1791331835568|0|1|-1
LdbcShortQuery6MessageForum|1791331835568|1791331835568|0|1|-1
LdbcShortQuery7MessageReplies|1791331835568|1791331835570|0|0|-1
LdbcShortQuery1PersonProfile|1791331835570|1791331835570|0|1|-1
LdbcShortQuery2PersonPosts|1791331835570|1791331835570|0|10|-1
LdbcShortQuery3PersonFriends|1791331835570|1791331835571|0|21|-1
LdbcQuery3|1791331835343|1791331835571|44|0|1347531326285
LdbcShortQuery4MessageContent|1791331835615|1791331835616|2|1|-1
LdbcShortQuery5MessageCreator|1791331835618|1791331835618|1|1|-1
LdbcShortQuery6MessageForum|1791331835619|1791331835620|42|1|-1
LdbcShortQuery7MessageReplies|1791331835662|1791331835663|2|0|-1
LdbcShortQuery1PersonProfile|1791331835665|1791331835665|1|1|-1
LdbcShortQuery2PersonPosts|1791331835666|1791331835666|1|10|-1
LdbcShortQuery3PersonFriends|1791331835667|1791331835668|1|45|-1
LdbcQuery14|1791331835343|1791331835670|59|5|1347531326285
LdbcShortQuery1PersonProfile|1791331835729|1791331835729|2|1|-1
LdbcShortQuery2PersonPosts|1791331835731|1791331835731|2|10|-1
LdbcShortQuery3PersonFriends|1791331835733|1791331835734|1|8|-1
LdbcShortQuery4MessageContent|1791331835735|1791331835736|1|1|-1
LdbcShortQuery5MessageCreator|1791331835737|1791331835737|1|1|-1
LdbcShortQuery6MessageForum|1791331835738|1791331835739|1|1|-1
LdbcShortQuery7MessageReplies|1791331835740|1791331835741|1|0|-1
LdbcShortQuery1PersonProfile|1791331835742|1791331835743|1|1|-1
LdbcShortQuery2PersonPosts|1791331835744|1791331835744|2|10|-1
LdbcShortQuery3PersonFriends|1791331835746|1791331835746|1|31|-1
LdbcQuery8|1791331835343|1791331835748|7|20|1347531326285
LdbcShortQuery4MessageContent|1791331835755|1791331835755|1|1|-1
LdbcShortQuery5MessageCreator|1791331835756|1791331835756|0|1|-1
LdbcShortQuery6MessageForum|1791331835756|1791331835757|1|1|-1
LdbcShortQuery7MessageReplies|1791331835758|1791331835758|1|6|-1
LdbcShortQuery1PersonProfile|1791331835759|1791331835759|1|1|-1
LdbcShortQuery2PersonPosts|1791331835760|1791331835760|1|10|-1
LdbcShortQuery3PersonFriends|1791331835761|1791331835762|1|40|-1
LdbcQuery5|1791331835343|1791331835763|53|20|1347531326285
LdbcShortQuery1PersonProfile|1791331835816|1791331835817|2|1|-1
LdbcShortQuery2PersonPosts|1791331835819|1791331835820|0|10|-1
LdbcShortQuery3PersonFriends|1791331835820|1791331835820|1|41|-1
LdbcShortQuery4MessageContent|1791331835821|1791331835822|1|1|-1
LdbcShortQuery5MessageCreator|1791331835823|1791331835824|1|1|-1
LdbcShortQuery6MessageForum|1791331835825|1791331835825|1|1|-1
LdbcShortQuery7MessageReplies|1791331835826|1791331835826|1|3|-1
LdbcShortQuery1PersonProfile|1791331835827|1791331835828|1|1|-1
LdbcShortQuery2PersonPosts|1791331835829|1791331835829|2|10|-1
LdbcShortQuery3PersonFriends|1791331835831|1791331835832|2|43|-1
LdbcQuery2|1791331835343|1791331835834|7|20|1347531326285
LdbcShortQuery4MessageContent|1791331835841|1791331835841|1|1|-1
LdbcShortQuery5MessageCreator|1791331835842|1791331835842|1|1|-1
LdbcShortQuery6MessageForum|1791331835843|1791331835844|1|1|-1
LdbcShortQuery7MessageReplies|1791331835845|1791331835846|2|5|-1
LdbcShortQuery1PersonProfile|1791331835848|1791331835849|2|1|-1
LdbcShortQuery2PersonPosts|1791331835851|1791331835851|1|10|-1
LdbcShortQuery3PersonFriends|1791331835852|1791331835853|1|10|-1
LdbcQuery9|1791331835343|1791331835854|104|20|1347531326285
LdbcShortQuery1PersonProfile|1791331835958|1791331835959|1|1|-1
LdbcShortQuery2PersonPosts|1791331835960|1791331835960|2|10|-1
LdbcShortQuery3PersonFriends|1791331835962|1791331835963|2|24|-1
LdbcShortQuery4MessageContent|1791331835965|1791331835966|2|1|-1
LdbcShortQuery5MessageCreator|1791331835968|1791331835968|1|1|-1
LdbcShortQuery6MessageForum|1791331835969|1791331835970|1|1|-1
LdbcShortQuery7MessageReplies|1791331835971|1791331835971|0|0|-1
LdbcQuery11|1791331835343|1791331835971|6|0|1347531326285
LdbcShortQuery4MessageContent|1791331835977|1791331835978|2|1|-1
LdbcShortQuery5MessageCreator|1791331835980|1791331835980|3|1|-1
LdbcShortQuery6MessageForum|1791331835983|1791331835984|1|1|-1
LdbcShortQuery7MessageReplies|1791331835985|1791331835985|1|0|-1
LdbcQuery4|1791331835343|1791331835986|3|3|1347531326285
LdbcShortQuery1PersonProfile|1791331835989|1791331835990|1|1|-1
LdbcShortQuery2PersonPosts|1791331835991|1791331835991|2|10|-1
LdbcShortQuery3PersonFriends|1791331835993|1791331835993|2|36|-1
LdbcShortQuery4MessageContent|1791331835995|1791331835995|1|1|-1
LdbcShortQuery5MessageCreator|1791331835996|1791331835997|1|1|-1
LdbcShortQuery6MessageForum|1791331835998|1791331835998|1|1|-1
LdbcShortQuery7MessageReplies|1791331835999|1791331835999|1|1|-1
LdbcShortQuery1PersonProfile|1791331836000|1791331836001|1|1|-1
LdbcShortQuery2PersonPosts|1791331836002|1791331836003|2|10|-1
LdbcShortQuery3PersonFriends|1791331836005|1791331836005|1|21|-1
LdbcShortQuery4MessageContent|1791331836006|1791331836006|1|1|-1
LdbcShortQuery5MessageCreator|1791331836007|1791331836008|1|1|-1
LdbcShortQuery6MessageForum|1791331836009|1791331836009|1|1|-1
LdbcShortQuery7MessageReplies|1791331836010|1791331836011|1|0|-1
LdbcQuery11|1791331840203|1791331840203|7|1|1347531374892
LdbcShortQuery4MessageContent|1791331840210|1791331840210|1|1|-1
LdbcShortQuery5MessageCreator|1791331840211|1791331840211|1|1|-1
LdbcShortQuery6MessageForum|1791331840212|1791331840213|1|1|-1
LdbcShortQuery7MessageReplies|1791331840214|1791331840215|1|7|-1
LdbcQuery4|1791331840203|1791331840216|2|1|1347531374892
LdbcShortQuery1PersonProfile|1791331840218|1791331840219|1|1|-1
LdbcShortQuery2PersonPosts|1791331840220|1791331840220|1|10|-1
LdbcShortQuery3PersonFriends|1791331840221|1791331840222|1|36|-1
LdbcShortQuery4MessageContent|1791331840223|1791331840223|1|1|-1
LdbcShortQuery5MessageCreator|1791331840224|1791331840224|1|1|-1
LdbcShortQuery6MessageForum|1791331840225|1791331840226|1|1|-1
LdbcShortQuery7MessageReplies|1791331840227|1791331840228|1|6|-1
LdbcShortQuery1PersonProfile|1791331840229|1791331840229|1|1|-1
LdbcShortQuery2PersonPosts|1791331840230|1791331840230|1|10|-1
LdbcShortQuery3PersonFriends|1791331840231|1791331840232|3|19|-1
LdbcQuery3|1791331840203|1791331840235|62|0|1347531374892
LdbcShortQuery4MessageContent|1791331840297|1791331840298|1|1|-1
LdbcShortQuery5MessageCreator|1791331840299|1791331840300|1|1|-1
LdbcShortQuery6MessageForum|1791331840301|1791331840301|1|1|-1
LdbcShortQuery7MessageReplies|1791331840302|1791331840302|1|0|-1
LdbcShortQuery1PersonProfile|1791331840303|1791331840303|1|1|-1
LdbcShortQuery2PersonPosts|1791331840304|1791331840305|1|10|-1
LdbcShortQuery3PersonFriends|1791331840306|1791331840306|1|32|-1
LdbcShortQuery4MessageContent|1791331840307|1791331840308|1|1|-1
LdbcShortQuery5MessageCreator|1791331840309|1791331840310|1|1|-1
LdbcShortQuery6MessageForum|1791331840311|1791331840311|1|1|-1
LdbcShortQuery7MessageReplies|1791331840312|1791331840312|1|0|-1
LdbcShortQuery1PersonProfile|1791331840313|1791331840314|1|1|-1
LdbcShortQuery2PersonPosts|1791331840315|1791331840315|1|10|-1
LdbcShortQuery3PersonFriends|1791331840316|1791331840317|1|30|-1
LdbcQuery6|1791331840203|1791331840318|64|1|1347531374892
LdbcShortQuery1PersonProfile|1791331840382|1791331840383|0|1|-1
LdbcShortQuery2PersonPosts|1791331840383|1791331840384|0|10|-1
LdbcShortQuery3PersonFriends|1791331840384|1791331840384|0|34|-1
LdbcShortQuery4MessageContent|1791331840384|1791331840385|0|1|-1
LdbcShortQuery5MessageCreator|1791331840385|1791331840385|0|1|-1
LdbcShortQuery6MessageForum|1791331840385|1791331840385|1|1|-1
LdbcShortQuery7MessageReplies|1791331840386|1791331840387|1|0|-1
LdbcShortQuery1PersonProfile|1791331840388|1791331840389|2|1|-1
LdbcShortQuery2PersonPosts|1791331840391|1791331840391|1|10|-1
LdbcShortQuery3PersonFriends|1791331840392|1791331840393|1|17|-1
LdbcQuery13|1791331840203|1791331840393|1|1|1347531374892
LdbcShortQuery4MessageContent|1791331840394|1791331840396|1|1|-1
LdbcShortQuery5MessageCreator|1791331840397|1791331840398|5|1|-1
LdbcShortQuery6MessageForum|1791331840403|1791331840403|2|1|-1
LdbcShortQuery7MessageReplies|1791331840405|1791331840405|2|5|-1
LdbcShortQuery1PersonProfile|1791331840407|1791331840407|4|1|-1
LdbcShortQuery2PersonPosts|1791331840411|1791331840411|1|10|-1
LdbcShortQuery3PersonFriends|1791331840412|1791331840413|1|10|-1
LdbcShortQuery4MessageContent|1791331840414|1791331840415|1|1|-1
LdbcShortQuery5MessageCreator|1791331840416|1791331840416|1|1|-1
LdbcShortQuery6MessageForum|1791331840417|1791331840418|1|1|-1
LdbcShortQuery7MessageReplies|1791331840419|1791331840419|1|8|-1
LdbcShortQuery1PersonProfile|1791331840420|1791331840420|1|1|-1
LdbcShortQuery2PersonPosts|1791331840421|1791331840421|1|10|-1
LdbcShortQuery3PersonFriends|1791331840422|1791331840423|1|27|-1
LdbcQuery10|1791331840203|1791331840425|24|10|1347531374892
LdbcShortQuery1PersonProfile|1791331840449|1791331840449|2|1|-1
LdbcShortQuery2PersonPosts|1791331840451|1791331840452|2|10|-1
LdbcShortQuery3PersonFriends|1791331840454|1791331840454|2|85|-1
LdbcShortQuery4MessageContent|1791331840456|1791331840456|1|1|-1
LdbcShortQuery5MessageCreator|1791331840457|1791331840457|1|1|-1
LdbcShortQuery6MessageForum|1791331840458|1791331840459|1|1|-1
LdbcShortQuery7MessageReplies|1791331840460|1791331840461|1|0|-1
LdbcShortQuery1PersonProfile|1791331840462|1791331840462|1|1|-1
LdbcShortQuery2PersonPosts|1791331840463|1791331840463|1|10|-1
LdbcShortQuery3PersonFriends|1791331840464|1791331840465|1|12|-1
LdbcShortQuery4MessageContent|1791331840466|1791331840466|1|1|-1
LdbcShortQuery5MessageCreator|1791331840467|1791331840467|1|1|-1
LdbcShortQuery6MessageForum|1791331840468|1791331840469|1|1|-1
LdbcShortQuery7MessageReplies|1791331840470|1791331840470|1|0|-1
LdbcQuery12|1791331840203|1791331840471|106|2|1347531374892
LdbcShortQuery4MessageContent|1791331840577|1791331840578|2|1|-1
LdbcShortQuery5MessageCreator|1791331840580|1791331840580|1|1|-1
LdbcShortQuery6MessageForum|1791331840581|1791331840583|1|1|-1
LdbcShortQuery7MessageReplies|1791331840584|1791331840585|1|0|-1
LdbcShortQuery1PersonProfile|1791331840586|1791331840586|1|1|-1
LdbcShortQuery2PersonPosts|1791331840587|1791331840588|2|10|-1
LdbcShortQuery3PersonFriends|1791331840590|1791331840590|2|71|-1
LdbcShortQuery4MessageContent|1791331840592|1791331840593|2|1|-1
LdbcShortQuery5MessageCreator|1791331840595|1791331840595|2|1|-1
LdbcShortQuery6MessageForum|1791331840597|1791331840597|2|1|-1
LdbcShortQuery7MessageReplies|1791331840599|1791331840600|2|0|-1
LdbcShortQuery1PersonProfile|1791331840602|1791331840602|1|1|-1
LdbcShortQuery2PersonPosts|1791331840603|1791331840603|2|10|-1
LdbcShortQuery3PersonFriends|1791331840605|1791331840607|3|81|-1
LdbcQuery7|1791331840203|1791331840610|5|20|1347531374892
LdbcShortQuery1PersonProfile|1791331840615|1791331840615|1|1|-1
LdbcShortQuery2PersonPosts|1791331840616|1791331840617|2|10|-1
LdbcShortQuery3PersonFriends|1791331840619|1791331840619|1|4|-1
LdbcShortQuery4MessageContent|1791331840620|1791331840621|1|1|-1
LdbcShortQuery5MessageCreator|1791331840622|1791331840622|1|1|-1
LdbcShortQuery6MessageForum|1791331840623|1791331840624|1|1|-1
LdbcShortQuery7MessageReplies|1791331840625|1791331840625|1|0|-1
LdbcQuery1|1791331840203|1791331840627|11|20|1347531374892
LdbcShortQuery4MessageContent|1791331840638|1791331840638|1|1|-1
LdbcShortQuery5MessageCreator|1791331840639|1791331840641|1|1|-1
LdbcShortQuery6MessageForum|1791331840642|1791331840642|1|1|-1
LdbcShortQuery7MessageReplies|1791331840643|1791331840644|1|0|-1
LdbcShortQuery1PersonProfile|1791331840645|1791331840645|1|1|-1
LdbcShortQuery2PersonPosts|1791331840646|1791331840647|2|10|-1
LdbcShortQuery3PersonFriends|1791331840649|1791331840649|3|15|-1
LdbcShortQuery4MessageContent|1791331840652|1791331840653|2|1|-1
LdbcShortQuery5MessageCreator|1791331840655|1791331840655|1|1|-1
LdbcShortQuery6MessageForum|1791331840656|1791331840657|2|1|-1
LdbcShortQuery7MessageReplies|1791331840659|1791331840659|2|9|-1
LdbcShortQuery1PersonProfile|1791331840661|1791331840661|1|1|-1
LdbcShortQuery2PersonPosts|1791331840662|1791331840663|2|10|-1
LdbcShortQuery3PersonFriends|1791331840665|1791331840665|3|73|-1
LdbcQuery9|1791331840203|1791331840668|103|20|1347531374892
LdbcShortQuery1PersonProfile|1791331840771|1791331840772|2|1|-1
LdbcShortQuery2PersonPosts|1791331840774|1791331840774|2|10|-1
LdbcShortQuery3PersonFriends|1791331840776|1791331840777|2|81|-1
LdbcShortQuery4MessageContent|1791331840779|1791331840780|1|1|-1
LdbcShortQuery5MessageCreator|1791331840781|1791331840782|1|1|-1
LdbcShortQuery6MessageForum|1791331840783|1791331840784|2|1|-1
LdbcShortQuery7MessageReplies|1791331840786|1791331840786|2|0|-1
LdbcShortQuery1PersonProfile|1791331840788|1791331840788|1|1|-1
LdbcShortQuery2PersonPosts|1791331840789|1791331840789|2|10|-1
LdbcShortQuery3PersonFriends|1791331840791|1791331840792|3|29|-1
LdbcShortQuery4MessageContent|1791331840795|1791331840796|1|1|-1
LdbcShortQuery5MessageCreator|1791331840797|1791331840797|1|1|-1
LdbcShortQuery6MessageForum|1791331840798|1791331840798|1|1|-1
LdbcShortQuery7MessageReplies|1791331840799|1791331840800|0|0|-1
LdbcShortQuery1PersonProfile|1791331840800|1791331840801|0|1|-1
LdbcShortQuery2PersonPosts|1791331840801|1791331840802|0|10|-1
LdbcShortQuery3PersonFriends|1791331840802|1791331840802|0|45|-1
LdbcQuery5|1791331840203|1791331840803|22|20|1347531374892
LdbcShortQuery4MessageContent|1791331840825|1791331840825|1|1|-1
LdbcShortQuery5MessageCreator|1791331840826|1791331840826|2|1|-1
LdbcShortQuery6MessageForum|1791331840828|1791331840829|1|1|-1
LdbcShortQuery7MessageReplies|1791331840830|1791331840830|1|0|-1
LdbcShortQuery1PersonProfile|1791331840831|1791331840832|1|1|-1
LdbcShortQuery2PersonPosts|1791331840833|1791331840833|1|10|-1
LdbcShortQuery3PersonFriends|1791331840834|1791331840835|1|18|-1
LdbcQuery14|1791331840203|1791331840836|50|8|1347531374892
LdbcShortQuery1PersonProfile|1791331840886|1791331840887|1|1|-1
LdbcShortQuery2PersonPosts|1791331840888|1791331840889|1|10|-1
LdbcShortQuery3PersonFriends|1791331840890|1791331840890|0|61|-1
LdbcShortQuery4MessageContent|1791331840890|1791331840890|1|1|-1
LdbcShortQuery5MessageCreator|1791331840891|1791331840892|1|1|-1
LdbcShortQuery6MessageForum|1791331840893|1791331840893|1|1|-1
LdbcShortQuery7MessageReplies|1791331840894|1791331840895|1|0|-1
LdbcShortQuery1PersonProfile|1791331840896|1791331840896|1|1|-1
LdbcShortQuery2PersonPosts|1791331840897|1791331840897|2|10|-1
LdbcShortQuery3PersonFriends|1791331840899|1791331840900|2|53|-1
LdbcQuery8|1791331840203|1791331840902|11|20|1347531374892
LdbcShortQuery4MessageContent|1791331840913|1791331840914|2|1|-1
LdbcShortQuery5MessageCreator|1791331840916|1791331840917|2|1|-1
LdbcShortQuery6MessageForum|1791331840919|1791331840919|1|1|-1
LdbcShortQuery7MessageReplies|1791331840920|1791331840920|1|2|-1
LdbcShortQuery1PersonProfile|1791331840921|1791331840922|1|1|-1
LdbcShortQuery2PersonPosts|1791331840923|1791331840924|2|10|-1
LdbcShortQuery3PersonFriends|1791331840926|1791331840926|1|17|-1
LdbcShortQuery4MessageContent|1791331840927|1791331840928|1|1|-1
LdbcShortQuery5MessageCreator|1791331840929|1791331840929|1|1|-1
LdbcShortQuery6MessageForum|1791331840930|1791331840931|1|1|-1
LdbcShortQuery7MessageReplies|1791331840932|1791331840933|2|0|-1
LdbcShortQuery1PersonProfile|1791331840935|1791331840935|1|1|-1
LdbcShortQuery2PersonPosts|1791331840936|1791331840937|3|10|-1
LdbcShortQuery3PersonFriends|1791331840940|1791331840941|1|7|-1
LdbcQuery2|1791331840203|1791331840942|5|20|1347531374892
LdbcShortQuery1PersonProfile|1791331840947|1791331840947|1|1|-1
LdbcShortQuery2PersonPosts|1791331840948|1791331840949|1|10|-1
LdbcShortQuery3PersonFriends|1791331840950|1791331840951|2|65|-1
LdbcShortQuery4MessageContent|1791331840953|1791331840953|1|1|-1
LdbcShortQuery5MessageCreator|1791331840954|1791331840955|1|1|-1
LdbcShortQuery6MessageForum|1791331840956|1791331840956|1|1|-1
LdbcShortQuery7MessageReplies|1791331840957|1791331840958|1|0|-1
LdbcShortQuery1PersonProfile|1791331840959|1791331840959|1|1|-1
LdbcShortQuery2PersonPosts|1791331840960|1791331840961|1|10|-1
LdbcShortQuery3PersonFriends|1791331840962|1791331840962|1|18|-1
LdbcQuery8|1791331845064|1791331845064|6|20|1347531423499
LdbcShortQuery4MessageContent|1791331845070|1791331845071|3|1|-1
LdbcShortQuery5MessageCreator|1791331845074|1791331845074|2|1|-1
LdbcShortQuery6MessageForum|1791331845076|1791331845077|3|1|-1
LdbcShortQuery7MessageReplies|1791331845080|1791331845080|3|8|-1
LdbcShortQuery1PersonProfile|1791331845083|1791331845083|3|1|-1
LdbcShortQuery2PersonPosts|1791331845086|1791331845086|3|10|-1
LdbcShortQuery3PersonFriends|1791331845089|1791331845089|2|14|-1
LdbcShortQuery4MessageContent|1791331845091|1791331845092|2|1|-1
LdbcShortQuery5MessageCreator|1791331845094|1791331845094|2|1|-1
LdbcShortQuery6MessageForum|1791331845096|1791331845097|2|1|-1
LdbcShortQuery7MessageReplies|1791331845099|1791331845102|1|0|-1
LdbcShortQuery1PersonProfile|1791331845103|1791331845105|2|1|-1
LdbcShortQuery2PersonPosts|1791331845107|1791331845107|2|10|-1
LdbcShortQuery3PersonFriends|1791331845109|1791331845110|2|41|-1
LdbcUpdate7AddComment|1791331845098|1791331845098|19|0|1347531423832
LdbcQuery2|1791331845064|1791331845113|4|20|1347531423499
LdbcShortQuery1PersonProfile|1791331845117|1791331845118|1|1|-1
LdbcShortQuery2PersonPosts|1791331845119|1791331845120|2|10|-1
LdbcShortQuery3PersonFriends|1791331845122|1791331845122|2|26|-1
LdbcShortQuery4MessageContent|1791331845124|1791331845124|1|1|-1
LdbcShortQuery5MessageCreator|1791331845125|1791331845126|1|1|-1
LdbcShortQuery6MessageForum|1791331845127|1791331845128|1|1|-1
LdbcShortQuery7MessageReplies|1791331845129|1791331845129|2|9|-1
LdbcShortQuery1PersonProfile|1791331845131|1791331845131|1|1|-1
LdbcShortQuery2PersonPosts|1791331845132|1791331845133|2|10|-1
LdbcShortQuery3PersonFriends|1791331845135|1791331845135|1|27|-1
LdbcShortQuery4MessageContent|1791331845136|1791331845137|1|1|-1
LdbcShortQuery5MessageCreator|1791331845138|1791331845139|1|1|-1
LdbcShortQuery6MessageForum|1791331845140|1791331845141|1|1|-1
LdbcShortQuery7MessageReplies|1791331845142|1791331845142|1|0|-1
LdbcQuery12|1791331845064|1791331845144|50|1|1347531423499
LdbcShortQuery4MessageContent|1791331845194|1791331845194|2|1|-1
LdbcShortQuery5MessageCreator|1791331845196|1791331845196|1|1|-1
LdbcShortQuery6MessageForum|1791331845197|1791331845198|2|1|-1
LdbcShortQuery7MessageReplies|1791331845200|1791331845201|1|0|-1
LdbcShortQuery1PersonProfile|1791331845202|1791331845202|1|1|-1
LdbcShortQuery2PersonPosts|1791331845203|1791331845204|2|10|-1
LdbcShortQuery3PersonFriends|1791331845206|1791331845206|4|23|-1
LdbcShortQuery4MessageContent|1791331845210|1791331845211|6|1|-1
LdbcShortQuery5MessageCreator|1791331845217|1791331845217|16|1|-1
LdbcShortQuery6MessageForum|1791331845233|1791331845233|15|1|-1
LdbcShortQuery7MessageReplies|1791331845248|1791331845248|13|0|-1
LdbcShortQuery1PersonProfile|1791331845261|1791331845261|1|1|-1
LdbcShortQuery2PersonPosts|1791331845262|1791331845263|55|10|-1
LdbcShortQuery3PersonFriends|1791331845318|1791331845319|1|25|-1
LdbcShortQuery4MessageContent|1791331845320|1791331845320|1|1|-1
LdbcShortQuery5MessageCreator|1791331845321|1791331845322|3|1|-1
LdbcShortQuery6MessageForum|1791331845325|1791331845326|2|1|-1
LdbcShortQuery7MessageReplies|1791331845328|1791331845329|1|0|-1
LdbcQuery3|1791331845064|1791331845330|50|0|1347531423499
LdbcShortQuery1PersonProfile|1791331845380|1791331845380|1|1|-1
LdbcShortQuery2PersonPosts|1791331845381|1791331845382|1|10|-1
LdbcShortQuery3PersonFriends|1791331845383|1791331845384|1|25|-1
LdbcShortQuery4MessageContent|1791331845385|1791331845385|1|1|-1
LdbcShortQuery5MessageCreator|1791331845386|1791331845388|1|1|-1
LdbcShortQuery6MessageForum|1791331845389|1791331845389|1|1|-1
LdbcShortQuery7MessageReplies|1791331845390|1791331845391|1|0|-1
LdbcShortQuery1PersonProfile|1791331845392|1791331845392|1|1|-1
LdbcShortQuery2PersonPosts|1791331845393|1791331845394|2|10|-1
LdbcShortQuery3PersonFriends|1791331845396|1791331845397|2|91|-1
LdbcQuery11|1791331845064|1791331845399|2|0|1347531423499
LdbcShortQuery4MessageContent|1791331845401|1791331845401|0|1|-1
LdbcShortQuery5MessageCreator|1791331845401|1791331845402|0|1|-1
LdbcShortQuery6MessageForum|1791331845402|1791331845402|0|1|-1
LdbcShortQuery7MessageReplies|1791331845402|1791331845403|0|0|-1
LdbcShortQuery1PersonProfile|1791331845403|1791331845405|1|1|-1
LdbcShortQuery2PersonPosts|1791331845406|1791331845406|1|10|-1
LdbcShortQuery3PersonFriends|1791331845407|1791331845407|1|82|-1
LdbcQuery4|1791331845064|1791331845410|5|0|1347531423499
LdbcShortQuery1PersonProfile|1791331845415|1791331845415|3|1|-1
LdbcShortQuery2PersonPosts|1791331845418|1791331845418|2|10|-1
LdbcShortQuery3PersonFriends|1791331845420|1791331845421|2|230|-1
LdbcShortQuery4MessageContent|1791331845423|1791331845423|0|1|-1
LdbcShortQuery5MessageCreator|1791331845423|1791331845424|0|1|-1
LdbcShortQuery6MessageForum|1791331845424|1791331845425|1|1|-1
LdbcShortQuery7MessageReplies|1791331845426|1791331845426|1|0|-1
LdbcQuery10|1791331845064|1791331845428|10|10|1347531423499
LdbcShortQuery4MessageContent|1791331845438|1791331845439|1|1|-1
LdbcShortQuery5MessageCreator|1791331845440|1791331845441|0|1|-1
LdbcShortQuery6MessageForum|1791331845441|1791331845441|5|1|-1
LdbcShortQuery7MessageReplies|1791331845446|1791331845446|2|6|-1
LdbcShortQuery1PersonProfile|1791331845448|1791331845449|27|1|-1
LdbcShortQuery2PersonPosts|1791331845476|1791331845477|1|10|-1
LdbcShortQuery3PersonFriends|1791331845478|1791331845479|1|14|-1
LdbcQuery6|1791331845064|1791331845480|37|10|1347531423499
LdbcShortQuery1PersonProfile|1791331845517|1791331845517|0|1|-1
LdbcShortQuery2PersonPosts|1791331845517|1791331845518|0|10|-1
LdbcShortQuery3PersonFriends|1791331845518|1791331845518|0|19|-1
LdbcQuery13|1791331845064|1791331845519|1|1|1347531423499
LdbcShortQuery4MessageContent|1791331845520|1791331845521|0|1|-1
LdbcShortQuery5MessageCreator|1791331845521|1791331845521|0|1|-1
LdbcShortQuery6MessageForum|1791331845521|1791331845522|0|1|-1
LdbcShortQuery7MessageReplies|1791331845522|1791331845522|0|0|-1
LdbcShortQuery1PersonProfile|1791331845522|1791331845524|0|1|-1
LdbcShortQuery2PersonPosts|1791331845524|1791331845524|0|3|-1
LdbcShortQuery3PersonFriends|1791331845524|1791331845525|0|20|-1
LdbcShortQuery4MessageContent|1791331845525|1791331845526|0|1|-1
LdbcShortQuery5MessageCreator|1791331845526|1791331845526|0|1|-1
LdbcShortQuery6MessageForum|1791331845526|1791331845527|0|1|-1
LdbcShortQuery7MessageReplies|1791331845527|1791331845527|0|0|-1
LdbcShortQuery1PersonProfile|1791331845527|1791331845528|0|1|-1
LdbcShortQuery2PersonPosts|1791331845528|1791331845528|0|10|-1
LdbcShortQuery3PersonFriends|1791331845528|1791331845529|0|20|-1
LdbcShortQuery4MessageContent|1791331845529|1791331845530|0|1|-1
LdbcShortQuery5MessageCreator|1791331845530|1791331845530|0|1|-1
LdbcShortQuery6MessageForum|1791331845530|1791331845531|0|1|-1
LdbcShortQuery7MessageReplies|1791331845531|1791331845531|0|0|-1
LdbcQuery14|1791331845064|1791331845532|39|10|1347531423499
LdbcShortQuery1PersonProfile|1791331845571|1791331845571|2|1|-1
LdbcShortQuery2PersonPosts|1791331845573|1791331845575|3|10|-1
LdbcShortQuery3PersonFriends|1791331845578|1791331845578|3|27|-1
LdbcShortQuery4MessageContent|1791331845581|1791331845581|2|1|-1
LdbcShortQuery5MessageCreator|1791331845583|1791331845584|2|1|-1
LdbcShortQuery6MessageForum|1791331845586|1791331845586|2|1|-1
LdbcShortQuery7MessageReplies|1791331845588|1791331845588|2|0|-1
LdbcQuery9|1791331845064|1791331845591|100|20|1347531423499
LdbcShortQuery4MessageContent|1791331845691|1791331845691|1|1|-1
LdbcShortQuery5MessageCreator|1791331845692|1791331845693|1|1|-1
LdbcShortQuery6MessageForum|1791331845694|1791331845694|1|1|-1
LdbcShortQuery7MessageReplies|1791331845695|1791331845696|1|0|-1
LdbcQuery7|1791331845064|1791331845698|7|20|1347531423499
LdbcShortQuery1PersonProfile|1791331845705|1791331845705|0|1|-1
LdbcShortQuery2PersonPosts|1791331845705|1791331845706|0|10|-1
LdbcShortQuery3PersonFriends|1791331845706|1791331845707|0|28|-1
LdbcQuery1|1791331845064|1791331845707|1|19|1347531423499
LdbcShortQuery4MessageContent|1791331845708|1791331845710|0|1|-1
LdbcShortQuery5MessageCreator|1791331845710|1791331845711|1|1|-1
LdbcShortQuery6MessageForum|1791331845712|1791331845712|1|1|-1
LdbcShortQuery7MessageReplies|1791331845713|1791331845714|1|0|-1
LdbcShortQuery1PersonProfile|1791331845715|1791331845715|1|1|-1
LdbcShortQuery2PersonPosts|1791331845716|1791331845716|1|10|-1
LdbcShortQuery3PersonFriends|1791331845717|1791331845718|1|36|-1
LdbcShortQuery4MessageContent|1791331845719|1791331845719|1|1|-1
LdbcShortQuery5MessageCreator|1791331845720|1791331845721|2|1|-1
LdbcShortQuery6MessageForum|1791331845723|1791331845723|2|1|-1
LdbcShortQuery7MessageReplies|1791331845725|1791331845725|2|0|-1
LdbcQuery5|1791331845064|1791331845727|50|20|1347531423499
LdbcShortQuery1PersonProfile|1791331845777|1791331845778|2|1|-1
LdbcShortQuery2PersonPosts|1791331845780|1791331845780|2|10|-1
LdbcShortQuery3PersonFriends|1791331845782|1791331845782|1|18|-1
LdbcShortQuery4MessageContent|1791331845783|1791331845784|2|1|-1
LdbcShortQuery5MessageCreator|1791331845786|1791331845786|1|1|-1
LdbcShortQuery6MessageForum|1791331845787|1791331845788|1|1|-1
LdbcShortQuery7MessageReplies|1791331845789|1791331845790|1|0|-1
LdbcUpdate5AddForumMembership|1791331846624|1791331846624|13|0|1347531439091
LdbcQuery1|1791331849925|1791331849925|12|20|1347531472106
LdbcShortQuery4MessageContent|1791331849937|1791331849937|2|1|-1
LdbcShortQuery5MessageCreator|1791331849939|1791331849939|2|1|-1
LdbcShortQuery6MessageForum|1791331849941|1791331849941|2|1|-1
LdbcShortQuery7MessageReplies|1791331849943|1791331849944|2|3|-1
LdbcQuery5|1791331849925|1791331849947|80|20|1347531472106
LdbcShortQuery1PersonProfile|1791331850027|1791331850027|5|1|-1
LdbcShortQuery2PersonPosts|1791331850032|1791331850032|14|10|-1
LdbcShortQuery3PersonFriends|1791331850046|1791331850047|52|38|-1
LdbcQuery10|1791331849925|1791331850099|15|10|1347531472106
LdbcShortQuery4MessageContent|1791331850114|1791331850114|2|1|-1
LdbcShortQuery5MessageCreator|1791331850116|1791331850117|2|1|-1
LdbcShortQuery6MessageForum|1791331850119|1791331850119|1|1|-1
LdbcShortQuery7MessageReplies|1791331850120|1791331850121|4|7|-1
LdbcShortQuery1PersonProfile|1791331850125|1791331850125|2|1|-1
LdbcShortQuery2PersonPosts|1791331850127|1791331850128|1|10|-1
LdbcShortQuery3PersonFriends|1791331850129|1791331850129|1|45|-1
LdbcQuery12|1791331849925|1791331850131|81|1|1347531472106
LdbcShortQuery1PersonProfile|1791331850212|1791331850212|1|1|-1
LdbcShortQuery2PersonPosts|1791331850213|1791331850213|1|10|-1
LdbcShortQuery3PersonFriends|1791331850214|1791331850215|1|31|-1
LdbcShortQuery4MessageContent|1791331850216|1791331850216|1|1|-1
LdbcShortQuery5MessageCreator|1791331850217|1791331850217|0|1|-1
LdbcShortQuery6MessageForum|1791331850217|1791331850218|0|1|-1
LdbcShortQuery7MessageReplies|1791331850218|1791331850219|0|0|-1
LdbcShortQuery1PersonProfile|1791331850219|1791331850220|0|1|-1
LdbcShortQuery2PersonPosts|1791331850220|1791331850221|1|10|-1
LdbcShortQuery3PersonFriends|1791331850222|1791331850223|0|16|-1
LdbcQuery8|1791331849925|1791331850223|2|20|1347531472106
LdbcShortQuery4MessageContent|1791331850225|1791331850226|0|1|-1
LdbcShortQuery5MessageCreator|1791331850226|1791331850227|0|1|-1
LdbcShortQuery6MessageForum|1791331850227|1791331850228|0|1|-1
LdbcShortQuery7MessageReplies|1791331850228|1791331850229|1|0|-1
LdbcShortQuery1PersonProfile|1791331850230|1791331850230|1|1|-1
LdbcShortQuery2PersonPosts|1791331850231|1791331850231|1|10|-1
LdbcShortQuery3PersonFriends|1791331850232|1791331850233|2|72|-1
LdbcShortQuery4MessageContent|1791331850235|1791331850236|0|1|-1
LdbcShortQuery5MessageCreator|1791331850236|1791331850236|0|1|-1
LdbcShortQuery6MessageForum|1791331850236|1791331850237|0|1|-1
LdbcShortQuery7MessageReplies|1791331850237|1791331850238|0|0|-1
LdbcQuery2|1791331849925|1791331850239|3|20|1347531472106
LdbcShortQuery1PersonProfile|1791331850242|1791331850242|0|1|-1
LdbcShortQuery2PersonPosts|1791331850242|1791331850244|0|10|-1
LdbcShortQuery3PersonFriends|1791331850244|1791331850245|0|17|-1
LdbcShortQuery4MessageContent|1791331850245|1791331850245|0|1|-1
LdbcShortQuery5MessageCreator|1791331850245|1791331850246|0|1|-1
LdbcShortQuery6MessageForum|1791331850246|1791331850247|0|1|-1
LdbcShortQuery7MessageReplies|1791331850247|1791331850247|1|7|-1
LdbcQuery4|1791331849925|1791331850248|1|3|1347531472106
LdbcShortQuery4MessageContent|1791331850249|1791331850250|0|1|-1
LdbcShortQuery5MessageCreator|1791331850250|1791331850250|0|1|-1
LdbcShortQuery6MessageForum|1791331850250|1791331850252|0|1|-1
LdbcShortQuery7MessageReplies|1791331850252|1791331850253|0|0|-1
LdbcShortQuery1PersonProfile|1791331850253|1791331850253|0|1|-1
LdbcShortQuery2PersonPosts|1791331850253|1791331850254|3|10|-1
LdbcShortQuery3PersonFriends|1791331850257|1791331850257|2|28|-1
LdbcShortQuery4MessageContent|1791331850259|1791331850260|0|1|-1
LdbcShortQuery5MessageCreator|1791331850260|1791331850260|0|1|-1
LdbcShortQuery6MessageForum|1791331850260|1791331850261|0|1|-1
LdbcShortQuery7MessageReplies|1791331850261|1791331850261|0|0|-1
LdbcQuery3|1791331849925|1791331850261|25|0|1347531472106
LdbcShortQuery1PersonProfile|1791331850286|1791331850287|1|1|-1
LdbcShortQuery2PersonPosts|1791331850288|1791331850288|1|10|-1
LdbcShortQuery3PersonFriends|1791331850289|1791331850290|1|84|-1
LdbcShortQuery4MessageContent|1791331850291|1791331850291|0|1|-1
LdbcShortQuery5MessageCreator|1791331850291|1791331850291|0|1|-1
LdbcShortQuery6MessageForum|1791331850291|1791331850292|0|1|-1
LdbcShortQuery7MessageReplies|1791331850292|1791331850293|0|0|-1
LdbcShortQuery1PersonProfile|1791331850293|1791331850293|0|1|-1
LdbcShortQuery2PersonPosts|1791331850293|1791331850293|0|10|-1
LdbcShortQuery3PersonFriends|1791331850293|1791331850294|0|9|-1
LdbcQuery11|1791331849925|1791331850294|2|0|1347531472106
LdbcShortQuery4MessageContent|1791331850296|1791331850296|1|1|-1
LdbcShortQuery5MessageCreator|1791331850297|1791331850298|0|1|-1
LdbcShortQuery6MessageForum|1791331850298|1791331850298|0|1|-1
LdbcShortQuery7MessageReplies|1791331850298|1791331850299|0|2|-1
LdbcShortQuery1PersonProfile|1791331850299|1791331850299|0|1|-1
LdbcShortQuery2PersonPosts|1791331850299|1791331850299|0|10|-1
LdbcShortQuery3PersonFriends|1791331850299|1791331850300|0|23|-1
LdbcShortQuery4MessageContent|1791331850300|1791331850301|0|1|-1
LdbcShortQuery5MessageCreator|1791331850301|1791331850301|0|1|-1
LdbcShortQuery6MessageForum|1791331850301|1791331850301|0|1|-1
LdbcShortQuery7MessageReplies|1791331850301|1791331850302|0|7|-1
LdbcShortQuery1PersonProfile|1791331850302|1791331850302|0|1|-1
LdbcShortQuery2PersonPosts|1791331850302|1791331850303|0|10|-1
LdbcShortQuery3PersonFriends|1791331850303|1791331850303|0|9|-1
LdbcQuery7|1791331849925|1791331850304|3|20|1347531472106
LdbcShortQuery1PersonProfile|1791331850307|1791331850308|0|1|-1
LdbcShortQuery2PersonPosts|1791331850308|1791331850309|0|10|-1
LdbcShortQuery3PersonFriends|1791331850309|1791331850310|0|10|-1
LdbcShortQuery4MessageContent|1791331850310|1791331850311|0|1|-1
LdbcShortQuery5MessageCreator|1791331850311|1791331850311|0|1|-1
LdbcShortQuery6MessageForum|1791331850311|1791331850312|0|1|-1
LdbcShortQuery7MessageReplies|1791331850312|1791331850313|0|5|-1
LdbcShortQuery1PersonProfile|1791331850313|1791331850314|0|1|-1
LdbcShortQuery2PersonPosts|1791331850314|1791331850314|1|10|-1
LdbcShortQuery3PersonFriends|1791331850315|1791331850315|0|6|-1
LdbcShortQuery4MessageContent|1791331850315|1791331850316|0|1|-1
LdbcShortQuery5MessageCreator|1791331850316|1791331850317|0|1|-1
LdbcShortQuery6MessageForum|1791331850317|1791331850317|0|1|-1
LdbcShortQuery7MessageReplies|1791331850317|1791331850318|0|6|-1
LdbcQuery14|1791331849925|1791331850319|1|1|1347531472106
LdbcShortQuery4MessageContent|1791331850320|1791331850321|0|1|-1
LdbcShortQuery5MessageCreator|1791331850321|1791331850322|0|1|-1
LdbcShortQuery6MessageForum|1791331850322|1791331850322|0|1|-1
LdbcShortQuery7MessageReplies|1791331850322|1791331850323|0|13|-1
LdbcQuery6|1791331849925|1791331850324|45|10|1347531472106
LdbcShortQuery1PersonProfile|1791331850369|1791331850369|1|1|-1
LdbcShortQuery2PersonPosts|1791331850370|1791331850371|1|10|-1
LdbcShortQuery3PersonFriends|1791331850372|1791331850372|1|73|-1
LdbcQuery13|1791331849925|1791331850375|1|1|1347531472106
LdbcShortQuery4MessageContent|1791331850376|1791331850376|1|1|-1
LdbcShortQuery5MessageCreator|1791331850377|1791331850377|0|1|-1
LdbcShortQuery6MessageForum|1791331850377|1791331850378|1|1|-1
LdbcShortQuery7MessageReplies|1791331850379|1791331850379|1|0|-1
LdbcShortQuery1PersonProfile|1791331850380|1791331850380|0|1|-1
LdbcShortQuery2PersonPosts|1791331850380|1791331850381|1|10|-1
LdbcShortQuery3PersonFriends|1791331850382|1791331850382|1|5|-1
LdbcQuery9|1791331849925|1791331850384|96|20|1347531472106
LdbcShortQuery1PersonProfile|1791331850480|1791331850481|1|1|-1
LdbcShortQuery2PersonPosts|1791331850482|1791331850483|1|10|-1
LdbcShortQuery3PersonFriends|1791331850484|1791331850485|1|46|-1
LdbcShortQuery4MessageContent|1791331850486|1791331850486|0|1|-1
LdbcShortQuery5MessageCreator|1791331850486|1791331850487|0|1|-1
LdbcShortQuery6MessageForum|1791331850487|1791331850488|0|1|-1
LdbcShortQuery7MessageReplies|1791331850488|1791331850489|1|1|-1
LdbcQuery13|1791331854785|1791331854785|1|1|1347531520713
LdbcShortQuery4MessageContent|1791331854786|1791331854786|0|1|-1
LdbcShortQuery5MessageCreator|1791331854786|1791331854788|0|1|-1
LdbcShortQuery6MessageForum|1791331854788|1791331854788|0|1|-1
LdbcShortQuery7MessageReplies|1791331854788|1791331854789|0|0|-1
LdbcQuery9|1791331854785|1791331854790|98|20|1347531520713
LdbcShortQuery1PersonProfile|1791331854888|1791331854888|1|1|-1
LdbcShortQuery2PersonPosts|1791331854889|1791331854890|2|10|-1
LdbcShortQuery3PersonFriends|1791331854892|1791331854892|2|61|-1
LdbcShortQuery4MessageContent|1791331854894|1791331854895|1|1|-1
LdbcShortQuery5MessageCreator|1791331854896|1791331854896|1|1|-1
LdbcShortQuery6MessageForum|1791331854897|1791331854898|1|1|-1
LdbcShortQuery7MessageReplies|1791331854899|1791331854899|0|0|-1
LdbcShortQuery1PersonProfile|1791331854899|1791331854900|0|1|-1
LdbcShortQuery2PersonPosts|1791331854900|1791331854900|1|10|-1
LdbcShortQuery3PersonFriends|1791331854901|1791331854903|1|38|-1
LdbcQuery4|1791331854785|1791331854904|1|0|1347531520713
LdbcShortQuery4MessageContent|1791331854905|1791331854905|1|1|-1
LdbcShortQuery5MessageCreator|1791331854906|1791331854906|1|1|-1
LdbcShortQuery6MessageForum|1791331854907|1791331854907|1|1|-1
LdbcShortQuery7MessageReplies|1791331854908|1791331854909|1|3|-1
LdbcQuery10|1791331854785|1791331854911|25|10|1347531520713
LdbcShortQuery1PersonProfile|1791331854936|1791331854936|3|1|-1
LdbcShortQuery2PersonPosts|1791331854939|1791331854940|2|10|-1
LdbcShortQuery3PersonFriends|1791331854942|1791331854942|2|3|-1
LdbcShortQuery4MessageContent|1791331854944|1791331854944|2|1|-1
LdbcShortQuery5MessageCreator|1791331854946|1791331854946|1|1|-1
LdbcShortQuery6MessageForum|1791331854947|1791331854947|1|1|-1
LdbcShortQuery7MessageReplies|1791331854948|1791331854949|1|0|-1
LdbcQuery1|1791331854785|1791331854950|3|2|1347531520713
LdbcShortQuery4MessageContent|1791331854953|1791331854954|2|1|-1
LdbcShortQuery5MessageCreator|1791331854956|1791331854957|1|1|-1
LdbcShortQuery6MessageForum|1791331854958|1791331854958|2|1|-1
LdbcShortQuery7MessageReplies|1791331854960|1791331854960|2|0|-1
LdbcShortQuery1PersonProfile|1791331854962|1791331854962|2|1|-1
LdbcShortQuery2PersonPosts|1791331854964|1791331854965|2|10|-1
LdbcShortQuery3PersonFriends|1791331854967|1791331854967|3|72|-1
LdbcShortQuery4MessageContent|1791331854970|1791331854970|1|1|-1
LdbcShortQuery5MessageCreator|1791331854971|1791331854971|2|1|-1
LdbcShortQuery6MessageForum|1791331854973|1791331854973|1|1|-1
LdbcShortQuery7MessageReplies|1791331854974|1791331854975|1|0|-1
LdbcShortQuery1PersonProfile|1791331854976|1791331854977|1|1|-1
LdbcShortQuery2PersonPosts|1791331854978|1791331854978|2|10|-1
LdbcShortQuery3PersonFriends|1791331854980|1791331854980|2|72|-1
LdbcQuery5|1791331854785|1791331854982|78|20|1347531520713
LdbcShortQuery1PersonProfile|1791331855060|1791331855060|1|1|-1
LdbcShortQuery2PersonPosts|1791331855061|1791331855061|1|10|-1
LdbcShortQuery3PersonFriends|1791331855062|1791331855063|0|23|-1
LdbcShortQuery4MessageContent|1791331855063|1791331855063|0|1|-1
LdbcShortQuery5MessageCreator|1791331855063|1791331855065|0|1|-1
LdbcShortQuery6MessageForum|1791331855065|1791331855065|1|1|-1
LdbcShortQuery7MessageReplies|1791331855066|1791331855067|0|3|-1
LdbcQuery2|1791331854785|1791331855067|2|20|1347531520713
LdbcShortQuery4MessageContent|1791331855069|1791331855069|0|1|-1
LdbcShortQuery5MessageCreator|1791331855069|1791331855070|0|1|-1
LdbcShortQuery6MessageForum|1791331855070|1791331855070|0|1|-1
LdbcShortQuery7MessageReplies|1791331855070|1791331855072|0|0|-1
LdbcShortQuery1PersonProfile|1791331855072|1791331855072|0|1|-1
LdbcShortQuery2PersonPosts|1791331855072|1791331855072|0|1|-1
LdbcShortQuery3PersonFriends|1791331855072|1791331855073|0|41|-1
LdbcQuery12|1791331854785|1791331855074|57|1|1347531520713
LdbcShortQuery1PersonProfile|1791331855131|1791331855132|1|1|-1
LdbcShortQuery2PersonPosts|1791331855133|1791331855134|1|10|-1
LdbcShortQuery3PersonFriends|1791331855135|1791331855135|1|78|-1
LdbcShortQuery4MessageContent|1791331855136|1791331855136|0|1|-1
LdbcShortQuery5MessageCreator|1791331855136|1791331855137|0|1|-1
LdbcShortQuery6MessageForum|1791331855137|1791331855138|0|1|-1
LdbcShortQuery7MessageReplies|1791331855138|1791331855138|0|10|-1
LdbcShortQuery1PersonProfile|1791331855138|1791331855139|0|1|-1
LdbcShortQuery2PersonPosts|1791331855139|1791331855139|0|10|-1
LdbcShortQuery3PersonFriends|1791331855139|1791331855141|1|49|-1
LdbcQuery8|1791331854785|1791331855142|4|20|1347531520713
LdbcShortQuery4MessageContent|1791331855146|1791331855147|1|1|-1
LdbcShortQuery5MessageCreator|1791331855148|1791331855149|1|1|-1
LdbcShortQuery6MessageForum|1791331855150|1791331855151|1|1|-1
LdbcShortQuery7MessageReplies|1791331855152|1791331855152|5|3|-1
LdbcShortQuery1PersonProfile|1791331855157|1791331855158|1|1|-1
LdbcShortQuery2PersonPosts|1791331855159|1791331855159|20|10|-1
LdbcShortQuery3PersonFriends|1791331855179|1791331855180|2|22|-1
LdbcShortQuery4MessageContent|1791331855182|1791331855183|1|1|-1
LdbcShortQuery5MessageCreator|1791331855184|1791331855184|2|1|-1
LdbcShortQuery6MessageForum|1791331855186|1791331855186|3|1|-1
LdbcShortQuery7MessageReplies|1791331855189|1791331855190|1|5|-1
LdbcQuery6|1791331854785|1791331855191|42|10|1347531520713
LdbcShortQuery1PersonProfile|1791331855233|1791331855233|1|1|-1
LdbcShortQuery2PersonPosts|1791331855234|1791331855234|1|10|-1
LdbcShortQuery3PersonFriends|1791331855235|1791331855236|0|10|-1
LdbcShortQuery4MessageContent|1791331855236|1791331855237|0|1|-1
LdbcShortQuery5MessageCreator|1791331855237|1791331855237|0|1|-1
LdbcShortQuery6MessageForum|1791331855237|1791331855238|0|1|-1
LdbcShortQuery7MessageReplies|1791331855238|1791331855238|0|0|-1
LdbcQuery7|1791331854785|1791331855239|1|20|1347531520713
LdbcShortQuery4MessageContent|1791331855240|1791331855241|0|1|-1
LdbcShortQuery5MessageCreator|1791331855241|1791331855241|0|1|-1
LdbcShortQuery6MessageForum|1791331855241|1791331855242|0|1|-1
LdbcShortQuery7MessageReplies|1791331855242|1791331855242|0|4|-1
LdbcShortQuery1PersonProfile|1791331855242|1791331855243|0|1|-1
LdbcShortQuery2PersonPosts|1791331855243|1791331855243|0|10|-1
LdbcShortQuery3PersonFriends|1791331855243|1791331855244|1|269|-1
LdbcShortQuery4MessageContent|1791331855245|1791331855246|0|1|-1
LdbcShortQuery5MessageCreator|1791331855246|1791331855246|0|1|-1
LdbcShortQuery6MessageForum|1791331855246|1791331855247|0|1|-1
LdbcShortQuery7MessageReplies|1791331855247|1791331855247|0|0|-1
LdbcShortQuery1PersonProfile|1791331855247|1791331855248|0|1|-1
LdbcShortQuery2PersonPosts|1791331855248|1791331855248|0|10|-1
LdbcShortQuery3PersonFriends|1791331855248|1791331855249|0|62|-1
LdbcQuery3|1791331854785|1791331855249|91|0|1347531520713
LdbcShortQuery1PersonProfile|1791331855340|1791331855341|2|1|-1
LdbcShortQuery2PersonPosts|1791331855343|1791331855343|2|10|-1
LdbcShortQuery3PersonFriends|1791331855345|1791331855345|1|11|-1
LdbcShortQuery4MessageContent|1791331855346|1791331855346|1|1|-1
LdbcShortQuery5MessageCreator|1791331855347|1791331855349|1|1|-1
LdbcShortQuery6MessageForum|1791331855350|1791331855350|1|1|-1
LdbcShortQuery7MessageReplies|1791331855351|1791331855351|1|7|-1
LdbcQuery11|1791331854785|1791331855353|3|0|1347531520713
LdbcShortQuery4MessageContent|1791331855356|1791331855356|1|1|-1
LdbcShortQuery5MessageCreator|1791331855357|1791331855357|1|1|-1
LdbcShortQuery6MessageForum|1791331855358|1791331855359|1|1|-1
LdbcShortQuery7MessageReplies|1791331855360|1791331855360|1|11|-1
LdbcShortQuery1PersonProfile|1791331855361|1791331855362|1|1|-1
LdbcShortQuery2PersonPosts|1791331855363|1791331855363|1|10|-1
LdbcShortQuery3PersonFriends|1791331855364|1791331855365|1|41|-1
LdbcQuery14|1791331854785|1791331855367|13|1|1347531520713
LdbcShortQuery1PersonProfile|1791331855380|1791331855380|1|1|-1
LdbcShortQuery2PersonPosts|1791331855381|1791331855382|1|10|-1
LdbcShortQuery3PersonFriends|1791331855383|1791331855383|1|10|-1
LdbcUpdate3AddCommentLike|1791331859281|1791331859281|19|0|1347531565661
LdbcQuery11|1791331859646|1791331859646|2|0|1347531569320
LdbcShortQuery4MessageContent|1791331859648|1791331859648|0|1|-1
LdbcShortQuery5MessageCreator|1791331859648|1791331859649|0|1|-1
LdbcShortQuery6MessageForum|1791331859649|1791331859649|0|1|-1
LdbcShortQuery7MessageReplies|1791331859649|1791331859650|0|1|-1
LdbcShortQuery1PersonProfile|1791331859650|1791331859650|0|1|-1
LdbcShortQuery2PersonPosts|1791331859650|1791331859650|0|10|-1
LdbcShortQuery3PersonFriends|1791331859650|1791331859651|0|67|-1
LdbcQuery14|1791331859646|1791331859652|28|2|1347531569320
LdbcShortQuery1PersonProfile|1791331859680|1791331859680|1|1|-1
LdbcShortQuery2PersonPosts|1791331859681|1791331859682|3|10|-1
LdbcShortQuery3PersonFriends|1791331859685|1791331859686|2|34|-1
LdbcShortQuery4MessageContent|1791331859688|1791331859688|1|1|-1
LdbcShortQuery5MessageCreator|1791331859689|1791331859690|1|1|-1
LdbcShortQuery6MessageForum|1791331859691|1791331859691|1|1|-1
LdbcShortQuery7MessageReplies|1791331859692|1791331859693|2|0|-1
LdbcQuery2|1791331859646|1791331859695|7|20|1347531569320
LdbcShortQuery4MessageContent|1791331859702|1791331859703|1|1|-1
LdbcShortQuery5MessageCreator|1791331859704|1791331859704|1|1|-1
LdbcShortQuery6MessageForum|1791331859705|1791331859706|1|1|-1
LdbcShortQuery7MessageReplies|1791331859707|1791331859708|1|0|-1
LdbcQuery4|1791331859646|1791331859710|6|3|1347531569320
LdbcShortQuery1PersonProfile|1791331859716|1791331859716|1|1|-1
LdbcShortQuery2PersonPosts|1791331859717|1791331859717|1|10|-1
LdbcShortQuery3PersonFriends|1791331859718|1791331859719|2|46|-1
LdbcQuery13|1791331859646|1791331859721|2|1|1347531569320
LdbcShortQuery4MessageContent|1791331859723|1791331859724|1|1|-1
LdbcShortQuery5MessageCreator|1791331859725|1791331859726|1|1|-1
LdbcShortQuery6MessageForum|1791331859727|1791331859727|2|1|-1
LdbcShortQuery7MessageReplies|1791331859729|1791331859730|2|0|-1
LdbcShortQuery1PersonProfile|1791331859732|1791331859732|1|1|-1
LdbcShortQuery2PersonPosts|1791331859733|1791331859734|2|10|-1
LdbcShortQuery3PersonFriends|1791331859736|1791331859736|3|73|-1
LdbcQuery9|1791331859646|1791331859739|101|20|1347531569320
LdbcShortQuery1PersonProfile|1791331859840|1791331859841|2|1|-1
LdbcShortQuery2PersonPosts|1791331859843|1791331859844|2|10|-1
LdbcShortQuery3PersonFriends|1791331859846|1791331859847|1|30|-1
LdbcShortQuery4MessageContent|1791331859848|1791331859848|1|1|-1
LdbcShortQuery5MessageCreator|1791331859849|1791331859850|1|1|-1
LdbcShortQuery6MessageForum|1791331859851|1791331859852|1|1|-1
LdbcShortQuery7MessageReplies|1791331859853|1791331859853|1|6|-1
LdbcQuery5|1791331859646|1791331859855|14|0|1347531569320
LdbcShortQuery4MessageContent|1791331859869|1791331859869|2|1|-1
LdbcShortQuery5MessageCreator|1791331859871|1791331859871|2|1|-1
LdbcShortQuery6MessageForum|1791331859873|1791331859874|2|1|-1
LdbcShortQuery7MessageReplies|1791331859876|1791331859876|2|0|-1
LdbcShortQuery1PersonProfile|1791331859878|1791331859878|2|1|-1
LdbcShortQuery2PersonPosts|1791331859880|1791331859880|2|10|-1
LdbcShortQuery3PersonFriends|1791331859882|1791331859883|1|0|-1
LdbcQuery10|1791331859646|1791331859885|22|10|1347531569320
LdbcShortQuery1PersonProfile|1791331859907|1791331859908|2|1|-1
LdbcShortQuery2PersonPosts|1791331859910|1791331859910|2|10|-1
LdbcShortQuery3PersonFriends|1791331859912|1791331859912|1|41|-1
LdbcShortQuery4MessageContent|1791331859913|1791331859914|1|1|-1
LdbcShortQuery5MessageCreator|1791331859915|1791331859916|1|1|-1
LdbcShortQuery6MessageForum|1791331859917|1791331859917|2|1|-1
LdbcShortQuery7MessageReplies|1791331859919|1791331859920|2|0|-1
LdbcShortQuery1PersonProfile|1791331859922|1791331859922|1|1|-1
LdbcShortQuery2PersonPosts|1791331859923|1791331859924|2|10|-1
LdbcShortQuery3PersonFriends|1791331859926|1791331859926|1|9|-1
LdbcShortQuery4MessageContent|1791331859927|1791331859928|1|1|-1
LdbcShortQuery5MessageCreator|1791331859929|1791331859929|1|1|-1
LdbcShortQuery6MessageForum|1791331859930|1791331859931|1|1|-1
LdbcShortQuery7MessageReplies|1791331859932|1791331859933|2|5|-1
LdbcQuery1|1791331859646|1791331859935|2|0|1347531569320
LdbcShortQuery4MessageContent|1791331859937|1791331859938|1|1|-1
LdbcShortQuery5MessageCreator|1791331859939|1791331859939|2|1|-1
LdbcShortQuery6MessageForum|1791331859941|1791331859941|2|1|-1
LdbcShortQuery7MessageReplies|1791331859943|1791331859943|2|0|-1
LdbcShortQuery1PersonProfile|1791331859945|1791331859947|2|1|-1
LdbcShortQuery2PersonPosts|1791331859949|1791331859949|2|10|-1
LdbcShortQuery3PersonFriends|1791331859951|1791331859951|2|29|-1
LdbcShortQuery4MessageContent|1791331859953|1791331859954|1|1|-1
LdbcShortQuery5MessageCreator|1791331859955|1791331859956|1|1|-1
LdbcShortQuery6MessageForum|1791331859957|1791331859957|1|1|-1
LdbcShortQuery7MessageReplies|1791331859958|1791331859959|1|1|-1
LdbcShortQuery1PersonProfile|1791331859960|1791331859961|2|1|-1
LdbcShortQuery2PersonPosts|1791331859963|1791331859963|2|10|-1
LdbcShortQuery3PersonFriends|1791331859965|1791331859965|2|74|-1
LdbcShortQuery4MessageContent|1791331859967|1791331859968|1|1|-1
LdbcShortQuery5MessageCreator|1791331859969|1791331859969|1|1|-1
LdbcShortQuery6MessageForum|1791331859970|1791331859971|1|1|-1
LdbcShortQuery7MessageReplies|1791331859972|1791331859973|1|5|-1
LdbcQuery3|1791331859646|1791331859975|80|0|1347531569320
LdbcShortQuery1PersonProfile|1791331860055|1791331860055|2|1|-1
LdbcShortQuery2PersonPosts|1791331860057|1791331860057|1|10|-1
LdbcShortQuery3PersonFriends|1791331860058|1791331860059|0|2|-1
LdbcShortQuery4MessageContent|1791331860059|1791331860060|1|1|-1
LdbcShortQuery5MessageCreator|1791331860061|1791331860061|2|1|-1
LdbcShortQuery6MessageForum|1791331860063|1791331860063|2|1|-1
LdbcShortQuery7MessageReplies|1791331860065|1791331860066|2|0|-1
LdbcQuery6|1791331859646|1791331860068|42|10|1347531569320
LdbcShortQuery4MessageContent|1791331860110|1791331860111|2|1|-1
LdbcShortQuery5MessageCreator|1791331860113|1791331860113|1|1|-1
LdbcShortQuery6MessageForum|1791331860114|1791331860115|1|1|-1
LdbcShortQuery7MessageReplies|1791331860116|1791331860116|1|0|-1
LdbcShortQuery1PersonProfile|1791331860117|1791331860117|0|1|-1
LdbcShortQuery2PersonPosts|1791331860117|1791331860118|1|10|-1
LdbcShortQuery3PersonFriends|1791331860119|1791331860119|1|18|-1
LdbcQuery12|1791331859646|1791331860121|58|1|1347531569320
LdbcShortQuery1PersonProfile|1791331860179|1791331860180|1|1|-1
LdbcShortQuery2PersonPosts|1791331860181|1791331860181|0|10|-1
LdbcShortQuery3PersonFriends|1791331860181|1791331860182|0|74|-1
LdbcQuery8|1791331859646|1791331860183|2|20|1347531569320
LdbcShortQuery4MessageContent|1791331860185|1791331860185|1|1|-1
LdbcShortQuery5MessageCreator|1791331860186|1791331860186|1|1|-1
LdbcShortQuery6MessageForum|1791331860187|1791331860187|1|1|-1
LdbcShortQuery7MessageReplies|1791331860188|1791331860188|1|0|-1
LdbcQuery7|1791331859646|1791331860189|2|20|1347531569320
LdbcShortQuery1PersonProfile|1791331860191|1791331860192|1|1|-1
LdbcShortQuery2PersonPosts|1791331860193|1791331860193|1|10|-1
LdbcShortQuery3PersonFriends|1791331860194|1791331860195|2|58|-1
LdbcShortQuery4MessageContent|1791331860197|1791331860197|1|1|-1
LdbcShortQuery5MessageCreator|1791331860198|1791331860198|1|1|-1
LdbcShortQuery6MessageForum|1791331860199|1791331860200|1|1|-1
LdbcShortQuery7MessageReplies|1791331860201|1791331860201|1|0|-1
LdbcShortQuery1PersonProfile|1791331860202|1791331860202|3|1|-1
LdbcShortQuery2PersonPosts|1791331860205|1791331860206|3|10|-1
LdbcShortQuery3PersonFriends|1791331860209|1791331860210|1|43|-1
LdbcUpdate5AddForumMembership|1791331862205|1791331862207|10|0|1347531594904
LdbcQuery8|1791331864507|1791331864507|7|20|1347531617927
LdbcShortQuery4MessageContent|1791331864514|1791331864514|2|1|-1
LdbcShortQuery5MessageCreator|1791331864516|1791331864516|2|1|-1
LdbcShortQuery6MessageForum|1791331864518|1791331864518|1|1|-1
LdbcShortQuery7MessageReplies|1791331864519|1791331864520|2|0|-1
LdbcShortQuery1PersonProfile|1791331864522|1791331864522|4|1|-1
LdbcShortQuery2PersonPosts|1791331864526|1791331864526|2|10|-1
LdbcShortQuery3PersonFriends|1791331864528|1791331864528|4|269|-1
LdbcQuery7|1791331864507|1791331864532|2|20|1347531617927
LdbcShortQuery1PersonProfile|1791331864534|1791331864534|1|1|-1
LdbcShortQuery2PersonPosts|1791331864535|1791331864537|2|10|-1
LdbcShortQuery3PersonFriends|1791331864539|1791331864539|1|4|-1
LdbcShortQuery4MessageContent|1791331864540|1791331864540|1|1|-1
LdbcShortQuery5MessageCreator|1791331864541|1791331864541|2|1|-1
LdbcShortQuery6MessageForum|1791331864543|1791331864544|2|1|-1
LdbcShortQuery7MessageReplies|1791331864546|1791331864546|2|6|-1
LdbcShortQuery1PersonProfile|1791331864548|1791331864548|1|1|-1
LdbcShortQuery2PersonPosts|1791331864549|1791331864550|2|8|-1
LdbcShortQuery3PersonFriends|1791331864552|1791331864552|2|27|-1
LdbcQuery5|1791331864507|1791331864554|90|20|1347531617927
LdbcShortQuery4MessageContent|1791331864644|1791331864644|1|1|-1
LdbcShortQuery5MessageCreator|1791331864645|1791331864646|1|1|-1
LdbcShortQuery6MessageForum|1791331864647|1791331864648|1|1|-1
LdbcShortQuery7MessageReplies|1791331864649|1791331864649|1|1|-1
LdbcShortQuery1PersonProfile|1791331864650|1791331864651|2|1|-1
LdbcShortQuery2PersonPosts|1791331864653|1791331864653|2|10|-1
LdbcShortQuery3PersonFriends|1791331864655|1791331864656|2|12|-1
LdbcShortQuery4MessageContent|1791331864658|1791331864658|1|1|-1
LdbcShortQuery5MessageCreator|1791331864659|1791331864660|1|1|-1
LdbcShortQuery6MessageForum|1791331864661|1791331864662|1|1|-1
LdbcShortQuery7MessageReplies|1791331864663|1791331864664|2|4|-1
LdbcQuery2|1791331864507|1791331864666|7|20|1347531617927
LdbcShortQuery1PersonProfile|1791331864673|1791331864674|2|1|-1
LdbcShortQuery2PersonPosts|1791331864676|1791331864676|2|10|-1
LdbcShortQuery3PersonFriends|1791331864678|1791331864678|1|10|-1
LdbcShortQuery4MessageContent|1791331864679|1791331864680|2|1|-1
LdbcShortQuery5MessageCreator|1791331864682|1791331864682|1|1|-1
LdbcShortQuery6MessageForum|1791331864683|1791331864684|1|1|-1
LdbcShortQuery7MessageReplies|1791331864685|1791331864686|3|0|-1
LdbcQuery11|1791331864507|1791331864689|5|0|1347531617927
LdbcShortQuery4MessageContent|1791331864694|1791331864694|2|1|-1
LdbcShortQuery5MessageCreator|1791331864696|1791331864697|2|1|-1
LdbcShortQuery6MessageForum|1791331864699|1791331864699|1|1|-1
LdbcShortQuery7MessageReplies|1791331864700|1791331864701|2|0|-1
LdbcShortQuery1PersonProfile|1791331864703|1791331864703|1|1|-1
LdbcShortQuery2PersonPosts|1791331864704|1791331864705|1|10|-1
LdbcShortQuery3PersonFriends|1791331864706|1791331864706|1|17|-1
LdbcQuery14|1791331864507|1791331864709|5|1|1347531617927
LdbcShortQuery1PersonProfile|1791331864714|1791331864714|2|1|-1
LdbcShortQuery2PersonPosts|1791331864716|1791331864716|2|10|-1
LdbcShortQuery3PersonFriends|1791331864718|1791331864719|2|32|-1
LdbcShortQuery4MessageContent|1791331864721|1791331864721|1|1|-1
LdbcShortQuery5MessageCreator|1791331864722|1791331864723|1|1|-1
LdbcShortQuery6MessageForum|1791331864724|1791331864724|1|1|-1
LdbcShortQuery7MessageReplies|1791331864725|1791331864726|2|0|-1
LdbcShortQuery1PersonProfile|1791331864728|1791331864728|2|1|-1
LdbcShortQuery2PersonPosts|1791331864730|1791331864732|2|0|-1
LdbcShortQuery3PersonFriends|1791331864734|1791331864734|2|15|-1
LdbcShortQuery4MessageContent|1791331864736|1791331864736|1|1|-1
LdbcShortQuery5MessageCreator|1791331864737|1791331864737|1|1|-1
LdbcShortQuery6MessageForum|1791331864738|1791331864739|1|1|-1
LdbcShortQuery7MessageReplies|1791331864740|1791331864741|2|0|-1
LdbcQuery9|1791331864507|1791331864743|106|20|1347531617927
LdbcShortQuery4MessageContent|1791331864849|1791331864850|1|1|-1
LdbcShortQuery5MessageCreator|1791331864851|1791331864852|1|1|-1
LdbcShortQuery6MessageForum|1791331864853|1791331864854|1|1|-1
LdbcShortQuery7MessageReplies|1791331864855|1791331864856|1|3|-1
LdbcShortQuery1PersonProfile|1791331864857|1791331864858|1|1|-1
LdbcShortQuery2PersonPosts|1791331864859|1791331864859|2|10|-1
LdbcShortQuery3PersonFriends|1791331864861|1791331864861|3|149|-1
LdbcShortQuery4MessageContent|1791331864864|1791331864864|1|1|-1
LdbcShortQuery5MessageCreator|1791331864865|1791331864866|1|1|-1
LdbcShortQuery6MessageForum|1791331864867|1791331864868|2|1|-1
LdbcShortQuery7MessageReplies|1791331864870|1791331864870|1|0|-1
LdbcShortQuery1PersonProfile|1791331864871|1791331864872|1|1|-1
LdbcShortQuery2PersonPosts|1791331864873|1791331864873|2|10|-1
LdbcShortQuery3PersonFriends|1791331864875|1791331864875|3|189|-1
LdbcQuery4|1791331864507|1791331864879|3|3|1347531617927
LdbcShortQuery1PersonProfile|1791331864882|1791331864882|1|1|-1
LdbcShortQuery2PersonPosts|1791331864883|1791331864883|1|10|-1
LdbcShortQuery3PersonFriends|1791331864884|1791331864885|1|4|-1
LdbcShortQuery4MessageContent|1791331864886|1791331864887|1|1|-1
LdbcShortQuery5MessageCreator|1791331864888|1791331864888|1|1|-1
LdbcShortQuery6MessageForum|1791331864889|1791331864890|1|1|-1
LdbcShortQuery7MessageReplies|1791331864891|1791331864892|1|0|-1
LdbcShortQuery1PersonProfile|1791331864893|1791331864893|1|1|-1
LdbcShortQuery2PersonPosts|1791331864894|1791331864895|1|10|-1
LdbcShortQuery3PersonFriends|1791331864896|1791331864897|1|29|-1
LdbcQuery13|1791331864507|1791331864898|2|1|1347531617927
LdbcShortQuery4MessageContent|1791331864900|1791331864902|1|1|-1
LdbcShortQuery5MessageCreator|1791331864903|1791331864903|1|1|-1
LdbcShortQuery6MessageForum|1791331864904|1791331864905|1|1|-1
LdbcShortQuery7MessageReplies|1791331864906|1791331864907|1|0|-1
LdbcShortQuery1PersonProfile|1791331864908|1791331864908|1|1|-1
LdbcShortQuery2PersonPosts|1791331864909|1791331864910|2|10|-1
LdbcShortQuery3PersonFriends|1791331864912|1791331864913|1|7|-1
LdbcQuery12|1791331864507|1791331864914|72|0|1347531617927
LdbcShortQuery1PersonProfile|1791331864986|1791331864987|2|1|-1
LdbcShortQuery2PersonPosts|1791331864989|1791331864989|4|10|-1
LdbcShortQuery3PersonFriends|1791331864993|1791331864993|2|25|-1
LdbcShortQuery4MessageContent|1791331864995|1791331864996|1|1|-1
LdbcShortQuery5MessageCreator|1791331864997|1791331864997|1|1|-1
LdbcShortQuery6MessageForum|1791331864998|1791331864999|0|1|-1
LdbcShortQuery7MessageReplies|1791331864999|1791331865000|1|0|-1
LdbcShortQuery1PersonProfile|1791331865001|1791331865001|1|1|-1
LdbcShortQuery2PersonPosts|1791331865002|1791331865002|1|10|-1
LdbcShortQuery3PersonFriends|1791331865003|1791331865004|3|269|-1
LdbcQuery3|1791331864507|1791331865007|119|0|1347531617927
LdbcShortQuery4MessageContent|1791331865126|1791331865126|2|1|-1
LdbcShortQuery5MessageCreator|1791331865128|1791331865128|1|1|-1
LdbcShortQuery6MessageForum|1791331865129|1791331865131|1|1|-1
LdbcShortQuery7MessageReplies|1791331865132|1791331865132|1|10|-1
LdbcShortQuery1PersonProfile|1791331865133|1791331865134|1|1|-1
LdbcShortQuery2PersonPosts|1791331865135|1791331865135|1|8|-1
LdbcShortQuery3PersonFriends|1791331865136|1791331865136|1|44|-1
LdbcShortQuery4MessageContent|1791331865137|1791331865139|1|1|-1
LdbcShortQuery5MessageCreator|1791331865140|1791331865140|1|1|-1
LdbcShortQuery6MessageForum|1791331865141|1791331865141|1|1|-1
LdbcShortQuery7MessageReplies|1791331865142|1791331865142|1|4|-1
LdbcShortQuery1PersonProfile|1791331865143|1791331865143|1|1|-1
LdbcShortQuery2PersonPosts|1791331865144|1791331865145|1|10|-1
LdbcShortQuery3PersonFriends|1791331865146|1791331865146|1|44|-1
LdbcQuery10|1791331864507|1791331865148|28|10|1347531617927
LdbcShortQuery1PersonProfile|1791331865176|1791331865177|1|1|-1
LdbcShortQuery2PersonPosts|1791331865178|1791331865179|1|10|-1
LdbcShortQuery3PersonFriends|1791331865180|1791331865180|1|65|-1
LdbcQuery1|1791331864507|1791331865182|2|1|1347531617927
LdbcShortQuery4MessageContent|1791331865184|1791331865184|1|1|-1
LdbcShortQuery5MessageCreator|1791331865185|1791331865185|1|1|-1
LdbcShortQuery6MessageForum|1791331865186|1791331865188|1|1|-1
LdbcShortQuery7MessageReplies|1791331865189|1791331865189|1|0|-1
LdbcShortQuery1PersonProfile|1791331865190|1791331865190|1|1|-1
LdbcShortQuery2PersonPosts|1791331865191|1791331865191|1|10|-1
LdbcShortQuery3PersonFriends|1791331865192|1791331865193|2|100|-1
LdbcShortQuery4MessageContent|1791331865195|1791331865195|1|1|-1
LdbcShortQuery5MessageCreator|1791331865196|1791331865196|1|1|-1
LdbcShortQuery6MessageForum|1791331865197|1791331865199|1|1|-1
LdbcShortQuery7MessageReplies|1791331865200|1791331865200|1|3|-1
LdbcQuery6|1791331864507|1791331865201|63|10|1347531617927
LdbcShortQuery1PersonProfile|1791331865264|1791331865264|2|1|-1
LdbcShortQuery2PersonPosts|1791331865266|1791331865266|2|10|-1
LdbcShortQuery3PersonFriends|1791331865268|1791331865270|2|70|-1
LdbcShortQuery4MessageContent|1791331865272|1791331865272|1|1|-1
LdbcShortQuery5MessageCreator|1791331865273|1791331865273|2|1|-1
LdbcShortQuery6MessageForum|1791331865275|1791331865276|1|1|-1
LdbcShortQuery7MessageReplies|1791331865277|1791331865277|1|2|-1
LdbcQuery1|1791331869368|1791331869368|4|2|1347531666534
LdbcShortQuery4MessageContent|1791331869372|1791331869372|1|1|-1
LdbcShortQuery5MessageCreator|1791331869373|1791331869375|1|1|-1
LdbcShortQuery6MessageForum|1791331869376|1791331869376|1|1|-1
LdbcShortQuery7MessageReplies|1791331869377|1791331869378|1|2|-1
LdbcQuery6|1791331869368|1791331869379|47|10|1347531666534
LdbcShortQuery1PersonProfile|1791331869426|1791331869426|2|1|-1
LdbcShortQuery2PersonPosts|1791331869428|1791331869429|2|10|-1
LdbcShortQuery3PersonFriends|1791331869431|1791331869431|1|28|-1
LdbcQuery9|1791331869368|1791331869434|94|20|1347531666534
LdbcShortQuery4MessageContent|1791331869528|1791331869528|2|1|-1
LdbcShortQuery5MessageCreator|1791331869530|1791331869530|1|1|-1
LdbcShortQuery6MessageForum|1791331869531|1791331869532|2|1|-1
LdbcShortQuery7MessageReplies|1791331869534|1791331869534|1|0|-1
LdbcShortQuery1PersonProfile|1791331869535|1791331869536|1|1|-1
LdbcShortQuery2PersonPosts|1791331869537|1791331869537|2|10|-1
LdbcShortQuery3PersonFriends|1791331869539|1791331869539|1|63|-1
LdbcQuery5|1791331869368|1791331869541|52|20|1347531666534
LdbcShortQuery1PersonProfile|1791331869593|1791331869593|2|1|-1
LdbcShortQuery2PersonPosts|1791331869595|1791331869596|3|10|-1
LdbcShortQuery3PersonFriends|1791331869599|1791331869599|1|24|-1
LdbcShortQuery4MessageContent|1791331869600|1791331869601|1|1|-1
LdbcShortQuery5MessageCreator|1791331869602|1791331869603|1|1|-1
LdbcShortQuery6MessageForum|1791331869604|1791331869604|1|1|-1
LdbcShortQuery7MessageReplies|1791331869605|1791331869607|1|0|-1
LdbcQuery8|1791331869368|1791331869608|3|20|1347531666534
LdbcShortQuery4MessageContent|1791331869611|1791331869612|1|1|-1
LdbcShortQuery5MessageCreator|1791331869613|1791331869613|1|1|-1
LdbcShortQuery6MessageForum|1791331869614|1791331869614|1|1|-1
LdbcShortQuery7MessageReplies|1791331869615|1791331869616|1|0|-1
LdbcShortQuery1PersonProfile|1791331869617|1791331869617|1|1|-1
LdbcShortQuery2PersonPosts|1791331869618|1791331869618|1|10|-1
LdbcShortQuery3PersonFriends|1791331869619|1791331869620|2|63|-1
LdbcShortQuery4MessageContent|1791331869622|1791331869622|1|1|-1
LdbcShortQuery5MessageCreator|1791331869623|1791331869624|1|1|-1
LdbcShortQuery6MessageForum|1791331869625|1791331869626|1|1|-1
LdbcShortQuery7MessageReplies|1791331869627|1791331869627|1|0|-1
LdbcQuery7|1791331869368|1791331869628|1|20|1347531666534
LdbcShortQuery1PersonProfile|1791331869629|1791331869631|0|1|-1
LdbcShortQuery2PersonPosts|1791331869631|1791331869632|1|10|-1
LdbcShortQuery3PersonFriends|1791331869633|1791331869633|0|24|-1
LdbcShortQuery4MessageContent|1791331869633|1791331869633|1|1|-1
LdbcShortQuery5MessageCreator|1791331869634|1791331869634|1|1|-1
LdbcShortQuery6MessageForum|1791331869635|1791331869636|2|1|-1
LdbcShortQuery7MessageReplies|1791331869638|1791331869639|1|6|-1
LdbcShortQuery1PersonProfile|1791331869640|1791331869640|1|1|-1
LdbcShortQuery2PersonPosts|1791331869641|1791331869642|1|10|-1
LdbcShortQuery3PersonFriends|1791331869643|1791331869643|1|18|-1
LdbcQuery14|1791331869368|1791331869645|20|4|1347531666534
LdbcShortQuery4MessageContent|1791331869665|1791331869666|1|1|-1
LdbcShortQuery5MessageCreator|1791331869667|1791331869667|2|1|-1
LdbcShortQuery6MessageForum|1791331869669|1791331869670|2|1|-1
LdbcShortQuery7MessageReplies|1791331869672|1791331869672|2|0|-1
LdbcShortQuery1PersonProfile|1791331869674|1791331869674|2|1|-1
LdbcShortQuery2PersonPosts|1791331869676|1791331869676|2|10|-1
LdbcShortQuery3PersonFriends|1791331869678|1791331869679|1|16|-1
LdbcQuery2|1791331869368|1791331869681|7|20|1347531666534
LdbcShortQuery1PersonProfile|1791331869688|1791331869689|1|1|-1
LdbcShortQuery2PersonPosts|1791331869690|1791331869691|1|10|-1
LdbcShortQuery3PersonFriends|1791331869692|1791331869693|2|20|-1
LdbcShortQuery4MessageContent|1791331869695|1791331869695|1|1|-1
LdbcShortQuery5MessageCreator|1791331869696|1791331869697|1|1|-1
LdbcShortQuery6MessageForum|1791331869698|1791331869698|1|1|-1
LdbcShortQuery7MessageReplies|1791331869699|1791331869699|2|0|-1
LdbcQuery11|1791331869368|1791331869701|4|0|1347531666534
LdbcShortQuery4MessageContent|1791331869705|1791331869706|2|1|-1
LdbcShortQuery5MessageCreator|1791331869708|1791331869708|1|1|-1
LdbcShortQuery6MessageForum|1791331869709|1791331869710|1|1|-1
LdbcShortQuery7MessageReplies|1791331869711|1791331869712|1|0|-1
LdbcShortQuery1PersonProfile|1791331869713|1791331869714|2|1|-1
LdbcShortQuery2PersonPosts|1791331869716|1791331869716|2|10|-1
LdbcShortQuery3PersonFriends|1791331869718|1791331869718|2|27|-1
LdbcShortQuery4MessageContent|1791331869720|1791331869720|1|1|-1
LdbcShortQuery5MessageCreator|1791331869721|1791331869722|1|1|-1
LdbcShortQuery6MessageForum|1791331869723|1791331869724|2|1|-1
LdbcShortQuery7MessageReplies|1791331869726|1791331869727|2|9|-1
LdbcQuery10|1791331869368|1791331869729|15|10|1347531666534
LdbcShortQuery1PersonProfile|1791331869744|1791331869745|1|1|-1
LdbcShortQuery2PersonPosts|1791331869746|1791331869747|2|10|-1
LdbcShortQuery3PersonFriends|1791331869749|1791331869749|1|7|-1
LdbcShortQuery4MessageContent|1791331869750|1791331869750|1|1|-1
LdbcShortQuery5MessageCreator|1791331869751|1791331869751|1|1|-1
LdbcShortQuery6MessageForum|1791331869752|1791331869752|1|1|-1
LdbcShortQuery7MessageReplies|1791331869753|1791331869754|1|0|-1
LdbcShortQuery1PersonProfile|1791331869755|1791331869755|1|1|-1
LdbcShortQuery2PersonPosts|1791331869756|1791331869756|2|10|-1
LdbcShortQuery3PersonFriends|1791331869758|1791331869758|2|34|-1
LdbcQuery12|1791331869368|1791331869761|67|2|1347531666534
LdbcShortQuery4MessageContent|1791331869828|1791331869829|2|1|-1
LdbcShortQuery5MessageCreator|1791331869831|1791331869831|1|1|-1
LdbcShortQuery6MessageForum|1791331869832|1791331869833|1|1|-1
LdbcShortQuery7MessageReplies|1791331869834|1791331869834|1|0|-1
LdbcShortQuery1PersonProfile|1791331869835|1791331869836|2|1|-1
LdbcShortQuery2PersonPosts|1791331869838|1791331869838|2|10|-1
LdbcShortQuery3PersonFriends|1791331869840|1791331869840|2|70|-1
LdbcQuery4|1791331869368|1791331869843|3|3|1347531666534
LdbcShortQuery1PersonProfile|1791331869846|1791331869847|2|1|-1
LdbcShortQuery2PersonPosts|1791331869849|1791331869849|3|10|-1
LdbcShortQuery3PersonFriends|1791331869852|1791331869852|2|37|-1
LdbcQuery13|1791331869368|1791331869854|2|1|1347531666534
LdbcShortQuery4MessageContent|1791331869856|1791331869856|1|1|-1
LdbcShortQuery5MessageCreator|1791331869857|1791331869858|1|1|-1
LdbcShortQuery6MessageForum|1791331869859|1791331869860|2|1|-1
LdbcShortQuery7MessageReplies|1791331869862|1791331869863|1|0|-1
LdbcShortQuery1PersonProfile|1791331869864|1791331869864|1|1|-1
LdbcShortQuery2PersonPosts|1791331869865|1791331869865|2|10|-1
LdbcShortQuery3PersonFriends|1791331869867|1791331869867|2|50|-1
LdbcQuery3|1791331869368|1791331869869|40|0|1347531666534
LdbcShortQuery1PersonProfile|1791331869909|1791331869910|2|1|-1
LdbcShortQuery2PersonPosts|1791331869912|1791331869913|1|10|-1
LdbcShortQuery3PersonFriends|1791331869914|1791331869915|2|22|-1
LdbcUpdate2AddPostLike|1791331871941|1791331871941|11|0|1347531692261
LdbcQuery13|1791331874228|1791331874228|1|1|1347531715141
LdbcShortQuery4MessageContent|1791331874229|1791331874229|0|1|-1
LdbcShortQuery5MessageCreator|1791331874229|1791331874229|0|1|-1
LdbcShortQuery6MessageForum|1791331874229|1791331874230|0|1|-1
LdbcShortQuery7MessageReplies|1791331874230|1791331874230|0|6|-1
LdbcShortQuery1PersonProfile|1791331874230|1791331874231|0|1|-1
LdbcShortQuery2PersonPosts|1791331874231|1791331874231|0|10|-1
LdbcShortQuery3PersonFriends|1791331874231|1791331874231|0|29|-1
LdbcQuery3|1791331874228|1791331874232|41|0|1347531715141
LdbcShortQuery1PersonProfile|1791331874273|1791331874273|1|1|-1
LdbcShortQuery2PersonPosts|1791331874274|1791331874274|0|10|-1
LdbcShortQuery3PersonFriends|1791331874274|1791331874275|0|5|-1
LdbcShortQuery4MessageContent|1791331874275|1791331874275|0|1|-1
LdbcShortQuery5MessageCreator|1791331874275|1791331874277|0|1|-1
LdbcShortQuery6MessageForum|1791331874277|1791331874277|0|1|-1
LdbcShortQuery7MessageReplies|1791331874277|1791331874277|0|6|-1
LdbcShortQuery1PersonProfile|1791331874277|1791331874278|0|1|-1
LdbcShortQuery2PersonPosts|1791331874278|1791331874278|0|10|-1
LdbcShortQuery3PersonFriends|1791331874278|1791331874278|0|11|-1
LdbcQuery14|1791331874228|1791331874279|40|7|1347531715141
LdbcShortQuery4MessageContent|1791331874319|1791331874320|1|1|-1
LdbcShortQuery5MessageCreator|1791331874321|1791331874321|1|1|-1
LdbcShortQuery6MessageForum|1791331874322|1791331874322|1|1|-1
LdbcShortQuery7MessageReplies|1791331874323|1791331874323|1|1|-1
LdbcQuery9|1791331874228|1791331874326|42|20|1347531715141
LdbcShortQuery1PersonProfile|1791331874368|1791331874369|1|1|-1
LdbcShortQuery2PersonPosts|1791331874370|1791331874370|1|10|-1
LdbcShortQuery3PersonFriends|1791331874371|1791331874371|0|32|-1
LdbcShortQuery4MessageContent|1791331874371|1791331874373|0|1|-1
LdbcShortQuery5MessageCreator|1791331874373|1791331874373|0|1|-1
LdbcShortQuery6MessageForum|1791331874373|1791331874373|0|1|-1
LdbcShortQuery7MessageReplies|1791331874373|1791331874374|0|2|-1
LdbcShortQuery1PersonProfile|1791331874374|1791331874374|1|1|-1
LdbcShortQuery2PersonPosts|1791331874375|1791331874376|1|10|-1
LdbcShortQuery3PersonFriends|1791331874377|1791331874377|0|15|-1
LdbcQuery1|1791331874228|1791331874378|1|4|1347531715141
LdbcShortQuery4MessageContent|1791331874379|1791331874379|0|1|-1
LdbcShortQuery5MessageCreator|1791331874379|1791331874379|0|1|-1
LdbcShortQuery6MessageForum|1791331874379|1791331874379|0|1|-1
LdbcShortQuery7MessageReplies|1791331874379|1791331874381|0|0|-1
LdbcQuery6|1791331874228|1791331874381|37|10|1347531715141
LdbcShortQuery1PersonProfile|1791331874418|1791331874418|3|1|-1
LdbcShortQuery2PersonPosts|1791331874421|1791331874422|3|10|-1
LdbcShortQuery3PersonFriends|1791331874425|1791331874425|2|5|-1
LdbcShortQuery4MessageContent|1791331874427|1791331874427|2|1|-1
LdbcShortQuery5MessageCreator|1791331874429|1791331874429|60|1|-1
LdbcShortQuery6MessageForum|1791331874489|1791331874489|3|1|-1
LdbcShortQuery7MessageReplies|1791331874492|1791331874493|2|0|-1
LdbcShortQuery1PersonProfile|1791331874495|1791331874495|1|1|-1
LdbcShortQuery2PersonPosts|1791331874496|1791331874497|1|10|-1
LdbcShortQuery3PersonFriends|1791331874498|1791331874499|1|17|-1
LdbcQuery7|1791331874228|1791331874500|3|20|1347531715141
LdbcShortQuery4MessageContent|1791331874503|1791331874504|1|1|-1
LdbcShortQuery5MessageCreator|1791331874505|1791331874505|1|1|-1
LdbcShortQuery6MessageForum|1791331874506|1791331874506|1|1|-1
LdbcShortQuery7MessageReplies|1791331874507|1791331874508|1|4|-1
LdbcShortQuery1PersonProfile|1791331874509|1791331874509|0|1|-1
LdbcShortQuery2PersonPosts|1791331874509|1791331874510|1|10|-1
LdbcShortQuery3PersonFriends|1791331874511|1791331874511|2|109|-1
LdbcShortQuery4MessageContent|1791331874513|1791331874514|1|1|-1
LdbcShortQuery5MessageCreator|1791331874515|1791331874515|0|1|-1
LdbcShortQuery6MessageForum|1791331874515|1791331874516|0|1|-1
LdbcShortQuery7MessageReplies|1791331874516|1791331874517|1|0|-1
LdbcShortQuery1PersonProfile|1791331874518|1791331874519|1|1|-1
LdbcShortQuery2PersonPosts|1791331874520|1791331874520|1|10|-1
LdbcShortQuery3PersonFriends|1791331874521|1791331874521|1|14|-1
LdbcQuery5|1791331874228|1791331874523|41|20|1347531715141
LdbcShortQuery1PersonProfile|1791331874564|1791331874564|2|1|-1
LdbcShortQuery2PersonPosts|1791331874566|1791331874566|2|10|-1
LdbcShortQuery3PersonFriends|1791331874568|1791331874570|2|38|-1
LdbcShortQuery4MessageContent|1791331874572|1791331874572|2|1|-1
LdbcShortQuery5MessageCreator|1791331874574|1791331874574|1|1|-1
LdbcShortQuery6MessageForum|1791331874575|1791331874576|7|1|-1
LdbcShortQuery7MessageReplies|1791331874583|1791331874583|1|0|-1
LdbcQuery8|1791331874228|1791331874585|3|20|1347531715141
LdbcShortQuery4MessageContent|1791331874588|1791331874588|2|1|-1
LdbcShortQuery5MessageCreator|1791331874590|1791331874591|1|1|-1
LdbcShortQuery6MessageForum|1791331874592|1791331874593|1|1|-1
LdbcShortQuery7MessageReplies|1791331874594|1791331874594|0|0|-1
LdbcQuery4|1791331874228|1791331874595|1|3|1347531715141
LdbcShortQuery1PersonProfile|1791331874596|1791331874597|1|1|-1
LdbcShortQuery2PersonPosts|1791331874598|1791331874598|1|10|-1
LdbcShortQuery3PersonFriends|1791331874599|1791331874600|2|88|-1
LdbcShortQuery4MessageContent|1791331874602|1791331874602|1|1|-1
LdbcShortQuery5MessageCreator|1791331874603|1791331874605|1|1|-1
LdbcShortQuery6MessageForum|1791331874606|1791331874606|2|1|-1
LdbcShortQuery7MessageReplies|1791331874608|1791331874608|2|4|-1
LdbcShortQuery1PersonProfile|1791331874610|1791331874611|1|1|-1
LdbcShortQuery2PersonPosts|1791331874612|1791331874613|2|10|-1
LdbcShortQuery3PersonFriends|1791331874615|1791331874615|2|28|-1
LdbcQuery10|1791331874228|1791331874617|23|10|1347531715141
LdbcShortQuery4MessageContent|1791331874640|1791331874640|3|1|-1
LdbcShortQuery5MessageCreator|1791331874643|1791331874644|2|1|-1
LdbcShortQuery6MessageForum|1791331874646|1791331874646|1|1|-1
LdbcShortQuery7MessageReplies|1791331874647|1791331874648|1|2|-1
LdbcQuery2|1791331874228|1791331874649|5|20|1347531715141
LdbcShortQuery1PersonProfile|1791331874654|1791331874655|2|1|-1
LdbcShortQuery2PersonPosts|1791331874657|1791331874657|2|10|-1
LdbcShortQuery3PersonFriends|1791331874659|1791331874659|2|49|-1
LdbcShortQuery4MessageContent|1791331874661|1791331874662|2|1|-1
LdbcShortQuery5MessageCreator|1791331874664|1791331874664|2|1|-1
LdbcShortQuery6MessageForum|1791331874666|1791331874667|2|1|-1
LdbcShortQuery7MessageReplies|1791331874669|1791331874669|1|0|-1
LdbcQuery11|1791331874228|1791331874671|3|0|1347531715141
LdbcShortQuery4MessageContent|1791331874674|1791331874674|1|1|-1
LdbcShortQuery5MessageCreator|1791331874675|1791331874675|2|1|-1
LdbcShortQuery6MessageForum|1791331874677|1791331874678|1|1|-1
LdbcShortQuery7MessageReplies|1791331874679|1791331874679|1|0|-1
LdbcShortQuery1PersonProfile|1791331874680|1791331874680|1|1|-1
LdbcShortQuery2PersonPosts|1791331874681|1791331874682|2|2|-1
LdbcShortQuery3PersonFriends|1791331874684|1791331874685|6|338|-1
LdbcQuery12|1791331874228|1791331874691|60|1|1347531715141
LdbcShortQuery1PersonProfile|1791331874751|1791331874752|1|1|-1
LdbcShortQuery2PersonPosts|1791331874753|1791331874754|1|10|-1
LdbcShortQuery3PersonFriends|1791331874755|1791331874755|0|8|-1
LdbcShortQuery4MessageContent|1791331874755|1791331874756|0|1|-1
LdbcShortQuery5MessageCreator|1791331874756|1791331874757|0|1|-1
LdbcShortQuery6MessageForum|1791331874757|1791331874758|1|1|-1
LdbcShortQuery7MessageReplies|1791331874759|1791331874759|1|2|-1
LdbcQuery11|1791331879089|1791331879089|5|0|1347531763748
LdbcShortQuery4MessageContent|1791331879094|1791331879094|2|1|-1
LdbcShortQuery5MessageCreator|1791331879096|1791331879097|2|1|-1
LdbcShortQuery6MessageForum|1791331879099|1791331879100|2|1|-1
LdbcShortQuery7MessageReplies|1791331879102|1791331879103|2|0|-1
LdbcShortQuery1PersonProfile|1791331879105|1791331879105|2|1|-1
LdbcShortQuery2PersonPosts|1791331879107|1791331879107|3|10|-1
LdbcShortQuery3PersonFriends|1791331879110|1791331879112|17|269|-1
LdbcShortQuery4MessageContent|1791331879129|1791331879129|2|1|-1
LdbcShortQuery5MessageCreator|1791331879131|1791331879131|4|1|-1
LdbcShortQuery6MessageForum|1791331879135|1791331879135|1|1|-1
LdbcShortQuery7MessageReplies|1791331879136|1791331879138|1|0|-1
LdbcQuery12|1791331879089|1791331879139|94|1|1347531763748
LdbcShortQuery1PersonProfile|1791331879233|1791331879234|2|1|-1
LdbcShortQuery2PersonPosts|1791331879236|1791331879237|2|10|-1
LdbcShortQuery3PersonFriends|1791331879239|1791331879239|1|5|-1
LdbcShortQuery4MessageContent|1791331879240|1791331879240|1|1|-1
LdbcShortQuery5MessageCreator|1791331879241|1791331879241|1|1|-1
LdbcShortQuery6MessageForum|1791331879242|1791331879243|1|1|-1
LdbcShortQuery7MessageReplies|1791331879244|1791331879244|1|0|-1
LdbcShortQuery1PersonProfile|1791331879245|1791331879246|1|1|-1
LdbcShortQuery2PersonPosts|1791331879247|1791331879247|1|10|-1
LdbcShortQuery3PersonFriends|1791331879248|1791331879248|1|49|-1
LdbcQuery7|1791331879089|1791331879250|2|20|1347531763748
LdbcShortQuery4MessageContent|1791331879252|1791331879253|1|1|-1
LdbcShortQuery5MessageCreator|1791331879254|1791331879254|1|1|-1
LdbcShortQuery6MessageForum|1791331879255|1791331879255|1|1|-1
LdbcShortQuery7MessageReplies|1791331879256|1791331879256|1|2|-1
LdbcShortQuery1PersonProfile|1791331879257|1791331879258|1|1|-1
LdbcShortQuery2PersonPosts|1791331879259|1791331879259|1|10|-1
LdbcShortQuery3PersonFriends|1791331879260|1791331879261|1|56|-1
LdbcShortQuery4MessageContent|1791331879262|1791331879263|1|1|-1
LdbcShortQuery5MessageCreator|1791331879264|1791331879264|1|1|-1
LdbcShortQuery6MessageForum|1791331879265|1791331879265|1|1|-1
LdbcShortQuery7MessageReplies|1791331879266|1791331879267|1|0|-1
LdbcQuery14|1791331879089|1791331879268|41|4|1347531763748
LdbcShortQuery1PersonProfile|1791331879309|1791331879310|2|1|-1
LdbcShortQuery2PersonPosts|1791331879312|1791331879313|2|10|-1
LdbcShortQuery3PersonFriends|1791331879315|1791331879315|2|82|-1
LdbcShortQuery4MessageContent|1791331879317|1791331879317|1|1|-1
LdbcShortQuery5MessageCreator|1791331879318|1791331879318|1|1|-1
LdbcShortQuery6MessageForum|1791331879319|1791331879319|1|1|-1
LdbcShortQuery7MessageReplies|1791331879320|1791331879320|1|6|-1
LdbcShortQuery1PersonProfile|1791331879321|1791331879323|1|1|-1
LdbcShortQuery2PersonPosts|1791331879324|1791331879324|2|10|-1
LdbcShortQuery3PersonFriends|1791331879326|1791331879326|2|40|-1
LdbcQuery13|1791331879089|1791331879328|1|1|1347531763748
LdbcShortQuery4MessageContent|1791331879329|1791331879330|1|1|-1
LdbcShortQuery5MessageCreator|1791331879331|1791331879331|1|1|-1
LdbcShortQuery6MessageForum|1791331879332|1791331879332|1|1|-1
LdbcShortQuery7MessageReplies|1791331879333|1791331879334|1|0|-1
LdbcShortQuery1PersonProfile|1791331879335|1791331879335|0|1|-1
LdbcShortQuery2PersonPosts|1791331879335|1791331879336|1|10|-1
LdbcShortQuery3PersonFriends|1791331879337|1791331879338|1|6|-1
LdbcShortQuery4MessageContent|1791331879339|1791331879339|1|1|-1
LdbcShortQuery5MessageCreator|1791331879340|1791331879340|1|1|-1
LdbcShortQuery6MessageForum|1791331879341|1791331879341|1|1|-1
LdbcShortQuery7MessageReplies|1791331879342|1791331879343|1|0|-1
LdbcShortQuery1PersonProfile|1791331879344|1791331879344|1|1|-1
LdbcShortQuery2PersonPosts|1791331879345|1791331879345|1|10|-1
LdbcShortQuery3PersonFriends|1791331879346|1791331879347|1|25|-1
LdbcQuery3|1791331879089|1791331879348|141|0|1347531763748
LdbcShortQuery1PersonProfile|1791331879489|1791331879490|1|1|-1
LdbcShortQuery2PersonPosts|1791331879491|1791331879492|1|10|-1
LdbcShortQuery3PersonFriends|1791331879493|1791331879494|4|340|-1
LdbcShortQuery4MessageContent|1791331879498|1791331879499|0|1|-1
LdbcShortQuery5MessageCreator|1791331879499|1791331879499|13|1|-1
LdbcShortQuery6MessageForum|1791331879512|1791331879512|1|1|-1
LdbcShortQuery7MessageReplies|1791331879513|1791331879513|0|0|-1
LdbcQuery6|1791331879089|1791331879514|39|10|1347531763748
LdbcShortQuery4MessageContent|1791331879553|1791331879554|1|1|-1
LdbcShortQuery5MessageCreator|1791331879555|1791331879555|3|1|-1
LdbcShortQuery6MessageForum|1791331879558|1791331879559|2|1|-1
LdbcShortQuery7MessageReplies|1791331879561|1791331879562|1|4|-1
LdbcShortQuery1PersonProfile|1791331879563|1791331879563|3|1|-1
LdbcShortQuery2PersonPosts|1791331879566|1791331879567|1|10|-1
LdbcShortQuery3PersonFriends|1791331879568|1791331879568|1|13|-1
LdbcQuery9|1791331879089|1791331879569|65|20|1347531763748
LdbcShortQuery1PersonProfile|1791331879634|1791331879636|6|1|-1
LdbcShortQuery2PersonPosts|1791331879642|1791331879642|2|10|-1
LdbcShortQuery3PersonFriends|1791331879644|1791331879644|9|38|-1
LdbcQuery1|1791331879089|1791331879653|2|2|1347531763748
LdbcShortQuery4MessageContent|1791331879655|1791331879656|1|1|-1
LdbcShortQuery5MessageCreator|1791331879657|1791331879658|1|1|-1
LdbcShortQuery6MessageForum|1791331879659|1791331879659|3|1|-1
LdbcShortQuery7MessageReplies|1791331879662|1791331879663|5|3|-1
LdbcShortQuery1PersonProfile|1791331879668|1791331879668|1|1|-1
LdbcShortQuery2PersonPosts|1791331879669|1791331879671|1|10|-1
LdbcShortQuery3PersonFriends|1791331879672|1791331879672|1|44|-1
LdbcShortQuery4MessageContent|1791331879673|1791331879673|1|1|-1
LdbcShortQuery5MessageCreator|1791331879674|1791331879674|0|1|-1
LdbcShortQuery6MessageForum|1791331879674|1791331879675|0|1|-1
LdbcShortQuery7MessageReplies|1791331879675|1791331879676|0|1|-1
LdbcQuery2|1791331879089|1791331879677|10|20|1347531763748
LdbcShortQuery1PersonProfile|1791331879687|1791331879687|1|1|-1
LdbcShortQuery2PersonPosts|1791331879688|1791331879689|2|10|-1
LdbcShortQuery3PersonFriends|1791331879691|1791331879691|1|13|-1
LdbcShortQuery4MessageContent|1791331879692|1791331879692|1|1|-1
LdbcShortQuery5MessageCreator|1791331879693|1791331879694|1|1|-1
LdbcShortQuery6MessageForum|1791331879695|1791331879695|1|1|-1
LdbcShortQuery7MessageReplies|1791331879696|1791331879696|1|4|-1
LdbcShortQuery1PersonProfile|1791331879697|1791331879697|1|1|-1
LdbcShortQuery2PersonPosts|1791331879698|1791331879698|1|10|-1
LdbcShortQuery3PersonFriends|1791331879699|1791331879700|2|34|-1
LdbcShortQuery4MessageContent|1791331879702|1791331879702|6|1|-1
LdbcShortQuery5MessageCreator|1791331879708|1791331879709|3|1|-1
LdbcShortQuery6MessageForum|1791331879712|1791331879713|3|1|-1
LdbcShortQuery7MessageReplies|1791331879716|1791331879717|1|6|-1
LdbcQuery4|1791331879089|1791331879718|1|3|1347531763748
LdbcShortQuery4MessageContent|1791331879719|1791331879720|1|1|-1
LdbcShortQuery5MessageCreator|1791331879721|1791331879721|0|1|-1
LdbcShortQuery6MessageForum|1791331879721|1791331879721|0|1|-1
LdbcShortQuery7MessageReplies|1791331879721|1791331879722|0|0|-1
LdbcShortQuery1PersonProfile|1791331879722|1791331879723|0|1|-1
LdbcShortQuery2PersonPosts|1791331879723|1791331879724|1|10|-1
LdbcShortQuery3PersonFriends|1791331879725|1791331879726|1|26|-1
LdbcQuery5|1791331879089|1791331879727|31|20|1347531763748
LdbcShortQuery1PersonProfile|1791331879758|1791331879758|1|1|-1
LdbcShortQuery2PersonPosts|1791331879759|1791331879760|1|10|-1
LdbcShortQuery3PersonFriends|1791331879761|1791331879761|3|31|-1
LdbcShortQuery4MessageContent|1791331879764|1791331879765|1|1|-1
LdbcShortQuery5MessageCreator|1791331879766|1791331879766|1|1|-1
LdbcShortQuery6MessageForum|1791331879767|1791331879767|1|1|-1
LdbcShortQuery7MessageReplies|1791331879768|1791331879768|1|6|-1
LdbcShortQuery1PersonProfile|1791331879769|1791331879769|1|1|-1
LdbcShortQuery2PersonPosts|1791331879770|1791331879770|2|10|-1
LdbcShortQuery3PersonFriends|1791331879772|1791331879774|2|72|-1
LdbcShortQuery4MessageContent|1791331879776|1791331879776|2|1|-1
LdbcShortQuery5MessageCreator|1791331879778|1791331879778|1|1|-1
LdbcShortQuery6MessageForum|1791331879779|1791331879779|1|1|-1
LdbcShortQuery7MessageReplies|1791331879780|1791331879781|1|0|-1
LdbcQuery8|1791331879089|1791331879783|2|20|1347531763748
LdbcShortQuery4MessageContent|1791331879785|1791331879785|1|1|-1
LdbcShortQuery5MessageCreator|1791331879786|1791331879786|2|1|-1
LdbcShortQuery6MessageForum|1791331879788|1791331879789|1|1|-1
LdbcShortQuery7MessageReplies|1791331879790|1791331879790|1|0|-1
LdbcShortQuery1PersonProfile|1791331879791|1791331879791|1|1|-1
LdbcShortQuery2PersonPosts|1791331879792|1791331879792|1|10|-1
LdbcShortQuery3PersonFriends|1791331879793|1791331879794|4|340|-1
LdbcShortQuery4MessageContent|1791331879798|1791331879798|1|1|-1
LdbcShortQuery5MessageCreator|1791331879799|1791331879800|1|1|-1
LdbcShortQuery6MessageForum|1791331879801|1791331879802|1|1|-1
LdbcShortQuery7MessageReplies|1791331879803|1791331879803|1|0|-1
LdbcQuery10|1791331879089|1791331879804|21|10|1347531763748
LdbcShortQuery1PersonProfile|1791331879825|1791331879826|1|1|-1
LdbcShortQuery2PersonPosts|1791331879827|1791331879828|0|10|-1
LdbcShortQuery3PersonFriends|1791331879828|1791331879829|1|37|-1
LdbcShortQuery4MessageContent|1791331879830|1791331879830|1|1|-1
LdbcShortQuery5MessageCreator|1791331879831|1791331879831|1|1|-1
LdbcShortQuery6MessageForum|1791331879832|1791331879834|1|1|-1
LdbcShortQuery7MessageReplies|1791331879835|1791331879836|1|5|-1
LdbcShortQuery1PersonProfile|1791331879837|1791331879837|0|1|-1
LdbcShortQuery2PersonPosts|1791331879837|1791331879838|1|10|-1
LdbcShortQuery3PersonFriends|1791331879839|1791331879839|3|96|-1
LdbcQuery8|1791331883950|1791331883951|5|20|1347531812355
LdbcShortQuery4MessageContent|1791331883956|1791331883956|2|1|-1
LdbcShortQuery5MessageCreator|1791331883958|1791331883958|2|1|-1
LdbcShortQuery6MessageForum|1791331883960|1791331883961|2|1|-1
LdbcShortQuery7MessageReplies|1791331883963|1791331883963|2|6|-1
LdbcShortQuery1PersonProfile|1791331883965|1791331883965|1|1|-1
LdbcShortQuery2PersonPosts|1791331883966|1791331883967|2|10|-1
LdbcShortQuery3PersonFriends|1791331883969|1791331883969|1|4|-1
LdbcShortQuery4MessageContent|1791331883970|1791331883970|1|1|-1
LdbcShortQuery5MessageCreator|1791331883971|1791331883972|1|1|-1
LdbcShortQuery6MessageForum|1791331883973|1791331883973|1|1|-1
LdbcShortQuery7MessageReplies|1791331883974|1791331883975|1|2|-1
LdbcShortQuery1PersonProfile|1791331883976|1791331883976|1|1|-1
LdbcShortQuery2PersonPosts|1791331883977|1791331883978|2|10|-1
LdbcShortQuery3PersonFriends|1791331883980|1791331883980|1|0|-1
LdbcQuery10|1791331883950|1791331883981|17|10|1347531812355
LdbcShortQuery1PersonProfile|1791331883998|1791331884000|2|1|-1
LdbcShortQuery2PersonPosts|1791331884002|1791331884002|3|10|-1
LdbcShortQuery3PersonFriends|1791331884005|1791331884005|2|23|-1
LdbcShortQuery4MessageContent|1791331884007|1791331884007|2|1|-1
LdbcShortQuery5MessageCreator|1791331884009|1791331884009|1|1|-1
LdbcShortQuery6MessageForum|1791331884010|1791331884011|1|1|-1
LdbcShortQuery7MessageReplies|1791331884012|1791331884013|1|6|-1
LdbcQuery6|1791331883950|1791331884015|54|10|1347531812355
LdbcShortQuery4MessageContent|1791331884069|1791331884069|1|1|-1
LdbcShortQuery5MessageCreator|1791331884070|1791331884070|0|1|-1
LdbcShortQuery6MessageForum|1791331884070|1791331884072|0|1|-1
LdbcShortQuery7MessageReplies|1791331884072|1791331884073|0|1|-1
LdbcShortQuery1PersonProfile|1791331884073|1791331884074|1|1|-1
LdbcShortQuery2PersonPosts|1791331884075|1791331884075|1|10|-1
LdbcShortQuery3PersonFriends|1791331884076|1791331884077|2|71|-1
LdbcQuery7|1791331883950|1791331884079|3|20|1347531812355
LdbcShortQuery1PersonProfile|1791331884082|1791331884082|1|1|-1
LdbcShortQuery2PersonPosts|1791331884083|1791331884083|1|10|-1
LdbcShortQuery3PersonFriends|1791331884084|1791331884085|1|81|-1
LdbcShortQuery4MessageContent|1791331884086|1791331884087|1|1|-1
LdbcShortQuery5MessageCreator|1791331884088|1791331884088|1|1|-1
LdbcShortQuery6MessageForum|1791331884089|1791331884091|1|1|-1
LdbcShortQuery7MessageReplies|1791331884092|1791331884092|0|0|-1
LdbcShortQuery1PersonProfile|1791331884092|1791331884093|0|1|-1
LdbcShortQuery2PersonPosts|1791331884093|1791331884093|0|10|-1
LdbcShortQuery3PersonFriends|1791331884093|1791331884094|1|47|-1
LdbcQuery11|1791331883950|1791331884096|33|0|1347531812355
LdbcShortQuery4MessageContent|1791331884129|1791331884130|3|1|-1
LdbcShortQuery5MessageCreator|1791331884133|1791331884133|0|1|-1
LdbcShortQuery6MessageForum|1791331884133|1791331884133|1|1|-1
LdbcShortQuery7MessageReplies|1791331884134|1791331884134|1|0|-1
LdbcShortQuery1PersonProfile|1791331884135|1791331884136|1|1|-1
LdbcShortQuery2PersonPosts|1791331884137|1791331884137|1|10|-1
LdbcShortQuery3PersonFriends|1791331884138|1791331884138|1|8|-1
LdbcQuery12|1791331883950|1791331884140|59|3|1347531812355
LdbcShortQuery1PersonProfile|1791331884199|1791331884200|1|1|-1
LdbcShortQuery2PersonPosts|1791331884201|1791331884201|2|10|-1
LdbcShortQuery3PersonFriends|1791331884203|1791331884203|1|46|-1
LdbcShortQuery4MessageContent|1791331884204|1791331884204|1|1|-1
LdbcShortQuery5MessageCreator|1791331884205|1791331884207|1|1|-1
LdbcShortQuery6MessageForum|1791331884208|1791331884208|1|1|-1
LdbcShortQuery7MessageReplies|1791331884209|1791331884209|1|6|-1
LdbcQuery3|1791331883950|1791331884211|48|0|1347531812355
LdbcShortQuery4MessageContent|1791331884259|1791331884259|0|1|-1
LdbcShortQuery5MessageCreator|1791331884259|1791331884260|0|1|-1
LdbcShortQuery6MessageForum|1791331884260|1791331884260|0|1|-1
LdbcShortQuery7MessageReplies|1791331884260|1791331884261|1|5|-1
LdbcShortQuery1PersonProfile|1791331884262|1791331884264|1|1|-1
LdbcShortQuery2PersonPosts|1791331884265|1791331884265|1|10|-1
LdbcShortQuery3PersonFriends|1791331884266|1791331884267|1|96|-1
LdbcShortQuery4MessageContent|1791331884268|1791331884269|1|1|-1
LdbcShortQuery5MessageCreator|1791331884270|1791331884270|0|1|-1
LdbcShortQuery6MessageForum|1791331884270|1791331884271|1|1|-1
LdbcShortQuery7MessageReplies|1791331884272|1791331884272|1|0|-1
LdbcShortQuery1PersonProfile|1791331884273|1791331884274|1|1|-1
LdbcShortQuery2PersonPosts|1791331884275|1791331884275|1|10|-1
LdbcShortQuery3PersonFriends|1791331884276|1791331884276|1|64|-1
LdbcQuery14|1791331883950|1791331884278|3|1|1347531812355
LdbcShortQuery1PersonProfile|1791331884281|1791331884282|1|1|-1
LdbcShortQuery2PersonPosts|1791331884283|1791331884283|1|10|-1
LdbcShortQuery3PersonFriends|1791331884284|1791331884285|1|2|-1
LdbcShortQuery4MessageContent|1791331884286|1791331884286|1|1|-1
LdbcShortQuery5MessageCreator|1791331884287|1791331884288|1|1|-1
LdbcShortQuery6MessageForum|1791331884289|1791331884289|1|1|-1
LdbcShortQuery7MessageReplies|1791331884290|1791331884291|1|0|-1
LdbcQuery13|1791331883950|1791331884292|1|1|1347531812355
LdbcShortQuery4MessageContent|1791331884293|1791331884294|1|1|-1
LdbcShortQuery5MessageCreator|1791331884295|1791331884295|1|1|-1
LdbcShortQuery6MessageForum|1791331884296|1791331884296|1|1|-1
LdbcShortQuery7MessageReplies|1791331884297|1791331884297|1|1|-1
LdbcShortQuery1PersonProfile|1791331884298|1791331884298|0|1|-1
LdbcShortQuery2PersonPosts|1791331884298|1791331884299|1|10|-1
LdbcShortQuery3PersonFriends|1791331884300|1791331884300|1|34|-1
LdbcShortQuery4MessageContent|1791331884301|1791331884302|1|1|-1
LdbcShortQuery5MessageCreator|1791331884303|1791331884303|1|1|-1
LdbcShortQuery6MessageForum|1791331884304|1791331884304|1|1|-1
LdbcShortQuery7MessageReplies|1791331884305|1791331884305|1|1|-1
LdbcQuery5|1791331883950|1791331884307|52|20|1347531812355
LdbcShortQuery1PersonProfile|1791331884359|1791331884359|2|1|-1
LdbcShortQuery2PersonPosts|1791331884361|1791331884362|1|10|-1
LdbcShortQuery3PersonFriends|1791331884363|1791331884364|0|13|-1
LdbcShortQuery4MessageContent|1791331884364|1791331884365|0|1|-1
LdbcShortQuery5MessageCreator|1791331884365|1791331884365|1|1|-1
LdbcShortQuery6MessageForum|1791331884366|1791331884366|0|1|-1
LdbcShortQuery7MessageReplies|1791331884366|1791331884367|0|0|-1
LdbcShortQuery1PersonProfile|1791331884367|1791331884369|0|1|-1
LdbcShortQuery2PersonPosts|1791331884369|1791331884369|1|10|-1
LdbcShortQuery3PersonFriends|1791331884370|1791331884370|0|15|-1
LdbcQuery2|1791331883950|1791331884371|2|20|1347531812355
LdbcShortQuery4MessageContent|1791331884373|1791331884373|0|1|-1
LdbcShortQuery5MessageCreator|1791331884373|1791331884375|0|1|-1
LdbcShortQuery6MessageForum|1791331884375|1791331884375|0|1|-1
LdbcShortQuery7MessageReplies|1791331884375|1791331884376|0|0|-1
LdbcShortQuery1PersonProfile|1791331884376|1791331884377|0|1|-1
LdbcShortQuery2PersonPosts|1791331884377|1791331884378|1|10|-1
LdbcShortQuery3PersonFriends|1791331884379|1791331884379|1|51|-1
LdbcShortQuery4MessageContent|1791331884380|1791331884380|0|1|-1
LdbcShortQuery5MessageCreator|1791331884380|1791331884382|0|1|-1
LdbcShortQuery6MessageForum|1791331884382|1791331884383|0|1|-1
LdbcShortQuery7MessageReplies|1791331884383|1791331884384|0|0|-1
LdbcShortQuery1PersonProfile|1791331884384|1791331884385|0|1|-1
LdbcShortQuery2PersonPosts|1791331884385|1791331884386|1|10|-1
LdbcShortQuery3PersonFriends|1791331884387|1791331884387|0|16|-1
LdbcQuery9|1791331883950|1791331884388|60|20|1347531812355
LdbcShortQuery1PersonProfile|1791331884448|1791331884448|0|1|-1
LdbcShortQuery2PersonPosts|1791331884448|1791331884448|0|10|-1
LdbcShortQuery3PersonFriends|1791331884448|1791331884449|0|25|-1
LdbcShortQuery4MessageContent|1791331884449|1791331884450|0|1|-1
LdbcShortQuery5MessageCreator|1791331884450|1791331884450|0|1|-1
LdbcShortQuery6MessageForum|1791331884450|1791331884451|0|1|-1
LdbcShortQuery7MessageReplies|1791331884451|1791331884451|0|1|-1
LdbcShortQuery1PersonProfile|1791331884451|1791331884452|0|1|-1
LdbcShortQuery2PersonPosts|1791331884452|1791331884452|0|10|-1
LdbcShortQuery3PersonFriends|1791331884452|1791331884453|0|34|-1
LdbcShortQuery4MessageContent|1791331884453|1791331884453|0|1|-1
LdbcShortQuery5MessageCreator|1791331884453|1791331884454|0|1|-1
LdbcShortQuery6MessageForum|1791331884454|1791331884454|0|1|-1
LdbcShortQuery7MessageReplies|1791331884454|1791331884455|0|13|-1
LdbcShortQuery1PersonProfile|1791331884455|1791331884455|0|1|-1
LdbcShortQuery2PersonPosts|1791331884455|1791331884456|0|10|-1
LdbcShortQuery3PersonFriends|1791331884456|1791331884457|1|25|-1
LdbcQuery1|1791331883950|1791331884458|1|20|1347531812355
LdbcShortQuery4MessageContent|1791331884459|1791331884459|0|1|-1
LdbcShortQuery5MessageCreator|1791331884459|1791331884460|0|1|-1
LdbcShortQuery6MessageForum|1791331884460|1791331884460|0|1|-1
LdbcShortQuery7MessageReplies|1791331884460|1791331884460|0|0|-1
LdbcShortQuery1PersonProfile|1791331884460|1791331884461|0|1|-1
LdbcShortQuery2PersonPosts|1791331884461|1791331884461|0|10|-1
LdbcShortQuery3PersonFriends|1791331884461|1791331884462|0|71|-1
LdbcShortQuery4MessageContent|1791331884462|1791331884463|0|1|-1
LdbcShortQuery5MessageCreator|1791331884463|1791331884463|0|1|-1
LdbcShortQuery6MessageForum|1791331884463|1791331884464|0|1|-1
LdbcShortQuery7MessageReplies|1791331884464|1791331884464|0|0|-1
LdbcQuery4|1791331883950|1791331884465|0|3|1347531812355
LdbcShortQuery1PersonProfile|1791331884465|1791331884465|0|1|-1
LdbcShortQuery2PersonPosts|1791331884465|1791331884466|0|10|-1
LdbcShortQuery3PersonFriends|1791331884466|1791331884466|0|5|-1
LdbcShortQuery4MessageContent|1791331884466|1791331884468|0|1|-1
LdbcShortQuery5MessageCreator|1791331884468|1791331884468|0|1|-1
LdbcShortQuery6MessageForum|1791331884468|1791331884469|0|1|-1
LdbcShortQuery7MessageReplies|1791331884469|1791331884469|0|0|-1
LdbcUpdate2AddPostLike|1791331885961|1791331885962|12|0|1347531832461
LdbcUpdate5AddForumMembership|1791331886669|1791331886670|10|0|1347531839548
LdbcUpdate2AddPostLike|1791331888166|1791331888166|28|0|1347531854513
LdbcQuery1|1791331888810|1791331888811|4|2|1347531860962
LdbcShortQuery4MessageContent|1791331888815|1791331888815|2|1|-1
LdbcShortQuery5MessageCreator|1791331888817|1791331888817|2|1|-1
LdbcShortQuery6MessageForum|1791331888819|1791331888820|2|1|-1
LdbcShortQuery7MessageReplies|1791331888822|1791331888822|3|0|-1
LdbcShortQuery1PersonProfile|1791331888825|1791331888825|2|1|-1
LdbcShortQuery2PersonPosts|1791331888827|1791331888827|2|10|-1
LdbcShortQuery3PersonFriends|1791331888829|1791331888829|2|20|-1
LdbcShortQuery4MessageContent|1791331888831|1791331888832|1|1|-1
LdbcShortQuery5MessageCreator|1791331888833|1791331888834|1|1|-1
LdbcShortQuery6MessageForum|1791331888835|1791331888836|1|1|-1
LdbcShortQuery7MessageReplies|1791331888837|1791331888838|2|0|-1
LdbcQuery4|1791331888810|1791331888839|3|3|1347531860962
LdbcShortQuery1PersonProfile|1791331888842|1791331888843|2|1|-1
LdbcShortQuery2PersonPosts|1791331888845|1791331888845|2|10|-1
LdbcShortQuery3PersonFriends|1791331888847|1791331888848|2|7|-1
LdbcShortQuery4MessageContent|1791331888850|1791331888851|2|1|-1
LdbcShortQuery5MessageCreator|1791331888853|1791331888853|2|1|-1
LdbcShortQuery6MessageForum|1791331888855|1791331888856|3|1|-1
LdbcShortQuery7MessageReplies|1791331888859|1791331888859|1|0|-1
LdbcShortQuery1PersonProfile|1791331888860|1791331888861|1|1|-1
LdbcShortQuery2PersonPosts|1791331888862|1791331888862|1|10|-1
LdbcShortQuery3PersonFriends|1791331888863|1791331888863|1|74|-1
LdbcQuery3|1791331888810|1791331888865|67|0|1347531860962
LdbcShortQuery4MessageContent|1791331888932|1791331888933|2|1|-1
LdbcShortQuery5MessageCreator|1791331888935|1791331888936|2|1|-1
LdbcShortQuery6MessageForum|1791331888938|1791331888939|2|1|-1
LdbcShortQuery7MessageReplies|1791331888941|1791331888942|2|2|-1
LdbcShortQuery1PersonProfile|1791331888944|1791331888944|1|1|-1
LdbcShortQuery2PersonPosts|1791331888945|1791331888945|2|10|-1
LdbcShortQuery3PersonFriends|1791331888947|1791331888947|2|23|-1
LdbcShortQuery4MessageContent|1791331888949|1791331888950|2|1|-1
LdbcShortQuery5MessageCreator|1791331888952|1791331888952|1|1|-1
LdbcShortQuery6MessageForum|1791331888953|1791331888954|2|1|-1
LdbcShortQuery7MessageReplies|1791331888956|1791331888956|2|0|-1
LdbcQuery6|1791331888810|1791331888959|78|10|1347531860962
LdbcShortQuery1PersonProfile|1791331889037|1791331889037|3|1|-1
LdbcShortQuery2PersonPosts|1791331889040|1791331889040|9|10|-1
LdbcShortQuery3PersonFriends|1791331889049|1791331889049|2|3|-1
LdbcShortQuery4MessageContent|1791331889051|1791331889051|1|1|-1
LdbcShortQuery5MessageCreator|1791331889052|1791331889053|1|1|-1
LdbcShortQuery6MessageForum|1791331889054|1791331889054|1|1|-1
LdbcShortQuery7MessageReplies|1791331889055|1791331889056|1|0|-1
LdbcShortQuery1PersonProfile|1791331889057|1791331889057|1|1|-1
LdbcShortQuery2PersonPosts|1791331889058|1791331889059|1|10|-1
LdbcShortQuery3PersonFriends|1791331889060|1791331889060|1|7|-1
LdbcShortQuery4MessageContent|1791331889061|1791331889061|1|1|-1
LdbcShortQuery5MessageCreator|1791331889062|1791331889062|1|1|-1
LdbcShortQuery6MessageForum|1791331889063|1791331889063|0|1|-1
LdbcShortQuery7MessageReplies|1791331889063|1791331889064|0|0|-1
LdbcQuery8|1791331888810|1791331889065|2|20|1347531860962
LdbcShortQuery4MessageContent|1791331889067|1791331889067|0|1|-1
LdbcShortQuery5MessageCreator|1791331889067|1791331889068|0|1|-1
LdbcShortQuery6MessageForum|1791331889068|1791331889069|0|1|-1
LdbcShortQuery7MessageReplies|1791331889069|1791331889069|0|0|-1
LdbcShortQuery1PersonProfile|1791331889069|1791331889069|0|1|-1
LdbcShortQuery2PersonPosts|1791331889069|1791331889071|1|10|-1
LdbcShortQuery3PersonFriends|1791331889072|1791331889073|0|29|-1
LdbcShortQuery4MessageContent|1791331889073|1791331889073|0|1|-1
LdbcShortQuery5MessageCreator|1791331889073|1791331889074|0|1|-1
LdbcShortQuery6MessageForum|1791331889074|1791331889074|0|1|-1
LdbcShortQuery7MessageReplies|1791331889074|1791331889075|0|0|-1
LdbcQuery10|1791331888810|1791331889076|13|10|1347531860962
LdbcShortQuery1PersonProfile|1791331889089|1791331889089|2|1|-1
LdbcShortQuery2PersonPosts|1791331889091|1791331889091|2|10|-1
LdbcShortQuery3PersonFriends|1791331889093|1791331889093|1|15|-1
LdbcShortQuery4MessageContent|1791331889094|1791331889095|1|1|-1
LdbcShortQuery5MessageCreator|1791331889096|1791331889098|1|1|-1
LdbcShortQuery6MessageForum|1791331889099|1791331889099|1|1|-1
LdbcShortQuery7MessageReplies|1791331889100|1791331889100|1|0|-1
LdbcShortQuery1PersonProfile|1791331889101|1791331889101|1|1|-1
LdbcShortQuery2PersonPosts|1791331889102|1791331889103|2|10|-1
LdbcShortQuery3PersonFriends|1791331889105|1791331889105|1|19|-1
LdbcQuery12|1791331888810|1791331889106|43|3|1347531860962
LdbcShortQuery4MessageContent|1791331889149|1791331889150|1|1|-1
LdbcShortQuery5MessageCreator|1791331889151|1791331889152|1|1|-1
LdbcShortQuery6MessageForum|1791331889153|1791331889153|0|1|-1
LdbcShortQuery7MessageReplies|1791331889153|1791331889153|0|0|-1
LdbcShortQuery1PersonProfile|1791331889153|1791331889155|0|1|-1
LdbcShortQuery2PersonPosts|1791331889155|1791331889155|1|10|-1
LdbcShortQuery3PersonFriends|1791331889156|1791331889156|1|338|-1
LdbcShortQuery4MessageContent|1791331889157|1791331889157|0|1|-1
LdbcShortQuery5MessageCreator|1791331889157|1791331889158|0|1|-1
LdbcShortQuery6MessageForum|1791331889158|1791331889158|0|1|-1
LdbcShortQuery7MessageReplies|1791331889158|1791331889159|0|0|-1
LdbcQuery7|1791331888810|1791331889159|0|20|1347531860962
LdbcShortQuery1PersonProfile|1791331889159|1791331889160|0|1|-1
LdbcShortQuery2PersonPosts|1791331889160|1791331889160|0|10|-1
LdbcShortQuery3PersonFriends|1791331889160|1791331889161|0|149|-1
LdbcQuery11|1791331888810|1791331889161|1|0|1347531860962
LdbcShortQuery4MessageContent|1791331889162|1791331889163|0|1|-1
LdbcShortQuery5MessageCreator|1791331889163|1791331889163|0|1|-1
LdbcShortQuery6MessageForum|1791331889163|1791331889165|0|1|-1
LdbcShortQuery7MessageReplies|1791331889165|1791331889165|0|2|-1
LdbcShortQuery1PersonProfile|1791331889165|1791331889166|0|1|-1
LdbcShortQuery2PersonPosts|1791331889166|1791331889166|0|10|-1
LdbcShortQuery3PersonFriends|1791331889166|1791331889167|0|88|-1
LdbcQuery9|1791331888810|1791331889167|45|20|1347531860962
LdbcShortQuery1PersonProfile|1791331889212|1791331889213|0|1|-1
LdbcShortQuery2PersonPosts|1791331889213|1791331889213|0|10|-1
LdbcShortQuery3PersonFriends|1791331889213|1791331889214|0|18|-1
LdbcShortQuery4MessageContent|1791331889214|1791331889214|0|1|-1
LdbcShortQuery5MessageCreator|1791331889214|1791331889216|0|1|-1
LdbcShortQuery6MessageForum|1791331889216|1791331889216|0|1|-1
LdbcShortQuery7MessageReplies|1791331889216|1791331889217|0|0|-1
LdbcQuery5|1791331888810|1791331889217|16|20|1347531860962
LdbcShortQuery4MessageContent|1791331889233|1791331889233|0|1|-1
LdbcShortQuery5MessageCreator|1791331889233|1791331889234|0|1|-1
LdbcShortQuery6MessageForum|1791331889234|1791331889234|1|1|-1
LdbcShortQuery7MessageReplies|1791331889235|1791331889237|0|1|-1
LdbcQuery14|1791331888810|1791331889237|2|1|1347531860962
LdbcShortQuery1PersonProfile|1791331889239|1791331889240|0|1|-1
LdbcShortQuery2PersonPosts|1791331889240|1791331889240|0|10|-1
LdbcShortQuery3PersonFriends|1791331889240|1791331889240|0|63|-1
LdbcShortQuery4MessageContent|1791331889240|1791331889241|0|1|-1
LdbcShortQuery5MessageCreator|1791331889241|1791331889241|0|1|-1
LdbcShortQuery6MessageForum|1791331889241|1791331889243|0|1|-1
LdbcShortQuery7MessageReplies|1791331889243|1791331889243|0|3|-1
LdbcShortQuery1PersonProfile|1791331889243|1791331889243|0|1|-1
LdbcShortQuery2PersonPosts|1791331889243|1791331889243|0|10|-1
LdbcShortQuery3PersonFriends|1791331889243|1791331889244|0|30|-1
LdbcQuery13|1791331888810|1791331889244|0|1|1347531860962
LdbcShortQuery4MessageContent|1791331889244|1791331889246|0|1|-1
LdbcShortQuery5MessageCreator|1791331889246|1791331889246|0|1|-1
LdbcShortQuery6MessageForum|1791331889246|1791331889246|0|1|-1
LdbcShortQuery7MessageReplies|1791331889246|1791331889246|0|0|-1
LdbcShortQuery1PersonProfile|1791331889246|1791331889247|0|1|-1
LdbcShortQuery2PersonPosts|1791331889247|1791331889247|0|10|-1
LdbcShortQuery3PersonFriends|1791331889247|1791331889247|0|15|-1
LdbcQuery2|1791331888810|1791331889247|1|20|1347531860962
LdbcShortQuery1PersonProfile|1791331889248|1791331889250|0|1|-1
LdbcShortQuery2PersonPosts|1791331889250|1791331889250|0|10|-1
LdbcShortQuery3PersonFriends|1791331889250|1791331889251|0|28|-1
LdbcShortQuery4MessageContent|1791331889251|1791331889251|0|1|-1
LdbcShortQuery5MessageCreator|1791331889251|1791331889252|0|1|-1
LdbcShortQuery6MessageForum|1791331889252|1791331889252|0|1|-1
LdbcShortQuery7MessageReplies|1791331889252|1791331889252|0|0|-1
LdbcShortQuery1PersonProfile|1791331889252|1791331889252|4|1|-1
LdbcShortQuery2PersonPosts|1791331889256|1791331889258|5|10|-1
LdbcShortQuery3PersonFriends|1791331889263|1791331889263|8|6|-1
LdbcUpdate5AddForumMembership|1791331889293|1791331889293|9|0|1347531865788
LdbcQuery13|1791331893671|1791331893672|3|1|1347531909569
LdbcShortQuery4MessageContent|1791331893675|1791331893675|3|1|-1
LdbcShortQuery5MessageCreator|1791331893678|1791331893679|3|1|-1
LdbcShortQuery6MessageForum|1791331893682|1791331893682|2|1|-1
LdbcShortQuery7MessageReplies|1791331893684|1791331893685|2|2|-1
LdbcShortQuery1PersonProfile|1791331893687|1791331893687|2|1|-1
LdbcShortQuery2PersonPosts|1791331893689|1791331893690|2|10|-1
LdbcShortQuery3PersonFriends|1791331893692|1791331893693|1|17|-1
LdbcQuery2|1791331893671|1791331893695|5|20|1347531909569
LdbcShortQuery1PersonProfile|1791331893700|1791331893701|1|1|-1
LdbcShortQuery2PersonPosts|1791331893702|1791331893702|2|10|-1
LdbcShortQuery3PersonFriends|1791331893704|1791331893705|2|19|-1
LdbcShortQuery4MessageContent|1791331893707|1791331893707|2|1|-1
LdbcShortQuery5MessageCreator|1791331893709|1791331893709|1|1|-1
LdbcShortQuery6MessageForum|1791331893710|1791331893711|1|1|-1
LdbcShortQuery7MessageReplies|1791331893712|1791331893713|2|6|-1
LdbcShortQuery1PersonProfile|1791331893715|1791331893715|1|1|-1
LdbcShortQuery2PersonPosts|1791331893716|1791331893717|3|10|-1
LdbcShortQuery3PersonFriends|1791331893720|1791331893721|2|65|-1
LdbcQuery12|1791331893671|1791331893723|96|1|1347531909569
LdbcShortQuery4MessageContent|1791331893819|1791331893820|2|1|-1
LdbcShortQuery5MessageCreator|1791331893822|1791331893824|2|1|-1
LdbcShortQuery6MessageForum|1791331893826|1791331893826|2|1|-1
LdbcShortQuery7MessageReplies|1791331893828|1791331893828|2|4|-1
LdbcQuery3|1791331893671|1791331893830|95|0|1347531909569
LdbcShortQuery1PersonProfile|1791331893925|1791331893926|1|1|-1
LdbcShortQuery2PersonPosts|1791331893927|1791331893928|1|10|-1
LdbcShortQuery3PersonFriends|1791331893929|1791331893929|1|46|-1
LdbcShortQuery4MessageContent|1791331893930|1791331893930|0|1|-1
LdbcShortQuery5MessageCreator|1791331893930|1791331893931|0|1|-1
LdbcShortQuery6MessageForum|1791331893931|1791331893931|0|1|-1
LdbcShortQuery7MessageReplies|1791331893931|1791331893932|0|3|-1
LdbcQuery1|1791331893671|1791331893933|1|2|1347531909569
LdbcShortQuery4MessageContent|1791331893934|1791331893934|1|1|-1
LdbcShortQuery5MessageCreator|1791331893935|1791331893935|1|1|-1
LdbcShortQuery6MessageForum|1791331893936|1791331893936|1|1|-1
LdbcShortQuery7MessageReplies|1791331893937|1791331893938|2|9|-1
LdbcShortQuery1PersonProfile|1791331893940|1791331893940|1|1|-1
LdbcShortQuery2PersonPosts|1791331893941|1791331893942|1|10|-1
LdbcShortQuery3PersonFriends|1791331893943|1791331893944|1|2|-1
LdbcShortQuery4MessageContent|1791331893945|1791331893946|1|1|-1
LdbcShortQuery5MessageCreator|1791331893947|1791331893948|2|1|-1
LdbcShortQuery6MessageForum|1791331893950|1791331893950|1|1|-1
LdbcShortQuery7MessageReplies|1791331893951|1791331893952|2|3|-1
LdbcShortQuery1PersonProfile|1791331893954|1791331893955|1|1|-1
LdbcShortQuery2PersonPosts|1791331893956|1791331893956|1|10|-1
LdbcShortQuery3PersonFriends|1791331893957|1791331893958|1|5|-1
LdbcQuery4|1791331893671|1791331893960|5|10|1347531909569
LdbcShortQuery1PersonProfile|1791331893965|1791331893965|1|1|-1
LdbcShortQuery2PersonPosts|1791331893966|1791331893967|3|10|-1
LdbcShortQuery3PersonFriends|1791331893970|1791331893970|2|12|-1
LdbcShortQuery4MessageContent|1791331893972|1791331893972|1|1|-1
LdbcShortQuery5MessageCreator|1791331893973|1791331893974|1|1|-1
LdbcShortQuery6MessageForum|1791331893975|1791331893976|1|1|-1
LdbcShortQuery7MessageReplies|1791331893977|1791331893978|2|4|-1
LdbcShortQuery1PersonProfile|1791331893980|1791331893981|1|1|-1
LdbcShortQuery2PersonPosts|1791331893982|1791331893983|2|10|-1
LdbcShortQuery3PersonFriends|1791331893985|1791331893985|2|54|-1
LdbcQuery10|1791331893671|1791331893987|37|10|1347531909569
LdbcShortQuery4MessageContent|1791331894024|1791331894025|2|1|-1
LdbcShortQuery5MessageCreator|1791331894027|1791331894028|1|1|-1
LdbcShortQuery6MessageForum|1791331894029|1791331894029|2|1|-1
LdbcShortQuery7MessageReplies|1791331894031|1791331894032|2|7|-1
LdbcShortQuery1PersonProfile|1791331894034|1791331894034|2|1|-1
LdbcShortQuery2PersonPosts|1791331894036|1791331894036|2|10|-1
LdbcShortQuery3PersonFriends|1791331894038|1791331894039|1|42|-1
LdbcShortQuery4MessageContent|1791331894040|1791331894041|2|1|-1
LdbcShortQuery5MessageCreator|1791331894043|1791331894043|1|1|-1
LdbcShortQuery6MessageForum|1791331894044|1791331894045|2|1|-1
LdbcShortQuery7MessageReplies|1791331894047|1791331894047|1|1|-1
LdbcShortQuery1PersonProfile|1791331894048|1791331894049|1|1|-1
LdbcShortQuery2PersonPosts|1791331894050|1791331894050|2|10|-1
LdbcShortQuery3PersonFriends|1791331894052|1791331894052|2|8|-1
LdbcQuery6|1791331893671|1791331894055|82|10|1347531909569
LdbcShortQuery1PersonProfile|1791331894137|1791331894139|3|1|-1
LdbcShortQuery2PersonPosts|1791331894142|1791331894142|2|10|-1
LdbcShortQuery3PersonFriends|1791331894144|1791331894145|2|32|-1
LdbcQuery8|1791331893671|1791331894147|3|20|1347531909569
LdbcShortQuery4MessageContent|1791331894150|1791331894151|1|1|-1
LdbcShortQuery5MessageCreator|1791331894152|1791331894153|2|1|-1
LdbcShortQuery6MessageForum|1791331894155|1791331894155|2|1|-1
LdbcShortQuery7MessageReplies|1791331894157|1791331894157|1|0|-1
LdbcShortQuery1PersonProfile|1791331894158|1791331894159|1|1|-1
LdbcShortQuery2PersonPosts|1791331894160|1791331894160|2|10|-1
LdbcShortQuery3PersonFriends|1791331894162|1791331894162|2|31|-1
LdbcQuery14|1791331893671|1791331894165|84|17|1347531909569
LdbcShortQuery1PersonProfile|1791331894249|1791331894250|1|1|-1
LdbcShortQuery2PersonPosts|1791331894251|1791331894251|0|10|-1
LdbcShortQuery3PersonFriends|1791331894251|1791331894252|0|91|-1
LdbcShortQuery4MessageContent|1791331894252|1791331894253|0|1|-1
LdbcShortQuery5MessageCreator|1791331894253|1791331894253|0|1|-1
LdbcShortQuery6MessageForum|1791331894253|1791331894254|0|1|-1
LdbcShortQuery7MessageReplies|1791331894254|1791331894254|1|0|-1
LdbcQuery9|1791331893671|1791331894255|66|20|1347531909569
LdbcShortQuery4MessageContent|1791331894321|1791331894322|2|1|-1
LdbcShortQuery5MessageCreator|1791331894324|1791331894324|1|1|-1
LdbcShortQuery6MessageForum|1791331894325|1791331894326|1|1|-1
LdbcShortQuery7MessageReplies|1791331894327|1791331894329|1|0|-1
LdbcShortQuery1PersonProfile|1791331894330|1791331894330|1|1|-1
LdbcShortQuery2PersonPosts|1791331894331|1791331894331|1|10|-1
LdbcShortQuery3PersonFriends|1791331894332|1791331894333|2|53|-1
LdbcShortQuery4MessageContent|1791331894335|1791331894335|1|1|-1
LdbcShortQuery5MessageCreator|1791331894336|1791331894336|1|1|-1
LdbcShortQuery6MessageForum|1791331894337|1791331894337|1|1|-1
LdbcShortQuery7MessageReplies|1791331894338|1791331894338|1|1|-1
LdbcQuery7|1791331893671|1791331894341|5|20|1347531909569
LdbcShortQuery1PersonProfile|1791331894346|1791331894346|1|1|-1
LdbcShortQuery2PersonPosts|1791331894347|1791331894347|1|10|-1
LdbcShortQuery3PersonFriends|1791331894348|1791331894349|2|189|-1
LdbcQuery11|1791331893671|1791331894352|4|0|1347531909569
LdbcShortQuery4MessageContent|1791331894356|1791331894356|1|1|-1
LdbcShortQuery5MessageCreator|1791331894357|1791331894358|0|1|-1
LdbcShortQuery6MessageForum|1791331894358|1791331894359|1|1|-1
LdbcShortQuery7MessageReplies|1791331894360|1791331894360|0|0|-1
LdbcShortQuery1PersonProfile|1791331894360|1791331894361|0|1|-1
LdbcShortQuery2PersonPosts|1791331894361|1791331894362|1|10|-1
LdbcShortQuery3PersonFriends|1791331894363|1791331894363|1|230|-1
LdbcQuery5|1791331893671|1791331894365|34|20|1347531909569
LdbcShortQuery1PersonProfile|1791331894399|1791331894400|0|1|-1
LdbcShortQuery2PersonPosts|1791331894400|1791331894400|0|10|-1
LdbcShortQuery3PersonFriends|1791331894400|1791331894401|1|338|-1
LdbcShortQuery4MessageContent|1791331894402|1791331894403|0|1|-1
LdbcShortQuery5MessageCreator|1791331894403|1791331894403|0|1|-1
LdbcShortQuery6MessageForum|1791331894403|1791331894404|0|1|-1
LdbcShortQuery7MessageReplies|1791331894404|1791331894404|0|3|-1
LdbcShortQuery1PersonProfile|1791331894404|1791331894406|0|1|-1
LdbcShortQuery2PersonPosts|1791331894406|1791331894407|0|10|-1
LdbcShortQuery3PersonFriends|1791331894407|1791331894407|0|11|-1
LdbcUpdate5AddForumMembership|1791331895309|1791331895309|13|0|1347531925945
LdbcUpdate3AddCommentLike|1791331898447|1791331898447|12|0|1347531957325
LdbcQuery11|1791331898532|1791331898533|9|0|1347531958176
LdbcShortQuery4MessageContent|1791331898542|1791331898542|2|1|-1
LdbcShortQuery5MessageCreator|1791331898544|1791331898546|2|1|-1
LdbcShortQuery6MessageForum|1791331898548|1791331898548|2|1|-1
LdbcShortQuery7MessageReplies|1791331898550|1791331898550|3|0|-1
LdbcShortQuery1PersonProfile|1791331898553|1791331898554|2|1|-1
LdbcShortQuery2PersonPosts|1791331898556|1791331898557|16|10|-1
LdbcShortQuery3PersonFriends|1791331898573|1791331898573|3|16|-1
LdbcShortQuery4MessageContent|1791331898576|1791331898576|4|1|-1
LdbcShortQuery5MessageCreator|1791331898580|1791331898580|18|1|-1
LdbcShortQuery6MessageForum|1791331898598|1791331898599|1|1|-1
LdbcShortQuery7MessageReplies|1791331898600|1791331898600|0|0|-1
LdbcShortQuery1PersonProfile|1791331898600|1791331898601|0|1|-1
LdbcShortQuery2PersonPosts|1791331898601|1791331898602|2|10|-1
LdbcShortQuery3PersonFriends|1791331898604|1791331898605|4|35|-1
LdbcQuery5|1791331898532|1791331898610|53|20|1347531958176
LdbcShortQuery1PersonProfile|1791331898663|1791331898663|4|1|-1
LdbcShortQuery2PersonPosts|1791331898667|1791331898667|8|10|-1
LdbcShortQuery3PersonFriends|1791331898675|1791331898676|1|34|-1
LdbcQuery10|1791331898532|1791331898678|12|10|1347531958176
LdbcShortQuery4MessageContent|1791331898690|1791331898690|1|1|-1
LdbcShortQuery5MessageCreator|1791331898691|1791331898691|1|1|-1
LdbcShortQuery6MessageForum|1791331898692|1791331898693|1|1|-1
LdbcShortQuery7MessageReplies|1791331898694|1791331898695|0|0|-1
LdbcQuery12|1791331898532|1791331898695|44|2|1347531958176
LdbcShortQuery1PersonProfile|1791331898739|1791331898739|7|1|-1
LdbcShortQuery2PersonPosts|1791331898746|1791331898747|5|8|-1
LdbcShortQuery3PersonFriends|1791331898752|1791331898753|1|20|-1
LdbcShortQuery4MessageContent|1791331898754|1791331898755|4|1|-1
LdbcShortQuery5MessageCreator|1791331898759|1791331898759|3|1|-1
LdbcShortQuery6MessageForum|1791331898762|1791331898762|3|1|-1
LdbcShortQuery7MessageReplies|1791331898765|1791331898765|5|0|-1
LdbcQuery13|1791331898532|1791331898771|1|1|1347531958176
LdbcShortQuery4MessageContent|1791331898772|1791331898773|2|1|-1
LdbcShortQuery5MessageCreator|1791331898775|1791331898776|2|1|-1
LdbcShortQuery6MessageForum|1791331898778|1791331898778|6|1|-1
LdbcShortQuery7MessageReplies|1791331898784|1791331898785|1|0|-1
LdbcShortQuery1PersonProfile|1791331898786|1791331898786|1|1|-1
LdbcShortQuery2PersonPosts|1791331898787|1791331898787|3|10|-1
LdbcShortQuery3PersonFriends|1791331898790|1791331898791|1|14|-1
LdbcShortQuery4MessageContent|1791331898792|1791331898792|1|1|-1
LdbcShortQuery5MessageCreator|1791331898793|1791331898793|4|1|-1
LdbcShortQuery6MessageForum|1791331898797|1791331898797|2|1|-1
LdbcShortQuery7MessageReplies|1791331898799|1791331898800|1|0|-1
LdbcShortQuery1PersonProfile|1791331898801|1791331898801|1|1|-1
LdbcShortQuery2PersonPosts|1791331898802|1791331898802|1|10|-1
LdbcShortQuery3PersonFriends|1791331898803|1791331898804|1|22|-1
LdbcQuery2|1791331898532|1791331898805|5|20|1347531958176
LdbcShortQuery1PersonProfile|1791331898810|1791331898810|0|1|-1
LdbcShortQuery2PersonPosts|1791331898810|1791331898811|0|10|-1
LdbcShortQuery3PersonFriends|1791331898811|1791331898812|0|32|-1
LdbcShortQuery4MessageContent|1791331898812|1791331898812|0|1|-1
LdbcShortQuery5MessageCreator|1791331898812|1791331898813|0|1|-1
LdbcShortQuery6MessageForum|1791331898813|1791331898814|0|1|-1
LdbcShortQuery7MessageReplies|1791331898814|1791331898814|1|0|-1
LdbcShortQuery1PersonProfile|1791331898815|1791331898816|0|1|-1
LdbcShortQuery2PersonPosts|1791331898816|1791331898817|1|10|-1
LdbcShortQuery3PersonFriends|1791331898818|1791331898818|0|32|-1
LdbcShortQuery4MessageContent|1791331898818|1791331898819|0|1|-1
LdbcShortQuery5MessageCreator|1791331898819|1791331898819|0|1|-1
LdbcShortQuery6MessageForum|1791331898819|1791331898820|1|1|-1
LdbcShortQuery7MessageReplies|1791331898821|1791331898821|0|0|-1
LdbcShortQuery1PersonProfile|1791331898821|1791331898822|0|1|-1
LdbcShortQuery2PersonPosts|1791331898822|1791331898823|1|10|-1
LdbcShortQuery3PersonFriends|1791331898824|1791331898825|0|12|-1
LdbcQuery4|1791331898532|1791331898825|2|2|1347531958176
LdbcShortQuery4MessageContent|1791331898827|1791331898829|0|1|-1
LdbcShortQuery5MessageCreator|1791331898829|1791331898830|0|1|-1
LdbcShortQuery6MessageForum|1791331898830|1791331898830|0|1|-1
LdbcShortQuery7MessageReplies|1791331898830|1791331898831|0|0|-1
LdbcShortQuery1PersonProfile|1791331898831|1791331898831|0|1|-1
LdbcShortQuery2PersonPosts|1791331898831|1791331898832|0|10|-1
LdbcShortQuery3PersonFriends|1791331898832|1791331898833|0|34|-1
LdbcShortQuery4MessageContent|1791331898833|1791331898834|0|1|-1
LdbcShortQuery5MessageCreator|1791331898834|1791331898834|0|1|-1
LdbcShortQuery6MessageForum|1791331898834|1791331898835|0|1|-1
LdbcShortQuery7MessageReplies|1791331898835|1791331898835|0|0|-1
LdbcQuery3|1791331898532|1791331898836|56|0|1347531958176
LdbcShortQuery1PersonProfile|1791331898892|1791331898893|3|1|-1
LdbcShortQuery2PersonPosts|1791331898896|1791331898896|4|10|-1
LdbcShortQuery3PersonFriends|1791331898900|1791331898900|7|30|-1
LdbcShortQuery4MessageContent|1791331898907|1791331898908|3|1|-1
LdbcShortQuery5MessageCreator|1791331898911|1791331898911|1|1|-1
LdbcShortQuery6MessageForum|1791331898912|1791331898912|1|1|-1
LdbcShortQuery7MessageReplies|1791331898913|1791331898914|1|0|-1
LdbcShortQuery1PersonProfile|1791331898915|1791331898915|0|1|-1
LdbcShortQuery2PersonPosts|1791331898915|1791331898916|1|7|-1
LdbcShortQuery3PersonFriends|1791331898917|1791331898917|3|19|-1
LdbcShortQuery4MessageContent|1791331898920|1791331898921|2|1|-1
LdbcShortQuery5MessageCreator|1791331898923|1791331898923|4|1|-1
LdbcShortQuery6MessageForum|1791331898927|1791331898928|1|1|-1
LdbcShortQuery7MessageReplies|1791331898929|1791331898929|2|0|-1
LdbcShortQuery1PersonProfile|1791331898931|1791331898931|1|1|-1
LdbcShortQuery2PersonPosts|1791331898932|1791331898932|2|10|-1
LdbcShortQuery3PersonFriends|1791331898934|1791331898934|3|51|-1
LdbcQuery1|1791331898532|1791331898938|3|2|1347531958176
LdbcShortQuery4MessageContent|1791331898941|1791331898941|1|1|-1
LdbcShortQuery5MessageCreator|1791331898942|1791331898943|2|1|-1
LdbcShortQuery6MessageForum|1791331898945|1791331898945|7|1|-1
LdbcShortQuery7MessageReplies|1791331898952|1791331898952|2|0|-1
LdbcShortQuery1PersonProfile|1791331898954|1791331898955|1|1|-1
LdbcShortQuery2PersonPosts|1791331898956|1791331898957|1|10|-1
LdbcShortQuery3PersonFriends|1791331898958|1791331898959|1|14|-1
LdbcShortQuery4MessageContent|1791331898960|1791331898960|2|1|-1
LdbcShortQuery5MessageCreator|1791331898962|1791331898962|2|1|-1
LdbcShortQuery6MessageForum|1791331898964|1791331898965|2|1|-1
LdbcShortQuery7MessageReplies|1791331898967|1791331898968|2|2|-1
LdbcQuery7|1791331898532|1791331898970|4|20|1347531958176
LdbcShortQuery1PersonProfile|1791331898974|1791331898975|7|1|-1
LdbcShortQuery2PersonPosts|1791331898982|1791331898982|6|10|-1
LdbcShortQuery3PersonFriends|1791331898988|1791331898989|5|44|-1
LdbcShortQuery4MessageContent|1791331898994|1791331898995|1|1|-1
LdbcShortQuery5MessageCreator|1791331898996|1791331898996|1|1|-1
LdbcShortQuery6MessageForum|1791331898997|1791331898997|5|1|-1
LdbcShortQuery7MessageReplies|1791331899002|1791331899002|2|1|-1
LdbcQuery14|1791331898532|1791331899004|36|8|1347531958176
LdbcShortQuery4MessageContent|1791331899040|1791331899041|2|1|-1
LdbcShortQuery5MessageCreator|1791331899043|1791331899043|2|1|-1
LdbcShortQuery6MessageForum|1791331899045|1791331899046|3|1|-1
LdbcShortQuery7MessageReplies|1791331899049|1791331899050|1|0|-1
LdbcShortQuery1PersonProfile|1791331899051|1791331899051|1|1|-1
LdbcShortQuery2PersonPosts|1791331899052|1791331899052|1|1|-1
LdbcShortQuery3PersonFriends|1791331899053|1791331899054|1|60|-1
LdbcShortQuery4MessageContent|1791331899055|1791331899055|0|1|-1
LdbcShortQuery5MessageCreator|1791331899055|1791331899056|1|1|-1
LdbcShortQuery6MessageForum|1791331899057|1791331899057|1|1|-1
LdbcShortQuery7MessageReplies|1791331899058|1791331899058|1|0|-1
LdbcShortQuery1PersonProfile|1791331899059|1791331899059|61|1|-1
LdbcShortQuery2PersonPosts|1791331899120|1791331899121|3|10|-1
LdbcShortQuery3PersonFriends|1791331899124|1791331899124|1|42|-1
LdbcQuery6|1791331898532|1791331899126|30|10|1347531958176
LdbcShortQuery1PersonProfile|1791331899156|1791331899157|1|1|-1
LdbcShortQuery2PersonPosts|1791331899158|1791331899158|0|10|-1
LdbcShortQuery3PersonFriends|1791331899158|1791331899159|0|29|-1
LdbcShortQuery4MessageContent|1791331899159|1791331899160|0|1|-1
LdbcShortQuery5MessageCreator|1791331899160|1791331899160|0|1|-1
LdbcShortQuery6MessageForum|1791331899160|1791331899161|0|1|-1
LdbcShortQuery7MessageReplies|1791331899161|1791331899162|0|0|-1
LdbcQuery8|1791331898532|1791331899163|1|20|1347531958176
LdbcShortQuery4MessageContent|1791331899164|1791331899164|0|1|-1
LdbcShortQuery5MessageCreator|1791331899164|1791331899166|0|1|-1
LdbcShortQuery6MessageForum|1791331899166|1791331899167|0|1|-1
LdbcShortQuery7MessageReplies|1791331899167|1791331899167|1|8|-1
LdbcShortQuery1PersonProfile|1791331899168|1791331899168|0|1|-1
LdbcShortQuery2PersonPosts|1791331899168|1791331899169|0|10|-1
LdbcShortQuery3PersonFriends|1791331899169|1791331899170|0|30|-1
LdbcShortQuery4MessageContent|1791331899170|1791331899171|0|1|-1
LdbcShortQuery5MessageCreator|1791331899171|1791331899171|0|1|-1
LdbcShortQuery6MessageForum|1791331899171|1791331899171|0|1|-1
LdbcShortQuery7MessageReplies|1791331899171|1791331899172|0|0|-1
LdbcShortQuery1PersonProfile|1791331899172|1791331899173|0|1|-1
LdbcShortQuery2PersonPosts|1791331899173|1791331899173|0|10|-1
LdbcShortQuery3PersonFriends|1791331899173|1791331899173|0|19|-1
LdbcQuery9|1791331898532|1791331899174|55|20|1347531958176
LdbcShortQuery1PersonProfile|1791331899229|1791331899231|2|1|-1
LdbcShortQuery2PersonPosts|1791331899233|1791331899233|2|8|-1
LdbcShortQuery3PersonFriends|1791331899235|1791331899235|1|12|-1
LdbcShortQuery4MessageContent|1791331899236|1791331899237|0|1|-1
LdbcShortQuery5MessageCreator|1791331899237|1791331899237|0|1|-1
LdbcShortQuery6MessageForum|1791331899237|1791331899238|0|1|-1
LdbcShortQuery7MessageReplies|1791331899238|1791331899238|0|0|-1
LdbcShortQuery1PersonProfile|1791331899238|1791331899238|0|1|-1
LdbcShortQuery2PersonPosts|1791331899238|1791331899239|0|10|-1
LdbcShortQuery3PersonFriends|1791331899239|1791331899239|0|24|-1
LdbcQuery8|1791331903392|1791331903392|5|20|1347532006783
LdbcShortQuery4MessageContent|1791331903397|1791331903397|2|1|-1
LdbcShortQuery5MessageCreator|1791331903399|1791331903400|2|1|-1
LdbcShortQuery6MessageForum|1791331903402|1791331903402|2|1|-1
LdbcShortQuery7MessageReplies|1791331903404|1791331903405|2|1|-1
LdbcQuery9|1791331903392|1791331903406|64|20|1347532006783
LdbcShortQuery1PersonProfile|1791331903470|1791331903472|1|1|-1
LdbcShortQuery2PersonPosts|1791331903473|1791331903474|1|10|-1
LdbcShortQuery3PersonFriends|1791331903475|1791331903475|1|0|-1
LdbcShortQuery4MessageContent|1791331903476|1791331903477|1|1|-1
LdbcShortQuery5MessageCreator|1791331903478|1791331903478|1|1|-1
LdbcShortQuery6MessageForum|1791331903479|1791331903480|1|1|-1
LdbcShortQuery7MessageReplies|1791331903481|1791331903481|1|0|-1
LdbcShortQuery1PersonProfile|1791331903482|1791331903483|1|1|-1
LdbcShortQuery2PersonPosts|1791331903484|1791331903484|1|3|-1
LdbcShortQuery3PersonFriends|1791331903485|1791331903485|3|338|-1
LdbcShortQuery4MessageContent|1791331903488|1791331903489|1|1|-1
LdbcShortQuery5MessageCreator|1791331903490|1791331903490|0|1|-1
LdbcShortQuery6MessageForum|1791331903490|1791331903491|1|1|-1
LdbcShortQuery7MessageReplies|1791331903492|1791331903492|0|0|-1
LdbcQuery4|1791331903392|1791331903493|2|0|1347532006783
LdbcShortQuery4MessageContent|1791331903495|1791331903495|1|1|-1
LdbcShortQuery5MessageCreator|1791331903496|1791331903496|1|1|-1
LdbcShortQuery6MessageForum|1791331903497|1791331903498|1|1|-1
LdbcShortQuery7MessageReplies|1791331903499|1791331903499|1|0|-1
LdbcShortQuery1PersonProfile|1791331903500|1791331903500|1|1|-1
LdbcShortQuery2PersonPosts|1791331903501|1791331903502|1|10|-1
LdbcShortQuery3PersonFriends|1791331903503|1791331903503|3|230|-1
LdbcShortQuery4MessageContent|1791331903506|1791331903507|1|1|-1
LdbcShortQuery5MessageCreator|1791331903508|1791331903508|1|1|-1
LdbcShortQuery6MessageForum|1791331903509|1791331903509|2|1|-1
LdbcShortQuery7MessageReplies|1791331903511|1791331903511|1|0|-1
LdbcShortQuery1PersonProfile|1791331903512|1791331903513|1|1|-1
LdbcShortQuery2PersonPosts|1791331903514|1791331903514|3|10|-1
LdbcShortQuery3PersonFriends|1791331903517|1791331903517|1|59|-1
LdbcShortQuery4MessageContent|1791331903518|1791331903519|1|1|-1
LdbcShortQuery5MessageCreator|1791331903520|1791331903521|1|1|-1
LdbcShortQuery6MessageForum|1791331903522|1791331903522|1|1|-1
LdbcShortQuery7MessageReplies|1791331903523|1791331903523|1|1|-1
LdbcQuery10|1791331903392|1791331903525|12|10|1347532006783
LdbcShortQuery1PersonProfile|1791331903537|1791331903537|1|1|-1
LdbcShortQuery2PersonPosts|1791331903538|1791331903539|1|10|-1
LdbcShortQuery3PersonFriends|1791331903540|1791331903540|1|14|-1
LdbcShortQuery4MessageContent|1791331903541|1791331903541|1|1|-1
LdbcShortQuery5MessageCreator|1791331903542|1791331903543|2|1|-1
LdbcShortQuery6MessageForum|1791331903545|1791331903545|1|1|-1
LdbcShortQuery7MessageReplies|1791331903546|1791331903546|1|0|-1
LdbcShortQuery1PersonProfile|1791331903547|1791331903548|3|1|-1
LdbcShortQuery2PersonPosts|1791331903551|1791331903552|3|10|-1
LdbcShortQuery3PersonFriends|1791331903555|1791331903556|2|56|-1
LdbcQuery11|1791331903392|1791331903558|5|0|1347532006783
LdbcShortQuery4MessageContent|1791331903563|1791331903564|1|1|-1
LdbcShortQuery5MessageCreator|1791331903565|1791331903565|3|1|-1
LdbcShortQuery6MessageForum|1791331903568|1791331903569|2|1|-1
LdbcShortQuery7MessageReplies|1791331903571|1791331903572|3|3|-1
LdbcShortQuery1PersonProfile|1791331903575|1791331903575|1|1|-1
LdbcShortQuery2PersonPosts|1791331903576|1791331903576|1|1|-1
LdbcShortQuery3PersonFriends|1791331903577|1791331903578|3|13|-1
LdbcShortQuery4MessageContent|1791331903581|1791331903581|1|1|-1
LdbcShortQuery5MessageCreator|1791331903582|1791331903582|1|1|-1
LdbcShortQuery6MessageForum|1791331903583|1791331903583|1|1|-1
LdbcShortQuery7MessageReplies|1791331903584|1791331903584|1|1|-1
LdbcQuery5|1791331903392|1791331903586|29|0|1347532006783
LdbcShortQuery1PersonProfile|1791331903615|1791331903616|2|1|-1
LdbcShortQuery2PersonPosts|1791331903618|1791331903619|3|10|-1
LdbcShortQuery3PersonFriends|1791331903622|1791331903622|1|9|-1
LdbcShortQuery4MessageContent|1791331903623|1791331903624|1|1|-1
LdbcShortQuery5MessageCreator|1791331903625|1791331903626|1|1|-1
LdbcShortQuery6MessageForum|1791331903627|1791331903628|1|1|-1
LdbcShortQuery7MessageReplies|1791331903629|1791331903630|2|3|-1
LdbcShortQuery1PersonProfile|1791331903632|1791331903632|2|1|-1
LdbcShortQuery2PersonPosts|1791331903634|1791331903634|2|10|-1
LdbcShortQuery3PersonFriends|1791331903636|1791331903637|2|5|-1
LdbcShortQuery4MessageContent|1791331903639|1791331903639|1|1|-1
LdbcShortQuery5MessageCreator|1791331903640|1791331903641|1|1|-1
LdbcShortQuery6MessageForum|1791331903642|1791331903643|1|1|-1
LdbcShortQuery7MessageReplies|1791331903644|1791331903645|2|5|-1
LdbcShortQuery1PersonProfile|1791331903647|1791331903647|1|1|-1
LdbcShortQuery2PersonPosts|1791331903648|1791331903650|0|10|-1
LdbcShortQuery3PersonFriends|1791331903650|1791331903651|2|189|-1
LdbcQuery2|1791331903392|1791331903653|4|20|1347532006783
LdbcShortQuery4MessageContent|1791331903657|1791331903657|1|1|-1
LdbcShortQuery5MessageCreator|1791331903658|1791331903659|1|1|-1
LdbcShortQuery6MessageForum|1791331903660|1791331903660|1|1|-1
LdbcShortQuery7MessageReplies|1791331903661|1791331903662|1|0|-1
LdbcQuery12|1791331903392|1791331903663|87|1|1347532006783
LdbcShortQuery1PersonProfile|1791331903750|1791331903751|2|1|-1
LdbcShortQuery2PersonPosts|1791331903753|1791331903754|2|10|-1
LdbcShortQuery3PersonFriends|1791331903756|1791331903756|2|29|-1
LdbcShortQuery4MessageContent|1791331903758|1791331903758|1|1|-1
LdbcShortQuery5MessageCreator|1791331903759|1791331903760|1|1|-1
LdbcShortQuery6MessageForum|1791331903761|1791331903761|1|1|-1
LdbcShortQuery7MessageReplies|1791331903762|1791331903763|2|7|-1
LdbcQuery13|1791331903392|1791331903765|1|1|1347532006783
LdbcShortQuery4MessageContent|1791331903766|1791331903766|1|1|-1
LdbcShortQuery5MessageCreator|1791331903767|1791331903767|1|1|-1
LdbcShortQuery6MessageForum|1791331903768|1791331903769|1|1|-1
LdbcShortQuery7MessageReplies|1791331903770|1791331903770|1|0|-1
LdbcShortQuery1PersonProfile|1791331903771|1791331903771|2|1|-1
LdbcShortQuery2PersonPosts|1791331903773|1791331903773|2|10|-1
LdbcShortQuery3PersonFriends|1791331903775|1791331903776|2|8|-1
LdbcShortQuery4MessageContent|1791331903778|1791331903778|1|1|-1
LdbcShortQuery5MessageCreator|1791331903779|1791331903780|1|1|-1
LdbcShortQuery6MessageForum|1791331903781|1791331903781|1|1|-1
LdbcShortQuery7MessageReplies|1791331903782|1791331903782|1|0|-1
LdbcQuery6|1791331903392|1791331903784|66|10|1347532006783
LdbcShortQuery1PersonProfile|1791331903850|1791331903850|3|1|-1
LdbcShortQuery2PersonPosts|1791331903853|1791331903853|2|10|-1
LdbcShortQuery3PersonFriends|1791331903855|1791331903856|3|50|-1
LdbcShortQuery4MessageContent|1791331903859|1791331903859|2|1|-1
LdbcShortQuery5MessageCreator|1791331903861|1791331903861|2|1|-1
LdbcShortQuery6MessageForum|1791331903863|1791331903863|1|1|-1
LdbcShortQuery7MessageReplies|1791331903864|1791331903865|2|9|-1
LdbcShortQuery1PersonProfile|1791331903867|1791331903868|1|1|-1
LdbcShortQuery2PersonPosts|1791331903869|1791331903870|2|10|-1
LdbcShortQuery3PersonFriends|1791331903872|1791331903872|1|55|-1
LdbcQuery7|1791331903392|1791331903875|4|20|1347532006783
LdbcShortQuery4MessageContent|1791331903879|1791331903879|1|1|-1
LdbcShortQuery5MessageCreator|1791331903880|1791331903880|1|1|-1
LdbcShortQuery6MessageForum|1791331903881|1791331903882|2|1|-1
LdbcShortQuery7MessageReplies|1791331903884|1791331903885|1|0|-1
LdbcShortQuery1PersonProfile|1791331903886|1791331903886|1|1|-1
LdbcShortQuery2PersonPosts|1791331903887|1791331903888|1|1|-1
LdbcShortQuery3PersonFriends|1791331903889|1791331903890|1|3|-1
LdbcShortQuery4MessageContent|1791331903891|1791331903892|1|1|-1
LdbcShortQuery5MessageCreator|1791331903893|1791331903893|1|1|-1
LdbcShortQuery6MessageForum|1791331903894|1791331903895|1|1|-1
LdbcShortQuery7MessageReplies|1791331903896|1791331903896|2|0|-1
LdbcShortQuery1PersonProfile|1791331903898|1791331903899|1|1|-1
LdbcShortQuery2PersonPosts|1791331903900|1791331903901|2|10|-1
LdbcShortQuery3PersonFriends|1791331903903|1791331903903|2|14|-1
LdbcQuery3|1791331903392|1791331903905|76|0|1347532006783
LdbcShortQuery1PersonProfile|1791331903981|1791331903982|2|1|-1
LdbcShortQuery2PersonPosts|1791331903984|1791331903984|2|10|-1
LdbcShortQuery3PersonFriends|1791331903986|1791331903988|2|36|-1
LdbcQuery1|1791331903392|1791331903990|5|5|1347532006783
LdbcShortQuery4MessageContent|1791331903995|1791331903995|1|1|-1
LdbcShortQuery5MessageCreator|1791331903996|1791331903997|1|1|-1
LdbcShortQuery6MessageForum|1791331903998|1791331903999|1|1|-1
LdbcShortQuery7MessageReplies|1791331904000|1791331904001|1|0|-1
LdbcShortQuery1PersonProfile|1791331904002|1791331904002|1|1|-1
LdbcShortQuery2PersonPosts|1791331904003|1791331904004|2|10|-1
LdbcShortQuery3PersonFriends|1791331904006|1791331904006|5|29|-1
LdbcShortQuery4MessageContent|1791331904011|1791331904011|1|1|-1
LdbcShortQuery5MessageCreator|1791331904012|1791331904013|1|1|-1
LdbcShortQuery6MessageForum|1791331904014|1791331904015|1|1|-1
LdbcShortQuery7MessageReplies|1791331904016|1791331904017|2|0|-1
LdbcQuery14|1791331903392|1791331904019|87|10|1347532006783
LdbcShortQuery1PersonProfile|1791331904106|1791331904107|2|1|-1
LdbcShortQuery2PersonPosts|1791331904109|1791331904110|3|10|-1
LdbcShortQuery3PersonFriends|1791331904113|1791331904113|2|8|-1
LdbcShortQuery4MessageContent|1791331904115|1791331904115|2|1|-1
LdbcShortQuery5MessageCreator|1791331904117|1791331904117|1|1|-1
LdbcShortQuery6MessageForum|1791331904118|1791331904120|1|1|-1
LdbcShortQuery7MessageReplies|1791331904121|1791331904122|2|4|-1
LdbcUpdate2AddPostLike|1791331904126|1791331904127|6|0|1347532014109
LdbcUpdate5AddForumMembership|1791331904773|1791331904773|12|0|1347532020580
LdbcUpdate5AddForumMembership|1791331905229|1791331905230|8|0|1347532025146
LdbcUpdate5AddForumMembership|1791331906792|1791331906792|6|0|1347532040769
LdbcQuery1|1791331908253|1791331908253|4|1|1347532055390
LdbcShortQuery4MessageContent|1791331908257|1791331908257|2|1|-1
LdbcShortQuery5MessageCreator|1791331908259|1791331908261|1|1|-1
LdbcShortQuery6MessageForum|1791331908262|1791331908262|1|1|-1
LdbcShortQuery7MessageReplies|1791331908263|1791331908263|1|12|-1
LdbcShortQuery1PersonProfile|1791331908264|1791331908265|1|1|-1
LdbcShortQuery2PersonPosts|1791331908266|1791331908266|3|10|-1
LdbcShortQuery3PersonFriends|1791331908269|1791331908270|1|20|-1
LdbcShortQuery4MessageContent|1791331908271|1791331908272|1|1|-1
LdbcShortQuery5MessageCreator|1791331908273|1791331908274|1|1|-1
LdbcShortQuery6MessageForum|1791331908275|1791331908275|1|1|-1
LdbcShortQuery7MessageReplies|1791331908276|1791331908276|1|9|-1
LdbcQuery14|1791331908253|1791331908277|44|5|1347532055390
LdbcShortQuery1PersonProfile|1791331908321|1791331908322|1|1|-1
LdbcShortQuery2PersonPosts|1791331908323|1791331908323|1|10|-1
LdbcShortQuery3PersonFriends|1791331908324|1791331908326|1|44|-1
LdbcShortQuery4MessageContent|1791331908327|1791331908328|1|1|-1
LdbcShortQuery5MessageCreator|1791331908329|1791331908329|1|1|-1
LdbcShortQuery6MessageForum|1791331908330|1791331908330|1|1|-1
LdbcShortQuery7MessageReplies|1791331908331|1791331908332|1|12|-1
LdbcShortQuery1PersonProfile|1791331908333|1791331908333|1|1|-1
LdbcShortQuery2PersonPosts|1791331908334|1791331908334|1|10|-1
LdbcShortQuery3PersonFriends|1791331908335|1791331908335|2|15|-1
LdbcQuery2|1791331908253|1791331908338|4|20|1347532055390
LdbcShortQuery4MessageContent|1791331908342|1791331908342|1|1|-1
LdbcShortQuery5MessageCreator|1791331908343|1791331908343|0|1|-1
LdbcShortQuery6MessageForum|1791331908343|1791331908344|0|1|-1
LdbcShortQuery7MessageReplies|1791331908344|1791331908344|1|5|-1
LdbcShortQuery1PersonProfile|1791331908345|1791331908345|2|1|-1
LdbcShortQuery2PersonPosts|1791331908347|1791331908349|1|10|-1
LdbcShortQuery3PersonFriends|1791331908350|1791331908350|1|74|-1
LdbcQuery4|1791331908253|1791331908352|2|3|1347532055390
LdbcShortQuery1PersonProfile|1791331908354|1791331908354|1|1|-1
LdbcShortQuery2PersonPosts|1791331908355|1791331908355|1|10|-1
LdbcShortQuery3PersonFriends|1791331908356|1791331908357|1|13|-1
LdbcShortQuery4MessageContent|1791331908358|1791331908358|1|1|-1
LdbcShortQuery5MessageCreator|1791331908359|1791331908359|1|1|-1
LdbcShortQuery6MessageForum|1791331908360|1791331908360|1|1|-1
LdbcShortQuery7MessageReplies|1791331908361|1791331908361|1|0|-1
LdbcShortQuery1PersonProfile|1791331908362|1791331908363|1|1|-1
LdbcShortQuery2PersonPosts|1791331908364|1791331908365|3|10|-1
LdbcShortQuery3PersonFriends|1791331908368|1791331908368|2|14|-1
LdbcQuery8|1791331908253|1791331908371|4|20|1347532055390
LdbcShortQuery4MessageContent|1791331908375|1791331908375|1|1|-1
LdbcShortQuery5MessageCreator|1791331908376|1791331908376|1|1|-1
LdbcShortQuery6MessageForum|1791331908377|1791331908379|1|1|-1
LdbcShortQuery7MessageReplies|1791331908380|1791331908380|0|0|-1
LdbcShortQuery1PersonProfile|1791331908380|1791331908380|1|1|-1
LdbcShortQuery2PersonPosts|1791331908381|1791331908382|1|10|-1
LdbcShortQuery3PersonFriends|1791331908383|1791331908383|1|19|-1
LdbcQuery9|1791331908253|1791331908385|85|20|1347532055390
LdbcShortQuery1PersonProfile|1791331908470|1791331908470|3|1|-1
LdbcShortQuery2PersonPosts|1791331908473|1791331908474|1|0|-1
LdbcShortQuery3PersonFriends|1791331908475|1791331908476|1|5|-1
LdbcShortQuery4MessageContent|1791331908477|1791331908477|0|1|-1
LdbcShortQuery5MessageCreator|1791331908477|1791331908478|0|1|-1
LdbcShortQuery6MessageForum|1791331908478|1791331908479|0|1|-1
LdbcShortQuery7MessageReplies|1791331908479|1791331908479|0|0|-1
LdbcQuery5|1791331908253|1791331908480|44|20|1347532055390
LdbcShortQuery4MessageContent|1791331908524|1791331908524|1|1|-1
LdbcShortQuery5MessageCreator|1791331908525|1791331908526|1|1|-1
LdbcShortQuery6MessageForum|1791331908527|1791331908528|1|1|-1
LdbcShortQuery7MessageReplies|1791331908529|1791331908530|1|3|-1
LdbcShortQuery1PersonProfile|1791331908531|1791331908532|1|1|-1
LdbcShortQuery2PersonPosts|1791331908533|1791331908533|1|7|-1
LdbcShortQuery3PersonFriends|1791331908534|1791331908535|1|34|-1
LdbcQuery10|1791331908253|1791331908537|7|10|1347532055390
LdbcShortQuery1PersonProfile|1791331908544|1791331908544|1|1|-1
LdbcShortQuery2PersonPosts|1791331908545|1791331908546|1|10|-1
LdbcShortQuery3PersonFriends|1791331908547|1791331908547|1|29|-1
LdbcShortQuery4MessageContent|1791331908548|1791331908549|2|1|-1
LdbcShortQuery5MessageCreator|1791331908551|1791331908551|1|1|-1
LdbcShortQuery6MessageForum|1791331908552|1791331908553|1|1|-1
LdbcShortQuery7MessageReplies|1791331908554|1791331908555|1|5|-1
LdbcShortQuery1PersonProfile|1791331908556|1791331908556|1|1|-1
LdbcShortQuery2PersonPosts|1791331908557|1791331908558|1|10|-1
LdbcShortQuery3PersonFriends|1791331908559|1791331908560|1|43|-1
LdbcShortQuery4MessageContent|1791331908561|1791331908562|1|1|-1
LdbcShortQuery5MessageCreator|1791331908563|1791331908563|1|1|-1
LdbcShortQuery6MessageForum|1791331908564|1791331908565|1|1|-1
LdbcShortQuery7MessageReplies|1791331908566|1791331908566|1|0|-1
LdbcShortQuery1PersonProfile|1791331908567|1791331908568|1|1|-1
LdbcShortQuery2PersonPosts|1791331908569|1791331908569|2|10|-1
LdbcShortQuery3PersonFriends|1791331908571|1791331908571|2|53|-1
LdbcQuery11|1791331908253|1791331908574|2|0|1347532055390
LdbcShortQuery4MessageContent|1791331908576|1791331908577|1|1|-1
LdbcShortQuery5MessageCreator|1791331908578|1791331908578|1|1|-1
LdbcShortQuery6MessageForum|1791331908579|1791331908580|1|1|-1
LdbcShortQuery7MessageReplies|1791331908581|1791331908582|1|7|-1
LdbcShortQuery1PersonProfile|1791331908583|1791331908583|1|1|-1
LdbcShortQuery2PersonPosts|1791331908584|1791331908585|2|10|-1
LdbcShortQuery3PersonFriends|1791331908587|1791331908587|2|53|-1
LdbcShortQuery4MessageContent|1791331908589|1791331908589|1|1|-1
LdbcShortQuery5MessageCreator|1791331908590|1791331908591|1|1|-1
LdbcShortQuery6MessageForum|1791331908592|1791331908592|1|1|-1
LdbcShortQuery7MessageReplies|1791331908593|1791331908593|1|6|-1
LdbcShortQuery1PersonProfile|1791331908594|1791331908595|2|1|-1
LdbcShortQuery2PersonPosts|1791331908597|1791331908597|2|10|-1
LdbcShortQuery3PersonFriends|1791331908599|1791331908599|2|26|-1
LdbcQuery3|1791331908253|1791331908601|68|0|1347532055390
LdbcShortQuery1PersonProfile|1791331908669|1791331908671|3|1|-1
LdbcShortQuery2PersonPosts|1791331908674|1791331908674|4|10|-1
LdbcShortQuery3PersonFriends|1791331908678|1791331908678|2|59|-1
LdbcShortQuery4MessageContent|1791331908680|1791331908680|1|1|-1
LdbcShortQuery5MessageCreator|1791331908681|1791331908682|1|1|-1
LdbcShortQuery6MessageForum|1791331908683|1791331908684|1|1|-1
LdbcShortQuery7MessageReplies|1791331908685|1791331908686|1|6|-1
LdbcShortQuery1PersonProfile|1791331908687|1791331908688|2|1|-1
LdbcShortQuery2PersonPosts|1791331908690|1791331908690|3|10|-1
LdbcShortQuery3PersonFriends|1791331908693|1791331908693|2|19|-1
LdbcQuery6|1791331908253|1791331908695|49|10|1347532055390
LdbcShortQuery4MessageContent|1791331908744|1791331908745|1|1|-1
LdbcShortQuery5MessageCreator|1791331908746|1791331908747|1|1|-1
LdbcShortQuery6MessageForum|1791331908748|1791331908748|1|1|-1
LdbcShortQuery7MessageReplies|1791331908749|1791331908750|2|0|-1
LdbcShortQuery1PersonProfile|1791331908752|1791331908752|2|1|-1
LdbcShortQuery2PersonPosts|1791331908754|1791331908754|2|10|-1
LdbcShortQuery3PersonFriends|1791331908756|1791331908756|2|55|-1
LdbcQuery12|1791331908253|1791331908759|49|1|1347532055390
LdbcShortQuery1PersonProfile|1791331908808|1791331908808|2|1|-1
LdbcShortQuery2PersonPosts|1791331908810|1791331908810|1|10|-1
LdbcShortQuery3PersonFriends|1791331908811|1791331908811|2|41|-1
LdbcShortQuery4MessageContent|1791331908813|1791331908814|1|1|-1
LdbcShortQuery5MessageCreator|1791331908815|1791331908816|1|1|-1
LdbcShortQuery6MessageForum|1791331908817|1791331908817|1|1|-1
LdbcShortQuery7MessageReplies|1791331908818|1791331908819|1|7|-1
LdbcShortQuery1PersonProfile|1791331908820|1791331908820|1|1|-1
LdbcShortQuery2PersonPosts|1791331908821|1791331908822|1|10|-1
LdbcShortQuery3PersonFriends|1791331908823|1791331908824|1|16|-1
LdbcQuery13|1791331908253|1791331908825|1|1|1347532055390
LdbcShortQuery4MessageContent|1791331908826|1791331908826|1|1|-1
LdbcShortQuery5MessageCreator|1791331908827|1791331908828|0|1|-1
LdbcShortQuery6MessageForum|1791331908828|1791331908829|0|1|-1
LdbcShortQuery7MessageReplies|1791331908829|1791331908829|1|9|-1
LdbcShortQuery1PersonProfile|1791331908830|1791331908831|1|1|-1
LdbcShortQuery2PersonPosts|1791331908832|1791331908832|2|10|-1
LdbcShortQuery3PersonFriends|1791331908834|1791331908835|1|21|-1
LdbcQuery7|1791331908253|1791331908836|2|20|1347532055390
LdbcShortQuery1PersonProfile|1791331908838|1791331908838|0|1|-1
LdbcShortQuery2PersonPosts|1791331908838|1791331908838|0|10|-1
LdbcShortQuery3PersonFriends|1791331908838|1791331908839|0|41|-1
LdbcQuery13|1791331913114|1791331913114|2|1|1347532103997
LdbcShortQuery4MessageContent|1791331913116|1791331913116|2|1|-1
LdbcShortQuery5MessageCreator|1791331913118|1791331913118|1|1|-1
LdbcShortQuery6MessageForum|1791331913119|1791331913120|2|1|-1
LdbcShortQuery7MessageReplies|1791331913122|1791331913123|2|7|-1
LdbcQuery7|1791331913114|1791331913125|4|20|1347532103997
LdbcShortQuery1PersonProfile|1791331913129|1791331913129|1|1|-1
LdbcShortQuery2PersonPosts|1791331913130|1791331913131|2|10|-1
LdbcShortQuery3PersonFriends|1791331913133|1791331913134|2|36|-1
LdbcShortQuery4MessageContent|1791331913136|1791331913136|1|1|-1
LdbcShortQuery5MessageCreator|1791331913137|1791331913138|1|1|-1
LdbcShortQuery6MessageForum|1791331913139|1791331913139|1|1|-1
LdbcShortQuery7MessageReplies|1791331913140|1791331913142|1|7|-1
LdbcShortQuery1PersonProfile|1791331913143|1791331913144|1|1|-1
LdbcShortQuery2PersonPosts|1791331913145|1791331913145|2|10|-1
LdbcShortQuery3PersonFriends|1791331913147|1791331913147|1|38|-1
LdbcQuery5|1791331913114|1791331913149|32|20|1347532103997
LdbcShortQuery4MessageContent|1791331913181|1791331913181|0|1|-1
LdbcShortQuery5MessageCreator|1791331913181|1791331913183|0|1|-1
LdbcShortQuery6MessageForum|1791331913183|1791331913183|0|1|-1
LdbcShortQuery7MessageReplies|1791331913183|1791331913184|0|8|-1
LdbcShortQuery1PersonProfile|1791331913184|1791331913184|0|1|-1
LdbcShortQuery2PersonPosts|1791331913184|1791331913185|0|10|-1
LdbcShortQuery3PersonFriends|1791331913185|1791331913185|0|8|-1
LdbcShortQuery4MessageContent|1791331913185|1791331913185|0|1|-1
LdbcShortQuery5MessageCreator|1791331913185|1791331913187|0|1|-1
LdbcShortQuery6MessageForum|1791331913187|1791331913187|0|1|-1
LdbcShortQuery7MessageReplies|1791331913187|1791331913188|0|5|-1
LdbcQuery2|1791331913114|1791331913188|1|20|1347532103997
LdbcShortQuery1PersonProfile|1791331913189|1791331913190|0|1|-1
LdbcShortQuery2PersonPosts|1791331913190|1791331913190|0|10|-1
LdbcShortQuery3PersonFriends|1791331913190|1791331913192|0|56|-1
LdbcQuery1|1791331913114|1791331913192|1|20|1347532103997
LdbcShortQuery4MessageContent|1791331913193|1791331913194|0|1|-1
LdbcShortQuery5MessageCreator|1791331913194|1791331913194|0|1|-1
LdbcShortQuery6MessageForum|1791331913194|1791331913194|0|1|-1
LdbcShortQuery7MessageReplies|1791331913194|1791331913195|0|0|-1
LdbcShortQuery1PersonProfile|1791331913195|1791331913195|0|1|-1
LdbcShortQuery2PersonPosts|1791331913195|1791331913196|0|10|-1
LdbcShortQuery3PersonFriends|1791331913196|1791331913196|0|96|-1
LdbcShortQuery4MessageContent|1791331913196|1791331913198|0|1|-1
LdbcShortQuery5MessageCreator|1791331913198|1791331913198|0|1|-1
LdbcShortQuery6MessageForum|1791331913198|1791331913198|0|1|-1
LdbcShortQuery7MessageReplies|1791331913198|1791331913199|0|1|-1
LdbcShortQuery1PersonProfile|1791331913199|1791331913199|0|1|-1
LdbcShortQuery2PersonPosts|1791331913199|1791331913200|1|10|-1
LdbcShortQuery3PersonFriends|1791331913201|1791331913201|1|59|-1
LdbcQuery14|1791331913114|1791331913202|14|8|1347532103997
LdbcShortQuery1PersonProfile|1791331913216|1791331913217|13|1|-1
LdbcShortQuery2PersonPosts|1791331913230|1791331913231|0|10|-1
LdbcShortQuery3PersonFriends|1791331913231|1791331913232|0|43|-1
LdbcShortQuery4MessageContent|1791331913232|1791331913233|0|1|-1
LdbcShortQuery5MessageCreator|1791331913233|1791331913233|0|1|-1
LdbcShortQuery6MessageForum|1791331913233|1791331913233|0|1|-1
LdbcShortQuery7MessageReplies|1791331913233|1791331913234|0|4|-1
LdbcQuery9|1791331913114|1791331913235|79|20|1347532103997
LdbcShortQuery4MessageContent|1791331913314|1791331913314|1|1|-1
LdbcShortQuery5MessageCreator|1791331913315|1791331913316|2|1|-1
LdbcShortQuery6MessageForum|1791331913318|1791331913318|2|1|-1
LdbcShortQuery7MessageReplies|1791331913320|1791331913320|1|0|-1
LdbcShortQuery1PersonProfile|1791331913321|1791331913322|1|1|-1
LdbcShortQuery2PersonPosts|1791331913323|1791331913323|1|10|-1
LdbcShortQuery3PersonFriends|1791331913324|1791331913325|1|38|-1
LdbcQuery4|1791331913114|1791331913327|2|1|1347532103997
LdbcShortQuery1PersonProfile|1791331913329|1791331913329|1|1|-1
LdbcShortQuery2PersonPosts|1791331913330|1791331913330|2|10|-1
LdbcShortQuery3PersonFriends|1791331913332|1791331913332|3|256|-1
LdbcShortQuery4MessageContent|1791331913335|1791331913336|1|1|-1
LdbcShortQuery5MessageCreator|1791331913337|1791331913337|1|1|-1
LdbcShortQuery6MessageForum|1791331913338|1791331913339|1|1|-1
LdbcShortQuery7MessageReplies|1791331913340|1791331913340|1|0|-1
LdbcShortQuery1PersonProfile|1791331913341|1791331913341|1|1|-1
LdbcShortQuery2PersonPosts|1791331913342|1791331913342|1|10|-1
LdbcShortQuery3PersonFriends|1791331913343|1791331913343|1|44|-1
LdbcShortQuery4MessageContent|1791331913344|1791331913346|1|1|-1
LdbcShortQuery5MessageCreator|1791331913347|1791331913347|1|1|-1
LdbcShortQuery6MessageForum|1791331913348|1791331913348|1|1|-1
LdbcShortQuery7MessageReplies|1791331913349|1791331913349|1|9|-1
LdbcQuery8|1791331913114|1791331913350|5|20|1347532103997
LdbcShortQuery4MessageContent|1791331913355|1791331913355|1|1|-1
LdbcShortQuery5MessageCreator|1791331913356|1791331913356|1|1|-1
LdbcShortQuery6MessageForum|1791331913357|1791331913357|1|1|-1
LdbcShortQuery7MessageReplies|1791331913358|1791331913359|1|1|-1
LdbcShortQuery1PersonProfile|1791331913360|1791331913361|1|1|-1
LdbcShortQuery2PersonPosts|1791331913362|1791331913362|1|10|-1
LdbcShortQuery3PersonFriends|1791331913363|1791331913364|1|44|-1
LdbcQuery12|1791331913114|1791331913365|61|2|1347532103997
LdbcShortQuery1PersonProfile|1791331913426|1791331913427|1|1|-1
LdbcShortQuery2PersonPosts|1791331913428|1791331913428|1|10|-1
LdbcShortQuery3PersonFriends|1791331913429|1791331913430|1|62|-1
LdbcShortQuery4MessageContent|1791331913431|1791331913432|0|1|-1
LdbcShortQuery5MessageCreator|1791331913432|1791331913432|0|1|-1
LdbcShortQuery6MessageForum|1791331913432|1791331913433|1|1|-1
LdbcShortQuery7MessageReplies|1791331913434|1791331913434|1|5|-1
LdbcShortQuery1PersonProfile|1791331913435|1791331913435|0|1|-1
LdbcShortQuery2PersonPosts|1791331913435|1791331913436|1|10|-1
LdbcShortQuery3PersonFriends|1791331913437|1791331913438|1|17|-1
LdbcQuery3|1791331913114|1791331913439|66|0|1347532103997
LdbcShortQuery4MessageContent|1791331913505|1791331913505|2|1|-1
LdbcShortQuery5MessageCreator|1791331913507|1791331913508|2|1|-1
LdbcShortQuery6MessageForum|1791331913510|1791331913511|2|1|-1
LdbcShortQuery7MessageReplies|1791331913513|1791331913513|2|9|-1
LdbcShortQuery1PersonProfile|1791331913515|1791331913515|1|1|-1
LdbcShortQuery2PersonPosts|1791331913516|1791331913517|1|10|-1
LdbcShortQuery3PersonFriends|1791331913518|1791331913519|1|8|-1
LdbcShortQuery4MessageContent|1791331913520|1791331913520|0|1|-1
LdbcShortQuery5MessageCreator|1791331913520|1791331913521|1|1|-1
LdbcShortQuery6MessageForum|1791331913522|1791331913522|1|1|-1
LdbcShortQuery7MessageReplies|1791331913523|1791331913523|1|0|-1
LdbcQuery10|1791331913114|1791331913525|42|10|1347532103997
LdbcShortQuery1PersonProfile|1791331913567|1791331913567|5|1|-1
LdbcShortQuery2PersonPosts|1791331913572|1791331913574|3|10|-1
LdbcShortQuery3PersonFriends|1791331913577|1791331913577|2|41|-1
LdbcShortQuery4MessageContent|1791331913579|1791331913580|4|1|-1
LdbcShortQuery5MessageCreator|1791331913584|1791331913585|4|1|-1
LdbcShortQuery6MessageForum|1791331913589|1791331913590|2|1|-1
LdbcShortQuery7MessageReplies|1791331913592|1791331913593|1|0|-1
LdbcShortQuery1PersonProfile|1791331913594|1791331913594|4|1|-1
LdbcShortQuery2PersonPosts|1791331913598|1791331913599|5|10|-1
LdbcShortQuery3PersonFriends|1791331913604|1791331913605|5|5|-1
LdbcShortQuery4MessageContent|1791331913610|1791331913610|5|1|-1
LdbcShortQuery5MessageCreator|1791331913615|1791331913617|3|1|-1
LdbcShortQuery6MessageForum|1791331913620|1791331913620|3|1|-1
LdbcShortQuery7MessageReplies|1791331913623|1791331913624|1|0|-1
LdbcQuery11|1791331913114|1791331913626|4|1|1347532103997
LdbcShortQuery4MessageContent|1791331913630|1791331913630|7|1|-1
LdbcShortQuery5MessageCreator|1791331913637|1791331913638|2|1|-1
LdbcShortQuery6MessageForum|1791331913640|1791331913640|1|1|-1
LdbcShortQuery7MessageReplies|1791331913641|1791331913642|4|0|-1
LdbcShortQuery1PersonProfile|1791331913646|1791331913646|1|1|-1
LdbcShortQuery2PersonPosts|1791331913647|1791331913649|2|10|-1
LdbcShortQuery3PersonFriends|1791331913651|1791331913652|1|13|-1
LdbcQuery6|1791331913114|1791331913654|65|1|1347532103997
LdbcShortQuery1PersonProfile|1791331913719|1791331913720|2|1|-1
LdbcShortQuery2PersonPosts|1791331913722|1791331913722|2|10|-1
LdbcShortQuery3PersonFriends|1791331913724|1791331913724|2|38|-1
LdbcShortQuery4MessageContent|1791331913726|1791331913727|1|1|-1
LdbcShortQuery5MessageCreator|1791331913728|1791331913729|1|1|-1
LdbcShortQuery6MessageForum|1791331913730|1791331913731|1|1|-1
LdbcShortQuery7MessageReplies|1791331913732|1791331913732|1|4|-1
LdbcUpdate5AddForumMembership|1791331916012|1791331916012|4|0|1347532132974
LdbcQuery11|1791331917975|1791331917975|6|0|1347532152604
LdbcShortQuery4MessageContent|1791331917981|1791331917982|2|1|-1
LdbcShortQuery5MessageCreator|1791331917984|1791331917984|3|1|-1
LdbcShortQuery6MessageForum|1791331917987|1791331917988|3|1|-1
LdbcShortQuery7MessageReplies|1791331917991|1791331917991|3|0|-1
LdbcShortQuery1PersonProfile|1791331917994|1791331917994|4|1|-1
LdbcShortQuery2PersonPosts|1791331917998|1791331917998|2|10|-1
LdbcShortQuery3PersonFriends|1791331918000|1791331918002|4|41|-1
LdbcShortQuery4MessageContent|1791331918006|1791331918006|4|1|-1
LdbcShortQuery5MessageCreator|1791331918010|1791331918010|4|1|-1
LdbcShortQuery6MessageForum|1791331918014|1791331918015|6|1|-1
LdbcShortQuery7MessageReplies|1791331918021|1791331918021|8|8|-1
LdbcShortQuery1PersonProfile|1791331918029|1791331918030|2|1|-1
LdbcShortQuery2PersonPosts|1791331918032|1791331918032|8|10|-1
LdbcShortQuery3PersonFriends|1791331918040|1791331918042|3|29|-1
LdbcQuery6|1791331917975|1791331918045|45|10|1347532152604
LdbcShortQuery1PersonProfile|1791331918090|1791331918091|1|1|-1
LdbcShortQuery2PersonPosts|1791331918092|1791331918092|1|10|-1
LdbcShortQuery3PersonFriends|1791331918093|1791331918094|2|31|-1
LdbcShortQuery4MessageContent|1791331918096|1791331918097|5|1|-1
LdbcShortQuery5MessageCreator|1791331918102|1791331918103|4|1|-1
LdbcShortQuery6MessageForum|1791331918107|1791331918108|1|1|-1
LdbcShortQuery7MessageReplies|1791331918109|1791331918109|5|4|-1
LdbcShortQuery1PersonProfile|1791331918114|1791331918115|6|1|-1
LdbcShortQuery2PersonPosts|1791331918121|1791331918121|2|10|-1
LdbcShortQuery3PersonFriends|1791331918123|1791331918123|5|82|-1
LdbcQuery9|1791331917975|1791331918128|53|20|1347532152604
LdbcShortQuery4MessageContent|1791331918181|1791331918181|1|1|-1
LdbcShortQuery5MessageCreator|1791331918182|1791331918184|2|1|-1
LdbcShortQuery6MessageForum|1791331918186|1791331918187|5|1|-1
LdbcShortQuery7MessageReplies|1791331918192|1791331918192|6|0|-1
LdbcShortQuery1PersonProfile|1791331918198|1791331918198|0|1|-1
LdbcShortQuery2PersonPosts|1791331918198|1791331918199|4|10|-1
LdbcShortQuery3PersonFriends|1791331918203|1791331918203|2|13|-1
LdbcShortQuery4MessageContent|1791331918205|1791331918206|3|1|-1
LdbcShortQuery5MessageCreator|1791331918209|1791331918209|3|1|-1
LdbcShortQuery6MessageForum|1791331918212|1791331918213|0|1|-1
LdbcShortQuery7MessageReplies|1791331918213|1791331918214|0|0|-1
LdbcShortQuery1PersonProfile|1791331918214|1791331918215|0|1|-1
LdbcShortQuery2PersonPosts|1791331918215|1791331918215|1|10|-1
LdbcShortQuery3PersonFriends|1791331918216|1791331918217|1|93|-1
LdbcShortQuery4MessageContent|1791331918218|1791331918218|5|1|-1
LdbcShortQuery5MessageCreator|1791331918223|1791331918224|4|1|-1
LdbcShortQuery6MessageForum|1791331918228|1791331918228|9|1|-1
LdbcShortQuery7MessageReplies|1791331918237|1791331918238|2|0|-1
LdbcQuery5|1791331917975|1791331918241|41|20|1347532152604
LdbcShortQuery1PersonProfile|1791331918282|1791331918282|2|1|-1
LdbcShortQuery2PersonPosts|1791331918284|1791331918284|2|10|-1
LdbcShortQuery3PersonFriends|1791331918286|1791331918287|1|2|-1
LdbcShortQuery4MessageContent|1791331918288|1791331918288|1|1|-1
LdbcShortQuery5MessageCreator|1791331918289|1791331918291|1|1|-1
LdbcShortQuery6MessageForum|1791331918292|1791331918292|1|1|-1
LdbcShortQuery7MessageReplies|1791331918293|1791331918293|1|0|-1
LdbcShortQuery1PersonProfile|1791331918294|1791331918294|1|1|-1
LdbcShortQuery2PersonPosts|1791331918295|1791331918296|1|10|-1
LdbcShortQuery3PersonFriends|1791331918297|1791331918298|2|85|-1
LdbcShortQuery4MessageContent|1791331918300|1791331918300|2|1|-1
LdbcShortQuery5MessageCreator|1791331918302|1791331918302|1|1|-1
LdbcShortQuery6MessageForum|1791331918303|1791331918304|1|1|-1
LdbcShortQuery7MessageReplies|1791331918305|1791331918306|1|0|-1
LdbcQuery13|1791331917975|1791331918307|1|1|1347532152604
LdbcShortQuery4MessageContent|1791331918308|1791331918309|1|1|-1
LdbcShortQuery5MessageCreator|1791331918310|1791331918310|1|1|-1
LdbcShortQuery6MessageForum|1791331918311|1791331918312|1|1|-1
LdbcShortQuery7MessageReplies|1791331918313|1791331918313|1|0|-1
LdbcShortQuery1PersonProfile|1791331918314|1791331918314|1|1|-1
LdbcShortQuery2PersonPosts|1791331918315|1791331918315|1|10|-1
LdbcShortQuery3PersonFriends|1791331918316|1791331918316|1|7|-1
LdbcShortQuery4MessageContent|1791331918317|1791331918318|1|1|-1
LdbcShortQuery5MessageCreator|1791331918319|1791331918319|1|1|-1
LdbcShortQuery6MessageForum|1791331918320|1791331918321|1|1|-1
LdbcShortQuery7MessageReplies|1791331918322|1791331918323|1|7|-1
LdbcQuery7|1791331917975|1791331918324|4|20|1347532152604
LdbcShortQuery1PersonProfile|1791331918328|1791331918328|1|1|-1
LdbcShortQuery2PersonPosts|1791331918329|1791331918329|0|7|-1
LdbcShortQuery3PersonFriends|1791331918329|1791331918330|0|4|-1
LdbcShortQuery4MessageContent|1791331918330|1791331918332|0|1|-1
LdbcShortQuery5MessageCreator|1791331918332|1791331918332|0|1|-1
LdbcShortQuery6MessageForum|1791331918332|1791331918333|1|1|-1
LdbcShortQuery7MessageReplies|1791331918334|1791331918334|1|5|-1
LdbcQuery14|1791331917975|1791331918335|28|10|1347532152604
LdbcShortQuery4MessageContent|1791331918363|1791331918363|1|1|-1
LdbcShortQuery5MessageCreator|1791331918364|1791331918365|0|1|-1
LdbcShortQuery6MessageForum|1791331918365|1791331918366|1|1|-1
LdbcShortQuery7MessageReplies|1791331918367|1791331918367|0|0|-1
LdbcQuery2|1791331917975|1791331918367|1|20|1347532152604
LdbcShortQuery1PersonProfile|1791331918368|1791331918370|0|1|-1
LdbcShortQuery2PersonPosts|1791331918370|1791331918370|0|10|-1
LdbcShortQuery3PersonFriends|1791331918370|1791331918371|0|37|-1
LdbcQuery1|1791331917975|1791331918371|1|19|1347532152604
LdbcShortQuery4MessageContent|1791331918372|1791331918373|0|1|-1
LdbcShortQuery5MessageCreator|1791331918373|1791331918373|0|1|-1
LdbcShortQuery6MessageForum|1791331918373|1791331918373|0|1|-1
LdbcShortQuery7MessageReplies|1791331918373|1791331918373|0|8|-1
LdbcShortQuery1PersonProfile|1791331918373|1791331918374|0|1|-1
LdbcShortQuery2PersonPosts|1791331918374|1791331918374|0|10|-1
LdbcShortQuery3PersonFriends|1791331918374|1791331918376|0|15|-1
LdbcQuery10|1791331917975|1791331918376|7|10|1347532152604
LdbcShortQuery1PersonProfile|1791331918383|1791331918384|0|1|-1
LdbcShortQuery2PersonPosts|1791331918384|1791331918385|0|10|-1
LdbcShortQuery3PersonFriends|1791331918385|1791331918386|0|8|-1
LdbcShortQuery4MessageContent|1791331918386|1791331918386|0|1|-1
LdbcShortQuery5MessageCreator|1791331918386|1791331918386|0|1|-1
LdbcShortQuery6MessageForum|1791331918386|1791331918387|0|1|-1
LdbcShortQuery7MessageReplies|1791331918387|1791331918387|0|1|-1
LdbcShortQuery1PersonProfile|1791331918387|1791331918387|0|1|-1
LdbcShortQuery2PersonPosts|1791331918387|1791331918388|0|10|-1
LdbcShortQuery3PersonFriends|1791331918388|1791331918388|0|41|-1
LdbcShortQuery4MessageContent|1791331918388|1791331918388|0|1|-1
LdbcShortQuery5MessageCreator|1791331918388|1791331918390|0|1|-1
LdbcShortQuery6MessageForum|1791331918390|1791331918390|0|1|-1
LdbcShortQuery7MessageReplies|1791331918390|1791331918391|0|0|-1
LdbcQuery12|1791331917975|1791331918391|62|1|1347532152604
LdbcShortQuery4MessageContent|1791331918453|1791331918454|2|1|-1
LdbcShortQuery5MessageCreator|1791331918456|1791331918456|1|1|-1
LdbcShortQuery6MessageForum|1791331918457|1791331918457|1|1|-1
LdbcShortQuery7MessageReplies|1791331918458|1791331918459|1|5|-1
LdbcQuery4|1791331917975|1791331918460|1|0|1347532152604
LdbcShortQuery1PersonProfile|1791331918461|1791331918462|0|1|-1
LdbcShortQuery2PersonPosts|1791331918462|1791331918463|1|10|-1
LdbcShortQuery3PersonFriends|1791331918464|1791331918465|1|24|-1
LdbcQuery8|1791331917975|1791331918466|4|20|1347532152604
LdbcShortQuery4MessageContent|1791331918470|1791331918471|2|1|-1
LdbcShortQuery5MessageCreator|1791331918473|1791331918473|1|1|-1
LdbcShortQuery6MessageForum|1791331918474|1791331918475|2|1|-1
LdbcShortQuery7MessageReplies|1791331918477|1791331918478|1|0|-1
LdbcShortQuery1PersonProfile|1791331918479|1791331918479|1|1|-1
LdbcShortQuery2PersonPosts|1791331918480|1791331918480|1|10|-1
LdbcShortQuery3PersonFriends|1791331918481|1791331918482|2|64|-1
LdbcShortQuery4MessageContent|1791331918484|1791331918484|1|1|-1
LdbcShortQuery5MessageCreator|1791331918485|1791331918486|1|1|-1
LdbcShortQuery6MessageForum|1791331918487|1791331918487|1|1|-1
LdbcShortQuery7MessageReplies|1791331918488|1791331918489|1|0|-1
LdbcQuery3|1791331917975|1791331918491|65|0|1347532152604
LdbcShortQuery1PersonProfile|1791331918556|1791331918557|2|1|-1
LdbcShortQuery2PersonPosts|1791331918559|1791331918559|2|10|-1
LdbcShortQuery3PersonFriends|1791331918561|1791331918562|3|65|-1
LdbcShortQuery4MessageContent|1791331918565|1791331918565|2|1|-1
LdbcShortQuery5MessageCreator|1791331918567|1791331918567|3|1|-1
LdbcShortQuery6MessageForum|1791331918570|1791331918570|1|1|-1
LdbcShortQuery7MessageReplies|1791331918571|1791331918572|1|0|-1
LdbcQuery8|1791331922835|1791331922836|6|20|1347532201211
LdbcShortQuery4MessageContent|1791331922842|1791331922842|2|1|-1
LdbcShortQuery5MessageCreator|1791331922844|1791331922844|2|1|-1
LdbcShortQuery6MessageForum|1791331922846|1791331922847|2|1|-1
LdbcShortQuery7MessageReplies|1791331922849|1791331922849|2|4|-1
LdbcShortQuery1PersonProfile|1791331922851|1791331922852|2|1|-1
LdbcShortQuery2PersonPosts|1791331922854|1791331922854|3|10|-1
LdbcShortQuery3PersonFriends|1791331922857|1791331922857|2|14|-1
LdbcShortQuery4MessageContent|1791331922859|1791331922860|2|1|-1
LdbcShortQuery5MessageCreator|1791331922862|1791331922862|2|1|-1
LdbcShortQuery6MessageForum|1791331922864|1791331922866|2|1|-1
LdbcShortQuery7MessageReplies|1791331922868|1791331922868|2|2|-1
LdbcQuery3|1791331922835|1791331922870|69|0|1347532201211
LdbcShortQuery1PersonProfile|1791331922939|1791331922940|1|1|-1
LdbcShortQuery2PersonPosts|1791331922941|1791331922941|1|10|-1
LdbcShortQuery3PersonFriends|1791331922942|1791331922943|1|62|-1
LdbcShortQuery4MessageContent|1791331922944|1791331922944|1|1|-1
LdbcShortQuery5MessageCreator|1791331922945|1791331922947|1|1|-1
LdbcShortQuery6MessageForum|1791331922948|1791331922949|1|1|-1
LdbcShortQuery7MessageReplies|1791331922950|1791331922950|2|3|-1
LdbcShortQuery1PersonProfile|1791331922952|1791331922952|1|1|-1
LdbcShortQuery2PersonPosts|1791331922953|1791331922953|2|10|-1
LdbcShortQuery3PersonFriends|1791331922955|1791331922956|1|35|-1
LdbcQuery14|1791331922835|1791331922958|2|1|1347532201211
LdbcShortQuery4MessageContent|1791331922960|1791331922961|1|1|-1
LdbcShortQuery5MessageCreator|1791331922962|1791331922962|0|1|-1
LdbcShortQuery6MessageForum|1791331922962|1791331922963|1|1|-1
LdbcShortQuery7MessageReplies|1791331922964|1791331922964|1|0|-1
LdbcShortQuery1PersonProfile|1791331922965|1791331922965|1|1|-1
LdbcShortQuery2PersonPosts|1791331922966|1791331922966|1|10|-1
LdbcShortQuery3PersonFriends|1791331922967|1791331922968|1|31|-1
LdbcQuery9|1791331922835|1791331922969|88|20|1347532201211
LdbcShortQuery1PersonProfile|1791331923057|1791331923058|1|1|-1
LdbcShortQuery2PersonPosts|1791331923059|1791331923060|1|10|-1
LdbcShortQuery3PersonFriends|1791331923061|1791331923061|0|13|-1
LdbcShortQuery4MessageContent|1791331923061|1791331923062|0|1|-1
LdbcShortQuery5MessageCreator|1791331923062|1791331923062|0|1|-1
LdbcShortQuery6MessageForum|1791331923062|1791331923063|0|1|-1
LdbcShortQuery7MessageReplies|1791331923063|1791331923064|0|0|-1
LdbcQuery11|1791331922835|1791331923065|1|0|1347532201211
LdbcShortQuery4MessageContent|1791331923066|1791331923067|0|1|-1
LdbcShortQuery5MessageCreator|1791331923067|1791331923067|0|1|-1
LdbcShortQuery6MessageForum|1791331923067|1791331923068|0|1|-1
LdbcShortQuery7MessageReplies|1791331923068|1791331923068|0|3|-1
LdbcShortQuery1PersonProfile|1791331923068|1791331923069|0|1|-1
LdbcShortQuery2PersonPosts|1791331923069|1791331923070|1|10|-1
LdbcShortQuery3PersonFriends|1791331923071|1791331923071|0|74|-1
LdbcShortQuery4MessageContent|1791331923071|1791331923073|0|1|-1
LdbcShortQuery5MessageCreator|1791331923073|1791331923073|0|1|-1
LdbcShortQuery6MessageForum|1791331923073|1791331923074|0|1|-1
LdbcShortQuery7MessageReplies|1791331923074|1791331923074|0|0|-1
LdbcQuery6|1791331922835|1791331923075|47|10|1347532201211
LdbcShortQuery1PersonProfile|1791331923122|1791331923122|2|1|-1
LdbcShortQuery2PersonPosts|1791331923124|1791331923125|2|10|-1
LdbcShortQuery3PersonFriends|1791331923127|1791331923128|1|5|-1
LdbcShortQuery4MessageContent|1791331923129|1791331923130|1|1|-1
LdbcShortQuery5MessageCreator|1791331923131|1791331923131|2|1|-1
LdbcShortQuery6MessageForum|1791331923133|1791331923133|1|1|-1
LdbcShortQuery7MessageReplies|1791331923134|1791331923135|1|0|-1
LdbcQuery7|1791331922835|1791331923138|8|20|1347532201211
LdbcShortQuery4MessageContent|1791331923146|1791331923146|1|1|-1
LdbcShortQuery5MessageCreator|1791331923147|1791331923148|1|1|-1
LdbcShortQuery6MessageForum|1791331923149|1791331923149|1|1|-1
LdbcShortQuery7MessageReplies|1791331923150|1791331923151|1|11|-1
LdbcShortQuery1PersonProfile|1791331923152|1791331923152|1|1|-1
LdbcShortQuery2PersonPosts|1791331923153|1791331923153|1|10|-1
LdbcShortQuery3PersonFriends|1791331923154|1791331923155|1|4|-1
LdbcShortQuery4MessageContent|1791331923156|1791331923157|1|1|-1
LdbcShortQuery5MessageCreator|1791331923158|1791331923158|0|1|-1
LdbcShortQuery6MessageForum|1791331923158|1791331923159|1|1|-1
LdbcShortQuery7MessageReplies|1791331923160|1791331923160|0|0|-1
LdbcShortQuery1PersonProfile|1791331923160|1791331923161|4|1|-1
LdbcShortQuery2PersonPosts|1791331923165|1791331923165|6|10|-1
LdbcShortQuery3PersonFriends|1791331923171|1791331923172|1|14|-1
LdbcQuery5|1791331922835|1791331923174|82|20|1347532201211
LdbcShortQuery1PersonProfile|1791331923256|1791331923257|1|1|-1
LdbcShortQuery2PersonPosts|1791331923258|1791331923258|0|10|-1
LdbcShortQuery3PersonFriends|1791331923258|1791331923259|1|74|-1
LdbcShortQuery4MessageContent|1791331923260|1791331923260|1|1|-1
LdbcShortQuery5MessageCreator|1791331923261|1791331923261|0|1|-1
LdbcShortQuery6MessageForum|1791331923261|1791331923262|0|1|-1
LdbcShortQuery7MessageReplies|1791331923262|1791331923262|0|0|-1
LdbcShortQuery1PersonProfile|1791331923262|1791331923263|0|1|-1
LdbcShortQuery2PersonPosts|1791331923263|1791331923264|0|0|-1
LdbcShortQuery3PersonFriends|1791331923264|1791331923264|0|41|-1
LdbcQuery13|1791331922835|1791331923265|0|1|1347532201211
LdbcShortQuery4MessageContent|1791331923265|1791331923266|0|1|-1
LdbcShortQuery5MessageCreator|1791331923266|1791331923267|0|1|-1
LdbcShortQuery6MessageForum|1791331923267|1791331923267|0|1|-1
LdbcShortQuery7MessageReplies|1791331923267|1791331923268|0|0|-1
LdbcShortQuery1PersonProfile|1791331923268|1791331923269|0|1|-1
LdbcShortQuery2PersonPosts|1791331923269|1791331923269|1|10|-1
LdbcShortQuery3PersonFriends|1791331923270|1791331923271|0|5|-1
LdbcQuery4|1791331922835|1791331923271|1|3|1347532201211
LdbcShortQuery1PersonProfile|1791331923272|1791331923273|0|1|-1
LdbcShortQuery2PersonPosts|1791331923273|1791331923273|0|10|-1
LdbcShortQuery3PersonFriends|1791331923273|1791331923274|1|70|-1
LdbcShortQuery4MessageContent|1791331923275|1791331923275|0|1|-1
LdbcShortQuery5MessageCreator|1791331923275|1791331923275|0|1|-1
LdbcShortQuery6MessageForum|1791331923275|1791331923277|0|1|-1
LdbcShortQuery7MessageReplies|1791331923277|1791331923278|1|5|-1
LdbcQuery10|1791331922835|1791331923279|28|10|1347532201211
LdbcShortQuery4MessageContent|1791331923307|1791331923307|3|1|-1
LdbcShortQuery5MessageCreator|1791331923310|1791331923311|1|1|-1
LdbcShortQuery6MessageForum|1791331923312|1791331923312|1|1|-1
LdbcShortQuery7MessageReplies|1791331923313|1791331923314|1|4|-1
LdbcShortQuery1PersonProfile|1791331923315|1791331923315|4|1|-1
LdbcShortQuery2PersonPosts|1791331923319|1791331923320|1|10|-1
LdbcShortQuery3PersonFriends|1791331923321|1791331923321|3|338|-1
LdbcShortQuery4MessageContent|1791331923324|1791331923325|1|1|-1
LdbcShortQuery5MessageCreator|1791331923326|1791331923327|2|1|-1
LdbcShortQuery6MessageForum|1791331923329|1791331923329|1|1|-1
LdbcShortQuery7MessageReplies|1791331923330|1791331923331|1|2|-1
LdbcShortQuery1PersonProfile|1791331923332|1791331923332|1|1|-1
LdbcShortQuery2PersonPosts|1791331923333|1791331923333|2|10|-1
LdbcShortQuery3PersonFriends|1791331923335|1791331923336|1|72|-1
LdbcQuery2|1791331922835|1791331923338|64|20|1347532201211
LdbcShortQuery1PersonProfile|1791331923402|1791331923403|1|1|-1
LdbcShortQuery2PersonPosts|1791331923404|1791331923404|1|10|-1
LdbcShortQuery3PersonFriends|1791331923405|1791331923405|1|24|-1
LdbcShortQuery4MessageContent|1791331923406|1791331923406|1|1|-1
LdbcShortQuery5MessageCreator|1791331923407|1791331923407|1|1|-1
LdbcShortQuery6MessageForum|1791331923408|1791331923409|0|1|-1
LdbcShortQuery7MessageReplies|1791331923409|1791331923409|0|4|-1
LdbcShortQuery1PersonProfile|1791331923409|1791331923410|1|1|-1
LdbcShortQuery2PersonPosts|1791331923411|1791331923412|0|10|-1
LdbcShortQuery3PersonFriends|1791331923412|1791331923413|0|10|-1
LdbcShortQuery4MessageContent|1791331923413|1791331923413|0|1|-1
LdbcShortQuery5MessageCreator|1791331923413|1791331923414|0|1|-1
LdbcShortQuery6MessageForum|1791331923414|1791331923415|0|1|-1
LdbcShortQuery7MessageReplies|1791331923415|1791331923415|3|0|-1
LdbcQuery1|1791331922835|1791331923418|5|20|1347532201211
LdbcShortQuery4MessageContent|1791331923423|1791331923424|0|1|-1
LdbcShortQuery5MessageCreator|1791331923424|1791331923425|0|1|-1
LdbcShortQuery6MessageForum|1791331923425|1791331923426|0|1|-1
LdbcShortQuery7MessageReplies|1791331923426|1791331923426|0|0|-1
LdbcShortQuery1PersonProfile|1791331923426|1791331923427|1|1|-1
LdbcShortQuery2PersonPosts|1791331923428|1791331923429|1|10|-1
LdbcShortQuery3PersonFriends|1791331923430|1791331923431|1|30|-1
LdbcQuery12|1791331922835|1791331923432|65|1|1347532201211
LdbcShortQuery1PersonProfile|1791331923497|1791331923497|2|1|-1
LdbcShortQuery2PersonPosts|1791331923499|1791331923500|2|10|-1
LdbcShortQuery3PersonFriends|1791331923502|1791331923502|2|82|-1
LdbcShortQuery4MessageContent|1791331923504|1791331923505|1|1|-1
LdbcShortQuery5MessageCreator|1791331923506|1791331923506|1|1|-1
LdbcShortQuery6MessageForum|1791331923507|1791331923508|1|1|-1
LdbcShortQuery7MessageReplies|1791331923509|1791331923509|2|6|-1
LdbcUpdate8AddFriendship|1791331924267|1791331924267|403|0|1347532215519
LdbcUpdate5AddForumMembership|1791331924423|1791331924670|53|0|1347532217080
LdbcUpdate8AddFriendship|1791331924572|1791331924724|12|0|1347532218570
LdbcUpdate5AddForumMembership|1791331925267|1791331925267|10|0|1347532225519
LdbcUpdate5AddForumMembership|1791331925267|1791331925277|2|0|1347532225519
LdbcUpdate5AddForumMembership|1791331925572|1791331925572|7|0|1347532228570
LdbcUpdate5AddForumMembership|1791331925572|1791331925578|2|0|1347532228570
LdbcQuery1|1791331927696|1791331927697|4|2|1347532249818
LdbcShortQuery4MessageContent|1791331927701|1791331927701|1|1|-1
LdbcShortQuery5MessageCreator|1791331927702|1791331927703|1|1|-1
LdbcShortQuery6MessageForum|1791331927704|1791331927704|1|1|-1
LdbcShortQuery7MessageReplies|1791331927705|1791331927706|1|10|-1
LdbcShortQuery1PersonProfile|1791331927707|1791331927707|2|1|-1
LdbcShortQuery2PersonPosts|1791331927709|1791331927710|2|10|-1
LdbcShortQuery3PersonFriends|1791331927712|1791331927712|2|63|-1
LdbcShortQuery4MessageContent|1791331927714|1791331927715|1|1|-1
LdbcShortQuery5MessageCreator|1791331927716|1791331927717|1|1|-1
LdbcShortQuery6MessageForum|1791331927718|1791331927718|1|1|-1
LdbcShortQuery7MessageReplies|1791331927719|1791331927720|2|9|-1
LdbcQuery12|1791331927696|1791331927723|68|1|1347532249818
LdbcShortQuery1PersonProfile|1791331927791|1791331927792|2|1|-1
LdbcShortQuery2PersonPosts|1791331927794|1791331927794|2|10|-1
LdbcShortQuery3PersonFriends|1791331927796|1791331927797|1|16|-1
LdbcShortQuery4MessageContent|1791331927798|1791331927798|1|1|-1
LdbcShortQuery5MessageCreator|1791331927799|1791331927800|2|1|-1
LdbcShortQuery6MessageForum|1791331927802|1791331927802|2|1|-1
LdbcShortQuery7MessageReplies|1791331927804|1791331927804|1|0|-1
LdbcShortQuery1PersonProfile|1791331927805|1791331927807|1|1|-1
LdbcShortQuery2PersonPosts|1791331927808|1791331927809|2|10|-1
LdbcShortQuery3PersonFriends|1791331927811|1791331927811|2|21|-1
LdbcQuery7|1791331927696|1791331927813|7|20|1347532249818
LdbcShortQuery4MessageContent|1791331927820|1791331927820|1|1|-1
LdbcShortQuery5MessageCreator|1791331927821|1791331927822|1|1|-1
LdbcShortQuery6MessageForum|1791331927823|1791331927824|1|1|-1
LdbcShortQuery7MessageReplies|1791331927825|1791331927825|1|0|-1
LdbcShortQuery1PersonProfile|1791331927826|1791331927827|1|1|-1
LdbcShortQuery2PersonPosts|1791331927828|1791331927829|2|10|-1
LdbcShortQuery3PersonFriends|1791331927831|1791331927832|3|42|-1
LdbcQuery14|1791331927696|1791331927835|21|1|1347532249818
LdbcShortQuery1PersonProfile|1791331927856|1791331927857|1|1|-1
LdbcShortQuery2PersonPosts|1791331927858|1791331927859|1|10|-1
LdbcShortQuery3PersonFriends|1791331927860|1791331927860|1|1|-1
LdbcShortQuery4MessageContent|1791331927861|1791331927862|1|1|-1
LdbcShortQuery5MessageCreator|1791331927863|1791331927864|1|1|-1
LdbcShortQuery6MessageForum|1791331927865|1791331927865|1|1|-1
LdbcShortQuery7MessageReplies|1791331927866|1791331927868|1|0|-1
LdbcShortQuery1PersonProfile|1791331927869|1791331927869|1|1|-1
LdbcShortQuery2PersonPosts|1791331927870|1791331927871|1|10|-1
LdbcShortQuery3PersonFriends|1791331927872|1791331927872|2|60|-1
LdbcQuery8|1791331927696|1791331927874|4|20|1347532249818
LdbcShortQuery4MessageContent|1791331927878|1791331927880|2|1|-1
LdbcShortQuery5MessageCreator|1791331927882|1791331927882|1|1|-1
LdbcShortQuery6MessageForum|1791331927883|1791331927883|1|1|-1
LdbcShortQuery7MessageReplies|1791331927884|1791331927885|1|3|-1
LdbcShortQuery1PersonProfile|1791331927886|1791331927887|1|1|-1
LdbcShortQuery2PersonPosts|1791331927888|1791331927889|2|10|-1
LdbcShortQuery3PersonFriends|1791331927891|1791331927891|1|28|-1
LdbcQuery3|1791331927696|1791331927893|77|0|1347532249818
LdbcShortQuery1PersonProfile|1791331927970|1791331927970|3|1|-1
LdbcShortQuery2PersonPosts|1791331927973|1791331927973|3|10|-1
LdbcShortQuery3PersonFriends|1791331927976|1791331927976|2|34|-1
LdbcShortQuery4MessageContent|1791331927978|1791331927979|2|1|-1
LdbcShortQuery5MessageCreator|1791331927981|1791331927981|1|1|-1
LdbcShortQuery6MessageForum|1791331927982|1791331927983|1|1|-1
LdbcShortQuery7MessageReplies|1791331927984|1791331927985|1|9|-1
LdbcShortQuery1PersonProfile|1791331927986|1791331927987|3|1|-1
LdbcShortQuery2PersonPosts|1791331927990|1791331927991|2|10|-1
LdbcShortQuery3PersonFriends|1791331927993|1791331927994|1|2|-1
LdbcQuery6|1791331927696|1791331927995|52|10|1347532249818
LdbcShortQuery4MessageContent|1791331928047|1791331928047|1|1|-1
LdbcShortQuery5MessageCreator|1791331928048|1791331928049|1|1|-1
LdbcShortQuery6MessageForum|1791331928050|1791331928051|1|1|-1
LdbcShortQuery7MessageReplies|1791331928052|1791331928052|1|0|-1
LdbcShortQuery1PersonProfile|1791331928053|1791331928053|0|1|-1
LdbcShortQuery2PersonPosts|1791331928053|1791331928054|1|10|-1
LdbcShortQuery3PersonFriends|1791331928055|1791331928055|0|44|-1
LdbcShortQuery4MessageContent|1791331928055|1791331928056|0|1|-1
LdbcShortQuery5MessageCreator|1791331928056|1791331928057|0|1|-1
LdbcShortQuery6MessageForum|1791331928057|1791331928057|0|1|-1
LdbcShortQuery7MessageReplies|1791331928057|1791331928058|0|0|-1
LdbcQuery9|1791331927696|1791331928058|113|20|1347532249818
LdbcShortQuery1PersonProfile|1791331928171|1791331928171|1|1|-1
LdbcShortQuery2PersonPosts|1791331928172|1791331928173|0|10|-1
LdbcShortQuery3PersonFriends|1791331928173|1791331928174|0|15|-1
LdbcQuery11|1791331927696|1791331928174|1|0|1347532249818
LdbcShortQuery4MessageContent|1791331928175|1791331928176|1|1|-1
LdbcShortQuery5MessageCreator|1791331928177|1791331928177|1|1|-1
LdbcShortQuery6MessageForum|1791331928178|1791331928178|1|1|-1
LdbcShortQuery7MessageReplies|1791331928179|1791331928179|2|0|-1
LdbcShortQuery1PersonProfile|1791331928181|1791331928183|1|1|-1
LdbcShortQuery2PersonPosts|1791331928184|1791331928184|2|10|-1
LdbcShortQuery3PersonFriends|1791331928186|1791331928187|1|29|-1
LdbcShortQuery4MessageContent|1791331928188|1791331928188|1|1|-1
LdbcShortQuery5MessageCreator|1791331928189|1791331928189|1|1|-1
LdbcShortQuery6MessageForum|1791331928190|1791331928190|1|1|-1
LdbcShortQuery7MessageReplies|1791331928191|1791331928192|1|7|-1
LdbcQuery2|1791331927696|1791331928194|5|20|1347532249818
LdbcShortQuery1PersonProfile|1791331928199|1791331928199|2|1|-1
LdbcShortQuery2PersonPosts|1791331928201|1791331928202|2|10|-1
LdbcShortQuery3PersonFriends|1791331928204|1791331928205|2|19|-1
LdbcQuery4|1791331927696|1791331928207|2|0|1347532249818
LdbcShortQuery4MessageContent|1791331928209|1791331928209|1|1|-1
LdbcShortQuery5MessageCreator|1791331928210|1791331928210|1|1|-1
LdbcShortQuery6MessageForum|1791331928211|1791331928212|1|1|-1
LdbcShortQuery7MessageReplies|1791331928213|1791331928213|1|6|-1
LdbcShortQuery1PersonProfile|1791331928214|1791331928215|2|1|-1
LdbcShortQuery2PersonPosts|1791331928217|1791331928218|1|10|-1
LdbcShortQuery3PersonFriends|1791331928219|1791331928219|1|13|-1
LdbcShortQuery4MessageContent|1791331928220|1791331928221|1|1|-1
LdbcShortQuery5MessageCreator|1791331928222|1791331928222|1|1|-1
LdbcShortQuery6MessageForum|1791331928223|1791331928223|1|1|-1
LdbcShortQuery7MessageReplies|1791331928224|1791331928224|1|0|-1
LdbcQuery5|1791331927696|1791331928226|94|20|1347532249818
LdbcShortQuery1PersonProfile|1791331928320|1791331928320|1|1|-1
LdbcShortQuery2PersonPosts|1791331928321|1791331928322|1|10|-1
LdbcShortQuery3PersonFriends|1791331928323|1791331928323|1|85|-1
LdbcQuery13|1791331927696|1791331928325|1|1|1347532249818
LdbcShortQuery4MessageContent|1791331928326|1791331928327|1|1|-1
LdbcShortQuery5MessageCreator|1791331928328|1791331928329|1|1|-1
LdbcShortQuery6MessageForum|1791331928330|1791331928330|1|1|-1
LdbcShortQuery7MessageReplies|1791331928331|1791331928332|1|0|-1
LdbcShortQuery1PersonProfile|1791331928333|1791331928333|1|1|-1
LdbcShortQuery2PersonPosts|1791331928334|1791331928335|2|10|-1
LdbcShortQuery3PersonFriends|1791331928337|1791331928337|3|93|-1
LdbcShortQuery4MessageContent|1791331928340|1791331928341|1|1|-1
LdbcShortQuery5MessageCreator|1791331928342|1791331928343|1|1|-1
LdbcShortQuery6MessageForum|1791331928344|1791331928344|1|1|-1
LdbcShortQuery7MessageReplies|1791331928345|1791331928346|1|0|-1
LdbcShortQuery1PersonProfile|1791331928347|1791331928347|1|1|-1
LdbcShortQuery2PersonPosts|1791331928348|1791331928348|2|10|-1
LdbcShortQuery3PersonFriends|1791331928350|1791331928351|1|46|-1
LdbcQuery10|1791331927696|1791331928353|15|10|1347532249818
LdbcShortQuery1PersonProfile|1791331928368|1791331928368|1|1|-1
LdbcShortQuery2PersonPosts|1791331928369|1791331928371|2|10|-1
LdbcShortQuery3PersonFriends|1791331928373|1791331928373|1|44|-1
LdbcShortQuery4MessageContent|1791331928374|1791331928375|1|1|-1
LdbcShortQuery5MessageCreator|1791331928376|1791331928377|1|1|-1
LdbcShortQuery6MessageForum|1791331928378|1791331928378|1|1|-1
LdbcShortQuery7MessageReplies|1791331928379|1791331928379|1|0|-1
LdbcQuery13|1791331932557|1791331932558|2|1|1347532298425
LdbcShortQuery4MessageContent|1791331932560|1791331932560|2|1|-1
LdbcShortQuery5MessageCreator|1791331932562|1791331932562|1|1|-1
LdbcShortQuery6MessageForum|1791331932563|1791331932564|1|1|-1
LdbcShortQuery7MessageReplies|1791331932565|1791331932565|1|3|-1
LdbcShortQuery1PersonProfile|1791331932566|1791331932566|1|1|-1
LdbcShortQuery2PersonPosts|1791331932567|1791331932567|2|10|-1
LdbcShortQuery3PersonFriends|1791331932569|1791331932571|1|41|-1
LdbcQuery10|1791331932557|1791331932572|11|10|1347532298425
LdbcShortQuery1PersonProfile|1791331932583|1791331932583|1|1|-1
LdbcShortQuery2PersonPosts|1791331932584|1791331932584|1|10|-1
LdbcShortQuery3PersonFriends|1791331932585|1791331932586|1|10|-1
LdbcQuery6|1791331932557|1791331932587|37|10|1347532298425
LdbcShortQuery4MessageContent|1791331932624|1791331932625|2|1|-1
LdbcShortQuery5MessageCreator|1791331932627|1791331932627|2|1|-1
LdbcShortQuery6MessageForum|1791331932629|1791331932630|2|1|-1
LdbcShortQuery7MessageReplies|1791331932632|1791331932632|2|0|-1
LdbcQuery7|1791331932557|1791331932635|3|20|1347532298425
LdbcShortQuery1PersonProfile|1791331932638|1791331932638|2|1|-1
LdbcShortQuery2PersonPosts|1791331932640|1791331932641|2|10|-1
LdbcShortQuery3PersonFriends|1791331932643|1791331932643|1|18|-1
LdbcQuery1|1791331932557|1791331932644|1|0|1347532298425
LdbcShortQuery4MessageContent|1791331932645|1791331932646|1|1|-1
LdbcShortQuery5MessageCreator|1791331932647|1791331932647|1|1|-1
LdbcShortQuery6MessageForum|1791331932648|1791331932648|1|1|-1
LdbcShortQuery7MessageReplies|1791331932649|1791331932650|1|0|-1
LdbcQuery12|1791331932557|1791331932651|50|1|1347532298425
LdbcShortQuery1PersonProfile|1791331932701|1791331932701|1|1|-1
LdbcShortQuery2PersonPosts|1791331932702|1791331932704|2|10|-1
LdbcShortQuery3PersonFriends|1791331932706|1791331932706|1|9|-1
LdbcShortQuery4MessageContent|1791331932707|1791331932708|1|1|-1
LdbcShortQuery5MessageCreator|1791331932709|1791331932709|1|1|-1
LdbcShortQuery6MessageForum|1791331932710|1791331932710|1|1|-1
LdbcShortQuery7MessageReplies|1791331932711|1791331932711|1|0|-1
LdbcShortQuery1PersonProfile|1791331932712|1791331932712|1|1|-1
LdbcShortQuery2PersonPosts|1791331932713|1791331932714|2|10|-1
LdbcShortQuery3PersonFriends|1791331932716|1791331932716|1|15|-1
LdbcShortQuery4MessageContent|1791331932717|1791331932719|1|1|-1
LdbcShortQuery5MessageCreator|1791331932720|1791331932720|1|1|-1
LdbcShortQuery6MessageForum|1791331932721|1791331932722|1|1|-1
LdbcShortQuery7MessageReplies|1791331932723|1791331932723|1|3|-1
LdbcQuery3|1791331932557|1791331932725|38|0|1347532298425
LdbcShortQuery4MessageContent|1791331932763|1791331932763|2|1|-1
LdbcShortQuery5MessageCreator|1791331932765|1791331932765|2|1|-1
LdbcShortQuery6MessageForum|1791331932767|1791331932768|3|1|-1
LdbcShortQuery7MessageReplies|1791331932771|1791331932772|3|6|-1
LdbcQuery14|1791331932557|1791331932774|17|2|1347532298425
LdbcShortQuery1PersonProfile|1791331932791|1791331932792|9|1|-1
LdbcShortQuery2PersonPosts|1791331932801|1791331932801|1|10|-1
LdbcShortQuery3PersonFriends|1791331932802|1791331932803|1|36|-1
LdbcShortQuery4MessageContent|1791331932804|1791331932804|1|1|-1
LdbcShortQuery5MessageCreator|1791331932805|1791331932805|1|1|-1
LdbcShortQuery6MessageForum|1791331932806|1791331932806|1|1|-1
LdbcShortQuery7MessageReplies|1791331932807|1791331932808|1|0|-1
LdbcQuery8|1791331932557|1791331932809|3|20|1347532298425
LdbcShortQuery4MessageContent|1791331932812|1791331932812|1|1|-1
LdbcShortQuery5MessageCreator|1791331932813|1791331932814|1|1|-1
LdbcShortQuery6MessageForum|1791331932815|1791331932815|1|1|-1
LdbcShortQuery7MessageReplies|1791331932816|1791331932817|1|0|-1
LdbcShortQuery1PersonProfile|1791331932818|1791331932818|1|1|-1
LdbcShortQuery2PersonPosts|1791331932819|1791331932819|1|10|-1
LdbcShortQuery3PersonFriends|1791331932820|1791331932820|1|24|-1
LdbcQuery5|1791331932557|1791331932822|10|0|1347532298425
LdbcShortQuery1PersonProfile|1791331932832|1791331932833|1|1|-1
LdbcShortQuery2PersonPosts|1791331932834|1791331932835|1|10|-1
LdbcShortQuery3PersonFriends|1791331932836|1791331932837|2|107|-1
LdbcQuery2|1791331932557|1791331932839|4|20|1347532298425
LdbcShortQuery4MessageContent|1791331932843|1791331932843|1|1|-1
LdbcShortQuery5MessageCreator|1791331932844|1791331932845|1|1|-1
LdbcShortQuery6MessageForum|1791331932846|1791331932846|1|1|-1
LdbcShortQuery7MessageReplies|1791331932847|1791331932848|1|4|-1
LdbcShortQuery1PersonProfile|1791331932849|1791331932849|1|1|-1
LdbcShortQuery2PersonPosts|1791331932850|1791331932850|1|10|-1
LdbcShortQuery3PersonFriends|1791331932851|1791331932852|1|49|-1
LdbcShortQuery4MessageContent|1791331932853|1791331932853|1|1|-1
LdbcShortQuery5MessageCreator|1791331932854|1791331932855|1|1|-1
LdbcShortQuery6MessageForum|1791331932856|1791331932856|1|1|-1
LdbcShortQuery7MessageReplies|1791331932857|1791331932858|1|0|-1
LdbcShortQuery1PersonProfile|1791331932859|1791331932859|4|1|-1
LdbcShortQuery2PersonPosts|1791331932863|1791331932864|1|10|-1
LdbcShortQuery3PersonFriends|1791331932865|1791331932865|1|106|-1
LdbcQuery9|1791331932557|1791331932866|65|20|1347532298425
LdbcShortQuery1PersonProfile|1791331932931|1791331932932|2|1|-1
LdbcShortQuery2PersonPosts|1791331932934|1791331932934|1|10|-1
LdbcShortQuery3PersonFriends|1791331932935|1791331932936|1|29|-1
LdbcShortQuery4MessageContent|1791331932937|1791331932938|1|1|-1
LdbcShortQuery5MessageCreator|1791331932939|1791331932940|1|1|-1
LdbcShortQuery6MessageForum|1791331932941|1791331932941|1|1|-1
LdbcShortQuery7MessageReplies|1791331932942|1791331932942|1|0|-1
LdbcShortQuery1PersonProfile|1791331932943|1791331932943|1|1|-1
LdbcShortQuery2PersonPosts|1791331932944|1791331932944|1|10|-1
LdbcShortQuery3PersonFriends|1791331932945|1791331932945|1|12|-1
LdbcQuery11|1791331932557|1791331932947|8|0|1347532298425
LdbcShortQuery4MessageContent|1791331932955|1791331932955|1|1|-1
LdbcShortQuery5MessageCreator|1791331932956|1791331932956|1|1|-1
LdbcShortQuery6MessageForum|1791331932957|1791331932958|2|1|-1
LdbcShortQuery7MessageReplies|1791331932960|1791331932961|5|0|-1
LdbcShortQuery1PersonProfile|1791331932966|1791331932967|1|1|-1
LdbcShortQuery2PersonPosts|1791331932968|1791331932968|1|10|-1
LdbcShortQuery3PersonFriends|1791331932969|1791331932969|1|80|-1
LdbcShortQuery4MessageContent|1791331932970|1791331932971|0|1|-1
LdbcShortQuery5MessageCreator|1791331932971|1791331932971|0|1|-1
LdbcShortQuery6MessageForum|1791331932971|1791331932972|0|1|-1
LdbcShortQuery7MessageReplies|1791331932972|1791331932973|0|0|-1
LdbcQuery4|1791331932557|1791331932973|4|3|1347532298425
LdbcShortQuery1PersonProfile|1791331932977|1791331932978|1|1|-1
LdbcShortQuery2PersonPosts|1791331932979|1791331932979|1|10|-1
LdbcShortQuery3PersonFriends|1791331932980|1791331932980|1|32|-1
LdbcQuery11|1791331937417|1791331937418|8|0|1347532347032
LdbcShortQuery4MessageContent|1791331937426|1791331937427|1|1|-1
LdbcShortQuery5MessageCreator|1791331937428|1791331937428|1|1|-1
LdbcShortQuery6MessageForum|1791331937429|1791331937430|9|1|-1
LdbcShortQuery7MessageReplies|1791331937439|1791331937439|1|0|-1
LdbcQuery4|1791331937417|1791331937440|2|3|1347532347032
LdbcShortQuery1PersonProfile|1791331937442|1791331937444|1|1|-1
LdbcShortQuery2PersonPosts|1791331937445|1791331937445|3|10|-1
LdbcShortQuery3PersonFriends|1791331937448|1791331937449|1|1|-1
LdbcShortQuery4MessageContent|1791331937450|1791331937450|1|1|-1
LdbcShortQuery5MessageCreator|1791331937451|1791331937452|2|1|-1
LdbcShortQuery6MessageForum|1791331937454|1791331937454|2|1|-1
LdbcShortQuery7MessageReplies|1791331937456|1791331937457|1|9|-1
LdbcQuery3|1791331937417|1791331937458|79|0|1347532347032
LdbcShortQuery4MessageContent|1791331937537|1791331937538|1|1|-1
LdbcShortQuery5MessageCreator|1791331937539|1791331937539|1|1|-1
LdbcShortQuery6MessageForum|1791331937540|1791331937541|1|1|-1
LdbcShortQuery7MessageReplies|1791331937542|1791331937542|1|1|-1
LdbcShortQuery1PersonProfile|1791331937543|1791331937544|1|1|-1
LdbcShortQuery2PersonPosts|1791331937545|1791331937545|6|10|-1
LdbcShortQuery3PersonFriends|1791331937551|1791331937551|1|46|-1
LdbcShortQuery4MessageContent|1791331937552|1791331937553|2|1|-1
LdbcShortQuery5MessageCreator|1791331937555|1791331937556|1|1|-1
LdbcShortQuery6MessageForum|1791331937557|1791331937557|1|1|-1
LdbcShortQuery7MessageReplies|1791331937558|1791331937559|1|0|-1
LdbcShortQuery1PersonProfile|1791331937560|1791331937560|3|1|-1
LdbcShortQuery2PersonPosts|1791331937563|1791331937563|2|10|-1
LdbcShortQuery3PersonFriends|1791331937565|1791331937566|3|34|-1
LdbcShortQuery4MessageContent|1791331937569|1791331937569|1|1|-1
LdbcShortQuery5MessageCreator|1791331937570|1791331937570|6|1|-1
LdbcShortQuery6MessageForum|1791331937576|1791331937576|2|1|-1
LdbcShortQuery7MessageReplies|1791331937578|1791331937578|1|0|-1
LdbcQuery6|1791331937417|1791331937579|53|10|1347532347032
LdbcShortQuery1PersonProfile|1791331937632|1791331937634|1|1|-1
LdbcShortQuery2PersonPosts|1791331937635|1791331937635|2|0|-1
LdbcShortQuery3PersonFriends|1791331937637|1791331937637|3|38|-1
LdbcShortQuery4MessageContent|1791331937640|1791331937641|1|1|-1
LdbcShortQuery5MessageCreator|1791331937642|1791331937643|1|1|-1
LdbcShortQuery6MessageForum|1791331937644|1791331937644|1|1|-1
LdbcShortQuery7MessageReplies|1791331937645|1791331937645|2|10|-1
LdbcShortQuery1PersonProfile|1791331937647|1791331937647|1|1|-1
LdbcShortQuery2PersonPosts|1791331937648|1791331937649|1|10|-1
LdbcShortQuery3PersonFriends|1791331937650|1791331937650|1|10|-1
LdbcQuery13|1791331937417|1791331937651|1|1|1347532347032
LdbcShortQuery4MessageContent|1791331937652|1791331937653|1|1|-1
LdbcShortQuery5MessageCreator|1791331937654|1791331937654|1|1|-1
LdbcShortQuery6MessageForum|1791331937655|1791331937656|1|1|-1
LdbcShortQuery7MessageReplies|1791331937657|1791331937657|2|10|-1
LdbcShortQuery1PersonProfile|1791331937659|1791331937659|1|1|-1
LdbcShortQuery2PersonPosts|1791331937660|1791331937660|1|10|-1
LdbcShortQuery3PersonFriends|1791331937661|1791331937662|3|31|-1
LdbcQuery10|1791331937417|1791331937666|24|10|1347532347032
LdbcShortQuery1PersonProfile|1791331937690|1791331937691|1|1|-1
LdbcShortQuery2PersonPosts|1791331937692|1791331937693|5|10|-1
LdbcShortQuery3PersonFriends|1791331937698|1791331937698|5|44|-1
LdbcShortQuery4MessageContent|1791331937703|1791331937704|0|1|-1
LdbcShortQuery5MessageCreator|1791331937704|1791331937704|0|1|-1
LdbcShortQuery6MessageForum|1791331937704|1791331937705|0|1|-1
LdbcShortQuery7MessageReplies|1791331937705|1791331937706|0|0|-1
LdbcQuery12|1791331937417|1791331937707|72|0|1347532347032
LdbcShortQuery4MessageContent|1791331937779|1791331937779|1|1|-1
LdbcShortQuery5MessageCreator|1791331937780|1791331937781|1|1|-1
LdbcShortQuery6MessageForum|1791331937782|1791331937782|0|1|-1
LdbcShortQuery7MessageReplies|1791331937782|1791331937783|2|0|-1
LdbcShortQuery1PersonProfile|1791331937785|1791331937785|0|1|-1
LdbcShortQuery2PersonPosts|1791331937785|1791331937785|0|10|-1
LdbcShortQuery3PersonFriends|1791331937785|1791331937786|0|46|-1
LdbcQuery7|1791331937417|1791331937787|1|20|1347532347032
LdbcShortQuery1PersonProfile|1791331937788|1791331937789|0|1|-1
LdbcShortQuery2PersonPosts|1791331937789|1791331937789|1|10|-1
LdbcShortQuery3PersonFriends|1791331937790|1791331937791|1|74|-1
LdbcShortQuery4MessageContent|1791331937792|1791331937793|1|1|-1
LdbcShortQuery5MessageCreator|1791331937794|1791331937794|1|1|-1
LdbcShortQuery6MessageForum|1791331937795|1791331937796|1|1|-1
LdbcShortQuery7MessageReplies|1791331937797|1791331937797|0|0|-1
LdbcQuery1|1791331937417|1791331937798|1|1|1347532347032
LdbcShortQuery4MessageContent|1791331937799|1791331937799|0|1|-1
LdbcShortQuery5MessageCreator|1791331937799|1791331937800|0|1|-1
LdbcShortQuery6MessageForum|1791331937800|1791331937802|0|1|-1
LdbcShortQuery7MessageReplies|1791331937802|1791331937802|0|0|-1
LdbcShortQuery1PersonProfile|1791331937802|1791331937803|1|1|-1
LdbcShortQuery2PersonPosts|1791331937804|1791331937804|5|10|-1
LdbcShortQuery3PersonFriends|1791331937809|1791331937811|0|17|-1
LdbcUpdate3AddCommentLike|1791331937824|1791331937825|5|0|1347532351095
LdbcQuery9|1791331937417|1791331937812|92|20|1347532347032
LdbcShortQuery1PersonProfile|1791331937904|1791331937904|1|1|-1
LdbcShortQuery2PersonPosts|1791331937905|1791331937906|1|10|-1
LdbcShortQuery3PersonFriends|1791331937907|1791331937907|1|44|-1
LdbcShortQuery4MessageContent|1791331937908|1791331937909|2|1|-1
LdbcShortQuery5MessageCreator|1791331937911|1791331937911|10|1|-1
LdbcShortQuery6MessageForum|1791331937921|1791331937922|0|1|-1
LdbcShortQuery7MessageReplies|1791331937922|1791331937923|1|0|-1
LdbcQuery5|1791331937417|1791331937924|70|20|1347532347032
LdbcShortQuery4MessageContent|1791331937994|1791331937994|1|1|-1
LdbcShortQuery5MessageCreator|1791331937995|1791331937995|1|1|-1
LdbcShortQuery6MessageForum|1791331937996|1791331937996|1|1|-1
LdbcShortQuery7MessageReplies|1791331937997|1791331937998|6|0|-1
LdbcShortQuery1PersonProfile|1791331938004|1791331938004|3|1|-1
LdbcShortQuery2PersonPosts|1791331938007|1791331938007|1|10|-1
LdbcShortQuery3PersonFriends|1791331938008|1791331938008|2|83|-1
LdbcShortQuery4MessageContent|1791331938010|1791331938010|1|1|-1
LdbcShortQuery5MessageCreator|1791331938011|1791331938011|1|1|-1
LdbcShortQuery6MessageForum|1791331938012|1791331938013|4|1|-1
LdbcShortQuery7MessageReplies|1791331938017|1791331938018|0|0|-1
LdbcQuery14|1791331937417|1791331938018|6|1|1347532347032
LdbcShortQuery1PersonProfile|1791331938024|1791331938024|0|1|-1
LdbcShortQuery2PersonPosts|1791331938024|1791331938025|1|10|-1
LdbcShortQuery3PersonFriends|1791331938026|1791331938026|1|18|-1
LdbcShortQuery4MessageContent|1791331938027|1791331938028|5|1|-1
LdbcShortQuery5MessageCreator|1791331938033|1791331938033|1|1|-1
LdbcShortQuery6MessageForum|1791331938034|1791331938034|1|1|-1
LdbcShortQuery7MessageReplies|1791331938035|1791331938035|0|0|-1
LdbcShortQuery1PersonProfile|1791331938035|1791331938035|0|1|-1
LdbcShortQuery2PersonPosts|1791331938035|1791331938036|1|10|-1
LdbcShortQuery3PersonFriends|1791331938037|1791331938038|1|21|-1
LdbcQuery8|1791331937417|1791331938039|4|20|1347532347032
LdbcShortQuery4MessageContent|1791331938043|1791331938044|1|1|-1
LdbcShortQuery5MessageCreator|1791331938045|1791331938046|1|1|-1
LdbcShortQuery6MessageForum|1791331938047|1791331938047|1|1|-1
LdbcShortQuery7MessageReplies|1791331938048|1791331938048|4|4|-1
LdbcShortQuery1PersonProfile|1791331938052|1791331938052|1|1|-1
LdbcShortQuery2PersonPosts|1791331938053|1791331938054|1|10|-1
LdbcShortQuery3PersonFriends|1791331938055|1791331938055|1|26|-1
LdbcQuery2|1791331937417|1791331938056|9|20|1347532347032
LdbcShortQuery1PersonProfile|1791331938065|1791331938066|1|1|-1
LdbcShortQuery2PersonPosts|1791331938067|1791331938067|1|10|-1
LdbcShortQuery3PersonFriends|1791331938068|1791331938069|1|26|-1
LdbcUpdate3AddCommentLike|1791331939248|1791331939248|12|0|1347532365336
LdbcQuery8|1791331942278|1791331942279|6|20|1347532395639
LdbcShortQuery4MessageContent|1791331942285|1791331942285|2|1|-1
LdbcShortQuery5MessageCreator|1791331942287|1791331942288|1|1|-1
LdbcShortQuery6MessageForum|1791331942289|1791331942290|1|1|-1
LdbcShortQuery7MessageReplies|1791331942291|1791331942291|1|0|-1
LdbcShortQuery1PersonProfile|1791331942292|1791331942293|1|1|-1
LdbcShortQuery2PersonPosts|1791331942294|1791331942294|2|10|-1
LdbcShortQuery3PersonFriends|1791331942296|1791331942296|1|41|-1
LdbcQuery2|1791331942278|1791331942297|5|20|1347532395639
LdbcShortQuery1PersonProfile|1791331942302|1791331942303|1|1|-1
LdbcShortQuery2PersonPosts|1791331942304|1791331942304|1|10|-1
LdbcShortQuery3PersonFriends|1791331942305|1791331942306|1|3|-1
LdbcShortQuery4MessageContent|1791331942307|1791331942307|1|1|-1
LdbcShortQuery5MessageCreator|1791331942308|1791331942308|1|1|-1
LdbcShortQuery6MessageForum|1791331942309|1791331942309|1|1|-1
LdbcShortQuery7MessageReplies|1791331942310|1791331942310|1|1|-1
LdbcQuery12|1791331942278|1791331942312|75|2|1347532395639
LdbcShortQuery4MessageContent|1791331942387|1791331942388|1|1|-1
LdbcShortQuery5MessageCreator|1791331942389|1791331942389|1|1|-1
LdbcShortQuery6MessageForum|1791331942390|1791331942391|1|1|-1
LdbcShortQuery7MessageReplies|1791331942392|1791331942392|1|2|-1
LdbcShortQuery1PersonProfile|1791331942393|1791331942394|1|1|-1
LdbcShortQuery2PersonPosts|1791331942395|1791331942395|1|10|-1
LdbcShortQuery3PersonFriends|1791331942396|1791331942397|1|13|-1
LdbcQuery3|1791331942278|1791331942397|39|0|1347532395639
LdbcShortQuery1PersonProfile|1791331942436|1791331942437|1|1|-1
LdbcShortQuery2PersonPosts|1791331942438|1791331942439|2|10|-1
LdbcShortQuery3PersonFriends|1791331942441|1791331942441|1|53|-1
LdbcShortQuery4MessageContent|1791331942442|1791331942443|0|1|-1
LdbcShortQuery5MessageCreator|1791331942443|1791331942444|0|1|-1
LdbcShortQuery6MessageForum|1791331942444|1791331942444|0|1|-1
LdbcShortQuery7MessageReplies|1791331942444|1791331942446|0|0|-1
LdbcQuery11|1791331942278|1791331942446|3|0|1347532395639
LdbcShortQuery4MessageContent|1791331942449|1791331942450|2|1|-1
LdbcShortQuery5MessageCreator|1791331942452|1791331942452|0|1|-1
LdbcShortQuery6MessageForum|1791331942452|1791331942453|0|1|-1
LdbcShortQuery7MessageReplies|1791331942453|1791331942453|1|3|-1
LdbcQuery4|1791331942278|1791331942455|2|3|1347532395639
LdbcShortQuery1PersonProfile|1791331942457|1791331942457|0|1|-1
LdbcShortQuery2PersonPosts|1791331942457|1791331942457|0|10|-1
LdbcShortQuery3PersonFriends|1791331942457|1791331942458|0|15|-1
LdbcShortQuery4MessageContent|1791331942458|1791331942458|0|1|-1
LdbcShortQuery5MessageCreator|1791331942458|1791331942459|0|1|-1
LdbcShortQuery6MessageForum|1791331942459|1791331942460|0|1|-1
LdbcShortQuery7MessageReplies|1791331942460|1791331942460|0|0|-1
LdbcQuery10|1791331942278|1791331942461|4|10|1347532395639
LdbcShortQuery4MessageContent|1791331942465|1791331942465|0|1|-1
LdbcShortQuery5MessageCreator|1791331942465|1791331942466|0|1|-1
LdbcShortQuery6MessageForum|1791331942466|1791331942466|0|1|-1
LdbcShortQuery7MessageReplies|1791331942466|1791331942468|0|0|-1
LdbcShortQuery1PersonProfile|1791331942468|1791331942469|0|1|-1
LdbcShortQuery2PersonPosts|1791331942469|1791331942469|1|10|-1
LdbcShortQuery3PersonFriends|1791331942470|1791331942470|0|15|-1
LdbcShortQuery4MessageContent|1791331942470|1791331942472|0|1|-1
LdbcShortQuery5MessageCreator|1791331942472|1791331942472|0|1|-1
LdbcShortQuery6MessageForum|1791331942472|1791331942472|0|1|-1
LdbcShortQuery7MessageReplies|1791331942472|1791331942472|0|6|-1
LdbcQuery6|1791331942278|1791331942474|31|10|1347532395639
LdbcShortQuery1PersonProfile|1791331942505|1791331942505|0|1|-1
LdbcShortQuery2PersonPosts|1791331942505|1791331942506|1|10|-1
LdbcShortQuery3PersonFriends|1791331942507|1791331942507|0|73|-1
LdbcQuery13|1791331942278|1791331942508|0|1|1347532395639
LdbcShortQuery4MessageContent|1791331942508|1791331942509|0|1|-1
LdbcShortQuery5MessageCreator|1791331942509|1791331942509|0|1|-1
LdbcShortQuery6MessageForum|1791331942509|1791331942510|0|1|-1
LdbcShortQuery7MessageReplies|1791331942510|1791331942510|0|3|-1
LdbcShortQuery1PersonProfile|1791331942510|1791331942510|0|1|-1
LdbcShortQuery2PersonPosts|1791331942510|1791331942511|0|10|-1
LdbcShortQuery3PersonFriends|1791331942511|1791331942512|0|29|-1
LdbcShortQuery4MessageContent|1791331942512|1791331942512|0|1|-1
LdbcShortQuery5MessageCreator|1791331942512|1791331942513|0|1|-1
LdbcShortQuery6MessageForum|1791331942513|1791331942513|0|1|-1
LdbcShortQuery7MessageReplies|1791331942513|1791331942514|0|0|-1
LdbcQuery14|1791331942278|1791331942514|37|4|1347532395639
LdbcShortQuery1PersonProfile|1791331942551|1791331942552|2|1|-1
LdbcShortQuery2PersonPosts|1791331942554|1791331942554|2|10|-1
LdbcShortQuery3PersonFriends|1791331942556|1791331942557|1|6|-1
LdbcShortQuery4MessageContent|1791331942558|1791331942558|1|1|-1
LdbcShortQuery5MessageCreator|1791331942559|1791331942560|1|1|-1
LdbcShortQuery6MessageForum|1791331942561|1791331942561|1|1|-1
LdbcShortQuery7MessageReplies|1791331942562|1791331942563|1|5|-1
LdbcQuery9|1791331942278|1791331942565|65|20|1347532395639
LdbcShortQuery4MessageContent|1791331942630|1791331942630|1|1|-1
LdbcShortQuery5MessageCreator|1791331942631|1791331942632|1|1|-1
LdbcShortQuery6MessageForum|1791331942633|1791331942633|1|1|-1
LdbcShortQuery7MessageReplies|1791331942634|1791331942634|1|0|-1
LdbcShortQuery1PersonProfile|1791331942635|1791331942635|1|1|-1
LdbcShortQuery2PersonPosts|1791331942636|1791331942636|1|10|-1
LdbcShortQuery3PersonFriends|1791331942637|1791331942638|14|13|-1
LdbcShortQuery4MessageContent|1791331942652|1791331942654|1|1|-1
LdbcShortQuery5MessageCreator|1791331942655|1791331942655|1|1|-1
LdbcShortQuery6MessageForum|1791331942656|1791331942656|2|1|-1
LdbcShortQuery7MessageReplies|1791331942658|1791331942658|1|0|-1
LdbcQuery7|1791331942278|1791331942660|6|20|1347532395639
LdbcShortQuery1PersonProfile|1791331942666|1791331942666|6|1|-1
LdbcShortQuery2PersonPosts|1791331942672|1791331942672|3|10|-1
LdbcShortQuery3PersonFriends|1791331942675|1791331942677|5|35|-1
LdbcQuery1|1791331942278|1791331942682|6|2|1347532395639
LdbcShortQuery4MessageContent|1791331942688|1791331942689|3|1|-1
LdbcShortQuery5MessageCreator|1791331942692|1791331942692|7|1|-1
LdbcShortQuery6MessageForum|1791331942699|1791331942700|1|1|-1
LdbcShortQuery7MessageReplies|1791331942701|1791331942701|1|0|-1
LdbcShortQuery1PersonProfile|1791331942702|1791331942703|1|1|-1
LdbcShortQuery2PersonPosts|1791331942704|1791331942704|1|0|-1
LdbcShortQuery3PersonFriends|1791331942705|1791331942706|1|24|-1
LdbcShortQuery4MessageContent|1791331942707|1791331942708|0|1|-1
LdbcShortQuery5MessageCreator|1791331942708|1791331942709|0|1|-1
LdbcShortQuery6MessageForum|1791331942709|1791331942710|0|1|-1
LdbcShortQuery7MessageReplies|1791331942710|1791331942711|0|0|-1
LdbcQuery5|1791331942278|1791331942712|49|20|1347532395639
LdbcShortQuery1PersonProfile|1791331942761|1791331942761|6|1|-1
LdbcShortQuery2PersonPosts|1791331942767|1791331942768|2|10|-1
LdbcShortQuery3PersonFriends|1791331942770|1791331942770|1|11|-1
LdbcShortQuery4MessageContent|1791331942771|1791331942772|2|1|-1
LdbcShortQuery5MessageCreator|1791331942774|1791331942774|1|1|-1
LdbcShortQuery6MessageForum|1791331942775|1791331942776|1|1|-1
LdbcShortQuery7MessageReplies|1791331942777|1791331942777|1|0|-1
LdbcUpdate7AddComment|1791331943527|1791331943527|7|0|1347532408125
LdbcQuery1|1791331947139|1791331947139|2|4|1347532444246
LdbcShortQuery4MessageContent|1791331947141|1791331947141|1|1|-1
LdbcShortQuery5MessageCreator|1791331947142|1791331947143|1|1|-1
LdbcShortQuery6MessageForum|1791331947144|1791331947144|1|1|-1
LdbcShortQuery7MessageReplies|1791331947145|1791331947145|1|0|-1
LdbcQuery5|1791331947139|1791331947146|38|20|1347532444246
LdbcShortQuery1PersonProfile|1791331947184|1791331947184|1|1|-1
LdbcShortQuery2PersonPosts|1791331947185|1791331947186|1|10|-1
LdbcShortQuery3PersonFriends|1791331947187|1791331947188|1|9|-1
LdbcQuery10|1791331947139|1791331947189|21|10|1347532444246
LdbcShortQuery4MessageContent|1791331947210|1791331947211|2|1|-1
LdbcShortQuery5MessageCreator|1791331947213|1791331947213|2|1|-1
LdbcShortQuery6MessageForum|1791331947215|1791331947215|1|1|-1
LdbcShortQuery7MessageReplies|1791331947216|1791331947217|1|0|-1
LdbcShortQuery1PersonProfile|1791331947218|1791331947218|1|1|-1
LdbcShortQuery2PersonPosts|1791331947219|1791331947220|1|10|-1
LdbcShortQuery3PersonFriends|1791331947221|1791331947221|2|269|-1
LdbcShortQuery4MessageContent|1791331947223|1791331947223|0|1|-1
LdbcShortQuery5MessageCreator|1791331947223|1791331947224|0|1|-1
LdbcShortQuery6MessageForum|1791331947224|1791331947225|0|1|-1
LdbcShortQuery7MessageReplies|1791331947225|1791331947226|1|0|-1
LdbcQuery12|1791331947139|1791331947227|47|1|1347532444246
LdbcShortQuery1PersonProfile|1791331947274|1791331947275|1|1|-1
LdbcShortQuery2PersonPosts|1791331947276|1791331947277|1|10|-1
LdbcShortQuery3PersonFriends|1791331947278|1791331947278|1|65|-1
LdbcShortQuery4MessageContent|1791331947279|1791331947280|1|1|-1
LdbcShortQuery5MessageCreator|1791331947281|1791331947281|0|1|-1
LdbcShortQuery6MessageForum|1791331947281|1791331947282|0|1|-1
LdbcShortQuery7MessageReplies|1791331947282|1791331947283|0|0|-1
LdbcQuery8|1791331947139|1791331947284|1|20|1347532444246
LdbcShortQuery4MessageContent|1791331947285|1791331947286|1|1|-1
LdbcShortQuery5MessageCreator|1791331947287|1791331947287|0|1|-1
LdbcShortQuery6MessageForum|1791331947287|1791331947288|1|1|-1
LdbcShortQuery7MessageReplies|1791331947289|1791331947289|1|8|-1
LdbcShortQuery1PersonProfile|1791331947290|1791331947291|0|1|-1
LdbcShortQuery2PersonPosts|1791331947291|1791331947292|1|10|-1
LdbcShortQuery3PersonFriends|1791331947293|1791331947293|1|25|-1
LdbcShortQuery4MessageContent|1791331947294|1791331947294|0|1|-1
LdbcShortQuery5MessageCreator|1791331947294|1791331947295|0|1|-1
LdbcShortQuery6MessageForum|1791331947295|1791331947296|0|1|-1
LdbcShortQuery7MessageReplies|1791331947296|1791331947297|0|0|-1
LdbcQuery2|1791331947139|1791331947297|3|20|1347532444246
LdbcShortQuery1PersonProfile|1791331947300|1791331947301|0|1|-1
LdbcShortQuery2PersonPosts|1791331947301|1791331947302|2|10|-1
LdbcShortQuery3PersonFriends|1791331947304|1791331947304|2|230|-1
LdbcShortQuery4MessageContent|1791331947306|1791331947307|1|1|-1
LdbcShortQuery5MessageCreator|1791331947308|1791331947308|0|1|-1
LdbcShortQuery6MessageForum|1791331947308|1791331947309|1|1|-1
LdbcShortQuery7MessageReplies|1791331947310|1791331947310|1|9|-1
LdbcQuery4|1791331947139|1791331947311|1|3|1347532444246
LdbcShortQuery4MessageContent|1791331947312|1791331947313|0|1|-1
LdbcShortQuery5MessageCreator|1791331947313|1791331947314|0|1|-1
LdbcShortQuery6MessageForum|1791331947314|1791331947314|1|1|-1
LdbcShortQuery7MessageReplies|1791331947315|1791331947315|0|0|-1
LdbcShortQuery1PersonProfile|1791331947315|1791331947316|0|1|-1
LdbcShortQuery2PersonPosts|1791331947316|1791331947317|1|10|-1
LdbcShortQuery3PersonFriends|1791331947318|1791331947318|0|20|-1
LdbcQuery3|1791331947139|1791331947319|60|0|1347532444246
LdbcShortQuery1PersonProfile|1791331947379|1791331947379|1|1|-1
LdbcShortQuery2PersonPosts|1791331947380|1791331947381|1|10|-1
LdbcShortQuery3PersonFriends|1791331947382|1791331947383|1|30|-1
LdbcShortQuery4MessageContent|1791331947384|1791331947384|0|1|-1
LdbcShortQuery5MessageCreator|1791331947384|1791331947385|1|1|-1
LdbcShortQuery6MessageForum|1791331947386|1791331947386|0|1|-1
LdbcShortQuery7MessageReplies|1791331947386|1791331947387|0|1|-1
LdbcShortQuery1PersonProfile|1791331947387|1791331947388|0|1|-1
LdbcShortQuery2PersonPosts|1791331947388|1791331947389|1|10|-1
LdbcShortQuery3PersonFriends|1791331947390|1791331947390|0|36|-1
LdbcShortQuery4MessageContent|1791331947390|1791331947391|0|1|-1
LdbcShortQuery5MessageCreator|1791331947391|1791331947392|0|1|-1
LdbcShortQuery6MessageForum|1791331947392|1791331947393|1|1|-1
LdbcShortQuery7MessageReplies|1791331947394|1791331947394|1|2|-1
LdbcQuery11|1791331947139|1791331947396|1|0|1347532444246
LdbcShortQuery4MessageContent|1791331947397|1791331947397|0|1|-1
LdbcShortQuery5MessageCreator|1791331947397|1791331947398|0|1|-1
LdbcShortQuery6MessageForum|1791331947398|1791331947399|1|1|-1
LdbcShortQuery7MessageReplies|1791331947400|1791331947400|1|9|-1
LdbcQuery7|1791331947139|1791331947401|2|20|1347532444246
LdbcShortQuery1PersonProfile|1791331947403|1791331947403|0|1|-1
LdbcShortQuery2PersonPosts|1791331947403|1791331947404|0|10|-1
LdbcShortQuery3PersonFriends|1791331947404|1791331947405|1|42|-1
LdbcShortQuery4MessageContent|1791331947406|1791331947406|0|1|-1
LdbcShortQuery5MessageCreator|1791331947406|1791331947408|1|1|-1
LdbcShortQuery6MessageForum|1791331947409|1791331947409|0|1|-1
LdbcShortQuery7MessageReplies|1791331947409|1791331947410|0|0|-1
LdbcShortQuery1PersonProfile|1791331947410|1791331947411|0|1|-1
LdbcShortQuery2PersonPosts|1791331947411|1791331947411|2|10|-1
LdbcShortQuery3PersonFriends|1791331947413|1791331947414|1|74|-1
LdbcQuery14|1791331947139|1791331947415|39|7|1347532444246
LdbcShortQuery4MessageContent|1791331947454|1791331947454|1|1|-1
LdbcShortQuery5MessageCreator|1791331947455|1791331947456|1|1|-1
LdbcShortQuery6MessageForum|1791331947457|1791331947457|1|1|-1
LdbcShortQuery7MessageReplies|1791331947458|1791331947458|1|0|-1
LdbcShortQuery1PersonProfile|1791331947459|1791331947460|1|1|-1
LdbcShortQuery2PersonPosts|1791331947461|1791331947461|1|10|-1
LdbcShortQuery3PersonFriends|1791331947462|1791331947462|1|38|-1
LdbcQuery6|1791331947139|1791331947463|26|10|1347532444246
LdbcShortQuery1PersonProfile|1791331947489|1791331947490|2|1|-1
LdbcShortQuery2PersonPosts|1791331947492|1791331947492|1|10|-1
LdbcShortQuery3PersonFriends|1791331947493|1791331947494|5|2|-1
LdbcShortQuery4MessageContent|1791331947499|1791331947500|8|1|-1
LdbcShortQuery5MessageCreator|1791331947508|1791331947508|2|1|-1
LdbcShortQuery6MessageForum|1791331947510|1791331947510|9|1|-1
LdbcShortQuery7MessageReplies|1791331947519|1791331947520|1|0|-1
LdbcQuery13|1791331947139|1791331947521|6|1|1347532444246
LdbcShortQuery4MessageContent|1791331947527|1791331947527|1|1|-1
LdbcShortQuery5MessageCreator|1791331947528|1791331947528|3|1|-1
LdbcShortQuery6MessageForum|1791331947531|1791331947532|3|1|-1
LdbcShortQuery7MessageReplies|1791331947535|1791331947536|6|1|-1
LdbcShortQuery1PersonProfile|1791331947542|1791331947542|0|1|-1
LdbcShortQuery2PersonPosts|1791331947542|1791331947543|1|10|-1
LdbcShortQuery3PersonFriends|1791331947544|1791331947544|2|340|-1
LdbcShortQuery4MessageContent|1791331947546|1791331947547|0|1|-1
LdbcShortQuery5MessageCreator|1791331947547|1791331947548|0|1|-1
LdbcShortQuery6MessageForum|1791331947548|1791331947548|0|1|-1
LdbcShortQuery7MessageReplies|1791331947548|1791331947549|0|6|-1
LdbcQuery9|1791331947139|1791331947550|44|20|1347532444246
LdbcShortQuery1PersonProfile|1791331947594|1791331947594|1|1|-1
LdbcShortQuery2PersonPosts|1791331947595|1791331947595|1|10|-1
LdbcShortQuery3PersonFriends|1791331947596|1791331947597|0|19|-1
LdbcShortQuery4MessageContent|1791331947597|1791331947599|0|1|-1
LdbcShortQuery5MessageCreator|1791331947599|1791331947599|0|1|-1
LdbcShortQuery6MessageForum|1791331947599|1791331947600|0|1|-1
LdbcShortQuery7MessageReplies|1791331947600|1791331947601|0|0|-1
LdbcShortQuery1PersonProfile|1791331947601|1791331947602|0|1|-1
LdbcShortQuery2PersonPosts|1791331947602|1791331947602|1|10|-1
LdbcShortQuery3PersonFriends|1791331947603|1791331947604|1|14|-1
LdbcShortQuery4MessageContent|1791331947605|1791331947605|1|1|-1
LdbcShortQuery5MessageCreator|1791331947606|1791331947606|0|1|-1
LdbcShortQuery6MessageForum|1791331947606|1791331947607|1|1|-1
LdbcShortQuery7MessageReplies|1791331947608|1791331947608|1|8|-1
LdbcUpdate5AddForumMembership|1791331949219|1791331949219|5|0|1347532465047
LdbcQuery13|1791331951999|1791331952000|1|1|1347532492853
LdbcShortQuery4MessageContent|1791331952001|1791331952001|0|1|-1
LdbcShortQuery5MessageCreator|1791331952001|1791331952001|0|1|-1
LdbcShortQuery6MessageForum|1791331952001|1791331952002|0|1|-1
LdbcShortQuery7MessageReplies|1791331952002|1791331952002|0|5|-1
LdbcShortQuery1PersonProfile|1791331952002|1791331952003|0|1|-1
LdbcShortQuery2PersonPosts|1791331952003|1791331952003|0|10|-1
LdbcShortQuery3PersonFriends|1791331952003|1791331952004|0|10|-1
LdbcShortQuery4MessageContent|1791331952004|1791331952004|0|1|-1
LdbcShortQuery5MessageCreator|1791331952004|1791331952005|0|1|-1
LdbcShortQuery6MessageForum|1791331952005|1791331952005|0|1|-1
LdbcShortQuery7MessageReplies|1791331952005|1791331952005|0|4|-1
LdbcQuery9|1791331951999|1791331952006|104|20|1347532492853
LdbcShortQuery1PersonProfile|1791331952110|1791331952111|2|1|-1
LdbcShortQuery2PersonPosts|1791331952113|1791331952113|2|10|-1
LdbcShortQuery3PersonFriends|1791331952115|1791331952116|3|84|-1
LdbcShortQuery4MessageContent|1791331952119|1791331952120|1|1|-1
LdbcShortQuery5MessageCreator|1791331952121|1791331952121|1|1|-1
LdbcShortQuery6MessageForum|1791331952122|1791331952122|1|1|-1
LdbcShortQuery7MessageReplies|1791331952123|1791331952124|1|0|-1
LdbcShortQuery1PersonProfile|1791331952125|1791331952125|1|1|-1
LdbcShortQuery2PersonPosts|1791331952126|1791331952126|1|10|-1
LdbcShortQuery3PersonFriends|1791331952127|1791331952127|1|17|-1
LdbcQuery4|1791331951999|1791331952129|2|3|1347532492853
LdbcShortQuery4MessageContent|1791331952131|1791331952131|0|1|-1
LdbcShortQuery5MessageCreator|1791331952131|1791331952132|0|1|-1
LdbcShortQuery6MessageForum|1791331952132|1791331952133|0|1|-1
LdbcShortQuery7MessageReplies|1791331952133|1791331952134|0|0|-1
LdbcShortQuery1PersonProfile|1791331952134|1791331952134|0|1|-1
LdbcShortQuery2PersonPosts|1791331952134|1791331952135|1|10|-1
LdbcShortQuery3PersonFriends|1791331952136|1791331952136|0|12|-1
LdbcShortQuery4MessageContent|1791331952136|1791331952136|0|1|-1
LdbcShortQuery5MessageCreator|1791331952136|1791331952137|0|1|-1
LdbcShortQuery6MessageForum|1791331952137|1791331952138|0|1|-1
LdbcShortQuery7MessageReplies|1791331952138|1791331952139|0|0|-1
LdbcQuery10|1791331951999|1791331952140|16|10|1347532492853
LdbcShortQuery1PersonProfile|1791331952156|1791331952156|0|1|-1
LdbcShortQuery2PersonPosts|1791331952156|1791331952157|0|10|-1
LdbcShortQuery3PersonFriends|1791331952157|1791331952158|0|56|-1
LdbcShortQuery4MessageContent|1791331952158|1791331952159|0|1|-1
LdbcShortQuery5MessageCreator|1791331952159|1791331952159|0|1|-1
LdbcShortQuery6MessageForum|1791331952159|1791331952160|0|1|-1
LdbcShortQuery7MessageReplies|1791331952160|1791331952161|0|0|-1
LdbcShortQuery1PersonProfile|1791331952161|1791331952161|0|1|-1
LdbcShortQuery2PersonPosts|1791331952161|1791331952163|1|10|-1
LdbcShortQuery3PersonFriends|1791331952164|1791331952164|3|70|-1
LdbcQuery1|1791331951999|1791331952167|3|2|1347532492853
LdbcShortQuery4MessageContent|1791331952170|1791331952171|2|1|-1
LdbcShortQuery5MessageCreator|1791331952173|1791331952173|1|1|-1
LdbcShortQuery6MessageForum|1791331952174|1791331952175|2|1|-1
LdbcShortQuery7MessageReplies|1791331952177|1791331952177|2|6|-1
LdbcShortQuery1PersonProfile|1791331952179|1791331952180|0|1|-1
LdbcShortQuery2PersonPosts|1791331952180|1791331952181|2|10|-1
LdbcShortQuery3PersonFriends|1791331952183|1791331952183|3|15|-1
LdbcQuery5|1791331951999|1791331952186|30|20|1347532492853
LdbcShortQuery1PersonProfile|1791331952216|1791331952217|2|1|-1
LdbcShortQuery2PersonPosts|1791331952219|1791331952220|2|10|-1
LdbcShortQuery3PersonFriends|1791331952222|1791331952222|2|69|-1
LdbcShortQuery4MessageContent|1791331952224|1791331952224|2|1|-1
LdbcShortQuery5MessageCreator|1791331952226|1791331952226|3|1|-1
LdbcShortQuery6MessageForum|1791331952229|1791331952230|2|1|-1
LdbcShortQuery7MessageReplies|1791331952232|1791331952232|3|1|-1
LdbcQuery2|1791331951999|1791331952236|6|20|1347532492853
LdbcShortQuery4MessageContent|1791331952242|1791331952243|3|1|-1
LdbcShortQuery5MessageCreator|1791331952246|1791331952246|10|1|-1
LdbcShortQuery6MessageForum|1791331952256|1791331952257|1|1|-1
LdbcShortQuery7MessageReplies|1791331952258|1791331952259|1|5|-1
LdbcShortQuery1PersonProfile|1791331952260|1791331952261|9|1|-1
LdbcShortQuery2PersonPosts|1791331952270|1791331952270|18|10|-1
LdbcShortQuery3PersonFriends|1791331952288|1791331952288|3|28|-1
LdbcShortQuery4MessageContent|1791331952291|1791331952292|2|1|-1
LdbcShortQuery5MessageCreator|1791331952294|1791331952294|2|1|-1
LdbcShortQuery6MessageForum|1791331952296|1791331952297|2|1|-1
LdbcShortQuery7MessageReplies|1791331952299|1791331952300|1|0|-1
LdbcShortQuery1PersonProfile|1791331952301|1791331952302|2|1|-1
LdbcShortQuery2PersonPosts|1791331952304|1791331952304|2|10|-1
LdbcShortQuery3PersonFriends|1791331952306|1791331952306|1|30|-1
LdbcShortQuery4MessageContent|1791331952307|1791331952308|1|1|-1
LdbcShortQuery5MessageCreator|1791331952309|1791331952310|1|1|-1
LdbcShortQuery6MessageForum|1791331952311|1791331952311|1|1|-1
LdbcShortQuery7MessageReplies|1791331952312|1791331952312|2|4|-1
LdbcQuery12|1791331951999|1791331952314|47|1|1347532492853
LdbcShortQuery1PersonProfile|1791331952361|1791331952362|3|1|-1
LdbcShortQuery2PersonPosts|1791331952365|1791331952365|4|1|-1
LdbcShortQuery3PersonFriends|1791331952369|1791331952369|4|2|-1
LdbcQuery8|1791331951999|1791331952374|4|20|1347532492853
LdbcShortQuery4MessageContent|1791331952378|1791331952378|1|1|-1
LdbcShortQuery5MessageCreator|1791331952379|1791331952380|2|1|-1
LdbcShortQuery6MessageForum|1791331952382|1791331952382|2|1|-1
LdbcShortQuery7MessageReplies|1791331952384|1791331952384|3|5|-1
LdbcShortQuery1PersonProfile|1791331952387|1791331952387|3|1|-1
LdbcShortQuery2PersonPosts|1791331952390|1791331952391|3|10|-1
LdbcShortQuery3PersonFriends|1791331952394|1791331952395|3|3|-1
LdbcShortQuery4MessageContent|1791331952398|1791331952398|5|1|-1
LdbcShortQuery5MessageCreator|1791331952403|1791331952404|3|1|-1
LdbcShortQuery6MessageForum|1791331952407|1791331952408|17|1|-1
LdbcShortQuery7MessageReplies|1791331952425|1791331952425|3|0|-1
LdbcQuery6|1791331951999|1791331952429|55|10|1347532492853
LdbcShortQuery1PersonProfile|1791331952484|1791331952485|2|1|-1
LdbcShortQuery2PersonPosts|1791331952487|1791331952487|1|10|-1
LdbcShortQuery3PersonFriends|1791331952488|1791331952488|1|18|-1
LdbcShortQuery4MessageContent|1791331952489|1791331952489|1|1|-1
LdbcShortQuery5MessageCreator|1791331952490|1791331952490|0|1|-1
LdbcShortQuery6MessageForum|1791331952490|1791331952491|0|1|-1
LdbcShortQuery7MessageReplies|1791331952491|1791331952492|1|3|-1
LdbcShortQuery1PersonProfile|1791331952493|1791331952493|1|1|-1
LdbcShortQuery2PersonPosts|1791331952494|1791331952494|1|10|-1
LdbcShortQuery3PersonFriends|1791331952495|1791331952496|1|31|-1
LdbcShortQuery4MessageContent|1791331952497|1791331952497|0|1|-1
LdbcShortQuery5MessageCreator|1791331952497|1791331952498|1|1|-1
LdbcShortQuery6MessageForum|1791331952499|1791331952499|1|1|-1
LdbcShortQuery7MessageReplies|1791331952500|1791331952501|2|3|-1
LdbcShortQuery1PersonProfile|1791331952503|1791331952504|2|1|-1
LdbcShortQuery2PersonPosts|1791331952506|1791331952506|1|10|-1
LdbcShortQuery3PersonFriends|1791331952507|1791331952508|2|38|-1
LdbcQuery7|1791331951999|1791331952510|3|20|1347532492853
LdbcShortQuery4MessageContent|1791331952513|1791331952513|1|1|-1
LdbcShortQuery5MessageCreator|1791331952514|1791331952515|1|1|-1
LdbcShortQuery6MessageForum|1791331952516|1791331952517|2|1|-1
LdbcShortQuery7MessageReplies|1791331952519|1791331952519|1|10|-1
LdbcQuery3|1791331951999|1791331952521|82|0|1347532492853
LdbcShortQuery1PersonProfile|1791331952603|1791331952604|2|1|-1
LdbcShortQuery2PersonPosts|1791331952606|1791331952607|3|10|-1
LdbcShortQuery3PersonFriends|1791331952610|1791331952611|3|72|-1
LdbcQuery11|1791331951999|1791331952615|6|0|1347532492853
LdbcShortQuery4MessageContent|1791331952621|1791331952621|2|1|-1
LdbcShortQuery5MessageCreator|1791331952623|1791331952623|2|1|-1
LdbcShortQuery6MessageForum|1791331952625|1791331952625|3|1|-1
LdbcShortQuery7MessageReplies|1791331952628|1791331952628|2|0|-1
LdbcShortQuery1PersonProfile|1791331952630|1791331952632|2|1|-1
LdbcShortQuery2PersonPosts|1791331952634|1791331952635|2|10|-1
LdbcShortQuery3PersonFriends|1791331952637|1791331952638|2|86|-1
LdbcQuery14|1791331951999|1791331952640|22|4|1347532492853
LdbcShortQuery1PersonProfile|1791331952662|1791331952663|1|1|-1
LdbcShortQuery2PersonPosts|1791331952664|1791331952665|1|10|-1
LdbcShortQuery3PersonFriends|1791331952666|1791331952667|1|29|-1
LdbcShortQuery4MessageContent|1791331952668|1791331952668|1|1|-1
LdbcShortQuery5MessageCreator|1791331952669|1791331952669|0|1|-1
LdbcShortQuery6MessageForum|1791331952669|1791331952671|3|1|-1
LdbcShortQuery7MessageReplies|1791331952674|1791331952674|1|0|-1
LdbcShortQuery1PersonProfile|1791331952675|1791331952676|1|1|-1
LdbcShortQuery2PersonPosts|1791331952677|1791331952677|3|10|-1
LdbcShortQuery3PersonFriends|1791331952680|1791331952682|1|100|-1
LdbcShortQuery4MessageContent|1791331952683|1791331952684|1|1|-1
LdbcShortQuery5MessageCreator|1791331952685|1791331952685|3|1|-1
LdbcShortQuery6MessageForum|1791331952688|1791331952688|2|1|-1
LdbcShortQuery7MessageReplies|1791331952690|1791331952690|3|5|-1
LdbcUpdate4AddForum|1791331954005|1791331954005|436|0|1347532512905
LdbcUpdate6AddPost|1791331955105|1791331955105|453|0|1347532523905
LdbcUpdate6AddPost|1791331955205|1791331955559|5|0|1347532524905
LdbcUpdate6AddPost|1791331955305|1791331955565|4|0|1347532525905
LdbcUpdate6AddPost|1791331955405|1791331955570|5|0|1347532526905
LdbcUpdate6AddPost|1791331955505|1791331955575|6|0|1347532527905
LdbcUpdate6AddPost|1791331955605|1791331955605|16|0|1347532528905
LdbcUpdate6AddPost|1791331955705|1791331955706|10|0|1347532529905
LdbcUpdate6AddPost|1791331955805|1791331955806|11|0|1347532530905
LdbcUpdate6AddPost|1791331955905|1791331955905|41|0|1347532531905
LdbcUpdate6AddPost|1791331956005|1791331956005|7|0|1347532532905
LdbcUpdate6AddPost|1791331956105|1791331956105|107|0|1347532533905
LdbcQuery11|1791331956860|1791331956861|7|0|1347532541460
LdbcShortQuery4MessageContent|1791331956868|1791331956868|2|1|-1
LdbcShortQuery5MessageCreator|1791331956870|1791331956870|1|1|-1
LdbcShortQuery6MessageForum|1791331956871|1791331956873|2|1|-1
LdbcShortQuery7MessageReplies|1791331956875|1791331956875|2|0|-1
LdbcShortQuery1PersonProfile|1791331956877|1791331956877|2|1|-1
LdbcShortQuery2PersonPosts|1791331956879|1791331956879|2|10|-1
LdbcShortQuery3PersonFriends|1791331956881|1791331956882|2|59|-1
LdbcShortQuery4MessageContent|1791331956884|1791331956885|1|1|-1
LdbcShortQuery5MessageCreator|1791331956886|1791331956887|1|1|-1
LdbcShortQuery6MessageForum|1791331956888|1791331956888|1|1|-1
LdbcShortQuery7MessageReplies|1791331956889|1791331956890|1|0|-1
LdbcQuery14|1791331956860|1791331956891|5|1|1347532541460
LdbcShortQuery1PersonProfile|1791331956896|1791331956896|2|1|-1
LdbcShortQuery2PersonPosts|1791331956898|1791331956898|2|10|-1
LdbcShortQuery3PersonFriends|1791331956900|1791331956900|1|22|-1
LdbcShortQuery4MessageContent|1791331956901|1791331956902|1|1|-1
LdbcShortQuery5MessageCreator|1791331956903|1791331956903|1|1|-1
LdbcShortQuery6MessageForum|1791331956904|1791331956906|1|1|-1
LdbcShortQuery7MessageReplies|1791331956907|1791331956907|2|0|-1
LdbcQuery2|1791331956860|1791331956909|5|20|1347532541460
LdbcShortQuery4MessageContent|1791331956914|1791331956914|1|1|-1
LdbcShortQuery5MessageCreator|1791331956915|1791331956916|1|1|-1
LdbcShortQuery6MessageForum|1791331956917|1791331956918|1|1|-1
LdbcShortQuery7MessageReplies|1791331956919|1791331956919|1|3|-1
LdbcShortQuery1PersonProfile|1791331956920|1791331956921|2|1|-1
LdbcShortQuery2PersonPosts|1791331956923|1791331956923|4|10|-1
LdbcShortQuery3PersonFriends|1791331956927|1791331956929|2|7|-1
LdbcQuery4|1791331956860|1791331956931|8|3|1347532541460
LdbcShortQuery1PersonProfile|1791331956939|1791331956940|3|1|-1
LdbcShortQuery2PersonPosts|1791331956943|1791331956943|2|10|-1
LdbcShortQuery3PersonFriends|1791331956945|1791331956945|3|47|-1
LdbcShortQuery4MessageContent|1791331956948|1791331956950|2|1|-1
LdbcShortQuery5MessageCreator|1791331956952|1791331956952|2|1|-1
LdbcShortQuery6MessageForum|1791331956954|1791331956954|2|1|-1
LdbcShortQuery7MessageReplies|1791331956956|1791331956956|3|0|-1
LdbcShortQuery1PersonProfile|1791331956959|1791331956959|2|1|-1
LdbcShortQuery2PersonPosts|1791331956961|1791331956961|2|10|-1
LdbcShortQuery3PersonFriends|1791331956963|1791331956964|2|32|-1
LdbcQuery13|1791331956860|1791331956966|2|1|1347532541460
LdbcShortQuery4MessageContent|1791331956968|1791331956969|2|1|-1
LdbcShortQuery5MessageCreator|1791331956971|1791331956971|2|1|-1
LdbcShortQuery6MessageForum|1791331956973|1791331956973|1|1|-1
LdbcShortQuery7MessageReplies|1791331956974|1791331956975|2|4|-1
LdbcShortQuery1PersonProfile|1791331956977|1791331956977|2|1|-1
LdbcShortQuery2PersonPosts|1791331956979|1791331956979|2|10|-1
LdbcShortQuery3PersonFriends|1791331956981|1791331956981|2|42|-1
LdbcShortQuery4MessageContent|1791331956983|1791331956984|2|1|-1
LdbcShortQuery5MessageCreator|1791331956986|1791331956986|1|1|-1
LdbcShortQuery6MessageForum|1791331956987|1791331956988|1|1|-1
LdbcShortQuery7MessageReplies|1791331956989|1791331956989|1|8|-1
LdbcShortQuery1PersonProfile|1791331956990|1791331956990|1|1|-1
LdbcShortQuery2PersonPosts|1791331956991|1791331956991|3|10|-1
LdbcShortQuery3PersonFriends|1791331956994|1791331956995|1|31|-1
LdbcQuery9|1791331956860|1791331956997|64|20|1347532541460
LdbcShortQuery1PersonProfile|1791331957061|1791331957062|1|1|-1
LdbcShortQuery2PersonPosts|1791331957063|1791331957063|1|10|-1
LdbcShortQuery3PersonFriends|1791331957064|1791331957064|0|24|-1
LdbcShortQuery4MessageContent|1791331957064|1791331957065|0|1|-1
LdbcShortQuery5MessageCreator|1791331957065|1791331957065|0|1|-1
LdbcShortQuery6MessageForum|1791331957065|1791331957066|0|1|-1
LdbcShortQuery7MessageReplies|1791331957066|1791331957066|0|4|-1
LdbcShortQuery1PersonProfile|1791331957066|1791331957067|0|1|-1
LdbcShortQuery2PersonPosts|1791331957067|1791331957067|0|10|-1
LdbcShortQuery3PersonFriends|1791331957067|1791331957068|0|32|-1
LdbcShortQuery4MessageContent|1791331957068|1791331957068|0|1|-1
LdbcShortQuery5MessageCreator|1791331957068|1791331957069|0|1|-1
LdbcShortQuery6MessageForum|1791331957069|1791331957069|0|1|-1
LdbcShortQuery7MessageReplies|1791331957069|1791331957070|0|3|-1
LdbcQuery5|1791331956860|1791331957070|36|20|1347532541460
LdbcShortQuery4MessageContent|1791331957106|1791331957106|1|1|-1
LdbcShortQuery5MessageCreator|1791331957107|1791331957108|0|1|-1
LdbcShortQuery6MessageForum|1791331957108|1791331957108|0|1|-1
LdbcShortQuery7MessageReplies|1791331957108|1791331957109|1|6|-1
LdbcQuery10|1791331956860|1791331957110|7|10|1347532541460
LdbcShortQuery1PersonProfile|1791331957117|1791331957118|0|1|-1
LdbcShortQuery2PersonPosts|1791331957118|1791331957119|1|8|-1
LdbcShortQuery3PersonFriends|1791331957120|1791331957120|0|44|-1
LdbcQuery1|1791331956860|1791331957120|3|20|1347532541460
LdbcShortQuery4MessageContent|1791331957123|1791331957125|1|1|-1
LdbcShortQuery5MessageCreator|1791331957126|1791331957127|1|1|-1
LdbcShortQuery6MessageForum|1791331957128|1791331957128|1|1|-1
LdbcShortQuery7MessageReplies|1791331957129|1791331957129|1|6|-1
LdbcShortQuery1PersonProfile|1791331957130|1791331957132|0|1|-1
LdbcShortQuery2PersonPosts|1791331957132|1791331957133|1|10|-1
LdbcShortQuery3PersonFriends|1791331957134|1791331957134|1|20|-1
LdbcQuery3|1791331956860|1791331957135|76|0|1347532541460
LdbcShortQuery1PersonProfile|1791331957211|1791331957211|2|1|-1
LdbcShortQuery2PersonPosts|1791331957213|1791331957214|2|10|-1
LdbcShortQuery3PersonFriends|1791331957216|1791331957216|3|189|-1
LdbcQuery6|1791331956860|1791331957219|39|10|1347532541460
LdbcShortQuery4MessageContent|1791331957258|1791331957260|1|1|-1
LdbcShortQuery5MessageCreator|1791331957261|1791331957261|1|1|-1
LdbcShortQuery6MessageForum|1791331957262|1791331957263|1|1|-1
LdbcShortQuery7MessageReplies|1791331957264|1791331957264|1|11|-1
LdbcShortQuery1PersonProfile|1791331957265|1791331957266|1|1|-1
LdbcShortQuery2PersonPosts|1791331957267|1791331957267|1|10|-1
LdbcShortQuery3PersonFriends|1791331957268|1791331957268|1|4|-1
LdbcShortQuery4MessageContent|1791331957269|1791331957269|0|1|-1
LdbcShortQuery5MessageCreator|1791331957269|1791331957270|0|1|-1
LdbcShortQuery6MessageForum|1791331957270|1791331957271|0|1|-1
LdbcShortQuery7MessageReplies|1791331957271|1791331957271|1|1|-1
LdbcShortQuery1PersonProfile|1791331957272|1791331957272|0|1|-1
LdbcShortQuery2PersonPosts|1791331957272|1791331957273|1|10|-1
LdbcShortQuery3PersonFriends|1791331957274|1791331957275|1|17|-1
LdbcQuery12|1791331956860|1791331957276|60|3|1347532541460
LdbcShortQuery1PersonProfile|1791331957336|1791331957337|1|1|-1
LdbcShortQuery2PersonPosts|1791331957338|1791331957339|1|0|-1
LdbcShortQuery3PersonFriends|1791331957340|1791331957341|1|4|-1
LdbcShortQuery4MessageContent|1791331957342|1791331957342|1|1|-1
LdbcShortQuery5MessageCreator|1791331957343|1791331957343|1|1|-1
LdbcShortQuery6MessageForum|1791331957344|1791331957344|1|1|-1
LdbcShortQuery7MessageReplies|1791331957345|1791331957345|1|7|-1
LdbcQuery8|1791331956860|1791331957346|2|20|1347532541460
LdbcShortQuery4MessageContent|1791331957348|1791331957350|1|1|-1
LdbcShortQuery5MessageCreator|1791331957351|1791331957352|1|1|-1
LdbcShortQuery6MessageForum|1791331957353|1791331957353|1|1|-1
LdbcShortQuery7MessageReplies|1791331957354|1791331957355|1|3|-1
LdbcShortQuery1PersonProfile|1791331957356|1791331957356|1|1|-1
LdbcShortQuery2PersonPosts|1791331957357|1791331957357|2|10|-1
LdbcShortQuery3PersonFriends|1791331957359|1791331957359|3|81|-1
LdbcShortQuery4MessageContent|1791331957362|1791331957362|2|1|-1
LdbcShortQuery5MessageCreator|1791331957364|1791331957364|1|1|-1
LdbcShortQuery6MessageForum|1791331957365|1791331957366|1|1|-1
LdbcShortQuery7MessageReplies|1791331957367|1791331957367|1|0|-1
LdbcQuery7|1791331956860|1791331957367|2|20|1347532541460
LdbcShortQuery1PersonProfile|1791331957369|1791331957370|1|1|-1
LdbcShortQuery2PersonPosts|1791331957371|1791331957371|1|10|-1
LdbcShortQuery3PersonFriends|1791331957372|1791331957373|0|20|-1
LdbcShortQuery4MessageContent|1791331957373|1791331957374|0|1|-1
LdbcShortQuery5MessageCreator|1791331957374|1791331957374|0|1|-1
LdbcShortQuery6MessageForum|1791331957374|1791331957375|0|1|-1
LdbcShortQuery7MessageReplies|1791331957375|1791331957376|1|0|-1
LdbcQuery8|1791331961721|1791331961722|7|20|1347532590067
LdbcShortQuery4MessageContent|1791331961729|1791331961729|3|1|-1
LdbcShortQuery5MessageCreator|1791331961732|1791331961732|2|1|-1
LdbcShortQuery6MessageForum|1791331961734|1791331961735|2|1|-1
LdbcShortQuery7MessageReplies|1791331961737|1791331961737|1|0|-1
LdbcShortQuery1PersonProfile|1791331961738|1791331961738|2|1|-1
LdbcShortQuery2PersonPosts|1791331961740|1791331961740|1|10|-1
LdbcShortQuery3PersonFriends|1791331961741|1791331961742|2|37|-1
LdbcQuery7|1791331961721|1791331961744|2|20|1347532590067
LdbcShortQuery1PersonProfile|1791331961746|1791331961747|1|1|-1
LdbcShortQuery2PersonPosts|1791331961748|1791331961749|1|10|-1
LdbcShortQuery3PersonFriends|1791331961750|1791331961751|2|41|-1
LdbcShortQuery4MessageContent|1791331961753|1791331961753|1|1|-1
LdbcShortQuery5MessageCreator|1791331961754|1791331961754|1|1|-1
LdbcShortQuery6MessageForum|1791331961755|1791331961757|1|1|-1
LdbcShortQuery7MessageReplies|1791331961758|1791331961759|2|0|-1
LdbcShortQuery1PersonProfile|1791331961761|1791331961761|2|1|-1
LdbcShortQuery2PersonPosts|1791331961763|1791331961763|2|10|-1
LdbcShortQuery3PersonFriends|1791331961765|1791331961765|1|37|-1
LdbcQuery5|1791331961721|1791331961767|45|20|1347532590067
LdbcShortQuery4MessageContent|1791331961812|1791331961813|3|1|-1
LdbcShortQuery5MessageCreator|1791331961816|1791331961816|2|1|-1
LdbcShortQuery6MessageForum|1791331961818|1791331961819|2|1|-1
LdbcShortQuery7MessageReplies|1791331961821|1791331961821|3|4|-1
LdbcShortQuery1PersonProfile|1791331961824|1791331961824|2|1|-1
LdbcShortQuery2PersonPosts|1791331961826|1791331961828|2|10|-1
LdbcShortQuery3PersonFriends|1791331961830|1791331961830|3|42|-1
LdbcShortQuery4MessageContent|1791331961833|1791331961833|2|1|-1
LdbcShortQuery5MessageCreator|1791331961835|1791331961836|2|1|-1
LdbcShortQuery6MessageForum|1791331961838|1791331961838|1|1|-1
LdbcShortQuery7MessageReplies|1791331961839|1791331961840|2|0|-1
LdbcQuery2|1791331961721|1791331961842|8|20|1347532590067
LdbcShortQuery1PersonProfile|1791331961850|1791331961851|2|1|-1
LdbcShortQuery2PersonPosts|1791331961853|1791331961854|2|10|-1
LdbcShortQuery3PersonFriends|1791331961856|1791331961856|2|13|-1
LdbcQuery11|1791331961721|1791331961858|7|0|1347532590067
LdbcShortQuery4MessageContent|1791331961865|1791331961865|2|1|-1
LdbcShortQuery5MessageCreator|1791331961867|1791331961867|2|1|-1
LdbcShortQuery6MessageForum|1791331961869|1791331961870|2|1|-1
LdbcShortQuery7MessageReplies|1791331961872|1791331961872|2|0|-1
LdbcShortQuery1PersonProfile|1791331961874|1791331961875|1|1|-1
LdbcShortQuery2PersonPosts|1791331961876|1791331961876|2|10|-1
LdbcShortQuery3PersonFriends|1791331961878|1791331961879|2|30|-1
LdbcShortQuery4MessageContent|1791331961881|1791331961881|1|1|-1
LdbcShortQuery5MessageCreator|1791331961882|1791331961882|1|1|-1
LdbcShortQuery6MessageForum|1791331961883|1791331961883|1|1|-1
LdbcShortQuery7MessageReplies|1791331961884|1791331961884|1|10|-1
LdbcQuery14|1791331961721|1791331961886|5|1|1347532590067
LdbcShortQuery1PersonProfile|1791331961891|1791331961891|1|1|-1
LdbcShortQuery2PersonPosts|1791331961892|1791331961894|1|10|-1
LdbcShortQuery3PersonFriends|1791331961895|1791331961896|1|8|-1
LdbcShortQuery4MessageContent|1791331961897|1791331961897|1|1|-1
LdbcShortQuery5MessageCreator|1791331961898|1791331961898|1|1|-1
LdbcShortQuery6MessageForum|1791331961899|1791331961899|1|1|-1
LdbcShortQuery7MessageReplies|1791331961900|1791331961901|1|7|-1
LdbcQuery9|1791331961721|1791331961902|63|20|1347532590067
LdbcShortQuery4MessageContent|1791331961965|1791331961966|2|1|-1
LdbcUpdate2AddPostLike|1791331961953|1791331961954|15|0|1347532592383
LdbcShortQuery5MessageCreator|1791331961968|1791331961968|2|1|-1
LdbcShortQuery6MessageForum|1791331961970|1791331961971|1|1|-1
LdbcShortQuery7MessageReplies|1791331961972|1791331961972|4|0|-1
LdbcShortQuery1PersonProfile|1791331961976|1791331961977|7|1|-1
LdbcShortQuery2PersonPosts|1791331961984|1791331961984|2|10|-1
LdbcShortQuery3PersonFriends|1791331961986|1791331961987|2|9|-1
LdbcQuery4|1791331961721|1791331961990|53|3|1347532590067
LdbcShortQuery1PersonProfile|1791331962043|1791331962044|2|1|-1
LdbcShortQuery2PersonPosts|1791331962046|1791331962046|1|10|-1
LdbcShortQuery3PersonFriends|1791331962047|1791331962047|1|34|-1
LdbcShortQuery4MessageContent|1791331962048|1791331962049|1|1|-1
LdbcShortQuery5MessageCreator|1791331962050|1791331962050|1|1|-1
LdbcShortQuery6MessageForum|1791331962051|1791331962052|1|1|-1
LdbcShortQuery7MessageReplies|1791331962053|1791331962053|1|0|-1
LdbcShortQuery1PersonProfile|1791331962054|1791331962055|1|1|-1
LdbcShortQuery2PersonPosts|1791331962056|1791331962056|3|10|-1
LdbcShortQuery3PersonFriends|1791331962059|1791331962060|4|1|-1
LdbcShortQuery4MessageContent|1791331962064|1791331962064|2|1|-1
LdbcShortQuery5MessageCreator|1791331962066|1791331962066|4|1|-1
LdbcShortQuery6MessageForum|1791331962070|1791331962070|2|1|-1
LdbcShortQuery7MessageReplies|1791331962072|1791331962072|6|0|-1
LdbcQuery13|1791331961721|1791331962079|2|1|1347532590067
LdbcShortQuery4MessageContent|1791331962081|1791331962082|1|1|-1
LdbcShortQuery5MessageCreator|1791331962083|1791331962084|2|1|-1
LdbcShortQuery6MessageForum|1791331962086|1791331962086|2|1|-1
LdbcShortQuery7MessageReplies|1791331962088|1791331962088|2|0|-1
LdbcShortQuery1PersonProfile|1791331962090|1791331962090|5|1|-1
LdbcShortQuery2PersonPosts|1791331962095|1791331962096|2|10|-1
LdbcShortQuery3PersonFriends|1791331962098|1791331962098|1|90|-1
LdbcShortQuery4MessageContent|1791331962099|1791331962099|0|1|-1
LdbcShortQuery5MessageCreator|1791331962099|1791331962100|0|1|-1
LdbcShortQuery6MessageForum|1791331962100|1791331962101|0|1|-1
LdbcShortQuery7MessageReplies|1791331962101|1791331962102|0|0|-1
LdbcQuery12|1791331961721|1791331962104|49|3|1347532590067
LdbcShortQuery1PersonProfile|1791331962153|1791331962153|1|1|-1
LdbcShortQuery2PersonPosts|1791331962154|1791331962155|1|10|-1
LdbcShortQuery3PersonFriends|1791331962156|1791331962156|1|62|-1
LdbcQuery3|1791331961721|1791331962158|49|0|1347532590067
LdbcShortQuery4MessageContent|1791331962207|1791331962208|1|1|-1
LdbcShortQuery5MessageCreator|1791331962209|1791331962209|0|1|-1
LdbcShortQuery6MessageForum|1791331962209|1791331962210|0|1|-1
LdbcShortQuery7MessageReplies|1791331962210|1791331962211|0|0|-1
LdbcShortQuery1PersonProfile|1791331962211|1791331962211|0|1|-1
LdbcShortQuery2PersonPosts|1791331962211|1791331962212|0|10|-1
LdbcShortQuery3PersonFriends|1791331962212|1791331962212|0|2|-1
LdbcQuery10|1791331961721|1791331962213|7|10|1347532590067
LdbcShortQuery1PersonProfile|1791331962220|1791331962221|1|1|-1
LdbcShortQuery2PersonPosts|1791331962222|1791331962222|1|10|-1
LdbcShortQuery3PersonFriends|1791331962223|1791331962224|1|30|-1
LdbcShortQuery4MessageContent|1791331962225|1791331962226|1|1|-1
LdbcShortQuery5MessageCreator|1791331962227|1791331962227|1|1|-1
LdbcShortQuery6MessageForum|1791331962228|1791331962228|1|1|-1
LdbcShortQuery7MessageReplies|1791331962229|1791331962230|1|0|-1
LdbcQuery1|1791331961721|1791331962231|2|2|1347532590067
LdbcShortQuery4MessageContent|1791331962233|1791331962233|1|1|-1
LdbcShortQuery5MessageCreator|1791331962234|1791331962234|0|1|-1
LdbcShortQuery6MessageForum|1791331962234|1791331962235|1|1|-1
LdbcShortQuery7MessageReplies|1791331962236|1791331962236|1|0|-1
LdbcShortQuery1PersonProfile|1791331962237|1791331962238|1|1|-1
LdbcShortQuery2PersonPosts|1791331962239|1791331962239|1|10|-1
LdbcShortQuery3PersonFriends|1791331962240|1791331962241|1|43|-1
LdbcShortQuery4MessageContent|1791331962242|1791331962243|1|1|-1
LdbcShortQuery5MessageCreator|1791331962244|1791331962244|0|1|-1
LdbcShortQuery6MessageForum|1791331962244|1791331962245|1|1|-1
LdbcShortQuery7MessageReplies|1791331962246|1791331962246|1|0|-1
LdbcQuery6|1791331961721|1791331962247|39|10|1347532590067
LdbcShortQuery1PersonProfile|1791331962286|1791331962287|0|1|-1
LdbcShortQuery2PersonPosts|1791331962287|1791331962288|1|10|-1
LdbcShortQuery3PersonFriends|1791331962289|1791331962289|0|29|-1
LdbcShortQuery4MessageContent|1791331962289|1791331962289|1|1|-1
LdbcShortQuery5MessageCreator|1791331962290|1791331962291|1|1|-1
LdbcShortQuery6MessageForum|1791331962292|1791331962292|1|1|-1
LdbcShortQuery7MessageReplies|1791331962293|1791331962293|0|0|-1
LdbcShortQuery1PersonProfile|1791331962293|1791331962295|1|1|-1
LdbcShortQuery2PersonPosts|1791331962296|1791331962296|1|10|-1
LdbcShortQuery3PersonFriends|1791331962297|1791331962297|1|22|-1
LdbcShortQuery4MessageContent|1791331962298|1791331962298|1|1|-1
LdbcShortQuery5MessageCreator|1791331962299|1791331962301|1|1|-1
LdbcShortQuery6MessageForum|1791331962302|1791331962303|1|1|-1
LdbcShortQuery7MessageReplies|1791331962304|1791331962304|4|9|-1
LdbcUpdate5AddForumMembership|1791331963150|1791331963150|10|0|1347532604349
LdbcUpdate5AddForumMembership|1791331963961|1791331963961|9|0|1347532612459
LdbcQuery1|1791331966582|1791331966583|6|2|1347532638674
LdbcShortQuery4MessageContent|1791331966589|1791331966589|3|1|-1
LdbcShortQuery5MessageCreator|1791331966592|1791331966592|2|1|-1
LdbcShortQuery6MessageForum|1791331966594|1791331966595|1|1|-1
LdbcShortQuery7MessageReplies|1791331966596|1791331966596|2|0|-1
LdbcShortQuery1PersonProfile|1791331966598|1791331966600|2|1|-1
LdbcShortQuery2PersonPosts|1791331966602|1791331966602|2|10|-1
LdbcShortQuery3PersonFriends|1791331966604|1791331966604|2|43|-1
LdbcQuery6|1791331966582|1791331966606|65|10|1347532638674
LdbcShortQuery1PersonProfile|1791331966671|1791331966672|2|1|-1
LdbcShortQuery2PersonPosts|1791331966674|1791331966674|2|10|-1
LdbcShortQuery3PersonFriends|1791331966676|1791331966677|2|70|-1
LdbcShortQuery4MessageContent|1791331966679|1791331966680|1|1|-1
LdbcShortQuery5MessageCreator|1791331966681|1791331966681|1|1|-1
LdbcShortQuery6MessageForum|1791331966682|1791331966683|1|1|-1
LdbcShortQuery7MessageReplies|1791331966684|1791331966685|1|0|-1
LdbcQuery9|1791331966582|1791331966687|69|20|1347532638674
LdbcShortQuery4MessageContent|1791331966756|1791331966756|2|1|-1
LdbcShortQuery5MessageCreator|1791331966758|1791331966758|1|1|-1
LdbcShortQuery6MessageForum|1791331966759|1791331966759|1|1|-1
LdbcShortQuery7MessageReplies|1791331966760|1791331966760|1|0|-1
LdbcShortQuery1PersonProfile|1791331966761|1791331966762|1|1|-1
LdbcShortQuery2PersonPosts|1791331966763|1791331966764|1|10|-1
LdbcShortQuery3PersonFriends|1791331966765|1791331966766|1|7|-1
LdbcShortQuery4MessageContent|1791331966767|1791331966768|2|1|-1
LdbcShortQuery5MessageCreator|1791331966770|1791331966770|1|1|-1
LdbcShortQuery6MessageForum|1791331966771|1791331966771|1|1|-1
LdbcShortQuery7MessageReplies|1791331966772|1791331966773|1|0|-1
LdbcQuery5|1791331966582|1791331966775|76|20|1347532638674
LdbcShortQuery1PersonProfile|1791331966851|1791331966852|1|1|-1
LdbcShortQuery2PersonPosts|1791331966853|1791331966853|1|10|-1
LdbcShortQuery3PersonFriends|1791331966854|1791331966855|1|37|-1
LdbcShortQuery4MessageContent|1791331966856|1791331966857|1|1|-1
LdbcShortQuery5MessageCreator|1791331966858|1791331966859|1|1|-1
LdbcShortQuery6MessageForum|1791331966860|1791331966861|0|1|-1
LdbcShortQuery7MessageReplies|1791331966861|1791331966862|0|0|-1
LdbcShortQuery1PersonProfile|1791331966862|1791331966862|0|1|-1
LdbcShortQuery2PersonPosts|1791331966862|1791331966862|1|10|-1
LdbcShortQuery3PersonFriends|1791331966863|1791331966865|1|38|-1
LdbcQuery8|1791331966582|1791331966867|2|20|1347532638674
LdbcShortQuery4MessageContent|1791331966869|1791331966869|1|1|-1
LdbcShortQuery5MessageCreator|1791331966870|1791331966870|1|1|-1
LdbcShortQuery6MessageForum|1791331966871|1791331966872|1|1|-1
LdbcShortQuery7MessageReplies|1791331966873|1791331966873|1|4|-1
LdbcShortQuery1PersonProfile|1791331966874|1791331966874|0|1|-1
LdbcShortQuery2PersonPosts|1791331966874|1791331966874|0|10|-1
LdbcShortQuery3PersonFriends|1791331966874|1791331966876|0|41|-1
LdbcQuery7|1791331966582|1791331966877|2|20|1347532638674
LdbcShortQuery1PersonProfile|1791331966879|1791331966880|1|1|-1
LdbcShortQuery2PersonPosts|1791331966881|1791331966881|2|10|-1
LdbcShortQuery3PersonFriends|1791331966883|1791331966883|1|30|-1
LdbcShortQuery4MessageContent|1791331966884|1791331966885|1|1|-1
LdbcShortQuery5MessageCreator|1791331966886|1791331966887|1|1|-1
LdbcShortQuery6MessageForum|1791331966888|1791331966888|1|1|-1
LdbcShortQuery7MessageReplies|1791331966889|1791331966889|1|0|-1
LdbcShortQuery1PersonProfile|1791331966890|1791331966891|1|1|-1
LdbcShortQuery2PersonPosts|1791331966892|1791331966892|2|10|-1
LdbcShortQuery3PersonFriends|1791331966894|1791331966895|2|81|-1
LdbcShortQuery4MessageContent|1791331966897|1791331966897|1|1|-1
LdbcShortQuery5MessageCreator|1791331966898|1791331966898|1|1|-1
LdbcShortQuery6MessageForum|1791331966899|1791331966899|1|1|-1
LdbcShortQuery7MessageReplies|1791331966900|1791331966901|1|0|-1
LdbcQuery14|1791331966582|1791331966902|111|17|1347532638674
LdbcShortQuery4MessageContent|1791331967013|1791331967013|3|1|-1
LdbcShortQuery5MessageCreator|1791331967016|1791331967017|1|1|-1
LdbcShortQuery6MessageForum|1791331967018|1791331967018|1|1|-1
LdbcShortQuery7MessageReplies|1791331967019|1791331967020|1|3|-1
LdbcQuery2|1791331966582|1791331967022|5|20|1347532638674
LdbcShortQuery1PersonProfile|1791331967027|1791331967027|1|1|-1
LdbcShortQuery2PersonPosts|1791331967028|1791331967030|1|10|-1
LdbcShortQuery3PersonFriends|1791331967031|1791331967032|2|109|-1
LdbcShortQuery4MessageContent|1791331967034|1791331967034|1|1|-1
LdbcShortQuery5MessageCreator|1791331967035|1791331967036|1|1|-1
LdbcShortQuery6MessageForum|1791331967037|1791331967037|1|1|-1
LdbcShortQuery7MessageReplies|1791331967038|1791331967039|1|0|-1
LdbcQuery11|1791331966582|1791331967040|3|0|1347532638674
LdbcShortQuery4MessageContent|1791331967043|1791331967044|1|1|-1
LdbcShortQuery5MessageCreator|1791331967045|1791331967045|1|1|-1
LdbcShortQuery6MessageForum|1791331967046|1791331967046|1|1|-1
LdbcShortQuery7MessageReplies|1791331967047|1791331967048|1|0|-1
LdbcShortQuery1PersonProfile|1791331967049|1791331967049|1|1|-1
LdbcShortQuery2PersonPosts|1791331967050|1791331967051|2|10|-1
LdbcShortQuery3PersonFriends|1791331967053|1791331967053|1|49|-1
LdbcShortQuery4MessageContent|1791331967054|1791331967055|1|1|-1
LdbcShortQuery5MessageCreator|1791331967056|1791331967056|1|1|-1
LdbcShortQuery6MessageForum|1791331967057|1791331967058|1|1|-1
LdbcShortQuery7MessageReplies|1791331967059|1791331967059|1|9|-1
LdbcShortQuery1PersonProfile|1791331967060|1791331967062|1|1|-1
LdbcShortQuery2PersonPosts|1791331967063|1791331967063|0|0|-1
LdbcShortQuery3PersonFriends|1791331967063|1791331967064|1|13|-1
LdbcQuery10|1791331966582|1791331967066|25|10|1347532638674
LdbcShortQuery1PersonProfile|1791331967091|1791331967091|2|1|-1
LdbcShortQuery2PersonPosts|1791331967093|1791331967093|1|5|-1
LdbcShortQuery3PersonFriends|1791331967094|1791331967094|1|10|-1
LdbcShortQuery4MessageContent|1791331967095|1791331967097|1|1|-1
LdbcShortQuery5MessageCreator|1791331967098|1791331967098|1|1|-1
LdbcShortQuery6MessageForum|1791331967099|1791331967100|1|1|-1
LdbcShortQuery7MessageReplies|1791331967101|1791331967101|1|3|-1
LdbcShortQuery1PersonProfile|1791331967102|1791331967102|1|1|-1
LdbcShortQuery2PersonPosts|1791331967103|1791331967104|1|10|-1
LdbcShortQuery3PersonFriends|1791331967105|1791331967105|1|1|-1
LdbcQuery12|1791331966582|1791331967107|70|1|1347532638674
LdbcShortQuery4MessageContent|1791331967177|1791331967178|1|1|-1
LdbcShortQuery5MessageCreator|1791331967179|1791331967180|1|1|-1
LdbcShortQuery6MessageForum|1791331967181|1791331967181|0|1|-1
LdbcShortQuery7MessageReplies|1791331967181|1791331967182|1|5|-1
LdbcShortQuery1PersonProfile|1791331967183|1791331967183|0|1|-1
LdbcShortQuery2PersonPosts|1791331967183|1791331967184|1|10|-1
LdbcShortQuery3PersonFriends|1791331967185|1791331967185|2|88|-1
LdbcShortQuery4MessageContent|1791331967187|1791331967188|1|1|-1
LdbcShortQuery5MessageCreator|1791331967189|1791331967189|1|1|-1
LdbcShortQuery6MessageForum|1791331967190|1791331967190|1|1|-1
LdbcShortQuery7MessageReplies|1791331967191|1791331967193|1|0|-1
LdbcQuery4|1791331966582|1791331967194|4|10|1347532638674
LdbcShortQuery1PersonProfile|1791331967198|1791331967198|1|1|-1
LdbcShortQuery2PersonPosts|1791331967199|1791331967200|2|10|-1
LdbcShortQuery3PersonFriends|1791331967202|1791331967202|1|14|-1
LdbcQuery13|1791331966582|1791331967203|1|1|1347532638674
LdbcShortQuery4MessageContent|1791331967204|1791331967206|1|1|-1
LdbcShortQuery5MessageCreator|1791331967207|1791331967207|1|1|-1
LdbcShortQuery6MessageForum|1791331967208|1791331967209|1|1|-1
LdbcShortQuery7MessageReplies|1791331967210|1791331967211|1|4|-1
LdbcQuery3|1791331966582|1791331967212|68|0|1347532638674
LdbcShortQuery1PersonProfile|1791331967280|1791331967281|2|1|-1
LdbcShortQuery2PersonPosts|1791331967283|1791331967283|2|10|-1
LdbcShortQuery3PersonFriends|1791331967285|1791331967286|3|189|-1
LdbcShortQuery4MessageContent|1791331967289|1791331967289|1|1|-1
LdbcShortQuery5MessageCreator|1791331967290|1791331967290|1|1|-1
LdbcShortQuery6MessageForum|1791331967291|1791331967292|1|1|-1
LdbcShortQuery7MessageReplies|1791331967293|1791331967293|1|3|-1
LdbcUpdate5AddForumMembership|1791331969064|1791331969064|25|0|1347532663497
LdbcQuery13|1791331971442|1791331971443|4|1|1347532687281
LdbcShortQuery4MessageContent|1791331971447|1791331971447|2|1|-1
LdbcShortQuery5MessageCreator|1791331971449|1791331971449|1|1|-1
LdbcShortQuery6MessageForum|1791331971450|1791331971451|1|1|-1
LdbcShortQuery7MessageReplies|1791331971452|1791331971453|2|5|-1
LdbcQuery3|1791331971442|1791331971455|74|0|1347532687281
LdbcShortQuery1PersonProfile|1791331971529|1791331971530|1|1|-1
LdbcShortQuery2PersonPosts|1791331971531|1791331971532|1|10|-1
LdbcShortQuery3PersonFriends|1791331971533|1791331971533|2|36|-1
LdbcShortQuery4MessageContent|1791331971535|1791331971536|1|1|-1
LdbcShortQuery5MessageCreator|1791331971537|1791331971538|1|1|-1
LdbcShortQuery6MessageForum|1791331971539|1791331971539|1|1|-1
LdbcShortQuery7MessageReplies|1791331971540|1791331971540|1|2|-1
LdbcShortQuery1PersonProfile|1791331971541|1791331971542|1|1|-1
LdbcShortQuery2PersonPosts|1791331971543|1791331971543|1|10|-1
LdbcShortQuery3PersonFriends|1791331971544|1791331971545|1|4|-1
LdbcShortQuery4MessageContent|1791331971546|1791331971546|1|1|-1
LdbcShortQuery5MessageCreator|1791331971547|1791331971547|1|1|-1
LdbcShortQuery6MessageForum|1791331971548|1791331971548|1|1|-1
LdbcShortQuery7MessageReplies|1791331971549|1791331971550|1|9|-1
LdbcQuery14|1791331971442|1791331971551|39|8|1347532687281
LdbcShortQuery4MessageContent|1791331971590|1791331971591|1|1|-1
LdbcShortQuery5MessageCreator|1791331971592|1791331971592|1|1|-1
LdbcShortQuery6MessageForum|1791331971593|1791331971594|2|1|-1
LdbcShortQuery7MessageReplies|1791331971596|1791331971596|1|5|-1
LdbcQuery9|1791331971442|1791331971597|69|20|1347532687281
LdbcShortQuery1PersonProfile|1791331971666|1791331971668|2|1|-1
LdbcShortQuery2PersonPosts|1791331971670|1791331971670|2|10|-1
LdbcShortQuery3PersonFriends|1791331971672|1791331971673|1|17|-1
LdbcQuery1|1791331971442|1791331971675|2|2|1347532687281
LdbcShortQuery4MessageContent|1791331971677|1791331971677|1|1|-1
LdbcShortQuery5MessageCreator|1791331971678|1791331971678|1|1|-1
LdbcShortQuery6MessageForum|1791331971679|1791331971679|1|1|-1
LdbcShortQuery7MessageReplies|1791331971680|1791331971680|1|0|-1
LdbcQuery6|1791331971442|1791331971682|34|10|1347532687281
LdbcShortQuery1PersonProfile|1791331971716|1791331971716|2|1|-1
LdbcShortQuery2PersonPosts|1791331971718|1791331971719|1|10|-1
LdbcShortQuery3PersonFriends|1791331971720|1791331971720|2|53|-1
LdbcShortQuery4MessageContent|1791331971722|1791331971723|1|1|-1
LdbcShortQuery5MessageCreator|1791331971724|1791331971724|1|1|-1
LdbcShortQuery6MessageForum|1791331971725|1791331971726|1|1|-1
LdbcShortQuery7MessageReplies|1791331971727|1791331971727|1|7|-1
LdbcShortQuery1PersonProfile|1791331971728|1791331971729|1|1|-1
LdbcShortQuery2PersonPosts|1791331971730|1791331971730|1|10|-1
LdbcShortQuery3PersonFriends|1791331971731|1791331971732|1|42|-1
LdbcQuery7|1791331971442|1791331971733|3|20|1347532687281
LdbcShortQuery4MessageContent|1791331971736|1791331971737|1|1|-1
LdbcShortQuery5MessageCreator|1791331971738|1791331971739|1|1|-1
LdbcShortQuery6MessageForum|1791331971740|1791331971740|1|1|-1
LdbcShortQuery7MessageReplies|1791331971741|1791331971742|1|0|-1
LdbcShortQuery1PersonProfile|1791331971743|1791331971743|1|1|-1
LdbcShortQuery2PersonPosts|1791331971744|1791331971745|1|10|-1
LdbcShortQuery3PersonFriends|1791331971746|1791331971746|1|50|-1
LdbcQuery5|1791331971442|1791331971748|44|20|1347532687281
LdbcShortQuery1PersonProfile|1791331971792|1791331971792|2|1|-1
LdbcShortQuery2PersonPosts|1791331971794|1791331971795|2|10|-1
LdbcShortQuery3PersonFriends|1791331971797|1791331971799|2|32|-1
LdbcShortQuery4MessageContent|1791331971801|1791331971801|1|1|-1
LdbcShortQuery5MessageCreator|1791331971802|1791331971802|2|1|-1
LdbcShortQuery6MessageForum|1791331971804|1791331971804|1|1|-1
LdbcShortQuery7MessageReplies|1791331971805|1791331971806|1|3|-1
LdbcQuery8|1791331971442|1791331971808|1|20|1347532687281
LdbcShortQuery4MessageContent|1791331971809|1791331971809|0|1|-1
LdbcShortQuery5MessageCreator|1791331971809|1791331971810|0|1|-1
LdbcShortQuery6MessageForum|1791331971810|1791331971811|0|1|-1
LdbcShortQuery7MessageReplies|1791331971811|1791331971811|1|6|-1
LdbcShortQuery1PersonProfile|1791331971812|1791331971813|1|1|-1
LdbcShortQuery2PersonPosts|1791331971814|1791331971814|1|10|-1
LdbcShortQuery3PersonFriends|1791331971815|1791331971815|1|22|-1
LdbcShortQuery4MessageContent|1791331971816|1791331971817|0|1|-1
LdbcShortQuery5MessageCreator|1791331971817|1791331971818|0|1|-1
LdbcShortQuery6MessageForum|1791331971818|1791331971819|0|1|-1
LdbcShortQuery7MessageReplies|1791331971819|1791331971819|1|15|-1
LdbcQuery4|1791331971442|1791331971821|3|2|1347532687281
LdbcShortQuery1PersonProfile|1791331971824|1791331971824|1|1|-1
LdbcShortQuery2PersonPosts|1791331971825|1791331971827|2|10|-1
LdbcShortQuery3PersonFriends|1791331971829|1791331971829|1|12|-1
LdbcShortQuery4MessageContent|1791331971830|1791331971831|1|1|-1
LdbcShortQuery5MessageCreator|1791331971832|1791331971832|1|1|-1
LdbcShortQuery6MessageForum|1791331971833|1791331971833|1|1|-1
LdbcShortQuery7MessageReplies|1791331971834|1791331971835|1|0|-1
LdbcQuery10|1791331971442|1791331971836|13|10|1347532687281
LdbcShortQuery4MessageContent|1791331971849|1791331971850|1|1|-1
LdbcShortQuery5MessageCreator|1791331971851|1791331971852|2|1|-1
LdbcShortQuery6MessageForum|1791331971854|1791331971854|2|1|-1
LdbcShortQuery7MessageReplies|1791331971856|1791331971856|2|0|-1
LdbcShortQuery1PersonProfile|1791331971858|1791331971858|2|1|-1
LdbcShortQuery2PersonPosts|1791331971860|1791331971860|2|10|-1
LdbcShortQuery3PersonFriends|1791331971862|1791331971863|1|38|-1
LdbcShortQuery4MessageContent|1791331971864|1791331971865|1|1|-1
LdbcShortQuery5MessageCreator|1791331971866|1791331971867|1|1|-1
LdbcShortQuery6MessageForum|1791331971868|1791331971869|1|1|-1
LdbcShortQuery7MessageReplies|1791331971870|1791331971870|1|0|-1
LdbcQuery2|1791331971442|1791331971872|5|20|1347532687281
LdbcShortQuery1PersonProfile|1791331971877|1791331971878|1|1|-1
LdbcShortQuery2PersonPosts|1791331971879|1791331971880|2|10|-1
LdbcShortQuery3PersonFriends|1791331971882|1791331971882|2|69|-1
LdbcShortQuery4MessageContent|1791331971884|1791331971884|1|1|-1
LdbcShortQuery5MessageCreator|1791331971885|1791331971886|1|1|-1
LdbcShortQuery6MessageForum|1791331971887|1791331971887|1|1|-1
LdbcShortQuery7MessageReplies|1791331971888|1791331971888|2|5|-1
LdbcQuery11|1791331971442|1791331971890|4|0|1347532687281
LdbcShortQuery4MessageContent|1791331971894|1791331971894|2|1|-1
LdbcShortQuery5MessageCreator|1791331971896|1791331971896|1|1|-1
LdbcShortQuery6MessageForum|1791331971897|1791331971898|1|1|-1
LdbcShortQuery7MessageReplies|1791331971899|1791331971901|1|0|-1
LdbcQuery12|1791331971442|1791331971902|61|2|1347532687281
LdbcShortQuery1PersonProfile|1791331971963|1791331971963|2|1|-1
LdbcShortQuery2PersonPosts|1791331971965|1791331971966|2|10|-1
LdbcShortQuery3PersonFriends|1791331971968|1791331971968|1|5|-1
LdbcShortQuery4MessageContent|1791331971969|1791331971970|2|1|-1
LdbcShortQuery5MessageCreator|1791331971972|1791331971973|1|1|-1
LdbcShortQuery6MessageForum|1791331971974|1791331971974|0|1|-1
LdbcShortQuery7MessageReplies|1791331971974|1791331971975|0|7|-1
LdbcShortQuery1PersonProfile|1791331971975|1791331971975|0|1|-1
LdbcShortQuery2PersonPosts|1791331971975|1791331971976|0|10|-1
LdbcShortQuery3PersonFriends|1791331971976|1791331971976|0|91|-1
LdbcShortQuery4MessageContent|1791331971976|1791331971977|0|1|-1
LdbcShortQuery5MessageCreator|1791331971977|1791331971977|0|1|-1
LdbcShortQuery6MessageForum|1791331971977|1791331971977|0|1|-1
LdbcShortQuery7MessageReplies|1791331971977|1791331971978|0|0|-1
LdbcUpdate7AddComment|1791331972790|1791331972790|168|0|1347532700755
LdbcQuery11|1791331976303|1791331976303|2|0|1347532735888
LdbcShortQuery4MessageContent|1791331976305|1791331976306|0|1|-1
LdbcShortQuery5MessageCreator|1791331976306|1791331976307|0|1|-1
LdbcShortQuery6MessageForum|1791331976307|1791331976307|0|1|-1
LdbcShortQuery7MessageReplies|1791331976307|1791331976308|0|0|-1
LdbcQuery12|1791331976303|1791331976308|45|1|1347532735888
LdbcShortQuery1PersonProfile|1791331976353|1791331976354|2|1|-1
LdbcShortQuery2PersonPosts|1791331976356|1791331976356|1|10|-1
LdbcShortQuery3PersonFriends|1791331976357|1791331976357|1|50|-1
LdbcShortQuery4MessageContent|1791331976358|1791331976358|0|1|-1
LdbcShortQuery5MessageCreator|1791331976358|1791331976360|0|1|-1
LdbcShortQuery6MessageForum|1791331976360|1791331976360|0|1|-1
LdbcShortQuery7MessageReplies|1791331976360|1791331976361|0|4|-1
LdbcShortQuery1PersonProfile|1791331976361|1791331976361|0|1|-1
LdbcShortQuery2PersonPosts|1791331976361|1791331976361|0|8|-1
LdbcShortQuery3PersonFriends|1791331976361|1791331976362|0|5|-1
LdbcQuery7|1791331976303|1791331976362|1|20|1347532735888
LdbcShortQuery4MessageContent|1791331976363|1791331976364|0|1|-1
LdbcShortQuery5MessageCreator|1791331976364|1791331976364|0|1|-1
LdbcShortQuery6MessageForum|1791331976364|1791331976365|0|1|-1
LdbcShortQuery7MessageReplies|1791331976365|1791331976365|0|3|-1
LdbcShortQuery1PersonProfile|1791331976365|1791331976365|0|1|-1
LdbcShortQuery2PersonPosts|1791331976365|1791331976367|0|10|-1
LdbcShortQuery3PersonFriends|1791331976367|1791331976367|0|56|-1
LdbcShortQuery4MessageContent|1791331976367|1791331976368|0|1|-1
LdbcShortQuery5MessageCreator|1791331976368|1791331976368|0|1|-1
LdbcShortQuery6MessageForum|1791331976368|1791331976368|0|1|-1
LdbcShortQuery7MessageReplies|1791331976368|1791331976369|0|0|-1
LdbcShortQuery1PersonProfile|1791331976369|1791331976369|0|1|-1
LdbcShortQuery2PersonPosts|1791331976369|1791331976369|1|10|-1
LdbcShortQuery3PersonFriends|1791331976370|1791331976371|1|13|-1
LdbcQuery14|1791331976303|1791331976372|33|10|1347532735888
LdbcShortQuery1PersonProfile|1791331976405|1791331976405|1|1|-1
LdbcShortQuery2PersonPosts|1791331976406|1791331976407|0|10|-1
LdbcShortQuery3PersonFriends|1791331976407|1791331976407|0|9|-1
LdbcShortQuery4MessageContent|1791331976407|1791331976408|0|1|-1
LdbcShortQuery5MessageCreator|1791331976408|1791331976408|0|1|-1
LdbcShortQuery6MessageForum|1791331976408|1791331976408|0|1|-1
LdbcShortQuery7MessageReplies|1791331976408|1791331976408|0|0|-1
LdbcShortQuery1PersonProfile|1791331976408|1791331976410|0|1|-1
LdbcShortQuery2PersonPosts|1791331976410|1791331976410|0|10|-1
LdbcShortQuery3PersonFriends|1791331976410|1791331976411|1|230|-1
LdbcShortQuery4MessageContent|1791331976412|1791331976412|0|1|-1
LdbcShortQuery5MessageCreator|1791331976412|1791331976412|0|1|-1
LdbcShortQuery6MessageForum|1791331976412|1791331976412|0|1|-1
LdbcShortQuery7MessageReplies|1791331976412|1791331976413|0|0|-1
LdbcQuery13|1791331976303|1791331976413|0|1|1347532735888
LdbcShortQuery4MessageContent|1791331976413|1791331976414|0|1|-1
LdbcShortQuery5MessageCreator|1791331976414|1791331976414|0|1|-1
LdbcShortQuery6MessageForum|1791331976414|1791331976414|0|1|-1
LdbcShortQuery7MessageReplies|1791331976414|1791331976414|0|0|-1
LdbcShortQuery1PersonProfile|1791331976414|1791331976416|0|1|-1
LdbcShortQuery2PersonPosts|1791331976416|1791331976416|0|10|-1
LdbcShortQuery3PersonFriends|1791331976416|1791331976417|0|15|-1
LdbcQuery3|1791331976303|1791331976417|33|0|1347532735888
LdbcShortQuery1PersonProfile|1791331976450|1791331976451|1|1|-1
LdbcShortQuery2PersonPosts|1791331976452|1791331976453|0|3|-1
LdbcShortQuery3PersonFriends|1791331976453|1791331976454|1|71|-1
LdbcShortQuery4MessageContent|1791331976455|1791331976455|0|1|-1
LdbcShortQuery5MessageCreator|1791331976455|1791331976455|0|1|-1
LdbcShortQuery6MessageForum|1791331976455|1791331976456|0|1|-1
LdbcShortQuery7MessageReplies|1791331976456|1791331976456|0|0|-1
LdbcShortQuery1PersonProfile|1791331976456|1791331976457|0|1|-1
LdbcShortQuery2PersonPosts|1791331976457|1791331976457|0|10|-1
LdbcShortQuery3PersonFriends|1791331976457|1791331976457|0|23|-1
LdbcShortQuery4MessageContent|1791331976457|1791331976459|0|1|-1
LdbcShortQuery5MessageCreator|1791331976459|1791331976460|0|1|-1
LdbcShortQuery6MessageForum|1791331976460|1791331976460|0|1|-1
LdbcShortQuery7MessageReplies|1791331976460|1791331976461|0|4|-1
LdbcShortQuery1PersonProfile|1791331976461|1791331976461|0|1|-1
LdbcShortQuery2PersonPosts|1791331976461|1791331976461|0|10|-1
LdbcShortQuery3PersonFriends|1791331976461|1791331976462|0|1|-1
LdbcQuery6|1791331976303|1791331976462|51|10|1347532735888
LdbcShortQuery4MessageContent|1791331976513|1791331976515|1|1|-1
LdbcShortQuery5MessageCreator|1791331976516|1791331976516|0|1|-1
LdbcShortQuery6MessageForum|1791331976516|1791331976517|0|1|-1
LdbcShortQuery7MessageReplies|1791331976517|1791331976517|0|0|-1
LdbcShortQuery1PersonProfile|1791331976517|1791331976517|8|1|-1
LdbcShortQuery2PersonPosts|1791331976525|1791331976527|0|10|-1
LdbcShortQuery3PersonFriends|1791331976527|1791331976527|0|100|-1
LdbcQuery9|1791331976303|1791331976529|42|20|1347532735888
LdbcShortQuery1PersonProfile|1791331976571|1791331976571|1|1|-1
LdbcShortQuery2PersonPosts|1791331976572|1791331976572|1|10|-1
LdbcShortQuery3PersonFriends|1791331976573|1791331976573|1|149|-1
LdbcShortQuery4MessageContent|1791331976574|1791331976575|0|1|-1
LdbcShortQuery5MessageCreator|1791331976575|1791331976575|0|1|-1
LdbcShortQuery6MessageForum|1791331976575|1791331976576|0|1|-1
LdbcShortQuery7MessageReplies|1791331976576|1791331976576|0|0|-1
LdbcShortQuery1PersonProfile|1791331976576|1791331976576|0|1|-1
LdbcShortQuery2PersonPosts|1791331976576|1791331976577|0|10|-1
LdbcShortQuery3PersonFriends|1791331976577|1791331976577|1|256|-1
LdbcQuery1|1791331976303|1791331976579|1|5|1347532735888
LdbcShortQuery4MessageContent|1791331976580|1791331976580|0|1|-1
LdbcShortQuery5MessageCreator|1791331976580|1791331976581|0|1|-1
LdbcShortQuery6MessageForum|1791331976581|1791331976581|0|1|-1
LdbcShortQuery7MessageReplies|1791331976581|1791331976581|0|13|-1
LdbcShortQuery1PersonProfile|1791331976581|1791331976582|0|1|-1
LdbcShortQuery2PersonPosts|1791331976582|1791331976582|0|10|-1
LdbcShortQuery3PersonFriends|1791331976582|1791331976583|0|96|-1
LdbcShortQuery4MessageContent|1791331976583|1791331976584|0|1|-1
LdbcShortQuery5MessageCreator|1791331976584|1791331976584|0|1|-1
LdbcShortQuery6MessageForum|1791331976584|1791331976584|0|1|-1
LdbcShortQuery7MessageReplies|1791331976584|1791331976585|0|0|-1
LdbcQuery2|1791331976303|1791331976585|1|20|1347532735888
LdbcShortQuery1PersonProfile|1791331976586|1791331976587|0|1|-1
LdbcShortQuery2PersonPosts|1791331976587|1791331976587|0|10|-1
LdbcShortQuery3PersonFriends|1791331976587|1791331976588|0|16|-1
LdbcShortQuery4MessageContent|1791331976588|1791331976590|0|1|-1
LdbcShortQuery5MessageCreator|1791331976590|1791331976590|0|1|-1
LdbcShortQuery6MessageForum|1791331976590|1791331976591|0|1|-1
LdbcShortQuery7MessageReplies|1791331976591|1791331976591|0|1|-1
LdbcQuery4|1791331976303|1791331976591|0|0|1347532735888
LdbcShortQuery4MessageContent|1791331976591|1791331976591|0|1|-1
LdbcShortQuery5MessageCreator|1791331976591|1791331976593|0|1|-1
LdbcShortQuery6MessageForum|1791331976593|1791331976593|0|1|-1
LdbcShortQuery7MessageReplies|1791331976593|1791331976594|0|0|-1
LdbcShortQuery1PersonProfile|1791331976594|1791331976594|0|1|-1
LdbcShortQuery2PersonPosts|1791331976594|1791331976594|0|10|-1
LdbcShortQuery3PersonFriends|1791331976594|1791331976595|0|17|-1
LdbcShortQuery4MessageContent|1791331976595|1791331976595|0|1|-1
LdbcShortQuery5MessageCreator|1791331976595|1791331976596|0|1|-1
LdbcShortQuery6MessageForum|1791331976596|1791331976596|0|1|-1
LdbcShortQuery7MessageReplies|1791331976596|1791331976597|0|0|-1
LdbcQuery5|1791331976303|1791331976597|10|0|1347532735888
LdbcShortQuery1PersonProfile|1791331976607|1791331976608|0|1|-1
LdbcShortQuery2PersonPosts|1791331976608|1791331976608|0|10|-1
LdbcShortQuery3PersonFriends|1791331976608|1791331976609|0|3|-1
LdbcShortQuery4MessageContent|1791331976609|1791331976610|0|1|-1
LdbcShortQuery5MessageCreator|1791331976610|1791331976610|0|1|-1
LdbcShortQuery6MessageForum|1791331976610|1791331976611|0|1|-1
LdbcShortQuery7MessageReplies|1791331976611|1791331976611|0|4|-1
LdbcQuery8|1791331976303|1791331976611|1|20|1347532735888
LdbcShortQuery4MessageContent|1791331976612|1791331976613|0|1|-1
LdbcShortQuery5MessageCreator|1791331976613|1791331976613|0|1|-1
LdbcShortQuery6MessageForum|1791331976613|1791331976613|0|1|-1
LdbcShortQuery7MessageReplies|1791331976613|1791331976614|0|13|-1
LdbcShortQuery1PersonProfile|1791331976614|1791331976614|0|1|-1
LdbcShortQuery2PersonPosts|1791331976614|1791331976615|0|10|-1
LdbcShortQuery3PersonFriends|1791331976615|1791331976615|0|71|-1
LdbcQuery10|1791331976303|1791331976616|6|10|1347532735888
LdbcShortQuery1PersonProfile|1791331976622|1791331976622|0|1|-1
LdbcShortQuery2PersonPosts|1791331976622|1791331976624|0|10|-1
LdbcShortQuery3PersonFriends|1791331976624|1791331976625|0|1|-1
LdbcShortQuery4MessageContent|1791331976625|1791331976625|0|1|-1
LdbcShortQuery5MessageCreator|1791331976625|1791331976626|0|1|-1
LdbcShortQuery6MessageForum|1791331976626|1791331976626|0|1|-1
LdbcShortQuery7MessageReplies|1791331976626|1791331976626|0|4|-1
LdbcShortQuery1PersonProfile|1791331976626|1791331976627|0|1|-1
LdbcShortQuery2PersonPosts|1791331976627|1791331976627|0|10|-1
LdbcShortQuery3PersonFriends|1791331976627|1791331976629|0|61|-1
LdbcQuery8|1791331981164|1791331981164|4|20|1347532784495
LdbcShortQuery4MessageContent|1791331981168|1791331981168|1|1|-1
LdbcShortQuery5MessageCreator|1791331981169|1791331981169|1|1|-1
LdbcShortQuery6MessageForum|1791331981170|1791331981170|1|1|-1
LdbcShortQuery7MessageReplies|1791331981171|1791331981171|1|5|-1
LdbcShortQuery1PersonProfile|1791331981172|1791331981173|0|1|-1
LdbcShortQuery2PersonPosts|1791331981173|1791331981173|1|10|-1
LdbcShortQuery3PersonFriends|1791331981174|1791331981175|0|3|-1
LdbcQuery10|1791331981164|1791331981175|12|10|1347532784495
LdbcShortQuery1PersonProfile|1791331981187|1791331981188|1|1|-1
LdbcShortQuery2PersonPosts|1791331981189|1791331981190|1|10|-1
LdbcShortQuery3PersonFriends|1791331981191|1791331981191|1|17|-1
LdbcShortQuery4MessageContent|1791331981192|1791331981192|0|1|-1
LdbcShortQuery5MessageCreator|1791331981192|1791331981193|0|1|-1
LdbcShortQuery6MessageForum|1791331981193|1791331981194|0|1|-1
LdbcShortQuery7MessageReplies|1791331981194|1791331981195|1|3|-1
LdbcQuery6|1791331981164|1791331981196|38|10|1347532784495
LdbcShortQuery4MessageContent|1791331981234|1791331981235|1|1|-1
LdbcShortQuery5MessageCreator|1791331981236|1791331981237|1|1|-1
LdbcShortQuery6MessageForum|1791331981238|1791331981239|1|1|-1
LdbcShortQuery7MessageReplies|1791331981240|1791331981240|1|6|-1
LdbcShortQuery1PersonProfile|1791331981241|1791331981242|1|1|-1
LdbcShortQuery2PersonPosts|1791331981243|1791331981243|1|10|-1
LdbcShortQuery3PersonFriends|1791331981244|1791331981245|2|60|-1
LdbcQuery7|1791331981164|1791331981248|2|20|1347532784495
LdbcShortQuery1PersonProfile|1791331981250|1791331981251|1|1|-1
LdbcShortQuery2PersonPosts|1791331981252|1791331981252|1|10|-1
LdbcShortQuery3PersonFriends|1791331981253|1791331981254|1|13|-1
LdbcQuery11|1791331981164|1791331981255|2|0|1347532784495
LdbcShortQuery4MessageContent|1791331981257|1791331981258|1|1|-1
LdbcShortQuery5MessageCreator|1791331981259|1791331981260|1|1|-1
LdbcShortQuery6MessageForum|1791331981261|1791331981261|1|1|-1
LdbcShortQuery7MessageReplies|1791331981262|1791331981263|1|0|-1
LdbcShortQuery1PersonProfile|1791331981264|1791331981265|1|1|-1
LdbcShortQuery2PersonPosts|1791331981266|1791331981268|1|10|-1
LdbcShortQuery3PersonFriends|1791331981269|1791331981269|1|37|-1
LdbcQuery12|1791331981164|1791331981271|38|1|1347532784495
LdbcShortQuery1PersonProfile|1791331981309|1791331981309|0|1|-1
LdbcShortQuery2PersonPosts|1791331981309|1791331981309|0|10|-1
LdbcShortQuery3PersonFriends|1791331981309|1791331981310|0|16|-1
LdbcShortQuery4MessageContent|1791331981310|1791331981312|0|1|-1
LdbcShortQuery5MessageCreator|1791331981312|1791331981312|0|1|-1
LdbcShortQuery6MessageForum|1791331981312|1791331981312|0|1|-1
LdbcShortQuery7MessageReplies|1791331981312|1791331981313|0|0|-1
LdbcQuery3|1791331981164|1791331981313|25|0|1347532784495
LdbcShortQuery4MessageContent|1791331981338|1791331981338|1|1|-1
LdbcShortQuery5MessageCreator|1791331981339|1791331981339|0|1|-1
LdbcShortQuery6MessageForum|1791331981339|1791331981340|0|1|-1
LdbcShortQuery7MessageReplies|1791331981340|1791331981340|0|0|-1
LdbcShortQuery1PersonProfile|1791331981340|1791331981342|0|1|-1
LdbcShortQuery2PersonPosts|1791331981342|1791331981342|0|10|-1
LdbcShortQuery3PersonFriends|1791331981342|1791331981343|0|91|-1
LdbcQuery14|1791331981164|1791331981343|26|5|1347532784495
LdbcShortQuery1PersonProfile|1791331981369|1791331981370|0|1|-1
LdbcShortQuery2PersonPosts|1791331981370|1791331981370|0|10|-1
LdbcShortQuery3PersonFriends|1791331981370|1791331981371|0|15|-1
LdbcShortQuery4MessageContent|1791331981371|1791331981371|0|1|-1
LdbcShortQuery5MessageCreator|1791331981371|1791331981371|0|1|-1
LdbcShortQuery6MessageForum|1791331981371|1791331981373|0|1|-1
LdbcShortQuery7MessageReplies|1791331981373|1791331981373|0|0|-1
LdbcQuery13|1791331981164|1791331981373|0|1|1347532784495
LdbcShortQuery4MessageContent|1791331981373|1791331981374|0|1|-1
LdbcShortQuery5MessageCreator|1791331981374|1791331981374|0|1|-1
LdbcShortQuery6MessageForum|1791331981374|1791331981374|0|1|-1
LdbcShortQuery7MessageReplies|1791331981374|1791331981375|0|0|-1
LdbcShortQuery1PersonProfile|1791331981375|1791331981375|0|1|-1
LdbcShortQuery2PersonPosts|1791331981375|1791331981375|0|10|-1
LdbcShortQuery3PersonFriends|1791331981375|1791331981377|0|6|-1
LdbcShortQuery4MessageContent|1791331981377|1791331981377|0|1|-1
LdbcShortQuery5MessageCreator|1791331981377|1791331981377|0|1|-1
LdbcShortQuery6MessageForum|1791331981377|1791331981378|0|1|-1
LdbcShortQuery7MessageReplies|1791331981378|1791331981378|0|0|-1
LdbcShortQuery1PersonProfile|1791331981378|1791331981379|0|1|-1
LdbcShortQuery2PersonPosts|1791331981379|1791331981379|0|10|-1
LdbcShortQuery3PersonFriends|1791331981379|1791331981380|0|93|-1
LdbcQuery5|1791331981164|1791331981381|67|20|1347532784495
LdbcShortQuery1PersonProfile|1791331981448|1791331981449|1|1|-1
LdbcShortQuery2PersonPosts|1791331981450|1791331981451|1|7|-1
LdbcShortQuery3PersonFriends|1791331981452|1791331981452|2|4|-1
LdbcShortQuery4MessageContent|1791331981454|1791331981454|1|1|-1
LdbcShortQuery5MessageCreator|1791331981455|1791331981456|1|1|-1
LdbcShortQuery6MessageForum|1791331981457|1791331981458|1|1|-1
LdbcShortQuery7MessageReplies|1791331981459|1791331981459|1|3|-1
LdbcShortQuery1PersonProfile|1791331981460|1791331981461|1|1|-1
LdbcShortQuery2PersonPosts|1791331981462|1791331981463|1|10|-1
LdbcShortQuery3PersonFriends|1791331981464|1791331981465|1|49|-1
LdbcShortQuery4MessageContent|1791331981466|1791331981466|1|1|-1
LdbcShortQuery5MessageCreator|1791331981467|1791331981468|1|1|-1
LdbcShortQuery6MessageForum|1791331981469|1791331981469|1|1|-1
LdbcShortQuery7MessageReplies|1791331981470|1791331981470|1|0|-1
LdbcShortQuery1PersonProfile|1791331981471|1791331981471|0|1|-1
LdbcShortQuery2PersonPosts|1791331981471|1791331981472|1|10|-1
LdbcShortQuery3PersonFriends|1791331981473|1791331981473|1|34|-1
LdbcQuery2|1791331981164|1791331981475|4|20|1347532784495
LdbcShortQuery4MessageContent|1791331981479|1791331981479|1|1|-1
LdbcShortQuery5MessageCreator|1791331981480|1791331981481|1|1|-1
LdbcShortQuery6MessageForum|1791331981482|1791331981482|1|1|-1
LdbcShortQuery7MessageReplies|1791331981483|1791331981484|1|0|-1
LdbcShortQuery1PersonProfile|1791331981485|1791331981485|0|1|-1
LdbcShortQuery2PersonPosts|1791331981485|1791331981486|1|10|-1
LdbcShortQuery3PersonFriends|1791331981487|1791331981487|2|82|-1
LdbcShortQuery4MessageContent|1791331981489|1791331981489|1|1|-1
LdbcShortQuery5MessageCreator|1791331981490|1791331981491|1|1|-1
LdbcShortQuery6MessageForum|1791331981492|1791331981492|1|1|-1
LdbcShortQuery7MessageReplies|1791331981493|1791331981493|1|6|-1
LdbcQuery9|1791331981164|1791331981495|79|20|1347532784495
LdbcShortQuery1PersonProfile|1791331981574|1791331981575|2|1|-1
LdbcShortQuery2PersonPosts|1791331981577|1791331981577|2|10|-1
LdbcShortQuery3PersonFriends|1791331981579|1791331981581|2|51|-1
LdbcQuery1|1791331981164|1791331981584|2|1|1347532784495
LdbcShortQuery4MessageContent|1791331981586|1791331981587|2|1|-1
LdbcShortQuery5MessageCreator|1791331981589|1791331981589|1|1|-1
LdbcShortQuery6MessageForum|1791331981590|1791331981591|3|1|-1
LdbcShortQuery7MessageReplies|1791331981594|1791331981595|1|0|-1
LdbcQuery4|1791331981164|1791331981596|2|3|1347532784495
LdbcShortQuery1PersonProfile|1791331981598|1791331981599|1|1|-1
LdbcShortQuery2PersonPosts|1791331981600|1791331981601|2|10|-1
LdbcShortQuery3PersonFriends|1791331981603|1791331981603|2|24|-1
LdbcShortQuery4MessageContent|1791331981605|1791331981606|1|1|-1
LdbcShortQuery5MessageCreator|1791331981607|1791331981608|1|1|-1
LdbcShortQuery6MessageForum|1791331981609|1791331981609|1|1|-1
LdbcShortQuery7MessageReplies|1791331981610|1791331981611|1|0|-1
LdbcUpdate2AddPostLike|1791331984768|1791331984769|5|0|1347532820529
LdbcUpdate5AddForumMembership|1791331985989|1791331985989|7|0|1347532832748
LdbcQuery1|1791331986024|1791331986024|8|20|1347532833102
LdbcShortQuery4MessageContent|1791331986032|1791331986032|3|1|-1
LdbcShortQuery5MessageCreator|1791331986035|1791331986035|4|1|-1
LdbcShortQuery6MessageForum|1791331986039|1791331986041|3|1|-1
LdbcShortQuery7MessageReplies|1791331986044|1791331986044|2|0|-1
LdbcQuery4|1791331986024|1791331986046|13|1|1347532833102
LdbcShortQuery1PersonProfile|1791331986059|1791331986059|3|1|-1
LdbcShortQuery2PersonPosts|1791331986062|1791331986063|5|10|-1
LdbcShortQuery3PersonFriends|1791331986068|1791331986069|3|40|-1
LdbcQuery3|1791331986024|1791331986073|69|0|1347532833102
LdbcShortQuery4MessageContent|1791331986142|1791331986143|1|1|-1
LdbcShortQuery5MessageCreator|1791331986144|1791331986145|1|1|-1
LdbcShortQuery6MessageForum|1791331986146|1791331986147|1|1|-1
LdbcShortQuery7MessageReplies|1791331986148|1791331986148|1|1|-1
LdbcQuery6|1791331986024|1791331986149|38|1|1347532833102
LdbcShortQuery1PersonProfile|1791331986187|1791331986187|0|1|-1
LdbcShortQuery2PersonPosts|1791331986187|1791331986188|0|10|-1
LdbcShortQuery3PersonFriends|1791331986188|1791331986189|0|30|-1
LdbcQuery8|1791331986024|1791331986189|1|20|1347532833102
LdbcShortQuery4MessageContent|1791331986190|1791331986191|0|1|-1
LdbcShortQuery5MessageCreator|1791331986191|1791331986192|0|1|-1
LdbcShortQuery6MessageForum|1791331986192|1791331986192|0|1|-1
LdbcShortQuery7MessageReplies|1791331986192|1791331986192|0|0|-1
LdbcShortQuery1PersonProfile|1791331986192|1791331986193|0|1|-1
LdbcShortQuery2PersonPosts|1791331986193|1791331986193|0|10|-1
LdbcShortQuery3PersonFriends|1791331986193|1791331986195|0|3|-1
LdbcShortQuery4MessageContent|1791331986195|1791331986195|0|1|-1
LdbcShortQuery5MessageCreator|1791331986195|1791331986196|0|1|-1
LdbcShortQuery6MessageForum|1791331986196|1791331986196|0|1|-1
LdbcShortQuery7MessageReplies|1791331986196|1791331986196|0|5|-1
LdbcShortQuery1PersonProfile|1791331986196|1791331986197|0|1|-1
LdbcShortQuery2PersonPosts|1791331986197|1791331986197|0|10|-1
LdbcShortQuery3PersonFriends|1791331986197|1791331986198|1|62|-1
LdbcQuery10|1791331986024|1791331986199|9|10|1347532833102
LdbcShortQuery1PersonProfile|1791331986208|1791331986208|0|1|-1
LdbcShortQuery2PersonPosts|1791331986208|1791331986208|0|10|-1
LdbcShortQuery3PersonFriends|1791331986208|1791331986210|0|15|-1
LdbcShortQuery4MessageContent|1791331986210|1791331986210|0|1|-1
LdbcShortQuery5MessageCreator|1791331986210|1791331986210|0|1|-1
LdbcShortQuery6MessageForum|1791331986210|1791331986210|0|1|-1
LdbcShortQuery7MessageReplies|1791331986210|1791331986211|0|0|-1
LdbcQuery12|1791331986024|1791331986211|52|2|1347532833102
LdbcShortQuery4MessageContent|1791331986263|1791331986265|1|1|-1
LdbcShortQuery5MessageCreator|1791331986266|1791331986267|1|1|-1
LdbcShortQuery6MessageForum|1791331986268|1791331986268|1|1|-1
LdbcShortQuery7MessageReplies|1791331986269|1791331986269|1|0|-1
LdbcShortQuery1PersonProfile|1791331986270|1791331986270|1|1|-1
LdbcShortQuery2PersonPosts|1791331986271|1791331986272|1|10|-1
LdbcShortQuery3PersonFriends|1791331986273|1791331986273|1|38|-1
LdbcShortQuery4MessageContent|1791331986274|1791331986274|1|1|-1
LdbcShortQuery5MessageCreator|1791331986275|1791331986277|1|1|-1
LdbcShortQuery6MessageForum|1791331986278|1791331986278|1|1|-1
LdbcShortQuery7MessageReplies|1791331986279|1791331986280|1|0|-1
LdbcQuery7|1791331986024|1791331986281|3|20|1347532833102
LdbcShortQuery1PersonProfile|1791331986284|1791331986284|1|1|-1
LdbcShortQuery2PersonPosts|1791331986285|1791331986287|1|10|-1
LdbcShortQuery3PersonFriends|1791331986288|1791331986288|2|107|-1
LdbcQuery11|1791331986024|1791331986291|2|1|1347532833102
LdbcShortQuery4MessageContent|1791331986293|1791331986294|1|1|-1
LdbcShortQuery5MessageCreator|1791331986295|1791331986295|1|1|-1
LdbcShortQuery6MessageForum|1791331986296|1791331986296|1|1|-1
LdbcShortQuery7MessageReplies|1791331986297|1791331986298|1|4|-1
LdbcShortQuery1PersonProfile|1791331986299|1791331986299|1|1|-1
LdbcShortQuery2PersonPosts|1791331986300|1791331986300|1|10|-1
LdbcShortQuery3PersonFriends|1791331986301|1791331986301|1|42|-1
LdbcShortQuery4MessageContent|1791331986302|1791331986303|1|1|-1
LdbcShortQuery5MessageCreator|1791331986304|1791331986304|1|1|-1
LdbcShortQuery6MessageForum|1791331986305|1791331986306|1|1|-1
LdbcShortQuery7MessageReplies|1791331986307|1791331986307|1|0|-1
LdbcQuery9|1791331986024|1791331986308|78|20|1347532833102
LdbcShortQuery1PersonProfile|1791331986386|1791331986386|1|1|-1
LdbcShortQuery2PersonPosts|1791331986387|1791331986388|2|10|-1
LdbcShortQuery3PersonFriends|1791331986390|1791331986390|3|44|-1
LdbcShortQuery4MessageContent|1791331986393|1791331986394|1|1|-1
LdbcShortQuery5MessageCreator|1791331986395|1791331986395|1|1|-1
LdbcShortQuery6MessageForum|1791331986396|1791331986396|1|1|-1
LdbcShortQuery7MessageReplies|1791331986397|1791331986398|1|4|-1
LdbcShortQuery1PersonProfile|1791331986399|1791331986399|1|1|-1
LdbcShortQuery2PersonPosts|1791331986400|1791331986400|1|5|-1
LdbcShortQuery3PersonFriends|1791331986401|1791331986401|3|38|-1
LdbcQuery5|1791331986024|1791331986405|22|20|1347532833102
LdbcShortQuery4MessageContent|1791331986427|1791331986428|1|1|-1
LdbcShortQuery5MessageCreator|1791331986429|1791331986429|0|1|-1
LdbcShortQuery6MessageForum|1791331986429|1791331986430|0|1|-1
LdbcShortQuery7MessageReplies|1791331986430|1791331986431|0|6|-1
LdbcShortQuery1PersonProfile|1791331986431|1791331986431|2|1|-1
LdbcShortQuery2PersonPosts|1791331986433|1791331986434|1|10|-1
LdbcShortQuery3PersonFriends|1791331986435|1791331986435|1|7|-1
LdbcShortQuery4MessageContent|1791331986436|1791331986436|0|1|-1
LdbcShortQuery5MessageCreator|1791331986436|1791331986437|0|1|-1
LdbcShortQuery6MessageForum|1791331986437|1791331986438|0|1|-1
LdbcShortQuery7MessageReplies|1791331986438|1791331986439|0|8|-1
LdbcShortQuery1PersonProfile|1791331986439|1791331986440|0|1|-1
LdbcShortQuery2PersonPosts|1791331986440|1791331986440|1|10|-1
LdbcShortQuery3PersonFriends|1791331986441|1791331986441|0|21|-1
LdbcQuery14|1791331986024|1791331986442|38|8|1347532833102
LdbcShortQuery1PersonProfile|1791331986480|1791331986481|1|1|-1
LdbcShortQuery2PersonPosts|1791331986482|1791331986482|2|10|-1
LdbcShortQuery3PersonFriends|1791331986484|1791331986485|2|32|-1
LdbcShortQuery4MessageContent|1791331986487|1791331986487|1|1|-1
LdbcShortQuery5MessageCreator|1791331986488|1791331986488|1|1|-1
LdbcShortQuery6MessageForum|1791331986489|1791331986490|2|1|-1
LdbcShortQuery7MessageReplies|1791331986492|1791331986492|2|0|-1
LdbcShortQuery1PersonProfile|1791331986494|1791331986495|1|1|-1
LdbcShortQuery2PersonPosts|1791331986496|1791331986496|2|10|-1
LdbcShortQuery3PersonFriends|1791331986498|1791331986499|2|46|-1
LdbcQuery13|1791331986024|1791331986502|2|1|1347532833102
LdbcShortQuery4MessageContent|1791331986504|1791331986505|1|1|-1
LdbcShortQuery5MessageCreator|1791331986506|1791331986507|1|1|-1
LdbcShortQuery6MessageForum|1791331986508|1791331986508|1|1|-1
LdbcShortQuery7MessageReplies|1791331986509|1791331986510|1|5|-1
LdbcShortQuery1PersonProfile|1791331986511|1791331986512|1|1|-1
LdbcShortQuery2PersonPosts|1791331986513|1791331986513|1|10|-1
LdbcShortQuery3PersonFriends|1791331986514|1791331986515|1|7|-1
LdbcQuery2|1791331986024|1791331986516|5|20|1347532833102
LdbcShortQuery1PersonProfile|1791331986521|1791331986523|2|1|-1
LdbcShortQuery2PersonPosts|1791331986525|1791331986525|3|10|-1
LdbcShortQuery3PersonFriends|1791331986528|1791331986529|1|28|-1
LdbcShortQuery4MessageContent|1791331986530|1791331986530|1|1|-1
LdbcShortQuery5MessageCreator|1791331986531|1791331986531|1|1|-1
LdbcShortQuery6MessageForum|1791331986532|1791331986532|2|1|-1
LdbcShortQuery7MessageReplies|1791331986534|1791331986535|3|0|-1
LdbcQuery13|1791331990885|1791331990886|2|1|1347532881709
LdbcShortQuery4MessageContent|1791331990888|1791331990888|2|1|-1
LdbcShortQuery5MessageCreator|1791331990890|1791331990890|1|1|-1
LdbcShortQuery6MessageForum|1791331990891|1791331990893|1|1|-1
LdbcShortQuery7MessageReplies|1791331990894|1791331990894|2|2|-1
LdbcShortQuery1PersonProfile|1791331990896|1791331990897|1|1|-1
LdbcShortQuery2PersonPosts|1791331990898|1791331990898|2|10|-1
LdbcShortQuery3PersonFriends|1791331990900|1791331990900|1|21|-1
LdbcQuery2|1791331990885|1791331990902|9|20|1347532881709
LdbcShortQuery1PersonProfile|1791331990911|1791331990912|1|1|-1
LdbcShortQuery2PersonPosts|1791331990913|1791331990913|1|10|-1
LdbcShortQuery3PersonFriends|1791331990914|1791331990915|2|23|-1
LdbcShortQuery4MessageContent|1791331990917|1791331990917|1|1|-1
LdbcShortQuery5MessageCreator|1791331990918|1791331990919|1|1|-1
LdbcShortQuery6MessageForum|1791331990920|1791331990921|3|1|-1
LdbcShortQuery7MessageReplies|1791331990924|1791331990924|2|5|-1
LdbcShortQuery1PersonProfile|1791331990926|1791331990926|1|1|-1
LdbcShortQuery2PersonPosts|1791331990927|1791331990928|2|10|-1
LdbcShortQuery3PersonFriends|1791331990930|1791331990931|1|18|-1
LdbcShortQuery4MessageContent|1791331990932|1791331990934|1|1|-1
LdbcShortQuery5MessageCreator|1791331990935|1791331990935|0|1|-1
LdbcShortQuery6MessageForum|1791331990935|1791331990936|0|1|-1
LdbcShortQuery7MessageReplies|1791331990936|1791331990937|1|4|-1
LdbcQuery12|1791331990885|1791331990938|69|1|1347532881709
LdbcShortQuery4MessageContent|1791331991007|1791331991007|1|1|-1
LdbcShortQuery5MessageCreator|1791331991008|1791331991008|1|1|-1
LdbcShortQuery6MessageForum|1791331991009|1791331991009|1|1|-1
LdbcShortQuery7MessageReplies|1791331991010|1791331991012|0|0|-1
LdbcShortQuery1PersonProfile|1791331991012|1791331991012|0|1|-1
LdbcShortQuery2PersonPosts|1791331991012|1791331991013|1|10|-1
LdbcShortQuery3PersonFriends|1791331991014|1791331991014|0|9|-1
LdbcShortQuery4MessageContent|1791331991014|1791331991015|0|1|-1
LdbcShortQuery5MessageCreator|1791331991015|1791331991016|1|1|-1
LdbcShortQuery6MessageForum|1791331991017|1791331991017|1|1|-1
LdbcShortQuery7MessageReplies|1791331991018|1791331991018|1|0|-1
LdbcQuery3|1791331990885|1791331991019|51|0|1347532881709
LdbcShortQuery1PersonProfile|1791331991070|1791331991070|1|1|-1
LdbcShortQuery2PersonPosts|1791331991071|1791331991073|1|10|-1
LdbcShortQuery3PersonFriends|1791331991074|1791331991074|0|44|-1
LdbcShortQuery4MessageContent|1791331991074|1791331991075|0|1|-1
LdbcShortQuery5MessageCreator|1791331991075|1791331991075|0|1|-1
LdbcShortQuery6MessageForum|1791331991075|1791331991076|0|1|-1
LdbcShortQuery7MessageReplies|1791331991076|1791331991076|0|0|-1
LdbcShortQuery1PersonProfile|1791331991076|1791331991076|0|1|-1
LdbcShortQuery2PersonPosts|1791331991076|1791331991078|1|10|-1
LdbcShortQuery3PersonFriends|1791331991079|1791331991079|1|88|-1
LdbcShortQuery4MessageContent|1791331991080|1791331991080|0|1|-1
LdbcShortQuery5MessageCreator|1791331991080|1791331991081|0|1|-1
LdbcShortQuery6MessageForum|1791331991081|1791331991082|0|1|-1
LdbcShortQuery7MessageReplies|1791331991082|1791331991082|0|0|-1
LdbcQuery1|1791331990885|1791331991083|2|19|1347532881709
LdbcShortQuery4MessageContent|1791331991085|1791331991085|0|1|-1
LdbcShortQuery5MessageCreator|1791331991085|1791331991086|0|1|-1
LdbcShortQuery6MessageForum|1791331991086|1791331991086|0|1|-1
LdbcShortQuery7MessageReplies|1791331991086|1791331991087|0|0|-1
LdbcShortQuery1PersonProfile|1791331991087|1791331991088|1|1|-1
LdbcShortQuery2PersonPosts|1791331991089|1791331991090|1|10|-1
LdbcShortQuery3PersonFriends|1791331991091|1791331991091|1|17|-1
LdbcShortQuery4MessageContent|1791331991092|1791331991093|1|1|-1
LdbcShortQuery5MessageCreator|1791331991094|1791331991094|1|1|-1
LdbcShortQuery6MessageForum|1791331991095|1791331991096|0|1|-1
LdbcShortQuery7MessageReplies|1791331991096|1791331991097|0|0|-1
LdbcShortQuery1PersonProfile|1791331991097|1791331991098|0|1|-1
LdbcShortQuery2PersonPosts|1791331991098|1791331991099|0|10|-1
LdbcShortQuery3PersonFriends|1791331991099|1791331991099|0|5|-1
LdbcQuery4|1791331990885|1791331991100|0|0|1347532881709
LdbcShortQuery1PersonProfile|1791331991100|1791331991101|0|1|-1
LdbcShortQuery2PersonPosts|1791331991101|1791331991101|0|10|-1
LdbcShortQuery3PersonFriends|1791331991101|1791331991102|1|211|-1
LdbcShortQuery4MessageContent|1791331991103|1791331991103|0|1|-1
LdbcShortQuery5MessageCreator|1791331991103|1791331991103|0|1|-1
LdbcShortQuery6MessageForum|1791331991103|1791331991104|0|1|-1
LdbcShortQuery7MessageReplies|1791331991104|1791331991105|1|5|-1
LdbcShortQuery1PersonProfile|1791331991106|1791331991106|1|1|-1
LdbcShortQuery2PersonPosts|1791331991107|1791331991107|1|10|-1
LdbcShortQuery3PersonFriends|1791331991108|1791331991110|2|40|-1
LdbcQuery10|1791331990885|1791331991112|34|10|1347532881709
LdbcShortQuery4MessageContent|1791331991146|1791331991146|1|1|-1
LdbcShortQuery5MessageCreator|1791331991147|1791331991147|1|1|-1
LdbcShortQuery6MessageForum|1791331991148|1791331991149|0|1|-1
LdbcShortQuery7MessageReplies|1791331991149|1791331991150|1|0|-1
LdbcShortQuery1PersonProfile|1791331991151|1791331991151|0|1|-1
LdbcShortQuery2PersonPosts|1791331991151|1791331991152|1|10|-1
LdbcShortQuery3PersonFriends|1791331991153|1791331991153|1|9|-1
LdbcQuery6|1791331990885|1791331991155|41|10|1347532881709
LdbcShortQuery1PersonProfile|1791331991196|1791331991197|2|1|-1
LdbcShortQuery2PersonPosts|1791331991199|1791331991199|2|10|-1
LdbcShortQuery3PersonFriends|1791331991201|1791331991201|2|15|-1
LdbcShortQuery4MessageContent|1791331991203|1791331991204|1|1|-1
LdbcShortQuery5MessageCreator|1791331991205|1791331991205|1|1|-1
LdbcShortQuery6MessageForum|1791331991206|1791331991208|1|1|-1
LdbcShortQuery7MessageReplies|1791331991209|1791331991209|1|2|-1
LdbcShortQuery1PersonProfile|1791331991210|1791331991210|1|1|-1
LdbcShortQuery2PersonPosts|1791331991211|1791331991212|1|10|-1
LdbcShortQuery3PersonFriends|1791331991213|1791331991213|1|15|-1
LdbcShortQuery4MessageContent|1791331991214|1791331991214|1|1|-1
LdbcShortQuery5MessageCreator|1791331991215|1791331991215|1|1|-1
LdbcShortQuery6MessageForum|1791331991216|1791331991216|1|1|-1
LdbcShortQuery7MessageReplies|1791331991217|1791331991219|8|6|-1
LdbcQuery8|1791331990885|1791331991227|3|20|1347532881709
LdbcShortQuery4MessageContent|1791331991230|1791331991230|1|1|-1
LdbcShortQuery5MessageCreator|1791331991231|1791331991232|1|1|-1
LdbcShortQuery6MessageForum|1791331991233|1791331991233|1|1|-1
LdbcShortQuery7MessageReplies|1791331991234|1791331991235|1|0|-1
LdbcShortQuery1PersonProfile|1791331991236|1791331991236|1|1|-1
LdbcShortQuery2PersonPosts|1791331991237|1791331991238|1|10|-1
LdbcShortQuery3PersonFriends|1791331991239|1791331991239|1|31|-1
LdbcShortQuery4MessageContent|1791331991240|1791331991240|1|1|-1
LdbcShortQuery5MessageCreator|1791331991241|1791331991243|1|1|-1
LdbcShortQuery6MessageForum|1791331991244|1791331991244|1|1|-1
LdbcShortQuery7MessageReplies|1791331991245|1791331991245|1|5|-1
LdbcQuery14|1791331990885|1791331991247|30|10|1347532881709
LdbcShortQuery1PersonProfile|1791331991277|1791331991277|0|1|-1
LdbcShortQuery2PersonPosts|1791331991277|1791331991277|1|10|-1
LdbcShortQuery3PersonFriends|1791331991278|1791331991279|2|81|-1
LdbcShortQuery4MessageContent|1791331991281|1791331991282|1|1|-1
LdbcShortQuery5MessageCreator|1791331991283|1791331991283|1|1|-1
LdbcShortQuery6MessageForum|1791331991284|1791331991285|1|1|-1
LdbcShortQuery7MessageReplies|1791331991286|1791331991286|0|0|-1
LdbcQuery9|1791331990885|1791331991287|49|20|1347532881709
LdbcShortQuery4MessageContent|1791331991336|1791331991337|2|1|-1
LdbcShortQuery5MessageCreator|1791331991339|1791331991339|1|1|-1
LdbcShortQuery6MessageForum|1791331991340|1791331991340|1|1|-1
LdbcShortQuery7MessageReplies|1791331991341|1791331991342|0|0|-1
LdbcShortQuery1PersonProfile|1791331991342|1791331991343|1|1|-1
LdbcShortQuery2PersonPosts|1791331991344|1791331991344|2|10|-1
LdbcShortQuery3PersonFriends|1791331991346|1791331991347|2|63|-1
LdbcShortQuery4MessageContent|1791331991349|1791331991349|1|1|-1
LdbcShortQuery5MessageCreator|1791331991350|1791331991350|1|1|-1
LdbcShortQuery6MessageForum|1791331991351|1791331991351|1|1|-1
LdbcShortQuery7MessageReplies|1791331991352|1791331991352|1|0|-1
LdbcShortQuery1PersonProfile|1791331991353|1791331991353|0|1|-1
LdbcShortQuery2PersonPosts|1791331991353|1791331991354|1|10|-1
LdbcShortQuery3PersonFriends|1791331991355|1791331991356|1|72|-1
LdbcQuery7|1791331990885|1791331991358|5|20|1347532881709
LdbcShortQuery1PersonProfile|1791331991363|1791331991363|1|1|-1
LdbcShortQuery2PersonPosts|1791331991364|1791331991365|1|10|-1
LdbcShortQuery3PersonFriends|1791331991366|1791331991366|1|17|-1
LdbcQuery11|1791331990885|1791331991368|2|0|1347532881709
LdbcShortQuery4MessageContent|1791331991370|1791331991371|1|1|-1
LdbcShortQuery5MessageCreator|1791331991372|1791331991372|1|1|-1
LdbcShortQuery6MessageForum|1791331991373|1791331991373|1|1|-1
LdbcShortQuery7MessageReplies|1791331991374|1791331991375|1|0|-1
LdbcShortQuery1PersonProfile|1791331991376|1791331991376|1|1|-1
LdbcShortQuery2PersonPosts|1791331991377|1791331991377|1|10|-1
LdbcShortQuery3PersonFriends|1791331991378|1791331991378|1|19|-1
LdbcShortQuery4MessageContent|1791331991379|1791331991379|1|1|-1
LdbcShortQuery5MessageCreator|1791331991380|1791331991380|0|1|-1
LdbcShortQuery6MessageForum|1791331991380|1791331991381|0|1|-1
LdbcShortQuery7MessageReplies|1791331991381|1791331991383|0|0|-1
LdbcShortQuery1PersonProfile|1791331991383|1791331991384|1|1|-1
LdbcShortQuery2PersonPosts|1791331991385|1791331991385|1|10|-1
LdbcShortQuery3PersonFriends|1791331991386|1791331991387|2|71|-1
LdbcQuery5|1791331990885|1791331991389|43|20|1347532881709
LdbcShortQuery1PersonProfile|1791331991432|1791331991432|1|1|-1
LdbcShortQuery2PersonPosts|1791331991433|1791331991434|2|10|-1
LdbcShortQuery3PersonFriends|1791331991436|1791331991436|1|4|-1
LdbcShortQuery4MessageContent|1791331991437|1791331991437|1|1|-1
LdbcShortQuery5MessageCreator|1791331991438|1791331991438|1|1|-1
LdbcShortQuery6MessageForum|1791331991439|1791331991441|1|1|-1
LdbcShortQuery7MessageReplies|1791331991442|1791331991442|1|7|-1
LdbcShortQuery1PersonProfile|1791331991443|1791331991443|1|1|-1
LdbcShortQuery2PersonPosts|1791331991444|1791331991445|1|10|-1
LdbcShortQuery3PersonFriends|1791331991446|1791331991446|1|21|-1
LdbcQuery11|1791331995746|1791331995747|6|0|1347532930316
LdbcShortQuery4MessageContent|1791331995753|1791331995753|2|1|-1
LdbcShortQuery5MessageCreator|1791331995755|1791331995755|2|1|-1
LdbcShortQuery6MessageForum|1791331995757|1791331995758|1|1|-1
LdbcShortQuery7MessageReplies|1791331995759|1791331995759|1|0|-1
LdbcShortQuery1PersonProfile|1791331995760|1791331995761|1|1|-1
LdbcShortQuery2PersonPosts|1791331995762|1791331995763|2|10|-1
LdbcShortQuery3PersonFriends|1791331995765|1791331995766|2|40|-1
LdbcShortQuery4MessageContent|1791331995768|1791331995768|2|1|-1
LdbcShortQuery5MessageCreator|1791331995770|1791331995772|2|1|-1
LdbcShortQuery6MessageForum|1791331995774|1791331995774|2|1|-1
LdbcShortQuery7MessageReplies|1791331995776|1791331995776|1|0|-1
LdbcQuery5|1791331995746|1791331995777|37|20|1347532930316
LdbcShortQuery1PersonProfile|1791331995814|1791331995815|2|1|-1
LdbcShortQuery2PersonPosts|1791331995817|1791331995817|2|10|-1
LdbcShortQuery3PersonFriends|1791331995819|1791331995819|1|30|-1
LdbcShortQuery4MessageContent|1791331995820|1791331995821|1|1|-1
LdbcShortQuery5MessageCreator|1791331995822|1791331995822|1|1|-1
LdbcShortQuery6MessageForum|1791331995823|1791331995824|1|1|-1
LdbcShortQuery7MessageReplies|1791331995825|1791331995826|1|0|-1
LdbcShortQuery1PersonProfile|1791331995827|1791331995827|0|1|-1
LdbcShortQuery2PersonPosts|1791331995827|1791331995828|0|10|-1
LdbcShortQuery3PersonFriends|1791331995828|1791331995829|0|22|-1
LdbcQuery10|1791331995746|1791331995829|9|10|1347532930316
LdbcShortQuery4MessageContent|1791331995838|1791331995838|1|1|-1
LdbcShortQuery5MessageCreator|1791331995839|1791331995839|2|1|-1
LdbcShortQuery6MessageForum|1791331995841|1791331995843|2|1|-1
LdbcShortQuery7MessageReplies|1791331995845|1791331995845|2|0|-1
LdbcShortQuery1PersonProfile|1791331995847|1791331995847|1|1|-1
LdbcShortQuery2PersonPosts|1791331995848|1791331995850|2|10|-1
LdbcShortQuery3PersonFriends|1791331995852|1791331995852|2|84|-1
LdbcQuery12|1791331995746|1791331995855|69|1|1347532930316
LdbcShortQuery1PersonProfile|1791331995924|1791331995924|1|1|-1
LdbcShortQuery2PersonPosts|1791331995925|1791331995926|1|10|-1
LdbcShortQuery3PersonFriends|1791331995927|1791331995927|1|86|-1
LdbcQuery13|1791331995746|1791331995929|2|1|1347532930316
LdbcShortQuery4MessageContent|1791331995931|1791331995931|1|1|-1
LdbcShortQuery5MessageCreator|1791331995932|1791331995933|1|1|-1
LdbcShortQuery6MessageForum|1791331995934|1791331995934|1|1|-1
LdbcShortQuery7MessageReplies|1791331995935|1791331995936|2|0|-1
LdbcShortQuery1PersonProfile|1791331995938|1791331995938|1|1|-1
LdbcShortQuery2PersonPosts|1791331995939|1791331995940|2|10|-1
LdbcShortQuery3PersonFriends|1791331995942|1791331995942|1|14|-1
LdbcQuery2|1791331995746|1791331995944|5|20|1347532930316
LdbcShortQuery1PersonProfile|1791331995949|1791331995949|1|1|-1
LdbcShortQuery2PersonPosts|1791331995950|1791331995951|2|10|-1
LdbcShortQuery3PersonFriends|1791331995953|1791331995953|1|64|-1
LdbcShortQuery4MessageContent|1791331995954|1791331995954|0|1|-1
LdbcShortQuery5MessageCreator|1791331995954|1791331995955|0|1|-1
LdbcShortQuery6MessageForum|1791331995955|1791331995955|1|1|-1
LdbcShortQuery7MessageReplies|1791331995956|1791331995957|1|1|-1
LdbcShortQuery1PersonProfile|1791331995958|1791331995958|1|1|-1
LdbcShortQuery2PersonPosts|1791331995959|1791331995959|1|10|-1
LdbcShortQuery3PersonFriends|1791331995960|1791331995962|1|8|-1
LdbcQuery4|1791331995746|1791331995964|2|3|1347532930316
LdbcShortQuery4MessageContent|1791331995966|1791331995966|1|1|-1
LdbcShortQuery5MessageCreator|1791331995967|1791331995967|1|1|-1
LdbcShortQuery6MessageForum|1791331995968|1791331995969|2|1|-1
LdbcShortQuery7MessageReplies|1791331995971|1791331995971|1|7|-1
LdbcShortQuery1PersonProfile|1791331995972|1791331995973|1|1|-1
LdbcShortQuery2PersonPosts|1791331995974|1791331995975|1|10|-1
LdbcShortQuery3PersonFriends|1791331995976|1791331995976|1|0|-1
LdbcQuery3|1791331995746|1791331995978|72|0|1347532930316
LdbcShortQuery1PersonProfile|1791331996050|1791331996051|1|1|-1
LdbcShortQuery2PersonPosts|1791331996052|1791331996052|0|10|-1
LdbcShortQuery3PersonFriends|1791331996052|1791331996053|0|14|-1
LdbcShortQuery4MessageContent|1791331996053|1791331996053|0|1|-1
LdbcShortQuery5MessageCreator|1791331996053|1791331996054|0|1|-1
LdbcShortQuery6MessageForum|1791331996054|1791331996054|0|1|-1
LdbcShortQuery7MessageReplies|1791331996054|1791331996055|0|0|-1
LdbcQuery1|1791331995746|1791331996055|2|20|1347532930316
LdbcShortQuery4MessageContent|1791331996057|1791331996057|1|1|-1
LdbcShortQuery5MessageCreator|1791331996058|1791331996060|1|1|-1
LdbcShortQuery6MessageForum|1791331996061|1791331996062|1|1|-1
LdbcShortQuery7MessageReplies|1791331996063|1791331996063|0|0|-1
LdbcShortQuery1PersonProfile|1791331996063|1791331996063|0|1|-1
LdbcShortQuery2PersonPosts|1791331996063|1791331996064|0|10|-1
LdbcShortQuery3PersonFriends|1791331996064|1791331996065|2|6|-1
LdbcShortQuery4MessageContent|1791331996067|1791331996067|1|1|-1
LdbcShortQuery5MessageCreator|1791331996068|1791331996068|0|1|-1
LdbcShortQuery6MessageForum|1791331996068|1791331996069|0|1|-1
LdbcShortQuery7MessageReplies|1791331996069|1791331996070|1|0|-1
LdbcShortQuery1PersonProfile|1791331996071|1791331996071|0|1|-1
LdbcShortQuery2PersonPosts|1791331996071|1791331996071|1|10|-1
LdbcShortQuery3PersonFriends|1791331996072|1791331996072|1|49|-1
LdbcShortQuery4MessageContent|1791331996073|1791331996073|0|1|-1
LdbcShortQuery5MessageCreator|1791331996073|1791331996074|0|1|-1
LdbcShortQuery6MessageForum|1791331996074|1791331996074|1|1|-1
LdbcShortQuery7MessageReplies|1791331996075|1791331996077|2|5|-1
LdbcQuery7|1791331995746|1791331996079|8|20|1347532930316
LdbcShortQuery1PersonProfile|1791331996087|1791331996088|0|1|-1
LdbcShortQuery2PersonPosts|1791331996088|1791331996088|0|10|-1
LdbcShortQuery3PersonFriends|1791331996088|1791331996089|0|21|-1
LdbcQuery14|1791331995746|1791331996090|1|1|1347532930316
LdbcShortQuery4MessageContent|1791331996091|1791331996091|0|1|-1
LdbcShortQuery5MessageCreator|1791331996091|1791331996091|0|1|-1
LdbcShortQuery6MessageForum|1791331996091|1791331996092|0|1|-1
LdbcShortQuery7MessageReplies|1791331996092|1791331996093|0|6|-1
LdbcQuery6|1791331995746|1791331996093|34|10|1347532930316
LdbcShortQuery1PersonProfile|1791331996127|1791331996127|1|1|-1
LdbcShortQuery2PersonPosts|1791331996128|1791331996129|1|10|-1
LdbcShortQuery3PersonFriends|1791331996130|1791331996130|0|45|-1
LdbcQuery8|1791331995746|1791331996131|1|20|1347532930316
LdbcShortQuery4MessageContent|1791331996132|1791331996132|0|1|-1
LdbcShortQuery5MessageCreator|1791331996132|1791331996133|0|1|-1
LdbcShortQuery6MessageForum|1791331996133|1791331996133|0|1|-1
LdbcShortQuery7MessageReplies|1791331996133|1791331996134|0|5|-1
LdbcShortQuery1PersonProfile|1791331996134|1791331996134|0|1|-1
LdbcShortQuery2PersonPosts|1791331996134|1791331996134|0|10|-1
LdbcShortQuery3PersonFriends|1791331996134|1791331996135|0|13|-1
LdbcShortQuery4MessageContent|1791331996135|1791331996136|0|1|-1
LdbcShortQuery5MessageCreator|1791331996136|1791331996136|0|1|-1
LdbcShortQuery6MessageForum|1791331996136|1791331996136|0|1|-1
LdbcShortQuery7MessageReplies|1791331996136|1791331996137|0|0|-1
LdbcQuery9|1791331995746|1791331996138|67|20|1347532930316
LdbcShortQuery1PersonProfile|1791331996205|1791331996206|2|1|-1
LdbcShortQuery2PersonPosts|1791331996208|1791331996208|6|10|-1
LdbcShortQuery3PersonFriends|1791331996214|1791331996214|2|7|-1
LdbcShortQuery4MessageContent|1791331996216|1791331996216|2|1|-1
LdbcShortQuery5MessageCreator|1791331996218|1791331996218|1|1|-1
LdbcShortQuery6MessageForum|1791331996219|1791331996220|1|1|-1
LdbcShortQuery7MessageReplies|1791331996221|1791331996221|1|6|-1
LdbcShortQuery1PersonProfile|1791331996222|1791331996223|1|1|-1
LdbcShortQuery2PersonPosts|1791331996224|1791331996225|1|10|-1
LdbcShortQuery3PersonFriends|1791331996226|1791331996227|2|82|-1
LdbcShortQuery4MessageContent|1791331996229|1791331996229|1|1|-1
LdbcShortQuery5MessageCreator|1791331996230|1791331996231|1|1|-1
LdbcShortQuery6MessageForum|1791331996232|1791331996233|1|1|-1
LdbcShortQuery7MessageReplies|1791331996234|1791331996234|2|15|-1
LdbcShortQuery1PersonProfile|1791331996236|1791331996238|1|1|-1
LdbcShortQuery2PersonPosts|1791331996239|1791331996239|1|10|-1
LdbcShortQuery3PersonFriends|1791331996240|1791331996241|1|43|-1
LdbcQuery8|1791332000606|1791332000607|5|20|1347532978923
LdbcShortQuery4MessageContent|1791332000612|1791332000612|1|1|-1
LdbcShortQuery5MessageCreator|1791332000613|1791332000614|1|1|-1
LdbcShortQuery6MessageForum|1791332000615|1791332000615|2|1|-1
LdbcShortQuery7MessageReplies|1791332000617|1791332000619|2|0|-1
LdbcShortQuery1PersonProfile|1791332000621|1791332000621|1|1|-1
LdbcShortQuery2PersonPosts|1791332000622|1791332000622|3|10|-1
LdbcShortQuery3PersonFriends|1791332000625|1791332000626|1|1|-1
LdbcQuery9|1791332000606|1791332000627|114|20|1347532978923
LdbcShortQuery1PersonProfile|1791332000741|1791332000742|2|1|-1
LdbcShortQuery2PersonPosts|1791332000744|1791332000744|1|10|-1
LdbcShortQuery3PersonFriends|1791332000745|1791332000746|1|15|-1
LdbcShortQuery4MessageContent|1791332000747|1791332000747|0|1|-1
LdbcShortQuery5MessageCreator|1791332000747|1791332000748|1|1|-1
LdbcShortQuery6MessageForum|1791332000749|1791332000749|1|1|-1
LdbcShortQuery7MessageReplies|1791332000750|1791332000750|1|0|-1
LdbcQuery4|1791332000606|1791332000751|1|0|1347532978923
LdbcShortQuery4MessageContent|1791332000752|1791332000754|1|1|-1
LdbcShortQuery5MessageCreator|1791332000755|1791332000755|0|1|-1
LdbcShortQuery6MessageForum|1791332000755|1791332000756|1|1|-1
LdbcShortQuery7MessageReplies|1791332000757|1791332000757|1|0|-1
LdbcShortQuery1PersonProfile|1791332000758|1791332000758|0|1|-1
LdbcShortQuery2PersonPosts|1791332000758|1791332000759|1|10|-1
LdbcShortQuery3PersonFriends|1791332000760|1791332000760|1|84|-1
LdbcShortQuery4MessageContent|1791332000761|1791332000761|0|1|-1
LdbcShortQuery5MessageCreator|1791332000761|1791332000762|0|1|-1
LdbcShortQuery6MessageForum|1791332000762|1791332000763|0|1|-1
LdbcShortQuery7MessageReplies|1791332000763|1791332000764|1|11|-1
LdbcQuery10|1791332000606|1791332000765|11|10|1347532978923
LdbcShortQuery1PersonProfile|1791332000776|1791332000776|0|1|-1
LdbcShortQuery2PersonPosts|1791332000776|1791332000777|0|10|-1
LdbcShortQuery3PersonFriends|1791332000777|1791332000778|1|30|-1
LdbcShortQuery4MessageContent|1791332000779|1791332000779|0|1|-1
LdbcShortQuery5MessageCreator|1791332000779|1791332000780|0|1|-1
LdbcShortQuery6MessageForum|1791332000780|1791332000780|0|1|-1
LdbcShortQuery7MessageReplies|1791332000780|1791332000782|0|0|-1
LdbcQuery11|1791332000606|1791332000782|1|0|1347532978923
LdbcShortQuery4MessageContent|1791332000783|1791332000783|0|1|-1
LdbcShortQuery5MessageCreator|1791332000783|1791332000784|0|1|-1
LdbcShortQuery6MessageForum|1791332000784|1791332000784|0|1|-1
LdbcShortQuery7MessageReplies|1791332000784|1791332000784|0|0|-1
LdbcShortQuery1PersonProfile|1791332000784|1791332000786|0|1|-1
LdbcShortQuery2PersonPosts|1791332000786|1791332000786|0|10|-1
LdbcShortQuery3PersonFriends|1791332000786|1791332000786|0|12|-1
LdbcShortQuery4MessageContent|1791332000786|1791332000788|0|1|-1
LdbcShortQuery5MessageCreator|1791332000788|1791332000788|0|1|-1
LdbcShortQuery6MessageForum|1791332000788|1791332000788|0|1|-1
LdbcShortQuery7MessageReplies|1791332000788|1791332000789|0|0|-1
LdbcShortQuery1PersonProfile|1791332000789|1791332000789|0|1|-1
LdbcShortQuery2PersonPosts|1791332000789|1791332000789|0|10|-1
LdbcShortQuery3PersonFriends|1791332000789|1791332000791|0|15|-1
LdbcQuery5|1791332000606|1791332000791|68|20|1347532978923
LdbcShortQuery1PersonProfile|1791332000859|1791332000860|2|1|-1
LdbcShortQuery2PersonPosts|1791332000862|1791332000863|2|10|-1
LdbcShortQuery3PersonFriends|1791332000865|1791332000865|2|28|-1
LdbcShortQuery4MessageContent|1791332000867|1791332000867|2|1|-1
LdbcShortQuery5MessageCreator|1791332000869|1791332000870|1|1|-1
LdbcShortQuery6MessageForum|1791332000871|1791332000871|1|1|-1
LdbcShortQuery7MessageReplies|1791332000872|1791332000874|1|1|-1
LdbcShortQuery1PersonProfile|1791332000875|1791332000875|1|1|-1
LdbcShortQuery2PersonPosts|1791332000876|1791332000877|1|10|-1
LdbcShortQuery3PersonFriends|1791332000878|1791332000878|2|24|-1
LdbcQuery2|1791332000606|1791332000880|7|20|1347532978923
LdbcShortQuery4MessageContent|1791332000887|1791332000888|1|1|-1
LdbcShortQuery5MessageCreator|1791332000889|1791332000889|1|1|-1
LdbcShortQuery6MessageForum|1791332000890|1791332000891|1|1|-1
LdbcShortQuery7MessageReplies|1791332000892|1791332000893|1|0|-1
LdbcShortQuery1PersonProfile|1791332000894|1791332000895|1|1|-1
LdbcShortQuery2PersonPosts|1791332000896|1791332000897|4|10|-1
LdbcShortQuery3PersonFriends|1791332000901|1791332000901|4|256|-1
LdbcShortQuery4MessageContent|1791332000905|1791332000906|1|1|-1
LdbcShortQuery5MessageCreator|1791332000907|1791332000907|1|1|-1
LdbcShortQuery6MessageForum|1791332000908|1791332000909|1|1|-1
LdbcShortQuery7MessageReplies|1791332000910|1791332000910|2|2|-1
LdbcQuery12|1791332000606|1791332000913|72|1|1347532978923
LdbcShortQuery1PersonProfile|1791332000985|1791332000985|3|1|-1
LdbcShortQuery2PersonPosts|1791332000988|1791332000990|2|10|-1
LdbcShortQuery3PersonFriends|1791332000992|1791332000992|2|64|-1
LdbcShortQuery4MessageContent|1791332000994|1791332000994|1|1|-1
LdbcShortQuery5MessageCreator|1791332000995|1791332000996|1|1|-1
LdbcShortQuery6MessageForum|1791332000997|1791332000998|2|1|-1
LdbcShortQuery7MessageReplies|1791332001000|1791332001000|4|0|-1
LdbcShortQuery1PersonProfile|1791332001004|1791332001004|3|1|-1
LdbcShortQuery2PersonPosts|1791332001007|1791332001007|3|10|-1
LdbcShortQuery3PersonFriends|1791332001010|1791332001010|2|27|-1
LdbcShortQuery4MessageContent|1791332001012|1791332001014|2|1|-1
LdbcShortQuery5MessageCreator|1791332001016|1791332001016|2|1|-1
LdbcShortQuery6MessageForum|1791332001018|1791332001018|2|1|-1
LdbcShortQuery7MessageReplies|1791332001020|1791332001020|1|0|-1
LdbcQuery13|1791332000606|1791332001022|2|1|1347532978923
LdbcShortQuery4MessageContent|1791332001024|1791332001024|2|1|-1
LdbcShortQuery5MessageCreator|1791332001026|1791332001027|1|1|-1
LdbcShortQuery6MessageForum|1791332001028|1791332001028|1|1|-1
LdbcShortQuery7MessageReplies|1791332001029|1791332001030|1|0|-1
LdbcShortQuery1PersonProfile|1791332001031|1791332001032|2|1|-1
LdbcShortQuery2PersonPosts|1791332001034|1791332001034|3|10|-1
LdbcShortQuery3PersonFriends|1791332001037|1791332001038|6|340|-1
LdbcQuery6|1791332000606|1791332001044|44|10|1347532978923
LdbcShortQuery1PersonProfile|1791332001088|1791332001089|2|1|-1
LdbcShortQuery2PersonPosts|1791332001091|1791332001091|2|10|-1
LdbcShortQuery3PersonFriends|1791332001093|1791332001094|1|18|-1
LdbcShortQuery4MessageContent|1791332001095|1791332001095|1|1|-1
LdbcShortQuery5MessageCreator|1791332001096|1791332001098|1|1|-1
LdbcShortQuery6MessageForum|1791332001099|1791332001100|1|1|-1
LdbcShortQuery7MessageReplies|1791332001101|1791332001102|1|11|-1
LdbcShortQuery1PersonProfile|1791332001103|1791332001104|1|1|-1
LdbcShortQuery2PersonPosts|1791332001105|1791332001105|1|10|-1
LdbcShortQuery3PersonFriends|1791332001106|1791332001106|1|16|-1
LdbcQuery7|1791332000606|1791332001109|3|20|1347532978923
LdbcShortQuery4MessageContent|1791332001112|1791332001112|2|1|-1
LdbcShortQuery5MessageCreator|1791332001114|1791332001115|1|1|-1
LdbcShortQuery6MessageForum|1791332001116|1791332001117|1|1|-1
LdbcShortQuery7MessageReplies|1791332001118|1791332001118|2|5|-1
LdbcShortQuery1PersonProfile|1791332001120|1791332001121|2|1|-1
LdbcShortQuery2PersonPosts|1791332001123|1791332001123|2|10|-1
LdbcShortQuery3PersonFriends|1791332001125|1791332001126|1|9|-1
LdbcShortQuery4MessageContent|1791332001127|1791332001127|1|1|-1
LdbcShortQuery5MessageCreator|1791332001128|1791332001129|1|1|-1
LdbcShortQuery6MessageForum|1791332001130|1791332001131|1|1|-1
LdbcShortQuery7MessageReplies|1791332001132|1791332001132|1|0|-1
LdbcQuery3|1791332000606|1791332001134|51|0|1347532978923
LdbcShortQuery1PersonProfile|1791332001185|1791332001185|1|1|-1
LdbcShortQuery2PersonPosts|1791332001186|1791332001187|1|10|-1
LdbcShortQuery3PersonFriends|1791332001188|1791332001188|1|24|-1
LdbcShortQuery4MessageContent|1791332001189|1791332001189|0|1|-1
LdbcShortQuery5MessageCreator|1791332001189|1791332001190|0|1|-1
LdbcShortQuery6MessageForum|1791332001190|1791332001191|1|1|-1
LdbcShortQuery7MessageReplies|1791332001192|1791332001192|1|3|-1
LdbcQuery1|1791332000606|1791332001194|1|2|1347532978923
LdbcShortQuery4MessageContent|1791332001195|1791332001195|0|1|-1
LdbcShortQuery5MessageCreator|1791332001195|1791332001196|0|1|-1
LdbcShortQuery6MessageForum|1791332001196|1791332001197|0|1|-1
LdbcShortQuery7MessageReplies|1791332001197|1791332001198|0|5|-1
LdbcQuery14|1791332000606|1791332001198|9|1|1347532978923
LdbcShortQuery1PersonProfile|1791332001207|1791332001208|0|1|-1
LdbcShortQuery2PersonPosts|1791332001208|1791332001210|0|10|-1
LdbcShortQuery3PersonFriends|1791332001210|1791332001210|0|26|-1
LdbcUpdate5AddForumMembership|1791332001688|1791332001688|11|0|1347532989732
LdbcQuery1|1791332005467|1791332005467|3|0|1347533027530
LdbcShortQuery4MessageContent|1791332005470|1791332005472|1|1|-1
LdbcShortQuery5MessageCreator|1791332005473|1791332005475|1|1|-1
LdbcShortQuery6MessageForum|1791332005476|1791332005478|1|1|-1
LdbcShortQuery7MessageReplies|1791332005479|1791332005480|2|0|-1
LdbcShortQuery1PersonProfile|1791332005482|1791332005482|1|1|-1
LdbcShortQuery2PersonPosts|1791332005483|1791332005485|2|10|-1
LdbcShortQuery3PersonFriends|1791332005487|1791332005487|1|26|-1
LdbcShortQuery4MessageContent|1791332005488|1791332005489|1|1|-1
LdbcShortQuery5MessageCreator|1791332005490|1791332005490|1|1|-1
LdbcShortQuery6MessageForum|1791332005491|1791332005492|1|1|-1
LdbcShortQuery7MessageReplies|1791332005493|1791332005493|1|6|-1
LdbcQuery14|1791332005467|1791332005494|22|2|1347533027530
LdbcShortQuery1PersonProfile|1791332005516|1791332005517|1|1|-1
LdbcShortQuery2PersonPosts|1791332005518|1791332005518|2|10|-1
LdbcShortQuery3PersonFriends|1791332005520|1791332005520|1|37|-1
LdbcQuery2|1791332005467|1791332005522|5|20|1347533027530
LdbcShortQuery4MessageContent|1791332005527|1791332005529|1|1|-1
LdbcShortQuery5MessageCreator|1791332005530|1791332005530|1|1|-1
LdbcShortQuery6MessageForum|1791332005531|1791332005531|1|1|-1
LdbcShortQuery7MessageReplies|1791332005532|1791332005533|1|0|-1
LdbcShortQuery1PersonProfile|1791332005534|1791332005535|1|1|-1
LdbcShortQuery2PersonPosts|1791332005536|1791332005538|1|8|-1
LdbcShortQuery3PersonFriends|1791332005539|1791332005540|2|9|-1
LdbcQuery4|1791332005467|1791332005540|13|3|1347533027530
LdbcShortQuery1PersonProfile|1791332005553|1791332005554|2|1|-1
LdbcShortQuery2PersonPosts|1791332005556|1791332005558|1|10|-1
LdbcShortQuery3PersonFriends|1791332005559|1791332005562|1|9|-1
LdbcShortQuery4MessageContent|1791332005563|1791332005564|1|1|-1
LdbcShortQuery5MessageCreator|1791332005565|1791332005565|1|1|-1
LdbcShortQuery6MessageForum|1791332005566|1791332005568|2|1|-1
LdbcShortQuery7MessageReplies|1791332005570|1791332005570|2|0|-1
LdbcQuery8|1791332005467|1791332005572|4|20|1347533027530
LdbcShortQuery4MessageContent|1791332005576|1791332005577|1|1|-1
LdbcShortQuery5MessageCreator|1791332005578|1791332005578|1|1|-1
LdbcShortQuery6MessageForum|1791332005579|1791332005579|1|1|-1
LdbcShortQuery7MessageReplies|1791332005580|1791332005581|1|0|-1
LdbcShortQuery1PersonProfile|1791332005582|1791332005582|1|1|-1
LdbcShortQuery2PersonPosts|1791332005583|1791332005584|2|10|-1
LdbcShortQuery3PersonFriends|1791332005586|1791332005587|2|44|-1
LdbcShortQuery4MessageContent|1791332005589|1791332005589|1|1|-1
LdbcShortQuery5MessageCreator|1791332005590|1791332005591|1|1|-1
LdbcShortQuery6MessageForum|1791332005592|1791332005592|1|1|-1
LdbcShortQuery7MessageReplies|1791332005593|1791332005593|1|1|-1
LdbcQuery9|1791332005467|1791332005595|90|20|1347533027530
LdbcShortQuery1PersonProfile|1791332005685|1791332005686|2|1|-1
LdbcShortQuery2PersonPosts|1791332005688|1791332005689|1|10|-1
LdbcShortQuery3PersonFriends|1791332005690|1791332005690|1|18|-1
LdbcShortQuery4MessageContent|1791332005691|1791332005692|1|1|-1
LdbcShortQuery5MessageCreator|1791332005693|1791332005693|1|1|-1
LdbcShortQuery6MessageForum|1791332005694|1791332005695|0|1|-1
LdbcShortQuery7MessageReplies|1791332005695|1791332005696|0|6|-1
LdbcQuery5|1791332005467|1791332005697|10|0|1347533027530
LdbcShortQuery4MessageContent|1791332005707|1791332005708|1|1|-1
LdbcShortQuery5MessageCreator|1791332005709|1791332005711|2|1|-1
LdbcShortQuery6MessageForum|1791332005713|1791332005715|1|1|-1
LdbcShortQuery7MessageReplies|1791332005716|1791332005716|2|9|-1
