split,seed,country,kind,fidelity,truth,count,query_ms
fitting,26000,q0,node,0.1,1221,125,8.57700000051409
fitting,26000,q0,node,0.25,1221,322,8.005500014405698
fitting,26000,q0,node,0.5,1221,596,6.262099952436984
fitting,26000,q0,node,0.75,1221,908,19.81520000845194
fitting,26000,q0,node,1.0,1221,1221,5.303799989633262
fitting,26000,q0,edge,0.1,994,18,4.140100034419447
fitting,26000,q0,edge,0.25,994,70,8.68219998665154
fitting,26000,q0,edge,0.5,994,239,8.747699961531907
fitting,26000,q0,edge,0.75,994,568,14.56719997804612
fitting,26000,q0,edge,1.0,994,994,16.717799997422844
fitting,26000,q1,node,0.1,1234,115,5.804400017950684
fitting,26000,q1,node,0.25,1234,300,6.568600016180426
fitting,26000,q1,node,0.5,1234,600,7.118499954231083
fitting,26000,q1,node,0.75,1234,912,7.25990004139021
fitting,26000,q1,node,1.0,1234,1234,7.5109999743290246
fitting,26000,q1,edge,0.1,1001,13,6.754999980330467
fitting,26000,q1,edge,0.25,1001,56,10.421800019685179
fitting,26000,q1,edge,0.5,1001,231,12.994299991987646
fitting,26000,q1,edge,0.75,1001,544,14.443600026424974
fitting,26000,q1,edge,1.0,1001,1001,9.904899983666837
fitting,26000,q2,node,0.1,1802,168,4.361999977845699
fitting,26000,q2,node,0.25,1802,435,3.923800017219037
fitting,26000,q2,node,0.5,1802,872,7.125500007532537
fitting,26000,q2,node,0.75,1802,1337,7.1344999596476555
fitting,26000,q2,node,1.0,1802,1802,8.889000047929585
fitting,26000,q2,edge,0.1,1497,14,6.1589000397361815
fitting,26000,q2,edge,0.25,1497,86,7.460099994204938
fitting,26000,q2,edge,0.5,1497,325,8.612999983597547
fitting,26000,q2,edge,0.75,1497,832,8.12660000519827
fitting,26000,q2,edge,1.0,1497,1497,8.221499971114099
fitting,26000,q3,node,0.1,4526,432,2.7006000163964927
fitting,26000,q3,node,0.25,4526,1121,5.034900037571788
fitting,26000,q3,node,0.5,4526,2203,4.071799980010837
fitting,26000,q3,node,0.75,4526,3370,4.321499960497022
fitting,26000,q3,node,1.0,4526,4526,7.054899993818253
fitting,26000,q3,edge,0.1,3868,47,3.8619000115431845
fitting,26000,q3,edge,0.25,3868,237,12.414099997840822
fitting,26000,q3,edge,0.5,3868,886,11.261500010732561
fitting,26000,q3,edge,0.75,3868,2158,14.228800020646304
fitting,26000,q3,edge,1.0,3868,3868,22.03559997724369
fitting,26000,q4,node,0.1,802,68,2.7661999920383096
fitting,26000,q4,node,0.25,802,204,2.8697000234387815
fitting,26000,q4,node,0.5,802,390,2.638600009959191
fitting,26000,q4,node,0.75,802,594,6.499600014649332
fitting,26000,q4,node,1.0,802,802,3.451000025961548
fitting,26000,q4,edge,0.1,468,4,2.644499996677041
fitting,26000,q4,edge,0.25,468,25,3.2828000257723033
fitting,26000,q4,edge,0.5,468,81,4.614099976606667
fitting,26000,q4,edge,0.75,468,252,4.781699972227216
fitting,26000,q4,edge,1.0,468,468,8.114099968224764
fitting,26000,q5,node,0.1,786,84,3.9819999947212636
fitting,26000,q5,node,0.25,786,196,2.959399949759245
fitting,26000,q5,node,0.5,786,388,2.7639000327326357
fitting,26000,q5,node,0.75,786,607,6.158199976198375
fitting,26000,q5,node,1.0,786,786,8.040299988351762
fitting,26000,q5,edge,0.1,423,3,4.107599961571395
fitting,26000,q5,edge,0.25,423,19,5.30999997863546
fitting,26000,q5,edge,0.5,423,107,8.524700009729713
fitting,26000,q5,edge,0.75,423,246,7.816300028935075
fitting,26000,q5,edge,1.0,423,423,9.950000036042184
fitting,26000,q6,node,0.1,1178,133,2.814200008288026
fitting,26000,q6,node,0.25,1178,286,2.7569999801926315
fitting,26000,q6,node,0.5,1178,561,3.0313999741338193
fitting,26000,q6,node,0.75,1178,886,4.088400048203766
fitting,26000,q6,node,1.0,1178,1178,3.86699999216944
fitting,26000,q6,edge,0.1,623,6,3.631600004155189
fitting,26000,q6,edge,0.25,623,38,8.093599986750633
fitting,26000,q6,edge,0.5,623,144,12.42640003329143
fitting,26000,q6,edge,0.75,623,357,24.465299968142062
fitting,26000,q6,edge,1.0,623,623,8.901700028218329
fitting,26000,q7,node,0.1,2967,307,2.6577000389806926
fitting,26000,q7,node,0.25,2967,753,2.5594999897293746
fitting,26000,q7,node,0.5,2967,1463,5.149000033270568
fitting,26000,q7,node,0.75,2967,2250,4.321099957451224
fitting,26000,q7,node,1.0,2967,2967,11.809099989477545
fitting,26000,q7,edge,0.1,1670,13,5.837900040205568
fitting,26000,q7,edge,0.25,1670,96,10.19200001610443
fitting,26000,q7,edge,0.5,1670,376,12.026500015053898
fitting,26000,q7,edge,0.75,1670,957,15.95669996459037
fitting,26000,q7,edge,1.0,1670,1670,22.625200042966753
fitting,26001,q0,node,0.1,1221,127,6.953699979931116
fitting,26001,q0,node,0.25,1221,330,8.71190003817901
fitting,26001,q0,node,0.5,1221,659,8.765899983700365
fitting,26001,q0,node,0.75,1221,920,10.333299986086786
fitting,26001,q0,node,1.0,1221,1221,8.231199986767024
fitting,26001,q0,edge,0.1,994,9,4.71000000834465
fitting,26001,q0,edge,0.25,994,82,3.6782000097446144
fitting,26001,q0,edge,0.5,994,318,5.02720003714785
fitting,26001,q0,edge,0.75,994,605,6.8715999950654805
fitting,26001,q0,edge,1.0,994,994,7.723100017756224
fitting,26001,q1,node,0.1,1234,123,2.9752999544143677
fitting,26001,q1,node,0.25,1234,315,1.6788000357337296
fitting,26001,q1,node,0.5,1234,632,2.172200009226799
fitting,26001,q1,node,0.75,1234,952,3.9647999801672995
fitting,26001,q1,node,1.0,1234,1234,4.2919000261463225
fitting,26001,q1,edge,0.1,1001,11,4.891899996437132
fitting,26001,q1,edge,0.25,1001,62,10.836400033440441
fitting,26001,q1,edge,0.5,1001,266,10.764600010588765
fitting,26001,q1,edge,0.75,1001,592,7.250900031067431
fitting,26001,q1,edge,1.0,1001,1001,7.007900043390691
fitting,26001,q2,node,0.1,1802,168,4.811899969354272
fitting,26001,q2,node,0.25,1802,440,6.525799981318414
fitting,26001,q2,node,0.5,1802,894,8.07179999537766
fitting,26001,q2,node,0.75,1802,1350,13.571400020737201
fitting,26001,q2,node,1.0,1802,1802,9.81839996529743
fitting,26001,q2,edge,0.1,1497,10,7.10129999788478
fitting,26001,q2,edge,0.25,1497,89,12.855299981310964
fitting,26001,q2,edge,0.5,1497,340,14.792500005569309
fitting,26001,q2,edge,0.75,1497,838,16.468099958729
fitting,26001,q2,edge,1.0,1497,1497,12.761500023771077
fitting,26001,q3,node,0.1,4526,447,3.152199962642044
fitting,26001,q3,node,0.25,4526,1150,2.846199960913509
fitting,26001,q3,node,0.5,4526,2320,3.2340000034309924
fitting,26001,q3,node,0.75,4526,3428,6.466699996963143
fitting,26001,q3,node,1.0,4526,4526,8.634000027086586
fitting,26001,q3,edge,0.1,3868,33,6.3788999686948955
fitting,26001,q3,edge,0.25,3868,254,7.586200023069978
fitting,26001,q3,edge,0.5,3868,1027,12.363300018478185
fitting,26001,q3,edge,0.75,3868,2257,14.576400048099458
fitting,26001,q3,edge,1.0,3868,3868,21.48489997489378
fitting,26001,q4,node,0.1,802,78,2.810999983921647
fitting,26001,q4,node,0.25,802,202,2.3039000225253403
fitting,26001,q4,node,0.5,802,401,2.4424000293947756
fitting,26001,q4,node,0.75,802,595,2.7166999643668532
fitting,26001,q4,node,1.0,802,802,3.1798999989405274
fitting,26001,q4,edge,0.1,468,6,4.081499995663762
fitting,26001,q4,edge,0.25,468,27,3.7148999981582165
fitting,26001,q4,edge,0.5,468,140,4.275499959476292
fitting,26001,q4,edge,0.75,468,282,6.155000010039657
fitting,26001,q4,edge,1.0,468,468,5.035099980887026
fitting,26001,q5,node,0.1,786,78,3.0071999644860625
fitting,26001,q5,node,0.25,786,209,5.682599963620305
fitting,26001,q5,node,0.5,786,413,3.8434999878518283
fitting,26001,q5,node,0.75,786,600,3.6151999956928194
fitting,26001,q5,node,1.0,786,786,4.780900024343282
fitting,26001,q5,edge,0.1,423,4,2.881899999920279
fitting,26001,q5,edge,0.25,423,34,3.078299982007593
fitting,26001,q5,edge,0.5,423,127,5.5158999748528
fitting,26001,q5,edge,0.75,423,262,7.816300028935075
fitting,26001,q5,edge,1.0,423,423,6.590600009076297
fitting,26001,q6,node,0.1,1178,111,3.119400003924966
fitting,26001,q6,node,0.25,1178,263,2.1430000197142363
fitting,26001,q6,node,0.5,1178,558,2.6522999978624284
fitting,26001,q6,node,0.75,1178,873,3.452100034337491
fitting,26001,q6,node,1.0,1178,1178,4.438500036485493
fitting,26001,q6,edge,0.1,623,8,5.017600022256374
fitting,26001,q6,edge,0.25,623,36,8.123999985400587
fitting,26001,q6,edge,0.5,623,154,7.41540000308305
fitting,26001,q6,edge,0.75,623,356,7.561200007330626
fitting,26001,q6,edge,1.0,623,623,10.408900037873536
fitting,26001,q7,node,0.1,2967,287,2.7259999769739807
fitting,26001,q7,node,0.25,2967,726,2.7815999928861856
fitting,26001,q7,node,0.5,2967,1468,3.035500005353242
fitting,26001,q7,node,0.75,2967,2219,3.097600012551993
fitting,26001,q7,node,1.0,2967,2967,8.520199975464493
fitting,26001,q7,edge,0.1,1670,19,12.642999994568527
fitting,26001,q7,edge,0.25,1670,107,5.148300027940422
fitting,26001,q7,edge,0.5,1670,452,6.310400029178709
fitting,26001,q7,edge,0.75,1670,972,8.180100005120039
fitting,26001,q7,edge,1.0,1670,1670,18.243299971800297
fitting,26002,q0,node,0.1,1221,119,5.533899995498359
fitting,26002,q0,node,0.25,1221,304,4.522100032772869
fitting,26002,q0,node,0.5,1221,587,5.43739995919168
fitting,26002,q0,node,0.75,1221,916,6.159999989904463
fitting,26002,q0,node,1.0,1221,1221,6.179199961479753
fitting,26002,q0,edge,0.1,994,13,3.424700000323355
fitting,26002,q0,edge,0.25,994,65,7.098999980371445
fitting,26002,q0,edge,0.5,994,241,5.963000003248453
fitting,26002,q0,edge,0.75,994,561,8.130000031087548
fitting,26002,q0,edge,1.0,994,994,5.8188000111840665
fitting,26002,q1,node,0.1,1234,130,2.8591000009328127
fitting,26002,q1,node,0.25,1234,326,5.814100033603609
fitting,26002,q1,node,0.5,1234,617,3.3062000293284655
fitting,26002,q1,node,0.75,1234,926,3.6555000115185976
fitting,26002,q1,node,1.0,1234,1234,3.610399959143251
fitting,26002,q1,edge,0.1,1001,15,3.119500004686415
fitting,26002,q1,edge,0.25,1001,81,4.357500001788139
fitting,26002,q1,edge,0.5,1001,266,5.063000018708408
fitting,26002,q1,edge,0.75,1001,570,9.031400026287884
fitting,26002,q1,edge,1.0,1001,1001,6.355800025630742
fitting,26002,q2,node,0.1,1802,187,2.166300022508949
fitting,26002,q2,node,0.25,1802,454,2.2547999978996813
fitting,26002,q2,node,0.5,1802,916,2.8824000037275255
fitting,26002,q2,node,0.75,1802,1370,3.2982000266201794
fitting,26002,q2,node,1.0,1802,1802,4.654099990148097
fitting,26002,q2,edge,0.1,1497,14,5.436199950054288
fitting,26002,q2,edge,0.25,1497,90,3.0113999964669347
fitting,26002,q2,edge,0.5,1497,375,6.819799949880689
fitting,26002,q2,edge,0.75,1497,871,11.673400003928691
fitting,26002,q2,edge,1.0,1497,1497,17.305999994277954
fitting,26002,q3,node,0.1,4526,459,2.700100012589246
fitting,26002,q3,node,0.25,4526,1135,4.182200005743653
fitting,26002,q3,node,0.5,4526,2246,8.237099973484874
fitting,26002,q3,node,0.75,4526,3405,7.1838999865576625
fitting,26002,q3,node,1.0,4526,4526,13.876900018658489
fitting,26002,q3,edge,0.1,3868,48,8.886299969162792
fitting,26002,q3,edge,0.25,3868,258,10.475400020368397
fitting,26002,q3,edge,0.5,3868,972,12.34770001610741
fitting,26002,q3,edge,0.75,3868,2212,16.759500023908913
fitting,26002,q3,edge,1.0,3868,3868,19.169399980455637
fitting,26002,q4,node,0.1,802,80,6.386200024280697
fitting,26002,q4,node,0.25,802,194,2.7637999737635255
fitting,26002,q4,node,0.5,802,422,2.5750999921001494
fitting,26002,q4,node,0.75,802,598,3.1694999779574573
fitting,26002,q4,node,1.0,802,802,2.8946000384166837
fitting,26002,q4,edge,0.1,468,5,2.2301000426523387
fitting,26002,q4,edge,0.25,468,21,2.8087999671697617
fitting,26002,q4,edge,0.5,468,120,3.868300002068281
fitting,26002,q4,edge,0.75,468,258,7.734999991953373
fitting,26002,q4,edge,1.0,468,468,5.758699961006641
fitting,26002,q5,node,0.1,786,87,2.176300040446222
fitting,26002,q5,node,0.25,786,193,2.336000034119934
fitting,26002,q5,node,0.5,786,367,2.562300011049956
fitting,26002,q5,node,0.75,786,580,2.710400032810867
fitting,26002,q5,node,1.0,786,786,3.6114000249654055
fitting,26002,q5,edge,0.1,423,4,3.911200037691742
fitting,26002,q5,edge,0.25,423,30,6.1660000355914235
fitting,26002,q5,edge,0.5,423,99,5.348899983800948
fitting,26002,q5,edge,0.75,423,225,4.896500031463802
fitting,26002,q5,edge,1.0,423,423,4.430599976330996
fitting,26002,q6,node,0.1,1178,116,1.8616999732330441
fitting,26002,q6,node,0.25,1178,294,2.1811999613419175
fitting,26002,q6,node,0.5,1178,607,2.5273000355809927
fitting,26002,q6,node,0.75,1178,887,10.81280002836138
fitting,26002,q6,node,1.0,1178,1178,6.391900009475648
fitting,26002,q6,edge,0.1,623,14,3.8634000229649246
fitting,26002,q6,edge,0.25,623,48,3.9837000076659024
fitting,26002,q6,edge,0.5,623,173,5.079700029455125
fitting,26002,q6,edge,0.75,623,348,9.109700040426105
fitting,26002,q6,edge,1.0,623,623,7.174300029873848
fitting,26002,q7,node,0.1,2967,305,3.416999999899417
fitting,26002,q7,node,0.25,2967,734,3.0833000200800598
fitting,26002,q7,node,0.5,2967,1491,3.125699993688613
fitting,26002,q7,node,0.75,2967,2212,3.6720000207424164
fitting,26002,q7,node,1.0,2967,2967,10.012099985033274
fitting,26002,q7,edge,0.1,1670,26,4.057899990584701
fitting,26002,q7,edge,0.25,1670,109,5.148800031747669
fitting,26002,q7,edge,0.5,1670,440,7.307699997909367
fitting,26002,q7,edge,0.75,1670,923,8.053200028371066
fitting,26002,q7,edge,1.0,1670,1670,19.571600016206503
fitting,26003,q0,node,0.1,1221,121,5.539099976886064
fitting,26003,q0,node,0.25,1221,324,3.851400048006326
fitting,26003,q0,node,0.5,1221,631,4.508799989707768
fitting,26003,q0,node,0.75,1221,925,7.398999994620681
fitting,26003,q0,node,1.0,1221,1221,9.263199986889958
fitting,26003,q0,edge,0.1,994,10,5.890599975828081
fitting,26003,q0,edge,0.25,994,64,7.074899971485138
fitting,26003,q0,edge,0.5,994,273,17.093900009058416
fitting,26003,q0,edge,0.75,994,584,8.170099987182766
fitting,26003,q0,edge,1.0,994,994,6.188100029248744
fitting,26003,q1,node,0.1,1234,129,2.381599973887205
fitting,26003,q1,node,0.25,1234,279,2.4230999988503754
fitting,26003,q1,node,0.5,1234,568,2.827799995429814
fitting,26003,q1,node,0.75,1234,895,3.740500018466264
fitting,26003,q1,node,1.0,1234,1234,5.306300008669496
fitting,26003,q1,edge,0.1,1001,5,3.209299989975989
fitting,26003,q1,edge,0.25,1001,41,3.312500019092113
fitting,26003,q1,edge,0.5,1001,193,7.733800041023642
fitting,26003,q1,edge,0.75,1001,514,7.81099998857826
fitting,26003,q1,edge,1.0,1001,1001,9.450400015339255
fitting,26003,q2,node,0.1,1802,187,2.3387999972328544
fitting,26003,q2,node,0.25,1802,449,3.2917000353336334
fitting,26003,q2,node,0.5,1802,898,4.368699970655143
fitting,26003,q2,node,0.75,1802,1343,3.9970999932847917
fitting,26003,q2,node,1.0,1802,1802,4.115600022487342
fitting,26003,q2,edge,0.1,1497,11,5.312399996910244
fitting,26003,q2,edge,0.25,1497,103,4.763399949297309
fitting,26003,q2,edge,0.5,1497,397,7.016099989414215
fitting,26003,q2,edge,0.75,1497,847,7.547299959696829
fitting,26003,q2,edge,1.0,1497,1497,12.628700002096593
fitting,26003,q3,node,0.1,4526,459,3.0535999685525894
fitting,26003,q3,node,0.25,4526,1122,4.358400008641183
fitting,26003,q3,node,0.5,4526,2235,2.9488999862223864
fitting,26003,q3,node,0.75,4526,3364,3.647400008048862
fitting,26003,q3,node,1.0,4526,4526,8.333700010553002
fitting,26003,q3,edge,0.1,3868,28,6.625399983022362
fitting,26003,q3,edge,0.25,3868,230,8.17700003972277
fitting,26003,q3,edge,0.5,3868,966,14.45299998158589
fitting,26003,q3,edge,0.75,3868,2165,18.81180005148053
fitting,26003,q3,edge,1.0,3868,3868,18.558099982328713
fitting,26003,q4,node,0.1,802,60,4.4235000386834145
fitting,26003,q4,node,0.25,802,188,2.462300006300211
fitting,26003,q4,node,0.5,802,392,3.0073000234551728
fitting,26003,q4,node,0.75,802,590,5.97240001661703
fitting,26003,q4,node,1.0,802,802,3.753800003323704
fitting,26003,q4,edge,0.1,468,5,2.396099967882037
fitting,26003,q4,edge,0.25,468,22,5.739500047639012
fitting,26003,q4,edge,0.5,468,98,7.863899983931333
fitting,26003,q4,edge,0.75,468,244,5.902799952309579
fitting,26003,q4,edge,1.0,468,468,5.393500032369047
fitting,26003,q5,node,0.1,786,75,2.6584999868646264
fitting,26003,q5,node,0.25,786,195,3.16319998819381
fitting,26003,q5,node,0.5,786,399,4.366500012110919
fitting,26003,q5,node,0.75,786,589,6.447600026149303
fitting,26003,q5,node,1.0,786,786,3.090099955443293
fitting,26003,q5,edge,0.1,423,5,3.0187999946065247
fitting,26003,q5,edge,0.25,423,29,2.729900006670505
fitting,26003,q5,edge,0.5,423,114,3.405400027986616
fitting,26003,q5,edge,0.75,423,245,4.769099992699921
fitting,26003,q5,edge,1.0,423,423,12.173799972515553
fitting,26003,q6,node,0.1,1178,118,2.6507999864406884
fitting,26003,q6,node,0.25,1178,284,2.6301000034436584
fitting,26003,q6,node,0.5,1178,572,4.5476999948732555
fitting,26003,q6,node,0.75,1178,882,5.373899999540299
fitting,26003,q6,node,1.0,1178,1178,8.132299990393221
fitting,26003,q6,edge,0.1,623,7,5.704700015485287
fitting,26003,q6,edge,0.25,623,35,4.422699974384159
fitting,26003,q6,edge,0.5,623,158,4.444300022441894
fitting,26003,q6,edge,0.75,623,356,6.17240002611652
fitting,26003,q6,edge,1.0,623,623,6.080300023313612
fitting,26003,q7,node,0.1,2967,275,5.648499995004386
fitting,26003,q7,node,0.25,2967,714,2.669000008609146
fitting,26003,q7,node,0.5,2967,1469,3.267899970524013
fitting,26003,q7,node,0.75,2967,2210,3.4010999952442944
fitting,26003,q7,node,1.0,2967,2967,9.865900035947561
fitting,26003,q7,edge,0.1,1670,18,3.059999959077686
fitting,26003,q7,edge,0.25,1670,95,7.466400042176247
fitting,26003,q7,edge,0.5,1670,409,8.986200031358749
fitting,26003,q7,edge,0.75,1670,922,8.650400035548955
fitting,26003,q7,edge,1.0,1670,1670,19.231999991461635
calibration,27000,q0,node,0.1,1221,127,5.441599991172552
calibration,27000,q0,node,0.25,1221,276,5.34269999479875
calibration,27000,q0,node,0.5,1221,591,4.2035000515170395
calibration,27000,q0,node,0.75,1221,906,6.771499989554286
calibration,27000,q0,node,1.0,1221,1221,9.869500005152076
calibration,27000,q0,edge,0.1,994,9,7.840000034775585
calibration,27000,q0,edge,0.25,994,59,10.78620000043884
calibration,27000,q0,edge,0.5,994,239,13.45900003798306
calibration,27000,q0,edge,0.75,994,527,18.77070002956316
calibration,27000,q0,edge,1.0,994,994,17.65799999702722
calibration,27000,q1,node,0.1,1234,120,6.550499994773418
calibration,27000,q1,node,0.25,1234,314,6.955799995921552
calibration,27000,q1,node,0.5,1234,615,7.344899990130216
calibration,27000,q1,node,0.75,1234,944,12.424399959854782
calibration,27000,q1,node,1.0,1234,1234,9.029400011058897
calibration,27000,q1,edge,0.1,1001,12,6.762899982277304
calibration,27000,q1,edge,0.25,1001,61,8.013200014829636
calibration,27000,q1,edge,0.5,1001,258,11.35350001277402
calibration,27000,q1,edge,0.75,1001,603,19.548000011127442
calibration,27000,q1,edge,1.0,1001,1001,14.014900021720678
calibration,27000,q2,node,0.1,1802,176,6.3245000201277435
calibration,27000,q2,node,0.25,1802,451,9.263800049666315
calibration,27000,q2,node,0.5,1802,906,9.218099992722273
calibration,27000,q2,node,0.75,1802,1377,9.996099979616702
calibration,27000,q2,node,1.0,1802,1802,12.556500034406781
calibration,27000,q2,edge,0.1,1497,13,7.744700007606298
calibration,27000,q2,edge,0.25,1497,109,9.607199986930937
calibration,27000,q2,edge,0.5,1497,410,15.951400040648878
calibration,27000,q2,edge,0.75,1497,879,20.49029996851459
calibration,27000,q2,edge,1.0,1497,1497,19.88620002521202
calibration,27000,q3,node,0.1,4526,449,5.476499965880066
calibration,27000,q3,node,0.25,4526,1106,6.946399982552975
calibration,27000,q3,node,0.5,4526,2238,8.566299977246672
calibration,27000,q3,node,0.75,4526,3428,9.06150002265349
calibration,27000,q3,node,1.0,4526,4526,20.269100030418485
calibration,27000,q3,edge,0.1,3868,40,9.600199991837144
calibration,27000,q3,edge,0.25,3868,253,18.134299956727773
calibration,27000,q3,edge,0.5,3868,1008,21.321299951523542
calibration,27000,q3,edge,0.75,3868,2236,34.90929998224601
calibration,27000,q3,edge,1.0,3868,3868,45.67500000121072
calibration,27000,q4,node,0.1,802,80,4.991800000425428
calibration,27000,q4,node,0.25,802,208,4.551499965600669
calibration,27000,q4,node,0.5,802,398,6.89239997882396
calibration,27000,q4,node,0.75,802,609,5.013099987991154
calibration,27000,q4,node,1.0,802,802,6.405299995094538
calibration,27000,q4,edge,0.1,468,6,4.5689999824389815
calibration,27000,q4,edge,0.25,468,39,5.655899993143976
calibration,27000,q4,edge,0.5,468,114,7.547500019427389
calibration,27000,q4,edge,0.75,468,260,8.77549999859184
calibration,27000,q4,edge,1.0,468,468,9.81860002502799
calibration,27000,q5,node,0.1,786,73,7.0822000270709395
calibration,27000,q5,node,0.25,786,194,4.621699976269156
calibration,27000,q5,node,0.5,786,366,8.023799979127944
calibration,27000,q5,node,0.75,786,563,7.8637999831698835
calibration,27000,q5,node,1.0,786,786,12.016299995593727
calibration,27000,q5,edge,0.1,423,3,5.645199969876558
calibration,27000,q5,edge,0.25,423,15,7.638100010808557
calibration,27000,q5,edge,0.5,423,90,7.844500010833144
calibration,27000,q5,edge,0.75,423,209,8.333700010553002
calibration,27000,q5,edge,1.0,423,423,7.209400006104261
calibration,27000,q6,node,0.1,1178,117,2.0735000143758953
calibration,27000,q6,node,0.25,1178,285,2.3948000161908567
calibration,27000,q6,node,0.5,1178,617,2.674899995326996
calibration,27000,q6,node,0.75,1178,909,4.092999966815114
calibration,27000,q6,node,1.0,1178,1178,5.826800013892353
calibration,27000,q6,edge,0.1,623,4,3.1151999719440937
calibration,27000,q6,edge,0.25,623,40,4.299399966839701
calibration,27000,q6,edge,0.5,623,155,6.065899971872568
calibration,27000,q6,edge,0.75,623,345,6.567499949596822
calibration,27000,q6,edge,1.0,623,623,13.059600023552775
calibration,27000,q7,node,0.1,2967,290,7.086400000844151
calibration,27000,q7,node,0.25,2967,737,7.542499981354922
calibration,27000,q7,node,0.5,2967,1474,7.087999954819679
calibration,27000,q7,node,0.75,2967,2238,10.711600014474243
calibration,27000,q7,node,1.0,2967,2967,13.565500034019351
calibration,27000,q7,edge,0.1,1670,14,6.314900005236268
calibration,27000,q7,edge,0.25,1670,106,10.850000020582229
calibration,27000,q7,edge,0.5,1670,395,17.011200019624084
calibration,27000,q7,edge,0.75,1670,897,13.012200011871755
calibration,27000,q7,edge,1.0,1670,1670,14.675000042188913
calibration,27001,q0,node,0.1,1221,141,4.223100026138127
calibration,27001,q0,node,0.25,1221,324,3.45220003509894
calibration,27001,q0,node,0.5,1221,621,3.7184999673627317
calibration,27001,q0,node,0.75,1221,900,3.499200043734163
calibration,27001,q0,node,1.0,1221,1221,3.554199996870011
calibration,27001,q0,edge,0.1,994,8,2.4442000431008637
calibration,27001,q0,edge,0.25,994,63,3.5314999986439943
calibration,27001,q0,edge,0.5,994,241,5.712200014386326
calibration,27001,q0,edge,0.75,994,546,10.819500021170825
calibration,27001,q0,edge,1.0,994,994,6.485199963208288
calibration,27001,q1,node,0.1,1234,122,2.348099951632321
calibration,27001,q1,node,0.25,1234,319,2.203500014729798
calibration,27001,q1,node,0.5,1234,620,2.730900014284998
calibration,27001,q1,node,0.75,1234,913,5.313700006809086
calibration,27001,q1,node,1.0,1234,1234,6.518699985463172
calibration,27001,q1,edge,0.1,1001,6,6.470599968452007
calibration,27001,q1,edge,0.25,1001,53,3.904000041075051
calibration,27001,q1,edge,0.5,1001,261,5.555299983825535
calibration,27001,q1,edge,0.75,1001,555,8.113799965940416
calibration,27001,q1,edge,1.0,1001,1001,7.766900002025068
calibration,27001,q2,node,0.1,1802,183,2.8643999830819666
calibration,27001,q2,node,0.25,1802,442,2.98839999595657
calibration,27001,q2,node,0.5,1802,900,3.2847000402398407
calibration,27001,q2,node,0.75,1802,1368,4.100800026208162
calibration,27001,q2,node,1.0,1802,1802,4.136400006245822
calibration,27001,q2,edge,0.1,1497,10,5.58709999313578
calibration,27001,q2,edge,0.25,1497,107,4.629000031854957
calibration,27001,q2,edge,0.5,1497,384,6.476899958215654
calibration,27001,q2,edge,0.75,1497,872,8.663700020406395
calibration,27001,q2,edge,1.0,1497,1497,12.030999991111457
calibration,27001,q3,node,0.1,4526,471,2.85499996971339
calibration,27001,q3,node,0.25,4526,1153,2.45049997465685
calibration,27001,q3,node,0.5,4526,2269,3.819500037934631
calibration,27001,q3,node,0.75,4526,3375,4.099100013263524
calibration,27001,q3,node,1.0,4526,4526,6.607600022107363
calibration,27001,q3,edge,0.1,3868,31,5.312599998433143
calibration,27001,q3,edge,0.25,3868,246,7.914300018455833
calibration,27001,q3,edge,0.5,3868,969,10.664000001270324
calibration,27001,q3,edge,0.75,3868,2171,19.247799995355308
calibration,27001,q3,edge,1.0,3868,3868,22.14860002277419
calibration,27001,q4,node,0.1,802,71,6.67749997228384
calibration,27001,q4,node,0.25,802,192,3.428800031542778
calibration,27001,q4,node,0.5,802,400,2.479500020854175
calibration,27001,q4,node,0.75,802,600,3.2324999920092523
calibration,27001,q4,node,1.0,802,802,3.3559000003151596
calibration,27001,q4,edge,0.1,468,2,2.576499944552779
calibration,27001,q4,edge,0.25,468,29,4.465899954084307
calibration,27001,q4,edge,0.5,468,120,7.166100025642663
calibration,27001,q4,edge,0.75,468,275,5.82419999409467
calibration,27001,q4,edge,1.0,468,468,5.148199968971312
calibration,27001,q5,node,0.1,786,83,2.6564000290818512
calibration,27001,q5,node,0.25,786,194,3.304799960460514
calibration,27001,q5,node,0.5,786,386,4.334700002800673
calibration,27001,q5,node,0.75,786,590,3.648199955932796
calibration,27001,q5,node,1.0,786,786,6.971599999815226
calibration,27001,q5,edge,0.1,423,5,2.8525000088848174
calibration,27001,q5,edge,0.25,423,18,2.742999990005046
calibration,27001,q5,edge,0.5,423,97,3.5542999976314604
calibration,27001,q5,edge,0.75,423,240,4.987699969206005
calibration,27001,q5,edge,1.0,423,423,4.681399965193123
calibration,27001,q6,node,0.1,1178,135,2.165399957448244
calibration,27001,q6,node,0.25,1178,296,5.237199948169291
calibration,27001,q6,node,0.5,1178,575,3.9265999803319573
calibration,27001,q6,node,0.75,1178,876,3.3372999751009047
calibration,27001,q6,node,1.0,1178,1178,3.9074000087566674
calibration,27001,q6,edge,0.1,623,8,2.802700037136674
calibration,27001,q6,edge,0.25,623,39,3.0193999991752207
calibration,27001,q6,edge,0.5,623,142,3.94550000783056
calibration,27001,q6,edge,0.75,623,332,8.654400007799268
calibration,27001,q6,edge,1.0,623,623,7.370500010438263
calibration,27001,q7,node,0.1,2967,310,2.5397000135853887
calibration,27001,q7,node,0.25,2967,723,2.853299956768751
calibration,27001,q7,node,0.5,2967,1446,2.531200007069856
calibration,27001,q7,node,0.75,2967,2217,2.909799979534
calibration,27001,q7,node,1.0,2967,2967,3.788100031670183
calibration,27001,q7,edge,0.1,1670,16,2.125200000591576
calibration,27001,q7,edge,0.25,1670,95,5.941500014159828
calibration,27001,q7,edge,0.5,1670,394,6.764499994460493
calibration,27001,q7,edge,0.75,1670,929,10.014900006353855
calibration,27001,q7,edge,1.0,1670,1670,17.382799996994436
calibration,27002,q0,node,0.1,1221,122,6.118700024671853
calibration,27002,q0,node,0.25,1221,323,4.750599968247116
calibration,27002,q0,node,0.5,1221,585,7.220599974971265
calibration,27002,q0,node,0.75,1221,924,8.914200006984174
calibration,27002,q0,node,1.0,1221,1221,11.977100046351552
calibration,27002,q0,edge,0.1,994,9,3.7804999738000333
calibration,27002,q0,edge,0.25,994,71,4.7685999888926744
calibration,27002,q0,edge,0.5,994,214,6.256999971810728
calibration,27002,q0,edge,0.75,994,532,5.7564000017009676
calibration,27002,q0,edge,1.0,994,994,10.633199999574572
calibration,27002,q1,node,0.1,1234,124,2.715999959036708
calibration,27002,q1,node,0.25,1234,316,2.6129999896511436
calibration,27002,q1,node,0.5,1234,626,2.905600005760789
calibration,27002,q1,node,0.75,1234,892,3.339199989568442
calibration,27002,q1,node,1.0,1234,1234,2.901500032749027
calibration,27002,q1,edge,0.1,1001,7,5.788900016341358
calibration,27002,q1,edge,0.25,1001,44,7.604699989315122
calibration,27002,q1,edge,0.5,1001,250,5.356400040909648
calibration,27002,q1,edge,0.75,1001,519,7.275199983268976
calibration,27002,q1,edge,1.0,1001,1001,5.044499994255602
calibration,27002,q2,node,0.1,1802,169,4.817300010472536
calibration,27002,q2,node,0.25,1802,465,19.515299994964153
calibration,27002,q2,node,0.5,1802,901,4.965099971741438
calibration,27002,q2,node,0.75,1802,1354,4.064499982632697
calibration,27002,q2,node,1.0,1802,1802,7.093199994415045
calibration,27002,q2,edge,0.1,1497,12,7.517400023061782
calibration,27002,q2,edge,0.25,1497,83,4.014400008600205
calibration,27002,q2,edge,0.5,1497,352,7.378899957984686
calibration,27002,q2,edge,0.75,1497,824,11.563499982003123
calibration,27002,q2,edge,1.0,1497,1497,8.502100012265146
calibration,27002,q3,node,0.1,4526,441,2.4644999648444355
calibration,27002,q3,node,0.25,4526,1170,2.9211999499239028
calibration,27002,q3,node,0.5,4526,2245,3.149600001052022
calibration,27002,q3,node,0.75,4526,3362,3.3847999875433743
calibration,27002,q3,node,1.0,4526,4526,10.900499997660518
calibration,27002,q3,edge,0.1,3868,29,4.069499962497503
calibration,27002,q3,edge,0.25,3868,217,6.773500004783273
calibration,27002,q3,edge,0.5,3868,894,8.703699975740165
calibration,27002,q3,edge,0.75,3868,2071,19.251199963036925
calibration,27002,q3,edge,1.0,3868,3868,18.873499997425824
calibration,27002,q4,node,0.1,802,72,4.935600038152188
calibration,27002,q4,node,0.25,802,191,2.1439000265672803
calibration,27002,q4,node,0.5,802,400,2.5010000099428
calibration,27002,q4,node,0.75,802,590,3.4241999965161085
calibration,27002,q4,node,1.0,802,802,4.091500013601035
calibration,27002,q4,edge,0.1,468,4,2.2867999505251646
calibration,27002,q4,edge,0.25,468,22,3.3867000020109117
calibration,27002,q4,edge,0.5,468,122,9.457599953748286
calibration,27002,q4,edge,0.75,468,270,7.308300002478063
calibration,27002,q4,edge,1.0,468,468,5.863400001544505
calibration,27002,q5,node,0.1,786,75,2.0673000253736973
calibration,27002,q5,node,0.25,786,218,2.9212000081315637
calibration,27002,q5,node,0.5,786,410,5.645199969876558
calibration,27002,q5,node,0.75,786,600,7.464399968739599
calibration,27002,q5,node,1.0,786,786,5.3789999801665545
calibration,27002,q5,edge,0.1,423,1,4.013099998701364
calibration,27002,q5,edge,0.25,423,29,8.91189998947084
calibration,27002,q5,edge,0.5,423,116,13.488599972333759
calibration,27002,q5,edge,0.75,423,255,12.835699948482215
calibration,27002,q5,edge,1.0,423,423,15.839400002732873
calibration,27002,q6,node,0.1,1178,129,6.796000001486391
calibration,27002,q6,node,0.25,1178,296,6.623300025239587
calibration,27002,q6,node,0.5,1178,598,7.180300017353147
calibration,27002,q6,node,0.75,1178,886,11.312399990856647
calibration,27002,q6,node,1.0,1178,1178,10.248100035823882
calibration,27002,q6,edge,0.1,623,9,6.813600019086152
calibration,27002,q6,edge,0.25,623,46,10.498900024686009
calibration,27002,q6,edge,0.5,623,167,12.09900004323572
calibration,27002,q6,edge,0.75,623,350,16.287899983581156
calibration,27002,q6,edge,1.0,623,623,15.273099998012185
calibration,27002,q7,node,0.1,2967,303,6.4134999993257225
calibration,27002,q7,node,0.25,2967,760,6.271600024774671
calibration,27002,q7,node,0.5,2967,1507,4.09659999422729
calibration,27002,q7,node,0.75,2967,2227,4.1108999866992235
calibration,27002,q7,node,1.0,2967,2967,10.739300050772727
calibration,27002,q7,edge,0.1,1670,15,6.562299968209118
calibration,27002,q7,edge,0.25,1670,106,13.569000002462417
calibration,27002,q7,edge,0.5,1670,438,15.732400002889335
calibration,27002,q7,edge,0.75,1670,957,18.68919999105856
calibration,27002,q7,edge,1.0,1670,1670,21.515199972782284
calibration,27003,q0,node,0.1,1221,104,7.159299973864108
calibration,27003,q0,node,0.25,1221,288,4.5146000338718295
calibration,27003,q0,node,0.5,1221,600,7.3376999935135245
calibration,27003,q0,node,0.75,1221,892,9.148100041784346
calibration,27003,q0,node,1.0,1221,1221,9.61870001628995
calibration,27003,q0,edge,0.1,994,12,3.3281000214628875
calibration,27003,q0,edge,0.25,994,68,5.208900023717433
calibration,27003,q0,edge,0.5,994,260,9.79469995945692
calibration,27003,q0,edge,0.75,994,566,12.42340001044795
calibration,27003,q0,edge,1.0,994,994,15.314199961721897
calibration,27003,q1,node,0.1,1234,139,6.764599995221943
calibration,27003,q1,node,0.25,1234,306,10.438200028147548
calibration,27003,q1,node,0.5,1234,605,4.765500023495406
calibration,27003,q1,node,0.75,1234,914,4.136300005484372
calibration,27003,q1,node,1.0,1234,1234,3.3767999848350883
calibration,27003,q1,edge,0.1,1001,14,2.8732999926432967
calibration,27003,q1,edge,0.25,1001,62,6.356599973514676
calibration,27003,q1,edge,0.5,1001,240,6.1916999984532595
calibration,27003,q1,edge,0.75,1001,559,9.505300025921315
calibration,27003,q1,edge,1.0,1001,1001,6.881400011479855
calibration,27003,q2,node,0.1,1802,197,2.7600000030361116
calibration,27003,q2,node,0.25,1802,476,4.002499976195395
calibration,27003,q2,node,0.5,1802,899,4.085500026121736
calibration,27003,q2,node,0.75,1802,1350,4.710900015197694
calibration,27003,q2,node,1.0,1802,1802,4.338499973528087
calibration,27003,q2,edge,0.1,1497,22,3.030200023204088
calibration,27003,q2,edge,0.25,1497,96,4.521699971519411
calibration,27003,q2,edge,0.5,1497,386,5.412500002421439
calibration,27003,q2,edge,0.75,1497,825,15.015500015579164
calibration,27003,q2,edge,1.0,1497,1497,11.300399957690388
calibration,27003,q3,node,0.1,4526,463,2.5148000568151474
calibration,27003,q3,node,0.25,4526,1138,5.541399994399399
calibration,27003,q3,node,0.5,4526,2243,3.99450003169477
calibration,27003,q3,node,0.75,4526,3365,3.89960000757128
calibration,27003,q3,node,1.0,4526,4526,7.123299990780652
calibration,27003,q3,edge,0.1,3868,51,3.956400032620877
calibration,27003,q3,edge,0.25,3868,252,5.591600027401
calibration,27003,q3,edge,0.5,3868,1002,12.968699971679598
calibration,27003,q3,edge,0.75,3868,2181,14.549599960446358
calibration,27003,q3,edge,1.0,3868,3868,21.39310003258288
calibration,27003,q4,node,0.1,802,77,2.938700024969876
calibration,27003,q4,node,0.25,802,191,2.4924000026658177
calibration,27003,q4,node,0.5,802,390,2.4699000059626997
calibration,27003,q4,node,0.75,802,617,3.2697999849915504
calibration,27003,q4,node,1.0,802,802,7.120300026144832
calibration,27003,q4,edge,0.1,468,3,2.9876999906264246
calibration,27003,q4,edge,0.25,468,25,3.2044000108726323
calibration,27003,q4,edge,0.5,468,110,4.3058000155724585
calibration,27003,q4,edge,0.75,468,278,5.2479999721981585
calibration,27003,q4,edge,1.0,468,468,5.203499982599169
calibration,27003,q5,node,0.1,786,70,2.8182999812997878
calibration,27003,q5,node,0.25,786,197,5.536500015296042
calibration,27003,q5,node,0.5,786,389,3.0494999955408275
calibration,27003,q5,node,0.75,786,587,3.791099996306002
calibration,27003,q5,node,1.0,786,786,4.579200001899153
calibration,27003,q5,edge,0.1,423,5,3.739000007044524
calibration,27003,q5,edge,0.25,423,28,6.880900007672608
calibration,27003,q5,edge,0.5,423,101,8.38730001123622
calibration,27003,q5,edge,0.75,423,248,9.614000038709491
calibration,27003,q5,edge,1.0,423,423,5.156099970918149
calibration,27003,q6,node,0.1,1178,126,2.371799957472831
calibration,27003,q6,node,0.25,1178,302,3.3186000073328614
calibration,27003,q6,node,0.5,1178,588,3.0090000363998115
calibration,27003,q6,node,0.75,1178,904,5.895200010854751
calibration,27003,q6,node,1.0,1178,1178,5.527800007257611
calibration,27003,q6,edge,0.1,623,11,2.7410000329837203
calibration,27003,q6,edge,0.25,623,41,4.494699998758733
calibration,27003,q6,edge,0.5,623,133,2.575599995907396
calibration,27003,q6,edge,0.75,623,359,4.955700016580522
calibration,27003,q6,edge,1.0,623,623,9.726899967063218
calibration,27003,q7,node,0.1,2967,297,2.71430000429973
calibration,27003,q7,node,0.25,2967,736,3.406600037124008
calibration,27003,q7,node,0.5,2967,1455,4.515699984040111
calibration,27003,q7,node,0.75,2967,2254,5.090699996799231
calibration,27003,q7,node,1.0,2967,2967,17.732599982991815
calibration,27003,q7,edge,0.1,1670,20,8.124000043608248
calibration,27003,q7,edge,0.25,1670,100,10.235399997327477
calibration,27003,q7,edge,0.5,1670,376,18.83429998997599
calibration,27003,q7,edge,0.75,1670,988,22.281299985479563
calibration,27003,q7,edge,1.0,1670,1670,34.08399998443201
calibration,27004,q0,node,0.1,1221,134,11.678399983793497
calibration,27004,q0,node,0.25,1221,322,8.353499986696988
calibration,27004,q0,node,0.5,1221,620,11.540899984538555
calibration,27004,q0,node,0.75,1221,915,8.68959998479113
calibration,27004,q0,node,1.0,1221,1221,5.040000018198043
calibration,27004,q0,edge,0.1,994,14,4.964699968695641
calibration,27004,q0,edge,0.25,994,66,4.986200015991926
calibration,27004,q0,edge,0.5,994,259,5.391000013332814
calibration,27004,q0,edge,0.75,994,558,10.659099963959306
calibration,27004,q0,edge,1.0,994,994,16.09600003575906
calibration,27004,q1,node,0.1,1234,123,7.733499980531633
calibration,27004,q1,node,0.25,1234,293,5.457799998112023
calibration,27004,q1,node,0.5,1234,632,7.425899966619909
calibration,27004,q1,node,0.75,1234,938,7.5712999678216875
calibration,27004,q1,node,1.0,1234,1234,5.8385999873280525
calibration,27004,q1,edge,0.1,1001,5,4.903699969872832
calibration,27004,q1,edge,0.25,1001,49,3.924100019503385
calibration,27004,q1,edge,0.5,1001,263,5.306899955030531
calibration,27004,q1,edge,0.75,1001,576,6.100300000980496
calibration,27004,q1,edge,1.0,1001,1001,8.25399998575449
calibration,27004,q2,node,0.1,1802,167,5.781299958471209
calibration,27004,q2,node,0.25,1802,453,2.757699985522777
calibration,27004,q2,node,0.5,1802,911,4.9035000265575945
calibration,27004,q2,node,0.75,1802,1376,3.9781000232324004
calibration,27004,q2,node,1.0,1802,1802,3.4143999801017344
calibration,27004,q2,edge,0.1,1497,15,2.7889999910257757
calibration,27004,q2,edge,0.25,1497,104,3.725399961695075
calibration,27004,q2,edge,0.5,1497,396,10.859400033950806
calibration,27004,q2,edge,0.75,1497,853,9.21699998434633
calibration,27004,q2,edge,1.0,1497,1497,8.65870004054159
calibration,27004,q3,node,0.1,4526,443,1.6438000020571053
calibration,27004,q3,node,0.25,4526,1117,6.371200026478618
calibration,27004,q3,node,0.5,4526,2286,4.7002999926917255
calibration,27004,q3,node,0.75,4526,3426,5.331599968485534
calibration,27004,q3,node,1.0,4526,4526,10.689199960324913
calibration,27004,q3,edge,0.1,3868,41,3.8619000115431845
calibration,27004,q3,edge,0.25,3868,243,9.694600012153387
calibration,27004,q3,edge,0.5,3868,1007,12.31949997600168
calibration,27004,q3,edge,0.75,3868,2218,25.64369997708127
calibration,27004,q3,edge,1.0,3868,3868,27.844199968967587
calibration,27004,q4,node,0.1,802,84,3.997799998614937
calibration,27004,q4,node,0.25,802,216,2.5364000466652215
calibration,27004,q4,node,0.5,802,421,3.6430999753065407
calibration,27004,q4,node,0.75,802,593,3.5998999956063926
calibration,27004,q4,node,1.0,802,802,3.7054999847896397
calibration,27004,q4,edge,0.1,468,3,3.5570000181905925
calibration,27004,q4,edge,0.25,468,35,4.9436999834142625
calibration,27004,q4,edge,0.5,468,140,7.32360000256449
calibration,27004,q4,edge,0.75,468,251,10.805499972775578
calibration,27004,q4,edge,1.0,468,468,10.649000003468245
calibration,27004,q5,node,0.1,786,79,4.954199946951121
calibration,27004,q5,node,0.25,786,196,5.8077999856323
calibration,27004,q5,node,0.5,786,364,6.743600009940565
calibration,27004,q5,node,0.75,786,575,6.989000015892088
calibration,27004,q5,node,1.0,786,786,9.109899983741343
calibration,27004,q5,edge,0.1,423,5,5.952400038950145
calibration,27004,q5,edge,0.25,423,23,7.224500004667789
calibration,27004,q5,edge,0.5,423,95,11.500399967189878
calibration,27004,q5,edge,0.75,423,224,12.509700027294457
calibration,27004,q5,edge,1.0,423,423,11.54320000205189
calibration,27004,q6,node,0.1,1178,105,5.593600042629987
calibration,27004,q6,node,0.25,1178,264,3.6773000028915703
calibration,27004,q6,node,0.5,1178,545,5.848600005265325
calibration,27004,q6,node,0.75,1178,853,5.008800013456494
calibration,27004,q6,node,1.0,1178,1178,9.462199988774955
calibration,27004,q6,edge,0.1,623,7,5.8108000084757805
calibration,27004,q6,edge,0.25,623,37,8.486699953209609
calibration,27004,q6,edge,0.5,623,126,8.774800051469356
calibration,27004,q6,edge,0.75,623,345,14.304399956017733
calibration,27004,q6,edge,1.0,623,623,14.2041000071913
calibration,27004,q7,node,0.1,2967,288,6.149800028651953
calibration,27004,q7,node,0.25,2967,733,2.5544000091031194
calibration,27004,q7,node,0.5,2967,1437,4.445300030056387
calibration,27004,q7,node,0.75,2967,2167,6.004699971526861
calibration,27004,q7,node,1.0,2967,2967,12.063900008797646
calibration,27004,q7,edge,0.1,1670,15,5.573100002948195
calibration,27004,q7,edge,0.25,1670,104,14.474099967628717
calibration,27004,q7,edge,0.5,1670,393,7.999499968718737
calibration,27004,q7,edge,0.75,1670,899,13.208699994720519
calibration,27004,q7,edge,1.0,1670,1670,16.56279998132959
calibration,27005,q0,node,0.1,1221,126,3.188700007740408
calibration,27005,q0,node,0.25,1221,303,3.2162999850697815
calibration,27005,q0,node,0.5,1221,615,2.9966000001877546
calibration,27005,q0,node,0.75,1221,922,3.2561999978497624
calibration,27005,q0,node,1.0,1221,1221,3.5806000232696533
calibration,27005,q0,edge,0.1,994,9,2.72759998915717
calibration,27005,q0,edge,0.25,994,62,4.37069998588413
calibration,27005,q0,edge,0.5,994,235,8.92669998575002
calibration,27005,q0,edge,0.75,994,558,7.471700024325401
calibration,27005,q0,edge,1.0,994,994,10.313499951735139
calibration,27005,q1,node,0.1,1234,137,2.373000024817884
calibration,27005,q1,node,0.25,1234,311,3.4551999997347593
calibration,27005,q1,node,0.5,1234,625,5.888100014999509
calibration,27005,q1,node,0.75,1234,920,3.5609000478871167
calibration,27005,q1,node,1.0,1234,1234,3.277099982369691
calibration,27005,q1,edge,0.1,1001,10,2.9888999997638166
calibration,27005,q1,edge,0.25,1001,59,4.547899996396154
calibration,27005,q1,edge,0.5,1001,268,5.965700023807585
calibration,27005,q1,edge,0.75,1001,572,10.718800011090934
calibration,27005,q1,edge,1.0,1001,1001,11.360700009390712
calibration,27005,q2,node,0.1,1802,190,4.152299952693284
calibration,27005,q2,node,0.25,1802,453,4.0148000116460025
calibration,27005,q2,node,0.5,1802,901,5.933899956289679
calibration,27005,q2,node,0.75,1802,1344,4.385999985970557
calibration,27005,q2,node,1.0,1802,1802,4.680100013501942
calibration,27005,q2,edge,0.1,1497,9,2.639400016050786
calibration,27005,q2,edge,0.25,1497,92,4.260699963197112
calibration,27005,q2,edge,0.5,1497,362,6.23749999795109
calibration,27005,q2,edge,0.75,1497,837,11.14010001765564
calibration,27005,q2,edge,1.0,1497,1497,11.98479998856783
calibration,27005,q3,node,0.1,4526,480,2.398100041318685
calibration,27005,q3,node,0.25,4526,1144,2.9690000228583813
calibration,27005,q3,node,0.5,4526,2285,5.137600004673004
calibration,27005,q3,node,0.75,4526,3391,5.656199995428324
calibration,27005,q3,node,1.0,4526,4526,7.9666999517939985
calibration,27005,q3,edge,0.1,3868,33,3.4491000114940107
calibration,27005,q3,edge,0.25,3868,238,5.988699966110289
calibration,27005,q3,edge,0.5,3868,959,12.039799999911338
calibration,27005,q3,edge,0.75,3868,2172,15.862900007050484
calibration,27005,q3,edge,1.0,3868,3868,22.69540005363524
calibration,27005,q4,node,0.1,802,90,2.5462000048719347
calibration,27005,q4,node,0.25,802,204,4.082799947354943
calibration,27005,q4,node,0.5,802,413,3.044300014153123
calibration,27005,q4,node,0.75,802,612,3.50099999923259
calibration,27005,q4,node,1.0,802,802,3.5048999707214534
calibration,27005,q4,edge,0.1,468,7,5.46259997645393
calibration,27005,q4,edge,0.25,468,30,4.516400047577918
calibration,27005,q4,edge,0.5,468,126,6.086799956392497
calibration,27005,q4,edge,0.75,468,271,5.857300013303757
calibration,27005,q4,edge,1.0,468,468,5.2829000051133335
calibration,27005,q5,node,0.1,786,79,5.345100013073534
calibration,27005,q5,node,0.25,786,175,2.906800014898181
calibration,27005,q5,node,0.5,786,366,3.0875999946147203
calibration,27005,q5,node,0.75,786,577,3.3404999994672835
calibration,27005,q5,node,1.0,786,786,3.7585999816656113
calibration,27005,q5,edge,0.1,423,6,2.230799989774823
calibration,27005,q5,edge,0.25,423,21,2.8545999666675925
calibration,27005,q5,edge,0.5,423,82,3.337399975862354
calibration,27005,q5,edge,0.75,423,218,17.743100004736334
calibration,27005,q5,edge,1.0,423,423,5.390900012571365
calibration,27005,q6,node,0.1,1178,119,2.3467999999411404
calibration,27005,q6,node,0.25,1178,302,2.004800015129149
calibration,27005,q6,node,0.5,1178,588,2.2967999684624374
calibration,27005,q6,node,0.75,1178,879,7.174600032158196
calibration,27005,q6,node,1.0,1178,1178,5.043000041041523
calibration,27005,q6,edge,0.1,623,6,3.041399992071092
calibration,27005,q6,edge,0.25,623,50,4.15279995650053
calibration,27005,q6,edge,0.5,623,164,3.8818000466562808
calibration,27005,q6,edge,0.75,623,372,4.639199993107468
calibration,27005,q6,edge,1.0,623,623,12.256600020918995
calibration,27005,q7,node,0.1,2967,304,2.5280999834649265
calibration,27005,q7,node,0.25,2967,732,3.1313999788835645
calibration,27005,q7,node,0.5,2967,1463,2.8246999718248844
calibration,27005,q7,node,0.75,2967,2215,2.842299989424646
calibration,27005,q7,node,1.0,2967,2967,6.841800000984222
calibration,27005,q7,edge,0.1,1670,20,7.900399970822036
calibration,27005,q7,edge,0.25,1670,110,5.604399950243533
calibration,27005,q7,edge,0.5,1670,417,8.69399996008724
calibration,27005,q7,edge,0.75,1670,948,13.16989999031648
calibration,27005,q7,edge,1.0,1670,1670,17.858200008049607
calibration,27006,q0,node,0.1,1221,123,2.6117999805137515
calibration,27006,q0,node,0.25,1221,329,2.735799993388355
calibration,27006,q0,node,0.5,1221,598,3.238599980250001
calibration,27006,q0,node,0.75,1221,925,5.593499983660877
calibration,27006,q0,node,1.0,1221,1221,3.783399995882064
calibration,27006,q0,edge,0.1,994,7,2.3981999838724732
calibration,27006,q0,edge,0.25,994,69,3.061999974306673
calibration,27006,q0,edge,0.5,994,266,4.882299981545657
calibration,27006,q0,edge,0.75,994,570,5.845899984706193
calibration,27006,q0,edge,1.0,994,994,8.844900003168732
calibration,27006,q1,node,0.1,1234,127,2.7039999840781093
calibration,27006,q1,node,0.25,1234,314,2.290800039190799
calibration,27006,q1,node,0.5,1234,640,2.7710000285878778
calibration,27006,q1,node,0.75,1234,933,4.112700000405312
calibration,27006,q1,node,1.0,1234,1234,3.933899977710098
calibration,27006,q1,edge,0.1,1001,7,1.7561999848112464
calibration,27006,q1,edge,0.25,1001,54,4.029699950478971
calibration,27006,q1,edge,0.5,1001,253,10.680499952286482
calibration,27006,q1,edge,0.75,1001,543,9.479499945882708
calibration,27006,q1,edge,1.0,1001,1001,9.092999971471727
calibration,27006,q2,node,0.1,1802,205,5.113099992740899
calibration,27006,q2,node,0.25,1802,463,8.247599995229393
calibration,27006,q2,node,0.5,1802,893,7.270900008734316
calibration,27006,q2,node,0.75,1802,1337,10.263300035148859
calibration,27006,q2,node,1.0,1802,1802,8.922600012738258
calibration,27006,q2,edge,0.1,1497,20,4.830400052014738
calibration,27006,q2,edge,0.25,1497,94,4.156499984674156
calibration,27006,q2,edge,0.5,1497,363,7.326300023123622
calibration,27006,q2,edge,0.75,1497,832,18.027600017376244
calibration,27006,q2,edge,1.0,1497,1497,12.491200002841651
calibration,27006,q3,node,0.1,4526,485,5.192100012209266
calibration,27006,q3,node,0.25,4526,1183,3.4768999903462827
calibration,27006,q3,node,0.5,4526,2273,3.7868000217713416
calibration,27006,q3,node,0.75,4526,3406,3.9160000160336494
calibration,27006,q3,node,1.0,4526,4526,7.0946000050753355
calibration,27006,q3,edge,0.1,3868,35,4.085499967914075
calibration,27006,q3,edge,0.25,3868,246,8.974600001238286
calibration,27006,q3,edge,0.5,3868,989,10.418399993795902
calibration,27006,q3,edge,0.75,3868,2172,19.029300019610673
calibration,27006,q3,edge,1.0,3868,3868,18.28889996977523
calibration,27006,q4,node,0.1,802,73,3.201999992597848
calibration,27006,q4,node,0.25,802,195,2.867800008971244
calibration,27006,q4,node,0.5,802,404,4.360399965662509
calibration,27006,q4,node,0.75,802,629,5.333899985998869
calibration,27006,q4,node,1.0,802,802,3.4706000005826354
calibration,27006,q4,edge,0.1,468,4,2.6763000059872866
calibration,27006,q4,edge,0.25,468,27,3.678400011267513
calibration,27006,q4,edge,0.5,468,112,4.362400039099157
calibration,27006,q4,edge,0.75,468,284,4.967400047462434
calibration,27006,q4,edge,1.0,468,468,5.771800002548844
calibration,27006,q5,node,0.1,786,55,3.2674999674782157
calibration,27006,q5,node,0.25,786,177,2.3406000109389424
calibration,27006,q5,node,0.5,786,383,3.176799975335598
calibration,27006,q5,node,0.75,786,603,3.129199962131679
calibration,27006,q5,node,1.0,786,786,3.3886999590322375
calibration,27006,q5,edge,0.1,423,3,2.4897000403143466
calibration,27006,q5,edge,0.25,423,26,3.033999993931502
calibration,27006,q5,edge,0.5,423,109,4.237700020894408
calibration,27006,q5,edge,0.75,423,265,8.186699997168034
calibration,27006,q5,edge,1.0,423,423,5.642900010570884
calibration,27006,q6,node,0.1,1178,117,2.3298999876715243
calibration,27006,q6,node,0.25,1178,314,2.636199991684407
calibration,27006,q6,node,0.5,1178,602,2.6511999894864857
calibration,27006,q6,node,0.75,1178,870,3.3274999586865306
calibration,27006,q6,node,1.0,1178,1178,3.9895999943837523
calibration,27006,q6,edge,0.1,623,7,5.4644999909214675
calibration,27006,q6,edge,0.25,623,46,3.6711999564431608
calibration,27006,q6,edge,0.5,623,173,4.8587999772280455
calibration,27006,q6,edge,0.75,623,348,5.561399972066283
calibration,27006,q6,edge,1.0,623,623,6.599399959668517
calibration,27006,q7,node,0.1,2967,270,2.0961000118404627
calibration,27006,q7,node,0.25,2967,740,2.588899980764836
calibration,27006,q7,node,0.5,2967,1498,4.846800002269447
calibration,27006,q7,node,0.75,2967,2261,3.1915000290609896
calibration,27006,q7,node,1.0,2967,2967,6.412099988665432
calibration,27006,q7,edge,0.1,1670,15,10.840300004929304
calibration,27006,q7,edge,0.25,1670,108,11.987300007604063
calibration,27006,q7,edge,0.5,1670,431,7.448200020007789
calibration,27006,q7,edge,0.75,1670,990,20.480600011069328
calibration,27006,q7,edge,1.0,1670,1670,14.520900032948703
calibration,27007,q0,node,0.1,1221,97,4.199500021059066
calibration,27007,q0,node,0.25,1221,262,4.658800025936216
calibration,27007,q0,node,0.5,1221,596,5.477999977301806
calibration,27007,q0,node,0.75,1221,909,8.60800000373274
calibration,27007,q0,node,1.0,1221,1221,9.923300007358193
calibration,27007,q0,edge,0.1,994,6,6.833999999798834
calibration,27007,q0,edge,0.25,994,34,8.973199990577996
calibration,27007,q0,edge,0.5,994,229,7.652100000996143
calibration,27007,q0,edge,0.75,994,556,9.356099995784461
calibration,27007,q0,edge,1.0,994,994,13.416300003882498
calibration,27007,q1,node,0.1,1234,127,4.497600020840764
calibration,27007,q1,node,0.25,1234,324,3.2227999763563275
calibration,27007,q1,node,0.5,1234,613,3.7240000092424452
calibration,27007,q1,node,0.75,1234,938,4.081899998709559
calibration,27007,q1,node,1.0,1234,1234,9.348399995360523
calibration,27007,q1,edge,0.1,1001,6,7.14429997606203
calibration,27007,q1,edge,0.25,1001,71,4.396800009999424
calibration,27007,q1,edge,0.5,1001,252,6.036199978552759
calibration,27007,q1,edge,0.75,1001,557,6.234999978914857
calibration,27007,q1,edge,1.0,1001,1001,6.607300019823015
calibration,27007,q2,node,0.1,1802,199,5.327199993189424
calibration,27007,q2,node,0.25,1802,466,3.0319999787025154
calibration,27007,q2,node,0.5,1802,921,3.297800023574382
calibration,27007,q2,node,0.75,1802,1370,4.577499988954514
calibration,27007,q2,node,1.0,1802,1802,3.665699972771108
calibration,27007,q2,edge,0.1,1497,16,2.8114999877288938
calibration,27007,q2,edge,0.25,1497,73,4.724500002339482
calibration,27007,q2,edge,0.5,1497,391,9.159100009128451
calibration,27007,q2,edge,0.75,1497,861,8.767299994360656
calibration,27007,q2,edge,1.0,1497,1497,7.643999997526407
calibration,27007,q3,node,0.1,4526,449,2.293099998496473
calibration,27007,q3,node,0.25,4526,1113,2.3881999659352005
calibration,27007,q3,node,0.5,4526,2254,6.7538999719545245
calibration,27007,q3,node,0.75,4526,3421,4.137200012337416
calibration,27007,q3,node,1.0,4526,4526,7.18140002572909
calibration,27007,q3,edge,0.1,3868,33,2.4433000362478197
calibration,27007,q3,edge,0.25,3868,200,3.3552999957464635
calibration,27007,q3,edge,0.5,3868,952,6.447100022342056
calibration,27007,q3,edge,0.75,3868,2185,23.315300000831485
calibration,27007,q3,edge,1.0,3868,3868,32.36900002229959
calibration,27007,q4,node,0.1,802,84,6.524499971419573
calibration,27007,q4,node,0.25,802,192,6.939899991266429
calibration,27007,q4,node,0.5,802,389,3.384099982213229
calibration,27007,q4,node,0.75,802,596,4.9909999943338335
calibration,27007,q4,node,1.0,802,802,4.116699972655624
calibration,27007,q4,edge,0.1,468,6,3.15290002617985
calibration,27007,q4,edge,0.25,468,25,2.831399964634329
calibration,27007,q4,edge,0.5,468,93,3.968200006056577
calibration,27007,q4,edge,0.75,468,257,8.277199987787753
calibration,27007,q4,edge,1.0,468,468,4.919699975289404
calibration,27007,q5,node,0.1,786,55,2.0343000069260597
calibration,27007,q5,node,0.25,786,178,2.6191999786533415
calibration,27007,q5,node,0.5,786,393,50.055100000463426
calibration,27007,q5,node,0.75,786,572,4.563700000289828
calibration,27007,q5,node,1.0,786,786,3.6176000139676034
calibration,27007,q5,edge,0.1,423,2,2.6585999876260757
calibration,27007,q5,edge,0.25,423,22,3.218500001821667
calibration,27007,q5,edge,0.5,423,101,4.029600007925183
calibration,27007,q5,edge,0.75,423,217,16.947299998719245
calibration,27007,q5,edge,1.0,423,423,6.3396000186912715
calibration,27007,q6,node,0.1,1178,120,2.362700004596263
calibration,27007,q6,node,0.25,1178,301,2.311499963980168
calibration,27007,q6,node,0.5,1178,600,2.484500000718981
calibration,27007,q6,node,0.75,1178,900,4.291899967938662
calibration,27007,q6,node,1.0,1178,1178,6.84059999184683
calibration,27007,q6,edge,0.1,623,5,9.122000017669052
calibration,27007,q6,edge,0.25,623,37,3.196300007402897
calibration,27007,q6,edge,0.5,623,154,3.8391000125557184
calibration,27007,q6,edge,0.75,623,346,7.214599987491965
calibration,27007,q6,edge,1.0,623,623,10.198900010436773
calibration,27007,q7,node,0.1,2967,270,3.125999995972961
calibration,27007,q7,node,0.25,2967,721,2.4557000142522156
calibration,27007,q7,node,0.5,2967,1479,2.6762000052258372
calibration,27007,q7,node,0.75,2967,2214,21.307900024112314
calibration,27007,q7,node,1.0,2967,2967,8.218300004955381
calibration,27007,q7,edge,0.1,1670,13,5.194900033529848
calibration,27007,q7,edge,0.25,1670,90,4.3187999981455505
calibration,27007,q7,edge,0.5,1670,396,6.00049999775365
calibration,27007,q7,edge,0.75,1670,913,13.911399990320206
calibration,27007,q7,edge,1.0,1670,1670,26.449199998751283
calibration,27008,q0,node,0.1,1221,135,3.433800011407584
calibration,27008,q0,node,0.25,1221,308,2.321799984201789
calibration,27008,q0,node,0.5,1221,586,5.1194000407122076
calibration,27008,q0,node,0.75,1221,900,3.8351999828591943
calibration,27008,q0,node,1.0,1221,1221,4.920499981380999
calibration,27008,q0,edge,0.1,994,12,3.89809999614954
calibration,27008,q0,edge,0.25,994,61,7.18290003715083
calibration,27008,q0,edge,0.5,994,218,5.2334999782033265
calibration,27008,q0,edge,0.75,994,548,5.767399969045073
calibration,27008,q0,edge,1.0,994,994,5.874899972695857
calibration,27008,q1,node,0.1,1234,148,12.043200025800616
calibration,27008,q1,node,0.25,1234,327,3.5940000088885427
calibration,27008,q1,node,0.5,1234,642,3.0648999963887036
calibration,27008,q1,node,0.75,1234,943,3.589099971577525
calibration,27008,q1,node,1.0,1234,1234,2.837599953636527
calibration,27008,q1,edge,0.1,1001,9,2.851800003554672
calibration,27008,q1,edge,0.25,1001,63,3.2881000079214573
calibration,27008,q1,edge,0.5,1001,266,4.783199983648956
calibration,27008,q1,edge,0.75,1001,579,10.24659996619448
calibration,27008,q1,edge,1.0,1001,1001,5.998399981763214
calibration,27008,q2,node,0.1,1802,189,3.3602999756112695
calibration,27008,q2,node,0.25,1802,485,2.6550000184215605
calibration,27008,q2,node,0.5,1802,918,2.916499972343445
calibration,27008,q2,node,0.75,1802,1386,3.423499991185963
calibration,27008,q2,node,1.0,1802,1802,7.433100021444261
calibration,27008,q2,edge,0.1,1497,10,3.246599982958287
calibration,27008,q2,edge,0.25,1497,105,3.9598000003024936
calibration,27008,q2,edge,0.5,1497,391,5.412900005467236
calibration,27008,q2,edge,0.75,1497,858,7.248999958392233
calibration,27008,q2,edge,1.0,1497,1497,12.690400006249547
calibration,27008,q3,node,0.1,4526,498,2.70679994719103
calibration,27008,q3,node,0.25,4526,1187,3.0267999973148108
calibration,27008,q3,node,0.5,4526,2285,4.2877999949269
calibration,27008,q3,node,0.75,4526,3429,4.020799999125302
calibration,27008,q3,node,1.0,4526,4526,9.746900002937764
calibration,27008,q3,edge,0.1,3868,36,5.458700004965067
calibration,27008,q3,edge,0.25,3868,253,7.158100022934377
calibration,27008,q3,edge,0.5,3868,981,18.129999982193112
calibration,27008,q3,edge,0.75,3868,2210,17.45759998448193
calibration,27008,q3,edge,1.0,3868,3868,21.8864000053145
calibration,27008,q4,node,0.1,802,72,2.5551000144332647
calibration,27008,q4,node,0.25,802,196,2.5266000302508473
calibration,27008,q4,node,0.5,802,409,2.943500003311783
calibration,27008,q4,node,0.75,802,611,2.761899959295988
calibration,27008,q4,node,1.0,802,802,3.4551999997347593
calibration,27008,q4,edge,0.1,468,4,2.1164999925531447
calibration,27008,q4,edge,0.25,468,27,5.739099986385554
calibration,27008,q4,edge,0.5,468,119,4.865199967753142
calibration,27008,q4,edge,0.75,468,284,6.811600003857166
calibration,27008,q4,edge,1.0,468,468,5.492499971296638
calibration,27008,q5,node,0.1,786,69,2.1419000113382936
calibration,27008,q5,node,0.25,786,199,2.532699960283935
calibration,27008,q5,node,0.5,786,408,3.1768999760970473
calibration,27008,q5,node,0.75,786,603,6.008600001223385
calibration,27008,q5,node,1.0,786,786,3.04459995822981
calibration,27008,q5,edge,0.1,423,3,2.229899982921779
calibration,27008,q5,edge,0.25,423,24,3.0571999959647655
calibration,27008,q5,edge,0.5,423,112,3.6046000313945115
calibration,27008,q5,edge,0.75,423,240,4.749799962155521
calibration,27008,q5,edge,1.0,423,423,4.248200042638928
calibration,27008,q6,node,0.1,1178,112,2.120500023011118
calibration,27008,q6,node,0.25,1178,280,4.696100018918514
calibration,27008,q6,node,0.5,1178,581,2.7031999779865146
calibration,27008,q6,node,0.75,1178,866,2.930800023023039
calibration,27008,q6,node,1.0,1178,1178,3.793100011534989
calibration,27008,q6,edge,0.1,623,5,2.6631999644450843
calibration,27008,q6,edge,0.25,623,39,2.889600000344217
calibration,27008,q6,edge,0.5,623,142,4.187399987131357
calibration,27008,q6,edge,0.75,623,331,5.916699999943376
calibration,27008,q6,edge,1.0,623,623,10.009600024204701
calibration,27008,q7,node,0.1,2967,275,4.1652999934740365
calibration,27008,q7,node,0.25,2967,723,3.389200021047145
calibration,27008,q7,node,0.5,2967,1488,4.727700026705861
calibration,27008,q7,node,0.75,2967,2223,2.7457000105641782
calibration,27008,q7,node,1.0,2967,2967,9.878800017759204
calibration,27008,q7,edge,0.1,1670,14,3.291600034572184
calibration,27008,q7,edge,0.25,1670,98,4.2418999946676195
calibration,27008,q7,edge,0.5,1670,401,10.464199993293732
calibration,27008,q7,edge,0.75,1670,940,12.407100002747029
calibration,27008,q7,edge,1.0,1670,1670,14.035000000149012
calibration,27009,q0,node,0.1,1221,143,1.749599992763251
calibration,27009,q0,node,0.25,1221,300,2.4363999837078154
calibration,27009,q0,node,0.5,1221,602,5.292599962558597
calibration,27009,q0,node,0.75,1221,912,6.933299999218434
calibration,27009,q0,node,1.0,1221,1221,19.298599974717945
calibration,27009,q0,edge,0.1,994,15,8.209899999201298
calibration,27009,q0,edge,0.25,994,67,6.177900009788573
calibration,27009,q0,edge,0.5,994,258,7.479800027795136
calibration,27009,q0,edge,0.75,994,578,13.141500006895512
calibration,27009,q0,edge,1.0,994,994,16.724699991755188
calibration,27009,q1,node,0.1,1234,107,3.193400043528527
calibration,27009,q1,node,0.25,1234,286,3.0267999973148108
calibration,27009,q1,node,0.5,1234,628,3.633200016338378
calibration,27009,q1,node,0.75,1234,946,6.6760999616235495
calibration,27009,q1,node,1.0,1234,1234,3.4537999890744686
calibration,27009,q1,edge,0.1,1001,11,2.3032999597489834
calibration,27009,q1,edge,0.25,1001,49,3.1716000521555543
calibration,27009,q1,edge,0.5,1001,275,4.6104000066407025
calibration,27009,q1,edge,0.75,1001,592,5.739000043831766
calibration,27009,q1,edge,1.0,1001,1001,7.950100000016391
calibration,27009,q2,node,0.1,1802,172,3.1036000000312924
calibration,27009,q2,node,0.25,1802,467,2.370899950619787
calibration,27009,q2,node,0.5,1802,938,3.182100015692413
calibration,27009,q2,node,0.75,1802,1360,3.3357000211253762
calibration,27009,q2,node,1.0,1802,1802,3.4126000246033072
calibration,27009,q2,edge,0.1,1497,12,2.3751999833621085
calibration,27009,q2,edge,0.25,1497,104,3.357800014782697
calibration,27009,q2,edge,0.5,1497,410,9.985800017602742
calibration,27009,q2,edge,0.75,1497,859,8.812699990812689
calibration,27009,q2,edge,1.0,1497,1497,7.8782999771647155
calibration,27009,q3,node,0.1,4526,448,2.205600030720234
calibration,27009,q3,node,0.25,4526,1116,3.714499995112419
calibration,27009,q3,node,0.5,4526,2296,5.5751000181771815
calibration,27009,q3,node,0.75,4526,3426,4.488700011279434
calibration,27009,q3,node,1.0,4526,4526,8.394200005568564
calibration,27009,q3,edge,0.1,3868,39,3.633800020907074
calibration,27009,q3,edge,0.25,3868,232,5.814799980726093
calibration,27009,q3,edge,0.5,3868,1027,14.798100048210472
calibration,27009,q3,edge,0.75,3868,2227,24.800900020636618
calibration,27009,q3,edge,1.0,3868,3868,47.33429994666949
calibration,27009,q4,node,0.1,802,73,18.479700025636703
calibration,27009,q4,node,0.25,802,185,10.695900011342019
calibration,27009,q4,node,0.5,802,391,5.46710001071915
calibration,27009,q4,node,0.75,802,603,7.580900040920824
calibration,27009,q4,node,1.0,802,802,7.562899962067604
calibration,27009,q4,edge,0.1,468,0,5.709099990781397
calibration,27009,q4,edge,0.25,468,17,7.4269999749958515
calibration,27009,q4,edge,0.5,468,111,8.846900018397719
calibration,27009,q4,edge,0.75,468,257,12.833999993745238
calibration,27009,q4,edge,1.0,468,468,11.779699998442084
calibration,27009,q5,node,0.1,786,72,5.773999961093068
calibration,27009,q5,node,0.25,786,197,6.666600005701184
calibration,27009,q5,node,0.5,786,404,7.287600019481033
calibration,27009,q5,node,0.75,786,599,6.906200025696307
calibration,27009,q5,node,1.0,786,786,7.946200028527528
calibration,27009,q5,edge,0.1,423,4,7.732299971394241
calibration,27009,q5,edge,0.25,423,23,7.341800024732947
calibration,27009,q5,edge,0.5,423,94,8.602699963375926
calibration,27009,q5,edge,0.75,423,241,10.921599983703345
calibration,27009,q5,edge,1.0,423,423,11.390400002710521
calibration,27009,q6,node,0.1,1178,107,5.308900028467178
calibration,27009,q6,node,0.25,1178,276,7.784200017340481
calibration,27009,q6,node,0.5,1178,565,8.457799965981394
calibration,27009,q6,node,0.75,1178,882,8.774299989454448
calibration,27009,q6,node,1.0,1178,1178,13.095200003590435
calibration,27009,q6,edge,0.1,623,4,5.727599957026541
calibration,27009,q6,edge,0.25,623,34,8.317400002852082
calibration,27009,q6,edge,0.5,623,135,10.817600006703287
calibration,27009,q6,edge,0.75,623,358,10.715599986724555
calibration,27009,q6,edge,1.0,623,623,11.75790000706911
calibration,27009,q7,node,0.1,2967,272,3.334200009703636
calibration,27009,q7,node,0.25,2967,715,5.8166999951936305
calibration,27009,q7,node,0.5,2967,1454,3.7179000210016966
calibration,27009,q7,node,0.75,2967,2234,4.518100002314895
calibration,27009,q7,node,1.0,2967,2967,11.549999995622784
calibration,27009,q7,edge,0.1,1670,9,6.312600045930594
calibration,27009,q7,edge,0.25,1670,79,9.843999985605478
calibration,27009,q7,edge,0.5,1670,371,13.245699985418469
calibration,27009,q7,edge,0.75,1670,938,13.612199982162565
calibration,27009,q7,edge,1.0,1670,1670,28.88810000149533
calibration,27010,q0,node,0.1,1221,102,6.297799991443753
calibration,27010,q0,node,0.25,1221,287,8.038399973884225
calibration,27010,q0,node,0.5,1221,596,11.421300005167723
calibration,27010,q0,node,0.75,1221,913,9.670300001744181
calibration,27010,q0,node,1.0,1221,1221,9.749800025019795
calibration,27010,q0,edge,0.1,994,7,7.254399999510497
calibration,27010,q0,edge,0.25,994,46,8.588599972426891
calibration,27010,q0,edge,0.5,994,240,10.132300027180463
calibration,27010,q0,edge,0.75,994,555,13.723300013225526
calibration,27010,q0,edge,1.0,994,994,14.490399975329638
calibration,27010,q1,node,0.1,1234,131,6.620100000873208
calibration,27010,q1,node,0.25,1234,306,6.586100033018738
calibration,27010,q1,node,0.5,1234,588,7.89389997953549
calibration,27010,q1,node,0.75,1234,943,9.619400021620095
calibration,27010,q1,node,1.0,1234,1234,9.658800030592829
calibration,27010,q1,edge,0.1,1001,10,6.479799980297685
calibration,27010,q1,edge,0.25,1001,58,13.756600033957511
calibration,27010,q1,edge,0.5,1001,230,19.180399947799742
calibration,27010,q1,edge,0.75,1001,567,14.95829998748377
calibration,27010,q1,edge,1.0,1001,1001,6.51159998960793
calibration,27010,q2,node,0.1,1802,181,2.6869000284932554
calibration,27010,q2,node,0.25,1802,432,2.907399961259216
calibration,27010,q2,node,0.5,1802,895,3.23740002932027
calibration,27010,q2,node,0.75,1802,1334,4.471799999009818
calibration,27010,q2,node,1.0,1802,1802,5.586699990089983
calibration,27010,q2,edge,0.1,1497,20,3.1017999863252044
calibration,27010,q2,edge,0.25,1497,94,3.9670999976806343
calibration,27010,q2,edge,0.5,1497,389,5.38709998363629
calibration,27010,q2,edge,0.75,1497,838,7.486500020604581
calibration,27010,q2,edge,1.0,1497,1497,10.783199977595359
calibration,27010,q3,node,0.1,4526,444,2.7083000168204308
calibration,27010,q3,node,0.25,4526,1092,2.522399998269975
calibration,27010,q3,node,0.5,4526,2218,3.4562000073492527
calibration,27010,q3,node,0.75,4526,3384,4.10989997908473
calibration,27010,q3,node,1.0,4526,4526,6.507700018119067
calibration,27010,q3,edge,0.1,3868,38,5.794900003820658
calibration,27010,q3,edge,0.25,3868,214,6.679699989035726
calibration,27010,q3,edge,0.5,3868,950,11.86040003085509
calibration,27010,q3,edge,0.75,3868,2157,17.61749997967854
calibration,27010,q3,edge,1.0,3868,3868,19.890099996700883
calibration,27010,q4,node,0.1,802,75,6.457099982071668
calibration,27010,q4,node,0.25,802,205,2.619300037622452
calibration,27010,q4,node,0.5,802,402,2.7975999983027577
calibration,27010,q4,node,0.75,802,594,2.8540000203065574
calibration,27010,q4,node,1.0,802,802,3.0930000357329845
calibration,27010,q4,edge,0.1,468,1,2.057700010482222
calibration,27010,q4,edge,0.25,468,23,2.924499975051731
calibration,27010,q4,edge,0.5,468,117,4.670399997849017
calibration,27010,q4,edge,0.75,468,254,11.702199990395457
calibration,27010,q4,edge,1.0,468,468,7.7463999623432755
calibration,27010,q5,node,0.1,786,81,2.5944000226445496
calibration,27010,q5,node,0.25,786,203,3.0524000176228583
calibration,27010,q5,node,0.5,786,410,5.777200043667108
calibration,27010,q5,node,0.75,786,601,7.950200000777841
calibration,27010,q5,node,1.0,786,786,4.714100039564073
calibration,27010,q5,edge,0.1,423,5,5.216500023379922
calibration,27010,q5,edge,0.25,423,25,5.437100015114993
calibration,27010,q5,edge,0.5,423,105,7.448500022292137
calibration,27010,q5,edge,0.75,423,232,10.96980000147596
calibration,27010,q5,edge,1.0,423,423,5.903300014324486
calibration,27010,q6,node,0.1,1178,131,2.2089999984018505
calibration,27010,q6,node,0.25,1178,320,2.017499995417893
calibration,27010,q6,node,0.5,1178,613,2.8238999657332897
calibration,27010,q6,node,0.75,1178,878,2.665799984242767
calibration,27010,q6,node,1.0,1178,1178,4.558400018140674
calibration,27010,q6,edge,0.1,623,6,6.556799984537065
calibration,27010,q6,edge,0.25,623,45,4.509899998083711
calibration,27010,q6,edge,0.5,623,178,5.120799993164837
calibration,27010,q6,edge,0.75,623,344,6.97089999448508
calibration,27010,q6,edge,1.0,623,623,6.947799993213266
calibration,27010,q7,node,0.1,2967,307,2.6787000242620707
calibration,27010,q7,node,0.25,2967,775,2.807400014717132
calibration,27010,q7,node,0.5,2967,1526,3.326100006233901
calibration,27010,q7,node,0.75,2967,2228,4.81820001732558
calibration,27010,q7,node,1.0,2967,2967,9.791499993298203
calibration,27010,q7,edge,0.1,1670,13,4.265199997462332
calibration,27010,q7,edge,0.25,1670,106,8.993900031782687
calibration,27010,q7,edge,0.5,1670,440,7.084899989422411
calibration,27010,q7,edge,0.75,1670,926,8.144700026605278
calibration,27010,q7,edge,1.0,1670,1670,17.60729996021837
calibration,27011,q0,node,0.1,1221,142,5.939799943007529
calibration,27011,q0,node,0.25,1221,319,3.894900029990822
calibration,27011,q0,node,0.5,1221,603,7.5718999723903835
calibration,27011,q0,node,0.75,1221,921,9.030899964272976
calibration,27011,q0,node,1.0,1221,1221,11.126200028229505
calibration,27011,q0,edge,0.1,994,20,5.217800033278763
calibration,27011,q0,edge,0.25,994,85,5.1367999985814095
calibration,27011,q0,edge,0.5,994,250,8.05420003598556
calibration,27011,q0,edge,0.75,994,573,12.081600027158856
calibration,27011,q0,edge,1.0,994,994,6.980500009376556
calibration,27011,q1,node,0.1,1234,120,3.147900046315044
calibration,27011,q1,node,0.25,1234,323,4.463099990971386
calibration,27011,q1,node,0.5,1234,613,5.314700014423579
calibration,27011,q1,node,0.75,1234,926,8.346399990841746
calibration,27011,q1,node,1.0,1234,1234,3.2964000129140913
calibration,27011,q1,edge,0.1,1001,10,3.2796000014059246
calibration,27011,q1,edge,0.25,1001,61,3.7534000002779067
calibration,27011,q1,edge,0.5,1001,236,4.588700016029179
calibration,27011,q1,edge,0.75,1001,567,6.7817000090144575
calibration,27011,q1,edge,1.0,1001,1001,9.317700052633882
calibration,27011,q2,node,0.1,1802,187,2.3238000576384366
calibration,27011,q2,node,0.25,1802,456,2.4914999958127737
calibration,27011,q2,node,0.5,1802,928,3.940700029488653
calibration,27011,q2,node,0.75,1802,1344,3.739900013897568
calibration,27011,q2,node,1.0,1802,1802,3.704999980982393
calibration,27011,q2,edge,0.1,1497,11,3.563899954315275
calibration,27011,q2,edge,0.25,1497,93,6.578699976671487
calibration,27011,q2,edge,0.5,1497,374,6.0609999927692115
calibration,27011,q2,edge,0.75,1497,807,7.41690001450479
calibration,27011,q2,edge,1.0,1497,1497,8.641400025226176
calibration,27011,q3,node,0.1,4526,471,4.797799978405237
calibration,27011,q3,node,0.25,4526,1161,2.8802999877370894
calibration,27011,q3,node,0.5,4526,2283,4.515900043770671
calibration,27011,q3,node,0.75,4526,3398,5.978800007142127
calibration,27011,q3,node,1.0,4526,4526,8.410000009462237
calibration,27011,q3,edge,0.1,3868,44,7.90150003740564
calibration,27011,q3,edge,0.25,3868,261,6.740000040736049
calibration,27011,q3,edge,0.5,3868,953,9.083099954295903
calibration,27011,q3,edge,0.75,3868,2160,15.937899996060878
calibration,27011,q3,edge,1.0,3868,3868,17.52320001833141
calibration,27011,q4,node,0.1,802,67,2.2329000057652593
calibration,27011,q4,node,0.25,802,179,2.1801000111736357
calibration,27011,q4,node,0.5,802,396,4.691799986176193
calibration,27011,q4,node,0.75,802,589,4.567399970255792
calibration,27011,q4,node,1.0,802,802,2.689199987798929
calibration,27011,q4,edge,0.1,468,0,2.0724000059999526
calibration,27011,q4,edge,0.25,468,21,2.859200001694262
calibration,27011,q4,edge,0.5,468,118,3.682799986563623
calibration,27011,q4,edge,0.75,468,241,4.078600031789392
calibration,27011,q4,edge,1.0,468,468,4.891299991868436
calibration,27011,q5,node,0.1,786,85,4.2563999886624515
calibration,27011,q5,node,0.25,786,202,3.9296000031754375
calibration,27011,q5,node,0.5,786,404,3.6370999878272414
calibration,27011,q5,node,0.75,786,597,2.96180002624169
calibration,27011,q5,node,1.0,786,786,3.272300004027784
calibration,27011,q5,edge,0.1,423,7,2.236099971923977
calibration,27011,q5,edge,0.25,423,29,2.75719998171553
calibration,27011,q5,edge,0.5,423,97,3.547400003299117
calibration,27011,q5,edge,0.75,423,225,8.980399987194687
calibration,27011,q5,edge,1.0,423,423,5.881900025997311
calibration,27011,q6,node,0.1,1178,107,2.3484999546781182
calibration,27011,q6,node,0.25,1178,287,2.046799985691905
calibration,27011,q6,node,0.5,1178,603,2.5687000015750527
calibration,27011,q6,node,0.75,1178,872,2.8859999729320407
calibration,27011,q6,node,1.0,1178,1178,3.6607999936677516
calibration,27011,q6,edge,0.1,623,11,3.8730999804101884
calibration,27011,q6,edge,0.25,623,46,5.75170002412051
calibration,27011,q6,edge,0.5,623,165,5.3931999718770385
calibration,27011,q6,edge,0.75,623,337,5.3934999741613865
calibration,27011,q6,edge,1.0,623,623,5.8797000092454255
calibration,27011,q7,node,0.1,2967,285,2.0299999741837382
calibration,27011,q7,node,0.25,2967,719,3.0075000249780715
calibration,27011,q7,node,0.5,2967,1492,6.72499998472631
calibration,27011,q7,node,0.75,2967,2203,4.296500002965331
calibration,27011,q7,node,1.0,2967,2967,7.017299998551607
calibration,27011,q7,edge,0.1,1670,20,2.788199984934181
calibration,27011,q7,edge,0.25,1670,109,5.2501000463962555
calibration,27011,q7,edge,0.5,1670,421,10.506500024348497
calibration,27011,q7,edge,0.75,1670,892,9.941400028765202
calibration,27011,q7,edge,1.0,1670,1670,12.005800032056868
calibration,27012,q0,node,0.1,1221,133,4.862100002355874
calibration,27012,q0,node,0.25,1221,322,5.91760000679642
calibration,27012,q0,node,0.5,1221,637,6.920500018168241
calibration,27012,q0,node,0.75,1221,923,8.438700053375214
calibration,27012,q0,node,1.0,1221,1221,10.197499999776483
calibration,27012,q0,edge,0.1,994,9,7.727400050498545
calibration,27012,q0,edge,0.25,994,70,10.02470002276823
calibration,27012,q0,edge,0.5,994,256,12.033800012432039
calibration,27012,q0,edge,0.75,994,570,17.256499966606498
calibration,27012,q0,edge,1.0,994,994,15.516999992541969
calibration,27012,q1,node,0.1,1234,99,6.990599969867617
calibration,27012,q1,node,0.25,1234,267,4.629399976693094
calibration,27012,q1,node,0.5,1234,593,6.435499992221594
calibration,27012,q1,node,0.75,1234,897,9.225499990861863
calibration,27012,q1,node,1.0,1234,1234,8.784700010437518
calibration,27012,q1,edge,0.1,1001,3,6.952700030524284
calibration,27012,q1,edge,0.25,1001,50,9.022400015965104
calibration,27012,q1,edge,0.5,1001,250,14.033099985681474
calibration,27012,q1,edge,0.75,1001,524,15.871500014327466
calibration,27012,q1,edge,1.0,1001,1001,17.992899985983968
calibration,27012,q2,node,0.1,1802,170,7.112100021913648
calibration,27012,q2,node,0.25,1802,460,7.701099966652691
calibration,27012,q2,node,0.5,1802,918,9.632300003431737
calibration,27012,q2,node,0.75,1802,1356,8.572999970056117
calibration,27012,q2,node,1.0,1802,1802,8.102399995550513
calibration,27012,q2,edge,0.1,1497,21,5.738599982578307
calibration,27012,q2,edge,0.25,1497,101,9.497700026258826
calibration,27012,q2,edge,0.5,1497,397,13.53449997259304
calibration,27012,q2,edge,0.75,1497,850,21.523900039028376
calibration,27012,q2,edge,1.0,1497,1497,17.90520001668483
calibration,27012,q3,node,0.1,4526,422,5.618900002446026
calibration,27012,q3,node,0.25,4526,1104,6.623299967031926
calibration,27012,q3,node,0.5,4526,2267,7.9283000086434186
calibration,27012,q3,node,0.75,4526,3380,11.946799990255386
calibration,27012,q3,node,1.0,4526,4526,17.80030003283173
calibration,27012,q3,edge,0.1,3868,36,10.373299999628216
calibration,27012,q3,edge,0.25,3868,237,13.385300000663847
calibration,27012,q3,edge,0.5,3868,980,24.43190000485629
calibration,27012,q3,edge,0.75,3868,2149,31.240299984347075
calibration,27012,q3,edge,1.0,3868,3868,44.966000015847385
calibration,27012,q4,node,0.1,802,79,6.2300999998115
calibration,27012,q4,node,0.25,802,199,5.2906000055372715
calibration,27012,q4,node,0.5,802,397,5.976899992674589
calibration,27012,q4,node,0.75,802,604,6.567200005520135
calibration,27012,q4,node,1.0,802,802,9.055400034412742
calibration,27012,q4,edge,0.1,468,3,8.804999990388751
calibration,27012,q4,edge,0.25,468,30,7.4142999947071075
calibration,27012,q4,edge,0.5,468,112,11.041799967642874
calibration,27012,q4,edge,0.75,468,276,15.040300029795617
calibration,27012,q4,edge,1.0,468,468,12.578000023495406
calibration,27012,q5,node,0.1,786,68,7.107699988409877
calibration,27012,q5,node,0.25,786,191,5.371499981265515
calibration,27012,q5,node,0.5,786,393,7.398000045213848
calibration,27012,q5,node,0.75,786,585,8.009099983610213
calibration,27012,q5,node,1.0,786,786,9.58449998870492
calibration,27012,q5,edge,0.1,423,1,6.071300012990832
calibration,27012,q5,edge,0.25,423,15,7.357299968134612
calibration,27012,q5,edge,0.5,423,92,11.093100009020418
calibration,27012,q5,edge,0.75,423,219,12.328099983278662
calibration,27012,q5,edge,1.0,423,423,11.954699992202222
calibration,27012,q6,node,0.1,1178,106,8.211400010623038
calibration,27012,q6,node,0.25,1178,281,6.563699978869408
calibration,27012,q6,node,0.5,1178,575,6.5125999972224236
calibration,27012,q6,node,0.75,1178,870,8.148299995809793
calibration,27012,q6,node,1.0,1178,1178,12.136600038502365
calibration,27012,q6,edge,0.1,623,6,7.180799962952733
calibration,27012,q6,edge,0.25,623,34,6.998899974860251
calibration,27012,q6,edge,0.5,623,168,6.056199956219643
calibration,27012,q6,edge,0.75,623,365,10.964100016281009
calibration,27012,q6,edge,1.0,623,623,11.381999996956438
calibration,27012,q7,node,0.1,2967,274,7.876800023950636
calibration,27012,q7,node,0.25,2967,727,5.871700006537139
calibration,27012,q7,node,0.5,2967,1459,6.028499978128821
calibration,27012,q7,node,0.75,2967,2206,9.397400019224733
calibration,27012,q7,node,1.0,2967,2967,19.54389997990802
calibration,27012,q7,edge,0.1,1670,13,7.508999959100038
calibration,27012,q7,edge,0.25,1670,90,9.001399972476065
calibration,27012,q7,edge,0.5,1670,404,8.077199978288263
calibration,27012,q7,edge,0.75,1670,949,9.151499951258302
calibration,27012,q7,edge,1.0,1670,1670,19.540400011464953
calibration,27013,q0,node,0.1,1221,106,4.928199981804937
calibration,27013,q0,node,0.25,1221,285,3.6365000414662063
calibration,27013,q0,node,0.5,1221,620,3.3109000069089234
calibration,27013,q0,node,0.75,1221,917,6.277200009208173
calibration,27013,q0,node,1.0,1221,1221,7.28070002514869
calibration,27013,q0,edge,0.1,994,13,5.245700012892485
calibration,27013,q0,edge,0.25,994,59,5.7277000159956515
calibration,27013,q0,edge,0.5,994,246,10.198500007390976
calibration,27013,q0,edge,0.75,994,562,13.516000006347895
calibration,27013,q0,edge,1.0,994,994,9.522999986074865
calibration,27013,q1,node,0.1,1234,124,3.42399999499321
calibration,27013,q1,node,0.25,1234,324,4.90860000718385
calibration,27013,q1,node,0.5,1234,603,7.134800020139664
calibration,27013,q1,node,0.75,1234,913,8.228400023654103
calibration,27013,q1,node,1.0,1234,1234,3.714199992828071
calibration,27013,q1,edge,0.1,1001,8,4.1179999825544655
calibration,27013,q1,edge,0.25,1001,61,4.852100042626262
calibration,27013,q1,edge,0.5,1001,239,7.064700010232627
calibration,27013,q1,edge,0.75,1001,552,11.29130000481382
calibration,27013,q1,edge,1.0,1001,1001,6.515599961858243
calibration,27013,q2,node,0.1,1802,185,2.405300037935376
calibration,27013,q2,node,0.25,1802,446,2.438900002744049
calibration,27013,q2,node,0.5,1802,898,3.194199991412461
calibration,27013,q2,node,0.75,1802,1326,3.8087000139057636
calibration,27013,q2,node,1.0,1802,1802,6.983500032220036
calibration,27013,q2,edge,0.1,1497,13,3.454499994404614
calibration,27013,q2,edge,0.25,1497,95,4.206499957945198
calibration,27013,q2,edge,0.5,1497,381,5.477000027894974
calibration,27013,q2,edge,0.75,1497,815,9.735200030263513
calibration,27013,q2,edge,1.0,1497,1497,12.275299988687038
calibration,27013,q3,node,0.1,4526,439,2.545700001064688
calibration,27013,q3,node,0.25,4526,1114,2.186700003221631
calibration,27013,q3,node,0.5,4526,2238,2.6900999946519732
calibration,27013,q3,node,0.75,4526,3344,3.4981000353582203
calibration,27013,q3,node,1.0,4526,4526,6.426600040867925
calibration,27013,q3,edge,0.1,3868,36,8.341800014022738
calibration,27013,q3,edge,0.25,3868,240,5.903800018131733
calibration,27013,q3,edge,0.5,3868,948,11.624999984633178
calibration,27013,q3,edge,0.75,3868,2129,17.18949998030439
calibration,27013,q3,edge,1.0,3868,3868,12.398199993185699
calibration,27013,q4,node,0.1,802,95,1.5317000215873122
calibration,27013,q4,node,0.25,802,215,1.4576000394299626
calibration,27013,q4,node,0.5,802,425,1.604699995368719
calibration,27013,q4,node,0.75,802,622,3.63290001405403
calibration,27013,q4,node,1.0,802,802,6.085500004701316
calibration,27013,q4,edge,0.1,468,11,5.4166000336408615
calibration,27013,q4,edge,0.25,468,33,6.5608000149950385
calibration,27013,q4,edge,0.5,468,128,6.689200003165752
calibration,27013,q4,edge,0.75,468,280,10.339699976611882
calibration,27013,q4,edge,1.0,468,468,6.729899963829666
calibration,27013,q5,node,0.1,786,70,2.7292000013403594
calibration,27013,q5,node,0.25,786,189,2.2219999809749424
calibration,27013,q5,node,0.5,786,377,2.578300016466528
calibration,27013,q5,node,0.75,786,580,2.694200025871396
calibration,27013,q5,node,1.0,786,786,5.122000002302229
calibration,27013,q5,edge,0.1,423,1,5.018299969378859
calibration,27013,q5,edge,0.25,423,19,2.9895000043325126
calibration,27013,q5,edge,0.5,423,96,4.389100009575486
calibration,27013,q5,edge,0.75,423,225,4.942999978084117
calibration,27013,q5,edge,1.0,423,423,4.285500035621226
calibration,27013,q6,node,0.1,1178,102,2.2722999565303326
calibration,27013,q6,node,0.25,1178,296,2.826399984769523
calibration,27013,q6,node,0.5,1178,578,6.628399947658181
calibration,27013,q6,node,0.75,1178,886,4.061400017235428
calibration,27013,q6,node,1.0,1178,1178,9.598100034054369
calibration,27013,q6,edge,0.1,623,1,3.3302000374533236
calibration,27013,q6,edge,0.25,623,46,3.309599997010082
calibration,27013,q6,edge,0.5,623,172,8.27910000225529
calibration,27013,q6,edge,0.75,623,351,6.922000029589981
calibration,27013,q6,edge,1.0,623,623,6.130699999630451
calibration,27013,q7,node,0.1,2967,283,3.3882000134326518
calibration,27013,q7,node,0.25,2967,751,3.7634000182151794
calibration,27013,q7,node,0.5,2967,1482,4.314300022087991
calibration,27013,q7,node,0.75,2967,2236,4.00469999294728
calibration,27013,q7,node,1.0,2967,2967,11.006999993696809
calibration,27013,q7,edge,0.1,1670,16,7.199699990451336
calibration,27013,q7,edge,0.25,1670,108,9.624700003769249
calibration,27013,q7,edge,0.5,1670,431,16.11699996283278
calibration,27013,q7,edge,0.75,1670,934,20.196500001475215
calibration,27013,q7,edge,1.0,1670,1670,33.695500052999705
calibration,27014,q0,node,0.1,1221,124,3.7828999920748174
calibration,27014,q0,node,0.25,1221,310,2.526499971281737
calibration,27014,q0,node,0.5,1221,609,3.1260999967344105
calibration,27014,q0,node,0.75,1221,925,3.5655000247061253
calibration,27014,q0,node,1.0,1221,1221,3.7589999847114086
calibration,27014,q0,edge,0.1,994,11,2.3803000221960247
calibration,27014,q0,edge,0.25,994,71,3.439100051764399
calibration,27014,q0,edge,0.5,994,254,6.156900024507195
calibration,27014,q0,edge,0.75,994,534,9.740199951920658
calibration,27014,q0,edge,1.0,994,994,8.721699996385723
calibration,27014,q1,node,0.1,1234,134,3.666199976578355
calibration,27014,q1,node,0.25,1234,312,4.623799992259592
calibration,27014,q1,node,0.5,1234,620,8.328500029165298
calibration,27014,q1,node,0.75,1234,934,6.364599976222962
calibration,27014,q1,node,1.0,1234,1234,4.229300015140325
calibration,27014,q1,edge,0.1,1001,14,3.3721000072546303
calibration,27014,q1,edge,0.25,1001,76,4.959599988069385
calibration,27014,q1,edge,0.5,1001,239,9.20819997554645
calibration,27014,q1,edge,0.75,1001,568,7.798600010573864
calibration,27014,q1,edge,1.0,1001,1001,6.1437999829649925
calibration,27014,q2,node,0.1,1802,178,2.337799989618361
calibration,27014,q2,node,0.25,1802,463,2.4317000061273575
calibration,27014,q2,node,0.5,1802,924,5.989400029648095
calibration,27014,q2,node,0.75,1802,1356,4.61669999640435
calibration,27014,q2,node,1.0,1802,1802,3.586700011510402
calibration,27014,q2,edge,0.1,1497,17,2.6332999696023762
calibration,27014,q2,edge,0.25,1497,100,3.9805000415071845
calibration,27014,q2,edge,0.5,1497,398,6.277900014538318
calibration,27014,q2,edge,0.75,1497,846,11.579699988942593
calibration,27014,q2,edge,1.0,1497,1497,9.597499971278012
calibration,27014,q3,node,0.1,4526,464,2.768100006505847
calibration,27014,q3,node,0.25,4526,1154,2.609299961477518
calibration,27014,q3,node,0.5,4526,2282,2.7764999540522695
calibration,27014,q3,node,0.75,4526,3412,4.257699998561293
calibration,27014,q3,node,1.0,4526,4526,10.206100007053465
calibration,27014,q3,edge,0.1,3868,43,4.5758000342175364
calibration,27014,q3,edge,0.25,3868,260,5.198600003495812
calibration,27014,q3,edge,0.5,3868,972,8.824999968055636
calibration,27014,q3,edge,0.75,3868,2143,16.772200004197657
calibration,27014,q3,edge,1.0,3868,3868,20.03130002412945
calibration,27014,q4,node,0.1,802,71,3.2235999824479222
calibration,27014,q4,node,0.25,802,199,2.1708999993279576
calibration,27014,q4,node,0.5,802,423,4.33959998190403
calibration,27014,q4,node,0.75,802,618,2.876299957279116
calibration,27014,q4,node,1.0,802,802,2.657499979250133
calibration,27014,q4,edge,0.1,468,3,2.0163999870419502
calibration,27014,q4,edge,0.25,468,30,2.6515000499784946
calibration,27014,q4,edge,0.5,468,128,3.91740002669394
calibration,27014,q4,edge,0.75,468,287,8.36380000691861
calibration,27014,q4,edge,1.0,468,468,5.852899979799986
calibration,27014,q5,node,0.1,786,69,2.166799968108535
calibration,27014,q5,node,0.25,786,181,1.900400035083294
calibration,27014,q5,node,0.5,786,372,2.58540001232177
calibration,27014,q5,node,0.75,786,577,3.047900041565299
calibration,27014,q5,node,1.0,786,786,3.499399987049401
calibration,27014,q5,edge,0.1,423,2,3.400399989914149
calibration,27014,q5,edge,0.25,423,17,6.641499989200383
calibration,27014,q5,edge,0.5,423,85,4.220400005578995
calibration,27014,q5,edge,0.75,423,222,4.614899982698262
calibration,27014,q5,edge,1.0,423,423,4.879600019194186
calibration,27014,q6,node,0.1,1178,130,2.285800001118332
calibration,27014,q6,node,0.25,1178,323,2.09500000346452
calibration,27014,q6,node,0.5,1178,622,3.0684000230394304
calibration,27014,q6,node,0.75,1178,897,7.9487000475637615
calibration,27014,q6,node,1.0,1178,1178,4.236800014041364
calibration,27014,q6,edge,0.1,623,15,2.5693000061437488
calibration,27014,q6,edge,0.25,623,50,3.199600032530725
calibration,27014,q6,edge,0.5,623,172,5.359100003261119
calibration,27014,q6,edge,0.75,623,358,9.512199962045997
calibration,27014,q6,edge,1.0,623,623,10.382299951743335
calibration,27014,q7,node,0.1,2967,290,4.3944999924860895
calibration,27014,q7,node,0.25,2967,755,2.5895999860949814
calibration,27014,q7,node,0.5,2967,1515,2.898499951697886
calibration,27014,q7,node,0.75,2967,2243,3.631600004155189
calibration,27014,q7,node,1.0,2967,2967,10.421100014355034
calibration,27014,q7,edge,0.1,1670,21,3.8006000104360282
calibration,27014,q7,edge,0.25,1670,106,4.691899986937642
calibration,27014,q7,edge,0.5,1670,425,6.12350000301376
calibration,27014,q7,edge,0.75,1670,954,9.609899949282408
calibration,27014,q7,edge,1.0,1670,1670,15.024299966171384
calibration,27015,q0,node,0.1,1221,124,3.249199944548309
calibration,27015,q0,node,0.25,1221,300,2.9263999895192683
calibration,27015,q0,node,0.5,1221,619,3.3145000343210995
calibration,27015,q0,node,0.75,1221,920,3.8188000326044858
calibration,27015,q0,node,1.0,1221,1221,3.97209997754544
calibration,27015,q0,edge,0.1,994,8,3.3765999833121896
calibration,27015,q0,edge,0.25,994,61,6.6772999707609415
calibration,27015,q0,edge,0.5,994,243,5.119799985550344
calibration,27015,q0,edge,0.75,994,559,7.484000001568347
calibration,27015,q0,edge,1.0,994,994,5.570199980866164
calibration,27015,q1,node,0.1,1234,112,4.6746000298298895
calibration,27015,q1,node,0.25,1234,296,5.243699997663498
calibration,27015,q1,node,0.5,1234,609,3.275300026871264
calibration,27015,q1,node,0.75,1234,917,3.493299998808652
calibration,27015,q1,node,1.0,1234,1234,2.9900999506935477
calibration,27015,q1,edge,0.1,1001,9,2.439300005789846
calibration,27015,q1,edge,0.25,1001,60,3.187499998603016
calibration,27015,q1,edge,0.5,1001,254,4.964599967934191
calibration,27015,q1,edge,0.75,1001,570,11.196100036613643
calibration,27015,q1,edge,1.0,1001,1001,7.7815999975427985
calibration,27015,q2,node,0.1,1802,214,2.8096999740228057
calibration,27015,q2,node,0.25,1802,466,3.4351000213064253
calibration,27015,q2,node,0.5,1802,925,5.405500007327646
calibration,27015,q2,node,0.75,1802,1340,7.549799978733063
calibration,27015,q2,node,1.0,1802,1802,6.057199963834137
calibration,27015,q2,edge,0.1,1497,18,3.142200002912432
calibration,27015,q2,edge,0.25,1497,98,3.686100011691451
calibration,27015,q2,edge,0.5,1497,374,5.420800007414073
calibration,27015,q2,edge,0.75,1497,813,12.42019998608157
calibration,27015,q2,edge,1.0,1497,1497,9.486499999184161
calibration,27015,q3,node,0.1,4526,473,2.999399963300675
calibration,27015,q3,node,0.25,4526,1117,3.4998999908566475
calibration,27015,q3,node,0.5,4526,2276,3.117999993264675
calibration,27015,q3,node,0.75,4526,3367,6.680199992842972
calibration,27015,q3,node,1.0,4526,4526,9.776399994734675
calibration,27015,q3,edge,0.1,3868,36,3.8245999603532255
calibration,27015,q3,edge,0.25,3868,242,5.433499987702817
calibration,27015,q3,edge,0.5,3868,955,12.588199984747916
calibration,27015,q3,edge,0.75,3868,2144,14.707499998621643
calibration,27015,q3,edge,1.0,3868,3868,23.416200012434274
calibration,27015,q4,node,0.1,802,76,2.739100018516183
calibration,27015,q4,node,0.25,802,208,2.1294999751262367
calibration,27015,q4,node,0.5,802,402,9.342100005596876
calibration,27015,q4,node,0.75,802,588,3.078899986576289
calibration,27015,q4,node,1.0,802,802,3.5352999693714082
calibration,27015,q4,edge,0.1,468,3,5.161400011274964
calibration,27015,q4,edge,0.25,468,22,3.2263000030070543
calibration,27015,q4,edge,0.5,468,111,3.4284000284969807
calibration,27015,q4,edge,0.75,468,242,4.44469996728003
calibration,27015,q4,edge,1.0,468,468,4.821499984245747
calibration,27015,q5,node,0.1,786,72,1.9048000103794038
calibration,27015,q5,node,0.25,786,190,2.4212999851442873
calibration,27015,q5,node,0.5,786,380,4.950400034431368
calibration,27015,q5,node,0.75,786,590,4.6036000130698085
calibration,27015,q5,node,1.0,786,786,3.1151999719440937
calibration,27015,q5,edge,0.1,423,2,2.3939000093378127
calibration,27015,q5,edge,0.25,423,18,2.6420000358484685
calibration,27015,q5,edge,0.5,423,110,3.3491000067442656
calibration,27015,q5,edge,0.75,423,246,4.360700026154518
calibration,27015,q5,edge,1.0,423,423,5.6238999823108315
calibration,27015,q6,node,0.1,1178,122,5.241599981673062
calibration,27015,q6,node,0.25,1178,293,3.3789000008255243
calibration,27015,q6,node,0.5,1178,619,4.308300034608692
calibration,27015,q6,node,0.75,1178,902,4.038300015963614
calibration,27015,q6,node,1.0,1178,1178,3.9606000063940883
calibration,27015,q6,edge,0.1,623,9,2.648700028657913
calibration,27015,q6,edge,0.25,623,46,3.4468999947421253
calibration,27015,q6,edge,0.5,623,190,7.017500000074506
calibration,27015,q6,edge,0.75,623,372,6.881200009956956
calibration,27015,q6,edge,1.0,623,623,6.361100007779896
calibration,27015,q7,node,0.1,2967,287,2.3495000205002725
calibration,27015,q7,node,0.25,2967,744,1.9783000461757183
calibration,27015,q7,node,0.5,2967,1501,2.3173000081442297
calibration,27015,q7,node,0.75,2967,2235,3.035200003068894
calibration,27015,q7,node,1.0,2967,2967,10.852199979126453
calibration,27015,q7,edge,0.1,1670,15,3.3384000416845083
calibration,27015,q7,edge,0.25,1670,95,4.105700005311519
calibration,27015,q7,edge,0.5,1670,446,5.691900034435093
calibration,27015,q7,edge,0.75,1670,949,11.893099988810718
calibration,27015,q7,edge,1.0,1670,1670,15.392000030260533
calibration,27016,q0,node,0.1,1221,105,4.5767000410705805
calibration,27016,q0,node,0.25,1221,302,5.898299976252019
calibration,27016,q0,node,0.5,1221,591,7.328299980144948
calibration,27016,q0,node,0.75,1221,916,14.463800005614758
calibration,27016,q0,node,1.0,1221,1221,10.778099996969104
calibration,27016,q0,edge,0.1,994,5,9.47650003945455
calibration,27016,q0,edge,0.25,994,68,11.17279997561127
calibration,27016,q0,edge,0.5,994,238,6.490200001280755
calibration,27016,q0,edge,0.75,994,570,19.579999963752925
calibration,27016,q0,edge,1.0,994,994,15.133399982005358
calibration,27016,q1,node,0.1,1234,121,5.407200020272285
calibration,27016,q1,node,0.25,1234,315,5.491500021889806
calibration,27016,q1,node,0.5,1234,598,4.130100016482174
calibration,27016,q1,node,0.75,1234,908,4.918900027405471
calibration,27016,q1,node,1.0,1234,1234,3.9955000393092632
calibration,27016,q1,edge,0.1,1001,14,5.399200017563999
calibration,27016,q1,edge,0.25,1001,72,9.831400006078184
calibration,27016,q1,edge,0.5,1001,252,12.555700028315187
calibration,27016,q1,edge,0.75,1001,533,13.114699977450073
calibration,27016,q1,edge,1.0,1001,1001,8.13700002618134
calibration,27016,q2,node,0.1,1802,175,2.8392000240273774
calibration,27016,q2,node,0.25,1802,411,2.8273999923840165
calibration,27016,q2,node,0.5,1802,906,3.443000023253262
calibration,27016,q2,node,0.75,1802,1339,3.529899986460805
calibration,27016,q2,node,1.0,1802,1802,8.25979997171089
calibration,27016,q2,edge,0.1,1497,13,3.994199971202761
calibration,27016,q2,edge,0.25,1497,73,4.386899992823601
calibration,27016,q2,edge,0.5,1497,388,7.731600024271756
calibration,27016,q2,edge,0.75,1497,818,8.180600008927286
calibration,27016,q2,edge,1.0,1497,1497,11.943700024858117
calibration,27016,q3,node,0.1,4526,423,3.7929999525658786
calibration,27016,q3,node,0.25,4526,1091,4.679800011217594
calibration,27016,q3,node,0.5,4526,2237,4.780299961566925
calibration,27016,q3,node,0.75,4526,3367,4.512000014074147
calibration,27016,q3,node,1.0,4526,4526,10.677399986889213
calibration,27016,q3,edge,0.1,3868,33,8.198600029572845
calibration,27016,q3,edge,0.25,3868,226,9.640600008424371
calibration,27016,q3,edge,0.5,3868,959,16.478899982757866
calibration,27016,q3,edge,0.75,3868,2114,22.993699996732175
calibration,27016,q3,edge,1.0,3868,3868,19.29919997928664
calibration,27016,q4,node,0.1,802,85,5.491600022651255
calibration,27016,q4,node,0.25,802,197,4.992000001948327
calibration,27016,q4,node,0.5,802,384,2.7800999814644456
calibration,27016,q4,node,0.75,802,588,4.556600004434586
calibration,27016,q4,node,1.0,802,802,2.736399997957051
calibration,27016,q4,edge,0.1,468,5,2.586800022982061
calibration,27016,q4,edge,0.25,468,35,3.89220000943169
calibration,27016,q4,edge,0.5,468,120,3.95139999454841
calibration,27016,q4,edge,0.75,468,257,9.147899982053787
calibration,27016,q4,edge,1.0,468,468,5.297499999869615
calibration,27016,q5,node,0.1,786,81,2.2798999561928213
calibration,27016,q5,node,0.25,786,199,2.0662000169977546
calibration,27016,q5,node,0.5,786,401,2.6251000235788524
calibration,27016,q5,node,0.75,786,596,2.6251000235788524
calibration,27016,q5,node,1.0,786,786,2.7422000421211123
calibration,27016,q5,edge,0.1,423,8,2.3589999764226377
calibration,27016,q5,edge,0.25,423,33,6.747900042682886
calibration,27016,q5,edge,0.5,423,103,4.563000053167343
calibration,27016,q5,edge,0.75,423,244,4.656600009184331
calibration,27016,q5,edge,1.0,423,423,4.630400042515248
calibration,27016,q6,node,0.1,1178,129,1.770299975760281
calibration,27016,q6,node,0.25,1178,313,1.9190000020898879
calibration,27016,q6,node,0.5,1178,630,2.279500011354685
calibration,27016,q6,node,0.75,1178,908,3.1435000128112733
calibration,27016,q6,node,1.0,1178,1178,6.685500033199787
calibration,27016,q6,edge,0.1,623,4,2.917099976912141
calibration,27016,q6,edge,0.25,623,40,2.9193999944254756
calibration,27016,q6,edge,0.5,623,165,4.344999964814633
calibration,27016,q6,edge,0.75,623,363,5.30120002804324
calibration,27016,q6,edge,1.0,623,623,8.654700010083616
calibration,27016,q7,node,0.1,2967,327,5.722599977161735
calibration,27016,q7,node,0.25,2967,767,2.330399991478771
calibration,27016,q7,node,0.5,2967,1514,3.5126000293530524
calibration,27016,q7,node,0.75,2967,2241,2.936100005172193
calibration,27016,q7,node,1.0,2967,2967,6.795399996917695
calibration,27016,q7,edge,0.1,1670,17,2.85950000397861
calibration,27016,q7,edge,0.25,1670,118,6.049100018572062
calibration,27016,q7,edge,0.5,1670,427,9.052199951838702
calibration,27016,q7,edge,0.75,1670,954,8.152299968060106
calibration,27016,q7,edge,1.0,1670,1670,16.942800022661686
calibration,27017,q0,node,0.1,1221,114,1.997400016989559
calibration,27017,q0,node,0.25,1221,294,2.1829999750480056
calibration,27017,q0,node,0.5,1221,612,2.809499972499907
calibration,27017,q0,node,0.75,1221,940,3.8036999758332968
calibration,27017,q0,node,1.0,1221,1221,7.71909998729825
calibration,27017,q0,edge,0.1,994,13,2.9489999869838357
calibration,27017,q0,edge,0.25,994,53,3.059700015000999
calibration,27017,q0,edge,0.5,994,255,5.340099975001067
calibration,27017,q0,edge,0.75,994,590,6.107499997597188
calibration,27017,q0,edge,1.0,994,994,10.876899992581457
calibration,27017,q1,node,0.1,1234,113,2.446400001645088
calibration,27017,q1,node,0.25,1234,298,2.1923999884165823
calibration,27017,q1,node,0.5,1234,606,2.72170000243932
calibration,27017,q1,node,0.75,1234,911,3.226200002245605
calibration,27017,q1,node,1.0,1234,1234,2.770699968095869
calibration,27017,q1,edge,0.1,1001,9,2.2684000432491302
calibration,27017,q1,edge,0.25,1001,70,3.1278000096790493
calibration,27017,q1,edge,0.5,1001,249,9.404600015841424
calibration,27017,q1,edge,0.75,1001,580,11.36260002385825
calibration,27017,q1,edge,1.0,1001,1001,5.565100000239909
calibration,27017,q2,node,0.1,1802,167,2.3067000438459218
calibration,27017,q2,node,0.25,1802,447,2.890900010243058
calibration,27017,q2,node,0.5,1802,879,6.301299959886819
calibration,27017,q2,node,0.75,1802,1352,4.737099981866777
calibration,27017,q2,node,1.0,1802,1802,3.627499972935766
calibration,27017,q2,edge,0.1,1497,11,2.4224999942816794
calibration,27017,q2,edge,0.25,1497,88,3.347499994561076
calibration,27017,q2,edge,0.5,1497,349,5.672500003129244
calibration,27017,q2,edge,0.75,1497,805,12.180900026578456
calibration,27017,q2,edge,1.0,1497,1497,8.70750000467524
calibration,27017,q3,node,0.1,4526,416,2.569400006905198
calibration,27017,q3,node,0.25,4526,1101,2.4718999629840255
calibration,27017,q3,node,0.5,4526,2224,3.2892000162974
calibration,27017,q3,node,0.75,4526,3395,3.5083999973721802
calibration,27017,q3,node,1.0,4526,4526,11.083299992606044
calibration,27017,q3,edge,0.1,3868,34,13.185600051656365
calibration,27017,q3,edge,0.25,3868,237,5.389500001911074
calibration,27017,q3,edge,0.5,3868,943,14.222700032405555
calibration,27017,q3,edge,0.75,3868,2183,12.713500007521361
calibration,27017,q3,edge,1.0,3868,3868,21.851699973922223
calibration,27017,q4,node,0.1,802,93,3.5725999623537064
calibration,27017,q4,node,0.25,802,206,2.383399987593293
calibration,27017,q4,node,0.5,802,401,2.434200025163591
calibration,27017,q4,node,0.75,802,604,3.1765999738126993
calibration,27017,q4,node,1.0,802,802,3.087199991568923
calibration,27017,q4,edge,0.1,468,8,6.300100008957088
calibration,27017,q4,edge,0.25,468,30,3.866799990646541
calibration,27017,q4,edge,0.5,468,111,3.4850999945774674
calibration,27017,q4,edge,0.75,468,256,4.476399975828826
calibration,27017,q4,edge,1.0,468,468,4.549000004772097
calibration,27017,q5,node,0.1,786,71,1.9389999797567725
calibration,27017,q5,node,0.25,786,198,2.0535000367090106
calibration,27017,q5,node,0.5,786,398,2.896199992392212
calibration,27017,q5,node,0.75,786,585,6.681999948341399
calibration,27017,q5,node,1.0,786,786,3.7595999892801046
calibration,27017,q5,edge,0.1,423,2,5.80189999891445
calibration,27017,q5,edge,0.25,423,31,2.677000011317432
calibration,27017,q5,edge,0.5,423,119,3.4073000424541533
calibration,27017,q5,edge,0.75,423,237,4.661199986003339
calibration,27017,q5,edge,1.0,423,423,8.822400006465614
calibration,27017,q6,node,0.1,1178,121,2.647999965120107
calibration,27017,q6,node,0.25,1178,304,3.537300042808056
calibration,27017,q6,node,0.5,1178,598,2.6549999602138996
calibration,27017,q6,node,0.75,1178,892,2.9818000039085746
calibration,27017,q6,node,1.0,1178,1178,3.605000034440309
calibration,27017,q6,edge,0.1,623,8,2.358799974899739
calibration,27017,q6,edge,0.25,623,38,3.3239999902434647
calibration,27017,q6,edge,0.5,623,148,8.490599982906133
calibration,27017,q6,edge,0.75,623,349,7.676799956243485
calibration,27017,q6,edge,1.0,623,623,6.754699978046119
calibration,27017,q7,node,0.1,2967,304,2.447800012305379
calibration,27017,q7,node,0.25,2967,764,2.3010000004433095
calibration,27017,q7,node,0.5,2967,1503,2.729400002863258
calibration,27017,q7,node,0.75,2967,2237,5.245800013653934
calibration,27017,q7,node,1.0,2967,2967,9.392999985720962
calibration,27017,q7,edge,0.1,1670,18,3.6324000102467835
calibration,27017,q7,edge,0.25,1670,105,5.145300005096942
calibration,27017,q7,edge,0.5,1670,416,9.750599972903728
calibration,27017,q7,edge,0.75,1670,936,13.039199984632432
calibration,27017,q7,edge,1.0,1670,1670,14.456999953836203
calibration,27018,q0,node,0.1,1221,123,3.25370003702119
calibration,27018,q0,node,0.25,1221,288,5.9492000145837665
calibration,27018,q0,node,0.5,1221,602,16.255099966656417
calibration,27018,q0,node,0.75,1221,930,11.026500025764108
calibration,27018,q0,node,1.0,1221,1221,4.324199981056154
calibration,27018,q0,edge,0.1,994,12,2.83730000955984
calibration,27018,q0,edge,0.25,994,59,4.3741000117734075
calibration,27018,q0,edge,0.5,994,260,4.725599952507764
calibration,27018,q0,edge,0.75,994,587,13.664099969901145
calibration,27018,q0,edge,1.0,994,994,8.246299985330552
calibration,27018,q1,node,0.1,1234,111,4.429300024639815
calibration,27018,q1,node,0.25,1234,298,3.61949997022748
calibration,27018,q1,node,0.5,1234,613,4.0972999995574355
calibration,27018,q1,node,0.75,1234,922,4.7756999847479165
calibration,27018,q1,node,1.0,1234,1234,6.104399973992258
calibration,27018,q1,edge,0.1,1001,7,5.762400047387928
calibration,27018,q1,edge,0.25,1001,59,8.143499959260225
calibration,27018,q1,edge,0.5,1001,250,9.434300009161234
calibration,27018,q1,edge,0.75,1001,562,10.426199994981289
calibration,27018,q1,edge,1.0,1001,1001,6.77829998312518
calibration,27018,q2,node,0.1,1802,181,2.9369000112637877
calibration,27018,q2,node,0.25,1802,481,3.016500035300851
calibration,27018,q2,node,0.5,1802,909,4.156899987719953
calibration,27018,q2,node,0.75,1802,1376,7.110800012014806
calibration,27018,q2,node,1.0,1802,1802,7.730100012850016
calibration,27018,q2,edge,0.1,1497,10,6.012100027874112
calibration,27018,q2,edge,0.25,1497,92,8.506899990607053
calibration,27018,q2,edge,0.5,1497,347,11.51939999544993
calibration,27018,q2,edge,0.75,1497,812,14.802299963776022
calibration,27018,q2,edge,1.0,1497,1497,24.048499995842576
calibration,27018,q3,node,0.1,4526,446,3.4360000281594694
calibration,27018,q3,node,0.25,4526,1133,3.0388999730348587
calibration,27018,q3,node,0.5,4526,2247,4.631599993444979
calibration,27018,q3,node,0.75,4526,3410,5.892300046980381
calibration,27018,q3,node,1.0,4526,4526,15.889200032688677
calibration,27018,q3,edge,0.1,3868,31,6.111899972893298
calibration,27018,q3,edge,0.25,3868,234,8.502100012265146
calibration,27018,q3,edge,0.5,3868,958,14.194699993822724
calibration,27018,q3,edge,0.75,3868,2167,28.022699989378452
calibration,27018,q3,edge,1.0,3868,3868,19.612800038885325
calibration,27018,q4,node,0.1,802,69,2.6894999900832772
calibration,27018,q4,node,0.25,802,179,2.9708999791182578
calibration,27018,q4,node,0.5,802,419,3.28030000673607
calibration,27018,q4,node,0.75,802,605,7.096899964381009
calibration,27018,q4,node,1.0,802,802,9.1651999973692
calibration,27018,q4,edge,0.1,468,0,5.536200013011694
calibration,27018,q4,edge,0.25,468,18,4.720100027043372
calibration,27018,q4,edge,0.5,468,101,7.618099974934012
calibration,27018,q4,edge,0.75,468,240,9.918300027493387
calibration,27018,q4,edge,1.0,468,468,6.848099990747869
calibration,27018,q5,node,0.1,786,75,3.289199958089739
calibration,27018,q5,node,0.25,786,195,3.263399994466454
calibration,27018,q5,node,0.5,786,381,4.113400005735457
calibration,27018,q5,node,0.75,786,579,3.428199968766421
calibration,27018,q5,node,1.0,786,786,10.958099970594049
calibration,27018,q5,edge,0.1,423,3,4.158399999141693
calibration,27018,q5,edge,0.25,423,23,6.557000044267625
calibration,27018,q5,edge,0.5,423,100,4.645000037271529
calibration,27018,q5,edge,0.75,423,233,5.698799970559776
calibration,27018,q5,edge,1.0,423,423,13.357900024857372
calibration,27018,q6,node,0.1,1178,101,2.736199996434152
calibration,27018,q6,node,0.25,1178,290,2.330099989194423
calibration,27018,q6,node,0.5,1178,576,7.429899997077882
calibration,27018,q6,node,0.75,1178,858,3.722099994774908
calibration,27018,q6,node,1.0,1178,1178,5.485399975441396
calibration,27018,q6,edge,0.1,623,7,3.787799971178174
calibration,27018,q6,edge,0.25,623,39,3.314599976874888
calibration,27018,q6,edge,0.5,623,159,4.841500020120293
calibration,27018,q6,edge,0.75,623,323,5.473400000482798
calibration,27018,q6,edge,1.0,623,623,7.00360001064837
calibration,27018,q7,node,0.1,2967,262,2.459400042425841
calibration,27018,q7,node,0.25,2967,711,2.575000049546361
calibration,27018,q7,node,0.5,2967,1478,2.7534000109881163
calibration,27018,q7,node,0.75,2967,2188,3.2321999897249043
calibration,27018,q7,node,1.0,2967,2967,8.849999983794987
calibration,27018,q7,edge,0.1,1670,11,3.1940999906510115
calibration,27018,q7,edge,0.25,1670,90,4.749200015794486
calibration,27018,q7,edge,0.5,1670,396,6.735700007993728
calibration,27018,q7,edge,0.75,1670,878,8.985299966298044
calibration,27018,q7,edge,1.0,1670,1670,15.828300034627318
calibration,27019,q0,node,0.1,1221,140,3.47140000667423
calibration,27019,q0,node,0.25,1221,322,5.157899984624237
calibration,27019,q0,node,0.5,1221,649,3.7452999968081713
calibration,27019,q0,node,0.75,1221,931,6.565399991814047
calibration,27019,q0,node,1.0,1221,1221,8.47780000185594
calibration,27019,q0,edge,0.1,994,12,5.733300000429153
calibration,27019,q0,edge,0.25,994,70,4.508199985139072
calibration,27019,q0,edge,0.5,994,266,9.48670000070706
calibration,27019,q0,edge,0.75,994,587,14.607599994633347
calibration,27019,q0,edge,1.0,994,994,9.33999998960644
calibration,27019,q1,node,0.1,1234,109,2.7960999868810177
calibration,27019,q1,node,0.25,1234,295,3.880999982357025
calibration,27019,q1,node,0.5,1234,585,5.592100031208247
calibration,27019,q1,node,0.75,1234,911,4.635299963410944
calibration,27019,q1,node,1.0,1234,1234,3.289500018581748
calibration,27019,q1,edge,0.1,1001,3,2.881399996113032
calibration,27019,q1,edge,0.25,1001,50,4.766200028825551
calibration,27019,q1,edge,0.5,1001,231,6.467600003816187
calibration,27019,q1,edge,0.75,1001,567,8.165899955201894
calibration,27019,q1,edge,1.0,1001,1001,6.776800029911101
calibration,27019,q2,node,0.1,1802,181,3.3001999836415052
calibration,27019,q2,node,0.25,1802,447,3.824499959591776
calibration,27019,q2,node,0.5,1802,911,6.385899963788688
calibration,27019,q2,node,0.75,1802,1333,6.850500009022653
calibration,27019,q2,node,1.0,1802,1802,6.158799980767071
calibration,27019,q2,edge,0.1,1497,18,3.7972999853082
calibration,27019,q2,edge,0.25,1497,98,5.183400004170835
calibration,27019,q2,edge,0.5,1497,408,8.272799954283983
calibration,27019,q2,edge,0.75,1497,853,8.08659999165684
calibration,27019,q2,edge,1.0,1497,1497,11.33569999365136
calibration,27019,q3,node,0.1,4526,466,5.2137000020593405
calibration,27019,q3,node,0.25,4526,1143,5.240800033789128
calibration,27019,q3,node,0.5,4526,2279,4.576499981340021
calibration,27019,q3,node,0.75,4526,3373,8.578700013458729
calibration,27019,q3,node,1.0,4526,4526,10.80970000475645
calibration,27019,q3,edge,0.1,3868,37,4.908799950499088
calibration,27019,q3,edge,0.25,3868,243,12.474399991333485
calibration,27019,q3,edge,0.5,3868,998,10.955600009765476
calibration,27019,q3,edge,0.75,3868,2199,15.079299977514893
calibration,27019,q3,edge,1.0,3868,3868,24.373400025069714
calibration,27019,q4,node,0.1,802,83,5.123700015246868
calibration,27019,q4,node,0.25,802,200,5.267200001981109
calibration,27019,q4,node,0.5,802,403,5.226799985393882
calibration,27019,q4,node,0.75,802,600,6.092700001318008
calibration,27019,q4,node,1.0,802,802,4.494499997235835
calibration,27019,q4,edge,0.1,468,7,3.4898999729193747
calibration,27019,q4,edge,0.25,468,31,4.470099986065179
calibration,27019,q4,edge,0.5,468,116,10.113999946042895
calibration,27019,q4,edge,0.75,468,268,6.662899977527559
calibration,27019,q4,edge,1.0,468,468,5.194699973799288
calibration,27019,q5,node,0.1,786,101,2.086399996187538
calibration,27019,q5,node,0.25,786,214,2.119500015396625
calibration,27019,q5,node,0.5,786,402,2.7836000081151724
calibration,27019,q5,node,0.75,786,610,2.6714999694377184
calibration,27019,q5,node,1.0,786,786,2.937300014309585
calibration,27019,q5,edge,0.1,423,6,3.8317000144161284
calibration,27019,q5,edge,0.25,423,25,4.007500014267862
calibration,27019,q5,edge,0.5,423,115,4.4380000326782465
calibration,27019,q5,edge,0.75,423,240,5.161899956874549
calibration,27019,q5,edge,1.0,423,423,6.878800049889833
calibration,27019,q6,node,0.1,1178,124,3.317599999718368
calibration,27019,q6,node,0.25,1178,302,4.109200031962246
calibration,27019,q6,node,0.5,1178,606,4.335100005846471
calibration,27019,q6,node,0.75,1178,906,2.755700028501451
calibration,27019,q6,node,1.0,1178,1178,4.868899995926768
calibration,27019,q6,edge,0.1,623,4,3.174200013745576
calibration,27019,q6,edge,0.25,623,37,3.565700026229024
calibration,27019,q6,edge,0.5,623,159,4.519799957051873
calibration,27019,q6,edge,0.75,623,377,9.419000009074807
calibration,27019,q6,edge,1.0,623,623,8.345199981704354
calibration,27019,q7,node,0.1,2967,322,2.902899985201657
calibration,27019,q7,node,0.25,2967,755,10.14030002988875
calibration,27019,q7,node,0.5,2967,1494,5.372999992687255
calibration,27019,q7,node,0.75,2967,2258,7.449099968653172
calibration,27019,q7,node,1.0,2967,2967,14.45439999224618
calibration,27019,q7,edge,0.1,1670,21,4.072100040502846
calibration,27019,q7,edge,0.25,1670,107,7.676499953959137
calibration,27019,q7,edge,0.5,1670,439,6.534699990879744
calibration,27019,q7,edge,0.75,1670,979,13.336099975276738
calibration,27019,q7,edge,1.0,1670,1670,18.239400000311434
