split,seed,country,kind,fidelity,truth,count,query_ms
fitting,26000,q0,node,0.1,1221,125,2.4779000086709857
fitting,26000,q0,node,0.25,1221,322,2.0750999683514237
fitting,26000,q0,node,0.5,1221,596,2.6024000253528357
fitting,26000,q0,node,0.75,1221,908,4.268900025635958
fitting,26000,q0,node,1.0,1221,1221,4.211599996779114
fitting,26000,q0,edge,0.1,2063,17,7.460599998012185
fitting,26000,q0,edge,0.25,2063,144,4.703899961896241
fitting,26000,q0,edge,0.5,2063,429,6.597800005692989
fitting,26000,q0,edge,0.75,2063,1272,12.59520003804937
fitting,26000,q0,edge,1.0,2063,2063,14.637199987191707
fitting,26000,q1,node,0.1,1234,115,2.444899990223348
fitting,26000,q1,node,0.25,1234,300,3.0621999758295715
fitting,26000,q1,node,0.5,1234,600,3.080399997998029
fitting,26000,q1,node,0.75,1234,912,4.046100017149001
fitting,26000,q1,node,1.0,1234,1234,7.79180001700297
fitting,26000,q1,edge,0.1,99,0,3.405999974347651
fitting,26000,q1,edge,0.25,99,2,4.9983999924734235
fitting,26000,q1,edge,0.5,99,22,7.771400036290288
fitting,26000,q1,edge,0.75,99,60,11.509500036481768
fitting,26000,q1,edge,1.0,99,99,7.540799968410283
fitting,26000,q2,node,0.1,1802,168,4.339200037065893
fitting,26000,q2,node,0.25,1802,435,5.552700022235513
fitting,26000,q2,node,0.5,1802,872,9.560099977534264
fitting,26000,q2,node,0.75,1802,1337,10.903899965342134
fitting,26000,q2,node,1.0,1802,1802,9.497399965766817
fitting,26000,q2,edge,0.1,58,0,5.4839999647811055
fitting,26000,q2,edge,0.25,58,5,5.466000002343208
fitting,26000,q2,edge,0.5,58,13,8.069800038356334
fitting,26000,q2,edge,0.75,58,32,11.961199983488768
fitting,26000,q2,edge,1.0,58,58,11.795800004620105
fitting,26000,q3,node,0.1,4526,432,4.153699963353574
fitting,26000,q3,node,0.25,4526,1121,3.4115000162273645
fitting,26000,q3,node,0.5,4526,2203,3.416099993046373
fitting,26000,q3,node,0.75,4526,3370,3.944500000216067
fitting,26000,q3,node,1.0,4526,4526,12.07199995405972
fitting,26000,q3,edge,0.1,4089,33,4.551300022285432
fitting,26000,q3,edge,0.25,4089,277,7.3028000188060105
fitting,26000,q3,edge,0.5,4089,913,9.197299950756133
fitting,26000,q3,edge,0.75,4089,2467,23.26570003060624
fitting,26000,q3,edge,1.0,4089,4089,22.473299992270768
fitting,26000,q4,node,0.1,802,68,2.3259000154212117
fitting,26000,q4,node,0.25,802,204,1.8558999872766435
fitting,26000,q4,node,0.5,802,390,2.6200999855063856
fitting,26000,q4,node,0.75,802,594,3.5185000160709023
fitting,26000,q4,node,1.0,802,802,3.181600011885166
fitting,26000,q4,edge,0.1,1151,4,2.3572000209242105
fitting,26000,q4,edge,0.25,1151,51,5.4796000476926565
fitting,26000,q4,edge,0.5,1151,187,6.581699999514967
fitting,26000,q4,edge,0.75,1151,508,8.119000005535781
fitting,26000,q4,edge,1.0,1151,1151,8.710799971595407
fitting,26000,q5,node,0.1,786,84,2.5418000295758247
fitting,26000,q5,node,0.25,786,196,3.8387999520637095
fitting,26000,q5,node,0.5,786,388,5.081600043922663
fitting,26000,q5,node,0.75,786,607,2.673199982382357
fitting,26000,q5,node,1.0,786,786,4.4371000258252025
fitting,26000,q5,edge,0.1,31,2,4.828899982385337
fitting,26000,q5,edge,0.25,31,2,2.383999992161989
fitting,26000,q5,edge,0.5,31,6,4.578799998853356
fitting,26000,q5,edge,0.75,31,16,6.982100021559745
fitting,26000,q5,edge,1.0,31,31,7.463000016286969
fitting,26000,q6,node,0.1,1178,133,2.8894999995827675
fitting,26000,q6,node,0.25,1178,286,3.0377000221051276
fitting,26000,q6,node,0.5,1178,561,5.584899976383895
fitting,26000,q6,node,0.75,1178,886,7.423200004268438
fitting,26000,q6,node,1.0,1178,1178,8.037600026000291
fitting,26000,q6,edge,0.1,23,0,5.050899984780699
fitting,26000,q6,edge,0.25,23,1,5.579499993473291
fitting,26000,q6,edge,0.5,23,9,7.493100012652576
fitting,26000,q6,edge,0.75,23,14,7.685899967327714
fitting,26000,q6,edge,1.0,23,23,6.987500004470348
fitting,26000,q7,node,0.1,2967,307,3.006999962963164
fitting,26000,q7,node,0.25,2967,753,2.8687999583780766
fitting,26000,q7,node,0.5,2967,1463,3.8775000139139593
fitting,26000,q7,node,0.75,2967,2250,4.966799984686077
fitting,26000,q7,node,1.0,2967,2967,9.212100005242974
fitting,26000,q7,edge,0.1,2113,11,3.391000034753233
fitting,26000,q7,edge,0.25,2113,109,4.649100010283291
fitting,26000,q7,edge,0.5,2113,388,6.219899980351329
fitting,26000,q7,edge,0.75,2113,999,12.570900027640164
fitting,26000,q7,edge,1.0,2113,2113,16.93009998416528
fitting,26001,q0,node,0.1,1221,127,2.0846000406891108
fitting,26001,q0,node,0.25,1221,330,2.9686999623663723
fitting,26001,q0,node,0.5,1221,659,3.3803999540396035
fitting,26001,q0,node,0.75,1221,920,3.58399999095127
fitting,26001,q0,node,1.0,1221,1221,5.944999982602894
fitting,26001,q0,edge,0.1,2063,16,7.0106000057421625
fitting,26001,q0,edge,0.25,2063,154,13.859900005627424
fitting,26001,q0,edge,0.5,2063,637,29.072900011669844
fitting,26001,q0,edge,0.75,2063,1233,16.73039997695014
fitting,26001,q0,edge,1.0,2063,2063,11.976200039498508
fitting,26001,q1,node,0.1,1234,123,2.110700006596744
fitting,26001,q1,node,0.25,1234,315,3.0136999557726085
fitting,26001,q1,node,0.5,1234,632,4.61230002110824
fitting,26001,q1,node,0.75,1234,952,5.2761000115424395
fitting,26001,q1,node,1.0,1234,1234,5.849700013641268
fitting,26001,q1,edge,0.1,99,2,2.341600018553436
fitting,26001,q1,edge,0.25,99,10,2.9855999746359885
fitting,26001,q1,edge,0.5,99,26,4.667599976528436
fitting,26001,q1,edge,0.75,99,58,5.495499994140118
fitting,26001,q1,edge,1.0,99,99,10.487500054296106
fitting,26001,q2,node,0.1,1802,168,2.2957000182941556
fitting,26001,q2,node,0.25,1802,440,3.145200025755912
fitting,26001,q2,node,0.5,1802,894,3.8438999908976257
fitting,26001,q2,node,0.75,1802,1350,3.2068999717012048
fitting,26001,q2,node,1.0,1802,1802,3.3162000472657382
fitting,26001,q2,edge,0.1,58,1,2.71730002714321
fitting,26001,q2,edge,0.25,58,2,4.9656000337563455
fitting,26001,q2,edge,0.5,58,16,6.379299971740693
fitting,26001,q2,edge,0.75,58,35,6.774399953428656
fitting,26001,q2,edge,1.0,58,58,5.657000001519918
fitting,26001,q3,node,0.1,4526,447,1.7700999742373824
fitting,26001,q3,node,0.25,4526,1150,2.1841999841853976
fitting,26001,q3,node,0.5,4526,2320,3.6082000005990267
fitting,26001,q3,node,0.75,4526,3428,4.920499981380999
fitting,26001,q3,node,1.0,4526,4526,6.691600021440536
fitting,26001,q3,edge,0.1,4089,30,3.821799997240305
fitting,26001,q3,edge,0.25,4089,272,5.7428000145591795
fitting,26001,q3,edge,0.5,4089,1199,13.371300010476261
fitting,26001,q3,edge,0.75,4089,2398,24.781100044492632
fitting,26001,q3,edge,1.0,4089,4089,24.037200026214123
fitting,26001,q4,node,0.1,802,78,4.1538000223226845
fitting,26001,q4,node,0.25,802,202,3.4021000028587878
fitting,26001,q4,node,0.5,802,401,4.543299961369485
fitting,26001,q4,node,0.75,802,595,3.708600008394569
fitting,26001,q4,node,1.0,802,802,3.0186999938450754
fitting,26001,q4,edge,0.1,1151,10,2.406999992672354
fitting,26001,q4,edge,0.25,1151,74,3.6315000033937395
fitting,26001,q4,edge,0.5,1151,224,6.542999995872378
fitting,26001,q4,edge,0.75,1151,512,10.74019999941811
fitting,26001,q4,edge,1.0,1151,1151,9.622300043702126
fitting,26001,q5,node,0.1,786,78,1.854900037869811
fitting,26001,q5,node,0.25,786,209,1.8856000388041139
fitting,26001,q5,node,0.5,786,413,3.577199997380376
fitting,26001,q5,node,0.75,786,600,3.0136999557726085
fitting,26001,q5,node,1.0,786,786,3.2153999782167375
fitting,26001,q5,edge,0.1,31,0,5.259600002318621
fitting,26001,q5,edge,0.25,31,3,3.718899970408529
fitting,26001,q5,edge,0.5,31,9,3.427600022405386
fitting,26001,q5,edge,0.75,31,20,4.075500008184463
fitting,26001,q5,edge,1.0,31,31,4.3883000034838915
fitting,26001,q6,node,0.1,1178,111,1.8959000008180737
fitting,26001,q6,node,0.25,1178,263,1.889200008008629
fitting,26001,q6,node,0.5,1178,558,2.2493000142276287
fitting,26001,q6,node,0.75,1178,873,2.918599988333881
fitting,26001,q6,node,1.0,1178,1178,5.732999998144805
fitting,26001,q6,edge,0.1,23,0,2.764299977570772
fitting,26001,q6,edge,0.25,23,2,2.3708000080659986
fitting,26001,q6,edge,0.5,23,5,3.041299991309643
fitting,26001,q6,edge,0.75,23,11,4.537399974651635
fitting,26001,q6,edge,1.0,23,23,5.573900009039789
fitting,26001,q7,node,0.1,2967,287,2.3455999908037484
fitting,26001,q7,node,0.25,2967,726,3.0334999901242554
fitting,26001,q7,node,0.5,2967,1468,4.3734999489970505
fitting,26001,q7,node,0.75,2967,2219,2.8016999713145196
fitting,26001,q7,node,1.0,2967,2967,6.513400003314018
fitting,26001,q7,edge,0.1,2113,15,4.44039999274537
fitting,26001,q7,edge,0.25,2113,128,5.253400013316423
fitting,26001,q7,edge,0.5,2113,452,9.773900033906102
fitting,26001,q7,edge,0.75,2113,995,17.616800032556057
fitting,26001,q7,edge,1.0,2113,2113,17.441000032704324
fitting,26002,q0,node,0.1,1221,119,3.543499973602593
fitting,26002,q0,node,0.25,1221,304,4.062799969688058
fitting,26002,q0,node,0.5,1221,587,6.449999986216426
fitting,26002,q0,node,0.75,1221,916,4.963699961081147
fitting,26002,q0,node,1.0,1221,1221,4.331500036641955
fitting,26002,q0,edge,0.1,2063,21,3.6631000111810863
fitting,26002,q0,edge,0.25,2063,111,6.56510004773736
fitting,26002,q0,edge,0.5,2063,443,10.883100039791316
fitting,26002,q0,edge,0.75,2063,1231,9.939499956090003
fitting,26002,q0,edge,1.0,2063,2063,11.608099972363561
fitting,26002,q1,node,0.1,1234,130,3.182800021022558
fitting,26002,q1,node,0.25,1234,326,4.254299972672015
fitting,26002,q1,node,0.5,1234,617,3.2917000353336334
fitting,26002,q1,node,0.75,1234,926,3.8171999622136354
fitting,26002,q1,node,1.0,1234,1234,3.038999973796308
fitting,26002,q1,edge,0.1,99,1,2.3790000122971833
fitting,26002,q1,edge,0.25,99,7,3.014200017787516
fitting,26002,q1,edge,0.5,99,24,3.94399999640882
fitting,26002,q1,edge,0.75,99,52,6.993999995756894
fitting,26002,q1,edge,1.0,99,99,5.675599968526512
fitting,26002,q2,node,0.1,1802,187,2.223299990873784
fitting,26002,q2,node,0.25,1802,454,2.486899960786104
fitting,26002,q2,node,0.5,1802,916,3.1245999853126705
fitting,26002,q2,node,0.75,1802,1370,3.1823000172153115
fitting,26002,q2,node,1.0,1802,1802,3.1309000332839787
fitting,26002,q2,edge,0.1,58,0,2.116000046953559
fitting,26002,q2,edge,0.25,58,4,4.081399994902313
fitting,26002,q2,edge,0.5,58,17,6.048400013241917
fitting,26002,q2,edge,0.75,58,36,7.077100046444684
fitting,26002,q2,edge,1.0,58,58,6.635300000198185
fitting,26002,q3,node,0.1,4526,459,2.6830999995581806
fitting,26002,q3,node,0.25,4526,1135,2.9039999935775995
fitting,26002,q3,node,0.5,4526,2246,4.817799956072122
fitting,26002,q3,node,0.75,4526,3405,5.289799999445677
fitting,26002,q3,node,1.0,4526,4526,8.407499990426004
fitting,26002,q3,edge,0.1,4089,43,4.675200034398586
fitting,26002,q3,edge,0.25,4089,233,5.76629996066913
fitting,26002,q3,edge,0.5,4089,905,11.42310001887381
fitting,26002,q3,edge,0.75,4089,2395,18.089699966367334
fitting,26002,q3,edge,1.0,4089,4089,23.913399956654757
fitting,26002,q4,node,0.1,802,80,2.659599995240569
fitting,26002,q4,node,0.25,802,194,2.220099966507405
fitting,26002,q4,node,0.5,802,422,2.928400004748255
fitting,26002,q4,node,0.75,802,598,3.5057999775744975
fitting,26002,q4,node,1.0,802,802,4.288800002541393
fitting,26002,q4,edge,0.1,1151,6,3.1116000027395785
fitting,26002,q4,edge,0.25,1151,34,4.055999976117164
fitting,26002,q4,edge,0.5,1151,195,5.263399973046035
fitting,26002,q4,edge,0.75,1151,552,6.675800017546862
fitting,26002,q4,edge,1.0,1151,1151,7.848700042814016
fitting,26002,q5,node,0.1,786,87,3.5201000282540917
fitting,26002,q5,node,0.25,786,193,3.0051000067032874
fitting,26002,q5,node,0.5,786,367,3.1245999853126705
fitting,26002,q5,node,0.75,786,580,2.9693000251427293
fitting,26002,q5,node,1.0,786,786,3.106200019828975
fitting,26002,q5,edge,0.1,31,0,2.789099991787225
fitting,26002,q5,edge,0.25,31,0,2.3512000334449112
fitting,26002,q5,edge,0.5,31,7,2.896099991630763
fitting,26002,q5,edge,0.75,31,17,5.416199972387403
fitting,26002,q5,edge,1.0,31,31,6.565099989529699
fitting,26002,q6,node,0.1,1178,116,2.13199999416247
fitting,26002,q6,node,0.25,1178,294,1.9031999981962144
fitting,26002,q6,node,0.5,1178,607,2.219200017862022
fitting,26002,q6,node,0.75,1178,887,2.8416000423021615
fitting,26002,q6,node,1.0,1178,1178,3.719500033184886
fitting,26002,q6,edge,0.1,23,0,2.008399984333664
fitting,26002,q6,edge,0.25,23,1,2.460200048517436
fitting,26002,q6,edge,0.5,23,6,4.037999955471605
fitting,26002,q6,edge,0.75,23,14,6.7051000078208745
fitting,26002,q6,edge,1.0,23,23,4.617900005541742
fitting,26002,q7,node,0.1,2967,305,2.1028000046499074
fitting,26002,q7,node,0.25,2967,734,2.5206999853253365
fitting,26002,q7,node,0.5,2967,1491,2.2831999813206494
fitting,26002,q7,node,0.75,2967,2212,2.7873999788425863
fitting,26002,q7,node,1.0,2967,2967,6.203799974173307
fitting,26002,q7,edge,0.1,2113,8,5.260599951725453
fitting,26002,q7,edge,0.25,2113,79,4.62710001738742
fitting,26002,q7,edge,0.5,2113,402,6.203099968843162
fitting,26002,q7,edge,0.75,2113,1030,8.317200001329184
fitting,26002,q7,edge,1.0,2113,2113,23.571200028527528
fitting,26003,q0,node,0.1,1221,121,6.288799981120974
fitting,26003,q0,node,0.25,1221,324,4.600099986419082
fitting,26003,q0,node,0.5,1221,631,5.672900006175041
fitting,26003,q0,node,0.75,1221,925,6.3655999838374555
fitting,26003,q0,node,1.0,1221,1221,5.670699989423156
fitting,26003,q0,edge,0.1,2063,15,6.880599947180599
fitting,26003,q0,edge,0.25,2063,171,6.734600057825446
fitting,26003,q0,edge,0.5,2063,583,7.8974999487400055
fitting,26003,q0,edge,0.75,2063,1174,10.155700030736625
fitting,26003,q0,edge,1.0,2063,2063,12.989500013645738
fitting,26003,q1,node,0.1,1234,129,3.016000031493604
fitting,26003,q1,node,0.25,1234,279,2.743799996096641
fitting,26003,q1,node,0.5,1234,568,3.121500019915402
fitting,26003,q1,node,0.75,1234,895,3.4619999933056533
fitting,26003,q1,node,1.0,1234,1234,3.1429000082425773
fitting,26003,q1,edge,0.1,99,2,4.420599958393723
fitting,26003,q1,edge,0.25,99,4,3.5898000351153314
fitting,26003,q1,edge,0.5,99,19,4.806699987966567
fitting,26003,q1,edge,0.75,99,45,5.033800029195845
fitting,26003,q1,edge,1.0,99,99,4.382300016004592
fitting,26003,q2,node,0.1,1802,187,1.8996999715454876
fitting,26003,q2,node,0.25,1802,449,2.4213999859057367
fitting,26003,q2,node,0.5,1802,898,4.784199991263449
fitting,26003,q2,node,0.75,1802,1343,6.034000020008534
fitting,26003,q2,node,1.0,1802,1802,3.7674999912269413
fitting,26003,q2,edge,0.1,58,3,2.3840999929234385
fitting,26003,q2,edge,0.25,58,7,2.775500004645437
fitting,26003,q2,edge,0.5,58,15,4.198100010398775
fitting,26003,q2,edge,0.75,58,35,5.766700021922588
fitting,26003,q2,edge,1.0,58,58,13.191399979405105
fitting,26003,q3,node,0.1,4526,459,3.125899995211512
fitting,26003,q3,node,0.25,4526,1122,2.349100017454475
fitting,26003,q3,node,0.5,4526,2235,2.6262999745085835
fitting,26003,q3,node,0.75,4526,3364,5.005699989851564
fitting,26003,q3,node,1.0,4526,4526,14.853500004392117
fitting,26003,q3,edge,0.1,4089,35,7.865199993830174
fitting,26003,q3,edge,0.25,4089,296,11.7090999847278
fitting,26003,q3,edge,0.5,4089,1100,20.86099999723956
fitting,26003,q3,edge,0.75,4089,2319,34.03129999060184
fitting,26003,q3,edge,1.0,4089,4089,44.97349995654076
fitting,26003,q4,node,0.1,802,60,4.813399980776012
fitting,26003,q4,node,0.25,802,188,6.632699980400503
fitting,26003,q4,node,0.5,802,392,6.026900024153292
fitting,26003,q4,node,0.75,802,590,7.595700037200004
fitting,26003,q4,node,1.0,802,802,6.358099984936416
fitting,26003,q4,edge,0.1,1151,2,6.223000003956258
fitting,26003,q4,edge,0.25,1151,64,7.161799992900342
fitting,26003,q4,edge,0.5,1151,199,11.641199991572648
fitting,26003,q4,edge,0.75,1151,484,11.35500002419576
fitting,26003,q4,edge,1.0,1151,1151,8.060800028033555
fitting,26003,q5,node,0.1,786,75,2.2976999753154814
fitting,26003,q5,node,0.25,786,195,1.8349000019952655
fitting,26003,q5,node,0.5,786,399,2.764299977570772
fitting,26003,q5,node,0.75,786,589,3.479900013189763
fitting,26003,q5,node,1.0,786,786,3.434100013691932
fitting,26003,q5,edge,0.1,31,0,4.047399968840182
fitting,26003,q5,edge,0.25,31,2,3.527799970470369
fitting,26003,q5,edge,0.5,31,10,20.96030005486682
fitting,26003,q5,edge,0.75,31,15,8.210299944039434
fitting,26003,q5,edge,1.0,31,31,5.881300021428615
fitting,26003,q6,node,0.1,1178,118,2.313600038178265
fitting,26003,q6,node,0.25,1178,284,2.4092000094242394
fitting,26003,q6,node,0.5,1178,572,2.3530999897047877
fitting,26003,q6,node,0.75,1178,882,18.384099996183068
fitting,26003,q6,node,1.0,1178,1178,24.660299997776747
fitting,26003,q6,edge,0.1,23,0,11.982000025454909
fitting,26003,q6,edge,0.25,23,1,6.02859997889027
fitting,26003,q6,edge,0.5,23,7,11.996200017165393
fitting,26003,q6,edge,0.75,23,17,15.345899970270693
fitting,26003,q6,edge,1.0,23,23,10.24540001526475
fitting,26003,q7,node,0.1,2967,275,6.055900012142956
fitting,26003,q7,node,0.25,2967,714,3.65359999705106
fitting,26003,q7,node,0.5,2967,1469,9.649000014178455
fitting,26003,q7,node,0.75,2967,2210,4.3184999958612025
fitting,26003,q7,node,1.0,2967,2967,14.846700010821223
fitting,26003,q7,edge,0.1,2113,8,7.391299994196743
fitting,26003,q7,edge,0.25,2113,108,6.90869998652488
fitting,26003,q7,edge,0.5,2113,428,11.013799987267703
fitting,26003,q7,edge,0.75,2113,978,15.269799972884357
fitting,26003,q7,edge,1.0,2113,2113,15.140099974814802
calibration,27000,q0,node,0.1,1221,127,5.399800022132695
calibration,27000,q0,node,0.25,1221,276,4.5041999546810985
calibration,27000,q0,node,0.5,1221,591,4.541700007393956
calibration,27000,q0,node,0.75,1221,906,5.154400016181171
calibration,27000,q0,node,1.0,1221,1221,7.368899998255074
calibration,27000,q0,edge,0.1,2063,24,4.1096999775618315
calibration,27000,q0,edge,0.25,2063,96,4.825299954973161
calibration,27000,q0,edge,0.5,2063,524,9.096199995838106
calibration,27000,q0,edge,0.75,2063,1204,12.999200029298663
calibration,27000,q0,edge,1.0,2063,2063,42.063599976245314
calibration,27000,q1,node,0.1,1234,120,2.5801999727264047
calibration,27000,q1,node,0.25,1234,314,2.0234999828971922
calibration,27000,q1,node,0.5,1234,615,2.7111999806948006
calibration,27000,q1,node,0.75,1234,944,3.694899962283671
calibration,27000,q1,node,1.0,1234,1234,4.476699978113174
calibration,27000,q1,edge,0.1,99,0,3.1256000511348248
calibration,27000,q1,edge,0.25,99,6,3.10400000307709
calibration,27000,q1,edge,0.5,99,25,3.7089999532327056
calibration,27000,q1,edge,0.75,99,65,4.892600001767278
calibration,27000,q1,edge,1.0,99,99,4.416299983859062
calibration,27000,q2,node,0.1,1802,176,1.6131000011228025
calibration,27000,q2,node,0.25,1802,451,2.3612999939359725
calibration,27000,q2,node,0.5,1802,906,4.614100034814328
calibration,27000,q2,node,0.75,1802,1377,4.306000017095357
calibration,27000,q2,node,1.0,1802,1802,3.2002999796532094
calibration,27000,q2,edge,0.1,58,2,2.7216000016778708
calibration,27000,q2,edge,0.25,58,5,2.5997000047937036
calibration,27000,q2,edge,0.5,58,17,3.76180000603199
calibration,27000,q2,edge,0.75,58,32,5.256700038444251
calibration,27000,q2,edge,1.0,58,58,6.925199995748699
calibration,27000,q3,node,0.1,4526,449,2.060999977402389
calibration,27000,q3,node,0.25,4526,1106,1.317500020377338
calibration,27000,q3,node,0.5,4526,2238,2.468000049702823
calibration,27000,q3,node,0.75,4526,3428,3.9461999549530447
calibration,27000,q3,node,1.0,4526,4526,13.094199995975941
calibration,27000,q3,edge,0.1,4089,51,8.371300005819649
calibration,27000,q3,edge,0.25,4089,219,6.427700049243867
calibration,27000,q3,edge,0.5,4089,1046,10.506599966902286
calibration,27000,q3,edge,0.75,4089,2399,18.10400001704693
calibration,27000,q3,edge,1.0,4089,4089,18.71129998471588
calibration,27000,q4,node,0.1,802,80,2.5810999795794487
calibration,27000,q4,node,0.25,802,208,5.358700000215322
calibration,27000,q4,node,0.5,802,398,7.442499976605177
calibration,27000,q4,node,0.75,802,609,6.078400008846074
calibration,27000,q4,node,1.0,802,802,6.4427999895997345
calibration,27000,q4,edge,0.1,1151,7,6.0603999882005155
calibration,27000,q4,edge,0.25,1151,62,9.639700001571327
calibration,27000,q4,edge,0.5,1151,170,9.662200056482106
calibration,27000,q4,edge,0.75,1151,644,16.02640002965927
calibration,27000,q4,edge,1.0,1151,1151,11.757800006307662
calibration,27000,q5,node,0.1,786,73,2.02990003162995
calibration,27000,q5,node,0.25,786,194,1.8449000199325383
calibration,27000,q5,node,0.5,786,366,2.370900008827448
calibration,27000,q5,node,0.75,786,563,3.2775000436231494
calibration,27000,q5,node,1.0,786,786,4.362899984698743
calibration,27000,q5,edge,0.1,31,0,3.8923000101931393
calibration,27000,q5,edge,0.25,31,5,2.785000018775463
calibration,27000,q5,edge,0.5,31,9,3.1421000021509826
calibration,27000,q5,edge,0.75,31,17,4.5962000149302185
calibration,27000,q5,edge,1.0,31,31,3.8863999652676284
calibration,27000,q6,node,0.1,1178,117,1.7319999751634896
calibration,27000,q6,node,0.25,1178,285,1.7696000286377966
calibration,27000,q6,node,0.5,1178,617,2.3114000214263797
calibration,27000,q6,node,0.75,1178,909,3.0285000102594495
calibration,27000,q6,node,1.0,1178,1178,5.042899982072413
calibration,27000,q6,edge,0.1,23,0,3.126600000541657
calibration,27000,q6,edge,0.25,23,1,3.7007000064477324
calibration,27000,q6,edge,0.5,23,3,2.7951000374741852
calibration,27000,q6,edge,0.75,23,16,6.3375000027008355
calibration,27000,q6,edge,1.0,23,23,12.292400002479553
calibration,27000,q7,node,0.1,2967,290,8.042999950703233
calibration,27000,q7,node,0.25,2967,737,8.325500006321818
calibration,27000,q7,node,0.5,2967,1474,6.8453000276349485
calibration,27000,q7,node,0.75,2967,2238,9.589199966285378
calibration,27000,q7,node,1.0,2967,2967,6.840199988801032
calibration,27000,q7,edge,0.1,2113,19,2.7891999925486743
calibration,27000,q7,edge,0.25,2113,122,7.016900053713471
calibration,27000,q7,edge,0.5,2113,357,7.584999955724925
calibration,27000,q7,edge,0.75,2113,1193,10.301399976015091
calibration,27000,q7,edge,1.0,2113,2113,14.47090000147
calibration,27001,q0,node,0.1,1221,141,7.966400007717311
calibration,27001,q0,node,0.25,1221,324,7.403999974485487
calibration,27001,q0,node,0.5,1221,621,6.957800011150539
calibration,27001,q0,node,0.75,1221,900,7.925299985799938
calibration,27001,q0,node,1.0,1221,1221,12.115599995013326
calibration,27001,q0,edge,0.1,2063,45,9.873700037132949
calibration,27001,q0,edge,0.25,2063,189,13.715900015085936
calibration,27001,q0,edge,0.5,2063,525,19.44890001323074
calibration,27001,q0,edge,0.75,2063,1175,21.398000011686236
calibration,27001,q0,edge,1.0,2063,2063,26.35470003588125
calibration,27001,q1,node,0.1,1234,122,7.597000047098845
calibration,27001,q1,node,0.25,1234,319,6.09239999903366
calibration,27001,q1,node,0.5,1234,620,7.352599990554154
calibration,27001,q1,node,0.75,1234,913,4.401100042741746
calibration,27001,q1,node,1.0,1234,1234,3.921199997421354
calibration,27001,q1,edge,0.1,99,2,2.50250002136454
calibration,27001,q1,edge,0.25,99,3,3.6594000412151217
calibration,27001,q1,edge,0.5,99,22,4.26710001192987
calibration,27001,q1,edge,0.75,99,51,5.003899976145476
calibration,27001,q1,edge,1.0,99,99,8.637399994768202
calibration,27001,q2,node,0.1,1802,183,2.1067000343464315
calibration,27001,q2,node,0.25,1802,442,2.129299973603338
calibration,27001,q2,node,0.5,1802,900,2.884400018956512
calibration,27001,q2,node,0.75,1802,1368,3.384999989066273
calibration,27001,q2,node,1.0,1802,1802,3.131300036329776
calibration,27001,q2,edge,0.1,58,0,1.8958000000566244
calibration,27001,q2,edge,0.25,58,6,4.344699962530285
calibration,27001,q2,edge,0.5,58,20,5.31610002508387
calibration,27001,q2,edge,0.75,58,38,4.298000014387071
calibration,27001,q2,edge,1.0,58,58,6.326700036879629
calibration,27001,q3,node,0.1,4526,471,3.332100051920861
calibration,27001,q3,node,0.25,4526,1153,3.9717000327073038
calibration,27001,q3,node,0.5,4526,2269,18.68320000357926
calibration,27001,q3,node,0.75,4526,3375,19.61339998524636
calibration,27001,q3,node,1.0,4526,4526,10.266199999023229
calibration,27001,q3,edge,0.1,4089,82,4.232799983583391
calibration,27001,q3,edge,0.25,4089,331,5.668500030878931
calibration,27001,q3,edge,0.5,4089,1046,12.437800003681332
calibration,27001,q3,edge,0.75,4089,2337,27.047299954574555
calibration,27001,q3,edge,1.0,4089,4089,23.768499959260225
calibration,27001,q4,node,0.1,802,71,4.581400018651038
calibration,27001,q4,node,0.25,802,192,5.460599961224943
calibration,27001,q4,node,0.5,802,400,6.634699995629489
calibration,27001,q4,node,0.75,802,600,7.310100016184151
calibration,27001,q4,node,1.0,802,802,5.821399972774088
calibration,27001,q4,edge,0.1,1151,5,5.035499983932823
calibration,27001,q4,edge,0.25,1151,50,6.910099997185171
calibration,27001,q4,edge,0.5,1151,229,12.322900001890957
calibration,27001,q4,edge,0.75,1151,522,16.165600041858852
calibration,27001,q4,edge,1.0,1151,1151,16.87099999981001
calibration,27001,q5,node,0.1,786,83,5.163799971342087
calibration,27001,q5,node,0.25,786,194,5.585899983998388
calibration,27001,q5,node,0.5,786,386,3.8997000083327293
calibration,27001,q5,node,0.75,786,590,4.986399959307164
calibration,27001,q5,node,1.0,786,786,3.437899984419346
calibration,27001,q5,edge,0.1,31,0,2.029400027822703
calibration,27001,q5,edge,0.25,31,4,2.191699983086437
calibration,27001,q5,edge,0.5,31,6,18.379800021648407
calibration,27001,q5,edge,0.75,31,21,7.9481000429950655
calibration,27001,q5,edge,1.0,31,31,4.779699956998229
calibration,27001,q6,node,0.1,1178,135,2.665799984242767
calibration,27001,q6,node,0.25,1178,296,1.9747000187635422
calibration,27001,q6,node,0.5,1178,575,3.147199982777238
calibration,27001,q6,node,0.75,1178,876,3.8565999711863697
calibration,27001,q6,node,1.0,1178,1178,4.684899991843849
calibration,27001,q6,edge,0.1,23,0,2.621999999973923
calibration,27001,q6,edge,0.25,23,2,4.098799952771515
calibration,27001,q6,edge,0.5,23,5,6.960299971979111
calibration,27001,q6,edge,0.75,23,10,9.080499992705882
calibration,27001,q6,edge,1.0,23,23,12.332299957051873
calibration,27001,q7,node,0.1,2967,310,5.335900001227856
calibration,27001,q7,node,0.25,2967,723,5.737099971156567
calibration,27001,q7,node,0.5,2967,1446,6.305100047029555
calibration,27001,q7,node,0.75,2967,2217,7.967300014570355
calibration,27001,q7,node,1.0,2967,2967,15.721200034022331
calibration,27001,q7,edge,0.1,2113,9,8.768300001975149
calibration,27001,q7,edge,0.25,2113,102,10.935799975413829
calibration,27001,q7,edge,0.5,2113,420,15.222700021695346
calibration,27001,q7,edge,0.75,2113,1012,21.53680002084002
calibration,27001,q7,edge,1.0,2113,2113,35.68729996914044
calibration,27002,q0,node,0.1,1221,122,3.264900005888194
calibration,27002,q0,node,0.25,1221,323,3.1864999909885228
calibration,27002,q0,node,0.5,1221,585,3.2042000093497336
calibration,27002,q0,node,0.75,1221,924,6.083999993279576
calibration,27002,q0,node,1.0,1221,1221,3.375599975697696
calibration,27002,q0,edge,0.1,2063,20,7.4899999890476465
calibration,27002,q0,edge,0.25,2063,125,5.1188000361435115
calibration,27002,q0,edge,0.5,2063,328,5.938599992077798
calibration,27002,q0,edge,0.75,2063,1207,13.564700027927756
calibration,27002,q0,edge,1.0,2063,2063,14.940800028853118
calibration,27002,q1,node,0.1,1234,124,4.0534999570809305
calibration,27002,q1,node,0.25,1234,316,2.238399989437312
calibration,27002,q1,node,0.5,1234,626,2.7362999971956015
calibration,27002,q1,node,0.75,1234,892,3.9169000228866935
calibration,27002,q1,node,1.0,1234,1234,7.696099986787885
calibration,27002,q1,edge,0.1,99,0,2.959400007966906
calibration,27002,q1,edge,0.25,99,4,3.8472999585792422
calibration,27002,q1,edge,0.5,99,27,4.799899994395673
calibration,27002,q1,edge,0.75,99,53,6.014699989464134
calibration,27002,q1,edge,1.0,99,99,5.738299980293959
calibration,27002,q2,node,0.1,1802,169,4.89079998806119
calibration,27002,q2,node,0.25,1802,465,2.7663999935612082
calibration,27002,q2,node,0.5,1802,901,3.6065999884158373
calibration,27002,q2,node,0.75,1802,1354,3.559199976734817
calibration,27002,q2,node,1.0,1802,1802,4.029100004117936
calibration,27002,q2,edge,0.1,58,1,2.2659999667666852
calibration,27002,q2,edge,0.25,58,3,3.1350000062957406
calibration,27002,q2,edge,0.5,58,11,7.51770002534613
calibration,27002,q2,edge,0.75,58,32,6.087100016884506
calibration,27002,q2,edge,1.0,58,58,5.978000001050532
calibration,27002,q3,node,0.1,4526,441,1.7896000063046813
calibration,27002,q3,node,0.25,4526,1170,2.067800029180944
calibration,27002,q3,node,0.5,4526,2245,2.647400018759072
calibration,27002,q3,node,0.75,4526,3362,4.110600042622536
calibration,27002,q3,node,1.0,4526,4526,9.389900020323694
calibration,27002,q3,edge,0.1,4089,43,5.510499991942197
calibration,27002,q3,edge,0.25,4089,271,6.136600044555962
calibration,27002,q3,edge,0.5,4089,755,8.533700020052493
calibration,27002,q3,edge,0.75,4089,2366,20.222000021021813
calibration,27002,q3,edge,1.0,4089,4089,27.923199988435954
calibration,27002,q4,node,0.1,802,72,2.3326000082306564
calibration,27002,q4,node,0.25,802,191,3.646500001195818
calibration,27002,q4,node,0.5,802,400,4.790699982549995
calibration,27002,q4,node,0.75,802,590,3.2399999909102917
calibration,27002,q4,node,1.0,802,802,2.991599962115288
calibration,27002,q4,edge,0.1,1151,7,4.886800015810877
calibration,27002,q4,edge,0.25,1151,44,4.029000003356487
calibration,27002,q4,edge,0.5,1151,219,4.61959996027872
calibration,27002,q4,edge,0.75,1151,593,7.756299979519099
calibration,27002,q4,edge,1.0,1151,1151,7.337299990467727
calibration,27002,q5,node,0.1,786,75,3.0455999658443034
calibration,27002,q5,node,0.25,786,218,4.63289994513616
calibration,27002,q5,node,0.5,786,410,3.513700037728995
calibration,27002,q5,node,0.75,786,600,2.883100009057671
calibration,27002,q5,node,1.0,786,786,3.1214000191539526
calibration,27002,q5,edge,0.1,31,0,2.2365000331774354
calibration,27002,q5,edge,0.25,31,0,2.4720000219531357
calibration,27002,q5,edge,0.5,31,7,2.9750000103376806
calibration,27002,q5,edge,0.75,31,14,3.734199970494956
calibration,27002,q5,edge,1.0,31,31,7.103700016159564
calibration,27002,q6,node,0.1,1178,129,2.330399991478771
calibration,27002,q6,node,0.25,1178,296,2.2639999515376985
calibration,27002,q6,node,0.5,1178,598,3.983900009188801
calibration,27002,q6,node,0.75,1178,886,4.957200028002262
calibration,27002,q6,node,1.0,1178,1178,6.300299952272326
calibration,27002,q6,edge,0.1,23,1,4.203599994070828
calibration,27002,q6,edge,0.25,23,1,4.8519999836571515
calibration,27002,q6,edge,0.5,23,3,4.182200005743653
calibration,27002,q6,edge,0.75,23,11,6.307500007096678
calibration,27002,q6,edge,1.0,23,23,5.429700016975403
calibration,27002,q7,node,0.1,2967,303,1.8361000111326575
calibration,27002,q7,node,0.25,2967,760,2.0825000246986747
calibration,27002,q7,node,0.5,2967,1507,3.7540000048466027
calibration,27002,q7,node,0.75,2967,2227,6.159699987620115
calibration,27002,q7,node,1.0,2967,2967,7.084799988660961
calibration,27002,q7,edge,0.1,2113,17,3.1430000090040267
calibration,27002,q7,edge,0.25,2113,94,4.377100034616888
calibration,27002,q7,edge,0.5,2113,442,6.653600023128092
calibration,27002,q7,edge,0.75,2113,1095,13.021400023717433
calibration,27002,q7,edge,1.0,2113,2113,13.935700000729412
calibration,27003,q0,node,0.1,1221,104,4.552900034468621
calibration,27003,q0,node,0.25,1221,288,3.8665999891236424
calibration,27003,q0,node,0.5,1221,600,3.8157000089995563
calibration,27003,q0,node,0.75,1221,892,7.27920001372695
calibration,27003,q0,node,1.0,1221,1221,8.892699959687889
calibration,27003,q0,edge,0.1,2063,19,5.207400012295693
calibration,27003,q0,edge,0.25,2063,117,6.912300013937056
calibration,27003,q0,edge,0.5,2063,533,11.586699984036386
calibration,27003,q0,edge,0.75,2063,1069,8.935899997595698
calibration,27003,q0,edge,1.0,2063,2063,16.243699996266514
calibration,27003,q1,node,0.1,1234,139,2.825199975632131
calibration,27003,q1,node,0.25,1234,306,2.3846999974921346
calibration,27003,q1,node,0.5,1234,605,2.515900006983429
calibration,27003,q1,node,0.75,1234,914,3.296300012152642
calibration,27003,q1,node,1.0,1234,1234,2.18819995643571
calibration,27003,q1,edge,0.1,99,0,2.4388000019825995
calibration,27003,q1,edge,0.25,99,2,4.464400000870228
calibration,27003,q1,edge,0.5,99,19,4.367199959233403
calibration,27003,q1,edge,0.75,99,54,6.420499994419515
calibration,27003,q1,edge,1.0,99,99,5.065399978775531
calibration,27003,q2,node,0.1,1802,197,1.865199999883771
calibration,27003,q2,node,0.25,1802,476,2.10100004915148
calibration,27003,q2,node,0.5,1802,899,5.578500044066459
calibration,27003,q2,node,0.75,1802,1350,5.217000027187169
calibration,27003,q2,node,1.0,1802,1802,3.8928999565541744
calibration,27003,q2,edge,0.1,58,1,4.123699967749417
calibration,27003,q2,edge,0.25,58,2,15.598499972838908
calibration,27003,q2,edge,0.5,58,20,8.208599989302456
calibration,27003,q2,edge,0.75,58,37,12.56699999794364
calibration,27003,q2,edge,1.0,58,58,9.322799975052476
calibration,27003,q3,node,0.1,4526,463,2.540100016631186
calibration,27003,q3,node,0.25,4526,1138,5.483700020704418
calibration,27003,q3,node,0.5,4526,2243,6.291500001680106
calibration,27003,q3,node,0.75,4526,3365,7.6716000330634415
calibration,27003,q3,node,1.0,4526,4526,10.693599993828684
calibration,27003,q3,edge,0.1,4089,39,3.893899964168668
calibration,27003,q3,edge,0.25,4089,236,5.13970002066344
calibration,27003,q3,edge,0.5,4089,1022,10.809400002472103
calibration,27003,q3,edge,0.75,4089,2144,19.04310000827536
calibration,27003,q3,edge,1.0,4089,4089,34.38920003827661
calibration,27003,q4,node,0.1,802,77,4.936499986797571
calibration,27003,q4,node,0.25,802,191,6.800200033467263
calibration,27003,q4,node,0.5,802,390,7.946100027766079
calibration,27003,q4,node,0.75,802,617,8.998100005555898
calibration,27003,q4,node,1.0,802,802,8.062500040978193
calibration,27003,q4,edge,0.1,1151,3,8.64830001955852
calibration,27003,q4,edge,0.25,1151,62,9.177699976135045
calibration,27003,q4,edge,0.5,1151,207,13.430199993308634
calibration,27003,q4,edge,0.75,1151,499,13.618199969641864
calibration,27003,q4,edge,1.0,1151,1151,18.453900003805757
calibration,27003,q5,node,0.1,786,70,3.4479000023566186
calibration,27003,q5,node,0.25,786,197,4.174400004558265
calibration,27003,q5,node,0.5,786,389,5.8250000001862645
calibration,27003,q5,node,0.75,786,587,6.205199984833598
calibration,27003,q5,node,1.0,786,786,6.695099989883602
calibration,27003,q5,edge,0.1,31,0,5.414600018411875
calibration,27003,q5,edge,0.25,31,0,5.184600013308227
calibration,27003,q5,edge,0.5,31,10,7.441899972036481
calibration,27003,q5,edge,0.75,31,16,17.060999991372228
calibration,27003,q5,edge,1.0,31,31,6.2210000469349325
calibration,27003,q6,node,0.1,1178,126,3.1475999858230352
calibration,27003,q6,node,0.25,1178,302,2.8660999960266054
calibration,27003,q6,node,0.5,1178,588,3.2461999799124897
calibration,27003,q6,node,0.75,1178,904,4.386400047224015
calibration,27003,q6,node,1.0,1178,1178,6.455999973695725
calibration,27003,q6,edge,0.1,23,0,3.0773000326007605
calibration,27003,q6,edge,0.25,23,0,4.734000016469508
calibration,27003,q6,edge,0.5,23,1,5.169100011698902
calibration,27003,q6,edge,0.75,23,16,6.137399992439896
calibration,27003,q6,edge,1.0,23,23,8.053499972447753
calibration,27003,q7,node,0.1,2967,297,2.2720000124536455
calibration,27003,q7,node,0.25,2967,736,4.018000036012381
calibration,27003,q7,node,0.5,2967,1455,3.177100035827607
calibration,27003,q7,node,0.75,2967,2254,5.035300040617585
calibration,27003,q7,node,1.0,2967,2967,13.926599989645183
calibration,27003,q7,edge,0.1,2113,12,7.3565999628044665
calibration,27003,q7,edge,0.25,2113,106,10.277600027620792
calibration,27003,q7,edge,0.5,2113,393,20.95269999699667
calibration,27003,q7,edge,0.75,2113,985,21.051799994893372
calibration,27003,q7,edge,1.0,2113,2113,32.582600018940866
calibration,27004,q0,node,0.1,1221,134,5.667400022502989
calibration,27004,q0,node,0.25,1221,322,4.858500033151358
calibration,27004,q0,node,0.5,1221,620,6.370700022671372
calibration,27004,q0,node,0.75,1221,915,6.184500001836568
calibration,27004,q0,node,1.0,1221,1221,7.4819999863393605
calibration,27004,q0,edge,0.1,2063,17,6.121199985500425
calibration,27004,q0,edge,0.25,2063,115,9.460799978114665
calibration,27004,q0,edge,0.5,2063,459,11.01720001315698
calibration,27004,q0,edge,0.75,2063,1125,19.282700028270483
calibration,27004,q0,edge,1.0,2063,2063,14.657000021543354
calibration,27004,q1,node,0.1,1234,123,2.4717000196687877
calibration,27004,q1,node,0.25,1234,293,2.0002000383101404
calibration,27004,q1,node,0.5,1234,632,2.544500050134957
calibration,27004,q1,node,0.75,1234,938,4.539399989880621
calibration,27004,q1,node,1.0,1234,1234,5.6921999785117805
calibration,27004,q1,edge,0.1,99,1,3.2683000317774713
calibration,27004,q1,edge,0.25,99,3,2.993699978105724
calibration,27004,q1,edge,0.5,99,29,3.9798999787308276
calibration,27004,q1,edge,0.75,99,61,4.732000001240522
calibration,27004,q1,edge,1.0,99,99,4.612100019585341
calibration,27004,q2,node,0.1,1802,167,1.6321999719366431
calibration,27004,q2,node,0.25,1802,453,2.3330000112764537
calibration,27004,q2,node,0.5,1802,911,3.4207000280730426
calibration,27004,q2,node,0.75,1802,1376,5.029299994930625
calibration,27004,q2,node,1.0,1802,1802,3.9761000080034137
calibration,27004,q2,edge,0.1,58,0,2.608700015116483
calibration,27004,q2,edge,0.25,58,5,5.330600019078702
calibration,27004,q2,edge,0.5,58,11,4.4046999537386
calibration,27004,q2,edge,0.75,58,34,6.628400005865842
calibration,27004,q2,edge,1.0,58,58,8.839799964334816
calibration,27004,q3,node,0.1,4526,443,2.201800001785159
calibration,27004,q3,node,0.25,4526,1117,2.2663999698124826
calibration,27004,q3,node,0.5,4526,2286,3.0684000230394304
calibration,27004,q3,node,0.75,4526,3426,3.2945999992080033
calibration,27004,q3,node,1.0,4526,4526,6.129799992777407
calibration,27004,q3,edge,0.1,4089,42,6.078400008846074
calibration,27004,q3,edge,0.25,4089,233,5.616099981125444
calibration,27004,q3,edge,0.5,4089,928,13.35510000353679
calibration,27004,q3,edge,0.75,4089,2242,17.273099976591766
calibration,27004,q3,edge,1.0,4089,4089,20.43549995869398
calibration,27004,q4,node,0.1,802,84,3.3844999852590263
calibration,27004,q4,node,0.25,802,216,3.7526999949477613
calibration,27004,q4,node,0.5,802,421,2.3583000293001533
calibration,27004,q4,node,0.75,802,593,2.542999980505556
calibration,27004,q4,node,1.0,802,802,3.8865000242367387
calibration,27004,q4,edge,0.1,1151,47,3.114999970421195
calibration,27004,q4,edge,0.25,1151,122,3.837500000372529
calibration,27004,q4,edge,0.5,1151,328,9.752600046340376
calibration,27004,q4,edge,0.75,1151,656,8.71329999063164
calibration,27004,q4,edge,1.0,1151,1151,12.652500008698553
calibration,27004,q5,node,0.1,786,79,3.3638000022619963
calibration,27004,q5,node,0.25,786,196,3.514599986374378
calibration,27004,q5,node,0.5,786,364,4.3601999641396105
calibration,27004,q5,node,0.75,786,575,6.663100037258118
calibration,27004,q5,node,1.0,786,786,4.870400007348508
calibration,27004,q5,edge,0.1,31,0,2.870399970561266
calibration,27004,q5,edge,0.25,31,2,2.5819999864324927
calibration,27004,q5,edge,0.5,31,5,3.1361000146716833
calibration,27004,q5,edge,0.75,31,17,6.005900038871914
calibration,27004,q5,edge,1.0,31,31,5.867799976840615
calibration,27004,q6,node,0.1,1178,105,2.0329999970272183
calibration,27004,q6,node,0.25,1178,264,1.94089999422431
calibration,27004,q6,node,0.5,1178,545,2.3169000050984323
calibration,27004,q6,node,0.75,1178,853,3.103199996985495
calibration,27004,q6,node,1.0,1178,1178,3.5357000306248665
calibration,27004,q6,edge,0.1,23,1,1.7514000064693391
calibration,27004,q6,edge,0.25,23,3,2.3059999803081155
calibration,27004,q6,edge,0.5,23,9,5.586199986282736
calibration,27004,q6,edge,0.75,23,12,5.109200021252036
calibration,27004,q6,edge,1.0,23,23,4.817300010472536
calibration,27004,q7,node,0.1,2967,288,1.7695999704301357
calibration,27004,q7,node,0.25,2967,733,14.793100010138005
calibration,27004,q7,node,0.5,2967,1437,5.388699995819479
calibration,27004,q7,node,0.75,2967,2167,4.516500048339367
calibration,27004,q7,node,1.0,2967,2967,12.066299968864769
calibration,27004,q7,edge,0.1,2113,64,8.396800025366247
calibration,27004,q7,edge,0.25,2113,199,12.189900036901236
calibration,27004,q7,edge,0.5,2113,572,16.830099979415536
calibration,27004,q7,edge,0.75,2113,1188,23.685700027272105
calibration,27004,q7,edge,1.0,2113,2113,32.68390003358945
calibration,27005,q0,node,0.1,1221,126,8.784200006630272
calibration,27005,q0,node,0.25,1221,303,6.707400025334209
calibration,27005,q0,node,0.5,1221,615,7.999400026164949
calibration,27005,q0,node,0.75,1221,922,7.933799992315471
calibration,27005,q0,node,1.0,1221,1221,12.719699996523559
calibration,27005,q0,edge,0.1,2063,17,8.75169999198988
calibration,27005,q0,edge,0.25,2063,76,12.822500022593886
calibration,27005,q0,edge,0.5,2063,432,18.453900003805757
calibration,27005,q0,edge,0.75,2063,1076,27.966500027105212
calibration,27005,q0,edge,1.0,2063,2063,14.57320002373308
calibration,27005,q1,node,0.1,1234,137,2.487800025846809
calibration,27005,q1,node,0.25,1234,311,2.1719999494962394
calibration,27005,q1,node,0.5,1234,625,4.177900031208992
calibration,27005,q1,node,0.75,1234,920,3.1366999610327184
calibration,27005,q1,node,1.0,1234,1234,2.5811000377871096
calibration,27005,q1,edge,0.1,99,1,2.0170999923720956
calibration,27005,q1,edge,0.25,99,5,3.68759996490553
calibration,27005,q1,edge,0.5,99,21,5.668500030878931
calibration,27005,q1,edge,0.75,99,44,6.766600010450929
calibration,27005,q1,edge,1.0,99,99,3.4147999831475317
calibration,27005,q2,node,0.1,1802,190,2.70690000616014
calibration,27005,q2,node,0.25,1802,453,3.4577000187709928
calibration,27005,q2,node,0.5,1802,901,3.9124999893829226
calibration,27005,q2,node,0.75,1802,1344,4.082400002516806
calibration,27005,q2,node,1.0,1802,1802,6.4560999744571745
calibration,27005,q2,edge,0.1,58,0,2.5745999882929027
calibration,27005,q2,edge,0.25,58,5,3.632800013292581
calibration,27005,q2,edge,0.5,58,14,5.5745000136084855
calibration,27005,q2,edge,0.75,58,29,17.306099995039403
calibration,27005,q2,edge,1.0,58,58,15.281500003766268
calibration,27005,q3,node,0.1,4526,480,6.8378999712876976
calibration,27005,q3,node,0.25,4526,1144,7.673100044485182
calibration,27005,q3,node,0.5,4526,2285,8.097599959000945
calibration,27005,q3,node,0.75,4526,3391,10.198500007390976
calibration,27005,q3,node,1.0,4526,4526,20.874799985904247
calibration,27005,q3,edge,0.1,4089,35,8.80520005011931
calibration,27005,q3,edge,0.25,4089,182,9.45870002033189
calibration,27005,q3,edge,0.5,4089,890,14.50329995714128
calibration,27005,q3,edge,0.75,4089,2174,16.97489997604862
calibration,27005,q3,edge,1.0,4089,4089,22.599699965212494
calibration,27005,q4,node,0.1,802,90,4.078999976627529
calibration,27005,q4,node,0.25,802,204,4.127399995923042
calibration,27005,q4,node,0.5,802,413,2.4414000217802823
calibration,27005,q4,node,0.75,802,612,3.6969000357203186
calibration,27005,q4,node,1.0,802,802,3.5593000357039273
calibration,27005,q4,edge,0.1,1151,3,2.6517999940551817
calibration,27005,q4,edge,0.25,1151,37,3.4215000341646373
calibration,27005,q4,edge,0.5,1151,298,5.717199994251132
calibration,27005,q4,edge,0.75,1151,596,11.561999970581383
calibration,27005,q4,edge,1.0,1151,1151,14.290800027083606
calibration,27005,q5,node,0.1,786,79,2.8534000157378614
calibration,27005,q5,node,0.25,786,175,2.8114999877288938
calibration,27005,q5,node,0.5,786,366,4.788599966559559
calibration,27005,q5,node,0.75,786,577,3.8921000086702406
calibration,27005,q5,node,1.0,786,786,2.685599960386753
calibration,27005,q5,edge,0.1,31,1,2.1681999787688255
calibration,27005,q5,edge,0.25,31,2,3.115899977274239
calibration,27005,q5,edge,0.5,31,6,3.269099979661405
calibration,27005,q5,edge,0.75,31,17,4.143700003623962
calibration,27005,q5,edge,1.0,31,31,4.293099977076054
calibration,27005,q6,node,0.1,1178,119,4.045700014103204
calibration,27005,q6,node,0.25,1178,302,4.006100003607571
calibration,27005,q6,node,0.5,1178,588,2.895000041462481
calibration,27005,q6,node,0.75,1178,879,2.911600051447749
calibration,27005,q6,node,1.0,1178,1178,3.4481000038795173
calibration,27005,q6,edge,0.1,23,0,1.881800009869039
calibration,27005,q6,edge,0.25,23,3,2.6900999946519732
calibration,27005,q6,edge,0.5,23,8,3.3659000182524323
calibration,27005,q6,edge,0.75,23,16,4.465999954845756
calibration,27005,q6,edge,1.0,23,23,7.771799981128424
calibration,27005,q7,node,0.1,2967,304,2.3882000241428614
calibration,27005,q7,node,0.25,2967,732,2.179599949158728
calibration,27005,q7,node,0.5,2967,1463,2.500200003851205
calibration,27005,q7,node,0.75,2967,2215,4.791199986357242
calibration,27005,q7,node,1.0,2967,2967,6.325799971818924
calibration,27005,q7,edge,0.1,2113,12,2.8539999620988965
calibration,27005,q7,edge,0.25,2113,88,7.317299954593182
calibration,27005,q7,edge,0.5,2113,545,7.057900016661733
calibration,27005,q7,edge,0.75,2113,1116,8.875100000295788
calibration,27005,q7,edge,1.0,2113,2113,17.154800007119775
calibration,27006,q0,node,0.1,1221,123,4.596100014168769
calibration,27006,q0,node,0.25,1221,329,5.845100036822259
calibration,27006,q0,node,0.5,1221,598,3.2663000165484846
calibration,27006,q0,node,0.75,1221,925,16.837599978316575
calibration,27006,q0,node,1.0,1221,1221,4.118100041523576
calibration,27006,q0,edge,0.1,2063,13,8.527799975126982
calibration,27006,q0,edge,0.25,2063,82,5.925300007220358
calibration,27006,q0,edge,0.5,2063,423,23.447100014891475
calibration,27006,q0,edge,0.75,2063,1130,12.729700014460832
calibration,27006,q0,edge,1.0,2063,2063,10.594599996693432
calibration,27006,q1,node,0.1,1234,127,3.338899987284094
calibration,27006,q1,node,0.25,1234,314,3.9960999856702983
calibration,27006,q1,node,0.5,1234,640,2.97810003394261
calibration,27006,q1,node,0.75,1234,933,4.242599999997765
calibration,27006,q1,node,1.0,1234,1234,3.3373000333085656
calibration,27006,q1,edge,0.1,99,2,2.7258999762125313
calibration,27006,q1,edge,0.25,99,7,4.327200003899634
calibration,27006,q1,edge,0.5,99,35,4.80779999634251
calibration,27006,q1,edge,0.75,99,67,7.100899994838983
calibration,27006,q1,edge,1.0,99,99,5.832199996802956
calibration,27006,q2,node,0.1,1802,205,2.2817999706603587
calibration,27006,q2,node,0.25,1802,463,3.3192000119015574
calibration,27006,q2,node,0.5,1802,893,5.16190001508221
calibration,27006,q2,node,0.75,1802,1337,5.2257000352256
calibration,27006,q2,node,1.0,1802,1802,6.289199984166771
calibration,27006,q2,edge,0.1,58,2,2.826699987053871
calibration,27006,q2,edge,0.25,58,8,2.8625999693758786
calibration,27006,q2,edge,0.5,58,20,3.9935000240802765
calibration,27006,q2,edge,0.75,58,31,6.4598000026308
calibration,27006,q2,edge,1.0,58,58,5.915099987760186
calibration,27006,q3,node,0.1,4526,485,3.772800031583756
calibration,27006,q3,node,0.25,4526,1183,2.836400002706796
calibration,27006,q3,node,0.5,4526,2273,3.510400012601167
calibration,27006,q3,node,0.75,4526,3406,6.700900034047663
calibration,27006,q3,node,1.0,4526,4526,9.119800000917166
calibration,27006,q3,edge,0.1,4089,28,5.216200021095574
calibration,27006,q3,edge,0.25,4089,185,8.662400010507554
calibration,27006,q3,edge,0.5,4089,904,10.015999956522137
calibration,27006,q3,edge,0.75,4089,2270,14.775099989492446
calibration,27006,q3,edge,1.0,4089,4089,18.972299993038177
calibration,27006,q4,node,0.1,802,73,1.7823000089265406
calibration,27006,q4,node,0.25,802,195,1.770299975760281
calibration,27006,q4,node,0.5,802,404,6.313500052783638
calibration,27006,q4,node,0.75,802,629,4.991800000425428
calibration,27006,q4,node,1.0,802,802,3.736999991815537
calibration,27006,q4,edge,0.1,1151,13,3.8155000074766576
calibration,27006,q4,edge,0.25,1151,58,7.3247000109404325
calibration,27006,q4,edge,0.5,1151,415,19.493799947667867
calibration,27006,q4,edge,0.75,1151,835,19.024399982299656
calibration,27006,q4,edge,1.0,1151,1151,19.25630000187084
calibration,27006,q5,node,0.1,786,55,4.668099980335683
calibration,27006,q5,node,0.25,786,177,6.530400016345084
calibration,27006,q5,node,0.5,786,383,8.376800047699362
calibration,27006,q5,node,0.75,786,603,7.2615000535734
calibration,27006,q5,node,1.0,786,786,7.233299955260009
calibration,27006,q5,edge,0.1,31,0,4.107400018256158
calibration,27006,q5,edge,0.25,31,1,5.871500005014241
calibration,27006,q5,edge,0.5,31,4,3.910499974153936
calibration,27006,q5,edge,0.75,31,16,4.513200023211539
calibration,27006,q5,edge,1.0,31,31,4.213900014292449
calibration,27006,q6,node,0.1,1178,117,1.7874000477604568
calibration,27006,q6,node,0.25,1178,314,2.1241999929770827
calibration,27006,q6,node,0.5,1178,602,2.4921000003814697
calibration,27006,q6,node,0.75,1178,870,2.828099997714162
calibration,27006,q6,node,1.0,1178,1178,5.648599995765835
calibration,27006,q6,edge,0.1,23,0,3.0712999869138002
calibration,27006,q6,edge,0.25,23,0,2.9753000126220286
calibration,27006,q6,edge,0.5,23,4,4.1161999688483775
calibration,27006,q6,edge,0.75,23,10,5.027600040193647
calibration,27006,q6,edge,1.0,23,23,4.432699992321432
calibration,27006,q7,node,0.1,2967,270,1.737200014758855
calibration,27006,q7,node,0.25,2967,740,1.7294000135734677
calibration,27006,q7,node,0.5,2967,1498,2.3101999540813267
calibration,27006,q7,node,0.75,2967,2261,5.878199997823685
calibration,27006,q7,node,1.0,2967,2967,6.986699998378754
calibration,27006,q7,edge,0.1,2113,24,3.1368000200018287
calibration,27006,q7,edge,0.25,2113,113,5.91910001821816
calibration,27006,q7,edge,0.5,2113,711,9.445599978789687
calibration,27006,q7,edge,0.75,2113,1446,15.34479996189475
calibration,27006,q7,edge,1.0,2113,2113,15.317299985326827
calibration,27007,q0,node,0.1,1221,97,5.19160000840202
calibration,27007,q0,node,0.25,1221,262,3.287100000306964
calibration,27007,q0,node,0.5,1221,596,4.402299993671477
calibration,27007,q0,node,0.75,1221,909,4.319600004237145
calibration,27007,q0,node,1.0,1221,1221,6.230300001334399
calibration,27007,q0,edge,0.1,2063,4,3.0900000128895044
calibration,27007,q0,edge,0.25,2063,66,4.2011000332422554
calibration,27007,q0,edge,0.5,2063,449,6.944999971892685
calibration,27007,q0,edge,0.75,2063,1107,9.447199990972877
calibration,27007,q0,edge,1.0,2063,2063,14.208500040695071
calibration,27007,q1,node,0.1,1234,127,4.368700028862804
calibration,27007,q1,node,0.25,1234,324,5.994800012558699
calibration,27007,q1,node,0.5,1234,613,7.379300019238144
calibration,27007,q1,node,0.75,1234,938,10.588900011498481
calibration,27007,q1,node,1.0,1234,1234,7.452399993781
calibration,27007,q1,edge,0.1,99,1,5.755700054578483
calibration,27007,q1,edge,0.25,99,7,9.41399997100234
calibration,27007,q1,edge,0.5,99,29,10.885700001381338
calibration,27007,q1,edge,0.75,99,64,11.447099968791008
calibration,27007,q1,edge,1.0,99,99,12.325000017881393
calibration,27007,q2,node,0.1,1802,199,5.00479998299852
calibration,27007,q2,node,0.25,1802,466,5.635800014715642
calibration,27007,q2,node,0.5,1802,921,7.397500041406602
calibration,27007,q2,node,0.75,1802,1370,10.715499985963106
calibration,27007,q2,node,1.0,1802,1802,9.120100003201514
calibration,27007,q2,edge,0.1,58,1,5.210700037423521
calibration,27007,q2,edge,0.25,58,3,8.881799993105233
calibration,27007,q2,edge,0.5,58,19,11.694899993017316
calibration,27007,q2,edge,0.75,58,37,13.685300014913082
calibration,27007,q2,edge,1.0,58,58,7.495199970435351
calibration,27007,q3,node,0.1,4526,449,3.833300026599318
calibration,27007,q3,node,0.25,4526,1113,3.024499979801476
calibration,27007,q3,node,0.5,4526,2254,3.8954000337980688
calibration,27007,q3,node,0.75,4526,3421,5.186399968806654
calibration,27007,q3,node,1.0,4526,4526,10.179800039622933
calibration,27007,q3,edge,0.1,4089,13,3.702300018630922
calibration,27007,q3,edge,0.25,4089,159,6.489099992904812
calibration,27007,q3,edge,0.5,4089,935,9.247299982234836
calibration,27007,q3,edge,0.75,4089,2218,18.559200048912317
calibration,27007,q3,edge,1.0,4089,4089,22.14980003191158
calibration,27007,q4,node,0.1,802,84,3.3369000302627683
calibration,27007,q4,node,0.25,802,192,3.4032000112347305
calibration,27007,q4,node,0.5,802,389,2.8045999933965504
calibration,27007,q4,node,0.75,802,596,4.0009000222198665
calibration,27007,q4,node,1.0,802,802,4.045300011057407
calibration,27007,q4,edge,0.1,1151,2,2.549000026192516
calibration,27007,q4,edge,0.25,1151,43,3.348099999129772
calibration,27007,q4,edge,0.5,1151,285,8.628499985206872
calibration,27007,q4,edge,0.75,1151,648,8.900200016796589
calibration,27007,q4,edge,1.0,1151,1151,8.5873999632895
calibration,27007,q5,node,0.1,786,55,2.007799979764968
calibration,27007,q5,node,0.25,786,178,3.9903000579215586
calibration,27007,q5,node,0.5,786,393,4.385599982924759
calibration,27007,q5,node,0.75,786,572,2.5289999903179705
calibration,27007,q5,node,1.0,786,786,2.616100013256073
calibration,27007,q5,edge,0.1,31,0,1.7525000148452818
calibration,27007,q5,edge,0.25,31,2,2.433000016026199
calibration,27007,q5,edge,0.5,31,5,6.773600005544722
calibration,27007,q5,edge,0.75,31,16,4.125699982978404
calibration,27007,q5,edge,1.0,31,31,7.86150002386421
calibration,27007,q6,node,0.1,1178,120,2.0500999526120722
calibration,27007,q6,node,0.25,1178,301,1.825599989388138
calibration,27007,q6,node,0.5,1178,600,2.3233999963849783
calibration,27007,q6,node,0.75,1178,900,2.729900006670505
calibration,27007,q6,node,1.0,1178,1178,4.48759994469583
calibration,27007,q6,edge,0.1,23,1,1.982899964787066
calibration,27007,q6,edge,0.25,23,2,2.5260999682359397
calibration,27007,q6,edge,0.5,23,6,3.171799995470792
calibration,27007,q6,edge,0.75,23,14,5.4913999629206955
calibration,27007,q6,edge,1.0,23,23,5.7147000334225595
calibration,27007,q7,node,0.1,2967,270,1.8715999904088676
calibration,27007,q7,node,0.25,2967,721,3.9797999779693782
calibration,27007,q7,node,0.5,2967,1479,2.4502999731339514
calibration,27007,q7,node,0.75,2967,2214,2.8022999758832157
calibration,27007,q7,node,1.0,2967,2967,6.664500047918409
calibration,27007,q7,edge,0.1,2113,6,5.718000000342727
calibration,27007,q7,edge,0.25,2113,96,4.780700022820383
calibration,27007,q7,edge,0.5,2113,533,11.000400001648813
calibration,27007,q7,edge,0.75,2113,1162,15.213500009849668
calibration,27007,q7,edge,1.0,2113,2113,17.88439997471869
calibration,27008,q0,node,0.1,1221,135,3.508900001179427
calibration,27008,q0,node,0.25,1221,308,5.601599987130612
calibration,27008,q0,node,0.5,1221,586,5.306199949700385
calibration,27008,q0,node,0.75,1221,900,7.069599989335984
calibration,27008,q0,node,1.0,1221,1221,9.828099980950356
calibration,27008,q0,edge,0.1,2063,17,7.997000007890165
calibration,27008,q0,edge,0.25,2063,120,7.727599993813783
calibration,27008,q0,edge,0.5,2063,517,15.374200011137873
calibration,27008,q0,edge,0.75,2063,1160,19.719499978236854
calibration,27008,q0,edge,1.0,2063,2063,10.320300003513694
calibration,27008,q1,node,0.1,1234,148,3.050800005439669
calibration,27008,q1,node,0.25,1234,327,4.551200021523982
calibration,27008,q1,node,0.5,1234,642,3.379999950993806
calibration,27008,q1,node,0.75,1234,943,4.6520999749191105
calibration,27008,q1,node,1.0,1234,1234,4.343600012362003
calibration,27008,q1,edge,0.1,99,0,2.4785000132396817
calibration,27008,q1,edge,0.25,99,7,1.7813000013120472
calibration,27008,q1,edge,0.5,99,32,7.019000011496246
calibration,27008,q1,edge,0.75,99,63,13.462700007949024
calibration,27008,q1,edge,1.0,99,99,13.059600023552775
calibration,27008,q2,node,0.1,1802,189,4.453799978364259
calibration,27008,q2,node,0.25,1802,485,4.646899993531406
calibration,27008,q2,node,0.5,1802,918,4.193899978417903
calibration,27008,q2,node,0.75,1802,1386,4.1384000214748085
calibration,27008,q2,node,1.0,1802,1802,3.7938000168651342
calibration,27008,q2,edge,0.1,58,1,2.3036000202409923
calibration,27008,q2,edge,0.25,58,4,2.7168000233359635
calibration,27008,q2,edge,0.5,58,10,4.596400016453117
calibration,27008,q2,edge,0.75,58,33,7.291500049177557
calibration,27008,q2,edge,1.0,58,58,6.038299994543195
calibration,27008,q3,node,0.1,4526,498,2.1068999776616693
calibration,27008,q3,node,0.25,4526,1187,3.3192000119015574
calibration,27008,q3,node,0.5,4526,2285,4.519200010690838
calibration,27008,q3,node,0.75,4526,3429,9.25559998722747
calibration,27008,q3,node,1.0,4526,4526,8.44509998569265
calibration,27008,q3,edge,0.1,4089,38,7.050600019283593
calibration,27008,q3,edge,0.25,4089,257,14.597000030335039
calibration,27008,q3,edge,0.5,4089,1043,21.24929998535663
calibration,27008,q3,edge,0.75,4089,2296,22.909199993591756
calibration,27008,q3,edge,1.0,4089,4089,45.000200043432415
calibration,27008,q4,node,0.1,802,72,8.49410000955686
calibration,27008,q4,node,0.25,802,196,4.844499984756112
calibration,27008,q4,node,0.5,802,409,6.057600025087595
calibration,27008,q4,node,0.75,802,611,5.570700042881072
calibration,27008,q4,node,1.0,802,802,5.033999972511083
calibration,27008,q4,edge,0.1,1151,6,4.428100015502423
calibration,27008,q4,edge,0.25,1151,109,6.177200004458427
calibration,27008,q4,edge,0.5,1151,404,9.929499996360391
calibration,27008,q4,edge,0.75,1151,746,13.308900000993162
calibration,27008,q4,edge,1.0,1151,1151,9.600299992598593
calibration,27008,q5,node,0.1,786,69,2.1407000022009015
calibration,27008,q5,node,0.25,786,199,2.3025000118650496
calibration,27008,q5,node,0.5,786,408,3.237100027035922
calibration,27008,q5,node,0.75,786,603,3.06389998877421
calibration,27008,q5,node,1.0,786,786,2.6247999630868435
calibration,27008,q5,edge,0.1,31,0,1.8846000311896205
calibration,27008,q5,edge,0.25,31,3,3.5670999786816537
calibration,27008,q5,edge,0.5,31,14,3.7764000007882714
calibration,27008,q5,edge,0.75,31,17,6.755199981853366
calibration,27008,q5,edge,1.0,31,31,6.104999978560954
calibration,27008,q6,node,0.1,1178,112,3.0759000219404697
calibration,27008,q6,node,0.25,1178,280,3.6733000306412578
calibration,27008,q6,node,0.5,1178,581,7.823399966582656
calibration,27008,q6,node,0.75,1178,866,8.440100005827844
calibration,27008,q6,node,1.0,1178,1178,8.317100000567734
calibration,27008,q6,edge,0.1,23,2,5.9831999824382365
calibration,27008,q6,edge,0.25,23,3,9.510100004263222
calibration,27008,q6,edge,0.5,23,8,10.310799989383668
calibration,27008,q6,edge,0.75,23,12,11.133400024846196
calibration,27008,q6,edge,1.0,23,23,7.082000025548041
calibration,27008,q7,node,0.1,2967,275,4.031499964185059
calibration,27008,q7,node,0.25,2967,723,2.661400008946657
calibration,27008,q7,node,0.5,2967,1488,2.6576999807730317
calibration,27008,q7,node,0.75,2967,2223,3.184799978043884
calibration,27008,q7,node,1.0,2967,2967,15.331000031437725
calibration,27008,q7,edge,0.1,2113,13,3.4118000185117126
calibration,27008,q7,edge,0.25,2113,202,4.89680003374815
calibration,27008,q7,edge,0.5,2113,705,7.132099999580532
calibration,27008,q7,edge,0.75,2113,1337,14.774799987208098
calibration,27008,q7,edge,1.0,2113,2113,14.25890001701191
calibration,27009,q0,node,0.1,1221,143,3.3691999851725996
calibration,27009,q0,node,0.25,1221,300,2.749500039499253
calibration,27009,q0,node,0.5,1221,602,3.379700006917119
calibration,27009,q0,node,0.75,1221,912,3.530600049998611
calibration,27009,q0,node,1.0,1221,1221,3.7646000273525715
calibration,27009,q0,edge,0.1,2063,35,2.9132000054232776
calibration,27009,q0,edge,0.25,2063,118,4.412499954923987
calibration,27009,q0,edge,0.5,2063,531,10.110999981407076
calibration,27009,q0,edge,0.75,2063,1104,11.115400004200637
calibration,27009,q0,edge,1.0,2063,2063,12.506700004450977
calibration,27009,q1,node,0.1,1234,107,3.7047999794594944
calibration,27009,q1,node,0.25,1234,286,2.333999960683286
calibration,27009,q1,node,0.5,1234,628,3.1017999863252044
calibration,27009,q1,node,0.75,1234,946,3.764400025829673
calibration,27009,q1,node,1.0,1234,1234,3.0106999911367893
calibration,27009,q1,edge,0.1,99,1,2.5591999874450266
calibration,27009,q1,edge,0.25,99,3,4.085400025360286
calibration,27009,q1,edge,0.5,99,28,5.2204999956302345
calibration,27009,q1,edge,0.75,99,58,5.941400013398379
calibration,27009,q1,edge,1.0,99,99,4.740100004710257
calibration,27009,q2,node,0.1,1802,172,1.7114999936893582
calibration,27009,q2,node,0.25,1802,467,1.922900031786412
calibration,27009,q2,node,0.5,1802,938,2.6086000143550336
calibration,27009,q2,node,0.75,1802,1360,3.451600030530244
calibration,27009,q2,node,1.0,1802,1802,3.6982999881729484
calibration,27009,q2,edge,0.1,58,2,2.1844999864697456
calibration,27009,q2,edge,0.25,58,3,6.102300016209483
calibration,27009,q2,edge,0.5,58,13,5.108500015921891
calibration,27009,q2,edge,0.75,58,37,5.707299977075309
calibration,27009,q2,edge,1.0,58,58,5.441499990411103
calibration,27009,q3,node,0.1,4526,448,1.8668000120669603
calibration,27009,q3,node,0.25,4526,1116,2.305199974216521
calibration,27009,q3,node,0.5,4526,2296,3.3806999563239515
calibration,27009,q3,node,0.75,4526,3426,5.1232000114396214
calibration,27009,q3,node,1.0,4526,4526,7.215199992060661
calibration,27009,q3,edge,0.1,4089,60,5.108599958475679
calibration,27009,q3,edge,0.25,4089,234,5.09970000712201
calibration,27009,q3,edge,0.5,4089,1050,13.628199987579137
calibration,27009,q3,edge,0.75,4089,2223,16.71979995444417
calibration,27009,q3,edge,1.0,4089,4089,20.97809995757416
calibration,27009,q4,node,0.1,802,73,3.9715999737381935
calibration,27009,q4,node,0.25,802,185,2.5461000041104853
calibration,27009,q4,node,0.5,802,391,2.53510003676638
calibration,27009,q4,node,0.75,802,603,2.721400000154972
calibration,27009,q4,node,1.0,802,802,3.216699988115579
calibration,27009,q4,edge,0.1,1151,9,3.689000033773482
calibration,27009,q4,edge,0.25,1151,46,4.535400017630309
calibration,27009,q4,edge,0.5,1151,248,5.132800026331097
calibration,27009,q4,edge,0.75,1151,685,7.602499972563237
calibration,27009,q4,edge,1.0,1151,1151,8.180200005881488
calibration,27009,q5,node,0.1,786,72,2.5618000072427094
calibration,27009,q5,node,0.25,786,197,5.145800008904189
calibration,27009,q5,node,0.5,786,404,3.5832999856211245
calibration,27009,q5,node,0.75,786,599,3.3872000058181584
calibration,27009,q5,node,1.0,786,786,2.757499983999878
calibration,27009,q5,edge,0.1,31,0,1.794499985408038
calibration,27009,q5,edge,0.25,31,4,2.1240999922156334
calibration,27009,q5,edge,0.5,31,12,3.036400012206286
calibration,27009,q5,edge,0.75,31,19,3.9006000151857734
calibration,27009,q5,edge,1.0,31,31,6.802599993534386
calibration,27009,q6,node,0.1,1178,107,2.06979998620227
calibration,27009,q6,node,0.25,1178,276,3.857299976516515
calibration,27009,q6,node,0.5,1178,565,2.6414000312797725
calibration,27009,q6,node,0.75,1178,882,2.710700035095215
calibration,27009,q6,node,1.0,1178,1178,3.6917999968864024
calibration,27009,q6,edge,0.1,23,0,2.0809000125154853
calibration,27009,q6,edge,0.25,23,1,2.81510001514107
calibration,27009,q6,edge,0.5,23,7,2.864199981559068
calibration,27009,q6,edge,0.75,23,15,6.436600000597537
calibration,27009,q6,edge,1.0,23,23,6.863399990834296
calibration,27009,q7,node,0.1,2967,272,3.30539996502921
calibration,27009,q7,node,0.25,2967,715,2.4633000139147043
calibration,27009,q7,node,0.5,2967,1454,2.545700001064688
calibration,27009,q7,node,0.75,2967,2234,3.175900026690215
calibration,27009,q7,node,1.0,2967,2967,6.966300017666072
calibration,27009,q7,edge,0.1,2113,18,5.8726000133901834
calibration,27009,q7,edge,0.25,2113,97,6.126999971456826
calibration,27009,q7,edge,0.5,2113,478,7.881300000008196
calibration,27009,q7,edge,0.75,2113,1238,10.211899993009865
calibration,27009,q7,edge,1.0,2113,2113,23.254900006577373
calibration,27010,q0,node,0.1,1221,102,8.068000024650246
calibration,27010,q0,node,0.25,1221,287,7.155300001613796
calibration,27010,q0,node,0.5,1221,596,7.476300001144409
calibration,27010,q0,node,0.75,1221,913,9.573399962391704
calibration,27010,q0,node,1.0,1221,1221,18.028899969067425
calibration,27010,q0,edge,0.1,2063,11,6.041999964509159
calibration,27010,q0,edge,0.25,2063,89,7.429999997839332
calibration,27010,q0,edge,0.5,2063,517,8.11190000968054
calibration,27010,q0,edge,0.75,2063,1289,17.93199998792261
calibration,27010,q0,edge,1.0,2063,2063,24.19900003587827
calibration,27010,q1,node,0.1,1234,131,4.915700003039092
calibration,27010,q1,node,0.25,1234,306,5.910300009418279
calibration,27010,q1,node,0.5,1234,588,7.227799971587956
calibration,27010,q1,node,0.75,1234,943,8.45109997317195
calibration,27010,q1,node,1.0,1234,1234,6.453800015151501
calibration,27010,q1,edge,0.1,99,0,8.371800009626895
calibration,27010,q1,edge,0.25,99,6,8.999799960292876
calibration,27010,q1,edge,0.5,99,20,11.207700008526444
calibration,27010,q1,edge,0.75,99,58,11.573299998417497
calibration,27010,q1,edge,1.0,99,99,7.490100048016757
calibration,27010,q2,node,0.1,1802,181,2.2305999882519245
calibration,27010,q2,node,0.25,1802,432,2.279000007547438
calibration,27010,q2,node,0.5,1802,895,4.216299974359572
calibration,27010,q2,node,0.75,1802,1334,6.200700008776039
calibration,27010,q2,node,1.0,1802,1802,3.7167000118643045
calibration,27010,q2,edge,0.1,58,1,2.7917000115849078
calibration,27010,q2,edge,0.25,58,3,4.940900020301342
calibration,27010,q2,edge,0.5,58,14,5.436200008261949
calibration,27010,q2,edge,0.75,58,37,9.144700015895069
calibration,27010,q2,edge,1.0,58,58,7.813999953214079
calibration,27010,q3,node,0.1,4526,444,5.125800031237304
calibration,27010,q3,node,0.25,4526,1092,5.728399963118136
calibration,27010,q3,node,0.5,4526,2218,3.8435000460594893
calibration,27010,q3,node,0.75,4526,3384,7.13550002546981
calibration,27010,q3,node,1.0,4526,4526,9.180799999739975
calibration,27010,q3,edge,0.1,4089,31,8.86599998921156
calibration,27010,q3,edge,0.25,4089,215,6.526199984364212
calibration,27010,q3,edge,0.5,4089,1038,32.55509998416528
calibration,27010,q3,edge,0.75,4089,2516,29.530600004363805
calibration,27010,q3,edge,1.0,4089,4089,35.08190001593903
calibration,27010,q4,node,0.1,802,75,6.696600001305342
calibration,27010,q4,node,0.25,802,205,7.901499979197979
calibration,27010,q4,node,0.5,802,402,11.43939996836707
calibration,27010,q4,node,0.75,802,594,8.952000003773719
calibration,27010,q4,node,1.0,802,802,6.882300018332899
calibration,27010,q4,edge,0.1,1151,2,3.5336000146344304
calibration,27010,q4,edge,0.25,1151,58,5.542400002013892
calibration,27010,q4,edge,0.5,1151,230,5.219199985731393
calibration,27010,q4,edge,0.75,1151,513,11.219899985007942
calibration,27010,q4,edge,1.0,1151,1151,12.937999970745295
calibration,27010,q5,node,0.1,786,81,4.040500032715499
calibration,27010,q5,node,0.25,786,203,5.018700030632317
calibration,27010,q5,node,0.5,786,410,9.13120002951473
calibration,27010,q5,node,0.75,786,601,3.932400024496019
calibration,27010,q5,node,1.0,786,786,28.52110000094399
calibration,27010,q5,edge,0.1,31,0,5.282700003590435
calibration,27010,q5,edge,0.25,31,3,3.370199992787093
calibration,27010,q5,edge,0.5,31,14,3.521300037391484
calibration,27010,q5,edge,0.75,31,23,3.9742999942973256
calibration,27010,q5,edge,1.0,31,31,5.620199954137206
calibration,27010,q6,node,0.1,1178,131,2.160599979106337
calibration,27010,q6,node,0.25,1178,320,4.274800012353808
calibration,27010,q6,node,0.5,1178,613,3.0385999707505107
calibration,27010,q6,node,0.75,1178,878,2.868300012778491
calibration,27010,q6,node,1.0,1178,1178,3.4439999726600945
calibration,27010,q6,edge,0.1,23,0,1.8862999859265983
calibration,27010,q6,edge,0.25,23,2,2.273899968713522
calibration,27010,q6,edge,0.5,23,5,2.971899986732751
calibration,27010,q6,edge,0.75,23,12,3.590899985283613
calibration,27010,q6,edge,1.0,23,23,4.682399972807616
calibration,27010,q7,node,0.1,2967,307,3.881299984641373
calibration,27010,q7,node,0.25,2967,775,3.1169000430963933
calibration,27010,q7,node,0.5,2967,1526,2.446400001645088
calibration,27010,q7,node,0.75,2967,2228,2.8038000455126166
calibration,27010,q7,node,1.0,2967,2967,6.247800018172711
calibration,27010,q7,edge,0.1,2113,14,6.865200004540384
calibration,27010,q7,edge,0.25,2113,111,8.391999988816679
calibration,27010,q7,edge,0.5,2113,476,7.188600022345781
calibration,27010,q7,edge,0.75,2113,999,9.07759997062385
calibration,27010,q7,edge,1.0,2113,2113,19.874799996614456
calibration,27011,q0,node,0.1,1221,142,3.2850000425241888
calibration,27011,q0,node,0.25,1221,319,4.958599980454892
calibration,27011,q0,node,0.5,1221,603,9.63789998786524
calibration,27011,q0,node,0.75,1221,921,6.47020002361387
calibration,27011,q0,node,1.0,1221,1221,5.363899981603026
calibration,27011,q0,edge,0.1,2063,18,4.110199981369078
calibration,27011,q0,edge,0.25,2063,143,8.042900008149445
calibration,27011,q0,edge,0.5,2063,462,7.541099970694631
calibration,27011,q0,edge,0.75,2063,1076,9.881699981633574
calibration,27011,q0,edge,1.0,2063,2063,15.399000025354326
calibration,27011,q1,node,0.1,1234,120,2.5881999754346907
calibration,27011,q1,node,0.25,1234,323,2.084299980197102
calibration,27011,q1,node,0.5,1234,613,3.8124999846331775
calibration,27011,q1,node,0.75,1234,926,4.504599957726896
calibration,27011,q1,node,1.0,1234,1234,3.358999965712428
calibration,27011,q1,edge,0.1,99,1,3.3973000245168805
calibration,27011,q1,edge,0.25,99,8,5.124600022099912
calibration,27011,q1,edge,0.5,99,20,3.853399946819991
calibration,27011,q1,edge,0.75,99,53,7.542499981354922
calibration,27011,q1,edge,1.0,99,99,4.519000009167939
calibration,27011,q2,node,0.1,1802,187,2.0350999548099935
calibration,27011,q2,node,0.25,1802,456,2.7017000247724354
calibration,27011,q2,node,0.5,1802,928,8.142500009853393
calibration,27011,q2,node,0.75,1802,1344,3.666599979624152
calibration,27011,q2,node,1.0,1802,1802,3.59579996438697
calibration,27011,q2,edge,0.1,58,0,2.2764999885112047
calibration,27011,q2,edge,0.25,58,4,3.035100002307445
calibration,27011,q2,edge,0.5,58,10,3.6983999889343977
calibration,27011,q2,edge,0.75,58,35,5.60490001225844
calibration,27011,q2,edge,1.0,58,58,7.9762000241316855
calibration,27011,q3,node,0.1,4526,471,3.057599999010563
calibration,27011,q3,node,0.25,4526,1161,4.142799996770918
calibration,27011,q3,node,0.5,4526,2283,3.3072999794967473
calibration,27011,q3,node,0.75,4526,3398,3.265800012741238
calibration,27011,q3,node,1.0,4526,4526,9.96980001218617
calibration,27011,q3,edge,0.1,4089,39,4.210899991448969
calibration,27011,q3,edge,0.25,4089,308,6.6241000313311815
calibration,27011,q3,edge,0.5,4089,957,9.946599951945245
calibration,27011,q3,edge,0.75,4089,2157,15.750500024296343
calibration,27011,q3,edge,1.0,4089,4089,18.78819998819381
calibration,27011,q4,node,0.1,802,67,2.563500020187348
calibration,27011,q4,node,0.25,802,179,3.5088000004179776
calibration,27011,q4,node,0.5,802,396,3.429599979426712
calibration,27011,q4,node,0.75,802,589,3.700000001117587
calibration,27011,q4,node,1.0,802,802,3.1896999571472406
calibration,27011,q4,edge,0.1,1151,13,2.7856999658979475
calibration,27011,q4,edge,0.25,1151,84,3.8724999758414924
calibration,27011,q4,edge,0.5,1151,296,5.837800039444119
calibration,27011,q4,edge,0.75,1151,755,12.62920000590384
calibration,27011,q4,edge,1.0,1151,1151,12.048800010234118
calibration,27011,q5,node,0.1,786,85,2.1891999640502036
calibration,27011,q5,node,0.25,786,202,2.246999996714294
calibration,27011,q5,node,0.5,786,404,2.8102000360377133
calibration,27011,q5,node,0.75,786,597,3.4738999675028026
calibration,27011,q5,node,1.0,786,786,4.5875999494455755
calibration,27011,q5,edge,0.1,31,0,2.956799988169223
calibration,27011,q5,edge,0.25,31,4,2.27430002996698
calibration,27011,q5,edge,0.5,31,8,3.3699999912641943
calibration,27011,q5,edge,0.75,31,20,4.587200004607439
calibration,27011,q5,edge,1.0,31,31,5.827599961776286
calibration,27011,q6,node,0.1,1178,107,2.318900020327419
calibration,27011,q6,node,0.25,1178,287,5.366099998354912
calibration,27011,q6,node,0.5,1178,603,3.0266999965533614
calibration,27011,q6,node,0.75,1178,872,2.825800038408488
calibration,27011,q6,node,1.0,1178,1178,4.768099985085428
calibration,27011,q6,edge,0.1,23,0,1.9570000004023314
calibration,27011,q6,edge,0.25,23,2,2.2785000037401915
calibration,27011,q6,edge,0.5,23,7,2.9350000550039113
calibration,27011,q6,edge,0.75,23,14,3.5188000183552504
calibration,27011,q6,edge,1.0,23,23,8.03029997041449
calibration,27011,q7,node,0.1,2967,285,2.802700037136674
calibration,27011,q7,node,0.25,2967,719,2.596899983473122
calibration,27011,q7,node,0.5,2967,1492,4.235500004142523
calibration,27011,q7,node,0.75,2967,2203,3.2127000158652663
calibration,27011,q7,node,1.0,2967,2967,6.970299989916384
calibration,27011,q7,edge,0.1,2113,27,3.187800000887364
calibration,27011,q7,edge,0.25,2113,155,7.0183000061661005
calibration,27011,q7,edge,0.5,2113,559,6.4202999928966165
calibration,27011,q7,edge,0.75,2113,1349,5.941400013398379
calibration,27011,q7,edge,1.0,2113,2113,9.283000021241605
calibration,27012,q0,node,0.1,1221,133,5.859799974132329
calibration,27012,q0,node,0.25,1221,322,4.075200005900115
calibration,27012,q0,node,0.5,1221,637,5.757100007031113
calibration,27012,q0,node,0.75,1221,923,4.926500027067959
calibration,27012,q0,node,1.0,1221,1221,3.527900029439479
calibration,27012,q0,edge,0.1,2063,22,3.288600011728704
calibration,27012,q0,edge,0.25,2063,145,6.386000022757798
calibration,27012,q0,edge,0.5,2063,547,7.272700022440404
calibration,27012,q0,edge,0.75,2063,1287,7.835199998226017
calibration,27012,q0,edge,1.0,2063,2063,7.485799957066774
calibration,27012,q1,node,0.1,1234,99,47.77020000619814
calibration,27012,q1,node,0.25,1234,267,5.832900002133101
calibration,27012,q1,node,0.5,1234,593,5.4085999727249146
calibration,27012,q1,node,0.75,1234,897,5.693899991456419
calibration,27012,q1,node,1.0,1234,1234,3.0443999567069113
calibration,27012,q1,edge,0.1,99,0,2.283999987412244
calibration,27012,q1,edge,0.25,99,7,3.4221999812871218
calibration,27012,q1,edge,0.5,99,27,9.128000005148351
calibration,27012,q1,edge,0.75,99,62,6.215900008101016
calibration,27012,q1,edge,1.0,99,99,7.517300022300333
calibration,27012,q2,node,0.1,1802,170,2.245199983008206
calibration,27012,q2,node,0.25,1802,460,2.2013999987393618
calibration,27012,q2,node,0.5,1802,918,3.3533000387251377
calibration,27012,q2,node,0.75,1802,1356,6.290599994827062
calibration,27012,q2,node,1.0,1802,1802,7.400900009088218
calibration,27012,q2,edge,0.1,58,0,4.015600017737597
calibration,27012,q2,edge,0.25,58,3,5.252100003417581
calibration,27012,q2,edge,0.5,58,13,7.849799992982298
calibration,27012,q2,edge,0.75,58,31,8.97720002103597
calibration,27012,q2,edge,1.0,58,58,6.937299971468747
calibration,27012,q3,node,0.1,4526,422,3.2115000067278743
calibration,27012,q3,node,0.25,4526,1104,5.075799999758601
calibration,27012,q3,node,0.5,4526,2267,6.349400035105646
calibration,27012,q3,node,0.75,4526,3380,6.765400001313537
calibration,27012,q3,node,1.0,4526,4526,12.262800009921193
calibration,27012,q3,edge,0.1,4089,39,4.541000002063811
calibration,27012,q3,edge,0.25,4089,272,8.438599994406104
calibration,27012,q3,edge,0.5,4089,1066,10.68369997665286
calibration,27012,q3,edge,0.75,4089,2505,21.11440000589937
calibration,27012,q3,edge,1.0,4089,4089,22.24800002295524
calibration,27012,q4,node,0.1,802,79,4.297700012102723
calibration,27012,q4,node,0.25,802,199,2.0286000217311084
calibration,27012,q4,node,0.5,802,397,2.6379000046290457
calibration,27012,q4,node,0.75,802,604,2.4652000283822417
calibration,27012,q4,node,1.0,802,802,2.7635000296868384
calibration,27012,q4,edge,0.1,1151,8,2.946200023870915
calibration,27012,q4,edge,0.25,1151,68,4.0145000093616545
calibration,27012,q4,edge,0.5,1151,215,4.518200003076345
calibration,27012,q4,edge,0.75,1151,776,13.142300012987107
calibration,27012,q4,edge,1.0,1151,1151,10.644200025126338
calibration,27012,q5,node,0.1,786,68,2.0099999965168536
calibration,27012,q5,node,0.25,786,191,2.0216000266373158
calibration,27012,q5,node,0.5,786,393,2.0825000246986747
calibration,27012,q5,node,0.75,786,585,4.723999998532236
calibration,27012,q5,node,1.0,786,786,4.364699998404831
calibration,27012,q5,edge,0.1,31,0,4.522999981418252
calibration,27012,q5,edge,0.25,31,1,5.10270002996549
calibration,27012,q5,edge,0.5,31,4,6.3813000451773405
calibration,27012,q5,edge,0.75,31,14,6.126400025095791
calibration,27012,q5,edge,1.0,31,31,7.51019996823743
calibration,27012,q6,node,0.1,1178,106,4.613799974322319
calibration,27012,q6,node,0.25,1178,281,3.6094000097364187
calibration,27012,q6,node,0.5,1178,575,3.567199979443103
calibration,27012,q6,node,0.75,1178,870,3.85520001873374
calibration,27012,q6,node,1.0,1178,1178,5.326300044544041
calibration,27012,q6,edge,0.1,23,0,3.6863000132143497
calibration,27012,q6,edge,0.25,23,1,3.882399993017316
calibration,27012,q6,edge,0.5,23,3,4.922799998894334
calibration,27012,q6,edge,0.75,23,8,6.313700054306537
calibration,27012,q6,edge,1.0,23,23,6.634999997913837
calibration,27012,q7,node,0.1,2967,274,4.187999991700053
calibration,27012,q7,node,0.25,2967,727,3.883899946231395
calibration,27012,q7,node,0.5,2967,1459,6.990400026552379
calibration,27012,q7,node,0.75,2967,2206,6.72800000756979
calibration,27012,q7,node,1.0,2967,2967,17.88130000932142
calibration,27012,q7,edge,0.1,2113,22,7.418199966195971
calibration,27012,q7,edge,0.25,2113,132,10.168600012548268
calibration,27012,q7,edge,0.5,2113,423,19.666499982122332
calibration,27012,q7,edge,0.75,2113,1353,26.649100007489324
calibration,27012,q7,edge,1.0,2113,2113,34.713200002443045
calibration,27013,q0,node,0.1,1221,106,2.6687999488785863
calibration,27013,q0,node,0.25,1221,285,4.689399967901409
calibration,27013,q0,node,0.5,1221,620,3.360499977134168
calibration,27013,q0,node,0.75,1221,917,3.774800046812743
calibration,27013,q0,node,1.0,1221,1221,4.008799965959042
calibration,27013,q0,edge,0.1,2063,13,3.0738000059500337
calibration,27013,q0,edge,0.25,2063,99,3.9888000464998186
calibration,27013,q0,edge,0.5,2063,502,13.754699961282313
calibration,27013,q0,edge,0.75,2063,1146,23.511999985203147
calibration,27013,q0,edge,1.0,2063,2063,17.747699981555343
calibration,27013,q1,node,0.1,1234,124,2.756900037638843
calibration,27013,q1,node,0.25,1234,324,2.2247000015340745
calibration,27013,q1,node,0.5,1234,603,3.0857999809086323
calibration,27013,q1,node,0.75,1234,913,5.076100002042949
calibration,27013,q1,node,1.0,1234,1234,2.925399981904775
calibration,27013,q1,edge,0.1,99,2,3.8830999983474612
calibration,27013,q1,edge,0.25,99,4,4.023100016638637
calibration,27013,q1,edge,0.5,99,15,7.578100019600242
calibration,27013,q1,edge,0.75,99,50,11.813200020696968
calibration,27013,q1,edge,1.0,99,99,5.701399990357459
calibration,27013,q2,node,0.1,1802,185,2.210900012869388
calibration,27013,q2,node,0.25,1802,446,2.119900018442422
calibration,27013,q2,node,0.5,1802,898,2.7098999707959592
calibration,27013,q2,node,0.75,1802,1326,3.2010000431910157
calibration,27013,q2,node,1.0,1802,1802,3.227400011382997
calibration,27013,q2,edge,0.1,58,1,2.3249999503605068
calibration,27013,q2,edge,0.25,58,2,3.454799996688962
calibration,27013,q2,edge,0.5,58,15,6.537599954754114
calibration,27013,q2,edge,0.75,58,29,5.751900025643408
calibration,27013,q2,edge,1.0,58,58,5.70119998883456
calibration,27013,q3,node,0.1,4526,439,1.7761000199243426
calibration,27013,q3,node,0.25,4526,1114,2.1083999890834093
calibration,27013,q3,node,0.5,4526,2238,2.6082000113092363
calibration,27013,q3,node,0.75,4526,3344,3.6963000311516225
calibration,27013,q3,node,1.0,4526,4526,10.354000027291477
calibration,27013,q3,edge,0.1,4089,39,3.3462000428698957
calibration,27013,q3,edge,0.25,4089,208,4.942699975799769
calibration,27013,q3,edge,0.5,4089,998,9.408699988853186
calibration,27013,q3,edge,0.75,4089,2242,18.568400002550334
calibration,27013,q3,edge,1.0,4089,4089,22.473499993793666
calibration,27013,q4,node,0.1,802,95,2.7625999646261334
calibration,27013,q4,node,0.25,802,215,3.3496000105515122
calibration,27013,q4,node,0.5,802,425,2.40019999910146
calibration,27013,q4,node,0.75,802,622,3.019199997652322
calibration,27013,q4,node,1.0,802,802,3.951899998355657
calibration,27013,q4,edge,0.1,1151,14,2.657499979250133
calibration,27013,q4,edge,0.25,1151,46,3.5411000135354698
calibration,27013,q4,edge,0.5,1151,321,9.132200037129223
calibration,27013,q4,edge,0.75,1151,617,7.362800010014325
calibration,27013,q4,edge,1.0,1151,1151,7.838600024115294
calibration,27013,q5,node,0.1,786,70,1.8573999986983836
calibration,27013,q5,node,0.25,786,189,1.78089999826625
calibration,27013,q5,node,0.5,786,377,2.5313000078313053
calibration,27013,q5,node,0.75,786,580,4.798399982973933
calibration,27013,q5,node,1.0,786,786,3.8312000106088817
calibration,27013,q5,edge,0.1,31,0,3.8426999817602336
calibration,27013,q5,edge,0.25,31,1,2.454000001307577
calibration,27013,q5,edge,0.5,31,5,2.9396999743767083
calibration,27013,q5,edge,0.75,31,16,4.213900014292449
calibration,27013,q5,edge,1.0,31,31,6.1641999636776745
calibration,27013,q6,node,0.1,1178,102,4.124999977648258
calibration,27013,q6,node,0.25,1178,296,2.2605000413022935
calibration,27013,q6,node,0.5,1178,578,2.44749995181337
calibration,27013,q6,node,0.75,1178,886,4.744699981529266
calibration,27013,q6,node,1.0,1178,1178,4.499399976339191
calibration,27013,q6,edge,0.1,23,0,1.981999957934022
calibration,27013,q6,edge,0.25,23,1,2.8369000065140426
calibration,27013,q6,edge,0.5,23,7,3.6365000414662063
calibration,27013,q6,edge,0.75,23,14,8.670600014738739
calibration,27013,q6,edge,1.0,23,23,6.643800006713718
calibration,27013,q7,node,0.1,2967,283,4.221900017000735
calibration,27013,q7,node,0.25,2967,751,3.859999997075647
calibration,27013,q7,node,0.5,2967,1482,5.21079997997731
calibration,27013,q7,node,0.75,2967,2236,6.344499997794628
calibration,27013,q7,node,1.0,2967,2967,8.981299994047731
calibration,27013,q7,edge,0.1,2113,19,3.056199988350272
calibration,27013,q7,edge,0.25,2113,86,3.8648000336252153
calibration,27013,q7,edge,0.5,2113,572,7.054599991533905
calibration,27013,q7,edge,0.75,2113,1148,11.944799975026399
calibration,27013,q7,edge,1.0,2113,2113,15.687400009483099
calibration,27014,q0,node,0.1,1221,124,5.565700004808605
calibration,27014,q0,node,0.25,1221,310,6.703899998683482
calibration,27014,q0,node,0.5,1221,609,23.11170002212748
calibration,27014,q0,node,0.75,1221,925,9.624199999962002
calibration,27014,q0,node,1.0,1221,1221,7.66590004786849
calibration,27014,q0,edge,0.1,2063,24,7.403799972962588
calibration,27014,q0,edge,0.25,2063,134,9.986600023694336
calibration,27014,q0,edge,0.5,2063,461,13.249500014353544
calibration,27014,q0,edge,0.75,2063,1190,24.06720002181828
calibration,27014,q0,edge,1.0,2063,2063,24.04649998061359
calibration,27014,q1,node,0.1,1234,134,5.534700001589954
calibration,27014,q1,node,0.25,1234,312,5.997199972625822
calibration,27014,q1,node,0.5,1234,620,6.314099999144673
calibration,27014,q1,node,0.75,1234,934,8.947799971792847
calibration,27014,q1,node,1.0,1234,1234,10.046899958979338
calibration,27014,q1,edge,0.1,99,1,5.524600041098893
calibration,27014,q1,edge,0.25,99,9,7.473600038792938
calibration,27014,q1,edge,0.5,99,28,12.105800036806613
calibration,27014,q1,edge,0.75,99,51,12.593299965374172
calibration,27014,q1,edge,1.0,99,99,9.583599981851876
calibration,27014,q2,node,0.1,1802,178,3.4800999565050006
calibration,27014,q2,node,0.25,1802,463,5.098699999507517
calibration,27014,q2,node,0.5,1802,924,7.39909999538213
calibration,27014,q2,node,0.75,1802,1356,7.774900004733354
calibration,27014,q2,node,1.0,1802,1802,7.90279998909682
calibration,27014,q2,edge,0.1,58,0,5.30720001552254
calibration,27014,q2,edge,0.25,58,4,6.068499991670251
calibration,27014,q2,edge,0.5,58,14,9.58589999936521
calibration,27014,q2,edge,0.75,58,32,14.94199997978285
calibration,27014,q2,edge,1.0,58,58,13.758699991740286
calibration,27014,q3,node,0.1,4526,464,4.283499962184578
calibration,27014,q3,node,0.25,4526,1154,6.03760004742071
calibration,27014,q3,node,0.5,4526,2282,6.7699000355787575
calibration,27014,q3,node,0.75,4526,3412,8.182099962141365
calibration,27014,q3,node,1.0,4526,4526,17.612299998290837
calibration,27014,q3,edge,0.1,4089,50,8.847399963997304
calibration,27014,q3,edge,0.25,4089,261,15.190200007054955
calibration,27014,q3,edge,0.5,4089,937,24.590999993961304
calibration,27014,q3,edge,0.75,4089,2353,27.66620001057163
calibration,27014,q3,edge,1.0,4089,4089,44.55320001579821
calibration,27014,q4,node,0.1,802,71,5.114400002639741
calibration,27014,q4,node,0.25,802,199,7.011499954387546
calibration,27014,q4,node,0.5,802,423,3.625200013630092
calibration,27014,q4,node,0.75,802,618,4.163200035691261
calibration,27014,q4,node,1.0,802,802,4.201299976557493
calibration,27014,q4,edge,0.1,1151,3,3.987099975347519
calibration,27014,q4,edge,0.25,1151,49,3.77209996804595
calibration,27014,q4,edge,0.5,1151,277,7.706799951847643
calibration,27014,q4,edge,0.75,1151,756,9.752199985086918
calibration,27014,q4,edge,1.0,1151,1151,10.96689997939393
calibration,27014,q5,node,0.1,786,69,2.0761999767273664
calibration,27014,q5,node,0.25,786,181,1.964299997780472
calibration,27014,q5,node,0.5,786,372,2.6559000252746046
calibration,27014,q5,node,0.75,786,577,2.590599993709475
calibration,27014,q5,node,1.0,786,786,2.5545000098645687
calibration,27014,q5,edge,0.1,31,0,1.7234000260941684
calibration,27014,q5,edge,0.25,31,5,2.1154999849386513
calibration,27014,q5,edge,0.5,31,8,3.3562000025995076
calibration,27014,q5,edge,0.75,31,20,6.9988000323064625
calibration,27014,q5,edge,1.0,31,31,4.557900014333427
calibration,27014,q6,node,0.1,1178,130,1.9940999918617308
calibration,27014,q6,node,0.25,1178,323,3.95579996984452
calibration,27014,q6,node,0.5,1178,622,3.876200004015118
calibration,27014,q6,node,0.75,1178,897,2.5538000045344234
calibration,27014,q6,node,1.0,1178,1178,6.945599976461381
calibration,27014,q6,edge,0.1,23,0,7.533799973316491
calibration,27014,q6,edge,0.25,23,5,5.378600035328418
calibration,27014,q6,edge,0.5,23,9,10.184200014919043
calibration,27014,q6,edge,0.75,23,20,12.440600025001913
calibration,27014,q6,edge,1.0,23,23,12.809700041543692
calibration,27014,q7,node,0.1,2967,290,5.145899951457977
calibration,27014,q7,node,0.25,2967,755,5.18699997337535
calibration,27014,q7,node,0.5,2967,1515,3.664999967440963
calibration,27014,q7,node,0.75,2967,2243,6.223599950317293
calibration,27014,q7,node,1.0,2967,2967,21.94110001437366
calibration,27014,q7,edge,0.1,2113,6,5.804800020996481
calibration,27014,q7,edge,0.25,2113,94,18.515300005674362
calibration,27014,q7,edge,0.5,2113,503,12.524099962320179
calibration,27014,q7,edge,0.75,2113,1354,18.1571000139229
calibration,27014,q7,edge,1.0,2113,2113,27.373799995984882
calibration,27015,q0,node,0.1,1221,124,4.0846000192686915
calibration,27015,q0,node,0.25,1221,300,3.902899974491447
calibration,27015,q0,node,0.5,1221,619,4.695600015111268
calibration,27015,q0,node,0.75,1221,920,6.037799990735948
calibration,27015,q0,node,1.0,1221,1221,8.02429998293519
calibration,27015,q0,edge,0.1,2063,51,3.8424000376835465
calibration,27015,q0,edge,0.25,2063,142,4.637199977878481
calibration,27015,q0,edge,0.5,2063,561,6.958200014196336
calibration,27015,q0,edge,0.75,2063,1178,9.051600005477667
calibration,27015,q0,edge,1.0,2063,2063,25.30739997746423
calibration,27015,q1,node,0.1,1234,112,3.94399999640882
calibration,27015,q1,node,0.25,1234,296,6.107699999120086
calibration,27015,q1,node,0.5,1234,609,5.546000029426068
calibration,27015,q1,node,0.75,1234,917,8.830599952489138
calibration,27015,q1,node,1.0,1234,1234,6.312799989245832
calibration,27015,q1,edge,0.1,99,1,4.945099994074553
calibration,27015,q1,edge,0.25,99,3,6.166100036352873
calibration,27015,q1,edge,0.5,99,18,12.386500020511448
calibration,27015,q1,edge,0.75,99,60,14.3967000185512
calibration,27015,q1,edge,1.0,99,99,11.730400030501187
calibration,27015,q2,node,0.1,1802,214,4.9569999682717025
calibration,27015,q2,node,0.25,1802,466,5.451400007586926
calibration,27015,q2,node,0.5,1802,925,8.3592000300996
calibration,27015,q2,node,0.75,1802,1340,6.710899993777275
calibration,27015,q2,node,1.0,1802,1802,4.284600028768182
calibration,27015,q2,edge,0.1,58,2,2.278300002217293
calibration,27015,q2,edge,0.25,58,8,4.520900023635477
calibration,27015,q2,edge,0.5,58,22,4.385699983686209
calibration,27015,q2,edge,0.75,58,33,8.457900024950504
calibration,27015,q2,edge,1.0,58,58,5.61079999897629
calibration,27015,q3,node,0.1,4526,473,2.0558999967761338
calibration,27015,q3,node,0.25,4526,1117,2.0099999965168536
calibration,27015,q3,node,0.5,4526,2276,2.9962999979034066
calibration,27015,q3,node,0.75,4526,3367,3.3793000038713217
calibration,27015,q3,node,1.0,4526,4526,7.004800019785762
calibration,27015,q3,edge,0.1,4089,77,6.276400003116578
calibration,27015,q3,edge,0.25,4089,281,4.593799996655434
calibration,27015,q3,edge,0.5,4089,1087,6.249599973671138
calibration,27015,q3,edge,0.75,4089,2307,17.992200038861483
calibration,27015,q3,edge,1.0,4089,4089,35.90479999547824
calibration,27015,q4,node,0.1,802,76,5.794299999251962
calibration,27015,q4,node,0.25,802,208,3.8234999519772828
calibration,27015,q4,node,0.5,802,402,3.5260000149719417
calibration,27015,q4,node,0.75,802,588,5.484099965542555
calibration,27015,q4,node,1.0,802,802,6.263699964620173
calibration,27015,q4,edge,0.1,1151,11,3.7542000063695014
calibration,27015,q4,edge,0.25,1151,76,4.058399994391948
calibration,27015,q4,edge,0.5,1151,241,5.915299989283085
calibration,27015,q4,edge,0.75,1151,524,6.319700041785836
calibration,27015,q4,edge,1.0,1151,1151,15.471399994567037
calibration,27015,q5,node,0.1,786,72,3.2482999959029257
calibration,27015,q5,node,0.25,786,190,4.759999981615692
calibration,27015,q5,node,0.5,786,380,5.865000013727695
calibration,27015,q5,node,0.75,786,590,4.68769995495677
calibration,27015,q5,node,1.0,786,786,4.309099982492626
calibration,27015,q5,edge,0.1,31,0,4.700199991930276
calibration,27015,q5,edge,0.25,31,0,4.87139995675534
calibration,27015,q5,edge,0.5,31,7,6.3643999747000635
calibration,27015,q5,edge,0.75,31,15,8.671400020830333
calibration,27015,q5,edge,1.0,31,31,8.777200011536479
calibration,27015,q6,node,0.1,1178,122,4.224999982398003
calibration,27015,q6,node,0.25,1178,293,4.436200018972158
calibration,27015,q6,node,0.5,1178,619,5.342799995560199
calibration,27015,q6,node,0.75,1178,902,6.726799998432398
calibration,27015,q6,node,1.0,1178,1178,9.000899968668818
calibration,27015,q6,edge,0.1,23,0,4.903600027319044
calibration,27015,q6,edge,0.25,23,3,5.678699992131442
calibration,27015,q6,edge,0.5,23,6,9.488800016697496
calibration,27015,q6,edge,0.75,23,14,9.629699983634055
calibration,27015,q6,edge,1.0,23,23,11.02159998845309
calibration,27015,q7,node,0.1,2967,287,6.2046999810263515
calibration,27015,q7,node,0.25,2967,744,6.068899994716048
calibration,27015,q7,node,0.5,2967,1501,6.769400031771511
calibration,27015,q7,node,0.75,2967,2235,7.119400019291788
calibration,27015,q7,node,1.0,2967,2967,18.120999971870333
calibration,27015,q7,edge,0.1,2113,20,7.491199998185039
calibration,27015,q7,edge,0.25,2113,127,12.384000001475215
calibration,27015,q7,edge,0.5,2113,453,16.269200015813112
calibration,27015,q7,edge,0.75,2113,1006,22.168700001202524
calibration,27015,q7,edge,1.0,2113,2113,36.67409997433424
calibration,27016,q0,node,0.1,1221,105,5.298400006722659
calibration,27016,q0,node,0.25,1221,302,5.419499997515231
calibration,27016,q0,node,0.5,1221,591,10.133500036317855
calibration,27016,q0,node,0.75,1221,916,8.327200019266456
calibration,27016,q0,node,1.0,1221,1221,7.197999977506697
calibration,27016,q0,edge,0.1,2063,13,4.0475999703630805
calibration,27016,q0,edge,0.25,2063,110,8.242900017648935
calibration,27016,q0,edge,0.5,2063,498,10.189699998591095
calibration,27016,q0,edge,0.75,2063,1190,9.773499972652644
calibration,27016,q0,edge,1.0,2063,2063,14.124499983154237
calibration,27016,q1,node,0.1,1234,121,2.456699963659048
calibration,27016,q1,node,0.25,1234,315,2.907100017182529
calibration,27016,q1,node,0.5,1234,598,4.051500000059605
calibration,27016,q1,node,0.75,1234,908,7.544599997345358
calibration,27016,q1,node,1.0,1234,1234,6.152199988719076
calibration,27016,q1,edge,0.1,99,0,3.389399964362383
calibration,27016,q1,edge,0.25,99,7,6.772299995645881
calibration,27016,q1,edge,0.5,99,25,8.573900035116822
calibration,27016,q1,edge,0.75,99,52,11.977100046351552
calibration,27016,q1,edge,1.0,99,99,7.588600041344762
calibration,27016,q2,node,0.1,1802,175,2.885800029616803
calibration,27016,q2,node,0.25,1802,411,3.6705000093206763
calibration,27016,q2,node,0.5,1802,906,3.073900006711483
calibration,27016,q2,node,0.75,1802,1339,3.3491000067442656
calibration,27016,q2,node,1.0,1802,1802,3.543200029525906
calibration,27016,q2,edge,0.1,58,0,3.694900020491332
calibration,27016,q2,edge,0.25,58,0,3.13510000705719
calibration,27016,q2,edge,0.5,58,12,4.076700017321855
calibration,27016,q2,edge,0.75,58,26,5.630899977404624
calibration,27016,q2,edge,1.0,58,58,6.299700005911291
calibration,27016,q3,node,0.1,4526,423,2.484500000718981
calibration,27016,q3,node,0.25,4526,1091,2.362900006119162
calibration,27016,q3,node,0.5,4526,2237,6.639899977017194
calibration,27016,q3,node,0.75,4526,3367,4.896600032225251
calibration,27016,q3,node,1.0,4526,4526,8.538800000678748
calibration,27016,q3,edge,0.1,4089,32,3.8389000110328197
calibration,27016,q3,edge,0.25,4089,225,11.574500007554889
calibration,27016,q3,edge,0.5,4089,996,12.092699995264411
calibration,27016,q3,edge,0.75,4089,2285,18.973900005221367
calibration,27016,q3,edge,1.0,4089,4089,39.38089997973293
calibration,27016,q4,node,0.1,802,85,4.924200009554625
calibration,27016,q4,node,0.25,802,197,4.238599969539791
calibration,27016,q4,node,0.5,802,384,5.701499991118908
calibration,27016,q4,node,0.75,802,588,6.297999992966652
calibration,27016,q4,node,1.0,802,802,4.301899985875934
calibration,27016,q4,edge,0.1,1151,11,6.353600008878857
calibration,27016,q4,edge,0.25,1151,61,6.293700018431991
calibration,27016,q4,edge,0.5,1151,204,10.188799991738051
calibration,27016,q4,edge,0.75,1151,692,13.201399997342378
calibration,27016,q4,edge,1.0,1151,1151,8.130100031848997
calibration,27016,q5,node,0.1,786,81,2.817500033415854
calibration,27016,q5,node,0.25,786,199,2.3500999668613076
calibration,27016,q5,node,0.5,786,401,5.51739998627454
calibration,27016,q5,node,0.75,786,596,3.3446999732404947
calibration,27016,q5,node,1.0,786,786,2.818399982061237
calibration,27016,q5,edge,0.1,31,0,1.9718999974429607
calibration,27016,q5,edge,0.25,31,2,2.2859000018797815
calibration,27016,q5,edge,0.5,31,9,3.096700005698949
calibration,27016,q5,edge,0.75,31,19,4.750599968247116
calibration,27016,q5,edge,1.0,31,31,4.094200034160167
calibration,27016,q6,node,0.1,1178,129,1.8595000146888196
calibration,27016,q6,node,0.25,1178,313,3.4710000036284328
calibration,27016,q6,node,0.5,1178,630,2.5818999856710434
calibration,27016,q6,node,0.75,1178,908,2.511399972718209
calibration,27016,q6,node,1.0,1178,1178,3.5224000457674265
calibration,27016,q6,edge,0.1,23,1,1.9395999843254685
calibration,27016,q6,edge,0.25,23,2,2.3706000065431
calibration,27016,q6,edge,0.5,23,9,3.2306999783031642
calibration,27016,q6,edge,0.75,23,16,3.59139998909086
calibration,27016,q6,edge,1.0,23,23,4.490999970585108
calibration,27016,q7,node,0.1,2967,327,4.618800012394786
calibration,27016,q7,node,0.25,2967,767,2.286300004925579
calibration,27016,q7,node,0.5,2967,1514,2.5665999855846167
calibration,27016,q7,node,0.75,2967,2241,2.991399960592389
calibration,27016,q7,node,1.0,2967,2967,7.299699995201081
calibration,27016,q7,edge,0.1,2113,15,2.8768000192940235
calibration,27016,q7,edge,0.25,2113,111,3.8894000463187695
calibration,27016,q7,edge,0.5,2113,409,10.576399974524975
calibration,27016,q7,edge,0.75,2113,1298,11.803400004282594
calibration,27016,q7,edge,1.0,2113,2113,19.24749999307096
calibration,27017,q0,node,0.1,1221,114,2.4627999518997967
calibration,27017,q0,node,0.25,1221,294,2.0649999496527016
calibration,27017,q0,node,0.5,1221,612,2.6181000284850597
calibration,27017,q0,node,0.75,1221,940,3.972299979068339
calibration,27017,q0,node,1.0,1221,1221,3.628099977504462
calibration,27017,q0,edge,0.1,2063,32,3.4639000077731907
calibration,27017,q0,edge,0.25,2063,192,8.338099985849112
calibration,27017,q0,edge,0.5,2063,599,8.884000009857118
calibration,27017,q0,edge,0.75,2063,1355,10.176900017540902
calibration,27017,q0,edge,1.0,2063,2063,13.991199957672507
calibration,27017,q1,node,0.1,1234,113,2.388999972026795
calibration,27017,q1,node,0.25,1234,298,2.2078999900259078
calibration,27017,q1,node,0.5,1234,606,2.942899998743087
calibration,27017,q1,node,0.75,1234,911,3.0070000211708248
calibration,27017,q1,node,1.0,1234,1234,2.6585999876260757
calibration,27017,q1,edge,0.1,99,0,2.0380999776534736
calibration,27017,q1,edge,0.25,99,1,3.4189000143669546
calibration,27017,q1,edge,0.5,99,18,7.137999986298382
calibration,27017,q1,edge,0.75,99,45,8.096300007309765
calibration,27017,q1,edge,1.0,99,99,7.117100001778454
calibration,27017,q2,node,0.1,1802,167,1.9103999948129058
calibration,27017,q2,node,0.25,1802,447,2.464700024574995
calibration,27017,q2,node,0.5,1802,879,3.8687000051140785
calibration,27017,q2,node,0.75,1802,1352,5.416700034402311
calibration,27017,q2,node,1.0,1802,1802,6.312599987722933
calibration,27017,q2,edge,0.1,58,2,4.89219999872148
calibration,27017,q2,edge,0.25,58,5,10.831100051291287
calibration,27017,q2,edge,0.5,58,18,6.398099998477846
calibration,27017,q2,edge,0.75,58,37,11.478499975055456
calibration,27017,q2,edge,1.0,58,58,8.175100025255233
calibration,27017,q3,node,0.1,4526,416,4.746599995996803
calibration,27017,q3,node,0.25,4526,1101,2.5669000460766256
calibration,27017,q3,node,0.5,4526,2224,2.7205999940633774
calibration,27017,q3,node,0.75,4526,3395,3.431699995417148
calibration,27017,q3,node,1.0,4526,4526,6.811300001572818
calibration,27017,q3,edge,0.1,4089,50,3.5670999786816537
calibration,27017,q3,edge,0.25,4089,333,6.33390003349632
calibration,27017,q3,edge,0.5,4089,1141,14.180300000589341
calibration,27017,q3,edge,0.75,4089,2553,14.966200047638267
calibration,27017,q3,edge,1.0,4089,4089,22.110699967015535
calibration,27017,q4,node,0.1,802,93,3.0855999793857336
calibration,27017,q4,node,0.25,802,206,2.650699985679239
calibration,27017,q4,node,0.5,802,401,2.012200013268739
calibration,27017,q4,node,0.75,802,604,3.7823000457137823
calibration,27017,q4,node,1.0,802,802,6.9083000416867435
calibration,27017,q4,edge,0.1,1151,9,6.3393000164069235
calibration,27017,q4,edge,0.25,1151,67,6.924499990418553
calibration,27017,q4,edge,0.5,1151,419,11.911300010979176
calibration,27017,q4,edge,0.75,1151,702,11.130600003525615
calibration,27017,q4,edge,1.0,1151,1151,9.765600028913468
calibration,27017,q5,node,0.1,786,71,2.1294000325724483
calibration,27017,q5,node,0.25,786,198,2.283699985127896
calibration,27017,q5,node,0.5,786,398,5.293200025334954
calibration,27017,q5,node,0.75,786,585,3.7959999754093587
calibration,27017,q5,node,1.0,786,786,3.0167000368237495
calibration,27017,q5,edge,0.1,31,0,2.0955000072717667
calibration,27017,q5,edge,0.25,31,1,2.5454999995417893
calibration,27017,q5,edge,0.5,31,10,3.493600001093
calibration,27017,q5,edge,0.75,31,22,7.832099974621087
calibration,27017,q5,edge,1.0,31,31,7.5376000022515655
calibration,27017,q6,node,0.1,1178,121,2.6740000466816127
calibration,27017,q6,node,0.25,1178,304,3.2122000120580196
calibration,27017,q6,node,0.5,1178,598,4.434300004504621
calibration,27017,q6,node,0.75,1178,892,3.802900027949363
calibration,27017,q6,node,1.0,1178,1178,5.79460000153631
calibration,27017,q6,edge,0.1,23,0,4.58839995553717
calibration,27017,q6,edge,0.25,23,3,22.954300045967102
calibration,27017,q6,edge,0.5,23,9,16.048999968916178
calibration,27017,q6,edge,0.75,23,15,7.637000002432615
calibration,27017,q6,edge,1.0,23,23,9.84369998332113
calibration,27017,q7,node,0.1,2967,304,5.369800026528537
calibration,27017,q7,node,0.25,2967,764,3.0962000018917024
calibration,27017,q7,node,0.5,2967,1503,3.6344000254757702
calibration,27017,q7,node,0.75,2967,2237,4.274499951861799
calibration,27017,q7,node,1.0,2967,2967,9.257500001695007
calibration,27017,q7,edge,0.1,2113,13,3.5075999912805855
calibration,27017,q7,edge,0.25,2113,125,5.170500022359192
calibration,27017,q7,edge,0.5,2113,716,10.142899991478771
calibration,27017,q7,edge,0.75,2113,1279,11.148199962917715
calibration,27017,q7,edge,1.0,2113,2113,20.14710003277287
calibration,27018,q0,node,0.1,1221,123,4.133399983402342
calibration,27018,q0,node,0.25,1221,288,2.798600005917251
calibration,27018,q0,node,0.5,1221,602,2.933100040536374
calibration,27018,q0,node,0.75,1221,930,3.9266999810934067
calibration,27018,q0,node,1.0,1221,1221,4.317199985962361
calibration,27018,q0,edge,0.1,2063,10,4.673900024499744
calibration,27018,q0,edge,0.25,2063,112,10.616799991112202
calibration,27018,q0,edge,0.5,2063,436,18.10070005012676
calibration,27018,q0,edge,0.75,2063,1268,27.109499962534755
calibration,27018,q0,edge,1.0,2063,2063,27.336200000718236
calibration,27018,q1,node,0.1,1234,111,6.576499959919602
calibration,27018,q1,node,0.25,1234,298,5.843000020831823
calibration,27018,q1,node,0.5,1234,613,8.259000023826957
calibration,27018,q1,node,0.75,1234,922,6.630100018810481
calibration,27018,q1,node,1.0,1234,1234,3.3005999866873026
calibration,27018,q1,edge,0.1,99,0,2.5110000278800726
calibration,27018,q1,edge,0.25,99,10,3.2056000200100243
calibration,27018,q1,edge,0.5,99,33,3.997799998614937
calibration,27018,q1,edge,0.75,99,59,8.44520004466176
calibration,27018,q1,edge,1.0,99,99,5.2072000107727945
calibration,27018,q2,node,0.1,1802,181,2.246400050353259
calibration,27018,q2,node,0.25,1802,481,2.839399967342615
calibration,27018,q2,node,0.5,1802,909,2.9960000538267195
calibration,27018,q2,node,0.75,1802,1376,3.2854999881237745
calibration,27018,q2,node,1.0,1802,1802,3.676599997561425
calibration,27018,q2,edge,0.1,58,2,3.551499976310879
calibration,27018,q2,edge,0.25,58,4,3.7911999970674515
calibration,27018,q2,edge,0.5,58,18,4.314200021326542
calibration,27018,q2,edge,0.75,58,31,6.1561000184156
calibration,27018,q2,edge,1.0,58,58,8.092699979897588
calibration,27018,q3,node,0.1,4526,446,3.3639000030234456
calibration,27018,q3,node,0.25,4526,1133,4.080899991095066
calibration,27018,q3,node,0.5,4526,2247,4.842300026211888
calibration,27018,q3,node,0.75,4526,3410,7.2824000380933285
calibration,27018,q3,node,1.0,4526,4526,8.601500012446195
calibration,27018,q3,edge,0.1,4089,26,6.716399977449328
calibration,27018,q3,edge,0.25,4089,240,8.677099947817624
calibration,27018,q3,edge,0.5,4089,915,9.730999998282641
calibration,27018,q3,edge,0.75,4089,2469,18.812900001648813
calibration,27018,q3,edge,1.0,4089,4089,18.85910000419244
calibration,27018,q4,node,0.1,802,69,6.068000046070665
calibration,27018,q4,node,0.25,802,179,4.103599989321083
calibration,27018,q4,node,0.5,802,419,2.675499999895692
calibration,27018,q4,node,0.75,802,605,3.4966000239364803
calibration,27018,q4,node,1.0,802,802,3.084200026933104
calibration,27018,q4,edge,0.1,1151,5,4.3946000514552
calibration,27018,q4,edge,0.25,1151,41,3.240399993956089
calibration,27018,q4,edge,0.5,1151,247,5.700300040189177
calibration,27018,q4,edge,0.75,1151,772,10.529400024097413
calibration,27018,q4,edge,1.0,1151,1151,13.680199976079166
calibration,27018,q5,node,0.1,786,75,1.868800027295947
calibration,27018,q5,node,0.25,786,195,2.1183000062592328
calibration,27018,q5,node,0.5,786,381,5.509600043296814
calibration,27018,q5,node,0.75,786,579,3.247199987526983
calibration,27018,q5,node,1.0,786,786,2.9192999936640263
calibration,27018,q5,edge,0.1,31,1,2.7757000061683357
calibration,27018,q5,edge,0.25,31,2,2.863400033675134
calibration,27018,q5,edge,0.5,31,10,3.0882999999448657
calibration,27018,q5,edge,0.75,31,14,4.019999993033707
calibration,27018,q5,edge,1.0,31,31,4.150499997194856
calibration,27018,q6,node,0.1,1178,101,2.3171999491751194
calibration,27018,q6,node,0.25,1178,290,4.215599969029427
calibration,27018,q6,node,0.5,1178,576,3.241900005377829
calibration,27018,q6,node,0.75,1178,858,3.609500010497868
calibration,27018,q6,node,1.0,1178,1178,5.934300017543137
calibration,27018,q6,edge,0.1,23,1,2.0837000338360667
calibration,27018,q6,edge,0.25,23,3,2.1534000406973064
calibration,27018,q6,edge,0.5,23,4,3.2895999611355364
calibration,27018,q6,edge,0.75,23,12,6.7257999908179045
calibration,27018,q6,edge,1.0,23,23,6.704500003252178
calibration,27018,q7,node,0.1,2967,262,2.3341000196523964
calibration,27018,q7,node,0.25,2967,711,1.8403000431135297
calibration,27018,q7,node,0.5,2967,1478,2.1262000082060695
calibration,27018,q7,node,0.75,2967,2188,2.8270999900996685
calibration,27018,q7,node,1.0,2967,2967,6.7408999893814325
calibration,27018,q7,edge,0.1,2113,16,4.354899981990457
calibration,27018,q7,edge,0.25,2113,81,5.7079000398516655
calibration,27018,q7,edge,0.5,2113,448,10.429800022393465
calibration,27018,q7,edge,0.75,2113,1314,10.485499980859458
calibration,27018,q7,edge,1.0,2113,2113,25.947000016458333
calibration,27019,q0,node,0.1,1221,140,8.491199987474829
calibration,27019,q0,node,0.25,1221,322,6.60360004985705
calibration,27019,q0,node,0.5,1221,649,7.799700018949807
calibration,27019,q0,node,0.75,1221,931,7.099699985701591
calibration,27019,q0,node,1.0,1221,1221,7.949100050609559
calibration,27019,q0,edge,0.1,2063,13,8.560899994336069
calibration,27019,q0,edge,0.25,2063,85,10.34439995419234
calibration,27019,q0,edge,0.5,2063,484,17.48909999150783
calibration,27019,q0,edge,0.75,2063,1271,24.58689996274188
calibration,27019,q0,edge,1.0,2063,2063,25.491800042800605
calibration,27019,q1,node,0.1,1234,109,5.321300006471574
calibration,27019,q1,node,0.25,1234,295,5.346400022972375
calibration,27019,q1,node,0.5,1234,585,6.056000012904406
calibration,27019,q1,node,0.75,1234,911,9.276699973270297
calibration,27019,q1,node,1.0,1234,1234,6.8725000019185245
calibration,27019,q1,edge,0.1,99,1,4.960599995683879
calibration,27019,q1,edge,0.25,99,9,6.328999996185303
calibration,27019,q1,edge,0.5,99,16,6.161500001326203
calibration,27019,q1,edge,0.75,99,49,3.4915999858640134
calibration,27019,q1,edge,1.0,99,99,6.786599988117814
calibration,27019,q2,node,0.1,1802,181,4.006900009699166
calibration,27019,q2,node,0.25,1802,447,5.513799958862364
calibration,27019,q2,node,0.5,1802,911,10.671199997887015
calibration,27019,q2,node,0.75,1802,1333,8.865299983881414
calibration,27019,q2,node,1.0,1802,1802,5.482400010805577
calibration,27019,q2,edge,0.1,58,1,3.61660000635311
calibration,27019,q2,edge,0.25,58,5,4.607899987604469
calibration,27019,q2,edge,0.5,58,19,4.131400026381016
calibration,27019,q2,edge,0.75,58,34,5.764800007455051
calibration,27019,q2,edge,1.0,58,58,5.584399972576648
calibration,27019,q3,node,0.1,4526,466,2.1460000425577164
calibration,27019,q3,node,0.25,4526,1143,2.2025000071153045
calibration,27019,q3,node,0.5,4526,2279,2.8978000045754015
calibration,27019,q3,node,0.75,4526,3373,5.709600052796304
calibration,27019,q3,node,1.0,4526,4526,7.382299983873963
calibration,27019,q3,edge,0.1,4089,28,3.843699989374727
calibration,27019,q3,edge,0.25,4089,202,5.604899954050779
calibration,27019,q3,edge,0.5,4089,994,11.527399998158216
calibration,27019,q3,edge,0.75,4089,2414,18.382999987807125
calibration,27019,q3,edge,1.0,4089,4089,28.495299979113042
calibration,27019,q4,node,0.1,802,83,3.3445999724790454
calibration,27019,q4,node,0.25,802,200,2.9627999756485224
calibration,27019,q4,node,0.5,802,403,3.050800005439669
calibration,27019,q4,node,0.75,802,600,2.771900035440922
calibration,27019,q4,node,1.0,802,802,5.266200052574277
calibration,27019,q4,edge,0.1,1151,8,2.6717999717220664
calibration,27019,q4,edge,0.25,1151,58,3.215599979739636
calibration,27019,q4,edge,0.5,1151,218,4.6931999968364835
calibration,27019,q4,edge,0.75,1151,536,6.587899988517165
calibration,27019,q4,edge,1.0,1151,1151,9.287100052461028
calibration,27019,q5,node,0.1,786,101,2.901199972257018
calibration,27019,q5,node,0.25,786,214,2.8765000170096755
calibration,27019,q5,node,0.5,786,402,8.648800023365766
calibration,27019,q5,node,0.75,786,610,3.201999992597848
calibration,27019,q5,node,1.0,786,786,3.067100013140589
calibration,27019,q5,edge,0.1,31,0,2.905599947553128
calibration,27019,q5,edge,0.25,31,2,8.014300023205578
calibration,27019,q5,edge,0.5,31,11,6.825499993283302
calibration,27019,q5,edge,0.75,31,20,8.56669998029247
calibration,27019,q5,edge,1.0,31,31,9.283399966079742
calibration,27019,q6,node,0.1,1178,124,3.375599975697696
calibration,27019,q6,node,0.25,1178,302,2.946500026155263
calibration,27019,q6,node,0.5,1178,606,3.7508999812416732
calibration,27019,q6,node,0.75,1178,906,6.780399999115616
calibration,27019,q6,node,1.0,1178,1178,4.463399993255734
calibration,27019,q6,edge,0.1,23,0,2.793600026052445
calibration,27019,q6,edge,0.25,23,1,3.6130999797023833
calibration,27019,q6,edge,0.5,23,12,4.662200051825494
calibration,27019,q6,edge,0.75,23,16,4.2162000318057835
calibration,27019,q6,edge,1.0,23,23,6.100600003264844
calibration,27019,q7,node,0.1,2967,322,2.1667000255547464
calibration,27019,q7,node,0.25,2967,755,1.9175999914295971
calibration,27019,q7,node,0.5,2967,1494,2.186700003221631
calibration,27019,q7,node,0.75,2967,2258,2.4424000293947756
calibration,27019,q7,node,1.0,2967,2967,9.52229998074472
calibration,27019,q7,edge,0.1,2113,18,6.2769000069238245
calibration,27019,q7,edge,0.25,2113,110,7.078200054820627
calibration,27019,q7,edge,0.5,2113,447,19.536899984814227
calibration,27019,q7,edge,0.75,2113,1059,9.46740002837032
calibration,27019,q7,edge,1.0,2113,2113,14.037399960216135
