split,seed,country,kind,fidelity,truth,count,query_ms
fitting,26000,q0,node,0.1,1221,125,984.9521000287496
fitting,26000,q0,node,0.25,1221,322,11.536800011526793
fitting,26000,q0,node,0.5,1221,596,11.67510001687333
fitting,26000,q0,node,0.75,1221,908,19.083999970462173
fitting,26000,q0,node,1.0,1221,1221,129.06770000699908
fitting,26000,q0,edge,0.1,200,2,500.8205999620259
fitting,26000,q0,edge,0.25,200,19,23.79169996129349
fitting,26000,q0,edge,0.5,200,39,21.480600000359118
fitting,26000,q0,edge,0.75,200,106,27.70009997766465
fitting,26000,q0,edge,1.0,200,200,225.3637000103481
fitting,26000,q1,node,0.1,1234,115,6.329499999992549
fitting,26000,q1,node,0.25,1234,300,10.322600021027029
fitting,26000,q1,node,0.5,1234,600,13.617300020996481
fitting,26000,q1,node,0.75,1234,912,14.490899979136884
fitting,26000,q1,node,1.0,1234,1234,14.037000015377998
fitting,26000,q1,edge,0.1,252,0,9.78439999744296
fitting,26000,q1,edge,0.25,252,18,14.172900002449751
fitting,26000,q1,edge,0.5,252,76,19.46849998785183
fitting,26000,q1,edge,0.75,252,150,25.051900011021644
fitting,26000,q1,edge,1.0,252,252,21.515300031751394
fitting,26000,q2,node,0.1,1802,168,7.653200009372085
fitting,26000,q2,node,0.25,1802,435,7.085399993229657
fitting,26000,q2,node,0.5,1802,872,53.41320001753047
fitting,26000,q2,node,0.75,1802,1337,11.748299992177635
fitting,26000,q2,node,1.0,1802,1802,14.004900003783405
fitting,26000,q2,edge,0.1,490,7,9.93719999678433
fitting,26000,q2,edge,0.25,490,22,11.139600013848394
fitting,26000,q2,edge,0.5,490,105,94.82349996687844
fitting,26000,q2,edge,0.75,490,272,32.63769997283816
fitting,26000,q2,edge,1.0,490,490,35.71949998149648
fitting,26000,q3,node,0.1,4526,432,13.702899974305183
fitting,26000,q3,node,0.25,4526,1121,11.109400016721338
fitting,26000,q3,node,0.5,4526,2203,13.699999952223152
fitting,26000,q3,node,0.75,4526,3370,17.27980002760887
fitting,26000,q3,node,1.0,4526,4526,22.558199998456985
fitting,26000,q3,edge,0.1,3156,29,54.05310000060126
fitting,26000,q3,edge,0.25,3156,208,21.449799998663366
fitting,26000,q3,edge,0.5,3156,769,33.188599976710975
fitting,26000,q3,edge,0.75,3156,1793,25.28530004201457
fitting,26000,q3,edge,1.0,3156,3156,45.64349999418482
fitting,26000,q4,node,0.1,802,68,18.11830000951886
fitting,26000,q4,node,0.25,802,204,5.153400008566678
fitting,26000,q4,node,0.5,802,390,6.511299987323582
fitting,26000,q4,node,0.75,802,594,14.047199976630509
fitting,26000,q4,node,1.0,802,802,10.960299987345934
fitting,26000,q4,edge,0.1,90,3,6.641399988438934
fitting,26000,q4,edge,0.25,90,10,9.732200007420033
fitting,26000,q4,edge,0.5,90,23,8.02880001720041
fitting,26000,q4,edge,0.75,90,47,9.16660000802949
fitting,26000,q4,edge,1.0,90,90,8.66579997818917
fitting,26000,q5,node,0.1,786,84,7.561800011899322
fitting,26000,q5,node,0.25,786,196,5.786399997305125
fitting,26000,q5,node,0.5,786,388,6.051499978639185
fitting,26000,q5,node,0.75,786,607,10.165799991227686
fitting,26000,q5,node,1.0,786,786,39.97939999680966
fitting,26000,q5,edge,0.1,92,1,6.721400015521795
fitting,26000,q5,edge,0.25,92,5,7.970799983013421
fitting,26000,q5,edge,0.5,92,20,24.611999979242682
fitting,26000,q5,edge,0.75,92,41,17.832099983934313
fitting,26000,q5,edge,1.0,92,92,48.680500010959804
fitting,26000,q6,node,0.1,1178,133,13.068900036159903
fitting,26000,q6,node,0.25,1178,286,9.385699988342822
fitting,26000,q6,node,0.5,1178,561,6.655399978626519
fitting,26000,q6,node,0.75,1178,886,10.334899998269975
fitting,26000,q6,node,1.0,1178,1178,12.673199991695583
fitting,26000,q6,edge,0.1,194,1,7.415300002321601
fitting,26000,q6,edge,0.25,194,13,9.047700033988804
fitting,26000,q6,edge,0.5,194,56,15.31229994725436
fitting,26000,q6,edge,0.75,194,116,13.410900020971894
fitting,26000,q6,edge,1.0,194,194,14.330699981655926
fitting,26000,q7,node,0.1,2967,307,12.630099954549223
fitting,26000,q7,node,0.25,2967,753,6.607699964661151
fitting,26000,q7,node,0.5,2967,1463,13.82039999589324
fitting,26000,q7,node,0.75,2967,2250,11.4171999739483
fitting,26000,q7,node,1.0,2967,2967,20.137700019404292
fitting,26000,q7,edge,0.1,1298,19,8.196999959181994
fitting,26000,q7,edge,0.25,1298,90,15.93309995951131
fitting,26000,q7,edge,0.5,1298,319,15.0294000050053
fitting,26000,q7,edge,0.75,1298,729,23.611700045876205
fitting,26000,q7,edge,1.0,1298,1298,19.759799994062632
fitting,26001,q0,node,0.1,1221,127,6.395199976395816
fitting,26001,q0,node,0.25,1221,330,6.215200002770871
fitting,26001,q0,node,0.5,1221,659,16.25480002257973
fitting,26001,q0,node,0.75,1221,920,8.102699997834861
fitting,26001,q0,node,1.0,1221,1221,15.344200015533715
fitting,26001,q0,edge,0.1,200,4,8.895999984815717
fitting,26001,q0,edge,0.25,200,17,7.780499989166856
fitting,26001,q0,edge,0.5,200,58,12.688099988736212
fitting,26001,q0,edge,0.75,200,115,13.374699978157878
fitting,26001,q0,edge,1.0,200,200,13.143000018317252
fitting,26001,q1,node,0.1,1234,123,8.06580000789836
fitting,26001,q1,node,0.25,1234,315,6.784799974411726
fitting,26001,q1,node,0.5,1234,632,6.437899952288717
fitting,26001,q1,node,0.75,1234,952,6.460800010245293
fitting,26001,q1,node,1.0,1234,1234,12.079200008884072
fitting,26001,q1,edge,0.1,252,2,6.153900001663715
fitting,26001,q1,edge,0.25,252,14,6.857600004877895
fitting,26001,q1,edge,0.5,252,73,8.631700009573251
fitting,26001,q1,edge,0.75,252,152,15.120199997909367
fitting,26001,q1,edge,1.0,252,252,11.013599985744804
fitting,26001,q2,node,0.1,1802,168,8.735000039450824
fitting,26001,q2,node,0.25,1802,440,8.576499996706843
fitting,26001,q2,node,0.5,1802,894,6.780299998354167
fitting,26001,q2,node,0.75,1802,1350,8.907000010367483
fitting,26001,q2,node,1.0,1802,1802,70.92799997190014
fitting,26001,q2,edge,0.1,490,4,9.933200024534017
fitting,26001,q2,edge,0.25,490,25,8.678199956193566
fitting,26001,q2,edge,0.5,490,128,9.62740002432838
fitting,26001,q2,edge,0.75,490,263,15.135800000280142
fitting,26001,q2,edge,1.0,490,490,50.262600008863956
fitting,26001,q3,node,0.1,4526,447,10.791399981826544
fitting,26001,q3,node,0.25,4526,1150,7.957199995871633
fitting,26001,q3,node,0.5,4526,2320,6.647300033364445
fitting,26001,q3,node,0.75,4526,3428,13.805900001898408
fitting,26001,q3,node,1.0,4526,4526,20.90699999826029
fitting,26001,q3,edge,0.1,3156,33,6.415700016077608
fitting,26001,q3,edge,0.25,3156,198,11.603300052229315
fitting,26001,q3,edge,0.5,3156,845,15.034400043077767
fitting,26001,q3,edge,0.75,3156,1813,21.749500010628253
fitting,26001,q3,edge,1.0,3156,3156,43.97090000566095
fitting,26001,q4,node,0.1,802,78,9.019099990837276
fitting,26001,q4,node,0.25,802,202,5.555700045078993
fitting,26001,q4,node,0.5,802,401,5.023900012020022
fitting,26001,q4,node,0.75,802,595,4.54699998954311
fitting,26001,q4,node,1.0,802,802,4.7067999839782715
fitting,26001,q4,edge,0.1,90,0,6.2547000125050545
fitting,26001,q4,edge,0.25,90,9,35.520799981895834
fitting,26001,q4,edge,0.5,90,23,44.03569997521117
fitting,26001,q4,edge,0.75,90,52,35.053799976594746
fitting,26001,q4,edge,1.0,90,90,24.03029997367412
fitting,26001,q5,node,0.1,786,78,10.970800009090453
fitting,26001,q5,node,0.25,786,209,9.022200014442205
fitting,26001,q5,node,0.5,786,413,14.486000000033528
fitting,26001,q5,node,0.75,786,600,10.165599989704788
fitting,26001,q5,node,1.0,786,786,9.880100027658045
fitting,26001,q5,edge,0.1,92,2,14.102899993304163
fitting,26001,q5,edge,0.25,92,7,11.662000033538789
fitting,26001,q5,edge,0.5,92,27,16.86059997882694
fitting,26001,q5,edge,0.75,92,59,11.053599999286234
fitting,26001,q5,edge,1.0,92,92,9.291199967265129
fitting,26001,q6,node,0.1,1178,111,9.79929999448359
fitting,26001,q6,node,0.25,1178,263,6.481899996288121
fitting,26001,q6,node,0.5,1178,558,4.542799957562238
fitting,26001,q6,node,0.75,1178,873,4.91900002816692
fitting,26001,q6,node,1.0,1178,1178,10.32069994835183
fitting,26001,q6,edge,0.1,194,3,6.383300002198666
fitting,26001,q6,edge,0.25,194,7,4.580200009513646
fitting,26001,q6,edge,0.5,194,43,8.981199993286282
fitting,26001,q6,edge,0.75,194,107,12.433200026862323
fitting,26001,q6,edge,1.0,194,194,13.421099982224405
fitting,26001,q7,node,0.1,2967,287,4.548199998680502
fitting,26001,q7,node,0.25,2967,726,8.3147999830544
fitting,26001,q7,node,0.5,2967,1468,7.396100030746311
fitting,26001,q7,node,0.75,2967,2219,6.149700027890503
fitting,26001,q7,node,1.0,2967,2967,15.073199989274144
fitting,26001,q7,edge,0.1,1298,11,9.315300034359097
fitting,26001,q7,edge,0.25,1298,82,6.585500028450042
fitting,26001,q7,edge,0.5,1298,331,9.063300036359578
fitting,26001,q7,edge,0.75,1298,708,16.51970000239089
fitting,26001,q7,edge,1.0,1298,1298,17.762499977834523
fitting,26002,q0,node,0.1,1221,119,8.118900004774332
fitting,26002,q0,node,0.25,1221,304,6.026500021107495
fitting,26002,q0,node,0.5,1221,587,7.967700017616153
fitting,26002,q0,node,0.75,1221,916,7.733800041023642
fitting,26002,q0,node,1.0,1221,1221,22.44220004649833
fitting,26002,q0,edge,0.1,200,2,19.291600037831813
fitting,26002,q0,edge,0.25,200,19,15.026899985969067
fitting,26002,q0,edge,0.5,200,48,13.529199990443885
fitting,26002,q0,edge,0.75,200,118,14.10619996022433
fitting,26002,q0,edge,1.0,200,200,14.077299972996116
fitting,26002,q1,node,0.1,1234,130,6.1508999788202345
fitting,26002,q1,node,0.25,1234,326,4.141000041272491
fitting,26002,q1,node,0.5,1234,617,3.979200031608343
fitting,26002,q1,node,0.75,1234,926,3.8471000152640045
fitting,26002,q1,node,1.0,1234,1234,8.329200034495443
fitting,26002,q1,edge,0.1,252,5,5.954099993687123
fitting,26002,q1,edge,0.25,252,20,5.614199966657907
fitting,26002,q1,edge,0.5,252,65,5.976700049359351
fitting,26002,q1,edge,0.75,252,145,7.390299986582249
fitting,26002,q1,edge,1.0,252,252,11.749299999792129
fitting,26002,q2,node,0.1,1802,187,18.674600054509938
fitting,26002,q2,node,0.25,1802,454,7.435400038957596
fitting,26002,q2,node,0.5,1802,916,5.206100002396852
fitting,26002,q2,node,0.75,1802,1370,4.579200001899153
fitting,26002,q2,node,1.0,1802,1802,6.458599993493408
fitting,26002,q2,edge,0.1,490,4,4.140600038226694
fitting,26002,q2,edge,0.25,490,22,11.189199984073639
fitting,26002,q2,edge,0.5,490,133,38.23090001242235
fitting,26002,q2,edge,0.75,490,293,9.80390002951026
fitting,26002,q2,edge,1.0,490,490,14.894799969624728
fitting,26002,q3,node,0.1,4526,459,4.715599992778152
fitting,26002,q3,node,0.25,4526,1135,4.361999977845699
fitting,26002,q3,node,0.5,4526,2246,4.741899960208684
fitting,26002,q3,node,0.75,4526,3405,4.64329996611923
fitting,26002,q3,node,1.0,4526,4526,14.161699975375086
fitting,26002,q3,edge,0.1,3156,39,5.636300018522888
fitting,26002,q3,edge,0.25,3156,211,21.510699996724725
fitting,26002,q3,edge,0.5,3156,811,11.862199986353517
fitting,26002,q3,edge,0.75,3156,1815,17.713300010655075
fitting,26002,q3,edge,1.0,3156,3156,25.847000011708587
fitting,26002,q4,node,0.1,802,80,34.90949998376891
fitting,26002,q4,node,0.25,802,194,11.20229996740818
fitting,26002,q4,node,0.5,802,422,12.404700042679906
fitting,26002,q4,node,0.75,802,598,21.591000026091933
fitting,26002,q4,node,1.0,802,802,29.82320002047345
fitting,26002,q4,edge,0.1,90,0,5.212499992921948
fitting,26002,q4,edge,0.25,90,3,5.4163000313565135
fitting,26002,q4,edge,0.5,90,24,8.362299995496869
fitting,26002,q4,edge,0.75,90,46,10.14170004054904
fitting,26002,q4,edge,1.0,90,90,6.798299960792065
fitting,26002,q5,node,0.1,786,87,4.23439999576658
fitting,26002,q5,node,0.25,786,193,3.384099982213229
fitting,26002,q5,node,0.5,786,367,5.406800017226487
fitting,26002,q5,node,0.75,786,580,9.808699949644506
fitting,26002,q5,node,1.0,786,786,6.604099995456636
fitting,26002,q5,edge,0.1,92,1,4.488699953071773
fitting,26002,q5,edge,0.25,92,3,3.6736000329256058
fitting,26002,q5,edge,0.5,92,12,4.46699996246025
fitting,26002,q5,edge,0.75,92,42,9.356599999591708
fitting,26002,q5,edge,1.0,92,92,10.43939997907728
fitting,26002,q6,node,0.1,1178,116,5.840900004841387
fitting,26002,q6,node,0.25,1178,294,5.521300015971065
fitting,26002,q6,node,0.5,1178,607,9.263600048143417
fitting,26002,q6,node,0.75,1178,887,6.543299998156726
fitting,26002,q6,node,1.0,1178,1178,8.216699992772192
fitting,26002,q6,edge,0.1,194,3,29.39069998683408
fitting,26002,q6,edge,0.25,194,15,18.61500000813976
fitting,26002,q6,edge,0.5,194,50,15.044400002807379
fitting,26002,q6,edge,0.75,194,105,14.966199989430606
fitting,26002,q6,edge,1.0,194,194,11.281399987637997
fitting,26002,q7,node,0.1,2967,305,4.047000024002045
fitting,26002,q7,node,0.25,2967,734,3.5818000324070454
fitting,26002,q7,node,0.5,2967,1491,3.3309999853372574
fitting,26002,q7,node,0.75,2967,2212,6.069499999284744
fitting,26002,q7,node,1.0,2967,2967,10.594799998216331
fitting,26002,q7,edge,0.1,1298,13,15.483500028494745
fitting,26002,q7,edge,0.25,1298,81,9.446499985642731
fitting,26002,q7,edge,0.5,1298,297,9.54150001052767
fitting,26002,q7,edge,0.75,1298,695,9.522499982267618
fitting,26002,q7,edge,1.0,1298,1298,17.652800015639514
fitting,26003,q0,node,0.1,1221,121,10.403499996755272
fitting,26003,q0,node,0.25,1221,324,5.186299968045205
fitting,26003,q0,node,0.5,1221,631,4.834999970626086
fitting,26003,q0,node,0.75,1221,925,7.524399959947914
fitting,26003,q0,node,1.0,1221,1221,21.683900034986436
fitting,26003,q0,edge,0.1,200,3,13.418300019111484
fitting,26003,q0,edge,0.25,200,10,8.9490000391379
fitting,26003,q0,edge,0.5,200,58,9.210199990775436
fitting,26003,q0,edge,0.75,200,110,7.375799992587417
fitting,26003,q0,edge,1.0,200,200,12.345600000116974
fitting,26003,q1,node,0.1,1234,129,6.904600013513118
fitting,26003,q1,node,0.25,1234,279,4.834100021980703
fitting,26003,q1,node,0.5,1234,568,4.390300018712878
fitting,26003,q1,node,0.75,1234,895,4.818400018848479
fitting,26003,q1,node,1.0,1234,1234,5.50999998813495
fitting,26003,q1,edge,0.1,252,3,5.992599995806813
fitting,26003,q1,edge,0.25,252,9,4.963000013958663
fitting,26003,q1,edge,0.5,252,50,5.866999970749021
fitting,26003,q1,edge,0.75,252,136,12.88990001194179
fitting,26003,q1,edge,1.0,252,252,10.817700007464737
fitting,26003,q2,node,0.1,1802,187,3.597600036300719
fitting,26003,q2,node,0.25,1802,449,3.4825000329874456
fitting,26003,q2,node,0.5,1802,898,4.197900008875877
fitting,26003,q2,node,0.75,1802,1343,10.027899988926947
fitting,26003,q2,node,1.0,1802,1802,21.72210003482178
fitting,26003,q2,edge,0.1,490,7,20.749000017531216
fitting,26003,q2,edge,0.25,490,36,13.260600040666759
fitting,26003,q2,edge,0.5,490,126,11.096800037194043
fitting,26003,q2,edge,0.75,490,260,12.030200043227524
fitting,26003,q2,edge,1.0,490,490,17.061099992133677
fitting,26003,q3,node,0.1,4526,459,3.965300042182207
fitting,26003,q3,node,0.25,4526,1122,3.5630999482236803
fitting,26003,q3,node,0.5,4526,2235,3.91440000385046
fitting,26003,q3,node,0.75,4526,3364,9.844400046858937
fitting,26003,q3,node,1.0,4526,4526,17.460100003518164
fitting,26003,q3,edge,0.1,3156,34,5.4839999647811055
fitting,26003,q3,edge,0.25,3156,196,8.10289999935776
fitting,26003,q3,edge,0.5,3156,773,15.505200019106269
fitting,26003,q3,edge,0.75,3156,1729,17.450899991672486
fitting,26003,q3,edge,1.0,3156,3156,25.010399986058474
fitting,26003,q4,node,0.1,802,60,4.410299996379763
fitting,26003,q4,node,0.25,802,188,9.769199998117983
fitting,26003,q4,node,0.5,802,392,5.335900001227856
fitting,26003,q4,node,0.75,802,590,4.405300016514957
fitting,26003,q4,node,1.0,802,802,3.4124000230804086
fitting,26003,q4,edge,0.1,90,0,15.619300014805049
fitting,26003,q4,edge,0.25,90,4,5.781500018201768
fitting,26003,q4,edge,0.5,90,25,21.70699997805059
fitting,26003,q4,edge,0.75,90,48,11.096399975940585
fitting,26003,q4,edge,1.0,90,90,5.823899991810322
fitting,26003,q5,node,0.1,786,75,3.030100022442639
fitting,26003,q5,node,0.25,786,195,2.6599999982863665
fitting,26003,q5,node,0.5,786,399,20.574399968609214
fitting,26003,q5,node,0.75,786,589,4.861800000071526
fitting,26003,q5,node,1.0,786,786,5.633799999486655
fitting,26003,q5,edge,0.1,92,1,3.527299966663122
fitting,26003,q5,edge,0.25,92,3,11.406200006604195
fitting,26003,q5,edge,0.5,92,21,14.835499983746558
fitting,26003,q5,edge,0.75,92,51,18.94499995978549
fitting,26003,q5,edge,1.0,92,92,5.75760001083836
fitting,26003,q6,node,0.1,1178,118,10.846399993170053
fitting,26003,q6,node,0.25,1178,284,5.047600017860532
fitting,26003,q6,node,0.5,1178,572,5.687099997885525
fitting,26003,q6,node,0.75,1178,882,5.058599985204637
fitting,26003,q6,node,1.0,1178,1178,16.9288000324741
fitting,26003,q6,edge,0.1,194,2,10.67489996785298
fitting,26003,q6,edge,0.25,194,14,5.839599994942546
fitting,26003,q6,edge,0.5,194,52,29.306499985978007
fitting,26003,q6,edge,0.75,194,112,9.928599989507347
fitting,26003,q6,edge,1.0,194,194,7.595400034915656
fitting,26003,q7,node,0.1,2967,275,5.1030999748036265
fitting,26003,q7,node,0.25,2967,714,4.56179998582229
fitting,26003,q7,node,0.5,2967,1469,6.187400023918599
fitting,26003,q7,node,0.75,2967,2210,5.406200012657791
fitting,26003,q7,node,1.0,2967,2967,10.720999969635159
fitting,26003,q7,edge,0.1,1298,19,6.926400004886091
fitting,26003,q7,edge,0.25,1298,74,5.780700012110174
fitting,26003,q7,edge,0.5,1298,311,9.463099995628
fitting,26003,q7,edge,0.75,1298,734,30.57280002394691
fitting,26003,q7,edge,1.0,1298,1298,22.65060000354424
calibration,27000,q0,node,0.1,1221,127,4.420000012032688
calibration,27000,q0,node,0.25,1221,276,3.6483999574556947
calibration,27000,q0,node,0.5,1221,591,3.6342000239528716
calibration,27000,q0,node,0.75,1221,906,3.9358999929390848
calibration,27000,q0,node,1.0,1221,1221,11.222600005567074
calibration,27000,q0,edge,0.1,200,1,9.687299956567585
calibration,27000,q0,edge,0.25,200,5,5.862199992407113
calibration,27000,q0,edge,0.5,200,38,18.447100010234863
calibration,27000,q0,edge,0.75,200,99,11.129099992103875
calibration,27000,q0,edge,1.0,200,200,7.105400029104203
calibration,27000,q1,node,0.1,1234,120,3.0399999814108014
calibration,27000,q1,node,0.25,1234,314,3.0636999872513115
calibration,27000,q1,node,0.5,1234,615,6.071000010706484
calibration,27000,q1,node,0.75,1234,944,5.737299972679466
calibration,27000,q1,node,1.0,1234,1234,3.7323000142350793
calibration,27000,q1,edge,0.1,252,4,4.601399996317923
calibration,27000,q1,edge,0.25,252,23,4.010899981949478
calibration,27000,q1,edge,0.5,252,71,5.1027999725192785
calibration,27000,q1,edge,0.75,252,147,9.963100019376725
calibration,27000,q1,edge,1.0,252,252,7.733300037216395
calibration,27000,q2,node,0.1,1802,176,3.138899977784604
calibration,27000,q2,node,0.25,1802,451,3.4827999770641327
calibration,27000,q2,node,0.5,1802,906,4.4516000198200345
calibration,27000,q2,node,0.75,1802,1377,6.635099998675287
calibration,27000,q2,node,1.0,1802,1802,8.861800015438348
calibration,27000,q2,edge,0.1,490,7,4.570499993860722
calibration,27000,q2,edge,0.25,490,26,4.585199989378452
calibration,27000,q2,edge,0.5,490,122,6.02140004048124
calibration,27000,q2,edge,0.75,490,301,12.914500024635345
calibration,27000,q2,edge,1.0,490,490,9.512399963568896
calibration,27000,q3,node,0.1,4526,449,3.44920001225546
calibration,27000,q3,node,0.25,4526,1106,2.964799990877509
calibration,27000,q3,node,0.5,4526,2238,6.023599999025464
calibration,27000,q3,node,0.75,4526,3428,12.978399987332523
calibration,27000,q3,node,1.0,4526,4526,8.348200004547834
calibration,27000,q3,edge,0.1,3156,33,4.429700027685612
calibration,27000,q3,edge,0.25,3156,198,9.433100000023842
calibration,27000,q3,edge,0.5,3156,757,10.339099972043186
calibration,27000,q3,edge,0.75,3156,1796,14.191800029948354
calibration,27000,q3,edge,1.0,3156,3156,23.79490004386753
calibration,27000,q4,node,0.1,802,80,4.020899999886751
calibration,27000,q4,node,0.25,802,208,4.456399998161942
calibration,27000,q4,node,0.5,802,398,7.198599982075393
calibration,27000,q4,node,0.75,802,609,8.408399997279048
calibration,27000,q4,node,1.0,802,802,4.810300015378743
calibration,27000,q4,edge,0.1,90,1,3.5172999487258494
calibration,27000,q4,edge,0.25,90,4,7.629100000485778
calibration,27000,q4,edge,0.5,90,14,6.225000019185245
calibration,27000,q4,edge,0.75,90,52,8.60960001591593
calibration,27000,q4,edge,1.0,90,90,20.728800038341433
calibration,27000,q5,node,0.1,786,73,4.1794999851845205
calibration,27000,q5,node,0.25,786,194,3.3648000098764896
calibration,27000,q5,node,0.5,786,366,6.34419999551028
calibration,27000,q5,node,0.75,786,563,4.562299989629537
calibration,27000,q5,node,1.0,786,786,3.4507999662309885
calibration,27000,q5,edge,0.1,92,2,3.9837000076659024
calibration,27000,q5,edge,0.25,92,6,5.6102999951690435
calibration,27000,q5,edge,0.5,92,20,11.766800016630441
calibration,27000,q5,edge,0.75,92,48,9.697699977550656
calibration,27000,q5,edge,1.0,92,92,13.171099999453872
calibration,27000,q6,node,0.1,1178,117,5.087299970909953
calibration,27000,q6,node,0.25,1178,285,4.878500010818243
calibration,27000,q6,node,0.5,1178,617,4.986200015991926
calibration,27000,q6,node,0.75,1178,909,4.815299995243549
calibration,27000,q6,node,1.0,1178,1178,9.161999973002821
calibration,27000,q6,edge,0.1,194,1,4.349499999079853
calibration,27000,q6,edge,0.25,194,14,3.7376999971456826
calibration,27000,q6,edge,0.5,194,47,4.90989995887503
calibration,27000,q6,edge,0.75,194,121,12.543499993626028
calibration,27000,q6,edge,1.0,194,194,12.665199988987297
calibration,27000,q7,node,0.1,2967,290,5.688300007022917
calibration,27000,q7,node,0.25,2967,737,4.796900029759854
calibration,27000,q7,node,0.5,2967,1474,5.62710000667721
calibration,27000,q7,node,0.75,2967,2238,7.52210000064224
calibration,27000,q7,node,1.0,2967,2967,8.80960002541542
calibration,27000,q7,edge,0.1,1298,19,5.854699993506074
calibration,27000,q7,edge,0.25,1298,86,5.4002999677322805
calibration,27000,q7,edge,0.5,1298,307,9.730699995998293
calibration,27000,q7,edge,0.75,1298,747,19.244300026912242
calibration,27000,q7,edge,1.0,1298,1298,32.28580002905801
calibration,27001,q0,node,0.1,1221,141,4.431699984706938
calibration,27001,q0,node,0.25,1221,324,23.60359998419881
calibration,27001,q0,node,0.5,1221,621,6.468800012953579
calibration,27001,q0,node,0.75,1221,900,4.64780000038445
calibration,27001,q0,node,1.0,1221,1221,5.678199988324195
calibration,27001,q0,edge,0.1,200,3,6.573599996045232
calibration,27001,q0,edge,0.25,200,15,4.844099981710315
calibration,27001,q0,edge,0.5,200,46,6.5527999540790915
calibration,27001,q0,edge,0.75,200,99,6.67899998370558
calibration,27001,q0,edge,1.0,200,200,11.237200000323355
calibration,27001,q1,node,0.1,1234,122,5.661000031977892
calibration,27001,q1,node,0.25,1234,319,3.6001999978907406
calibration,27001,q1,node,0.5,1234,620,3.6725999671034515
calibration,27001,q1,node,0.75,1234,913,3.9838000084273517
calibration,27001,q1,node,1.0,1234,1234,4.132999980356544
calibration,27001,q1,edge,0.1,252,3,5.814400035887957
calibration,27001,q1,edge,0.25,252,20,4.577799991238862
calibration,27001,q1,edge,0.5,252,71,6.993499991949648
calibration,27001,q1,edge,0.75,252,148,6.3872000318951905
calibration,27001,q1,edge,1.0,252,252,10.339399974327534
calibration,27001,q2,node,0.1,1802,183,3.996299987193197
calibration,27001,q2,node,0.25,1802,442,3.034900000784546
calibration,27001,q2,node,0.5,1802,900,6.1092000105418265
calibration,27001,q2,node,0.75,1802,1368,3.864700032863766
calibration,27001,q2,node,1.0,1802,1802,3.997799998614937
calibration,27001,q2,edge,0.1,490,4,3.7729000323452055
calibration,27001,q2,edge,0.25,490,37,7.841999991796911
calibration,27001,q2,edge,0.5,490,120,10.705499968025833
calibration,27001,q2,edge,0.75,490,293,24.801499966997653
calibration,27001,q2,edge,1.0,490,490,19.215700041968375
calibration,27001,q3,node,0.1,4526,471,5.471100041177124
calibration,27001,q3,node,0.25,4526,1153,3.7934999563731253
calibration,27001,q3,node,0.5,4526,2269,7.842699997127056
calibration,27001,q3,node,0.75,4526,3375,9.640400006901473
calibration,27001,q3,node,1.0,4526,4526,17.583100008778274
calibration,27001,q3,edge,0.1,3156,26,10.045599949080497
calibration,27001,q3,edge,0.25,3156,210,19.918999983929098
calibration,27001,q3,edge,0.5,3156,791,28.488899988587946
calibration,27001,q3,edge,0.75,3156,1757,36.46390000358224
calibration,27001,q3,edge,1.0,3156,3156,32.67960000084713
calibration,27001,q4,node,0.1,802,71,3.5943000111728907
calibration,27001,q4,node,0.25,802,192,2.584400004707277
calibration,27001,q4,node,0.5,802,400,3.201999992597848
calibration,27001,q4,node,0.75,802,600,5.344300006981939
calibration,27001,q4,node,1.0,802,802,4.69219998922199
calibration,27001,q4,edge,0.1,90,0,3.559199976734817
calibration,27001,q4,edge,0.25,90,8,4.046000016387552
calibration,27001,q4,edge,0.5,90,19,4.0466999635100365
calibration,27001,q4,edge,0.75,90,50,5.214499949943274
calibration,27001,q4,edge,1.0,90,90,6.008399999700487
calibration,27001,q5,node,0.1,786,83,4.136300005484372
calibration,27001,q5,node,0.25,786,194,4.780899966135621
calibration,27001,q5,node,0.5,786,386,5.2634000312536955
calibration,27001,q5,node,0.75,786,590,3.7108000251464546
calibration,27001,q5,node,1.0,786,786,4.44180000340566
calibration,27001,q5,edge,0.1,92,0,3.788999980315566
calibration,27001,q5,edge,0.25,92,8,8.387800015043467
calibration,27001,q5,edge,0.5,92,23,9.393499989528209
calibration,27001,q5,edge,0.75,92,49,6.155099952593446
calibration,27001,q5,edge,1.0,92,92,7.090499973855913
calibration,27001,q6,node,0.1,1178,135,5.929999984800816
calibration,27001,q6,node,0.25,1178,296,4.267699958290905
calibration,27001,q6,node,0.5,1178,575,3.839300014078617
calibration,27001,q6,node,0.75,1178,876,3.1837000278756022
calibration,27001,q6,node,1.0,1178,1178,3.959299996495247
calibration,27001,q6,edge,0.1,194,3,2.978400036226958
calibration,27001,q6,edge,0.25,194,15,3.996899991761893
calibration,27001,q6,edge,0.5,194,49,9.318600001279265
calibration,27001,q6,edge,0.75,194,97,6.058800034224987
calibration,27001,q6,edge,1.0,194,194,7.007800042629242
calibration,27001,q7,node,0.1,2967,310,2.813400002196431
calibration,27001,q7,node,0.25,2967,723,4.940500017255545
calibration,27001,q7,node,0.5,2967,1446,8.376699988730252
calibration,27001,q7,node,0.75,2967,2217,4.592599987518042
calibration,27001,q7,node,1.0,2967,2967,10.395299992524087
calibration,27001,q7,edge,0.1,1298,14,4.056099976878613
calibration,27001,q7,edge,0.25,1298,80,9.149799996521324
calibration,27001,q7,edge,0.5,1298,307,8.337099978234619
calibration,27001,q7,edge,0.75,1298,702,11.053499998524785
calibration,27001,q7,edge,1.0,1298,1298,20.87290002964437
calibration,27002,q0,node,0.1,1221,122,7.950500003062189
calibration,27002,q0,node,0.25,1221,323,8.705699990969151
calibration,27002,q0,node,0.5,1221,585,10.215400019660592
calibration,27002,q0,node,0.75,1221,924,9.924000012688339
calibration,27002,q0,node,1.0,1221,1221,10.04530000500381
calibration,27002,q0,edge,0.1,200,3,8.979500038549304
calibration,27002,q0,edge,0.25,200,16,10.488600004464388
calibration,27002,q0,edge,0.5,200,49,13.479799963533878
calibration,27002,q0,edge,0.75,200,109,12.192499998491257
calibration,27002,q0,edge,1.0,200,200,7.836800010409206
calibration,27002,q1,node,0.1,1234,124,6.347000016830862
calibration,27002,q1,node,0.25,1234,316,4.154799971729517
calibration,27002,q1,node,0.5,1234,626,4.903600027319044
calibration,27002,q1,node,0.75,1234,892,5.360300012398511
calibration,27002,q1,node,1.0,1234,1234,5.206200003158301
calibration,27002,q1,edge,0.1,252,4,4.81670000590384
calibration,27002,q1,edge,0.25,252,17,7.682800001930445
calibration,27002,q1,edge,0.5,252,63,6.412799993995577
calibration,27002,q1,edge,0.75,252,135,8.293499995488673
calibration,27002,q1,edge,1.0,252,252,12.362300010863692
calibration,27002,q2,node,0.1,1802,169,3.630499995779246
calibration,27002,q2,node,0.25,1802,465,3.187099995557219
calibration,27002,q2,node,0.5,1802,901,5.120999994687736
calibration,27002,q2,node,0.75,1802,1354,4.182400007266551
calibration,27002,q2,node,1.0,1802,1802,6.393000017851591
calibration,27002,q2,edge,0.1,490,2,7.400899950880557
calibration,27002,q2,edge,0.25,490,39,6.093500007409602
calibration,27002,q2,edge,0.5,490,124,6.657699996139854
calibration,27002,q2,edge,0.75,490,286,8.802599972113967
calibration,27002,q2,edge,1.0,490,490,12.872299994342029
calibration,27002,q3,node,0.1,4526,441,3.584299993235618
calibration,27002,q3,node,0.25,4526,1170,3.1080000335350633
calibration,27002,q3,node,0.5,4526,2245,3.529100038576871
calibration,27002,q3,node,0.75,4526,3362,4.208400030620396
calibration,27002,q3,node,1.0,4526,4526,10.007000004407018
calibration,27002,q3,edge,0.1,3156,30,5.862099991645664
calibration,27002,q3,edge,0.25,3156,224,6.247700017411262
calibration,27002,q3,edge,0.5,3156,803,12.36539997626096
calibration,27002,q3,edge,0.75,3156,1705,25.521799980197102
calibration,27002,q3,edge,1.0,3156,3156,38.87410002062097
calibration,27002,q4,node,0.1,802,72,6.093400006648153
calibration,27002,q4,node,0.25,802,191,3.591999993659556
calibration,27002,q4,node,0.5,802,400,3.6530999932438135
calibration,27002,q4,node,0.75,802,590,3.2925999839790165
calibration,27002,q4,node,1.0,802,802,3.8622000138275325
calibration,27002,q4,edge,0.1,90,0,3.1427000067196786
calibration,27002,q4,edge,0.25,90,2,3.197200014255941
calibration,27002,q4,edge,0.5,90,22,6.161199999041855
calibration,27002,q4,edge,0.75,90,49,6.776999973226339
calibration,27002,q4,edge,1.0,90,90,6.814699969254434
calibration,27002,q5,node,0.1,786,75,2.6884000399149954
calibration,27002,q5,node,0.25,786,218,5.478699982631952
calibration,27002,q5,node,0.5,786,410,3.9068000041879714
calibration,27002,q5,node,0.75,786,600,9.370599989779294
calibration,27002,q5,node,1.0,786,786,5.349699989892542
calibration,27002,q5,edge,0.1,92,3,4.303699999582022
calibration,27002,q5,edge,0.25,92,7,3.2179999980144203
calibration,27002,q5,edge,0.5,92,26,3.9040999836288393
calibration,27002,q5,edge,0.75,92,55,8.884500013664365
calibration,27002,q5,edge,1.0,92,92,6.88210001681
calibration,27002,q6,node,0.1,1178,129,4.375799966510385
calibration,27002,q6,node,0.25,1178,296,3.926799981854856
calibration,27002,q6,node,0.5,1178,598,9.55050002085045
calibration,27002,q6,node,0.75,1178,886,7.856799988076091
calibration,27002,q6,node,1.0,1178,1178,7.146200048737228
calibration,27002,q6,edge,0.1,194,1,4.662999999709427
calibration,27002,q6,edge,0.25,194,4,5.4014999768696725
calibration,27002,q6,edge,0.5,194,44,5.245599953923374
calibration,27002,q6,edge,0.75,194,110,11.185200011823326
calibration,27002,q6,edge,1.0,194,194,19.995199982076883
calibration,27002,q7,node,0.1,2967,303,5.908799997996539
calibration,27002,q7,node,0.25,2967,760,4.014300007838756
calibration,27002,q7,node,0.5,2967,1507,3.377100045327097
calibration,27002,q7,node,0.75,2967,2227,3.243600018322468
calibration,27002,q7,node,1.0,2967,2967,7.233800017274916
calibration,27002,q7,edge,0.1,1298,16,3.1145000248216093
calibration,27002,q7,edge,0.25,1298,91,10.998699988704175
calibration,27002,q7,edge,0.5,1298,337,6.644299952313304
calibration,27002,q7,edge,0.75,1298,722,8.81700002355501
calibration,27002,q7,edge,1.0,1298,1298,17.257999978028238
calibration,27003,q0,node,0.1,1221,104,9.847200009971857
calibration,27003,q0,node,0.25,1221,288,8.493500004988164
calibration,27003,q0,node,0.5,1221,600,10.477000032551587
calibration,27003,q0,node,0.75,1221,892,10.808499995619059
calibration,27003,q0,node,1.0,1221,1221,7.814900018274784
calibration,27003,q0,edge,0.1,200,2,5.799399979878217
calibration,27003,q0,edge,0.25,200,13,5.874999973457307
calibration,27003,q0,edge,0.5,200,51,9.109400038141757
calibration,27003,q0,edge,0.75,200,117,7.654199958778918
calibration,27003,q0,edge,1.0,200,200,9.250700008124113
calibration,27003,q1,node,0.1,1234,139,3.0691000283695757
calibration,27003,q1,node,0.25,1234,306,5.528700014110655
calibration,27003,q1,node,0.5,1234,605,5.164499976672232
calibration,27003,q1,node,0.75,1234,914,3.796699980739504
calibration,27003,q1,node,1.0,1234,1234,3.34689998999238
calibration,27003,q1,edge,0.1,252,4,3.0809000018052757
calibration,27003,q1,edge,0.25,252,16,3.696399973705411
calibration,27003,q1,edge,0.5,252,56,14.628299977630377
calibration,27003,q1,edge,0.75,252,132,9.184799971990287
calibration,27003,q1,edge,1.0,252,252,8.890900004189461
calibration,27003,q2,node,0.1,1802,197,6.746899976860732
calibration,27003,q2,node,0.25,1802,476,7.543199986685067
calibration,27003,q2,node,0.5,1802,899,9.242700005415827
calibration,27003,q2,node,0.75,1802,1350,10.326599993277341
calibration,27003,q2,node,1.0,1802,1802,10.088799986988306
calibration,27003,q2,edge,0.1,490,1,6.885099981445819
calibration,27003,q2,edge,0.25,490,29,10.566700017079711
calibration,27003,q2,edge,0.5,490,115,11.906699975952506
calibration,27003,q2,edge,0.75,490,279,11.58599997870624
calibration,27003,q2,edge,1.0,490,490,10.937999992165715
calibration,27003,q3,node,0.1,4526,463,5.29669999377802
calibration,27003,q3,node,0.25,4526,1138,3.739900013897568
calibration,27003,q3,node,0.5,4526,2243,3.6077999975532293
calibration,27003,q3,node,0.75,4526,3365,4.362199979368597
calibration,27003,q3,node,1.0,4526,4526,7.115799991879612
calibration,27003,q3,edge,0.1,3156,24,7.692999963182956
calibration,27003,q3,edge,0.25,3156,194,7.188000017777085
calibration,27003,q3,edge,0.5,3156,742,9.851499984506518
calibration,27003,q3,edge,0.75,3156,1745,16.769899986684322
calibration,27003,q3,edge,1.0,3156,3156,19.87279998138547
calibration,27003,q4,node,0.1,802,77,4.358300007879734
calibration,27003,q4,node,0.25,802,191,4.734800022561103
calibration,27003,q4,node,0.5,802,390,4.658800025936216
calibration,27003,q4,node,0.75,802,617,4.05509996926412
calibration,27003,q4,node,1.0,802,802,4.164200043305755
calibration,27003,q4,edge,0.1,90,2,4.013400000985712
calibration,27003,q4,edge,0.25,90,10,5.3881999920122325
calibration,27003,q4,edge,0.5,90,22,13.40689999051392
calibration,27003,q4,edge,0.75,90,59,7.817200035788119
calibration,27003,q4,edge,1.0,90,90,26.138000015635043
calibration,27003,q5,node,0.1,786,70,4.275999963283539
calibration,27003,q5,node,0.25,786,197,4.914599994663149
calibration,27003,q5,node,0.5,786,389,5.36200002534315
calibration,27003,q5,node,0.75,786,587,5.243699997663498
calibration,27003,q5,node,1.0,786,786,5.57530001970008
calibration,27003,q5,edge,0.1,92,1,3.590299980714917
calibration,27003,q5,edge,0.25,92,8,10.931800003163517
calibration,27003,q5,edge,0.5,92,29,4.605200025252998
calibration,27003,q5,edge,0.75,92,52,9.186300041619688
calibration,27003,q5,edge,1.0,92,92,6.163699959870428
calibration,27003,q6,node,0.1,1178,126,2.8922000201418996
calibration,27003,q6,node,0.25,1178,302,2.5374999968335032
calibration,27003,q6,node,0.5,1178,588,4.277900035958737
calibration,27003,q6,node,0.75,1178,904,3.2269999501295388
calibration,27003,q6,node,1.0,1178,1178,5.058399983681738
calibration,27003,q6,edge,0.1,194,1,5.633900000248104
calibration,27003,q6,edge,0.25,194,18,5.89680002303794
calibration,27003,q6,edge,0.5,194,59,10.442200000397861
calibration,27003,q6,edge,0.75,194,110,12.727499997708946
calibration,27003,q6,edge,1.0,194,194,6.958300014957786
calibration,27003,q7,node,0.1,2967,297,3.417800005991012
calibration,27003,q7,node,0.25,2967,736,3.8664000458084047
calibration,27003,q7,node,0.5,2967,1455,3.106400021351874
calibration,27003,q7,node,0.75,2967,2254,3.6158000002615154
calibration,27003,q7,node,1.0,2967,2967,9.859299985691905
calibration,27003,q7,edge,0.1,1298,15,6.3516999944113195
calibration,27003,q7,edge,0.25,1298,108,12.255700014065951
calibration,27003,q7,edge,0.5,1298,344,14.511599962133914
calibration,27003,q7,edge,0.75,1298,755,16.603299998678267
calibration,27003,q7,edge,1.0,1298,1298,33.88170001562685
calibration,27004,q0,node,0.1,1221,134,3.53520002681762
calibration,27004,q0,node,0.25,1221,322,3.206700028385967
calibration,27004,q0,node,0.5,1221,620,6.946099980268627
calibration,27004,q0,node,0.75,1221,915,5.158199986908585
calibration,27004,q0,node,1.0,1221,1221,4.5198999578133225
calibration,27004,q0,edge,0.1,200,5,2.2335000103339553
calibration,27004,q0,edge,0.25,200,15,4.251600010320544
calibration,27004,q0,edge,0.5,200,53,7.397300039883703
calibration,27004,q0,edge,0.75,200,118,22.39419997204095
calibration,27004,q0,edge,1.0,200,200,16.717699996661395
calibration,27004,q1,node,0.1,1234,123,4.842199967242777
calibration,27004,q1,node,0.25,1234,293,4.14109998382628
calibration,27004,q1,node,0.5,1234,632,4.856000014115125
calibration,27004,q1,node,0.75,1234,938,9.887700027320534
calibration,27004,q1,node,1.0,1234,1234,5.861099984031171
calibration,27004,q1,edge,0.1,252,1,3.4784000017680228
calibration,27004,q1,edge,0.25,252,16,5.876600043848157
calibration,27004,q1,edge,0.5,252,71,5.514800024684519
calibration,27004,q1,edge,0.75,252,134,7.329199986997992
calibration,27004,q1,edge,1.0,252,252,11.092200002167374
calibration,27004,q2,node,0.1,1802,167,3.3499000128358603
calibration,27004,q2,node,0.25,1802,453,20.103499991819263
calibration,27004,q2,node,0.5,1802,911,7.626600039657205
calibration,27004,q2,node,0.75,1802,1376,5.218599981162697
calibration,27004,q2,node,1.0,1802,1802,4.9365999875590205
calibration,27004,q2,edge,0.1,490,3,3.796699980739504
calibration,27004,q2,edge,0.25,490,23,14.843799988739192
calibration,27004,q2,edge,0.5,490,124,16.88129996182397
calibration,27004,q2,edge,0.75,490,283,24.69839999685064
calibration,27004,q2,edge,1.0,490,490,23.402600025292486
calibration,27004,q3,node,0.1,4526,443,8.588299970142543
calibration,27004,q3,node,0.25,4526,1117,8.612400037236512
calibration,27004,q3,node,0.5,4526,2286,8.984000014606863
calibration,27004,q3,node,0.75,4526,3426,10.008800018113106
calibration,27004,q3,node,1.0,4526,4526,13.642799982335418
calibration,27004,q3,edge,0.1,3156,27,6.765199999790639
calibration,27004,q3,edge,0.25,3156,201,8.64960002945736
calibration,27004,q3,edge,0.5,3156,827,21.766999969258904
calibration,27004,q3,edge,0.75,3156,1796,34.728200000245124
calibration,27004,q3,edge,1.0,3156,3156,41.83470003772527
calibration,27004,q4,node,0.1,802,84,5.184300011023879
calibration,27004,q4,node,0.25,802,216,6.634699995629489
calibration,27004,q4,node,0.5,802,421,6.026600021868944
calibration,27004,q4,node,0.75,802,593,6.631299969740212
calibration,27004,q4,node,1.0,802,802,4.280799999833107
calibration,27004,q4,edge,0.1,90,0,3.456300008110702
calibration,27004,q4,edge,0.25,90,7,3.8312000106088817
calibration,27004,q4,edge,0.5,90,25,7.346800004597753
calibration,27004,q4,edge,0.75,90,49,5.8932999963872135
calibration,27004,q4,edge,1.0,90,90,5.371000035665929
calibration,27004,q5,node,0.1,786,79,2.861299959477037
calibration,27004,q5,node,0.25,786,196,2.660099999047816
calibration,27004,q5,node,0.5,786,364,3.0716999899595976
calibration,27004,q5,node,0.75,786,575,3.521899983752519
calibration,27004,q5,node,1.0,786,786,6.799300026614219
calibration,27004,q5,edge,0.1,92,1,3.5321000032126904
calibration,27004,q5,edge,0.25,92,6,3.231600043363869
calibration,27004,q5,edge,0.5,92,16,4.538400040473789
calibration,27004,q5,edge,0.75,92,38,5.734700011089444
calibration,27004,q5,edge,1.0,92,92,8.675799996126443
calibration,27004,q6,node,0.1,1178,105,4.552300029899925
calibration,27004,q6,node,0.25,1178,264,9.655300003942102
calibration,27004,q6,node,0.5,1178,545,5.301900033373386
calibration,27004,q6,node,0.75,1178,853,6.24800001969561
calibration,27004,q6,node,1.0,1178,1178,8.011800004169345
calibration,27004,q6,edge,0.1,194,2,3.4927999950014055
calibration,27004,q6,edge,0.25,194,10,5.129700002726167
calibration,27004,q6,edge,0.5,194,52,5.022099998313934
calibration,27004,q6,edge,0.75,194,106,5.807000037748367
calibration,27004,q6,edge,1.0,194,194,11.401799973100424
calibration,27004,q7,node,0.1,2967,288,5.275900010019541
calibration,27004,q7,node,0.25,2967,733,3.263799997512251
calibration,27004,q7,node,0.5,2967,1437,3.3915999811142683
calibration,27004,q7,node,0.75,2967,2167,3.606499987654388
calibration,27004,q7,node,1.0,2967,2967,7.422399998176843
calibration,27004,q7,edge,0.1,1298,18,6.599700020160526
calibration,27004,q7,edge,0.25,1298,96,7.249400019645691
calibration,27004,q7,edge,0.5,1298,333,6.511899991892278
calibration,27004,q7,edge,0.75,1298,706,13.090799970086664
calibration,27004,q7,edge,1.0,1298,1298,27.72369998274371
calibration,27005,q0,node,0.1,1221,126,2.6308000087738037
calibration,27005,q0,node,0.25,1221,303,3.4710000036284328
calibration,27005,q0,node,0.5,1221,615,4.26560000050813
calibration,27005,q0,node,0.75,1221,922,5.048600025475025
calibration,27005,q0,node,1.0,1221,1221,4.9489999655634165
calibration,27005,q0,edge,0.1,200,0,3.42110003111884
calibration,27005,q0,edge,0.25,200,18,8.751100045628846
calibration,27005,q0,edge,0.5,200,52,8.907200011890382
calibration,27005,q0,edge,0.75,200,110,14.072700054384768
calibration,27005,q0,edge,1.0,200,200,14.198899967595935
calibration,27005,q1,node,0.1,1234,137,8.05840000975877
calibration,27005,q1,node,0.25,1234,311,5.253600014839321
calibration,27005,q1,node,0.5,1234,625,7.349000021349639
calibration,27005,q1,node,0.75,1234,920,6.513800006359816
calibration,27005,q1,node,1.0,1234,1234,6.710999994538724
calibration,27005,q1,edge,0.1,252,3,5.381000053603202
calibration,27005,q1,edge,0.25,252,13,8.478000003378838
calibration,27005,q1,edge,0.5,252,67,6.543700001202524
calibration,27005,q1,edge,0.75,252,145,7.962399977259338
calibration,27005,q1,edge,1.0,252,252,7.026699953712523
calibration,27005,q2,node,0.1,1802,190,3.9002999546937644
calibration,27005,q2,node,0.25,1802,453,5.620200012344867
calibration,27005,q2,node,0.5,1802,901,3.962000017054379
calibration,27005,q2,node,0.75,1802,1344,4.684899991843849
calibration,27005,q2,node,1.0,1802,1802,4.743599973153323
calibration,27005,q2,edge,0.1,490,6,3.0368000152520835
calibration,27005,q2,edge,0.25,490,36,5.2467999630607665
calibration,27005,q2,edge,0.5,490,126,9.444099967367947
calibration,27005,q2,edge,0.75,490,275,9.154299972578883
calibration,27005,q2,edge,1.0,490,490,8.295100007671863
calibration,27005,q3,node,0.1,4526,480,2.8835999546572566
calibration,27005,q3,node,0.25,4526,1144,4.371899995021522
calibration,27005,q3,node,0.5,4526,2285,4.748100007418543
calibration,27005,q3,node,0.75,4526,3391,3.8241000147536397
calibration,27005,q3,node,1.0,4526,4526,6.807099969591945
calibration,27005,q3,edge,0.1,3156,29,3.669199999421835
calibration,27005,q3,edge,0.25,3156,201,5.534700001589954
calibration,27005,q3,edge,0.5,3156,824,13.257000013254583
calibration,27005,q3,edge,0.75,3156,1775,13.716000015847385
calibration,27005,q3,edge,1.0,3156,3156,22.844399965833873
calibration,27005,q4,node,0.1,802,90,3.5134999779984355
calibration,27005,q4,node,0.25,802,204,4.960599995683879
calibration,27005,q4,node,0.5,802,413,3.6152999964542687
calibration,27005,q4,node,0.75,802,612,4.122000013012439
calibration,27005,q4,node,1.0,802,802,6.36339996708557
calibration,27005,q4,edge,0.1,90,1,3.823300008662045
calibration,27005,q4,edge,0.25,90,11,3.8883000379428267
calibration,27005,q4,edge,0.5,90,28,5.175799946300685
calibration,27005,q4,edge,0.75,90,53,5.6031999993138015
calibration,27005,q4,edge,1.0,90,90,6.889999960549176
calibration,27005,q5,node,0.1,786,79,4.039299965370446
calibration,27005,q5,node,0.25,786,175,2.825999981723726
calibration,27005,q5,node,0.5,786,366,3.138899977784604
calibration,27005,q5,node,0.75,786,577,3.4836999839171767
calibration,27005,q5,node,1.0,786,786,3.4479000023566186
calibration,27005,q5,edge,0.1,92,2,3.4955000155605376
calibration,27005,q5,edge,0.25,92,3,3.3401999971829355
calibration,27005,q5,edge,0.5,92,17,8.505199977662414
calibration,27005,q5,edge,0.75,92,54,5.84339996566996
calibration,27005,q5,edge,1.0,92,92,9.441000001970679
calibration,27005,q6,node,0.1,1178,119,2.876600017771125
calibration,27005,q6,node,0.25,1178,302,2.529499994125217
calibration,27005,q6,node,0.5,1178,588,4.219299997203052
calibration,27005,q6,node,0.75,1178,879,5.75900002149865
calibration,27005,q6,node,1.0,1178,1178,4.482399963308126
calibration,27005,q6,edge,0.1,194,0,3.499399987049401
calibration,27005,q6,edge,0.25,194,11,3.391200036276132
calibration,27005,q6,edge,0.5,194,45,4.295699996873736
calibration,27005,q6,edge,0.75,194,116,7.1149999857880175
calibration,27005,q6,edge,1.0,194,194,10.416300036013126
calibration,27005,q7,node,0.1,2967,304,3.8396999589167535
calibration,27005,q7,node,0.25,2967,732,2.953499963041395
calibration,27005,q7,node,0.5,2967,1463,3.3090999932028353
calibration,27005,q7,node,0.75,2967,2215,4.002799978479743
calibration,27005,q7,node,1.0,2967,2967,10.790100030135363
calibration,27005,q7,edge,0.1,1298,18,4.76340000750497
calibration,27005,q7,edge,0.25,1298,81,4.951899987645447
calibration,27005,q7,edge,0.5,1298,312,9.136700013186783
calibration,27005,q7,edge,0.75,1298,750,22.98410004004836
calibration,27005,q7,edge,1.0,1298,1298,14.787100022658706
calibration,27006,q0,node,0.1,1221,123,12.759899953380227
calibration,27006,q0,node,0.25,1221,329,9.672200016211718
calibration,27006,q0,node,0.5,1221,598,12.881400005426258
calibration,27006,q0,node,0.75,1221,925,15.049299981910735
calibration,27006,q0,node,1.0,1221,1221,11.948400002438575
calibration,27006,q0,edge,0.1,200,0,4.997599986381829
calibration,27006,q0,edge,0.25,200,14,4.908100003376603
calibration,27006,q0,edge,0.5,200,50,5.018899973947555
calibration,27006,q0,edge,0.75,200,113,6.195699970703572
calibration,27006,q0,edge,1.0,200,200,10.703900014050305
calibration,27006,q1,node,0.1,1234,127,3.7523999926634133
calibration,27006,q1,node,0.25,1234,314,3.1072000274434686
calibration,27006,q1,node,0.5,1234,640,3.237699973396957
calibration,27006,q1,node,0.75,1234,933,3.8485999684780836
calibration,27006,q1,node,1.0,1234,1234,3.720999986398965
calibration,27006,q1,edge,0.1,252,1,3.4379000426270068
calibration,27006,q1,edge,0.25,252,21,8.127199951559305
calibration,27006,q1,edge,0.5,252,79,7.6861000270582736
calibration,27006,q1,edge,0.75,252,148,8.055099984630942
calibration,27006,q1,edge,1.0,252,252,10.185000021010637
calibration,27006,q2,node,0.1,1802,205,6.4536999561823905
calibration,27006,q2,node,0.25,1802,463,4.554599989205599
calibration,27006,q2,node,0.5,1802,893,38.82690001046285
calibration,27006,q2,node,0.75,1802,1337,4.652599978726357
calibration,27006,q2,node,1.0,1802,1802,3.7780999555252492
calibration,27006,q2,edge,0.1,490,9,3.8560000248253345
calibration,27006,q2,edge,0.25,490,39,7.641100033652037
calibration,27006,q2,edge,0.5,490,122,6.443899997975677
calibration,27006,q2,edge,0.75,490,274,8.788199978880584
calibration,27006,q2,edge,1.0,490,490,11.193300015293062
calibration,27006,q3,node,0.1,4526,485,4.399999976158142
calibration,27006,q3,node,0.25,4526,1183,3.7693000049330294
calibration,27006,q3,node,0.5,4526,2273,4.554999992251396
calibration,27006,q3,node,0.75,4526,3406,4.40330000128597
calibration,27006,q3,node,1.0,4526,4526,7.602699974086136
calibration,27006,q3,edge,0.1,3156,36,6.11470005242154
calibration,27006,q3,edge,0.25,3156,221,5.849200009834021
calibration,27006,q3,edge,0.5,3156,802,14.253899978939444
calibration,27006,q3,edge,0.75,3156,1828,21.9737000297755
calibration,27006,q3,edge,1.0,3156,3156,22.463700035586953
calibration,27006,q4,node,0.1,802,73,3.786100016441196
calibration,27006,q4,node,0.25,802,195,3.8600999978370965
calibration,27006,q4,node,0.5,802,404,3.063599986489862
calibration,27006,q4,node,0.75,802,629,3.6480999551713467
calibration,27006,q4,node,1.0,802,802,3.936799999792129
calibration,27006,q4,edge,0.1,90,0,3.104700008407235
calibration,27006,q4,edge,0.25,90,6,6.444700004067272
calibration,27006,q4,edge,0.5,90,22,5.6480000494048
calibration,27006,q4,edge,0.75,90,54,5.332500033546239
calibration,27006,q4,edge,1.0,90,90,5.2130999974906445
calibration,27006,q5,node,0.1,786,55,2.56170000648126
calibration,27006,q5,node,0.25,786,177,2.9462999664247036
calibration,27006,q5,node,0.5,786,383,3.6612999974749982
calibration,27006,q5,node,0.75,786,603,6.316500017419457
calibration,27006,q5,node,1.0,786,786,3.67429998004809
calibration,27006,q5,edge,0.1,92,1,3.0077999690547585
calibration,27006,q5,edge,0.25,92,4,3.1509000109508634
calibration,27006,q5,edge,0.5,92,19,5.777799990028143
calibration,27006,q5,edge,0.75,92,50,7.3376999935135245
calibration,27006,q5,edge,1.0,92,92,9.942799981217831
calibration,27006,q6,node,0.1,1178,117,3.709500015247613
calibration,27006,q6,node,0.25,1178,314,2.688499982468784
calibration,27006,q6,node,0.5,1178,602,3.069499973207712
calibration,27006,q6,node,0.75,1178,870,3.3708999981172383
calibration,27006,q6,node,1.0,1178,1178,4.115200019441545
calibration,27006,q6,edge,0.1,194,4,3.226200002245605
calibration,27006,q6,edge,0.25,194,11,7.310400018468499
calibration,27006,q6,edge,0.5,194,46,5.0629000179469585
calibration,27006,q6,edge,0.75,194,106,5.193800025153905
calibration,27006,q6,edge,1.0,194,194,6.2554000178352
calibration,27006,q7,node,0.1,2967,270,2.5330999633297324
calibration,27006,q7,node,0.25,2967,740,2.8141000075265765
calibration,27006,q7,node,0.5,2967,1498,5.4509000037796795
calibration,27006,q7,node,0.75,2967,2261,3.780100028961897
calibration,27006,q7,node,1.0,2967,2967,6.688599998597056
calibration,27006,q7,edge,0.1,1298,10,3.057599999010563
calibration,27006,q7,edge,0.25,1298,79,4.22850000904873
calibration,27006,q7,edge,0.5,1298,305,6.275300052948296
calibration,27006,q7,edge,0.75,1298,709,11.829699971713126
calibration,27006,q7,edge,1.0,1298,1298,14.680899970699102
calibration,27007,q0,node,0.1,1221,97,12.717299978248775
calibration,27007,q0,node,0.25,1221,262,8.33260000217706
calibration,27007,q0,node,0.5,1221,596,9.513999975752085
calibration,27007,q0,node,0.75,1221,909,8.467599982395768
calibration,27007,q0,node,1.0,1221,1221,9.112200001254678
calibration,27007,q0,edge,0.1,200,4,7.156500010751188
calibration,27007,q0,edge,0.25,200,9,10.394499986432493
calibration,27007,q0,edge,0.5,200,47,11.39659999171272
calibration,27007,q0,edge,0.75,200,117,8.727600041311234
calibration,27007,q0,edge,1.0,200,200,7.602499972563237
calibration,27007,q1,node,0.1,1234,127,3.5280000302009284
calibration,27007,q1,node,0.25,1234,324,3.2695999834686518
calibration,27007,q1,node,0.5,1234,613,7.240200007800013
calibration,27007,q1,node,0.75,1234,938,7.489000039640814
calibration,27007,q1,node,1.0,1234,1234,4.08619997324422
calibration,27007,q1,edge,0.1,252,1,3.6792000173591077
calibration,27007,q1,edge,0.25,252,17,5.70559996413067
calibration,27007,q1,edge,0.5,252,59,9.250400005839765
calibration,27007,q1,edge,0.75,252,148,8.037399966269732
calibration,27007,q1,edge,1.0,252,252,6.81980000808835
calibration,27007,q2,node,0.1,1802,199,2.868900017347187
calibration,27007,q2,node,0.25,1802,466,3.801099956035614
calibration,27007,q2,node,0.5,1802,921,6.3118000398389995
calibration,27007,q2,node,0.75,1802,1370,4.885800008196384
calibration,27007,q2,node,1.0,1802,1802,4.46249998640269
calibration,27007,q2,edge,0.1,490,3,3.165300004184246
calibration,27007,q2,edge,0.25,490,25,4.2369000148028135
calibration,27007,q2,edge,0.5,490,120,6.281099980697036
calibration,27007,q2,edge,0.75,490,271,11.84229995124042
calibration,27007,q2,edge,1.0,490,490,8.899699954781681
calibration,27007,q3,node,0.1,4526,449,2.770799968857318
calibration,27007,q3,node,0.25,4526,1113,2.9095999780111015
calibration,27007,q3,node,0.5,4526,2254,3.4032000112347305
calibration,27007,q3,node,0.75,4526,3421,8.091399969998747
calibration,27007,q3,node,1.0,4526,4526,7.494599965866655
calibration,27007,q3,edge,0.1,3156,37,4.676499986089766
calibration,27007,q3,edge,0.25,3156,197,6.083899992518127
calibration,27007,q3,edge,0.5,3156,784,15.027299989014864
calibration,27007,q3,edge,0.75,3156,1825,14.966799993999302
calibration,27007,q3,edge,1.0,3156,3156,26.010800036601722
calibration,27007,q4,node,0.1,802,84,4.065500048454851
calibration,27007,q4,node,0.25,802,192,3.8416999741457403
calibration,27007,q4,node,0.5,802,389,4.985099949408323
calibration,27007,q4,node,0.75,802,596,9.833100019022822
calibration,27007,q4,node,1.0,802,802,5.613600020296872
calibration,27007,q4,edge,0.1,90,3,6.0681000468321145
calibration,27007,q4,edge,0.25,90,6,4.659300029743463
calibration,27007,q4,edge,0.5,90,26,6.7146000219509006
calibration,27007,q4,edge,0.75,90,50,9.42300003953278
calibration,27007,q4,edge,1.0,90,90,7.748299976810813
calibration,27007,q5,node,0.1,786,55,2.6747999945655465
calibration,27007,q5,node,0.25,786,178,4.763399949297309
calibration,27007,q5,node,0.5,786,393,10.047600022517145
calibration,27007,q5,node,0.75,786,572,7.493599958252162
calibration,27007,q5,node,1.0,786,786,7.638100010808557
calibration,27007,q5,edge,0.1,92,1,5.654499982483685
calibration,27007,q5,edge,0.25,92,4,10.759900033008307
calibration,27007,q5,edge,0.5,92,32,4.46120003471151
calibration,27007,q5,edge,0.75,92,55,5.071699968539178
calibration,27007,q5,edge,1.0,92,92,5.105699994601309
calibration,27007,q6,node,0.1,1178,120,2.5661999825388193
calibration,27007,q6,node,0.25,1178,301,3.1769000343047082
calibration,27007,q6,node,0.5,1178,600,6.2686000019311905
calibration,27007,q6,node,0.75,1178,900,3.7938999594189227
calibration,27007,q6,node,1.0,1178,1178,4.291700024623424
calibration,27007,q6,edge,0.1,194,0,2.6941000251099467
calibration,27007,q6,edge,0.25,194,6,4.199999966658652
calibration,27007,q6,edge,0.5,194,46,4.517099994700402
calibration,27007,q6,edge,0.75,194,115,11.163299961481243
calibration,27007,q6,edge,1.0,194,194,7.180000015068799
calibration,27007,q7,node,0.1,2967,270,3.435000020544976
calibration,27007,q7,node,0.25,2967,721,2.2871000110171735
calibration,27007,q7,node,0.5,2967,1479,1.8350000027567148
calibration,27007,q7,node,0.75,2967,2214,2.054500044323504
calibration,27007,q7,node,1.0,2967,2967,4.0484999772161245
calibration,27007,q7,edge,0.1,1298,12,7.752800011076033
calibration,27007,q7,edge,0.25,1298,76,7.896299997810274
calibration,27007,q7,edge,0.5,1298,333,10.622499976307154
calibration,27007,q7,edge,0.75,1298,737,16.920300025958568
calibration,27007,q7,edge,1.0,1298,1298,20.70410002488643
calibration,27008,q0,node,0.1,1221,135,3.74850002117455
calibration,27008,q0,node,0.25,1221,308,3.0586000066250563
calibration,27008,q0,node,0.5,1221,586,3.7976999883539975
calibration,27008,q0,node,0.75,1221,900,7.762600027490407
calibration,27008,q0,node,1.0,1221,1221,4.968599998392165
calibration,27008,q0,edge,0.1,200,2,5.482100008521229
calibration,27008,q0,edge,0.25,200,14,4.505500022787601
calibration,27008,q0,edge,0.5,200,39,9.491299977526069
calibration,27008,q0,edge,0.75,200,105,8.739599958062172
calibration,27008,q0,edge,1.0,200,200,7.432900019921362
calibration,27008,q1,node,0.1,1234,148,3.417800005991012
calibration,27008,q1,node,0.25,1234,327,3.4570000134408474
calibration,27008,q1,node,0.5,1234,642,5.8394999941810966
calibration,27008,q1,node,0.75,1234,943,6.0119000263512135
calibration,27008,q1,node,1.0,1234,1234,3.727999981492758
calibration,27008,q1,edge,0.1,252,7,3.244199964683503
calibration,27008,q1,edge,0.25,252,18,4.9220999935641885
calibration,27008,q1,edge,0.5,252,72,6.925199995748699
calibration,27008,q1,edge,0.75,252,138,10.469400032889098
calibration,27008,q1,edge,1.0,252,252,7.8357000020332634
calibration,27008,q2,node,0.1,1802,189,3.1288000172935426
calibration,27008,q2,node,0.25,1802,485,3.438499988988042
calibration,27008,q2,node,0.5,1802,918,3.7714000209234655
calibration,27008,q2,node,0.75,1802,1386,6.893099984154105
calibration,27008,q2,node,1.0,1802,1802,5.999699991662055
calibration,27008,q2,edge,0.1,490,4,4.5041999546810985
calibration,27008,q2,edge,0.25,490,49,5.379399983212352
calibration,27008,q2,edge,0.5,490,136,6.457099982071668
calibration,27008,q2,edge,0.75,490,311,12.780699995346367
calibration,27008,q2,edge,1.0,490,490,10.919799969997257
calibration,27008,q3,node,0.1,4526,498,3.1221999670378864
calibration,27008,q3,node,0.25,4526,1187,2.870700031053275
calibration,27008,q3,node,0.5,4526,2285,3.6689999978989363
calibration,27008,q3,node,0.75,4526,3429,6.964200001675636
calibration,27008,q3,node,1.0,4526,4526,8.237600035499781
calibration,27008,q3,edge,0.1,3156,42,6.059999985154718
calibration,27008,q3,edge,0.25,3156,239,6.929800030775368
calibration,27008,q3,edge,0.5,3156,785,14.086199982557446
calibration,27008,q3,edge,0.75,3156,1789,14.070099976379424
calibration,27008,q3,edge,1.0,3156,3156,24.653600004967302
calibration,27008,q4,node,0.1,802,72,3.907600010279566
calibration,27008,q4,node,0.25,802,196,4.041599982883781
calibration,27008,q4,node,0.5,802,409,5.215000011958182
calibration,27008,q4,node,0.75,802,611,6.71909999800846
calibration,27008,q4,node,1.0,802,802,4.664400010369718
calibration,27008,q4,edge,0.1,90,0,3.8002999499440193
calibration,27008,q4,edge,0.25,90,5,4.356999997980893
calibration,27008,q4,edge,0.5,90,22,5.10109995957464
calibration,27008,q4,edge,0.75,90,52,7.654599961824715
calibration,27008,q4,edge,1.0,90,90,10.953000048175454
calibration,27008,q5,node,0.1,786,69,4.301699984353036
calibration,27008,q5,node,0.25,786,199,4.133899987209588
calibration,27008,q5,node,0.5,786,408,3.9890999905765057
calibration,27008,q5,node,0.75,786,603,6.869999982882291
calibration,27008,q5,node,1.0,786,786,5.443899950478226
calibration,27008,q5,edge,0.1,92,0,3.1207000138238072
calibration,27008,q5,edge,0.25,92,3,3.568700049072504
calibration,27008,q5,edge,0.5,92,20,4.1918999631889164
calibration,27008,q5,edge,0.75,92,55,5.270799971185625
calibration,27008,q5,edge,1.0,92,92,7.256099954247475
calibration,27008,q6,node,0.1,1178,112,4.642600018996745
calibration,27008,q6,node,0.25,1178,280,2.7688000118359923
calibration,27008,q6,node,0.5,1178,581,3.0715999891981483
calibration,27008,q6,node,0.75,1178,866,3.611500025726855
calibration,27008,q6,node,1.0,1178,1178,5.144599999766797
calibration,27008,q6,edge,0.1,194,3,3.6379999946802855
calibration,27008,q6,edge,0.25,194,16,6.320500047877431
calibration,27008,q6,edge,0.5,194,51,6.755299982614815
calibration,27008,q6,edge,0.75,194,115,6.2556000193580985
calibration,27008,q6,edge,1.0,194,194,7.428199984133244
calibration,27008,q7,node,0.1,2967,275,3.0327000422403216
calibration,27008,q7,node,0.25,2967,723,2.8915999573655427
calibration,27008,q7,node,0.5,2967,1488,6.1595000443048775
calibration,27008,q7,node,0.75,2967,2223,5.518600053619593
calibration,27008,q7,node,1.0,2967,2967,10.310999990906566
calibration,27008,q7,edge,0.1,1298,10,3.574900038074702
calibration,27008,q7,edge,0.25,1298,73,4.9573000287637115
calibration,27008,q7,edge,0.5,1298,324,10.318200045730919
calibration,27008,q7,edge,0.75,1298,719,9.528799972031265
calibration,27008,q7,edge,1.0,1298,1298,15.710400009993464
calibration,27009,q0,node,0.1,1221,143,6.876400031615049
calibration,27009,q0,node,0.25,1221,300,8.34880000911653
calibration,27009,q0,node,0.5,1221,602,9.566300024744123
calibration,27009,q0,node,0.75,1221,912,9.38900001347065
calibration,27009,q0,node,1.0,1221,1221,9.53260000096634
calibration,27009,q0,edge,0.1,200,1,6.742900004610419
calibration,27009,q0,edge,0.25,200,8,4.276900028344244
calibration,27009,q0,edge,0.5,200,56,7.0544000482186675
calibration,27009,q0,edge,0.75,200,112,8.167900028638542
calibration,27009,q0,edge,1.0,200,200,11.54019997920841
calibration,27009,q1,node,0.1,1234,107,3.9540999568998814
calibration,27009,q1,node,0.25,1234,286,3.2014999887906015
calibration,27009,q1,node,0.5,1234,628,3.6906000459566712
calibration,27009,q1,node,0.75,1234,946,3.7465999484993517
calibration,27009,q1,node,1.0,1234,1234,3.1890999525785446
calibration,27009,q1,edge,0.1,252,2,3.296000009868294
calibration,27009,q1,edge,0.25,252,16,7.3726000264286995
calibration,27009,q1,edge,0.5,252,63,6.494199973531067
calibration,27009,q1,edge,0.75,252,143,7.351999985985458
calibration,27009,q1,edge,1.0,252,252,6.569400022272021
calibration,27009,q2,node,0.1,1802,172,4.031900025438517
calibration,27009,q2,node,0.25,1802,467,13.506899995263666
calibration,27009,q2,node,0.5,1802,938,4.484800039790571
calibration,27009,q2,node,0.75,1802,1360,4.152500012423843
calibration,27009,q2,node,1.0,1802,1802,4.81219997163862
calibration,27009,q2,edge,0.1,490,3,6.579000037163496
calibration,27009,q2,edge,0.25,490,37,5.426699994131923
calibration,27009,q2,edge,0.5,490,125,9.399099973961711
calibration,27009,q2,edge,0.75,490,279,8.82749998709187
calibration,27009,q2,edge,1.0,490,490,12.93430000077933
calibration,27009,q3,node,0.1,4526,448,3.6700000055134296
calibration,27009,q3,node,0.25,4526,1116,3.16770002245903
calibration,27009,q3,node,0.5,4526,2296,3.7982999929226935
calibration,27009,q3,node,0.75,4526,3426,4.55890002194792
calibration,27009,q3,node,1.0,4526,4526,11.23960001859814
calibration,27009,q3,edge,0.1,3156,22,4.830699996091425
calibration,27009,q3,edge,0.25,3156,189,6.017899955622852
calibration,27009,q3,edge,0.5,3156,805,11.22330001089722
calibration,27009,q3,edge,0.75,3156,1792,17.611099989153445
calibration,27009,q3,edge,1.0,3156,3156,22.266099986154586
calibration,27009,q4,node,0.1,802,73,2.9747000080533326
calibration,27009,q4,node,0.25,802,185,2.628800051752478
calibration,27009,q4,node,0.5,802,391,3.0258999904617667
calibration,27009,q4,node,0.75,802,603,3.422900044824928
calibration,27009,q4,node,1.0,802,802,3.34840000141412
calibration,27009,q4,edge,0.1,90,0,2.4651000276207924
calibration,27009,q4,edge,0.25,90,6,3.225599997676909
calibration,27009,q4,edge,0.5,90,19,6.84940000064671
calibration,27009,q4,edge,0.75,90,46,5.559700017329305
calibration,27009,q4,edge,1.0,90,90,8.972999989055097
calibration,27009,q5,node,0.1,786,72,2.6561000267975032
calibration,27009,q5,node,0.25,786,197,3.0243000364862382
calibration,27009,q5,node,0.5,786,404,6.494999979622662
calibration,27009,q5,node,0.75,786,599,5.262600025162101
calibration,27009,q5,node,1.0,786,786,3.700800007209182
calibration,27009,q5,edge,0.1,92,1,3.318200004287064
calibration,27009,q5,edge,0.25,92,5,3.439099993556738
calibration,27009,q5,edge,0.5,92,25,4.515599983278662
calibration,27009,q5,edge,0.75,92,51,5.9501000214368105
calibration,27009,q5,edge,1.0,92,92,8.47180001437664
calibration,27009,q6,node,0.1,1178,107,4.018100036773831
calibration,27009,q6,node,0.25,1178,276,2.7362999971956015
calibration,27009,q6,node,0.5,1178,565,3.1113000004552305
calibration,27009,q6,node,0.75,1178,882,3.1664000125601888
calibration,27009,q6,node,1.0,1178,1178,3.8383000064641237
calibration,27009,q6,edge,0.1,194,1,3.7258000229485333
calibration,27009,q6,edge,0.25,194,10,6.528300000354648
calibration,27009,q6,edge,0.5,194,49,4.7216000384651124
calibration,27009,q6,edge,0.75,194,110,5.533100047614425
calibration,27009,q6,edge,1.0,194,194,6.297299987636507
calibration,27009,q7,node,0.1,2967,272,2.378299948759377
calibration,27009,q7,node,0.25,2967,715,5.061600008048117
calibration,27009,q7,node,0.5,2967,1454,7.301000005099922
calibration,27009,q7,node,0.75,2967,2234,8.400499995332211
calibration,27009,q7,node,1.0,2967,2967,7.545899949036539
calibration,27009,q7,edge,0.1,1298,8,4.451499960850924
calibration,27009,q7,edge,0.25,1298,80,6.69840001501143
calibration,27009,q7,edge,0.5,1298,308,9.38300002599135
calibration,27009,q7,edge,0.75,1298,741,8.642600034363568
calibration,27009,q7,edge,1.0,1298,1298,16.48419996490702
calibration,27010,q0,node,0.1,1221,102,3.8781000184826553
calibration,27010,q0,node,0.25,1221,287,3.0650999979116023
calibration,27010,q0,node,0.5,1221,596,3.8505999837070704
calibration,27010,q0,node,0.75,1221,913,5.652200023178011
calibration,27010,q0,node,1.0,1221,1221,8.196800015866756
calibration,27010,q0,edge,0.1,200,0,4.293200036045164
calibration,27010,q0,edge,0.25,200,10,4.4593000202439725
calibration,27010,q0,edge,0.5,200,49,6.47610001033172
calibration,27010,q0,edge,0.75,200,110,6.316600018180907
calibration,27010,q0,edge,1.0,200,200,10.402599989902228
calibration,27010,q1,node,0.1,1234,131,4.753799992613494
calibration,27010,q1,node,0.25,1234,306,5.316500028129667
calibration,27010,q1,node,0.5,1234,588,6.997500022407621
calibration,27010,q1,node,0.75,1234,943,8.027999952901155
calibration,27010,q1,node,1.0,1234,1234,4.41970000974834
calibration,27010,q1,edge,0.1,252,3,3.9166000206023455
calibration,27010,q1,edge,0.25,252,13,4.464800003916025
calibration,27010,q1,edge,0.5,252,45,5.032800021581352
calibration,27010,q1,edge,0.75,252,141,7.3630999540910125
calibration,27010,q1,edge,1.0,252,252,9.144999959971756
calibration,27010,q2,node,0.1,1802,181,3.846599953249097
calibration,27010,q2,node,0.25,1802,432,5.278299970086664
calibration,27010,q2,node,0.5,1802,895,5.184500012546778
calibration,27010,q2,node,0.75,1802,1334,7.1353999665006995
calibration,27010,q2,node,1.0,1802,1802,5.411899997852743
calibration,27010,q2,edge,0.1,490,7,3.8126000436022878
calibration,27010,q2,edge,0.25,490,38,4.875399987213314
calibration,27010,q2,edge,0.5,490,117,5.704800016246736
calibration,27010,q2,edge,0.75,490,288,13.123800046741962
calibration,27010,q2,edge,1.0,490,490,10.980599967297167
calibration,27010,q3,node,0.1,4526,444,3.398899978492409
calibration,27010,q3,node,0.25,4526,1092,3.7874000263400376
calibration,27010,q3,node,0.5,4526,2218,3.646400000434369
calibration,27010,q3,node,0.75,4526,3384,7.94879999011755
calibration,27010,q3,node,1.0,4526,4526,9.409899997990578
calibration,27010,q3,edge,0.1,3156,27,3.831000009085983
calibration,27010,q3,edge,0.25,3156,192,5.701399990357459
calibration,27010,q3,edge,0.5,3156,737,15.067200001794845
calibration,27010,q3,edge,0.75,3156,1775,18.708799965679646
calibration,27010,q3,edge,1.0,3156,3156,26.480000000447035
calibration,27010,q4,node,0.1,802,75,4.765599966049194
calibration,27010,q4,node,0.25,802,205,7.314799993764609
calibration,27010,q4,node,0.5,802,402,4.7571000177413225
calibration,27010,q4,node,0.75,802,594,3.096999949775636
calibration,27010,q4,node,1.0,802,802,3.4081999910995364
calibration,27010,q4,edge,0.1,90,1,3.6648999666795135
calibration,27010,q4,edge,0.25,90,4,3.02539998665452
calibration,27010,q4,edge,0.5,90,17,3.655000007711351
calibration,27010,q4,edge,0.75,90,40,6.37990003451705
calibration,27010,q4,edge,1.0,90,90,6.769999978132546
calibration,27010,q5,node,0.1,786,81,2.5388000067323446
calibration,27010,q5,node,0.25,786,203,2.6230000075884163
calibration,27010,q5,node,0.5,786,410,5.870399996638298
calibration,27010,q5,node,0.75,786,601,12.161899998318404
calibration,27010,q5,node,1.0,786,786,5.824299994856119
calibration,27010,q5,edge,0.1,92,1,4.518400004599243
calibration,27010,q5,edge,0.25,92,3,4.882499983068556
calibration,27010,q5,edge,0.5,92,25,3.7093000137247145
calibration,27010,q5,edge,0.75,92,50,5.30860002618283
calibration,27010,q5,edge,1.0,92,92,8.225099998526275
calibration,27010,q6,node,0.1,1178,131,2.919499995186925
calibration,27010,q6,node,0.25,1178,320,5.873199959751219
calibration,27010,q6,node,0.5,1178,613,4.808700003195554
calibration,27010,q6,node,0.75,1178,878,4.141199984587729
calibration,27010,q6,node,1.0,1178,1178,4.380500002298504
calibration,27010,q6,edge,0.1,194,5,6.1647999682463706
calibration,27010,q6,edge,0.25,194,17,5.305800004862249
calibration,27010,q6,edge,0.5,194,51,7.530600007157773
calibration,27010,q6,edge,0.75,194,108,8.05989996297285
calibration,27010,q6,edge,1.0,194,194,13.693099957890809
calibration,27010,q7,node,0.1,2967,307,3.4348000190220773
calibration,27010,q7,node,0.25,2967,775,3.91139998100698
calibration,27010,q7,node,0.5,2967,1526,5.265999992843717
calibration,27010,q7,node,0.75,2967,2228,9.200099972076714
calibration,27010,q7,node,1.0,2967,2967,18.634599982760847
calibration,27010,q7,edge,0.1,1298,15,9.25839995034039
calibration,27010,q7,edge,0.25,1298,77,13.496499974280596
calibration,27010,q7,edge,0.5,1298,332,9.758600033819675
calibration,27010,q7,edge,0.75,1298,737,7.8363000066019595
calibration,27010,q7,edge,1.0,1298,1298,20.409599994309247
calibration,27011,q0,node,0.1,1221,142,11.636300012469292
calibration,27011,q0,node,0.25,1221,319,7.9471999779343605
calibration,27011,q0,node,0.5,1221,603,8.207899983972311
calibration,27011,q0,node,0.75,1221,921,13.381500029936433
calibration,27011,q0,node,1.0,1221,1221,10.471699992194772
calibration,27011,q0,edge,0.1,200,3,8.59769998351112
calibration,27011,q0,edge,0.25,200,15,11.999800044577569
calibration,27011,q0,edge,0.5,200,49,13.203799957409501
calibration,27011,q0,edge,0.75,200,107,15.824900008738041
calibration,27011,q0,edge,1.0,200,200,15.549100004136562
calibration,27011,q1,node,0.1,1234,120,7.037400035187602
calibration,27011,q1,node,0.25,1234,323,7.106199976988137
calibration,27011,q1,node,0.5,1234,613,8.419000019785017
calibration,27011,q1,node,0.75,1234,926,10.367100010626018
calibration,27011,q1,node,1.0,1234,1234,8.408699999563396
calibration,27011,q1,edge,0.1,252,2,4.878500010818243
calibration,27011,q1,edge,0.25,252,20,6.0184000176377594
calibration,27011,q1,edge,0.5,252,62,7.571800029836595
calibration,27011,q1,edge,0.75,252,140,11.862599989399314
calibration,27011,q1,edge,1.0,252,252,8.013599959667772
calibration,27011,q2,node,0.1,1802,187,2.663699968252331
calibration,27011,q2,node,0.25,1802,456,2.7835999499075115
calibration,27011,q2,node,0.5,1802,928,3.299799980595708
calibration,27011,q2,node,0.75,1802,1344,5.287899984978139
calibration,27011,q2,node,1.0,1802,1802,7.486300019081682
calibration,27011,q2,edge,0.1,490,3,3.701500012539327
calibration,27011,q2,edge,0.25,490,28,4.610200005117804
calibration,27011,q2,edge,0.5,490,120,6.043299974408001
calibration,27011,q2,edge,0.75,490,291,8.892200014088303
calibration,27011,q2,edge,1.0,490,490,11.794699996244162
calibration,27011,q3,node,0.1,4526,471,3.0249000410549343
calibration,27011,q3,node,0.25,4526,1161,2.6625000173226
calibration,27011,q3,node,0.5,4526,2283,4.281600005924702
calibration,27011,q3,node,0.75,4526,3398,6.901499989908189
calibration,27011,q3,node,1.0,4526,4526,13.572100026067346
calibration,27011,q3,edge,0.1,3156,31,8.494200010318309
calibration,27011,q3,edge,0.25,3156,206,14.563800010364503
calibration,27011,q3,edge,0.5,3156,792,19.1245999885723
calibration,27011,q3,edge,0.75,3156,1794,37.00740000931546
calibration,27011,q3,edge,1.0,3156,3156,34.126700018532574
calibration,27011,q4,node,0.1,802,67,4.803300020284951
calibration,27011,q4,node,0.25,802,179,5.111299979034811
calibration,27011,q4,node,0.5,802,396,6.609899981413037
calibration,27011,q4,node,0.75,802,589,5.914100038353354
calibration,27011,q4,node,1.0,802,802,7.488600036595017
calibration,27011,q4,edge,0.1,90,2,7.422399998176843
calibration,27011,q4,edge,0.25,90,5,8.847900026012212
calibration,27011,q4,edge,0.5,90,29,9.87190002342686
calibration,27011,q4,edge,0.75,90,53,10.48970001284033
calibration,27011,q4,edge,1.0,90,90,7.583300000987947
calibration,27011,q5,node,0.1,786,85,3.539400000590831
calibration,27011,q5,node,0.25,786,202,2.7858999674208462
calibration,27011,q5,node,0.5,786,404,4.282000008970499
calibration,27011,q5,node,0.75,786,597,4.511100007221103
calibration,27011,q5,node,1.0,786,786,6.218100024852902
calibration,27011,q5,edge,0.1,92,0,5.278000026009977
calibration,27011,q5,edge,0.25,92,4,3.9596999995410442
calibration,27011,q5,edge,0.5,92,21,4.168399958871305
calibration,27011,q5,edge,0.75,92,55,5.9757999842986465
calibration,27011,q5,edge,1.0,92,92,9.268000023439527
calibration,27011,q6,node,0.1,1178,107,4.534000006970018
calibration,27011,q6,node,0.25,1178,287,5.113599996548146
calibration,27011,q6,node,0.5,1178,603,5.264799983706325
calibration,27011,q6,node,0.75,1178,872,7.173499965574592
calibration,27011,q6,node,1.0,1178,1178,7.419100031256676
calibration,27011,q6,edge,0.1,194,2,3.774499986320734
calibration,27011,q6,edge,0.25,194,13,3.811699978541583
calibration,27011,q6,edge,0.5,194,58,5.720999964978546
calibration,27011,q6,edge,0.75,194,114,6.826199998613447
calibration,27011,q6,edge,1.0,194,194,15.688100014813244
calibration,27011,q7,node,0.1,2967,285,4.9999000038951635
calibration,27011,q7,node,0.25,2967,719,4.02410002425313
calibration,27011,q7,node,0.5,2967,1492,4.976600001100451
calibration,27011,q7,node,0.75,2967,2203,3.5455000470392406
calibration,27011,q7,node,1.0,2967,2967,10.02610003342852
calibration,27011,q7,edge,0.1,1298,11,5.472899996675551
calibration,27011,q7,edge,0.25,1298,82,5.90580003336072
calibration,27011,q7,edge,0.5,1298,344,8.264600008260459
calibration,27011,q7,edge,0.75,1298,738,15.71840001270175
calibration,27011,q7,edge,1.0,1298,1298,33.55809999629855
calibration,27012,q0,node,0.1,1221,133,7.191099983174354
calibration,27012,q0,node,0.25,1221,322,4.512399958912283
calibration,27012,q0,node,0.5,1221,637,5.434599996078759
calibration,27012,q0,node,0.75,1221,923,6.1552999541163445
calibration,27012,q0,node,1.0,1221,1221,13.848800037521869
calibration,27012,q0,edge,0.1,200,1,8.149000001139939
calibration,27012,q0,edge,0.25,200,10,10.083600005600601
calibration,27012,q0,edge,0.5,200,48,10.064400034025311
calibration,27012,q0,edge,0.75,200,122,16.951799974776804
calibration,27012,q0,edge,1.0,200,200,10.141999984625727
calibration,27012,q1,node,0.1,1234,99,4.5621999888680875
calibration,27012,q1,node,0.25,1234,267,4.854600003454834
calibration,27012,q1,node,0.5,1234,593,3.6700000055134296
calibration,27012,q1,node,0.75,1234,897,3.7754999939352274
calibration,27012,q1,node,1.0,1234,1234,7.3868000181391835
calibration,27012,q1,edge,0.1,252,0,3.4832999808713794
calibration,27012,q1,edge,0.25,252,6,3.8408999680541456
calibration,27012,q1,edge,0.5,252,54,5.796800018288195
calibration,27012,q1,edge,0.75,252,127,6.349999981466681
calibration,27012,q1,edge,1.0,252,252,13.265300018247217
calibration,27012,q2,node,0.1,1802,170,3.8408999680541456
calibration,27012,q2,node,0.25,1802,460,3.1306000309996307
calibration,27012,q2,node,0.5,1802,918,3.394200000911951
calibration,27012,q2,node,0.75,1802,1356,3.4977999748662114
calibration,27012,q2,node,1.0,1802,1802,3.853700007312
calibration,27012,q2,edge,0.1,490,4,14.57470003515482
calibration,27012,q2,edge,0.25,490,38,10.710200003813952
calibration,27012,q2,edge,0.5,490,136,14.88269999390468
calibration,27012,q2,edge,0.75,490,283,11.199700005818158
calibration,27012,q2,edge,1.0,490,490,8.078299986664206
calibration,27012,q3,node,0.1,4526,422,2.286700007971376
calibration,27012,q3,node,0.25,4526,1104,4.015599959529936
calibration,27012,q3,node,0.5,4526,2267,5.174999998416752
calibration,27012,q3,node,0.75,4526,3380,4.112399998120964
calibration,27012,q3,node,1.0,4526,4526,7.027900021057576
calibration,27012,q3,edge,0.1,3156,21,4.983999999240041
calibration,27012,q3,edge,0.25,3156,196,12.311300029978156
calibration,27012,q3,edge,0.5,3156,805,12.136699981056154
calibration,27012,q3,edge,0.75,3156,1788,20.107900025323033
calibration,27012,q3,edge,1.0,3156,3156,19.923600018955767
calibration,27012,q4,node,0.1,802,79,3.4032000112347305
calibration,27012,q4,node,0.25,802,199,4.983299993909895
calibration,27012,q4,node,0.5,802,397,4.87000000430271
calibration,27012,q4,node,0.75,802,604,3.5037000197917223
calibration,27012,q4,node,1.0,802,802,3.9807999855838716
calibration,27012,q4,edge,0.1,90,0,2.8233000193722546
calibration,27012,q4,edge,0.25,90,4,3.518999961670488
calibration,27012,q4,edge,0.5,90,22,4.034999990835786
calibration,27012,q4,edge,0.75,90,49,8.64820001879707
calibration,27012,q4,edge,1.0,90,90,5.882500030566007
calibration,27012,q5,node,0.1,786,68,2.590299991425127
calibration,27012,q5,node,0.25,786,191,2.7564000338315964
calibration,27012,q5,node,0.5,786,393,3.2478999928571284
calibration,27012,q5,node,0.75,786,585,2.993099973537028
calibration,27012,q5,node,1.0,786,786,3.1567999976687133
calibration,27012,q5,edge,0.1,92,0,3.184800036251545
calibration,27012,q5,edge,0.25,92,5,5.286599975079298
calibration,27012,q5,edge,0.5,92,26,5.25230000494048
calibration,27012,q5,edge,0.75,92,51,5.363400036003441
calibration,27012,q5,edge,1.0,92,92,5.3743000025860965
calibration,27012,q6,node,0.1,1178,106,2.6322000194340944
calibration,27012,q6,node,0.25,1178,281,2.998500014655292
calibration,27012,q6,node,0.5,1178,575,5.702900001779199
calibration,27012,q6,node,0.75,1178,870,5.021299992222339
calibration,27012,q6,node,1.0,1178,1178,4.530999984126538
calibration,27012,q6,edge,0.1,194,2,4.761699994560331
calibration,27012,q6,edge,0.25,194,14,4.052800009958446
calibration,27012,q6,edge,0.5,194,43,4.4716999982483685
calibration,27012,q6,edge,0.75,194,107,9.789199975784868
calibration,27012,q6,edge,1.0,194,194,9.054500027559698
calibration,27012,q7,node,0.1,2967,274,2.9645999893546104
calibration,27012,q7,node,0.25,2967,727,4.583400033880025
calibration,27012,q7,node,0.5,2967,1459,3.8158000097610056
calibration,27012,q7,node,0.75,2967,2206,6.1781000113114715
calibration,27012,q7,node,1.0,2967,2967,8.122799976263195
calibration,27012,q7,edge,0.1,1298,4,3.3449000329710543
calibration,27012,q7,edge,0.25,1298,78,5.171599972527474
calibration,27012,q7,edge,0.5,1298,320,6.007299991324544
calibration,27012,q7,edge,0.75,1298,737,12.144899985287338
calibration,27012,q7,edge,1.0,1298,1298,14.769500005058944
calibration,27013,q0,node,0.1,1221,106,8.242900017648935
calibration,27013,q0,node,0.25,1221,285,10.22160000866279
calibration,27013,q0,node,0.5,1221,620,10.274300002492964
calibration,27013,q0,node,0.75,1221,917,10.433199990075082
calibration,27013,q0,node,1.0,1221,1221,12.387500028125942
calibration,27013,q0,edge,0.1,200,1,8.206200029235333
calibration,27013,q0,edge,0.25,200,5,10.178799973800778
calibration,27013,q0,edge,0.5,200,42,15.61910001328215
calibration,27013,q0,edge,0.75,200,117,14.763200015295297
calibration,27013,q0,edge,1.0,200,200,12.653500016313046
calibration,27013,q1,node,0.1,1234,124,4.1856999741867185
calibration,27013,q1,node,0.25,1234,324,3.3472999930381775
calibration,27013,q1,node,0.5,1234,603,5.262200022116303
calibration,27013,q1,node,0.75,1234,913,5.834000010509044
calibration,27013,q1,node,1.0,1234,1234,3.9148000068962574
calibration,27013,q1,edge,0.1,252,0,3.4231000463478267
calibration,27013,q1,edge,0.25,252,14,3.986900032032281
calibration,27013,q1,edge,0.5,252,50,5.605400016065687
calibration,27013,q1,edge,0.75,252,134,8.685400011017919
calibration,27013,q1,edge,1.0,252,252,8.330099983140826
calibration,27013,q2,node,0.1,1802,185,5.2767000161111355
calibration,27013,q2,node,0.25,1802,446,8.157600008416921
calibration,27013,q2,node,0.5,1802,898,7.589199987705797
calibration,27013,q2,node,0.75,1802,1326,5.384500022046268
calibration,27013,q2,node,1.0,1802,1802,13.755600026343018
calibration,27013,q2,edge,0.1,490,3,3.157900006044656
calibration,27013,q2,edge,0.25,490,22,5.808799993246794
calibration,27013,q2,edge,0.5,490,112,7.345699996221811
calibration,27013,q2,edge,0.75,490,260,8.335200021974742
calibration,27013,q2,edge,1.0,490,490,8.898100000806153
calibration,27013,q3,node,0.1,4526,439,3.5182999563403428
calibration,27013,q3,node,0.25,4526,1114,4.9214999889954925
calibration,27013,q3,node,0.5,4526,2238,4.456199996639043
calibration,27013,q3,node,0.75,4526,3344,3.902000025846064
calibration,27013,q3,node,1.0,4526,4526,7.13829998858273
calibration,27013,q3,edge,0.1,3156,24,3.5607999889180064
calibration,27013,q3,edge,0.25,3156,175,10.928699979558587
calibration,27013,q3,edge,0.5,3156,728,10.806600039359182
calibration,27013,q3,edge,0.75,3156,1701,12.90770003106445
calibration,27013,q3,edge,1.0,3156,3156,22.1336999675259
calibration,27013,q4,node,0.1,802,95,3.2044000108726323
calibration,27013,q4,node,0.25,802,215,2.5252000195905566
calibration,27013,q4,node,0.5,802,425,4.50710003497079
calibration,27013,q4,node,0.75,802,622,5.860499979462475
calibration,27013,q4,node,1.0,802,802,3.200799983460456
calibration,27013,q4,edge,0.1,90,2,3.096700005698949
calibration,27013,q4,edge,0.25,90,6,3.426399955060333
calibration,27013,q4,edge,0.5,90,29,3.9402999682351947
calibration,27013,q4,edge,0.75,90,60,5.180799984373152
calibration,27013,q4,edge,1.0,90,90,8.784499950706959
calibration,27013,q5,node,0.1,786,70,2.641199971549213
calibration,27013,q5,node,0.25,786,189,3.382300026714802
calibration,27013,q5,node,0.5,786,377,3.280000004451722
calibration,27013,q5,node,0.75,786,580,3.4511000267229974
calibration,27013,q5,node,1.0,786,786,4.026200040243566
calibration,27013,q5,edge,0.1,92,1,2.837900014128536
calibration,27013,q5,edge,0.25,92,4,3.8179000257514417
calibration,27013,q5,edge,0.5,92,23,8.97550000809133
calibration,27013,q5,edge,0.75,92,54,5.308699968736619
calibration,27013,q5,edge,1.0,92,92,4.725700011476874
calibration,27013,q6,node,0.1,1178,102,2.1090999944135547
calibration,27013,q6,node,0.25,1178,296,15.033199975732714
calibration,27013,q6,node,0.5,1178,578,4.051600000821054
calibration,27013,q6,node,0.75,1178,886,3.3782999962568283
calibration,27013,q6,node,1.0,1178,1178,4.061899962835014
calibration,27013,q6,edge,0.1,194,1,2.741800039075315
calibration,27013,q6,edge,0.25,194,14,3.230400034226477
calibration,27013,q6,edge,0.5,194,60,4.243900009896606
calibration,27013,q6,edge,0.75,194,127,9.523299988359213
calibration,27013,q6,edge,1.0,194,194,7.0393000496551394
calibration,27013,q7,node,0.1,2967,283,2.5760999997146428
calibration,27013,q7,node,0.25,2967,751,3.6714000161737204
calibration,27013,q7,node,0.5,2967,1482,6.5466000232845545
calibration,27013,q7,node,0.75,2967,2236,9.483399975579232
calibration,27013,q7,node,1.0,2967,2967,15.988900035154074
calibration,27013,q7,edge,0.1,1298,13,9.309600049164146
calibration,27013,q7,edge,0.25,1298,76,11.30009995540604
calibration,27013,q7,edge,0.5,1298,331,9.175800019875169
calibration,27013,q7,edge,0.75,1298,771,13.716200017370284
calibration,27013,q7,edge,1.0,1298,1298,14.990199997555465
calibration,27014,q0,node,0.1,1221,124,5.17090002540499
calibration,27014,q0,node,0.25,1221,310,5.1034000352956355
calibration,27014,q0,node,0.5,1221,609,4.285899980459362
calibration,27014,q0,node,0.75,1221,925,4.029900010209531
calibration,27014,q0,node,1.0,1221,1221,6.737200019415468
calibration,27014,q0,edge,0.1,200,1,4.2575999977998435
calibration,27014,q0,edge,0.25,200,12,5.36489998921752
calibration,27014,q0,edge,0.5,200,51,8.431099995505065
calibration,27014,q0,edge,0.75,200,110,8.83489998523146
calibration,27014,q0,edge,1.0,200,200,7.881099998485297
calibration,27014,q1,node,0.1,1234,134,3.140399989206344
calibration,27014,q1,node,0.25,1234,312,4.672000010032207
calibration,27014,q1,node,0.5,1234,620,3.7466000067070127
calibration,27014,q1,node,0.75,1234,934,5.400799971539527
calibration,27014,q1,node,1.0,1234,1234,5.663099989760667
calibration,27014,q1,edge,0.1,252,1,3.956099972128868
calibration,27014,q1,edge,0.25,252,14,6.769299972802401
calibration,27014,q1,edge,0.5,252,64,18.14060000469908
calibration,27014,q1,edge,0.75,252,161,15.415799978654832
calibration,27014,q1,edge,1.0,252,252,10.911800025496632
calibration,27014,q2,node,0.1,1802,178,3.1786999898031354
calibration,27014,q2,node,0.25,1802,463,3.167600021697581
calibration,27014,q2,node,0.5,1802,924,3.5658999695442617
calibration,27014,q2,node,0.75,1802,1356,4.441600001882762
calibration,27014,q2,node,1.0,1802,1802,6.765099999029189
calibration,27014,q2,edge,0.1,490,1,3.726599970832467
calibration,27014,q2,edge,0.25,490,21,4.39590000314638
calibration,27014,q2,edge,0.5,490,111,7.416100008413196
calibration,27014,q2,edge,0.75,490,280,10.009200021158904
calibration,27014,q2,edge,1.0,490,490,9.415000036824495
calibration,27014,q3,node,0.1,4526,464,3.0898000113666058
calibration,27014,q3,node,0.25,4526,1154,3.0166999786160886
calibration,27014,q3,node,0.5,4526,2282,4.552900034468621
calibration,27014,q3,node,0.75,4526,3412,4.1173999779857695
calibration,27014,q3,node,1.0,4526,4526,13.080900011118501
calibration,27014,q3,edge,0.1,3156,20,7.33700004639104
calibration,27014,q3,edge,0.25,3156,174,6.8857999867759645
calibration,27014,q3,edge,0.5,3156,789,16.335399996023625
calibration,27014,q3,edge,0.75,3156,1806,29.76080001099035
calibration,27014,q3,edge,1.0,3156,3156,37.29200002271682
calibration,27014,q4,node,0.1,802,71,5.710700002964586
calibration,27014,q4,node,0.25,802,199,5.776399979367852
calibration,27014,q4,node,0.5,802,423,5.175700003746897
calibration,27014,q4,node,0.75,802,618,5.463600042276084
calibration,27014,q4,node,1.0,802,802,3.820899990387261
calibration,27014,q4,edge,0.1,90,1,3.8453000015579164
calibration,27014,q4,edge,0.25,90,5,3.1484999926760793
calibration,27014,q4,edge,0.5,90,26,4.778199945576489
calibration,27014,q4,edge,0.75,90,59,4.615799989551306
calibration,27014,q4,edge,1.0,90,90,8.106399967800826
calibration,27014,q5,node,0.1,786,69,3.2030000002123415
calibration,27014,q5,node,0.25,786,181,3.4749999758787453
calibration,27014,q5,node,0.5,786,372,3.02100001135841
calibration,27014,q5,node,0.75,786,577,2.9870999860577285
calibration,27014,q5,node,1.0,786,786,3.3832999761216342
calibration,27014,q5,edge,0.1,92,2,2.4210999836213887
calibration,27014,q5,edge,0.25,92,5,2.731700020376593
calibration,27014,q5,edge,0.5,92,20,6.503899989183992
calibration,27014,q5,edge,0.75,92,47,6.23020000057295
calibration,27014,q5,edge,1.0,92,92,5.4107999894768
calibration,27014,q6,node,0.1,1178,130,2.3321000044234097
calibration,27014,q6,node,0.25,1178,323,2.8047000523656607
calibration,27014,q6,node,0.5,1178,622,2.752200001850724
calibration,27014,q6,node,0.75,1178,897,2.8965999954380095
calibration,27014,q6,node,1.0,1178,1178,8.21389997145161
calibration,27014,q6,edge,0.1,194,4,3.896299982443452
calibration,27014,q6,edge,0.25,194,12,3.4383999882265925
calibration,27014,q6,edge,0.5,194,50,5.651000014040619
calibration,27014,q6,edge,0.75,194,122,5.0066999974660575
calibration,27014,q6,edge,1.0,194,194,6.712300004437566
calibration,27014,q7,node,0.1,2967,290,4.905900044832379
calibration,27014,q7,node,0.25,2967,755,2.57349997991696
calibration,27014,q7,node,0.5,2967,1515,2.782299998216331
calibration,27014,q7,node,0.75,2967,2243,3.931499959435314
calibration,27014,q7,node,1.0,2967,2967,6.805700017139316
calibration,27014,q7,edge,0.1,1298,14,3.076499968301505
calibration,27014,q7,edge,0.25,1298,62,5.569199973251671
calibration,27014,q7,edge,0.5,1298,324,13.058400014415383
calibration,27014,q7,edge,0.75,1298,748,19.64889996452257
calibration,27014,q7,edge,1.0,1298,1298,20.84929996635765
calibration,27015,q0,node,0.1,1221,124,5.7557999971322715
calibration,27015,q0,node,0.25,1221,300,4.719100019428879
calibration,27015,q0,node,0.5,1221,619,6.964900007005781
calibration,27015,q0,node,0.75,1221,920,5.10409998241812
calibration,27015,q0,node,1.0,1221,1221,6.459500000346452
calibration,27015,q0,edge,0.1,200,2,7.809199974872172
calibration,27015,q0,edge,0.25,200,11,11.702100047841668
calibration,27015,q0,edge,0.5,200,40,11.895300005562603
calibration,27015,q0,edge,0.75,200,94,9.963299962691963
calibration,27015,q0,edge,1.0,200,200,13.095600006636232
calibration,27015,q1,node,0.1,1234,112,3.811999980825931
calibration,27015,q1,node,0.25,1234,296,4.259200009983033
calibration,27015,q1,node,0.5,1234,609,8.696800039615482
calibration,27015,q1,node,0.75,1234,917,11.882599967066199
calibration,27015,q1,node,1.0,1234,1234,8.284100040327758
calibration,27015,q1,edge,0.1,252,1,6.530600017867982
calibration,27015,q1,edge,0.25,252,14,13.928100001066923
calibration,27015,q1,edge,0.5,252,64,17.683400015812367
calibration,27015,q1,edge,0.75,252,149,18.00869998987764
calibration,27015,q1,edge,1.0,252,252,9.495400008745492
calibration,27015,q2,node,0.1,1802,214,2.7042999863624573
calibration,27015,q2,node,0.25,1802,466,3.3481999998912215
calibration,27015,q2,node,0.5,1802,925,6.9481999962590635
calibration,27015,q2,node,0.75,1802,1340,4.756700014695525
calibration,27015,q2,node,1.0,1802,1802,4.058499995153397
calibration,27015,q2,edge,0.1,490,4,4.530400037765503
calibration,27015,q2,edge,0.25,490,20,4.169700026977807
calibration,27015,q2,edge,0.5,490,118,6.418300035875291
calibration,27015,q2,edge,0.75,490,256,11.536800011526793
calibration,27015,q2,edge,1.0,490,490,8.452999987639487
calibration,27015,q3,node,0.1,4526,473,2.5659999810159206
calibration,27015,q3,node,0.25,4526,1117,2.3920999956317246
calibration,27015,q3,node,0.5,4526,2276,4.559800028800964
calibration,27015,q3,node,0.75,4526,3367,7.086099998559803
calibration,27015,q3,node,1.0,4526,4526,8.638300001621246
calibration,27015,q3,edge,0.1,3156,31,4.501199990045279
calibration,27015,q3,edge,0.25,3156,185,3.9238999597728252
calibration,27015,q3,edge,0.5,3156,743,6.611499993596226
calibration,27015,q3,edge,0.75,3156,1707,27.682900021318346
calibration,27015,q3,edge,1.0,3156,3156,45.53960001794621
calibration,27015,q4,node,0.1,802,76,4.09810000564903
calibration,27015,q4,node,0.25,802,208,5.006499995943159
calibration,27015,q4,node,0.5,802,402,3.5096000065095723
calibration,27015,q4,node,0.75,802,588,3.4546999959275126
calibration,27015,q4,node,1.0,802,802,3.70110000949353
calibration,27015,q4,edge,0.1,90,2,3.7060999893583357
calibration,27015,q4,edge,0.25,90,8,9.009500034153461
calibration,27015,q4,edge,0.5,90,20,9.804200031794608
calibration,27015,q4,edge,0.75,90,45,8.019500004593283
calibration,27015,q4,edge,1.0,90,90,8.955699973739684
calibration,27015,q5,node,0.1,786,72,2.665799984242767
calibration,27015,q5,node,0.25,786,190,2.445799997076392
calibration,27015,q5,node,0.5,786,380,4.188399994745851
calibration,27015,q5,node,0.75,786,590,3.180900006555021
calibration,27015,q5,node,1.0,786,786,3.521399979945272
calibration,27015,q5,edge,0.1,92,1,2.8144000098109245
calibration,27015,q5,edge,0.25,92,6,6.862999987788498
calibration,27015,q5,edge,0.5,92,20,4.6283999690786
calibration,27015,q5,edge,0.75,92,57,6.551099999342114
calibration,27015,q5,edge,1.0,92,92,5.608900042716414
calibration,27015,q6,node,0.1,1178,122,2.6299000019207597
calibration,27015,q6,node,0.25,1178,293,2.9534000204876065
calibration,27015,q6,node,0.5,1178,619,4.274800012353808
calibration,27015,q6,node,0.75,1178,902,4.797499976120889
calibration,27015,q6,node,1.0,1178,1178,5.6773999822326005
calibration,27015,q6,edge,0.1,194,1,3.4773999941535294
calibration,27015,q6,edge,0.25,194,11,3.501799947116524
calibration,27015,q6,edge,0.5,194,43,4.860099987126887
calibration,27015,q6,edge,0.75,194,114,10.124300024472177
calibration,27015,q6,edge,1.0,194,194,7.285500003490597
calibration,27015,q7,node,0.1,2967,287,3.015899972524494
calibration,27015,q7,node,0.25,2967,744,2.6977999950759113
calibration,27015,q7,node,0.5,2967,1501,2.718399977311492
calibration,27015,q7,node,0.75,2967,2235,3.2353000133298337
calibration,27015,q7,node,1.0,2967,2967,8.59609997132793
calibration,27015,q7,edge,0.1,1298,13,5.101199960336089
calibration,27015,q7,edge,0.25,1298,97,4.91289998171851
calibration,27015,q7,edge,0.5,1298,299,5.936700035817921
calibration,27015,q7,edge,0.75,1298,726,8.468399988487363
calibration,27015,q7,edge,1.0,1298,1298,17.160999996121973
calibration,27016,q0,node,0.1,1221,105,4.772299958858639
calibration,27016,q0,node,0.25,1221,302,3.7514999858103693
calibration,27016,q0,node,0.5,1221,591,5.25819999165833
calibration,27016,q0,node,0.75,1221,916,7.417600019834936
calibration,27016,q0,node,1.0,1221,1221,5.672900006175041
calibration,27016,q0,edge,0.1,200,2,3.9479000261053443
calibration,27016,q0,edge,0.25,200,10,5.294200032949448
calibration,27016,q0,edge,0.5,200,44,7.7892999979667366
calibration,27016,q0,edge,0.75,200,109,10.2513000019826
calibration,27016,q0,edge,1.0,200,200,7.903699995949864
calibration,27016,q1,node,0.1,1234,121,4.568199976347387
calibration,27016,q1,node,0.25,1234,315,2.1738000214099884
calibration,27016,q1,node,0.5,1234,598,2.2844999912194908
calibration,27016,q1,node,0.75,1234,908,2.445999998599291
calibration,27016,q1,node,1.0,1234,1234,3.477599995676428
calibration,27016,q1,edge,0.1,252,2,9.336300019640476
calibration,27016,q1,edge,0.25,252,26,17.033600015565753
calibration,27016,q1,edge,0.5,252,64,12.034099956508726
calibration,27016,q1,edge,0.75,252,136,11.838599981274456
calibration,27016,q1,edge,1.0,252,252,8.06010002270341
calibration,27016,q2,node,0.1,1802,175,4.869199998211116
calibration,27016,q2,node,0.25,1802,411,4.076700017321855
calibration,27016,q2,node,0.5,1802,906,4.937399993650615
calibration,27016,q2,node,0.75,1802,1339,5.897299968637526
calibration,27016,q2,node,1.0,1802,1802,4.5353000168688595
calibration,27016,q2,edge,0.1,490,3,5.797999969217926
calibration,27016,q2,edge,0.25,490,28,5.337300011888146
calibration,27016,q2,edge,0.5,490,116,11.73139997990802
calibration,27016,q2,edge,0.75,490,244,15.35539998440072
calibration,27016,q2,edge,1.0,490,490,11.112899985164404
calibration,27016,q3,node,0.1,4526,423,2.377500000875443
calibration,27016,q3,node,0.25,4526,1091,2.4899999843910336
calibration,27016,q3,node,0.5,4526,2237,3.514199983328581
calibration,27016,q3,node,0.75,4526,3367,12.231400003656745
calibration,27016,q3,node,1.0,4526,4526,16.858100017998368
calibration,27016,q3,edge,0.1,3156,30,10.382100008428097
calibration,27016,q3,edge,0.25,3156,200,13.66200001211837
calibration,27016,q3,edge,0.5,3156,772,24.373499967623502
calibration,27016,q3,edge,0.75,3156,1700,26.51210001204163
calibration,27016,q3,edge,1.0,3156,3156,18.938499968498945
calibration,27016,q4,node,0.1,802,85,3.7613000022247434
calibration,27016,q4,node,0.25,802,197,4.281200002878904
calibration,27016,q4,node,0.5,802,384,5.297499999869615
calibration,27016,q4,node,0.75,802,588,4.2640999890863895
calibration,27016,q4,node,1.0,802,802,3.6459999973885715
calibration,27016,q4,edge,0.1,90,3,3.4891999675892293
calibration,27016,q4,edge,0.25,90,9,3.475500037893653
calibration,27016,q4,edge,0.5,90,21,3.634000022429973
calibration,27016,q4,edge,0.75,90,50,5.688300007022917
calibration,27016,q4,edge,1.0,90,90,6.662100029643625
calibration,27016,q5,node,0.1,786,81,4.229700018186122
calibration,27016,q5,node,0.25,786,199,3.7244000122882426
calibration,27016,q5,node,0.5,786,401,1.9805000047199428
calibration,27016,q5,node,0.75,786,596,2.596599981188774
calibration,27016,q5,node,1.0,786,786,3.3923000446520746
calibration,27016,q5,edge,0.1,92,0,7.106000033672899
calibration,27016,q5,edge,0.25,92,0,4.586900002323091
calibration,27016,q5,edge,0.5,92,17,7.488300034310669
calibration,27016,q5,edge,0.75,92,49,6.486899976152927
calibration,27016,q5,edge,1.0,92,92,12.450299982447177
calibration,27016,q6,node,0.1,1178,129,6.695799995213747
calibration,27016,q6,node,0.25,1178,313,3.6315000033937395
calibration,27016,q6,node,0.5,1178,630,6.69100001687184
calibration,27016,q6,node,0.75,1178,908,6.762300035916269
calibration,27016,q6,node,1.0,1178,1178,7.122600043658167
calibration,27016,q6,edge,0.1,194,0,3.899900009855628
calibration,27016,q6,edge,0.25,194,9,7.182400033343583
calibration,27016,q6,edge,0.5,194,60,8.336600032635033
calibration,27016,q6,edge,0.75,194,117,14.25589999416843
calibration,27016,q6,edge,1.0,194,194,11.89429999794811
calibration,27016,q7,node,0.1,2967,327,8.479000010993332
calibration,27016,q7,node,0.25,2967,767,6.423399958293885
calibration,27016,q7,node,0.5,2967,1514,6.001300003845245
calibration,27016,q7,node,0.75,2967,2241,8.126300002913922
calibration,27016,q7,node,1.0,2967,2967,14.342100010253489
calibration,27016,q7,edge,0.1,1298,15,5.411799997091293
calibration,27016,q7,edge,0.25,1298,75,14.021200011484325
calibration,27016,q7,edge,0.5,1298,339,13.190799974836409
calibration,27016,q7,edge,0.75,1298,750,11.382600001525134
calibration,27016,q7,edge,1.0,1298,1298,23.469000007025898
calibration,27017,q0,node,0.1,1221,114,7.523400010541081
calibration,27017,q0,node,0.25,1221,294,3.153799974825233
calibration,27017,q0,node,0.5,1221,612,3.3310999860987067
calibration,27017,q0,node,0.75,1221,940,4.140700038988143
calibration,27017,q0,node,1.0,1221,1221,9.697299974504858
calibration,27017,q0,edge,0.1,200,1,4.505500022787601
calibration,27017,q0,edge,0.25,200,14,6.730100023560226
calibration,27017,q0,edge,0.5,200,59,4.6861000009812415
calibration,27017,q0,edge,0.75,200,125,7.076600042637438
calibration,27017,q0,edge,1.0,200,200,6.6439000074751675
calibration,27017,q1,node,0.1,1234,113,3.874499991070479
calibration,27017,q1,node,0.25,1234,298,5.835400021169335
calibration,27017,q1,node,0.5,1234,606,7.806400011759251
calibration,27017,q1,node,0.75,1234,911,5.170400021597743
calibration,27017,q1,node,1.0,1234,1234,3.7829999928362668
calibration,27017,q1,edge,0.1,252,4,3.292399982456118
calibration,27017,q1,edge,0.25,252,19,7.765799993649125
calibration,27017,q1,edge,0.5,252,69,6.064000015612692
calibration,27017,q1,edge,0.75,252,148,6.371100025717169
calibration,27017,q1,edge,1.0,252,252,5.562099977396429
calibration,27017,q2,node,0.1,1802,167,2.0721000037156045
calibration,27017,q2,node,0.25,1802,447,3.382400027476251
calibration,27017,q2,node,0.5,1802,879,7.167399977333844
calibration,27017,q2,node,0.75,1802,1352,4.17520001064986
calibration,27017,q2,node,1.0,1802,1802,3.7834999966435134
calibration,27017,q2,edge,0.1,490,4,4.286800045520067
calibration,27017,q2,edge,0.25,490,35,3.649999969638884
calibration,27017,q2,edge,0.5,490,124,6.0184000176377594
calibration,27017,q2,edge,0.75,490,300,13.687299971934408
calibration,27017,q2,edge,1.0,490,490,14.947800023946911
calibration,27017,q3,node,0.1,4526,416,7.792600023094565
calibration,27017,q3,node,0.25,4526,1101,4.220100003294647
calibration,27017,q3,node,0.5,4526,2224,3.383000032044947
calibration,27017,q3,node,0.75,4526,3395,3.7128000403754413
calibration,27017,q3,node,1.0,4526,4526,7.665399985853583
calibration,27017,q3,edge,0.1,3156,21,3.3360000234097242
calibration,27017,q3,edge,0.25,3156,199,10.83639997523278
calibration,27017,q3,edge,0.5,3156,817,9.351200016681105
calibration,27017,q3,edge,0.75,3156,1867,14.507100044284016
calibration,27017,q3,edge,1.0,3156,3156,27.230800013057888
calibration,27017,q4,node,0.1,802,93,3.8166000158526003
calibration,27017,q4,node,0.25,802,206,5.500699975527823
calibration,27017,q4,node,0.5,802,401,3.812599985394627
calibration,27017,q4,node,0.75,802,604,3.4516999730840325
calibration,27017,q4,node,1.0,802,802,3.4713000059127808
calibration,27017,q4,edge,0.1,90,0,2.8719999827444553
calibration,27017,q4,edge,0.25,90,4,2.936100005172193
calibration,27017,q4,edge,0.5,90,23,6.896700011566281
calibration,27017,q4,edge,0.75,90,51,8.588100026827306
calibration,27017,q4,edge,1.0,90,90,6.069700000807643
calibration,27017,q5,node,0.1,786,71,2.2761999862268567
calibration,27017,q5,node,0.25,786,198,2.2181999520398676
calibration,27017,q5,node,0.5,786,398,2.73349997587502
calibration,27017,q5,node,0.75,786,585,2.7894999948330224
calibration,27017,q5,node,1.0,786,786,4.042799992021173
calibration,27017,q5,edge,0.1,92,0,5.175800004508346
calibration,27017,q5,edge,0.25,92,4,3.3521000295877457
calibration,27017,q5,edge,0.5,92,16,4.350600007455796
calibration,27017,q5,edge,0.75,92,48,6.469900021329522
calibration,27017,q5,edge,1.0,92,92,3.4318999969400465
calibration,27017,q6,node,0.1,1178,121,1.6607000143267214
calibration,27017,q6,node,0.25,1178,304,2.3814000305719674
calibration,27017,q6,node,0.5,1178,598,3.6893999786116183
calibration,27017,q6,node,0.75,1178,892,8.927699993364513
calibration,27017,q6,node,1.0,1178,1178,10.229699953924865
calibration,27017,q6,edge,0.1,194,1,7.0587999653071165
calibration,27017,q6,edge,0.25,194,6,6.515699962619692
calibration,27017,q6,edge,0.5,194,41,10.375300014857203
calibration,27017,q6,edge,0.75,194,101,13.769400015007704
calibration,27017,q6,edge,1.0,194,194,13.639500015415251
calibration,27017,q7,node,0.1,2967,304,4.826700023841113
calibration,27017,q7,node,0.25,2967,764,4.935799981467426
calibration,27017,q7,node,0.5,2967,1503,4.742999968584627
calibration,27017,q7,node,0.75,2967,2237,9.904100035782903
calibration,27017,q7,node,1.0,2967,2967,17.67710002604872
calibration,27017,q7,edge,0.1,1298,9,3.5978000378236175
calibration,27017,q7,edge,0.25,1298,71,8.926299982704222
calibration,27017,q7,edge,0.5,1298,328,7.420399982947856
calibration,27017,q7,edge,0.75,1298,749,9.516099991742522
calibration,27017,q7,edge,1.0,1298,1298,17.558799998369068
calibration,27018,q0,node,0.1,1221,123,3.930100006982684
calibration,27018,q0,node,0.25,1221,288,7.358299975749105
calibration,27018,q0,node,0.5,1221,602,4.458999959751964
calibration,27018,q0,node,0.75,1221,930,4.49670001398772
calibration,27018,q0,node,1.0,1221,1221,4.558099957648665
calibration,27018,q0,edge,0.1,200,3,2.9347999952733517
calibration,27018,q0,edge,0.25,200,8,3.7261999677866697
calibration,27018,q0,edge,0.5,200,53,7.27030000416562
calibration,27018,q0,edge,0.75,200,119,7.083899981807917
calibration,27018,q0,edge,1.0,200,200,5.7400999940000474
calibration,27018,q1,node,0.1,1234,111,2.4336999631486833
calibration,27018,q1,node,0.25,1234,298,2.425700018648058
calibration,27018,q1,node,0.5,1234,613,2.743499993812293
calibration,27018,q1,node,0.75,1234,922,6.527099991217256
calibration,27018,q1,node,1.0,1234,1234,7.279299956280738
calibration,27018,q1,edge,0.1,252,2,4.78999997721985
calibration,27018,q1,edge,0.25,252,19,5.796700017526746
calibration,27018,q1,edge,0.5,252,67,8.864999981597066
calibration,27018,q1,edge,0.75,252,150,11.038199998438358
calibration,27018,q1,edge,1.0,252,252,6.502899981569499
calibration,27018,q2,node,0.1,1802,181,2.2382999886758626
calibration,27018,q2,node,0.25,1802,481,2.4301999947056174
calibration,27018,q2,node,0.5,1802,909,6.782200012821704
calibration,27018,q2,node,0.75,1802,1376,10.641800006851554
calibration,27018,q2,node,1.0,1802,1802,5.269800021778792
calibration,27018,q2,edge,0.1,490,5,3.2684000325389206
calibration,27018,q2,edge,0.25,490,34,7.3308999999426305
calibration,27018,q2,edge,0.5,490,105,5.608500039670616
calibration,27018,q2,edge,0.75,490,284,12.296500033698976
calibration,27018,q2,edge,1.0,490,490,13.661000004503876
calibration,27018,q3,node,0.1,4526,446,2.613999997265637
calibration,27018,q3,node,0.25,4526,1133,4.176000016741455
calibration,27018,q3,node,0.5,4526,2247,5.253199953585863
calibration,27018,q3,node,0.75,4526,3410,3.9370000013150275
calibration,27018,q3,node,1.0,4526,4526,7.412099977955222
calibration,27018,q3,edge,0.1,3156,28,3.9671999984420836
calibration,27018,q3,edge,0.25,3156,188,6.056299956981093
calibration,27018,q3,edge,0.5,3156,750,12.840300041716546
calibration,27018,q3,edge,0.75,3156,1823,18.362700007855892
calibration,27018,q3,edge,1.0,3156,3156,29.90750002209097
calibration,27018,q4,node,0.1,802,69,8.029299962799996
calibration,27018,q4,node,0.25,802,179,5.22720004664734
calibration,27018,q4,node,0.5,802,419,5.1521999994292855
calibration,27018,q4,node,0.75,802,605,4.110600042622536
calibration,27018,q4,node,1.0,802,802,3.3631999976933002
calibration,27018,q4,edge,0.1,90,1,2.9384999652393162
calibration,27018,q4,edge,0.25,90,7,3.5655000247061253
calibration,27018,q4,edge,0.5,90,27,7.00059998780489
calibration,27018,q4,edge,0.75,90,51,5.46710001071915
calibration,27018,q4,edge,1.0,90,90,4.953499999828637
calibration,27018,q5,node,0.1,786,75,2.153899986296892
calibration,27018,q5,node,0.25,786,195,2.343399974051863
calibration,27018,q5,node,0.5,786,381,3.1815999536775053
calibration,27018,q5,node,0.75,786,579,5.9157999930903316
calibration,27018,q5,node,1.0,786,786,4.404000006616116
calibration,27018,q5,edge,0.1,92,0,3.999000007752329
calibration,27018,q5,edge,0.25,92,3,4.903299966827035
calibration,27018,q5,edge,0.5,92,18,4.590200027450919
calibration,27018,q5,edge,0.75,92,52,9.573900024406612
calibration,27018,q5,edge,1.0,92,92,8.824900025501847
calibration,27018,q6,node,0.1,1178,101,2.57650000276044
calibration,27018,q6,node,0.25,1178,290,2.3808000260032713
calibration,27018,q6,node,0.5,1178,576,2.5763000012375414
calibration,27018,q6,node,0.75,1178,858,3.264300001319498
calibration,27018,q6,node,1.0,1178,1178,4.334600002039224
calibration,27018,q6,edge,0.1,194,2,3.874799993354827
calibration,27018,q6,edge,0.25,194,15,5.890299973543733
calibration,27018,q6,edge,0.5,194,38,5.847799999173731
calibration,27018,q6,edge,0.75,194,98,6.058399972971529
calibration,27018,q6,edge,1.0,194,194,8.01560003310442
calibration,27018,q7,node,0.1,2967,262,2.5875000283122063
calibration,27018,q7,node,0.25,2967,711,3.463299944996834
calibration,27018,q7,node,0.5,2967,1478,5.662999988999218
calibration,27018,q7,node,0.75,2967,2188,4.152700013946742
calibration,27018,q7,node,1.0,2967,2967,7.423000002745539
calibration,27018,q7,edge,0.1,1298,12,3.0873999930918217
calibration,27018,q7,edge,0.25,1298,84,3.893100016284734
calibration,27018,q7,edge,0.5,1298,328,6.218699971213937
calibration,27018,q7,edge,0.75,1298,701,11.689000006299466
calibration,27018,q7,edge,1.0,1298,1298,13.302499952260405
calibration,27019,q0,node,0.1,1221,140,7.72950000828132
calibration,27019,q0,node,0.25,1221,322,8.53700004518032
calibration,27019,q0,node,0.5,1221,649,9.912600042298436
calibration,27019,q0,node,0.75,1221,931,21.789099962916225
calibration,27019,q0,node,1.0,1221,1221,9.82749997638166
calibration,27019,q0,edge,0.1,200,2,5.078200018033385
calibration,27019,q0,edge,0.25,200,14,13.075799972284585
calibration,27019,q0,edge,0.5,200,54,11.41420000931248
calibration,27019,q0,edge,0.75,200,115,6.549199984874576
calibration,27019,q0,edge,1.0,200,200,9.678700007498264
calibration,27019,q1,node,0.1,1234,109,4.568000033032149
calibration,27019,q1,node,0.25,1234,295,4.973399976734072
calibration,27019,q1,node,0.5,1234,585,6.596499995794147
calibration,27019,q1,node,0.75,1234,911,8.728100045118481
calibration,27019,q1,node,1.0,1234,1234,7.176099985372275
calibration,27019,q1,edge,0.1,252,1,8.268099976703525
calibration,27019,q1,edge,0.25,252,5,7.57840002188459
calibration,27019,q1,edge,0.5,252,52,12.557000038214028
calibration,27019,q1,edge,0.75,252,127,14.046399970538914
calibration,27019,q1,edge,1.0,252,252,8.849100035149604
calibration,27019,q2,node,0.1,1802,181,4.33520000660792
calibration,27019,q2,node,0.25,1802,447,3.3995999838225543
calibration,27019,q2,node,0.5,1802,911,3.3183000050485134
calibration,27019,q2,node,0.75,1802,1333,4.378599987830967
calibration,27019,q2,node,1.0,1802,1802,3.6324000102467835
calibration,27019,q2,edge,0.1,490,2,2.7558999718166888
calibration,27019,q2,edge,0.25,490,21,4.017799976281822
calibration,27019,q2,edge,0.5,490,127,9.271299990359694
calibration,27019,q2,edge,0.75,490,268,7.172499957960099
calibration,27019,q2,edge,1.0,490,490,6.949799950234592
calibration,27019,q3,node,0.1,4526,466,2.8421999886631966
calibration,27019,q3,node,0.25,4526,1143,2.6854000170715153
calibration,27019,q3,node,0.5,4526,2279,4.488499951548874
calibration,27019,q3,node,0.75,4526,3373,13.743200048338622
calibration,27019,q3,node,1.0,4526,4526,18.117800005711615
calibration,27019,q3,edge,0.1,3156,21,5.301299970597029
calibration,27019,q3,edge,0.25,3156,162,6.906100024934858
calibration,27019,q3,edge,0.5,3156,789,10.244899953249842
calibration,27019,q3,edge,0.75,3156,1718,17.20559998648241
calibration,27019,q3,edge,1.0,3156,3156,19.540299952495843
calibration,27019,q4,node,0.1,802,83,6.475100002717227
calibration,27019,q4,node,0.25,802,200,2.941099985036999
calibration,27019,q4,node,0.5,802,403,2.7107999776490033
calibration,27019,q4,node,0.75,802,600,3.788999980315566
calibration,27019,q4,node,1.0,802,802,3.311599954031408
calibration,27019,q4,edge,0.1,90,2,2.455800015013665
calibration,27019,q4,edge,0.25,90,8,2.8647000435739756
calibration,27019,q4,edge,0.5,90,26,5.593699985183775
calibration,27019,q4,edge,0.75,90,52,8.477499999571592
calibration,27019,q4,edge,1.0,90,90,9.295800002291799
calibration,27019,q5,node,0.1,786,101,3.412499965634197
calibration,27019,q5,node,0.25,786,214,2.3378999903798103
calibration,27019,q5,node,0.5,786,402,2.913900010753423
calibration,27019,q5,node,0.75,786,610,8.295999956317246
calibration,27019,q5,node,1.0,786,786,5.237900011707097
calibration,27019,q5,edge,0.1,92,2,3.701800014823675
calibration,27019,q5,edge,0.25,92,11,3.3854999928735197
calibration,27019,q5,edge,0.5,92,27,5.196600046474487
calibration,27019,q5,edge,0.75,92,64,10.601899994071573
calibration,27019,q5,edge,1.0,92,92,6.1487999628297985
calibration,27019,q6,node,0.1,1178,124,2.823699964210391
calibration,27019,q6,node,0.25,1178,302,2.5864000199362636
calibration,27019,q6,node,0.5,1178,606,2.766599995084107
calibration,27019,q6,node,0.75,1178,906,3.88040003599599
calibration,27019,q6,node,1.0,1178,1178,4.094099975191057
calibration,27019,q6,edge,0.1,194,4,5.721100023947656
calibration,27019,q6,edge,0.25,194,15,5.123700015246868
calibration,27019,q6,edge,0.5,194,57,5.4780999780632555
calibration,27019,q6,edge,0.75,194,116,5.962700000964105
calibration,27019,q6,edge,1.0,194,194,6.175499991513789
calibration,27019,q7,node,0.1,2967,322,4.108599969185889
calibration,27019,q7,node,0.25,2967,755,5.078200018033385
calibration,27019,q7,node,0.5,2967,1494,3.3372000325471163
calibration,27019,q7,node,0.75,2967,2258,3.019199997652322
calibration,27019,q7,node,1.0,2967,2967,6.7959000007249415
calibration,27019,q7,edge,0.1,1298,20,2.8716999804601073
calibration,27019,q7,edge,0.25,1298,99,4.116100026294589
calibration,27019,q7,edge,0.5,1298,344,10.37129998439923
calibration,27019,q7,edge,0.75,1298,786,13.472800026647747
calibration,27019,q7,edge,1.0,1298,1298,22.644000011496246
