epoch,seed,predicate,tier,block,repeat,mode,node_fidelity,edge_fidelity,node_estimate,edge_estimate,request_ms,count_calls,node_error,edge_error,violation
0,9000,ES,performance,0,0,fixed10,0.1,0.1,18781.511915257914,9359.506031555795,15.373199988971464,2,0.028898428577731654,0.06254947600603017,False
0,9000,ES,performance,0,0,fixed75,0.75,0.75,18295.259044147137,9898.638094056245,73.89879999391269,2,0.0022602741397576747,0.008549870386994703,False
0,9000,ES,performance,0,0,fixed50,0.5,0.5,18326.892141118522,9980.139305842922,48.7210999999661,2,0.003993214699163031,0.0003866881166944999,False
0,9000,ES,performance,0,0,exhaustive,0.25,0.35,18382.298856461017,9948.072614119646,43.863600003533065,2,0.007028533826066443,0.0035984961819264362,False
0,9000,ES,performance,0,0,adaptive,0.25,0.35,18382.298856461017,9948.072614119646,36.35599999688566,4,0.007028533826066443,0.0035984961819264362,False
0,9000,ES,performance,0,0,nsga2,0.25,0.35,18382.298856461017,9948.072614119646,39.08429999137297,2,0.007028533826066443,0.0035984961819264362,False
0,9000,ES,performance,0,0,fixed25,0.25,0.25,18382.298856461017,9929.967298127596,41.19040000659879,2,0.007028533826066443,0.005411929274078904,False
0,9000,ES,performance,0,0,exact,1.0,1.0,18254.0,9984.0,79.80699998734053,2,0.0,0.0,False
0,9000,DE,performance,0,0,adaptive,1.0,0.35,19808.0,12418.728806113177,71.10240000474732,4,0.0,0.05628381441806385,False
0,9000,DE,performance,0,0,nsga2,1.0,0.35,19808.0,12418.728806113177,65.37759999628179,2,0.0,0.05628381441806385,False
0,9000,DE,performance,0,0,fixed50,0.5,0.5,19953.326297949585,12282.326025973287,63.963999986299314,2,0.007336747675160786,0.04468197890391146,False
0,9000,DE,performance,0,0,fixed10,0.1,0.1,19548.714258745902,10626.939139995642,27.581000002101064,2,0.013089950588353088,0.09611813047583209,False
0,9000,DE,performance,0,0,exact,1.0,1.0,19808.0,11757.0,99.70389999216422,2,0.0,0.0,False
0,9000,DE,performance,0,0,fixed75,0.75,0.75,19871.60947744838,11827.266810356503,76.4191999915056,2,0.0032113023752210743,0.005976593549077393,False
0,9000,DE,performance,0,0,fixed25,0.25,0.25,19677.89703559814,12199.214281978473,39.872999986982904,2,0.006568202968591475,0.0376128503851725,False
0,9000,DE,performance,0,0,exhaustive,1.0,0.35,19808.0,12418.728806113177,43.90679999778513,2,0.0,0.05628381441806385,False
0,9000,IT,performance,0,0,fixed50,0.5,0.5,16842.495899582667,8337.433156583234,37.551100002019666,2,0.010777875039194917,0.04156418478178705,False
0,9000,IT,performance,0,0,nsga2,0.25,0.35,16890.76144652846,8410.048229699833,47.29370000131894,2,0.007943060817076207,0.033216665168429416,False
0,9000,IT,performance,0,0,exhaustive,0.25,0.35,16890.76144652846,8410.048229699833,46.37679998995736,2,0.007943060817076207,0.033216665168429416,False
0,9000,IT,performance,0,0,fixed10,0.1,0.1,17575.90823263393,10139.464867518778,29.080200009047985,2,0.032298145931747346,0.16558970772718454,True
0,9000,IT,performance,0,0,fixed25,0.25,0.25,16890.76144652846,8304.478323879805,41.06800000590738,2,0.007943060817076207,0.04535253202899132,False
0,9000,IT,performance,0,0,fixed75,0.75,0.75,16910.788967900316,8532.45215886655,81.25419999123551,2,0.006766770357082316,0.019145630662541643,False
0,9000,IT,performance,0,0,adaptive,0.25,0.35,16890.76144652846,8410.048229699833,39.181600004667416,4,0.007943060817076207,0.033216665168429416,False
0,9000,IT,performance,0,0,exact,1.0,1.0,17026.0,8699.0,49.91800000425428,2,0.0,0.0,False
0,9000,NL,performance,0,0,exhaustive,0.35,0.35,15370.82774351617,7052.00542218021,25.736499999766238,2,0.026295502671841546,0.06832380278445845,False
0,9000,NL,performance,0,0,fixed75,0.75,0.75,14975.99536760158,6603.823442566292,70.59339999977965,2,6.707834669297282e-05,0.0004277295207229533,False
0,9000,NL,performance,0,0,fixed10,0.1,0.1,15632.993206917594,6824.639814676101,17.59640000818763,2,0.043800040523308666,0.03387968711954267,False
0,9000,NL,performance,0,0,fixed25,0.25,0.25,15443.210394529571,7226.183657794637,31.231800006935373,2,0.03112842321757169,0.09471044656788925,False
0,9000,NL,performance,0,0,exact,1.0,1.0,14977.0,6601.0,53.01210000470746,2,0.0,0.0,False
0,9000,NL,performance,0,0,nsga2,0.35,0.35,15370.82774351617,7052.00542218021,25.029099997482263,2,0.026295502671841546,0.06832380278445845,False
0,9000,NL,performance,0,0,fixed50,0.5,0.5,15080.025429511124,6610.793116485459,31.205799998133443,2,0.006878909628839184,0.0014835807431387662,False
0,9000,NL,performance,0,0,adaptive,0.35,0.35,15370.82774351617,7052.00542218021,31.61829999589827,4,0.026295502671841546,0.06832380278445845,False
0,9000,FR,performance,0,0,nsga2,1.0,0.35,29935.0,27569.90518880198,55.86350000521634,2,0.0,0.02163733746394347,False
0,9000,FR,performance,0,0,exact,1.0,1.0,29935.0,26986.0,116.87810000148602,2,0.0,0.0,False
0,9000,FR,performance,0,0,adaptive,0.25,0.35,30350.586974230824,27569.90518880198,92.5301999959629,4,0.013882978928706335,0.02163733746394347,False
0,9000,FR,performance,0,0,fixed50,0.5,0.5,30148.047654912796,27318.483041824737,107.16929999762215,2,0.007117008682572111,0.012320575180639464,False
0,9000,FR,performance,0,0,fixed10,0.1,0.1,30638.27540552683,26128.62100475993,26.41250001033768,2,0.023493415918718244,0.031771251583786755,False
0,9000,FR,performance,0,0,fixed25,0.25,0.25,30350.586974230824,27601.124661732298,41.08890000497922,2,0.013882978928706335,0.022794214101100486,False
0,9000,FR,performance,0,0,exhaustive,0.25,0.35,30350.586974230824,27569.90518880198,41.16339999018237,2,0.013882978928706335,0.02163733746394347,False
0,9000,FR,performance,0,0,fixed75,0.75,0.75,29853.385551716856,26684.982422406512,97.45500001008622,2,0.0027263887851392736,0.01115458302799554,False
0,9000,IT,performance,0,1,exhaustive,0.25,0.35,16890.76144652846,8410.048229699833,34.726499987300485,2,0.007943060817076207,0.033216665168429416,False
0,9000,IT,performance,0,1,fixed75,0.75,0.75,16910.788967900316,8532.45215886655,46.39399998995941,2,0.006766770357082316,0.019145630662541643,False
0,9000,IT,performance,0,1,fixed10,0.1,0.1,17575.90823263393,10139.464867518778,13.535100006265566,2,0.032298145931747346,0.16558970772718454,True
0,9000,IT,performance,0,1,fixed25,0.25,0.25,16890.76144652846,8304.478323879805,25.931500000297092,2,0.007943060817076207,0.04535253202899132,False
0,9000,IT,performance,0,1,exact,1.0,1.0,17026.0,8699.0,56.71560000337195,2,0.0,0.0,False
0,9000,IT,performance,0,1,nsga2,0.25,0.35,16890.76144652846,8410.048229699833,28.842699990491383,2,0.007943060817076207,0.033216665168429416,False
0,9000,IT,performance,0,1,fixed50,0.5,0.5,16842.495899582667,8337.433156583234,46.16820000228472,2,0.010777875039194917,0.04156418478178705,False
0,9000,IT,performance,0,1,adaptive,0.25,0.35,16890.76144652846,8410.048229699833,27.627499992377125,2,0.007943060817076207,0.033216665168429416,False
0,9000,NL,performance,0,1,fixed10,0.1,0.1,15632.993206917594,6824.639814676101,13.699500006623566,2,0.043800040523308666,0.03387968711954267,False
0,9000,NL,performance,0,1,nsga2,0.35,0.35,15370.82774351617,7052.00542218021,25.517799993394874,2,0.026295502671841546,0.06832380278445845,False
0,9000,NL,performance,0,1,fixed75,0.75,0.75,14975.99536760158,6603.823442566292,81.97839999047574,2,6.707834669297282e-05,0.0004277295207229533,False
0,9000,NL,performance,0,1,adaptive,0.35,0.35,15370.82774351617,7052.00542218021,35.362399998120964,2,0.026295502671841546,0.06832380278445845,False
0,9000,NL,performance,0,1,fixed25,0.25,0.25,15443.210394529571,7226.183657794637,39.542700003948994,2,0.03112842321757169,0.09471044656788925,False
0,9000,NL,performance,0,1,exact,1.0,1.0,14977.0,6601.0,66.085699989344,2,0.0,0.0,False
0,9000,NL,performance,0,1,fixed50,0.5,0.5,15080.025429511124,6610.793116485459,41.11610000836663,2,0.006878909628839184,0.0014835807431387662,False
0,9000,NL,performance,0,1,exhaustive,0.35,0.35,15370.82774351617,7052.00542218021,38.60539999732282,2,0.026295502671841546,0.06832380278445845,False
0,9000,ES,performance,0,1,nsga2,0.25,0.35,18382.298856461017,9948.072614119646,47.74129998986609,2,0.007028533826066443,0.0035984961819264362,False
0,9000,ES,performance,0,1,exact,1.0,1.0,18254.0,9984.0,97.33350000169594,2,0.0,0.0,False
0,9000,ES,performance,0,1,adaptive,0.25,0.35,18382.298856461017,9948.072614119646,51.559900006395765,2,0.007028533826066443,0.0035984961819264362,False
0,9000,ES,performance,0,1,fixed50,0.5,0.5,18326.892141118522,9980.139305842922,33.008599988534115,2,0.003993214699163031,0.0003866881166944999,False
0,9000,ES,performance,0,1,fixed10,0.1,0.1,18781.511915257914,9359.506031555795,14.494399991235696,2,0.028898428577731654,0.06254947600603017,False
0,9000,ES,performance,0,1,fixed25,0.25,0.25,18382.298856461017,9929.967298127596,38.104500010376796,2,0.007028533826066443,0.005411929274078904,False
0,9000,ES,performance,0,1,exhaustive,0.25,0.35,18382.298856461017,9948.072614119646,60.27479999465868,2,0.007028533826066443,0.0035984961819264362,False
0,9000,ES,performance,0,1,fixed75,0.75,0.75,18295.259044147137,9898.638094056245,74.54499999585096,2,0.0022602741397576747,0.008549870386994703,False
0,9000,FR,performance,0,1,fixed50,0.5,0.5,30148.047654912796,27318.483041824737,56.160099993576296,2,0.007117008682572111,0.012320575180639464,False
0,9000,FR,performance,0,1,nsga2,1.0,0.35,29935.0,27569.90518880198,41.40000000188593,2,0.0,0.02163733746394347,False
0,9000,FR,performance,0,1,exhaustive,0.25,0.35,30350.586974230824,27569.90518880198,37.985499991918914,2,0.013882978928706335,0.02163733746394347,False
0,9000,FR,performance,0,1,fixed10,0.1,0.1,30638.27540552683,26128.62100475993,35.21149999869522,2,0.023493415918718244,0.031771251583786755,False
0,9000,FR,performance,0,1,fixed25,0.25,0.25,30350.586974230824,27601.124661732298,50.02900000545196,2,0.013882978928706335,0.022794214101100486,False
0,9000,FR,performance,0,1,fixed75,0.75,0.75,29853.385551716856,26684.982422406512,93.12910000153352,2,0.0027263887851392736,0.01115458302799554,False
0,9000,FR,performance,0,1,adaptive,0.25,0.35,30350.586974230824,27569.90518880198,39.73770000447985,2,0.013882978928706335,0.02163733746394347,False
0,9000,FR,performance,0,1,exact,1.0,1.0,29935.0,26986.0,84.56650000880472,2,0.0,0.0,False
0,9000,DE,performance,0,1,fixed10,0.1,0.1,19548.714258745902,10626.939139995642,13.146299999789335,2,0.013089950588353088,0.09611813047583209,False
0,9000,DE,performance,0,1,fixed75,0.75,0.75,19871.60947744838,11827.266810356503,49.9569999956293,2,0.0032113023752210743,0.005976593549077393,False
0,9000,DE,performance,0,1,fixed50,0.5,0.5,19953.326297949585,12282.326025973287,41.33900000306312,2,0.007336747675160786,0.04468197890391146,False
0,9000,DE,performance,0,1,exhaustive,1.0,0.35,19808.0,12418.728806113177,23.883600006229244,2,0.0,0.05628381441806385,False
0,9000,DE,performance,0,1,adaptive,1.0,0.35,19808.0,12418.728806113177,26.140399990254082,2,0.0,0.05628381441806385,False
0,9000,DE,performance,0,1,nsga2,1.0,0.35,19808.0,12418.728806113177,25.15480000874959,2,0.0,0.05628381441806385,False
0,9000,DE,performance,0,1,fixed25,0.25,0.25,19677.89703559814,12199.214281978473,21.792500003357418,2,0.006568202968591475,0.0376128503851725,False
0,9000,DE,performance,0,1,exact,1.0,1.0,19808.0,11757.0,58.86379998992197,2,0.0,0.0,False
0,9000,ES,performance,0,2,fixed50,0.5,0.5,18326.892141118522,9980.139305842922,30.182100003003143,2,0.003993214699163031,0.0003866881166944999,False
0,9000,ES,performance,0,2,nsga2,0.25,0.35,18382.298856461017,9948.072614119646,45.84130000148434,2,0.007028533826066443,0.0035984961819264362,False
0,9000,ES,performance,0,2,exhaustive,0.25,0.35,18382.298856461017,9948.072614119646,47.952699998859316,2,0.007028533826066443,0.0035984961819264362,False
0,9000,ES,performance,0,2,fixed10,0.1,0.1,18781.511915257914,9359.506031555795,25.684199994429946,2,0.028898428577731654,0.06254947600603017,False
0,9000,ES,performance,0,2,fixed25,0.25,0.25,18382.298856461017,9929.967298127596,37.03890000178944,2,0.007028533826066443,0.005411929274078904,False
0,9000,ES,performance,0,2,fixed75,0.75,0.75,18295.259044147137,9898.638094056245,79.95590000064112,2,0.0022602741397576747,0.008549870386994703,False
0,9000,ES,performance,0,2,adaptive,0.25,0.35,18382.298856461017,9948.072614119646,39.18290000001434,2,0.007028533826066443,0.0035984961819264362,False
0,9000,ES,performance,0,2,exact,1.0,1.0,18254.0,9984.0,56.72140000388026,2,0.0,0.0,False
0,9000,DE,performance,0,2,nsga2,1.0,0.35,19808.0,12418.728806113177,23.87099999759812,2,0.0,0.05628381441806385,False
0,9000,DE,performance,0,2,exact,1.0,1.0,19808.0,11757.0,91.48689999710768,2,0.0,0.0,False
0,9000,DE,performance,0,2,adaptive,1.0,0.35,19808.0,12418.728806113177,41.19669999636244,2,0.0,0.05628381441806385,False
0,9000,DE,performance,0,2,fixed50,0.5,0.5,19953.326297949585,12282.326025973287,32.96810000028927,2,0.007336747675160786,0.04468197890391146,False
0,9000,DE,performance,0,2,fixed10,0.1,0.1,19548.714258745902,10626.939139995642,12.608100005309097,2,0.013089950588353088,0.09611813047583209,False
0,9000,DE,performance,0,2,fixed25,0.25,0.25,19677.89703559814,12199.214281978473,22.85810001194477,2,0.006568202968591475,0.0376128503851725,False
0,9000,DE,performance,0,2,exhaustive,1.0,0.35,19808.0,12418.728806113177,32.06679999129847,2,0.0,0.05628381441806385,False
0,9000,DE,performance,0,2,fixed75,0.75,0.75,19871.60947744838,11827.266810356503,49.19250000966713,2,0.0032113023752210743,0.005976593549077393,False
0,9000,IT,performance,0,2,fixed10,0.1,0.1,17575.90823263393,10139.464867518778,19.405500002903864,2,0.032298145931747346,0.16558970772718454,True
0,9000,IT,performance,0,2,nsga2,0.25,0.35,16890.76144652846,8410.048229699833,35.29460000572726,2,0.007943060817076207,0.033216665168429416,False
0,9000,IT,performance,0,2,fixed75,0.75,0.75,16910.788967900316,8532.45215886655,41.327700004330836,2,0.006766770357082316,0.019145630662541643,False
0,9000,IT,performance,0,2,adaptive,0.25,0.35,16890.76144652846,8410.048229699833,25.035700004082173,2,0.007943060817076207,0.033216665168429416,False
0,9000,IT,performance,0,2,fixed25,0.25,0.25,16890.76144652846,8304.478323879805,18.767699992167763,2,0.007943060817076207,0.04535253202899132,False
0,9000,IT,performance,0,2,exact,1.0,1.0,17026.0,8699.0,79.52349999686703,2,0.0,0.0,False
0,9000,IT,performance,0,2,fixed50,0.5,0.5,16842.495899582667,8337.433156583234,40.89889999886509,2,0.010777875039194917,0.04156418478178705,False
0,9000,IT,performance,0,2,exhaustive,0.25,0.35,16890.76144652846,8410.048229699833,21.767400001408532,2,0.007943060817076207,0.033216665168429416,False
0,9000,NL,performance,0,2,exhaustive,0.35,0.35,15370.82774351617,7052.00542218021,22.137399995699525,2,0.026295502671841546,0.06832380278445845,False
0,9000,NL,performance,0,2,nsga2,0.35,0.35,15370.82774351617,7052.00542218021,32.54819998983294,2,0.026295502671841546,0.06832380278445845,False
0,9000,NL,performance,0,2,fixed75,0.75,0.75,14975.99536760158,6603.823442566292,46.604700008174405,2,6.707834669297282e-05,0.0004277295207229533,False
0,9000,NL,performance,0,2,exact,1.0,1.0,14977.0,6601.0,70.20770000235643,2,0.0,0.0,False
0,9000,NL,performance,0,2,adaptive,0.35,0.35,15370.82774351617,7052.00542218021,33.07800000766292,2,0.026295502671841546,0.06832380278445845,False
0,9000,NL,performance,0,2,fixed25,0.25,0.25,15443.210394529571,7226.183657794637,19.16329999221489,2,0.03112842321757169,0.09471044656788925,False
0,9000,NL,performance,0,2,fixed50,0.5,0.5,15080.025429511124,6610.793116485459,32.93729999859352,2,0.006878909628839184,0.0014835807431387662,False
0,9000,NL,performance,0,2,fixed10,0.1,0.1,15632.993206917594,6824.639814676101,11.729800011380576,2,0.043800040523308666,0.03387968711954267,False
0,9000,FR,performance,0,2,exhaustive,0.25,0.35,30350.586974230824,27569.90518880198,38.1102999963332,2,0.013882978928706335,0.02163733746394347,False
0,9000,FR,performance,0,2,fixed75,0.75,0.75,29853.385551716856,26684.982422406512,73.8893000088865,2,0.0027263887851392736,0.01115458302799554,False
0,9000,FR,performance,0,2,fixed10,0.1,0.1,30638.27540552683,26128.62100475993,20.368400000734255,2,0.023493415918718244,0.031771251583786755,False
0,9000,FR,performance,0,2,fixed25,0.25,0.25,30350.586974230824,27601.124661732298,40.48440000042319,2,0.013882978928706335,0.022794214101100486,False
0,9000,FR,performance,0,2,exact,1.0,1.0,29935.0,26986.0,104.9083999969298,2,0.0,0.0,False
0,9000,FR,performance,0,2,nsga2,1.0,0.35,29935.0,27569.90518880198,54.60750000202097,2,0.0,0.02163733746394347,False
0,9000,FR,performance,0,2,fixed50,0.5,0.5,30148.047654912796,27318.483041824737,55.69970000942703,2,0.007117008682572111,0.012320575180639464,False
0,9000,FR,performance,0,2,adaptive,0.25,0.35,30350.586974230824,27569.90518880198,42.97480000241194,2,0.013882978928706335,0.02163733746394347,False
0,9000,IT,balanced,1,0,fixed75,0.75,0.75,16910.788967900316,8532.45215886655,46.21919999772217,2,0.006766770357082316,0.019145630662541643,False
0,9000,IT,balanced,1,0,nsga2,1.0,0.75,17026.0,8532.45215886655,48.99179999483749,2,0.0,0.019145630662541643,False
0,9000,IT,balanced,1,0,adaptive,1.0,0.75,17026.0,8532.45215886655,52.649499994004145,2,0.0,0.019145630662541643,False
0,9000,IT,balanced,1,0,fixed25,0.25,0.25,16890.76144652846,8304.478323879805,30.33740000682883,2,0.007943060817076207,0.04535253202899132,False
0,9000,IT,balanced,1,0,exhaustive,1.0,0.75,17026.0,8532.45215886655,71.39479999023024,2,0.0,0.019145630662541643,False
0,9000,IT,balanced,1,0,fixed10,0.1,0.1,17575.90823263393,10139.464867518778,26.30450000287965,2,0.032298145931747346,0.16558970772718454,True
0,9000,IT,balanced,1,0,fixed50,0.5,0.5,16842.495899582667,8337.433156583234,63.20840000989847,2,0.010777875039194917,0.04156418478178705,False
0,9000,IT,balanced,1,0,exact,1.0,1.0,17026.0,8699.0,83.48349999869242,2,0.0,0.0,False
0,9000,ES,balanced,1,0,adaptive,1.0,0.75,18254.0,9898.638094056245,45.55660000187345,2,0.0,0.008549870386994703,False
0,9000,ES,balanced,1,0,fixed50,0.5,0.5,18326.892141118522,9980.139305842922,77.0294000103604,2,0.003993214699163031,0.0003866881166944999,False
0,9000,ES,balanced,1,0,fixed25,0.25,0.25,18382.298856461017,9929.967298127596,46.871700003976,2,0.007028533826066443,0.005411929274078904,False
0,9000,ES,balanced,1,0,fixed75,0.75,0.75,18295.259044147137,9898.638094056245,54.54920000920538,2,0.0022602741397576747,0.008549870386994703,False
0,9000,ES,balanced,1,0,exhaustive,1.0,0.75,18254.0,9898.638094056245,76.47240000369493,2,0.0,0.008549870386994703,False
0,9000,ES,balanced,1,0,fixed10,0.1,0.1,18781.511915257914,9359.506031555795,19.739600000320934,2,0.028898428577731654,0.06254947600603017,True
0,9000,ES,balanced,1,0,nsga2,1.0,0.75,18254.0,9898.638094056245,60.7845000049565,2,0.0,0.008549870386994703,False
0,9000,ES,balanced,1,0,exact,1.0,1.0,18254.0,9984.0,48.426200009998865,2,0.0,0.0,False
0,9000,NL,balanced,1,0,nsga2,1.0,0.75,14977.0,6603.823442566292,35.37650000362191,2,0.0,0.0004277295207229533,False
0,9000,NL,balanced,1,0,fixed50,0.5,0.5,15080.025429511124,6610.793116485459,63.9184000028763,2,0.006878909628839184,0.0014835807431387662,False
0,9000,NL,balanced,1,0,fixed25,0.25,0.25,15443.210394529571,7226.183657794637,44.18549999536481,2,0.03112842321757169,0.09471044656788925,True
0,9000,NL,balanced,1,0,adaptive,1.0,0.75,14977.0,6603.823442566292,56.96610000450164,2,0.0,0.0004277295207229533,False
0,9000,NL,balanced,1,0,fixed75,0.75,0.75,14975.99536760158,6603.823442566292,51.792500002193265,2,6.707834669297282e-05,0.0004277295207229533,False
0,9000,NL,balanced,1,0,exact,1.0,1.0,14977.0,6601.0,40.125500003341585,2,0.0,0.0,False
0,9000,NL,balanced,1,0,exhaustive,1.0,0.75,14977.0,6603.823442566292,48.47179999342188,2,0.0,0.0004277295207229533,False
0,9000,NL,balanced,1,0,fixed10,0.1,0.1,15632.993206917594,6824.639814676101,21.216300010564737,2,0.043800040523308666,0.03387968711954267,True
0,9000,FR,balanced,1,0,fixed25,0.25,0.25,30350.586974230824,27601.124661732298,47.36060000141151,2,0.013882978928706335,0.022794214101100486,False
0,9000,FR,balanced,1,0,fixed50,0.5,0.5,30148.047654912796,27318.483041824737,65.23130000277888,2,0.007117008682572111,0.012320575180639464,False
0,9000,FR,balanced,1,0,exact,1.0,1.0,29935.0,26986.0,110.79039999458473,2,0.0,0.0,False
0,9000,FR,balanced,1,0,exhaustive,1.0,0.75,29935.0,26684.982422406512,77.53009999578353,2,0.0,0.01115458302799554,False
0,9000,FR,balanced,1,0,adaptive,1.0,0.75,29935.0,26684.982422406512,172.43239999515936,2,0.0,0.01115458302799554,False
0,9000,FR,balanced,1,0,nsga2,1.0,0.75,29935.0,26684.982422406512,121.10209999082144,2,0.0,0.01115458302799554,False
0,9000,FR,balanced,1,0,fixed10,0.1,0.1,30638.27540552683,26128.62100475993,17.69860000058543,2,0.023493415918718244,0.031771251583786755,True
0,9000,FR,balanced,1,0,fixed75,0.75,0.75,29853.385551716856,26684.982422406512,93.6375000019325,2,0.0027263887851392736,0.01115458302799554,False
0,9000,DE,balanced,1,0,fixed50,0.5,0.5,19953.326297949585,12282.326025973287,45.55640000035055,2,0.007336747675160786,0.04468197890391146,False
0,9000,DE,balanced,1,0,adaptive,1.0,0.75,19808.0,11827.266810356503,94.20459999819286,2,0.0,0.005976593549077393,False
0,9000,DE,balanced,1,0,fixed75,0.75,0.75,19871.60947744838,11827.266810356503,66.13310000102501,2,0.0032113023752210743,0.005976593549077393,False
0,9000,DE,balanced,1,0,nsga2,1.0,0.75,19808.0,11827.266810356503,69.26619999285322,2,0.0,0.005976593549077393,False
0,9000,DE,balanced,1,0,fixed10,0.1,0.1,19548.714258745902,10626.939139995642,20.205900000291876,2,0.013089950588353088,0.09611813047583209,True
0,9000,DE,balanced,1,0,fixed25,0.25,0.25,19677.89703559814,12199.214281978473,19.439299998339266,2,0.006568202968591475,0.0376128503851725,False
0,9000,DE,balanced,1,0,exhaustive,1.0,0.75,19808.0,11827.266810356503,58.84810000134166,2,0.0,0.005976593549077393,False
0,9000,DE,balanced,1,0,exact,1.0,1.0,19808.0,11757.0,93.13950000796467,2,0.0,0.0,False
0,9000,IT,balanced,1,1,nsga2,1.0,0.75,17026.0,8532.45215886655,63.44929999613669,2,0.0,0.019145630662541643,False
0,9000,IT,balanced,1,1,fixed50,0.5,0.5,16842.495899582667,8337.433156583234,33.28529999998864,2,0.010777875039194917,0.04156418478178705,False
0,9000,IT,balanced,1,1,fixed25,0.25,0.25,16890.76144652846,8304.478323879805,18.72219999495428,2,0.007943060817076207,0.04535253202899132,False
0,9000,IT,balanced,1,1,adaptive,1.0,0.75,17026.0,8532.45215886655,47.77040000772104,2,0.0,0.019145630662541643,False
0,9000,IT,balanced,1,1,fixed75,0.75,0.75,16910.788967900316,8532.45215886655,60.50469999900088,2,0.006766770357082316,0.019145630662541643,False
0,9000,IT,balanced,1,1,exact,1.0,1.0,17026.0,8699.0,69.14999999571592,2,0.0,0.0,False
0,9000,IT,balanced,1,1,exhaustive,1.0,0.75,17026.0,8532.45215886655,88.37270000367425,2,0.0,0.019145630662541643,False
0,9000,IT,balanced,1,1,fixed10,0.1,0.1,17575.90823263393,10139.464867518778,21.350900002289563,2,0.032298145931747346,0.16558970772718454,True
0,9000,FR,balanced,1,1,fixed75,0.75,0.75,29853.385551716856,26684.982422406512,118.77960000128951,2,0.0027263887851392736,0.01115458302799554,False
0,9000,FR,balanced,1,1,nsga2,1.0,0.75,29935.0,26684.982422406512,112.18120000557974,2,0.0,0.01115458302799554,False
0,9000,FR,balanced,1,1,adaptive,1.0,0.75,29935.0,26684.982422406512,171.72309999295976,2,0.0,0.01115458302799554,False
0,9000,FR,balanced,1,1,fixed25,0.25,0.25,30350.586974230824,27601.124661732298,51.18090000178199,2,0.013882978928706335,0.022794214101100486,False
0,9000,FR,balanced,1,1,exhaustive,1.0,0.75,29935.0,26684.982422406512,130.22359999013133,2,0.0,0.01115458302799554,False
0,9000,FR,balanced,1,1,fixed10,0.1,0.1,30638.27540552683,26128.62100475993,29.774800001177937,2,0.023493415918718244,0.031771251583786755,True
0,9000,FR,balanced,1,1,fixed50,0.5,0.5,30148.047654912796,27318.483041824737,106.66370000399183,2,0.007117008682572111,0.012320575180639464,False
0,9000,FR,balanced,1,1,exact,1.0,1.0,29935.0,26986.0,162.8848999971524,2,0.0,0.0,False
0,9000,NL,balanced,1,1,fixed10,0.1,0.1,15632.993206917594,6824.639814676101,13.862399995559826,2,0.043800040523308666,0.03387968711954267,True
0,9000,NL,balanced,1,1,nsga2,1.0,0.75,14977.0,6603.823442566292,38.78879999683704,2,0.0,0.0004277295207229533,False
0,9000,NL,balanced,1,1,adaptive,1.0,0.75,14977.0,6603.823442566292,40.76770000392571,2,0.0,0.0004277295207229533,False
0,9000,NL,balanced,1,1,exhaustive,1.0,0.75,14977.0,6603.823442566292,38.98350000963546,2,0.0,0.0004277295207229533,False
0,9000,NL,balanced,1,1,fixed75,0.75,0.75,14975.99536760158,6603.823442566292,49.22689999511931,2,6.707834669297282e-05,0.0004277295207229533,False
0,9000,NL,balanced,1,1,exact,1.0,1.0,14977.0,6601.0,46.98090000601951,2,0.0,0.0,False
0,9000,NL,balanced,1,1,fixed25,0.25,0.25,15443.210394529571,7226.183657794637,18.169100003433414,2,0.03112842321757169,0.09471044656788925,True
0,9000,NL,balanced,1,1,fixed50,0.5,0.5,15080.025429511124,6610.793116485459,34.820000000763685,2,0.006878909628839184,0.0014835807431387662,False
0,9000,ES,balanced,1,1,fixed25,0.25,0.25,18382.298856461017,9929.967298127596,21.71450000605546,2,0.007028533826066443,0.005411929274078904,False
0,9000,ES,balanced,1,1,fixed50,0.5,0.5,18326.892141118522,9980.139305842922,34.32320000138134,2,0.003993214699163031,0.0003866881166944999,False
0,9000,ES,balanced,1,1,exact,1.0,1.0,18254.0,9984.0,52.83289999351837,2,0.0,0.0,False
0,9000,ES,balanced,1,1,exhaustive,1.0,0.75,18254.0,9898.638094056245,44.824600001447834,2,0.0,0.008549870386994703,False
0,9000,ES,balanced,1,1,adaptive,1.0,0.75,18254.0,9898.638094056245,45.234299992443994,2,0.0,0.008549870386994703,False
0,9000,ES,balanced,1,1,nsga2,1.0,0.75,18254.0,9898.638094056245,47.80190000019502,2,0.0,0.008549870386994703,False
0,9000,ES,balanced,1,1,fixed10,0.1,0.1,18781.511915257914,9359.506031555795,17.70510000642389,2,0.028898428577731654,0.06254947600603017,True
0,9000,ES,balanced,1,1,fixed75,0.75,0.75,18295.259044147137,9898.638094056245,44.583799986867234,2,0.0022602741397576747,0.008549870386994703,False
0,9000,DE,balanced,1,1,adaptive,1.0,0.75,19808.0,11827.266810356503,53.520000001299195,2,0.0,0.005976593549077393,False
0,9000,DE,balanced,1,1,fixed50,0.5,0.5,19953.326297949585,12282.326025973287,56.398600005195476,2,0.007336747675160786,0.04468197890391146,False
0,9000,DE,balanced,1,1,fixed25,0.25,0.25,19677.89703559814,12199.214281978473,53.08640000293963,2,0.006568202968591475,0.0376128503851725,False
0,9000,DE,balanced,1,1,fixed75,0.75,0.75,19871.60947744838,11827.266810356503,72.94410000031348,2,0.0032113023752210743,0.005976593549077393,False
0,9000,DE,balanced,1,1,exhaustive,1.0,0.75,19808.0,11827.266810356503,54.66270000033546,2,0.0,0.005976593549077393,False
0,9000,DE,balanced,1,1,fixed10,0.1,0.1,19548.714258745902,10626.939139995642,16.291699997964315,2,0.013089950588353088,0.09611813047583209,True
0,9000,DE,balanced,1,1,nsga2,1.0,0.75,19808.0,11827.266810356503,46.27229999459814,2,0.0,0.005976593549077393,False
0,9000,DE,balanced,1,1,exact,1.0,1.0,19808.0,11757.0,57.229400001233444,2,0.0,0.0,False
0,9000,IT,balanced,1,2,fixed10,0.1,0.1,17575.90823263393,10139.464867518778,15.748499994515441,2,0.032298145931747346,0.16558970772718454,True
0,9000,IT,balanced,1,2,nsga2,1.0,0.75,17026.0,8532.45215886655,45.02569999021944,2,0.0,0.019145630662541643,False
0,9000,IT,balanced,1,2,adaptive,1.0,0.75,17026.0,8532.45215886655,56.86920000880491,2,0.0,0.019145630662541643,False
0,9000,IT,balanced,1,2,exhaustive,1.0,0.75,17026.0,8532.45215886655,50.98250000446569,2,0.0,0.019145630662541643,False
0,9000,IT,balanced,1,2,fixed75,0.75,0.75,16910.788967900316,8532.45215886655,47.42149999947287,2,0.006766770357082316,0.019145630662541643,False
0,9000,IT,balanced,1,2,exact,1.0,1.0,17026.0,8699.0,51.89750000135973,2,0.0,0.0,False
0,9000,IT,balanced,1,2,fixed25,0.25,0.25,16890.76144652846,8304.478323879805,23.007499999948777,2,0.007943060817076207,0.04535253202899132,False
0,9000,IT,balanced,1,2,fixed50,0.5,0.5,16842.495899582667,8337.433156583234,36.21009999187663,2,0.010777875039194917,0.04156418478178705,False
0,9000,NL,balanced,1,2,fixed25,0.25,0.25,15443.210394529571,7226.183657794637,22.255200005020015,2,0.03112842321757169,0.09471044656788925,True
0,9000,NL,balanced,1,2,nsga2,1.0,0.75,14977.0,6603.823442566292,43.39629999594763,2,0.0,0.0004277295207229533,False
0,9000,NL,balanced,1,2,fixed10,0.1,0.1,15632.993206917594,6824.639814676101,15.25450000190176,2,0.043800040523308666,0.03387968711954267,True
0,9000,NL,balanced,1,2,adaptive,1.0,0.75,14977.0,6603.823442566292,52.7252000028966,2,0.0,0.0004277295207229533,False
0,9000,NL,balanced,1,2,exhaustive,1.0,0.75,14977.0,6603.823442566292,40.317399994819425,2,0.0,0.0004277295207229533,False
0,9000,NL,balanced,1,2,fixed75,0.75,0.75,14975.99536760158,6603.823442566292,41.652300002169795,2,6.707834669297282e-05,0.0004277295207229533,False
0,9000,NL,balanced,1,2,exact,1.0,1.0,14977.0,6601.0,42.31279999658,2,0.0,0.0,False
0,9000,NL,balanced,1,2,fixed50,0.5,0.5,15080.025429511124,6610.793116485459,31.17509999719914,2,0.006878909628839184,0.0014835807431387662,False
0,9000,DE,balanced,1,2,fixed25,0.25,0.25,19677.89703559814,12199.214281978473,24.593099995399825,2,0.006568202968591475,0.0376128503851725,False
0,9000,DE,balanced,1,2,fixed50,0.5,0.5,19953.326297949585,12282.326025973287,44.626100003370084,2,0.007336747675160786,0.04468197890391146,False
0,9000,DE,balanced,1,2,exact,1.0,1.0,19808.0,11757.0,59.215999994194135,2,0.0,0.0,False
0,9000,DE,balanced,1,2,exhaustive,1.0,0.75,19808.0,11827.266810356503,53.524300004937686,2,0.0,0.005976593549077393,False
0,9000,DE,balanced,1,2,adaptive,1.0,0.75,19808.0,11827.266810356503,62.341400000150315,2,0.0,0.005976593549077393,False
0,9000,DE,balanced,1,2,nsga2,1.0,0.75,19808.0,11827.266810356503,60.619199997745454,2,0.0,0.005976593549077393,False
0,9000,DE,balanced,1,2,fixed10,0.1,0.1,19548.714258745902,10626.939139995642,17.704099998809397,2,0.013089950588353088,0.09611813047583209,True
0,9000,DE,balanced,1,2,fixed75,0.75,0.75,19871.60947744838,11827.266810356503,51.15560001286212,2,0.0032113023752210743,0.005976593549077393,False
0,9000,ES,balanced,1,2,fixed75,0.75,0.75,18295.259044147137,9898.638094056245,50.54889999155421,2,0.0022602741397576747,0.008549870386994703,False
0,9000,ES,balanced,1,2,nsga2,1.0,0.75,18254.0,9898.638094056245,46.09350000100676,2,0.0,0.008549870386994703,False
0,9000,ES,balanced,1,2,adaptive,1.0,0.75,18254.0,9898.638094056245,48.02449999260716,2,0.0,0.008549870386994703,False
0,9000,ES,balanced,1,2,fixed25,0.25,0.25,18382.298856461017,9929.967298127596,33.918300003279,2,0.007028533826066443,0.005411929274078904,False
0,9000,ES,balanced,1,2,exhaustive,1.0,0.75,18254.0,9898.638094056245,51.50110000977293,2,0.0,0.008549870386994703,False
0,9000,ES,balanced,1,2,fixed10,0.1,0.1,18781.511915257914,9359.506031555795,18.960200002766214,2,0.028898428577731654,0.06254947600603017,True
0,9000,ES,balanced,1,2,fixed50,0.5,0.5,18326.892141118522,9980.139305842922,40.76069999428,2,0.003993214699163031,0.0003866881166944999,False
0,9000,ES,balanced,1,2,exact,1.0,1.0,18254.0,9984.0,49.84440001135226,2,0.0,0.0,False
0,9000,FR,balanced,1,2,nsga2,1.0,0.75,29935.0,26684.982422406512,69.6866000071168,2,0.0,0.01115458302799554,False
0,9000,FR,balanced,1,2,fixed50,0.5,0.5,30148.047654912796,27318.483041824737,52.72759999206755,2,0.007117008682572111,0.012320575180639464,False
0,9000,FR,balanced,1,2,fixed25,0.25,0.25,30350.586974230824,27601.124661732298,31.986999994842336,2,0.013882978928706335,0.022794214101100486,False
0,9000,FR,balanced,1,2,adaptive,1.0,0.75,29935.0,26684.982422406512,80.02190000843257,2,0.0,0.01115458302799554,False
0,9000,FR,balanced,1,2,fixed75,0.75,0.75,29853.385551716856,26684.982422406512,72.8532999928575,2,0.0027263887851392736,0.01115458302799554,False
0,9000,FR,balanced,1,2,exact,1.0,1.0,29935.0,26986.0,79.83299999614246,2,0.0,0.0,False
0,9000,FR,balanced,1,2,exhaustive,1.0,0.75,29935.0,26684.982422406512,82.78740000969265,2,0.0,0.01115458302799554,False
0,9000,FR,balanced,1,2,fixed10,0.1,0.1,30638.27540552683,26128.62100475993,16.185300002689473,2,0.023493415918718244,0.031771251583786755,True
0,9000,ES,quality,2,0,fixed10,0.1,0.1,18781.511915257914,9359.506031555795,13.918700002250262,2,0.028898428577731654,0.06254947600603017,True
0,9000,ES,quality,2,0,adaptive,1.0,1.0,18254.0,9984.0,52.20750000444241,2,0.0,0.0,False
0,9000,ES,quality,2,0,fixed25,0.25,0.25,18382.298856461017,9929.967298127596,23.967199987964705,2,0.007028533826066443,0.005411929274078904,False
0,9000,ES,quality,2,0,exact,1.0,1.0,18254.0,9984.0,54.92409999715164,2,0.0,0.0,False
0,9000,ES,quality,2,0,fixed50,0.5,0.5,18326.892141118522,9980.139305842922,41.61949999979697,2,0.003993214699163031,0.0003866881166944999,False
0,9000,ES,quality,2,0,nsga2,1.0,1.0,18254.0,9984.0,74.27589999861084,2,0.0,0.0,False
0,9000,ES,quality,2,0,exhaustive,1.0,1.0,18254.0,9984.0,50.829200001317076,2,0.0,0.0,False
0,9000,ES,quality,2,0,fixed75,0.75,0.75,18295.259044147137,9898.638094056245,46.392899996135384,2,0.0022602741397576747,0.008549870386994703,False
0,9000,FR,quality,2,0,fixed10,0.1,0.1,30638.27540552683,26128.62100475993,15.62049999483861,2,0.023493415918718244,0.031771251583786755,True
0,9000,FR,quality,2,0,nsga2,1.0,1.0,29935.0,26986.0,92.98929999931715,2,0.0,0.0,False
0,9000,FR,quality,2,0,fixed75,0.75,0.75,29853.385551716856,26684.982422406512,82.23799998813774,2,0.0027263887851392736,0.01115458302799554,False
0,9000,FR,quality,2,0,fixed25,0.25,0.25,30350.586974230824,27601.124661732298,31.633100006729364,2,0.013882978928706335,0.022794214101100486,True
0,9000,FR,quality,2,0,exhaustive,1.0,1.0,29935.0,26986.0,90.98400000948459,2,0.0,0.0,False
0,9000,FR,quality,2,0,exact,1.0,1.0,29935.0,26986.0,139.3106000032276,2,0.0,0.0,False
0,9000,FR,quality,2,0,adaptive,1.0,1.0,29935.0,26986.0,138.91379999404307,2,0.0,0.0,False
0,9000,FR,quality,2,0,fixed50,0.5,0.5,30148.047654912796,27318.483041824737,68.57050000689924,2,0.007117008682572111,0.012320575180639464,False
0,9000,NL,quality,2,0,adaptive,1.0,1.0,14977.0,6601.0,54.86390000442043,2,0.0,0.0,False
0,9000,NL,quality,2,0,fixed25,0.25,0.25,15443.210394529571,7226.183657794637,26.179500011494383,2,0.03112842321757169,0.09471044656788925,True
0,9000,NL,quality,2,0,fixed10,0.1,0.1,15632.993206917594,6824.639814676101,24.826799999573268,2,0.043800040523308666,0.03387968711954267,True
0,9000,NL,quality,2,0,exhaustive,1.0,1.0,14977.0,6601.0,56.62350000056904,2,0.0,0.0,False
0,9000,NL,quality,2,0,fixed75,0.75,0.75,14975.99536760158,6603.823442566292,97.13989999727346,2,6.707834669297282e-05,0.0004277295207229533,False
0,9000,NL,quality,2,0,fixed50,0.5,0.5,15080.025429511124,6610.793116485459,76.85630000196397,2,0.006878909628839184,0.0014835807431387662,False
0,9000,NL,quality,2,0,nsga2,1.0,1.0,14977.0,6601.0,89.31090000260156,2,0.0,0.0,False
0,9000,NL,quality,2,0,exact,1.0,1.0,14977.0,6601.0,61.61869999777991,2,0.0,0.0,False
0,9000,DE,quality,2,0,fixed25,0.25,0.25,19677.89703559814,12199.214281978473,23.576999999932013,2,0.006568202968591475,0.0376128503851725,True
0,9000,DE,quality,2,0,fixed10,0.1,0.1,19548.714258745902,10626.939139995642,20.169499999610707,2,0.013089950588353088,0.09611813047583209,True
0,9000,DE,quality,2,0,fixed50,0.5,0.5,19953.326297949585,12282.326025973287,43.64999999233987,2,0.007336747675160786,0.04468197890391146,True
0,9000,DE,quality,2,0,fixed75,0.75,0.75,19871.60947744838,11827.266810356503,68.09030000295024,2,0.0032113023752210743,0.005976593549077393,False
0,9000,DE,quality,2,0,exhaustive,1.0,1.0,19808.0,11757.0,51.545700000133365,2,0.0,0.0,False
0,9000,DE,quality,2,0,nsga2,1.0,1.0,19808.0,11757.0,80.32950000779238,2,0.0,0.0,False
0,9000,DE,quality,2,0,exact,1.0,1.0,19808.0,11757.0,72.85250000131782,2,0.0,0.0,False
0,9000,DE,quality,2,0,adaptive,1.0,1.0,19808.0,11757.0,97.23240000312217,2,0.0,0.0,False
0,9000,IT,quality,2,0,adaptive,1.0,1.0,17026.0,8699.0,76.08579999941867,2,0.0,0.0,False
0,9000,IT,quality,2,0,fixed10,0.1,0.1,17575.90823263393,10139.464867518778,22.09350001066923,2,0.032298145931747346,0.16558970772718454,True
0,9000,IT,quality,2,0,exact,1.0,1.0,17026.0,8699.0,102.34820000187028,2,0.0,0.0,False
0,9000,IT,quality,2,0,nsga2,1.0,1.0,17026.0,8699.0,88.27710000332445,2,0.0,0.0,False
0,9000,IT,quality,2,0,exhaustive,1.0,1.0,17026.0,8699.0,89.57509999163449,2,0.0,0.0,False
0,9000,IT,quality,2,0,fixed50,0.5,0.5,16842.495899582667,8337.433156583234,60.21129999135155,2,0.010777875039194917,0.04156418478178705,True
0,9000,IT,quality,2,0,fixed75,0.75,0.75,16910.788967900316,8532.45215886655,85.7275999878766,2,0.006766770357082316,0.019145630662541643,False
0,9000,IT,quality,2,0,fixed25,0.25,0.25,16890.76144652846,8304.478323879805,17.930100002558902,2,0.007943060817076207,0.04535253202899132,True
0,9000,ES,quality,2,1,fixed10,0.1,0.1,18781.511915257914,9359.506031555795,12.174500006949529,2,0.028898428577731654,0.06254947600603017,True
0,9000,ES,quality,2,1,nsga2,1.0,1.0,18254.0,9984.0,76.42339999438263,2,0.0,0.0,False
0,9000,ES,quality,2,1,fixed75,0.75,0.75,18295.259044147137,9898.638094056245,70.83840000268538,2,0.0022602741397576747,0.008549870386994703,False
0,9000,ES,quality,2,1,fixed25,0.25,0.25,18382.298856461017,9929.967298127596,27.178899996215478,2,0.007028533826066443,0.005411929274078904,False
0,9000,ES,quality,2,1,exhaustive,1.0,1.0,18254.0,9984.0,53.575400001136586,2,0.0,0.0,False
0,9000,ES,quality,2,1,exact,1.0,1.0,18254.0,9984.0,70.91169999330305,2,0.0,0.0,False
0,9000,ES,quality,2,1,adaptive,1.0,1.0,18254.0,9984.0,54.64650000794791,2,0.0,0.0,False
0,9000,ES,quality,2,1,fixed50,0.5,0.5,18326.892141118522,9980.139305842922,31.008500009193085,2,0.003993214699163031,0.0003866881166944999,False
0,9000,DE,quality,2,1,fixed10,0.1,0.1,19548.714258745902,10626.939139995642,15.705500001786277,2,0.013089950588353088,0.09611813047583209,True
0,9000,DE,quality,2,1,adaptive,1.0,1.0,19808.0,11757.0,61.24959999579005,2,0.0,0.0,False
0,9000,DE,quality,2,1,fixed25,0.25,0.25,19677.89703559814,12199.214281978473,25.52500000456348,2,0.006568202968591475,0.0376128503851725,True
0,9000,DE,quality,2,1,exact,1.0,1.0,19808.0,11757.0,110.90310000872705,2,0.0,0.0,False
0,9000,DE,quality,2,1,fixed50,0.5,0.5,19953.326297949585,12282.326025973287,46.50150000816211,2,0.007336747675160786,0.04468197890391146,True
0,9000,DE,quality,2,1,nsga2,1.0,1.0,19808.0,11757.0,66.85139999899548,2,0.0,0.0,False
0,9000,DE,quality,2,1,exhaustive,1.0,1.0,19808.0,11757.0,61.30180000036489,2,0.0,0.0,False
0,9000,DE,quality,2,1,fixed75,0.75,0.75,19871.60947744838,11827.266810356503,61.680600003455766,2,0.0032113023752210743,0.005976593549077393,False
0,9000,NL,quality,2,1,fixed75,0.75,0.75,14975.99536760158,6603.823442566292,45.0803999992786,2,6.707834669297282e-05,0.0004277295207229533,False
0,9000,NL,quality,2,1,exhaustive,1.0,1.0,14977.0,6601.0,64.82339999638498,2,0.0,0.0,False
0,9000,NL,quality,2,1,adaptive,1.0,1.0,14977.0,6601.0,41.585999992094,2,0.0,0.0,False
0,9000,NL,quality,2,1,exact,1.0,1.0,14977.0,6601.0,42.91419999208301,2,0.0,0.0,False
0,9000,NL,quality,2,1,fixed50,0.5,0.5,15080.025429511124,6610.793116485459,42.41609999735374,2,0.006878909628839184,0.0014835807431387662,False
0,9000,NL,quality,2,1,fixed25,0.25,0.25,15443.210394529571,7226.183657794637,48.497899988433346,2,0.03112842321757169,0.09471044656788925,True
0,9000,NL,quality,2,1,fixed10,0.1,0.1,15632.993206917594,6824.639814676101,22.92499999748543,2,0.043800040523308666,0.03387968711954267,True
0,9000,NL,quality,2,1,nsga2,1.0,1.0,14977.0,6601.0,80.22669999627396,2,0.0,0.0,False
0,9000,IT,quality,2,1,adaptive,1.0,1.0,17026.0,8699.0,91.53209999203682,2,0.0,0.0,False
0,9000,IT,quality,2,1,fixed25,0.25,0.25,16890.76144652846,8304.478323879805,39.16299999400508,2,0.007943060817076207,0.04535253202899132,True
0,9000,IT,quality,2,1,fixed10,0.1,0.1,17575.90823263393,10139.464867518778,23.73760000045877,2,0.032298145931747346,0.16558970772718454,True
0,9000,IT,quality,2,1,exhaustive,1.0,1.0,17026.0,8699.0,53.1702000007499,2,0.0,0.0,False
0,9000,IT,quality,2,1,fixed75,0.75,0.75,16910.788967900316,8532.45215886655,58.051300002261996,2,0.006766770357082316,0.019145630662541643,False
0,9000,IT,quality,2,1,fixed50,0.5,0.5,16842.495899582667,8337.433156583234,57.50399999669753,2,0.010777875039194917,0.04156418478178705,True
0,9000,IT,quality,2,1,nsga2,1.0,1.0,17026.0,8699.0,55.30700000235811,2,0.0,0.0,False
0,9000,IT,quality,2,1,exact,1.0,1.0,17026.0,8699.0,86.2862999929348,2,0.0,0.0,False
0,9000,FR,quality,2,1,adaptive,1.0,1.0,29935.0,26986.0,138.3131000038702,2,0.0,0.0,False
0,9000,FR,quality,2,1,fixed10,0.1,0.1,30638.27540552683,26128.62100475993,17.97090000764001,2,0.023493415918718244,0.031771251583786755,True
0,9000,FR,quality,2,1,exact,1.0,1.0,29935.0,26986.0,99.78730000148062,2,0.0,0.0,False
0,9000,FR,quality,2,1,nsga2,1.0,1.0,29935.0,26986.0,101.20189998997375,2,0.0,0.0,False
0,9000,FR,quality,2,1,exhaustive,1.0,1.0,29935.0,26986.0,103.2402999990154,2,0.0,0.0,False
0,9000,FR,quality,2,1,fixed50,0.5,0.5,30148.047654912796,27318.483041824737,86.25459999893792,2,0.007117008682572111,0.012320575180639464,False
0,9000,FR,quality,2,1,fixed75,0.75,0.75,29853.385551716856,26684.982422406512,97.08520000276621,2,0.0027263887851392736,0.01115458302799554,False
0,9000,FR,quality,2,1,fixed25,0.25,0.25,30350.586974230824,27601.124661732298,35.14760000689421,2,0.013882978928706335,0.022794214101100486,True
0,9000,NL,quality,2,2,exact,1.0,1.0,14977.0,6601.0,51.0498999938136,2,0.0,0.0,False
0,9000,NL,quality,2,2,nsga2,1.0,1.0,14977.0,6601.0,68.17339999543037,2,0.0,0.0,False
0,9000,NL,quality,2,2,fixed10,0.1,0.1,15632.993206917594,6824.639814676101,24.969500009319745,2,0.043800040523308666,0.03387968711954267,True
0,9000,NL,quality,2,2,exhaustive,1.0,1.0,14977.0,6601.0,96.26160000334494,2,0.0,0.0,False
0,9000,NL,quality,2,2,fixed25,0.25,0.25,15443.210394529571,7226.183657794637,36.465099998167716,2,0.03112842321757169,0.09471044656788925,True
0,9000,NL,quality,2,2,fixed50,0.5,0.5,15080.025429511124,6610.793116485459,63.44410000019707,2,0.006878909628839184,0.0014835807431387662,False
0,9000,NL,quality,2,2,fixed75,0.75,0.75,14975.99536760158,6603.823442566292,85.5295999936061,2,6.707834669297282e-05,0.0004277295207229533,False
0,9000,NL,quality,2,2,adaptive,1.0,1.0,14977.0,6601.0,62.903199999709614,2,0.0,0.0,False
0,9000,FR,quality,2,2,adaptive,1.0,1.0,29935.0,26986.0,104.15790000115521,2,0.0,0.0,False
0,9000,FR,quality,2,2,fixed25,0.25,0.25,30350.586974230824,27601.124661732298,35.53520000423305,2,0.013882978928706335,0.022794214101100486,True
0,9000,FR,quality,2,2,fixed10,0.1,0.1,30638.27540552683,26128.62100475993,18.981600005645305,2,0.023493415918718244,0.031771251583786755,True
0,9000,FR,quality,2,2,exhaustive,1.0,1.0,29935.0,26986.0,88.53029999590944,2,0.0,0.0,False
0,9000,FR,quality,2,2,fixed75,0.75,0.75,29853.385551716856,26684.982422406512,102.54339998937212,2,0.0027263887851392736,0.01115458302799554,False
0,9000,FR,quality,2,2,fixed50,0.5,0.5,30148.047654912796,27318.483041824737,79.54520000203047,2,0.007117008682572111,0.012320575180639464,False
0,9000,FR,quality,2,2,nsga2,1.0,1.0,29935.0,26986.0,123.52980001014657,2,0.0,0.0,False
0,9000,FR,quality,2,2,exact,1.0,1.0,29935.0,26986.0,199.68119999975897,2,0.0,0.0,False
0,9000,DE,quality,2,2,fixed10,0.1,0.1,19548.714258745902,10626.939139995642,22.148199990624562,2,0.013089950588353088,0.09611813047583209,True
0,9000,DE,quality,2,2,nsga2,1.0,1.0,19808.0,11757.0,81.20000000053551,2,0.0,0.0,False
0,9000,DE,quality,2,2,fixed75,0.75,0.75,19871.60947744838,11827.266810356503,61.71560000802856,2,0.0032113023752210743,0.005976593549077393,False
0,9000,DE,quality,2,2,fixed25,0.25,0.25,19677.89703559814,12199.214281978473,28.466100004152395,2,0.006568202968591475,0.0376128503851725,True
0,9000,DE,quality,2,2,exhaustive,1.0,1.0,19808.0,11757.0,63.22159999399446,2,0.0,0.0,False
0,9000,DE,quality,2,2,exact,1.0,1.0,19808.0,11757.0,55.08350000309292,2,0.0,0.0,False
0,9000,DE,quality,2,2,adaptive,1.0,1.0,19808.0,11757.0,94.99950001190882,2,0.0,0.0,False
0,9000,DE,quality,2,2,fixed50,0.5,0.5,19953.326297949585,12282.326025973287,65.5492000078084,2,0.007336747675160786,0.04468197890391146,True
0,9000,IT,quality,2,2,fixed75,0.75,0.75,16910.788967900316,8532.45215886655,73.36789999681059,2,0.006766770357082316,0.019145630662541643,False
0,9000,IT,quality,2,2,exhaustive,1.0,1.0,17026.0,8699.0,86.65850000397768,2,0.0,0.0,False
0,9000,IT,quality,2,2,adaptive,1.0,1.0,17026.0,8699.0,75.47290000366047,2,0.0,0.0,False
0,9000,IT,quality,2,2,exact,1.0,1.0,17026.0,8699.0,42.727299995021895,2,0.0,0.0,False
0,9000,IT,quality,2,2,fixed50,0.5,0.5,16842.495899582667,8337.433156583234,45.40800000540912,2,0.010777875039194917,0.04156418478178705,True
0,9000,IT,quality,2,2,fixed25,0.25,0.25,16890.76144652846,8304.478323879805,20.61560000583995,2,0.007943060817076207,0.04535253202899132,True
0,9000,IT,quality,2,2,fixed10,0.1,0.1,17575.90823263393,10139.464867518778,11.416699999244884,2,0.032298145931747346,0.16558970772718454,True
0,9000,IT,quality,2,2,nsga2,1.0,1.0,17026.0,8699.0,44.85700000077486,2,0.0,0.0,False
0,9000,ES,quality,2,2,adaptive,1.0,1.0,18254.0,9984.0,49.979900009930134,2,0.0,0.0,False
0,9000,ES,quality,2,2,fixed10,0.1,0.1,18781.511915257914,9359.506031555795,22.536999997100793,2,0.028898428577731654,0.06254947600603017,True
0,9000,ES,quality,2,2,exact,1.0,1.0,18254.0,9984.0,84.4554000068456,2,0.0,0.0,False
0,9000,ES,quality,2,2,nsga2,1.0,1.0,18254.0,9984.0,94.16549999150448,2,0.0,0.0,False
0,9000,ES,quality,2,2,exhaustive,1.0,1.0,18254.0,9984.0,63.26769999577664,2,0.0,0.0,False
0,9000,ES,quality,2,2,fixed50,0.5,0.5,18326.892141118522,9980.139305842922,32.030599992140196,2,0.003993214699163031,0.0003866881166944999,False
0,9000,ES,quality,2,2,fixed75,0.75,0.75,18295.259044147137,9898.638094056245,51.34089999774005,2,0.0022602741397576747,0.008549870386994703,False
0,9000,ES,quality,2,2,fixed25,0.25,0.25,18382.298856461017,9929.967298127596,19.00949999981094,2,0.007028533826066443,0.005411929274078904,False
0,9000,IT,performance,3,0,adaptive,1.0,1.0,17026.0,8699.0,61.412499999278225,2,0.0,0.0,False
0,9000,IT,performance,3,0,fixed75,0.75,0.75,16910.788967900316,8532.45215886655,83.40400000452064,2,0.006766770357082316,0.019145630662541643,False
0,9000,IT,performance,3,0,nsga2,0.25,0.35,16890.76144652846,8410.048229699833,40.30929999134969,2,0.007943060817076207,0.033216665168429416,False
0,9000,IT,performance,3,0,fixed25,0.25,0.25,16890.76144652846,8304.478323879805,35.39970000565518,2,0.007943060817076207,0.04535253202899132,False
0,9000,IT,performance,3,0,exact,1.0,1.0,17026.0,8699.0,72.09180000063498,2,0.0,0.0,False
0,9000,IT,performance,3,0,fixed50,0.5,0.5,16842.495899582667,8337.433156583234,60.750900011043996,2,0.010777875039194917,0.04156418478178705,False
0,9000,IT,performance,3,0,fixed10,0.1,0.1,17575.90823263393,10139.464867518778,28.1191999965813,2,0.032298145931747346,0.16558970772718454,True
0,9000,IT,performance,3,0,exhaustive,0.25,0.35,16890.76144652846,8410.048229699833,36.69100000115577,2,0.007943060817076207,0.033216665168429416,False
0,9000,NL,performance,3,0,fixed10,0.1,0.1,15632.993206917594,6824.639814676101,12.463799997931346,2,0.043800040523308666,0.03387968711954267,False
0,9000,NL,performance,3,0,nsga2,0.35,0.35,15370.82774351617,7052.00542218021,36.50129999732599,2,0.026295502671841546,0.06832380278445845,False
0,9000,NL,performance,3,0,exact,1.0,1.0,14977.0,6601.0,69.94000000122469,2,0.0,0.0,False
0,9000,NL,performance,3,0,fixed50,0.5,0.5,15080.025429511124,6610.793116485459,57.81559999741148,2,0.006878909628839184,0.0014835807431387662,False
0,9000,NL,performance,3,0,fixed25,0.25,0.25,15443.210394529571,7226.183657794637,35.04039999097586,2,0.03112842321757169,0.09471044656788925,False
0,9000,NL,performance,3,0,fixed75,0.75,0.75,14975.99536760158,6603.823442566292,45.44640000676736,2,6.707834669297282e-05,0.0004277295207229533,False
0,9000,NL,performance,3,0,adaptive,1.0,1.0,14977.0,6601.0,47.11529999622144,2,0.0,0.0,False
0,9000,NL,performance,3,0,exhaustive,0.35,0.35,15370.82774351617,7052.00542218021,34.967200001119636,2,0.026295502671841546,0.06832380278445845,False
0,9000,ES,performance,3,0,nsga2,0.25,0.35,18382.298856461017,9948.072614119646,47.638100004405715,2,0.007028533826066443,0.0035984961819264362,False
0,9000,ES,performance,3,0,exact,1.0,1.0,18254.0,9984.0,77.71250000223517,2,0.0,0.0,False
0,9000,ES,performance,3,0,adaptive,1.0,1.0,18254.0,9984.0,80.1383999933023,2,0.0,0.0,False
0,9000,ES,performance,3,0,fixed10,0.1,0.1,18781.511915257914,9359.506031555795,21.51449999655597,2,0.028898428577731654,0.06254947600603017,False
0,9000,ES,performance,3,0,fixed75,0.75,0.75,18295.259044147137,9898.638094056245,58.45240000053309,2,0.0022602741397576747,0.008549870386994703,False
0,9000,ES,performance,3,0,fixed50,0.5,0.5,18326.892141118522,9980.139305842922,38.626099994871765,2,0.003993214699163031,0.0003866881166944999,False
0,9000,ES,performance,3,0,fixed25,0.25,0.25,18382.298856461017,9929.967298127596,36.726799997268245,2,0.007028533826066443,0.005411929274078904,False
0,9000,ES,performance,3,0,exhaustive,0.25,0.35,18382.298856461017,9948.072614119646,38.73909999674652,2,0.007028533826066443,0.0035984961819264362,False
0,9000,DE,performance,3,0,nsga2,1.0,0.35,19808.0,12418.728806113177,37.466599998879246,2,0.0,0.05628381441806385,False
0,9000,DE,performance,3,0,fixed10,0.1,0.1,19548.714258745902,10626.939139995642,14.49450000654906,2,0.013089950588353088,0.09611813047583209,False
0,9000,DE,performance,3,0,adaptive,1.0,1.0,19808.0,11757.0,59.85770000552293,2,0.0,0.0,False
0,9000,DE,performance,3,0,fixed25,0.25,0.25,19677.89703559814,12199.214281978473,20.41800000006333,2,0.006568202968591475,0.0376128503851725,False
0,9000,DE,performance,3,0,exhaustive,1.0,0.35,19808.0,12418.728806113177,29.820800002198666,2,0.0,0.05628381441806385,False
0,9000,DE,performance,3,0,fixed50,0.5,0.5,19953.326297949585,12282.326025973287,41.16379999322817,2,0.007336747675160786,0.04468197890391146,False
0,9000,DE,performance,3,0,exact,1.0,1.0,19808.0,11757.0,82.23939999879804,2,0.0,0.0,False
0,9000,DE,performance,3,0,fixed75,0.75,0.75,19871.60947744838,11827.266810356503,70.12499999837019,2,0.0032113023752210743,0.005976593549077393,False
0,9000,FR,performance,3,0,fixed75,0.75,0.75,29853.385551716856,26684.982422406512,78.4220999921672,2,0.0027263887851392736,0.01115458302799554,False
0,9000,FR,performance,3,0,nsga2,1.0,0.35,29935.0,27569.90518880198,72.32250001106877,2,0.0,0.02163733746394347,False
0,9000,FR,performance,3,0,adaptive,1.0,1.0,29935.0,26986.0,181.44239998946432,2,0.0,0.0,False
0,9000,FR,performance,3,0,fixed50,0.5,0.5,30148.047654912796,27318.483041824737,56.103100010659546,2,0.007117008682572111,0.012320575180639464,False
0,9000,FR,performance,3,0,fixed10,0.1,0.1,30638.27540552683,26128.62100475993,18.231499998364598,2,0.023493415918718244,0.031771251583786755,False
0,9000,FR,performance,3,0,exact,1.0,1.0,29935.0,26986.0,116.72469999757595,2,0.0,0.0,False
0,9000,FR,performance,3,0,fixed25,0.25,0.25,30350.586974230824,27601.124661732298,40.38030000810977,2,0.013882978928706335,0.022794214101100486,False
0,9000,FR,performance,3,0,exhaustive,0.25,0.35,30350.586974230824,27569.90518880198,56.043799995677546,2,0.013882978928706335,0.02163733746394347,False
0,9000,IT,performance,3,1,fixed10,0.1,0.1,17575.90823263393,10139.464867518778,16.08860000851564,2,0.032298145931747346,0.16558970772718454,True
0,9000,IT,performance,3,1,nsga2,0.25,0.35,16890.76144652846,8410.048229699833,32.134599998244084,2,0.007943060817076207,0.033216665168429416,False
0,9000,IT,performance,3,1,exact,1.0,1.0,17026.0,8699.0,57.5257999880705,2,0.0,0.0,False
0,9000,IT,performance,3,1,fixed50,0.5,0.5,16842.495899582667,8337.433156583234,53.71080001350492,2,0.010777875039194917,0.04156418478178705,False
0,9000,IT,performance,3,1,fixed25,0.25,0.25,16890.76144652846,8304.478323879805,20.087299999431707,2,0.007943060817076207,0.04535253202899132,False
0,9000,IT,performance,3,1,fixed75,0.75,0.75,16910.788967900316,8532.45215886655,63.44579999858979,2,0.006766770357082316,0.019145630662541643,False
0,9000,IT,performance,3,1,adaptive,1.0,1.0,17026.0,8699.0,86.63309999974445,2,0.0,0.0,False
0,9000,IT,performance,3,1,exhaustive,0.25,0.35,16890.76144652846,8410.048229699833,25.243700001738034,2,0.007943060817076207,0.033216665168429416,False
0,9000,DE,performance,3,1,nsga2,1.0,0.35,19808.0,12418.728806113177,31.36199999426026,2,0.0,0.05628381441806385,False
0,9000,DE,performance,3,1,exact,1.0,1.0,19808.0,11757.0,104.25439999380615,2,0.0,0.0,False
0,9000,DE,performance,3,1,adaptive,1.0,1.0,19808.0,11757.0,94.19060000800528,2,0.0,0.0,False
0,9000,DE,performance,3,1,fixed10,0.1,0.1,19548.714258745902,10626.939139995642,12.028500001179054,2,0.013089950588353088,0.09611813047583209,False
0,9000,DE,performance,3,1,fixed75,0.75,0.75,19871.60947744838,11827.266810356503,53.21359999652486,2,0.0032113023752210743,0.005976593549077393,False
0,9000,DE,performance,3,1,fixed50,0.5,0.5,19953.326297949585,12282.326025973287,36.810400008107536,2,0.007336747675160786,0.04468197890391146,False
0,9000,DE,performance,3,1,fixed25,0.25,0.25,19677.89703559814,12199.214281978473,20.150199998170137,2,0.006568202968591475,0.0376128503851725,False
0,9000,DE,performance,3,1,exhaustive,1.0,0.35,19808.0,12418.728806113177,29.236799993668683,2,0.0,0.05628381441806385,False
0,9000,ES,performance,3,1,fixed75,0.75,0.75,18295.259044147137,9898.638094056245,53.35930000001099,2,0.0022602741397576747,0.008549870386994703,False
0,9000,ES,performance,3,1,nsga2,0.25,0.35,18382.298856461017,9948.072614119646,32.18100000231061,2,0.007028533826066443,0.0035984961819264362,False
0,9000,ES,performance,3,1,adaptive,1.0,1.0,18254.0,9984.0,95.78829999372829,2,0.0,0.0,False
0,9000,ES,performance,3,1,fixed50,0.5,0.5,18326.892141118522,9980.139305842922,48.83160001190845,2,0.003993214699163031,0.0003866881166944999,False
0,9000,ES,performance,3,1,fixed10,0.1,0.1,18781.511915257914,9359.506031555795,25.538999994751066,2,0.028898428577731654,0.06254947600603017,False
0,9000,ES,performance,3,1,exact,1.0,1.0,18254.0,9984.0,84.11339999292977,2,0.0,0.0,False
0,9000,ES,performance,3,1,fixed25,0.25,0.25,18382.298856461017,9929.967298127596,35.253499998361804,2,0.007028533826066443,0.005411929274078904,False
0,9000,ES,performance,3,1,exhaustive,0.25,0.35,18382.298856461017,9948.072614119646,49.923499987926334,2,0.007028533826066443,0.0035984961819264362,False
0,9000,NL,performance,3,1,fixed25,0.25,0.25,15443.210394529571,7226.183657794637,35.78879999986384,2,0.03112842321757169,0.09471044656788925,False
0,9000,NL,performance,3,1,nsga2,0.35,0.35,15370.82774351617,7052.00542218021,38.383200007956475,2,0.026295502671841546,0.06832380278445845,False
0,9000,NL,performance,3,1,fixed75,0.75,0.75,14975.99536760158,6603.823442566292,70.6577999953879,2,6.707834669297282e-05,0.0004277295207229533,False
0,9000,NL,performance,3,1,fixed10,0.1,0.1,15632.993206917594,6824.639814676101,22.30260000214912,2,0.043800040523308666,0.03387968711954267,False
0,9000,NL,performance,3,1,adaptive,1.0,1.0,14977.0,6601.0,75.44699999561999,2,0.0,0.0,False
0,9000,NL,performance,3,1,exhaustive,0.35,0.35,15370.82774351617,7052.00542218021,39.04730000067502,2,0.026295502671841546,0.06832380278445845,False
0,9000,NL,performance,3,1,exact,1.0,1.0,14977.0,6601.0,75.82430000184104,2,0.0,0.0,False
0,9000,NL,performance,3,1,fixed50,0.5,0.5,15080.025429511124,6610.793116485459,46.33170001034159,2,0.006878909628839184,0.0014835807431387662,False
0,9000,FR,performance,3,1,adaptive,1.0,1.0,29935.0,26986.0,98.18420000374317,2,0.0,0.0,False
0,9000,FR,performance,3,1,fixed75,0.75,0.75,29853.385551716856,26684.982422406512,88.50640000309795,2,0.0027263887851392736,0.01115458302799554,False
0,9000,FR,performance,3,1,nsga2,1.0,0.35,29935.0,27569.90518880198,56.88519999966957,2,0.0,0.02163733746394347,False
0,9000,FR,performance,3,1,fixed25,0.25,0.25,30350.586974230824,27601.124661732298,48.59859999851324,2,0.013882978928706335,0.022794214101100486,False
0,9000,FR,performance,3,1,exact,1.0,1.0,29935.0,26986.0,105.86029999831226,2,0.0,0.0,False
0,9000,FR,performance,3,1,fixed50,0.5,0.5,30148.047654912796,27318.483041824737,67.85669999953825,2,0.007117008682572111,0.012320575180639464,False
0,9000,FR,performance,3,1,fixed10,0.1,0.1,30638.27540552683,26128.62100475993,17.40379999682773,2,0.023493415918718244,0.031771251583786755,False
0,9000,FR,performance,3,1,exhaustive,0.25,0.35,30350.586974230824,27569.90518880198,54.06189999484923,2,0.013882978928706335,0.02163733746394347,False
0,9000,ES,performance,3,2,adaptive,0.25,0.35,18382.298856461017,9948.072614119646,40.8204000123078,2,0.007028533826066443,0.0035984961819264362,False
0,9000,ES,performance,3,2,fixed75,0.75,0.75,18295.259044147137,9898.638094056245,88.9212000038242,2,0.0022602741397576747,0.008549870386994703,False
0,9000,ES,performance,3,2,nsga2,0.25,0.35,18382.298856461017,9948.072614119646,37.26180001103785,2,0.007028533826066443,0.0035984961819264362,False
0,9000,ES,performance,3,2,fixed25,0.25,0.25,18382.298856461017,9929.967298127596,22.88869999756571,2,0.007028533826066443,0.005411929274078904,False
0,9000,ES,performance,3,2,exact,1.0,1.0,18254.0,9984.0,64.07020000915509,2,0.0,0.0,False
0,9000,ES,performance,3,2,fixed50,0.5,0.5,18326.892141118522,9980.139305842922,36.14029999880586,2,0.003993214699163031,0.0003866881166944999,False
0,9000,ES,performance,3,2,fixed10,0.1,0.1,18781.511915257914,9359.506031555795,14.305899996543303,2,0.028898428577731654,0.06254947600603017,False
0,9000,ES,performance,3,2,exhaustive,0.25,0.35,18382.298856461017,9948.072614119646,35.3113999881316,2,0.007028533826066443,0.0035984961819264362,False
0,9000,IT,performance,3,2,fixed25,0.25,0.25,16890.76144652846,8304.478323879805,23.883700006990694,2,0.007943060817076207,0.04535253202899132,False
0,9000,IT,performance,3,2,nsga2,0.25,0.35,16890.76144652846,8410.048229699833,24.474999998346902,2,0.007943060817076207,0.033216665168429416,False
0,9000,IT,performance,3,2,fixed75,0.75,0.75,16910.788967900316,8532.45215886655,43.24980000092182,2,0.006766770357082316,0.019145630662541643,False
0,9000,IT,performance,3,2,fixed10,0.1,0.1,17575.90823263393,10139.464867518778,15.557000006083399,2,0.032298145931747346,0.16558970772718454,True
0,9000,IT,performance,3,2,adaptive,0.25,0.35,16890.76144652846,8410.048229699833,20.14890000282321,2,0.007943060817076207,0.033216665168429416,False
0,9000,IT,performance,3,2,exhaustive,0.25,0.35,16890.76144652846,8410.048229699833,13.819100000546314,2,0.007943060817076207,0.033216665168429416,False
0,9000,IT,performance,3,2,exact,1.0,1.0,17026.0,8699.0,31.88540000701323,2,0.0,0.0,False
0,9000,IT,performance,3,2,fixed50,0.5,0.5,16842.495899582667,8337.433156583234,42.67640000034589,2,0.010777875039194917,0.04156418478178705,False
0,9000,DE,performance,3,2,fixed75,0.75,0.75,19871.60947744838,11827.266810356503,107.40559999248944,2,0.0032113023752210743,0.005976593549077393,False
0,9000,DE,performance,3,2,nsga2,1.0,0.35,19808.0,12418.728806113177,40.938100006314926,2,0.0,0.05628381441806385,False
0,9000,DE,performance,3,2,adaptive,1.0,0.35,19808.0,12418.728806113177,36.651200003689155,2,0.0,0.05628381441806385,False
0,9000,DE,performance,3,2,fixed50,0.5,0.5,19953.326297949585,12282.326025973287,52.21509998955298,2,0.007336747675160786,0.04468197890391146,False
0,9000,DE,performance,3,2,fixed10,0.1,0.1,19548.714258745902,10626.939139995642,15.203999995719641,2,0.013089950588353088,0.09611813047583209,False
0,9000,DE,performance,3,2,exact,1.0,1.0,19808.0,11757.0,65.19379999372177,2,0.0,0.0,False
0,9000,DE,performance,3,2,fixed25,0.25,0.25,19677.89703559814,12199.214281978473,23.076400000718422,2,0.006568202968591475,0.0376128503851725,False
0,9000,DE,performance,3,2,exhaustive,1.0,0.35,19808.0,12418.728806113177,28.074000001652166,2,0.0,0.05628381441806385,False
0,9000,NL,performance,3,2,nsga2,0.35,0.35,15370.82774351617,7052.00542218021,22.477699996670708,2,0.026295502671841546,0.06832380278445845,False
0,9000,NL,performance,3,2,fixed10,0.1,0.1,15632.993206917594,6824.639814676101,13.257099999464117,2,0.043800040523308666,0.03387968711954267,False
0,9000,NL,performance,3,2,exact,1.0,1.0,14977.0,6601.0,56.74289999296889,2,0.0,0.0,False
0,9000,NL,performance,3,2,exhaustive,0.35,0.35,15370.82774351617,7052.00542218021,24.963000003481284,2,0.026295502671841546,0.06832380278445845,False
0,9000,NL,performance,3,2,fixed75,0.75,0.75,14975.99536760158,6603.823442566292,39.794600001187064,2,6.707834669297282e-05,0.0004277295207229533,False
0,9000,NL,performance,3,2,adaptive,0.35,0.35,15370.82774351617,7052.00542218021,21.95130000473,2,0.026295502671841546,0.06832380278445845,False
0,9000,NL,performance,3,2,fixed25,0.25,0.25,15443.210394529571,7226.183657794637,17.927499997313134,2,0.03112842321757169,0.09471044656788925,False
0,9000,NL,performance,3,2,fixed50,0.5,0.5,15080.025429511124,6610.793116485459,29.596199994557537,2,0.006878909628839184,0.0014835807431387662,False
0,9000,FR,performance,3,2,fixed10,0.1,0.1,30638.27540552683,26128.62100475993,17.528600001242012,2,0.023493415918718244,0.031771251583786755,False
0,9000,FR,performance,3,2,nsga2,1.0,0.35,29935.0,27569.90518880198,39.00300001259893,2,0.0,0.02163733746394347,False
0,9000,FR,performance,3,2,exact,1.0,1.0,29935.0,26986.0,82.89130000048317,2,0.0,0.0,False
0,9000,FR,performance,3,2,fixed50,0.5,0.5,30148.047654912796,27318.483041824737,59.76419999205973,2,0.007117008682572111,0.012320575180639464,False
0,9000,FR,performance,3,2,fixed25,0.25,0.25,30350.586974230824,27601.124661732298,29.521300006308593,2,0.013882978928706335,0.022794214101100486,False
0,9000,FR,performance,3,2,fixed75,0.75,0.75,29853.385551716856,26684.982422406512,75.37340000271797,2,0.0027263887851392736,0.01115458302799554,False
0,9000,FR,performance,3,2,adaptive,0.25,0.35,30350.586974230824,27569.90518880198,37.91090000595432,2,0.013882978928706335,0.02163733746394347,False
0,9000,FR,performance,3,2,exhaustive,0.25,0.35,30350.586974230824,27569.90518880198,37.943999996059574,2,0.013882978928706335,0.02163733746394347,False
0,9000,NL,exact,4,0,fixed75,0.75,0.75,14975.99536760158,6603.823442566292,38.04859999218024,2,6.707834669297282e-05,0.0004277295207229533,True
0,9000,NL,exact,4,0,exact,1.0,1.0,14977.0,6601.0,39.62209999735933,2,0.0,0.0,False
0,9000,NL,exact,4,0,fixed25,0.25,0.25,15443.210394529571,7226.183657794637,22.896599999512546,2,0.03112842321757169,0.09471044656788925,True
0,9000,NL,exact,4,0,fixed50,0.5,0.5,15080.025429511124,6610.793116485459,26.904900005320087,2,0.006878909628839184,0.0014835807431387662,True
0,9000,NL,exact,4,0,nsga2,1.0,1.0,14977.0,6601.0,53.67379999370314,2,0.0,0.0,False
0,9000,NL,exact,4,0,fixed10,0.1,0.1,15632.993206917594,6824.639814676101,19.523399998433888,2,0.043800040523308666,0.03387968711954267,True
0,9000,NL,exact,4,0,exhaustive,1.0,1.0,14977.0,6601.0,48.79999998956919,2,0.0,0.0,False
0,9000,NL,exact,4,0,adaptive,1.0,1.0,14977.0,6601.0,46.22620000736788,2,0.0,0.0,False
0,9000,DE,exact,4,0,fixed10,0.1,0.1,19548.714258745902,10626.939139995642,16.923799994401634,2,0.013089950588353088,0.09611813047583209,True
0,9000,DE,exact,4,0,exact,1.0,1.0,19808.0,11757.0,49.87690001144074,2,0.0,0.0,False
0,9000,DE,exact,4,0,fixed50,0.5,0.5,19953.326297949585,12282.326025973287,39.00140000041574,2,0.007336747675160786,0.04468197890391146,True
0,9000,DE,exact,4,0,adaptive,1.0,1.0,19808.0,11757.0,51.1285999964457,2,0.0,0.0,False
0,9000,DE,exact,4,0,nsga2,1.0,1.0,19808.0,11757.0,60.10019998939242,2,0.0,0.0,False
0,9000,DE,exact,4,0,fixed75,0.75,0.75,19871.60947744838,11827.266810356503,48.74379999819212,2,0.0032113023752210743,0.005976593549077393,True
0,9000,DE,exact,4,0,exhaustive,1.0,1.0,19808.0,11757.0,55.3998999967007,2,0.0,0.0,False
0,9000,DE,exact,4,0,fixed25,0.25,0.25,19677.89703559814,12199.214281978473,20.24850000452716,2,0.006568202968591475,0.0376128503851725,True
0,9000,IT,exact,4,0,fixed10,0.1,0.1,17575.90823263393,10139.464867518778,12.47890001104679,2,0.032298145931747346,0.16558970772718454,True
0,9000,IT,exact,4,0,fixed50,0.5,0.5,16842.495899582667,8337.433156583234,28.353100002277642,2,0.010777875039194917,0.04156418478178705,True
0,9000,IT,exact,4,0,adaptive,1.0,1.0,17026.0,8699.0,32.29479999572504,2,0.0,0.0,False
0,9000,IT,exact,4,0,exact,1.0,1.0,17026.0,8699.0,86.89489999960642,2,0.0,0.0,False
0,9000,IT,exact,4,0,fixed75,0.75,0.75,16910.788967900316,8532.45215886655,67.29120000090916,2,0.006766770357082316,0.019145630662541643,True
0,9000,IT,exact,4,0,exhaustive,1.0,1.0,17026.0,8699.0,55.651300004683435,2,0.0,0.0,False
0,9000,IT,exact,4,0,fixed25,0.25,0.25,16890.76144652846,8304.478323879805,22.11380000517238,2,0.007943060817076207,0.04535253202899132,True
0,9000,IT,exact,4,0,nsga2,1.0,1.0,17026.0,8699.0,48.94350000540726,2,0.0,0.0,False
0,9000,FR,exact,4,0,adaptive,1.0,1.0,29935.0,26986.0,82.23410000209697,2,0.0,0.0,False
0,9000,FR,exact,4,0,fixed10,0.1,0.1,30638.27540552683,26128.62100475993,18.808699998771772,2,0.023493415918718244,0.031771251583786755,True
0,9000,FR,exact,4,0,fixed75,0.75,0.75,29853.385551716856,26684.982422406512,74.93459999386687,2,0.0027263887851392736,0.01115458302799554,True
0,9000,FR,exact,4,0,exact,1.0,1.0,29935.0,26986.0,84.82319999893662,2,0.0,0.0,False
0,9000,FR,exact,4,0,nsga2,1.0,1.0,29935.0,26986.0,83.63959999405779,2,0.0,0.0,False
0,9000,FR,exact,4,0,fixed25,0.25,0.25,30350.586974230824,27601.124661732298,30.264200002420694,2,0.013882978928706335,0.022794214101100486,True
0,9000,FR,exact,4,0,exhaustive,1.0,1.0,29935.0,26986.0,82.29629999550525,2,0.0,0.0,False
0,9000,FR,exact,4,0,fixed50,0.5,0.5,30148.047654912796,27318.483041824737,47.80050000408664,2,0.007117008682572111,0.012320575180639464,True
0,9000,ES,exact,4,0,fixed75,0.75,0.75,18295.259044147137,9898.638094056245,43.996300009894185,2,0.0022602741397576747,0.008549870386994703,True
0,9000,ES,exact,4,0,fixed25,0.25,0.25,18382.298856461017,9929.967298127596,24.603800004115328,2,0.007028533826066443,0.005411929274078904,True
0,9000,ES,exact,4,0,exact,1.0,1.0,18254.0,9984.0,66.22540000535082,2,0.0,0.0,False
0,9000,ES,exact,4,0,exhaustive,1.0,1.0,18254.0,9984.0,56.50239999522455,2,0.0,0.0,False
0,9000,ES,exact,4,0,fixed10,0.1,0.1,18781.511915257914,9359.506031555795,14.788600004976615,2,0.028898428577731654,0.06254947600603017,True
0,9000,ES,exact,4,0,adaptive,1.0,1.0,18254.0,9984.0,50.29260000446811,2,0.0,0.0,False
0,9000,ES,exact,4,0,fixed50,0.5,0.5,18326.892141118522,9980.139305842922,30.219200009014457,2,0.003993214699163031,0.0003866881166944999,True
0,9000,ES,exact,4,0,nsga2,1.0,1.0,18254.0,9984.0,55.36939999728929,2,0.0,0.0,False
0,9000,FR,exact,4,1,fixed10,0.1,0.1,30638.27540552683,26128.62100475993,25.83829998911824,2,0.023493415918718244,0.031771251583786755,True
0,9000,FR,exact,4,1,fixed50,0.5,0.5,30148.047654912796,27318.483041824737,88.11759999662172,2,0.007117008682572111,0.012320575180639464,True
0,9000,FR,exact,4,1,adaptive,1.0,1.0,29935.0,26986.0,88.3732000074815,2,0.0,0.0,False
0,9000,FR,exact,4,1,exact,1.0,1.0,29935.0,26986.0,84.22560000326484,2,0.0,0.0,False
0,9000,FR,exact,4,1,fixed75,0.75,0.75,29853.385551716856,26684.982422406512,80.05610000691377,2,0.0027263887851392736,0.01115458302799554,True
0,9000,FR,exact,4,1,exhaustive,1.0,1.0,29935.0,26986.0,80.98870000685565,2,0.0,0.0,False
0,9000,FR,exact,4,1,fixed25,0.25,0.25,30350.586974230824,27601.124661732298,34.870999996201135,2,0.013882978928706335,0.022794214101100486,True
0,9000,FR,exact,4,1,nsga2,1.0,1.0,29935.0,26986.0,97.42320000077598,2,0.0,0.0,False
0,9000,DE,exact,4,1,fixed75,0.75,0.75,19871.60947744838,11827.266810356503,57.81929999648128,2,0.0032113023752210743,0.005976593549077393,True
0,9000,DE,exact,4,1,fixed25,0.25,0.25,19677.89703559814,12199.214281978473,24.04499999829568,2,0.006568202968591475,0.0376128503851725,True
0,9000,DE,exact,4,1,exact,1.0,1.0,19808.0,11757.0,50.680399988777936,2,0.0,0.0,False
0,9000,DE,exact,4,1,exhaustive,1.0,1.0,19808.0,11757.0,51.91790001117624,2,0.0,0.0,False
0,9000,DE,exact,4,1,fixed10,0.1,0.1,19548.714258745902,10626.939139995642,18.644800002221018,2,0.013089950588353088,0.09611813047583209,True
0,9000,DE,exact,4,1,adaptive,1.0,1.0,19808.0,11757.0,51.69739999109879,2,0.0,0.0,False
0,9000,DE,exact,4,1,fixed50,0.5,0.5,19953.326297949585,12282.326025973287,31.343000009655952,2,0.007336747675160786,0.04468197890391146,True
0,9000,DE,exact,4,1,nsga2,1.0,1.0,19808.0,11757.0,50.11719999311026,2,0.0,0.0,False
0,9000,ES,exact,4,1,adaptive,1.0,1.0,18254.0,9984.0,46.634300000732765,2,0.0,0.0,False
0,9000,ES,exact,4,1,fixed10,0.1,0.1,18781.511915257914,9359.506031555795,14.497900003334507,2,0.028898428577731654,0.06254947600603017,True
0,9000,ES,exact,4,1,fixed75,0.75,0.75,18295.259044147137,9898.638094056245,45.598800003062934,2,0.0022602741397576747,0.008549870386994703,True
0,9000,ES,exact,4,1,exact,1.0,1.0,18254.0,9984.0,54.25929999910295,2,0.0,0.0,False
0,9000,ES,exact,4,1,nsga2,1.0,1.0,18254.0,9984.0,50.17129999760073,2,0.0,0.0,False
0,9000,ES,exact,4,1,fixed25,0.25,0.25,18382.298856461017,9929.967298127596,23.84429999801796,2,0.007028533826066443,0.005411929274078904,True
0,9000,ES,exact,4,1,exhaustive,1.0,1.0,18254.0,9984.0,54.163799999514595,2,0.0,0.0,False
0,9000,ES,exact,4,1,fixed50,0.5,0.5,18326.892141118522,9980.139305842922,33.38660000008531,2,0.003993214699163031,0.0003866881166944999,True
0,9000,NL,exact,4,1,exhaustive,1.0,1.0,14977.0,6601.0,43.279099991195835,2,0.0,0.0,False
0,9000,NL,exact,4,1,fixed10,0.1,0.1,15632.993206917594,6824.639814676101,11.936199996853247,2,0.043800040523308666,0.03387968711954267,True
0,9000,NL,exact,4,1,exact,1.0,1.0,14977.0,6601.0,36.47229999478441,2,0.0,0.0,False
0,9000,NL,exact,4,1,fixed75,0.75,0.75,14975.99536760158,6603.823442566292,37.111300000105985,2,6.707834669297282e-05,0.0004277295207229533,True
0,9000,NL,exact,4,1,nsga2,1.0,1.0,14977.0,6601.0,40.7380000106059,2,0.0,0.0,False
0,9000,NL,exact,4,1,fixed50,0.5,0.5,15080.025429511124,6610.793116485459,39.38739998557139,2,0.006878909628839184,0.0014835807431387662,True
0,9000,NL,exact,4,1,fixed25,0.25,0.25,15443.210394529571,7226.183657794637,19.092600006842986,2,0.03112842321757169,0.09471044656788925,True
0,9000,NL,exact,4,1,adaptive,1.0,1.0,14977.0,6601.0,42.761399992741644,2,0.0,0.0,False
0,9000,IT,exact,4,1,fixed75,0.75,0.75,16910.788967900316,8532.45215886655,43.80459999083541,2,0.006766770357082316,0.019145630662541643,True
0,9000,IT,exact,4,1,exact,1.0,1.0,17026.0,8699.0,60.18169999879319,2,0.0,0.0,False
0,9000,IT,exact,4,1,fixed25,0.25,0.25,16890.76144652846,8304.478323879805,17.839400010416284,2,0.007943060817076207,0.04535253202899132,True
0,9000,IT,exact,4,1,fixed50,0.5,0.5,16842.495899582667,8337.433156583234,25.826800003414974,2,0.010777875039194917,0.04156418478178705,True
0,9000,IT,exact,4,1,nsga2,1.0,1.0,17026.0,8699.0,40.60300000128336,2,0.0,0.0,False
0,9000,IT,exact,4,1,fixed10,0.1,0.1,17575.90823263393,10139.464867518778,12.056099993060343,2,0.032298145931747346,0.16558970772718454,True
0,9000,IT,exact,4,1,exhaustive,1.0,1.0,17026.0,8699.0,45.38650000176858,2,0.0,0.0,False
0,9000,IT,exact,4,1,adaptive,1.0,1.0,17026.0,8699.0,55.07940000097733,2,0.0,0.0,False
0,9000,IT,exact,4,2,exhaustive,1.0,1.0,17026.0,8699.0,51.45289999200031,2,0.0,0.0,False
0,9000,IT,exact,4,2,fixed10,0.1,0.1,17575.90823263393,10139.464867518778,18.919999987701885,2,0.032298145931747346,0.16558970772718454,True
0,9000,IT,exact,4,2,exact,1.0,1.0,17026.0,8699.0,56.00510000658687,2,0.0,0.0,False
0,9000,IT,exact,4,2,fixed75,0.75,0.75,16910.788967900316,8532.45215886655,42.587800009641796,2,0.006766770357082316,0.019145630662541643,True
0,9000,IT,exact,4,2,nsga2,1.0,1.0,17026.0,8699.0,56.344699987675995,2,0.0,0.0,False
0,9000,IT,exact,4,2,fixed50,0.5,0.5,16842.495899582667,8337.433156583234,31.126000001677312,2,0.010777875039194917,0.04156418478178705,True
0,9000,IT,exact,4,2,fixed25,0.25,0.25,16890.76144652846,8304.478323879805,23.162299999967217,2,0.007943060817076207,0.04535253202899132,True
0,9000,IT,exact,4,2,adaptive,1.0,1.0,17026.0,8699.0,57.123199992929585,2,0.0,0.0,False
0,9000,DE,exact,4,2,adaptive,1.0,1.0,19808.0,11757.0,99.96900000260212,2,0.0,0.0,False
0,9000,DE,exact,4,2,fixed10,0.1,0.1,19548.714258745902,10626.939139995642,39.95930000382941,2,0.013089950588353088,0.09611813047583209,True
0,9000,DE,exact,4,2,fixed75,0.75,0.75,19871.60947744838,11827.266810356503,76.60679999389686,2,0.0032113023752210743,0.005976593549077393,True
0,9000,DE,exact,4,2,exact,1.0,1.0,19808.0,11757.0,129.14390000514686,2,0.0,0.0,False
0,9000,DE,exact,4,2,nsga2,1.0,1.0,19808.0,11757.0,80.58720000553876,2,0.0,0.0,False
0,9000,DE,exact,4,2,fixed25,0.25,0.25,19677.89703559814,12199.214281978473,27.978300000540912,2,0.006568202968591475,0.0376128503851725,True
0,9000,DE,exact,4,2,exhaustive,1.0,1.0,19808.0,11757.0,53.68839998845942,2,0.0,0.0,False
0,9000,DE,exact,4,2,fixed50,0.5,0.5,19953.326297949585,12282.326025973287,38.046700006816536,2,0.007336747675160786,0.04468197890391146,True
0,9000,NL,exact,4,2,fixed75,0.75,0.75,14975.99536760158,6603.823442566292,37.24609999335371,2,6.707834669297282e-05,0.0004277295207229533,True
0,9000,NL,exact,4,2,exact,1.0,1.0,14977.0,6601.0,47.60269999678712,2,0.0,0.0,False
0,9000,NL,exact,4,2,exhaustive,1.0,1.0,14977.0,6601.0,43.13739998906385,2,0.0,0.0,False
0,9000,NL,exact,4,2,fixed50,0.5,0.5,15080.025429511124,6610.793116485459,28.97859999211505,2,0.006878909628839184,0.0014835807431387662,True
0,9000,NL,exact,4,2,fixed25,0.25,0.25,15443.210394529571,7226.183657794637,16.114199999719858,2,0.03112842321757169,0.09471044656788925,True
0,9000,NL,exact,4,2,fixed10,0.1,0.1,15632.993206917594,6824.639814676101,17.132200009655207,2,0.043800040523308666,0.03387968711954267,True
0,9000,NL,exact,4,2,adaptive,1.0,1.0,14977.0,6601.0,42.20450000138953,2,0.0,0.0,False
0,9000,NL,exact,4,2,nsga2,1.0,1.0,14977.0,6601.0,42.02749999240041,2,0.0,0.0,False
0,9000,FR,exact,4,2,fixed75,0.75,0.75,29853.385551716856,26684.982422406512,90.67210000648629,2,0.0027263887851392736,0.01115458302799554,True
0,9000,FR,exact,4,2,exact,1.0,1.0,29935.0,26986.0,127.62859999202192,2,0.0,0.0,False
0,9000,FR,exact,4,2,fixed25,0.25,0.25,30350.586974230824,27601.124661732298,34.29049999976996,2,0.013882978928706335,0.022794214101100486,True
0,9000,FR,exact,4,2,fixed50,0.5,0.5,30148.047654912796,27318.483041824737,50.455399992642924,2,0.007117008682572111,0.012320575180639464,True
0,9000,FR,exact,4,2,nsga2,1.0,1.0,29935.0,26986.0,105.23020000255201,2,0.0,0.0,False
0,9000,FR,exact,4,2,fixed10,0.1,0.1,30638.27540552683,26128.62100475993,25.756799994269386,2,0.023493415918718244,0.031771251583786755,True
0,9000,FR,exact,4,2,exhaustive,1.0,1.0,29935.0,26986.0,88.82299999822862,2,0.0,0.0,False
0,9000,FR,exact,4,2,adaptive,1.0,1.0,29935.0,26986.0,93.50099999574013,2,0.0,0.0,False
0,9000,ES,exact,4,2,fixed10,0.1,0.1,18781.511915257914,9359.506031555795,25.606099996366538,2,0.028898428577731654,0.06254947600603017,True
0,9000,ES,exact,4,2,fixed50,0.5,0.5,18326.892141118522,9980.139305842922,39.71850000380073,2,0.003993214699163031,0.0003866881166944999,True
0,9000,ES,exact,4,2,adaptive,1.0,1.0,18254.0,9984.0,50.80149999412242,2,0.0,0.0,False
0,9000,ES,exact,4,2,exact,1.0,1.0,18254.0,9984.0,62.85509999725036,2,0.0,0.0,False
0,9000,ES,exact,4,2,fixed75,0.75,0.75,18295.259044147137,9898.638094056245,60.04630000097677,2,0.0022602741397576747,0.008549870386994703,True
0,9000,ES,exact,4,2,exhaustive,1.0,1.0,18254.0,9984.0,53.8992999936454,2,0.0,0.0,False
0,9000,ES,exact,4,2,fixed25,0.25,0.25,18382.298856461017,9929.967298127596,20.059000002220273,2,0.007028533826066443,0.005411929274078904,True
0,9000,ES,exact,4,2,nsga2,1.0,1.0,18254.0,9984.0,49.34959999809507,2,0.0,0.0,False
1,9001,IT,performance,0,0,exhaustive,0.25,0.35,17022.72052032946,9260.870229591645,25.34800001012627,2,0.0001926159797097628,0.06459020917250771,False
1,9001,IT,performance,0,0,fixed75,0.75,0.75,17058.696743129763,8740.041450317452,55.535200008307584,2,0.0019204007476661276,0.004717950375612423,False
1,9001,IT,performance,0,0,fixed10,0.1,0.1,17097.652226303755,9554.495740546541,12.395600002491847,2,0.004208400464216787,0.09834414766600082,False
1,9001,IT,performance,0,0,fixed25,0.25,0.25,17022.72052032946,9350.585089484819,20.691000012448058,2,0.0001926159797097628,0.07490344746348075,False
1,9001,IT,performance,0,0,exact,1.0,1.0,17026.0,8699.0,59.88919999799691,2,0.0,0.0,False
1,9001,IT,performance,0,0,nsga2,0.25,0.35,17022.72052032946,9260.870229591645,32.126899997820146,2,0.0001926159797097628,0.06459020917250771,False
1,9001,IT,performance,0,0,fixed50,0.5,0.5,17142.576002319027,9000.910579398582,28.223400004208088,2,0.006846940110362204,0.03470635468428346,False
1,9001,IT,performance,0,0,adaptive,0.25,0.35,17022.72052032946,9260.870229591645,40.852399994037114,4,0.0001926159797097628,0.06459020917250771,False
1,9001,NL,performance,0,0,fixed10,0.1,0.1,14746.226861847063,5947.186124217745,12.055400002282113,2,0.015408502246974525,0.09904770122439863,False
1,9001,NL,performance,0,0,nsga2,0.35,0.35,14922.107037727397,6446.612845334113,35.73560000222642,2,0.0036651507159379546,0.023388449426736336,False
1,9001,NL,performance,0,0,fixed75,0.75,0.75,14876.057681635735,6451.236442012638,77.40629999898374,2,0.006739822285121506,0.022688010602539346,False
1,9001,NL,performance,0,0,adaptive,0.35,0.35,14922.107037727397,6446.612845334113,64.99759999860544,4,0.0036651507159379546,0.023388449426736336,False
1,9001,NL,performance,0,0,fixed25,0.25,0.25,14815.405104021767,6582.425648191551,32.24330001103226,2,0.010789537021982551,0.002813869384706732,False
1,9001,NL,performance,0,0,exact,1.0,1.0,14977.0,6601.0,78.25130000128411,2,0.0,0.0,False
1,9001,NL,performance,0,0,fixed50,0.5,0.5,14887.974163759854,6498.881262034678,67.09710000723135,2,0.005944170143563164,0.01547019208685381,False
1,9001,NL,performance,0,0,exhaustive,0.35,0.35,14922.107037727397,6446.612845334113,37.06570000213105,2,0.0036651507159379546,0.023388449426736336,False
1,9001,ES,performance,0,0,nsga2,0.25,0.35,17970.426595809397,10013.52046026517,36.615599994547665,2,0.015534863821113371,0.002956776869508232,False
1,9001,ES,performance,0,0,exact,1.0,1.0,18254.0,9984.0,90.24920000229031,2,0.0,0.0,False
1,9001,ES,performance,0,0,adaptive,0.25,0.35,17970.426595809397,10013.52046026517,67.19289999455214,4,0.015534863821113371,0.002956776869508232,False
1,9001,ES,performance,0,0,fixed50,0.5,0.5,18082.82699089295,9884.214859170823,56.452699995134026,2,0.009377287668842415,0.009994505291383932,False
1,9001,ES,performance,0,0,fixed10,0.1,0.1,17705.43590101502,11406.897975958625,25.6746000086423,2,0.030051720115316188,0.1425178261176508,False
1,9001,ES,performance,0,0,fixed25,0.25,0.25,17970.426595809397,10525.443457010451,34.50840000004973,2,0.015534863821113371,0.05423111548582245,False
1,9001,ES,performance,0,0,exhaustive,0.25,0.35,17970.426595809397,10013.52046026517,51.65839999972377,2,0.015534863821113371,0.002956776869508232,False
1,9001,ES,performance,0,0,fixed75,0.75,0.75,18166.00630363131,9824.118861227716,81.83199999621138,2,0.004820515852344072,0.016013735854595704,False
1,9001,FR,performance,0,0,fixed50,0.5,0.5,29935.991048979104,26930.788403191673,54.705999995348975,2,3.310669714727418e-05,0.002045934810951129,False
1,9001,FR,performance,0,0,nsga2,1.0,0.35,29935.0,26424.56788125531,40.58509999595117,2,0.0,0.02080456973040433,False
1,9001,FR,performance,0,0,exhaustive,0.25,0.35,30042.68246869515,26424.56788125531,51.6250999935437,2,0.003597209577255765,0.02080456973040433,False
1,9001,FR,performance,0,0,fixed10,0.1,0.1,30349.329068369017,25056.177605310826,30.71379999164492,2,0.01384095768728971,0.07151198379490009,False
1,9001,FR,performance,0,0,fixed25,0.25,0.25,30042.68246869515,27070.02430380975,40.73499998776242,2,0.003597209577255765,0.003113625724811034,False
1,9001,FR,performance,0,0,fixed75,0.75,0.75,29905.353148419093,26793.21273675271,129.87170000269543,2,0.0009903741967899286,0.007143973291606387,False
1,9001,FR,performance,0,0,adaptive,0.25,0.35,30042.68246869515,26424.56788125531,116.11860000994056,4,0.003597209577255765,0.02080456973040433,False
1,9001,FR,performance,0,0,exact,1.0,1.0,29935.0,26986.0,152.44219999294728,2,0.0,0.0,False
1,9001,DE,performance,0,0,fixed10,0.1,0.1,19957.22459748626,12966.81564788459,12.534000008599833,2,0.007533551973256254,0.10290173070380117,False
1,9001,DE,performance,0,0,fixed75,0.75,0.75,19968.882158455133,11992.273683048246,50.6046999944374,2,0.008122079889697764,0.02001137050678288,False
1,9001,DE,performance,0,0,fixed50,0.5,0.5,19785.281440417224,11838.675460114831,48.49290000856854,2,0.0011469385895989462,0.006946964371423949,False
1,9001,DE,performance,0,0,exhaustive,1.0,0.35,19808.0,12058.765652312793,26.474400001461618,2,0.0,0.025666892261018412,False
1,9001,DE,performance,0,0,adaptive,1.0,0.35,19808.0,12058.765652312793,52.10529999749269,4,0.0,0.025666892261018412,False
1,9001,DE,performance,0,0,nsga2,1.0,0.35,19808.0,12058.765652312793,32.656100011081435,2,0.0,0.025666892261018412,False
1,9001,DE,performance,0,0,fixed25,0.25,0.25,20061.777977564696,12762.502540381174,28.56880000035744,2,0.012811893051529478,0.08552373397815549,False
1,9001,DE,performance,0,0,exact,1.0,1.0,19808.0,11757.0,113.79139999917243,2,0.0,0.0,False
1,9001,ES,performance,0,1,fixed50,0.5,0.5,18082.82699089295,9884.214859170823,39.06779999670107,2,0.009377287668842415,0.009994505291383932,False
1,9001,ES,performance,0,1,nsga2,0.25,0.35,17970.426595809397,10013.52046026517,47.74609999731183,2,0.015534863821113371,0.002956776869508232,False
1,9001,ES,performance,0,1,exhaustive,0.25,0.35,17970.426595809397,10013.52046026517,53.09000000124797,2,0.015534863821113371,0.002956776869508232,False
1,9001,ES,performance,0,1,fixed10,0.1,0.1,17705.43590101502,11406.897975958625,19.45510000223294,2,0.030051720115316188,0.1425178261176508,False
1,9001,ES,performance,0,1,fixed25,0.25,0.25,17970.426595809397,10525.443457010451,18.49709999805782,2,0.015534863821113371,0.05423111548582245,False
1,9001,ES,performance,0,1,fixed75,0.75,0.75,18166.00630363131,9824.118861227716,45.572000002721325,2,0.004820515852344072,0.016013735854595704,False
1,9001,ES,performance,0,1,adaptive,0.25,0.35,17970.426595809397,10013.52046026517,31.998599995858967,2,0.015534863821113371,0.002956776869508232,False
1,9001,ES,performance,0,1,exact,1.0,1.0,18254.0,9984.0,74.27469998947345,2,0.0,0.0,False
1,9001,DE,performance,0,1,nsga2,1.0,0.35,19808.0,12058.765652312793,60.12140000530053,2,0.0,0.025666892261018412,False
1,9001,DE,performance,0,1,exact,1.0,1.0,19808.0,11757.0,94.9382999970112,2,0.0,0.0,False
1,9001,DE,performance,0,1,adaptive,1.0,0.35,19808.0,12058.765652312793,51.26639999798499,2,0.0,0.025666892261018412,False
1,9001,DE,performance,0,1,fixed50,0.5,0.5,19785.281440417224,11838.675460114831,74.8852000106126,2,0.0011469385895989462,0.006946964371423949,False
1,9001,DE,performance,0,1,fixed10,0.1,0.1,19957.22459748626,12966.81564788459,13.417100009974092,2,0.007533551973256254,0.10290173070380117,False
1,9001,DE,performance,0,1,fixed25,0.25,0.25,20061.777977564696,12762.502540381174,27.614499995252118,2,0.012811893051529478,0.08552373397815549,False
1,9001,DE,performance,0,1,exhaustive,1.0,0.35,19808.0,12058.765652312793,33.202199992956594,2,0.0,0.025666892261018412,False
1,9001,DE,performance,0,1,fixed75,0.75,0.75,19968.882158455133,11992.273683048246,61.703100000158884,2,0.008122079889697764,0.02001137050678288,False
1,9001,IT,performance,0,1,fixed10,0.1,0.1,17097.652226303755,9554.495740546541,11.749900004360825,2,0.004208400464216787,0.09834414766600082,False
1,9001,IT,performance,0,1,nsga2,0.25,0.35,17022.72052032946,9260.870229591645,29.12750000541564,2,0.0001926159797097628,0.06459020917250771,False
1,9001,IT,performance,0,1,fixed75,0.75,0.75,17058.696743129763,8740.041450317452,48.93249999440741,2,0.0019204007476661276,0.004717950375612423,False
1,9001,IT,performance,0,1,adaptive,0.25,0.35,17022.72052032946,9260.870229591645,34.29140000662301,2,0.0001926159797097628,0.06459020917250771,False
1,9001,IT,performance,0,1,fixed25,0.25,0.25,17022.72052032946,9350.585089484819,28.513900004327297,2,0.0001926159797097628,0.07490344746348075,False
1,9001,IT,performance,0,1,exact,1.0,1.0,17026.0,8699.0,55.59449999418575,2,0.0,0.0,False
1,9001,IT,performance,0,1,fixed50,0.5,0.5,17142.576002319027,9000.910579398582,59.75919999764301,2,0.006846940110362204,0.03470635468428346,False
1,9001,IT,performance,0,1,exhaustive,0.25,0.35,17022.72052032946,9260.870229591645,26.929500003461726,2,0.0001926159797097628,0.06459020917250771,False
1,9001,NL,performance,0,1,exhaustive,0.35,0.35,14922.107037727397,6446.612845334113,22.057999987737276,2,0.0036651507159379546,0.023388449426736336,False
1,9001,NL,performance,0,1,nsga2,0.35,0.35,14922.107037727397,6446.612845334113,21.478399998159148,2,0.0036651507159379546,0.023388449426736336,False
1,9001,NL,performance,0,1,fixed75,0.75,0.75,14876.057681635735,6451.236442012638,49.23699999926612,2,0.006739822285121506,0.022688010602539346,False
1,9001,NL,performance,0,1,exact,1.0,1.0,14977.0,6601.0,54.102300011436455,2,0.0,0.0,False
1,9001,NL,performance,0,1,adaptive,0.35,0.35,14922.107037727397,6446.612845334113,37.21690000384115,2,0.0036651507159379546,0.023388449426736336,False
1,9001,NL,performance,0,1,fixed25,0.25,0.25,14815.405104021767,6582.425648191551,30.318700009956956,2,0.010789537021982551,0.002813869384706732,False
1,9001,NL,performance,0,1,fixed50,0.5,0.5,14887.974163759854,6498.881262034678,25.236100002075545,2,0.005944170143563164,0.01547019208685381,False
1,9001,NL,performance,0,1,fixed10,0.1,0.1,14746.226861847063,5947.186124217745,10.6000999949174,2,0.015408502246974525,0.09904770122439863,False
1,9001,FR,performance,0,1,exhaustive,0.25,0.35,30042.68246869515,26424.56788125531,35.95220000715926,2,0.003597209577255765,0.02080456973040433,False
1,9001,FR,performance,0,1,fixed75,0.75,0.75,29905.353148419093,26793.21273675271,86.0506000026362,2,0.0009903741967899286,0.007143973291606387,False
1,9001,FR,performance,0,1,fixed10,0.1,0.1,30349.329068369017,25056.177605310826,30.777799998759292,2,0.01384095768728971,0.07151198379490009,False
1,9001,FR,performance,0,1,fixed25,0.25,0.25,30042.68246869515,27070.02430380975,43.02589999861084,2,0.003597209577255765,0.003113625724811034,False
1,9001,FR,performance,0,1,exact,1.0,1.0,29935.0,26986.0,104.57209999731276,2,0.0,0.0,False
1,9001,FR,performance,0,1,nsga2,1.0,0.35,29935.0,26424.56788125531,59.996900003170595,2,0.0,0.02080456973040433,False
1,9001,FR,performance,0,1,fixed50,0.5,0.5,29935.991048979104,26930.788403191673,95.32320000289474,2,3.310669714727418e-05,0.002045934810951129,False
1,9001,FR,performance,0,1,adaptive,0.25,0.35,30042.68246869515,26424.56788125531,59.08529998851009,2,0.003597209577255765,0.02080456973040433,False
1,9001,FR,performance,0,2,fixed10,0.1,0.1,30349.329068369017,25056.177605310826,16.639800000120886,2,0.01384095768728971,0.07151198379490009,False
1,9001,FR,performance,0,2,nsga2,1.0,0.35,29935.0,26424.56788125531,51.47669999860227,2,0.0,0.02080456973040433,False
1,9001,FR,performance,0,2,fixed75,0.75,0.75,29905.353148419093,26793.21273675271,142.67190000100527,2,0.0009903741967899286,0.007143973291606387,False
1,9001,FR,performance,0,2,adaptive,0.25,0.35,30042.68246869515,26424.56788125531,34.92239999468438,2,0.003597209577255765,0.02080456973040433,False
1,9001,FR,performance,0,2,fixed25,0.25,0.25,30042.68246869515,27070.02430380975,31.587300007231534,2,0.003597209577255765,0.003113625724811034,False
1,9001,FR,performance,0,2,exact,1.0,1.0,29935.0,26986.0,104.21479999786243,2,0.0,0.0,False
1,9001,FR,performance,0,2,fixed50,0.5,0.5,29935.991048979104,26930.788403191673,97.58329999749549,2,3.310669714727418e-05,0.002045934810951129,False
1,9001,FR,performance,0,2,exhaustive,0.25,0.35,30042.68246869515,26424.56788125531,99.5281000068644,2,0.003597209577255765,0.02080456973040433,False
1,9001,ES,performance,0,2,exhaustive,0.25,0.35,17970.426595809397,10013.52046026517,65.76480000512674,2,0.015534863821113371,0.002956776869508232,False
1,9001,ES,performance,0,2,fixed75,0.75,0.75,18166.00630363131,9824.118861227716,118.60329999763053,2,0.004820515852344072,0.016013735854595704,False
1,9001,ES,performance,0,2,fixed10,0.1,0.1,17705.43590101502,11406.897975958625,20.109000004595146,2,0.030051720115316188,0.1425178261176508,False
1,9001,ES,performance,0,2,fixed25,0.25,0.25,17970.426595809397,10525.443457010451,24.60109999810811,2,0.015534863821113371,0.05423111548582245,False
1,9001,ES,performance,0,2,exact,1.0,1.0,18254.0,9984.0,54.45039999904111,2,0.0,0.0,False
1,9001,ES,performance,0,2,nsga2,0.25,0.35,17970.426595809397,10013.52046026517,26.617200011969544,2,0.015534863821113371,0.002956776869508232,False
1,9001,ES,performance,0,2,fixed50,0.5,0.5,18082.82699089295,9884.214859170823,46.419299993431196,2,0.009377287668842415,0.009994505291383932,False
1,9001,ES,performance,0,2,adaptive,0.25,0.35,17970.426595809397,10013.52046026517,60.50389999290928,2,0.015534863821113371,0.002956776869508232,False
1,9001,IT,performance,0,2,exhaustive,0.25,0.35,17022.72052032946,9260.870229591645,39.25139999773819,2,0.0001926159797097628,0.06459020917250771,False
1,9001,IT,performance,0,2,nsga2,0.25,0.35,17022.72052032946,9260.870229591645,33.38700000313111,2,0.0001926159797097628,0.06459020917250771,False
1,9001,IT,performance,0,2,fixed75,0.75,0.75,17058.696743129763,8740.041450317452,56.99060000188183,2,0.0019204007476661276,0.004717950375612423,False
1,9001,IT,performance,0,2,exact,1.0,1.0,17026.0,8699.0,52.920100002666004,2,0.0,0.0,False
1,9001,IT,performance,0,2,adaptive,0.25,0.35,17022.72052032946,9260.870229591645,28.05179999268148,2,0.0001926159797097628,0.06459020917250771,False
1,9001,IT,performance,0,2,fixed25,0.25,0.25,17022.72052032946,9350.585089484819,36.8705000000773,2,0.0001926159797097628,0.07490344746348075,False
1,9001,IT,performance,0,2,fixed50,0.5,0.5,17142.576002319027,9000.910579398582,47.79969999799505,2,0.006846940110362204,0.03470635468428346,False
1,9001,IT,performance,0,2,fixed10,0.1,0.1,17097.652226303755,9554.495740546541,19.855200007441454,2,0.004208400464216787,0.09834414766600082,False
1,9001,DE,performance,0,2,fixed50,0.5,0.5,19785.281440417224,11838.675460114831,43.24339999584481,2,0.0011469385895989462,0.006946964371423949,False
1,9001,DE,performance,0,2,nsga2,1.0,0.35,19808.0,12058.765652312793,27.561099996091798,2,0.0,0.025666892261018412,False
1,9001,DE,performance,0,2,exhaustive,1.0,0.35,19808.0,12058.765652312793,36.12629999406636,2,0.0,0.025666892261018412,False
1,9001,DE,performance,0,2,fixed10,0.1,0.1,19957.22459748626,12966.81564788459,12.63670000480488,2,0.007533551973256254,0.10290173070380117,False
1,9001,DE,performance,0,2,fixed25,0.25,0.25,20061.777977564696,12762.502540381174,19.590900003095157,2,0.012811893051529478,0.08552373397815549,False
1,9001,DE,performance,0,2,fixed75,0.75,0.75,19968.882158455133,11992.273683048246,50.66459999943618,2,0.008122079889697764,0.02001137050678288,False
1,9001,DE,performance,0,2,adaptive,1.0,0.35,19808.0,12058.765652312793,57.0752000057837,2,0.0,0.025666892261018412,False
1,9001,DE,performance,0,2,exact,1.0,1.0,19808.0,11757.0,103.92729999148287,2,0.0,0.0,False
1,9001,NL,performance,0,2,adaptive,0.35,0.35,14922.107037727397,6446.612845334113,49.483900002087466,2,0.0036651507159379546,0.023388449426736336,False
1,9001,NL,performance,0,2,fixed50,0.5,0.5,14887.974163759854,6498.881262034678,41.29350000584964,2,0.005944170143563164,0.01547019208685381,False
1,9001,NL,performance,0,2,fixed25,0.25,0.25,14815.405104021767,6582.425648191551,23.454099995433353,2,0.010789537021982551,0.002813869384706732,False
1,9001,NL,performance,0,2,fixed75,0.75,0.75,14876.057681635735,6451.236442012638,38.47539999696892,2,0.006739822285121506,0.022688010602539346,False
1,9001,NL,performance,0,2,fixed10,0.1,0.1,14746.226861847063,5947.186124217745,11.288499998045154,2,0.015408502246974525,0.09904770122439863,False
1,9001,NL,performance,0,2,exact,1.0,1.0,14977.0,6601.0,44.576299987966195,2,0.0,0.0,False
1,9001,NL,performance,0,2,nsga2,0.35,0.35,14922.107037727397,6446.612845334113,32.53299999050796,2,0.0036651507159379546,0.023388449426736336,False
1,9001,NL,performance,0,2,exhaustive,0.35,0.35,14922.107037727397,6446.612845334113,53.18740000075195,2,0.0036651507159379546,0.023388449426736336,False
1,9001,IT,balanced,1,0,nsga2,1.0,0.75,17026.0,8740.041450317452,86.82240000052843,2,0.0,0.004717950375612423,False
1,9001,IT,balanced,1,0,fixed50,0.5,0.5,17142.576002319027,9000.910579398582,36.94489999907091,2,0.006846940110362204,0.03470635468428346,False
1,9001,IT,balanced,1,0,fixed25,0.25,0.25,17022.72052032946,9350.585089484819,21.96830000320915,2,0.0001926159797097628,0.07490344746348075,True
1,9001,IT,balanced,1,0,adaptive,1.0,0.75,17026.0,8740.041450317452,41.50219999428373,2,0.0,0.004717950375612423,False
1,9001,IT,balanced,1,0,fixed75,0.75,0.75,17058.696743129763,8740.041450317452,49.48969998804387,2,0.0019204007476661276,0.004717950375612423,False
1,9001,IT,balanced,1,0,exact,1.0,1.0,17026.0,8699.0,67.91300000622869,2,0.0,0.0,False
1,9001,IT,balanced,1,0,exhaustive,1.0,0.75,17026.0,8740.041450317452,85.73189999151509,2,0.0,0.004717950375612423,False
1,9001,IT,balanced,1,0,fixed10,0.1,0.1,17097.652226303755,9554.495740546541,26.238200007355772,2,0.004208400464216787,0.09834414766600082,True
1,9001,FR,balanced,1,0,fixed75,0.75,0.75,29905.353148419093,26793.21273675271,113.46979999507312,2,0.0009903741967899286,0.007143973291606387,False
1,9001,FR,balanced,1,0,nsga2,1.0,0.75,29935.0,26793.21273675271,77.24189999862574,2,0.0,0.007143973291606387,False
1,9001,FR,balanced,1,0,adaptive,1.0,0.75,29935.0,26793.21273675271,82.58660000865348,2,0.0,0.007143973291606387,False
1,9001,FR,balanced,1,0,fixed25,0.25,0.25,30042.68246869515,27070.02430380975,41.04939999524504,2,0.003597209577255765,0.003113625724811034,False
1,9001,FR,balanced,1,0,exhaustive,1.0,0.75,29935.0,26793.21273675271,102.09709999617189,2,0.0,0.007143973291606387,False
1,9001,FR,balanced,1,0,fixed10,0.1,0.1,30349.329068369017,25056.177605310826,60.52159999671858,2,0.01384095768728971,0.07151198379490009,True
1,9001,FR,balanced,1,0,fixed50,0.5,0.5,29935.991048979104,26930.788403191673,88.19450000009965,2,3.310669714727418e-05,0.002045934810951129,False
1,9001,FR,balanced,1,0,exact,1.0,1.0,29935.0,26986.0,179.51479999464937,2,0.0,0.0,False
1,9001,NL,balanced,1,0,fixed10,0.1,0.1,14746.226861847063,5947.186124217745,22.370299993781373,2,0.015408502246974525,0.09904770122439863,True
1,9001,NL,balanced,1,0,nsga2,1.0,0.75,14977.0,6451.236442012638,65.31140000151936,2,0.0,0.022688010602539346,False
1,9001,NL,balanced,1,0,adaptive,1.0,0.75,14977.0,6451.236442012638,39.03270000591874,2,0.0,0.022688010602539346,False
1,9001,NL,balanced,1,0,exhaustive,1.0,0.75,14977.0,6451.236442012638,33.18040000158362,2,0.0,0.022688010602539346,False
1,9001,NL,balanced,1,0,fixed75,0.75,0.75,14876.057681635735,6451.236442012638,53.61060000723228,2,0.006739822285121506,0.022688010602539346,False
1,9001,NL,balanced,1,0,exact,1.0,1.0,14977.0,6601.0,83.47589999902993,2,0.0,0.0,False
1,9001,NL,balanced,1,0,fixed25,0.25,0.25,14815.405104021767,6582.425648191551,23.52729999984149,2,0.010789537021982551,0.002813869384706732,False
1,9001,NL,balanced,1,0,fixed50,0.5,0.5,14887.974163759854,6498.881262034678,33.09339999395888,2,0.005944170143563164,0.01547019208685381,False
1,9001,ES,balanced,1,0,fixed25,0.25,0.25,17970.426595809397,10525.443457010451,26.775799997267313,2,0.015534863821113371,0.05423111548582245,True
1,9001,ES,balanced,1,0,fixed50,0.5,0.5,18082.82699089295,9884.214859170823,41.751400000066496,2,0.009377287668842415,0.009994505291383932,False
1,9001,ES,balanced,1,0,exact,1.0,1.0,18254.0,9984.0,42.44389999075793,2,0.0,0.0,False
1,9001,ES,balanced,1,0,exhaustive,1.0,0.75,18254.0,9824.118861227716,60.65290000697132,2,0.0,0.016013735854595704,False
1,9001,ES,balanced,1,0,adaptive,1.0,0.75,18254.0,9824.118861227716,71.76350000372622,2,0.0,0.016013735854595704,False
1,9001,ES,balanced,1,0,nsga2,1.0,0.75,18254.0,9824.118861227716,67.23349999811035,2,0.0,0.016013735854595704,False
1,9001,ES,balanced,1,0,fixed10,0.1,0.1,17705.43590101502,11406.897975958625,17.121500000939704,2,0.030051720115316188,0.1425178261176508,True
1,9001,ES,balanced,1,0,fixed75,0.75,0.75,18166.00630363131,9824.118861227716,54.52760000480339,2,0.004820515852344072,0.016013735854595704,False
1,9001,DE,balanced,1,0,adaptive,1.0,0.75,19808.0,11992.273683048246,69.72290000703651,2,0.0,0.02001137050678288,False
1,9001,DE,balanced,1,0,fixed50,0.5,0.5,19785.281440417224,11838.675460114831,38.921100000152364,2,0.0011469385895989462,0.006946964371423949,False
1,9001,DE,balanced,1,0,fixed25,0.25,0.25,20061.777977564696,12762.502540381174,25.21189999242779,2,0.012811893051529478,0.08552373397815549,True
1,9001,DE,balanced,1,0,fixed75,0.75,0.75,19968.882158455133,11992.273683048246,60.18640000547748,2,0.008122079889697764,0.02001137050678288,False
1,9001,DE,balanced,1,0,exhaustive,1.0,0.75,19808.0,11992.273683048246,56.8453000014415,2,0.0,0.02001137050678288,False
1,9001,DE,balanced,1,0,fixed10,0.1,0.1,19957.22459748626,12966.81564788459,13.803400011966005,2,0.007533551973256254,0.10290173070380117,True
1,9001,DE,balanced,1,0,nsga2,1.0,0.75,19808.0,11992.273683048246,57.824100003927015,2,0.0,0.02001137050678288,False
1,9001,DE,balanced,1,0,exact,1.0,1.0,19808.0,11757.0,60.18200000107754,2,0.0,0.0,False
1,9001,IT,balanced,1,1,fixed10,0.1,0.1,17097.652226303755,9554.495740546541,13.779500004602596,2,0.004208400464216787,0.09834414766600082,True
1,9001,IT,balanced,1,1,nsga2,1.0,0.75,17026.0,8740.041450317452,48.215800008620135,2,0.0,0.004717950375612423,False
1,9001,IT,balanced,1,1,adaptive,1.0,0.75,17026.0,8740.041450317452,43.44350000610575,2,0.0,0.004717950375612423,False
1,9001,IT,balanced,1,1,exhaustive,1.0,0.75,17026.0,8740.041450317452,42.09600000467617,2,0.0,0.004717950375612423,False
1,9001,IT,balanced,1,1,fixed75,0.75,0.75,17058.696743129763,8740.041450317452,42.91410000587348,2,0.0019204007476661276,0.004717950375612423,False
1,9001,IT,balanced,1,1,exact,1.0,1.0,17026.0,8699.0,63.61080000351649,2,0.0,0.0,False
1,9001,IT,balanced,1,1,fixed25,0.25,0.25,17022.72052032946,9350.585089484819,30.480700006592087,2,0.0001926159797097628,0.07490344746348075,True
1,9001,IT,balanced,1,1,fixed50,0.5,0.5,17142.576002319027,9000.910579398582,63.91710000752937,2,0.006846940110362204,0.03470635468428346,False
1,9001,NL,balanced,1,1,fixed25,0.25,0.25,14815.405104021767,6582.425648191551,34.57220000564121,2,0.010789537021982551,0.002813869384706732,False
1,9001,NL,balanced,1,1,nsga2,1.0,0.75,14977.0,6451.236442012638,58.84399999922607,2,0.0,0.022688010602539346,False
1,9001,NL,balanced,1,1,fixed10,0.1,0.1,14746.226861847063,5947.186124217745,23.123699997086078,2,0.015408502246974525,0.09904770122439863,True
1,9001,NL,balanced,1,1,adaptive,1.0,0.75,14977.0,6451.236442012638,79.98670000233687,2,0.0,0.022688010602539346,False
1,9001,NL,balanced,1,1,exhaustive,1.0,0.75,14977.0,6451.236442012638,43.622899989713915,2,0.0,0.022688010602539346,False
1,9001,NL,balanced,1,1,fixed75,0.75,0.75,14876.057681635735,6451.236442012638,59.704799990868196,2,0.006739822285121506,0.022688010602539346,False
1,9001,NL,balanced,1,1,exact,1.0,1.0,14977.0,6601.0,60.49469999561552,2,0.0,0.0,False
1,9001,NL,balanced,1,1,fixed50,0.5,0.5,14887.974163759854,6498.881262034678,33.46250001050066,2,0.005944170143563164,0.01547019208685381,False
1,9001,DE,balanced,1,1,fixed25,0.25,0.25,20061.777977564696,12762.502540381174,45.9673000004841,2,0.012811893051529478,0.08552373397815549,True
1,9001,DE,balanced,1,1,fixed50,0.5,0.5,19785.281440417224,11838.675460114831,72.91729999997187,2,0.0011469385895989462,0.006946964371423949,False
1,9001,DE,balanced,1,1,exact,1.0,1.0,19808.0,11757.0,120.64269999973476,2,0.0,0.0,False
1,9001,DE,balanced,1,1,exhaustive,1.0,0.75,19808.0,11992.273683048246,100.70080000150483,2,0.0,0.02001137050678288,False
1,9001,DE,balanced,1,1,adaptive,1.0,0.75,19808.0,11992.273683048246,87.5716000009561,2,0.0,0.02001137050678288,False
1,9001,DE,balanced,1,1,nsga2,1.0,0.75,19808.0,11992.273683048246,80.37160000822041,2,0.0,0.02001137050678288,False
1,9001,DE,balanced,1,1,fixed10,0.1,0.1,19957.22459748626,12966.81564788459,24.609900006907992,2,0.007533551973256254,0.10290173070380117,True
1,9001,DE,balanced,1,1,fixed75,0.75,0.75,19968.882158455133,11992.273683048246,137.0154000032926,2,0.008122079889697764,0.02001137050678288,False
1,9001,ES,balanced,1,1,fixed75,0.75,0.75,18166.00630363131,9824.118861227716,102.80110000167042,2,0.004820515852344072,0.016013735854595704,False
1,9001,ES,balanced,1,1,nsga2,1.0,0.75,18254.0,9824.118861227716,84.62069999950472,2,0.0,0.016013735854595704,False
1,9001,ES,balanced,1,1,adaptive,1.0,0.75,18254.0,9824.118861227716,68.06000000506174,2,0.0,0.016013735854595704,False
1,9001,ES,balanced,1,1,fixed25,0.25,0.25,17970.426595809397,10525.443457010451,42.777599999681115,2,0.015534863821113371,0.05423111548582245,True
1,9001,ES,balanced,1,1,exhaustive,1.0,0.75,18254.0,9824.118861227716,67.59459999739192,2,0.0,0.016013735854595704,False
1,9001,ES,balanced,1,1,fixed10,0.1,0.1,17705.43590101502,11406.897975958625,15.80130000365898,2,0.030051720115316188,0.1425178261176508,True
1,9001,ES,balanced,1,1,fixed50,0.5,0.5,18082.82699089295,9884.214859170823,53.507400007219985,2,0.009377287668842415,0.009994505291383932,False
1,9001,ES,balanced,1,1,exact,1.0,1.0,18254.0,9984.0,91.48049999203067,2,0.0,0.0,False
1,9001,FR,balanced,1,1,nsga2,1.0,0.75,29935.0,26793.21273675271,107.23150000558235,2,0.0,0.007143973291606387,False
1,9001,FR,balanced,1,1,fixed50,0.5,0.5,29935.991048979104,26930.788403191673,129.32369999180082,2,3.310669714727418e-05,0.002045934810951129,False
1,9001,FR,balanced,1,1,fixed25,0.25,0.25,30042.68246869515,27070.02430380975,59.00209999526851,2,0.003597209577255765,0.003113625724811034,False
1,9001,FR,balanced,1,1,adaptive,1.0,0.75,29935.0,26793.21273675271,125.20510000467766,2,0.0,0.007143973291606387,False
1,9001,FR,balanced,1,1,fixed75,0.75,0.75,29905.353148419093,26793.21273675271,80.52509999834001,2,0.0009903741967899286,0.007143973291606387,False
1,9001,FR,balanced,1,1,exact,1.0,1.0,29935.0,26986.0,107.24040000059176,2,0.0,0.0,False
1,9001,FR,balanced,1,1,exhaustive,1.0,0.75,29935.0,26793.21273675271,111.29030000302009,2,0.0,0.007143973291606387,False
1,9001,FR,balanced,1,1,fixed10,0.1,0.1,30349.329068369017,25056.177605310826,32.99120000156108,2,0.01384095768728971,0.07151198379490009,True
1,9001,ES,balanced,1,2,nsga2,1.0,0.75,18254.0,9824.118861227716,59.41829999210313,2,0.0,0.016013735854595704,False
1,9001,ES,balanced,1,2,fixed50,0.5,0.5,18082.82699089295,9884.214859170823,35.613300002296455,2,0.009377287668842415,0.009994505291383932,False
1,9001,ES,balanced,1,2,fixed25,0.25,0.25,17970.426595809397,10525.443457010451,20.988199990824796,2,0.015534863821113371,0.05423111548582245,True
1,9001,ES,balanced,1,2,adaptive,1.0,0.75,18254.0,9824.118861227716,57.63630000001285,2,0.0,0.016013735854595704,False
1,9001,ES,balanced,1,2,fixed75,0.75,0.75,18166.00630363131,9824.118861227716,62.0513000030769,2,0.004820515852344072,0.016013735854595704,False
1,9001,ES,balanced,1,2,exact,1.0,1.0,18254.0,9984.0,98.15879999950994,2,0.0,0.0,False
1,9001,ES,balanced,1,2,exhaustive,1.0,0.75,18254.0,9824.118861227716,83.30149999528658,2,0.0,0.016013735854595704,False
1,9001,ES,balanced,1,2,fixed10,0.1,0.1,17705.43590101502,11406.897975958625,27.082600005087443,2,0.030051720115316188,0.1425178261176508,True
1,9001,FR,balanced,1,2,fixed10,0.1,0.1,30349.329068369017,25056.177605310826,37.364800009527244,2,0.01384095768728971,0.07151198379490009,True
1,9001,FR,balanced,1,2,nsga2,1.0,0.75,29935.0,26793.21273675271,127.21869999950286,2,0.0,0.007143973291606387,False
1,9001,FR,balanced,1,2,adaptive,1.0,0.75,29935.0,26793.21273675271,127.20299999637064,2,0.0,0.007143973291606387,False
1,9001,FR,balanced,1,2,exhaustive,1.0,0.75,29935.0,26793.21273675271,106.14769998937845,2,0.0,0.007143973291606387,False
1,9001,FR,balanced,1,2,fixed75,0.75,0.75,29905.353148419093,26793.21273675271,146.7142000037711,2,0.0009903741967899286,0.007143973291606387,False
1,9001,FR,balanced,1,2,exact,1.0,1.0,29935.0,26986.0,98.45200000563636,2,0.0,0.0,False
1,9001,FR,balanced,1,2,fixed25,0.25,0.25,30042.68246869515,27070.02430380975,30.386700003873557,2,0.003597209577255765,0.003113625724811034,False
1,9001,FR,balanced,1,2,fixed50,0.5,0.5,29935.991048979104,26930.788403191673,75.66180000139866,2,3.310669714727418e-05,0.002045934810951129,False
1,9001,NL,balanced,1,2,nsga2,1.0,0.75,14977.0,6451.236442012638,45.68309999012854,2,0.0,0.022688010602539346,False
1,9001,NL,balanced,1,2,fixed75,0.75,0.75,14876.057681635735,6451.236442012638,46.44590000680182,2,0.006739822285121506,0.022688010602539346,False
1,9001,NL,balanced,1,2,fixed25,0.25,0.25,14815.405104021767,6582.425648191551,25.043000001460314,2,0.010789537021982551,0.002813869384706732,False
1,9001,NL,balanced,1,2,exhaustive,1.0,0.75,14977.0,6451.236442012638,54.44409999472555,2,0.0,0.022688010602539346,False
1,9001,NL,balanced,1,2,adaptive,1.0,0.75,14977.0,6451.236442012638,46.16199999873061,2,0.0,0.022688010602539346,False
1,9001,NL,balanced,1,2,fixed50,0.5,0.5,14887.974163759854,6498.881262034678,24.69540000311099,2,0.005944170143563164,0.01547019208685381,False
1,9001,NL,balanced,1,2,exact,1.0,1.0,14977.0,6601.0,37.36159999971278,2,0.0,0.0,False
1,9001,NL,balanced,1,2,fixed10,0.1,0.1,14746.226861847063,5947.186124217745,11.799800005974248,2,0.015408502246974525,0.09904770122439863,True
1,9001,IT,balanced,1,2,fixed25,0.25,0.25,17022.72052032946,9350.585089484819,20.223500003339723,2,0.0001926159797097628,0.07490344746348075,True
1,9001,IT,balanced,1,2,nsga2,1.0,0.75,17026.0,8740.041450317452,49.414399996749125,2,0.0,0.004717950375612423,False
1,9001,IT,balanced,1,2,fixed10,0.1,0.1,17097.652226303755,9554.495740546541,12.210200002300553,2,0.004208400464216787,0.09834414766600082,True
1,9001,IT,balanced,1,2,adaptive,1.0,0.75,17026.0,8740.041450317452,44.35679999005515,2,0.0,0.004717950375612423,False
1,9001,IT,balanced,1,2,exhaustive,1.0,0.75,17026.0,8740.041450317452,52.812400012044236,2,0.0,0.004717950375612423,False
1,9001,IT,balanced,1,2,fixed75,0.75,0.75,17058.696743129763,8740.041450317452,53.92530000244733,2,0.0019204007476661276,0.004717950375612423,False
1,9001,IT,balanced,1,2,exact,1.0,1.0,17026.0,8699.0,54.482999999891035,2,0.0,0.0,False
1,9001,IT,balanced,1,2,fixed50,0.5,0.5,17142.576002319027,9000.910579398582,36.45840000535827,2,0.006846940110362204,0.03470635468428346,False
1,9001,DE,balanced,1,2,fixed75,0.75,0.75,19968.882158455133,11992.273683048246,74.39680000243243,2,0.008122079889697764,0.02001137050678288,False
1,9001,DE,balanced,1,2,nsga2,1.0,0.75,19808.0,11992.273683048246,59.80600000475533,2,0.0,0.02001137050678288,False
1,9001,DE,balanced,1,2,adaptive,1.0,0.75,19808.0,11992.273683048246,71.69509999221191,2,0.0,0.02001137050678288,False
1,9001,DE,balanced,1,2,fixed25,0.25,0.25,20061.777977564696,12762.502540381174,20.180500010610558,2,0.012811893051529478,0.08552373397815549,True
1,9001,DE,balanced,1,2,exhaustive,1.0,0.75,19808.0,11992.273683048246,68.18360000033863,2,0.0,0.02001137050678288,False
1,9001,DE,balanced,1,2,fixed10,0.1,0.1,19957.22459748626,12966.81564788459,15.786099989782088,2,0.007533551973256254,0.10290173070380117,True
1,9001,DE,balanced,1,2,fixed50,0.5,0.5,19785.281440417224,11838.675460114831,48.50530000112485,2,0.0011469385895989462,0.006946964371423949,False
1,9001,DE,balanced,1,2,exact,1.0,1.0,19808.0,11757.0,122.90299999585841,2,0.0,0.0,False
1,9001,ES,quality,2,0,fixed10,0.1,0.1,17705.43590101502,11406.897975958625,14.625900003011338,2,0.030051720115316188,0.1425178261176508,True
1,9001,ES,quality,2,0,nsga2,1.0,1.0,18254.0,9984.0,69.78159998834599,2,0.0,0.0,False
1,9001,ES,quality,2,0,fixed75,0.75,0.75,18166.00630363131,9824.118861227716,51.94859999755863,2,0.004820515852344072,0.016013735854595704,False
1,9001,ES,quality,2,0,fixed25,0.25,0.25,17970.426595809397,10525.443457010451,21.040999999968335,2,0.015534863821113371,0.05423111548582245,True
1,9001,ES,quality,2,0,exhaustive,1.0,1.0,18254.0,9984.0,47.58799998671748,2,0.0,0.0,False
1,9001,ES,quality,2,0,exact,1.0,1.0,18254.0,9984.0,49.292900002910756,2,0.0,0.0,False
1,9001,ES,quality,2,0,adaptive,1.0,1.0,18254.0,9984.0,58.14160000591073,2,0.0,0.0,False
1,9001,ES,quality,2,0,fixed50,0.5,0.5,18082.82699089295,9884.214859170823,55.85350000183098,2,0.009377287668842415,0.009994505291383932,False
1,9001,DE,quality,2,0,fixed10,0.1,0.1,19957.22459748626,12966.81564788459,26.59249999851454,2,0.007533551973256254,0.10290173070380117,True
1,9001,DE,quality,2,0,adaptive,1.0,1.0,19808.0,11757.0,110.85620000085328,2,0.0,0.0,False
1,9001,DE,quality,2,0,fixed25,0.25,0.25,20061.777977564696,12762.502540381174,25.919499996234663,2,0.012811893051529478,0.08552373397815549,True
1,9001,DE,quality,2,0,exact,1.0,1.0,19808.0,11757.0,61.78070000896696,2,0.0,0.0,False
1,9001,DE,quality,2,0,fixed50,0.5,0.5,19785.281440417224,11838.675460114831,59.33000000368338,2,0.0011469385895989462,0.006946964371423949,False
1,9001,DE,quality,2,0,nsga2,1.0,1.0,19808.0,11757.0,117.36929998733103,2,0.0,0.0,False
1,9001,DE,quality,2,0,exhaustive,1.0,1.0,19808.0,11757.0,102.78010000183713,2,0.0,0.0,False
1,9001,DE,quality,2,0,fixed75,0.75,0.75,19968.882158455133,11992.273683048246,59.03000000398606,2,0.008122079889697764,0.02001137050678288,True
1,9001,NL,quality,2,0,fixed75,0.75,0.75,14876.057681635735,6451.236442012638,39.10899999027606,2,0.006739822285121506,0.022688010602539346,True
1,9001,NL,quality,2,0,exhaustive,1.0,1.0,14977.0,6601.0,36.51410000748001,2,0.0,0.0,False
1,9001,NL,quality,2,0,adaptive,1.0,1.0,14977.0,6601.0,37.25610001129098,2,0.0,0.0,False
1,9001,NL,quality,2,0,exact,1.0,1.0,14977.0,6601.0,44.45010000199545,2,0.0,0.0,False
1,9001,NL,quality,2,0,fixed50,0.5,0.5,14887.974163759854,6498.881262034678,26.681100003770553,2,0.005944170143563164,0.01547019208685381,False
1,9001,NL,quality,2,0,fixed25,0.25,0.25,14815.405104021767,6582.425648191551,28.785000002244487,2,0.010789537021982551,0.002813869384706732,True
1,9001,NL,quality,2,0,fixed10,0.1,0.1,14746.226861847063,5947.186124217745,16.386000002967194,2,0.015408502246974525,0.09904770122439863,True
1,9001,NL,quality,2,0,nsga2,1.0,1.0,14977.0,6601.0,80.82610000565182,2,0.0,0.0,False
1,9001,IT,quality,2,0,adaptive,1.0,1.0,17026.0,8699.0,51.38599999190774,2,0.0,0.0,False
1,9001,IT,quality,2,0,fixed25,0.25,0.25,17022.72052032946,9350.585089484819,22.831199996289797,2,0.0001926159797097628,0.07490344746348075,True
1,9001,IT,quality,2,0,fixed10,0.1,0.1,17097.652226303755,9554.495740546541,16.493099989020266,2,0.004208400464216787,0.09834414766600082,True
1,9001,IT,quality,2,0,exhaustive,1.0,1.0,17026.0,8699.0,69.76940001186449,2,0.0,0.0,False
1,9001,IT,quality,2,0,fixed75,0.75,0.75,17058.696743129763,8740.041450317452,64.96170000173151,2,0.0019204007476661276,0.004717950375612423,False
1,9001,IT,quality,2,0,fixed50,0.5,0.5,17142.576002319027,9000.910579398582,51.94360000314191,2,0.006846940110362204,0.03470635468428346,True
1,9001,IT,quality,2,0,nsga2,1.0,1.0,17026.0,8699.0,48.24360000202432,2,0.0,0.0,False
1,9001,IT,quality,2,0,exact,1.0,1.0,17026.0,8699.0,90.7835999969393,2,0.0,0.0,False
1,9001,FR,quality,2,0,adaptive,1.0,1.0,29935.0,26986.0,144.6321999974316,2,0.0,0.0,False
1,9001,FR,quality,2,0,fixed10,0.1,0.1,30349.329068369017,25056.177605310826,22.57879999524448,2,0.01384095768728971,0.07151198379490009,True
1,9001,FR,quality,2,0,exact,1.0,1.0,29935.0,26986.0,97.29730000253767,2,0.0,0.0,False
1,9001,FR,quality,2,0,nsga2,1.0,1.0,29935.0,26986.0,152.670900002704,2,0.0,0.0,False
1,9001,FR,quality,2,0,exhaustive,1.0,1.0,29935.0,26986.0,129.97470000118483,2,0.0,0.0,False
1,9001,FR,quality,2,0,fixed50,0.5,0.5,29935.991048979104,26930.788403191673,101.2161999969976,2,3.310669714727418e-05,0.002045934810951129,False
1,9001,FR,quality,2,0,fixed75,0.75,0.75,29905.353148419093,26793.21273675271,155.81750001001637,2,0.0009903741967899286,0.007143973291606387,False
1,9001,FR,quality,2,0,fixed25,0.25,0.25,30042.68246869515,27070.02430380975,51.93689999578055,2,0.003597209577255765,0.003113625724811034,False
1,9001,NL,quality,2,1,exact,1.0,1.0,14977.0,6601.0,52.32180000166409,2,0.0,0.0,False
1,9001,NL,quality,2,1,nsga2,1.0,1.0,14977.0,6601.0,72.5423999974737,2,0.0,0.0,False
1,9001,NL,quality,2,1,fixed10,0.1,0.1,14746.226861847063,5947.186124217745,23.471199994673952,2,0.015408502246974525,0.09904770122439863,True
1,9001,NL,quality,2,1,exhaustive,1.0,1.0,14977.0,6601.0,59.78589999722317,2,0.0,0.0,False
1,9001,NL,quality,2,1,fixed25,0.25,0.25,14815.405104021767,6582.425648191551,16.746100009186193,2,0.010789537021982551,0.002813869384706732,True
1,9001,NL,quality,2,1,fixed50,0.5,0.5,14887.974163759854,6498.881262034678,44.46769999049138,2,0.005944170143563164,0.01547019208685381,False
1,9001,NL,quality,2,1,fixed75,0.75,0.75,14876.057681635735,6451.236442012638,50.57229999511037,2,0.006739822285121506,0.022688010602539346,True
1,9001,NL,quality,2,1,adaptive,1.0,1.0,14977.0,6601.0,42.24949999479577,2,0.0,0.0,False
1,9001,FR,quality,2,1,adaptive,1.0,1.0,29935.0,26986.0,143.66919999883976,2,0.0,0.0,False
1,9001,FR,quality,2,1,fixed25,0.25,0.25,30042.68246869515,27070.02430380975,57.18879999767523,2,0.003597209577255765,0.003113625724811034,False
1,9001,FR,quality,2,1,fixed10,0.1,0.1,30349.329068369017,25056.177605310826,34.09020000253804,2,0.01384095768728971,0.07151198379490009,True
1,9001,FR,quality,2,1,exhaustive,1.0,1.0,29935.0,26986.0,159.05729999940377,2,0.0,0.0,False
1,9001,FR,quality,2,1,fixed75,0.75,0.75,29905.353148419093,26793.21273675271,113.26379999809433,2,0.0009903741967899286,0.007143973291606387,False
1,9001,FR,quality,2,1,fixed50,0.5,0.5,29935.991048979104,26930.788403191673,53.42969999765046,2,3.310669714727418e-05,0.002045934810951129,False
1,9001,FR,quality,2,1,nsga2,1.0,1.0,29935.0,26986.0,100.98879999713972,2,0.0,0.0,False
1,9001,FR,quality,2,1,exact,1.0,1.0,29935.0,26986.0,132.3658999899635,2,0.0,0.0,False
1,9001,DE,quality,2,1,fixed10,0.1,0.1,19957.22459748626,12966.81564788459,31.972600001608953,2,0.007533551973256254,0.10290173070380117,True
1,9001,DE,quality,2,1,nsga2,1.0,1.0,19808.0,11757.0,75.51640000019688,2,0.0,0.0,False
1,9001,DE,quality,2,1,fixed75,0.75,0.75,19968.882158455133,11992.273683048246,84.27030000893865,2,0.008122079889697764,0.02001137050678288,True
1,9001,DE,quality,2,1,fixed25,0.25,0.25,20061.777977564696,12762.502540381174,42.0150999998441,2,0.012811893051529478,0.08552373397815549,True
1,9001,DE,quality,2,1,exhaustive,1.0,1.0,19808.0,11757.0,67.2162999981083,2,0.0,0.0,False
1,9001,DE,quality,2,1,exact,1.0,1.0,19808.0,11757.0,83.341500008828,2,0.0,0.0,False
1,9001,DE,quality,2,1,adaptive,1.0,1.0,19808.0,11757.0,110.91360000136774,2,0.0,0.0,False
1,9001,DE,quality,2,1,fixed50,0.5,0.5,19785.281440417224,11838.675460114831,63.87739999627229,2,0.0011469385895989462,0.006946964371423949,False
1,9001,IT,quality,2,1,fixed75,0.75,0.75,17058.696743129763,8740.041450317452,93.74759999627713,2,0.0019204007476661276,0.004717950375612423,False
1,9001,IT,quality,2,1,exhaustive,1.0,1.0,17026.0,8699.0,67.37480001174845,2,0.0,0.0,False
1,9001,IT,quality,2,1,adaptive,1.0,1.0,17026.0,8699.0,59.6267000073567,2,0.0,0.0,False
1,9001,IT,quality,2,1,exact,1.0,1.0,17026.0,8699.0,97.9659000004176,2,0.0,0.0,False
1,9001,IT,quality,2,1,fixed50,0.5,0.5,17142.576002319027,9000.910579398582,43.39000000618398,2,0.006846940110362204,0.03470635468428346,True
1,9001,IT,quality,2,1,fixed25,0.25,0.25,17022.72052032946,9350.585089484819,23.313300000154413,2,0.0001926159797097628,0.07490344746348075,True
1,9001,IT,quality,2,1,fixed10,0.1,0.1,17097.652226303755,9554.495740546541,31.424800006789155,2,0.004208400464216787,0.09834414766600082,True
1,9001,IT,quality,2,1,nsga2,1.0,1.0,17026.0,8699.0,101.20350000215694,2,0.0,0.0,False
1,9001,ES,quality,2,1,adaptive,1.0,1.0,18254.0,9984.0,57.891999997082166,2,0.0,0.0,False
1,9001,ES,quality,2,1,fixed10,0.1,0.1,17705.43590101502,11406.897975958625,27.076599988504313,2,0.030051720115316188,0.1425178261176508,True
1,9001,ES,quality,2,1,exact,1.0,1.0,18254.0,9984.0,66.13279999874067,2,0.0,0.0,False
1,9001,ES,quality,2,1,nsga2,1.0,1.0,18254.0,9984.0,49.25999999977648,2,0.0,0.0,False
1,9001,ES,quality,2,1,exhaustive,1.0,1.0,18254.0,9984.0,48.170000009122305,2,0.0,0.0,False
1,9001,ES,quality,2,1,fixed50,0.5,0.5,18082.82699089295,9884.214859170823,32.43990000919439,2,0.009377287668842415,0.009994505291383932,False
1,9001,ES,quality,2,1,fixed75,0.75,0.75,18166.00630363131,9824.118861227716,59.65890000516083,2,0.004820515852344072,0.016013735854595704,False
1,9001,ES,quality,2,1,fixed25,0.25,0.25,17970.426595809397,10525.443457010451,24.611800006823614,2,0.015534863821113371,0.05423111548582245,True
1,9001,DE,quality,2,2,adaptive,1.0,1.0,19808.0,11757.0,86.77540000644512,2,0.0,0.0,False
1,9001,DE,quality,2,2,fixed10,0.1,0.1,19957.22459748626,12966.81564788459,14.676400009193458,2,0.007533551973256254,0.10290173070380117,True
1,9001,DE,quality,2,2,exact,1.0,1.0,19808.0,11757.0,72.11870000173803,2,0.0,0.0,False
1,9001,DE,quality,2,2,nsga2,1.0,1.0,19808.0,11757.0,66.76089999382384,2,0.0,0.0,False
1,9001,DE,quality,2,2,exhaustive,1.0,1.0,19808.0,11757.0,82.92190000065602,2,0.0,0.0,False
1,9001,DE,quality,2,2,fixed50,0.5,0.5,19785.281440417224,11838.675460114831,60.52300000737887,2,0.0011469385895989462,0.006946964371423949,False
1,9001,DE,quality,2,2,fixed75,0.75,0.75,19968.882158455133,11992.273683048246,56.32250000780914,2,0.008122079889697764,0.02001137050678288,True
1,9001,DE,quality,2,2,fixed25,0.25,0.25,20061.777977564696,12762.502540381174,30.180900008417666,2,0.012811893051529478,0.08552373397815549,True
1,9001,FR,quality,2,2,fixed75,0.75,0.75,29905.353148419093,26793.21273675271,100.95630001160316,2,0.0009903741967899286,0.007143973291606387,False
1,9001,FR,quality,2,2,exhaustive,1.0,1.0,29935.0,26986.0,107.77640000742394,2,0.0,0.0,False
1,9001,FR,quality,2,2,adaptive,1.0,1.0,29935.0,26986.0,115.80420000245795,2,0.0,0.0,False
1,9001,FR,quality,2,2,exact,1.0,1.0,29935.0,26986.0,76.81960001355037,2,0.0,0.0,False
1,9001,FR,quality,2,2,fixed50,0.5,0.5,29935.991048979104,26930.788403191673,57.24719999125227,2,3.310669714727418e-05,0.002045934810951129,False
1,9001,FR,quality,2,2,fixed25,0.25,0.25,30042.68246869515,27070.02430380975,30.75219999300316,2,0.003597209577255765,0.003113625724811034,False
1,9001,FR,quality,2,2,fixed10,0.1,0.1,30349.329068369017,25056.177605310826,17.800300003727898,2,0.01384095768728971,0.07151198379490009,True
1,9001,FR,quality,2,2,nsga2,1.0,1.0,29935.0,26986.0,91.40819999447558,2,0.0,0.0,False
1,9001,NL,quality,2,2,fixed25,0.25,0.25,14815.405104021767,6582.425648191551,26.78879999439232,2,0.010789537021982551,0.002813869384706732,True
1,9001,NL,quality,2,2,fixed50,0.5,0.5,14887.974163759854,6498.881262034678,34.902999992482364,2,0.005944170143563164,0.01547019208685381,False
1,9001,NL,quality,2,2,fixed75,0.75,0.75,14876.057681635735,6451.236442012638,55.37259999255184,2,0.006739822285121506,0.022688010602539346,True
1,9001,NL,quality,2,2,fixed10,0.1,0.1,14746.226861847063,5947.186124217745,11.274299991782755,2,0.015408502246974525,0.09904770122439863,True
1,9001,NL,quality,2,2,nsga2,1.0,1.0,14977.0,6601.0,42.194399997242726,2,0.0,0.0,False
1,9001,NL,quality,2,2,adaptive,1.0,1.0,14977.0,6601.0,41.982099995948374,2,0.0,0.0,False
1,9001,NL,quality,2,2,exact,1.0,1.0,14977.0,6601.0,54.25449999165721,2,0.0,0.0,False
1,9001,NL,quality,2,2,exhaustive,1.0,1.0,14977.0,6601.0,45.77900000731461,2,0.0,0.0,False
1,9001,IT,quality,2,2,exact,1.0,1.0,17026.0,8699.0,51.68899999989662,2,0.0,0.0,False
1,9001,IT,quality,2,2,nsga2,1.0,1.0,17026.0,8699.0,51.33430000569206,2,0.0,0.0,False
1,9001,IT,quality,2,2,fixed10,0.1,0.1,17097.652226303755,9554.495740546541,12.853000007453375,2,0.004208400464216787,0.09834414766600082,True
1,9001,IT,quality,2,2,exhaustive,1.0,1.0,17026.0,8699.0,49.63839999982156,2,0.0,0.0,False
1,9001,IT,quality,2,2,fixed25,0.25,0.25,17022.72052032946,9350.585089484819,24.140199995599687,2,0.0001926159797097628,0.07490344746348075,True
1,9001,IT,quality,2,2,fixed50,0.5,0.5,17142.576002319027,9000.910579398582,33.59289999934845,2,0.006846940110362204,0.03470635468428346,True
1,9001,IT,quality,2,2,fixed75,0.75,0.75,17058.696743129763,8740.041450317452,43.57210001035128,2,0.0019204007476661276,0.004717950375612423,False
1,9001,IT,quality,2,2,adaptive,1.0,1.0,17026.0,8699.0,50.18160000327043,2,0.0,0.0,False
1,9001,ES,quality,2,2,adaptive,1.0,1.0,18254.0,9984.0,67.38310000218917,2,0.0,0.0,False
1,9001,ES,quality,2,2,fixed25,0.25,0.25,17970.426595809397,10525.443457010451,26.602900004945695,2,0.015534863821113371,0.05423111548582245,True
1,9001,ES,quality,2,2,fixed10,0.1,0.1,17705.43590101502,11406.897975958625,17.702299999655224,2,0.030051720115316188,0.1425178261176508,True
1,9001,ES,quality,2,2,exhaustive,1.0,1.0,18254.0,9984.0,55.37899999762885,2,0.0,0.0,False
1,9001,ES,quality,2,2,fixed75,0.75,0.75,18166.00630363131,9824.118861227716,45.773199992254376,2,0.004820515852344072,0.016013735854595704,False
1,9001,ES,quality,2,2,fixed50,0.5,0.5,18082.82699089295,9884.214859170823,35.328300000401214,2,0.009377287668842415,0.009994505291383932,False
1,9001,ES,quality,2,2,nsga2,1.0,1.0,18254.0,9984.0,53.29219999839552,2,0.0,0.0,False
1,9001,ES,quality,2,2,exact,1.0,1.0,18254.0,9984.0,51.57569999573752,2,0.0,0.0,False
1,9001,IT,performance,3,0,fixed10,0.1,0.1,17097.652226303755,9554.495740546541,12.712900002952665,2,0.004208400464216787,0.09834414766600082,False
1,9001,IT,performance,3,0,nsga2,0.25,0.35,17022.72052032946,9260.870229591645,24.841999998898245,2,0.0001926159797097628,0.06459020917250771,False
1,9001,IT,performance,3,0,exact,1.0,1.0,17026.0,8699.0,51.08950000430923,2,0.0,0.0,False
1,9001,IT,performance,3,0,fixed50,0.5,0.5,17142.576002319027,9000.910579398582,47.408300000824966,2,0.006846940110362204,0.03470635468428346,False
1,9001,IT,performance,3,0,fixed25,0.25,0.25,17022.72052032946,9350.585089484819,22.27580000180751,2,0.0001926159797097628,0.07490344746348075,False
1,9001,IT,performance,3,0,fixed75,0.75,0.75,17058.696743129763,8740.041450317452,48.2763000036357,2,0.0019204007476661276,0.004717950375612423,False
1,9001,IT,performance,3,0,adaptive,1.0,1.0,17026.0,8699.0,42.81529999570921,2,0.0,0.0,False
1,9001,IT,performance,3,0,exhaustive,0.25,0.35,17022.72052032946,9260.870229591645,28.433100000256673,2,0.0001926159797097628,0.06459020917250771,False
1,9001,DE,performance,3,0,nsga2,1.0,0.35,19808.0,12058.765652312793,28.05110000190325,2,0.0,0.025666892261018412,False
1,9001,DE,performance,3,0,exact,1.0,1.0,19808.0,11757.0,52.26750001020264,2,0.0,0.0,False
1,9001,DE,performance,3,0,adaptive,1.0,1.0,19808.0,11757.0,66.7156999988947,2,0.0,0.0,False
1,9001,DE,performance,3,0,fixed10,0.1,0.1,19957.22459748626,12966.81564788459,13.912499998696148,2,0.007533551973256254,0.10290173070380117,False
1,9001,DE,performance,3,0,fixed75,0.75,0.75,19968.882158455133,11992.273683048246,61.323699992499314,2,0.008122079889697764,0.02001137050678288,False
1,9001,DE,performance,3,0,fixed50,0.5,0.5,19785.281440417224,11838.675460114831,36.19520000938792,2,0.0011469385895989462,0.006946964371423949,False
1,9001,DE,performance,3,0,fixed25,0.25,0.25,20061.777977564696,12762.502540381174,41.50820001086686,2,0.012811893051529478,0.08552373397815549,False
1,9001,DE,performance,3,0,exhaustive,1.0,0.35,19808.0,12058.765652312793,36.06349999608938,2,0.0,0.025666892261018412,False
1,9001,ES,performance,3,0,fixed75,0.75,0.75,18166.00630363131,9824.118861227716,65.58849998691585,2,0.004820515852344072,0.016013735854595704,False
1,9001,ES,performance,3,0,nsga2,0.25,0.35,17970.426595809397,10013.52046026517,30.409600003622472,2,0.015534863821113371,0.002956776869508232,False
1,9001,ES,performance,3,0,adaptive,1.0,1.0,18254.0,9984.0,52.8760000015609,2,0.0,0.0,False
1,9001,ES,performance,3,0,fixed50,0.5,0.5,18082.82699089295,9884.214859170823,31.33230000094045,2,0.009377287668842415,0.009994505291383932,False
1,9001,ES,performance,3,0,fixed10,0.1,0.1,17705.43590101502,11406.897975958625,12.466899992432445,2,0.030051720115316188,0.1425178261176508,False
1,9001,ES,performance,3,0,exact,1.0,1.0,18254.0,9984.0,50.858500006143004,2,0.0,0.0,False
1,9001,ES,performance,3,0,fixed25,0.25,0.25,17970.426595809397,10525.443457010451,23.520300004747696,2,0.015534863821113371,0.05423111548582245,False
1,9001,ES,performance,3,0,exhaustive,0.25,0.35,17970.426595809397,10013.52046026517,28.317900010733865,2,0.015534863821113371,0.002956776869508232,False
1,9001,NL,performance,3,0,fixed25,0.25,0.25,14815.405104021767,6582.425648191551,19.40879999892786,2,0.010789537021982551,0.002813869384706732,False
1,9001,NL,performance,3,0,nsga2,0.35,0.35,14922.107037727397,6446.612845334113,20.866699996986426,2,0.0036651507159379546,0.023388449426736336,False
1,9001,NL,performance,3,0,fixed75,0.75,0.75,14876.057681635735,6451.236442012638,48.89740000362508,2,0.006739822285121506,0.022688010602539346,False
1,9001,NL,performance,3,0,fixed10,0.1,0.1,14746.226861847063,5947.186124217745,10.246999998344108,2,0.015408502246974525,0.09904770122439863,False
1,9001,NL,performance,3,0,adaptive,1.0,1.0,14977.0,6601.0,44.829100006609224,2,0.0,0.0,False
1,9001,NL,performance,3,0,exhaustive,0.35,0.35,14922.107037727397,6446.612845334113,19.71370000683237,2,0.0036651507159379546,0.023388449426736336,False
1,9001,NL,performance,3,0,exact,1.0,1.0,14977.0,6601.0,70.70999999996275,2,0.0,0.0,False
1,9001,NL,performance,3,0,fixed50,0.5,0.5,14887.974163759854,6498.881262034678,46.767399995587766,2,0.005944170143563164,0.01547019208685381,False
1,9001,FR,performance,3,0,adaptive,1.0,1.0,29935.0,26986.0,102.41300000052433,2,0.0,0.0,False
1,9001,FR,performance,3,0,fixed75,0.75,0.75,29905.353148419093,26793.21273675271,79.67260001169052,2,0.0009903741967899286,0.007143973291606387,False
1,9001,FR,performance,3,0,nsga2,1.0,0.35,29935.0,26424.56788125531,58.042499993462116,2,0.0,0.02080456973040433,False
1,9001,FR,performance,3,0,fixed25,0.25,0.25,30042.68246869515,27070.02430380975,35.6032999989111,2,0.003597209577255765,0.003113625724811034,False
1,9001,FR,performance,3,0,exact,1.0,1.0,29935.0,26986.0,109.7748999891337,2,0.0,0.0,False
1,9001,FR,performance,3,0,fixed50,0.5,0.5,29935.991048979104,26930.788403191673,65.98770001437515,2,3.310669714727418e-05,0.002045934810951129,False
1,9001,FR,performance,3,0,fixed10,0.1,0.1,30349.329068369017,25056.177605310826,18.852600012905896,2,0.01384095768728971,0.07151198379490009,False
1,9001,FR,performance,3,0,exhaustive,0.25,0.35,30042.68246869515,26424.56788125531,54.543000005651265,2,0.003597209577255765,0.02080456973040433,False
1,9001,ES,performance,3,1,adaptive,1.0,1.0,18254.0,9984.0,48.89240000920836,2,0.0,0.0,False
1,9001,ES,performance,3,1,fixed75,0.75,0.75,18166.00630363131,9824.118861227716,57.483399999910034,2,0.004820515852344072,0.016013735854595704,False
1,9001,ES,performance,3,1,nsga2,0.25,0.35,17970.426595809397,10013.52046026517,22.709600001689978,2,0.015534863821113371,0.002956776869508232,False
1,9001,ES,performance,3,1,fixed25,0.25,0.25,17970.426595809397,10525.443457010451,19.170700004906394,2,0.015534863821113371,0.05423111548582245,False
1,9001,ES,performance,3,1,exact,1.0,1.0,18254.0,9984.0,64.01479999476578,2,0.0,0.0,False
1,9001,ES,performance,3,1,fixed50,0.5,0.5,18082.82699089295,9884.214859170823,45.64490000484511,2,0.009377287668842415,0.009994505291383932,False
1,9001,ES,performance,3,1,fixed10,0.1,0.1,17705.43590101502,11406.897975958625,14.965899987146258,2,0.030051720115316188,0.1425178261176508,False
1,9001,ES,performance,3,1,exhaustive,0.25,0.35,17970.426595809397,10013.52046026517,23.410099995089695,2,0.015534863821113371,0.002956776869508232,False
1,9001,IT,performance,3,1,fixed25,0.25,0.25,17022.72052032946,9350.585089484819,21.200600007432513,2,0.0001926159797097628,0.07490344746348075,False
1,9001,IT,performance,3,1,nsga2,0.25,0.35,17022.72052032946,9260.870229591645,26.942700002109632,2,0.0001926159797097628,0.06459020917250771,False
1,9001,IT,performance,3,1,fixed75,0.75,0.75,17058.696743129763,8740.041450317452,59.81560000509489,2,0.0019204007476661276,0.004717950375612423,False
1,9001,IT,performance,3,1,fixed10,0.1,0.1,17097.652226303755,9554.495740546541,15.898600002401508,2,0.004208400464216787,0.09834414766600082,False
1,9001,IT,performance,3,1,adaptive,1.0,1.0,17026.0,8699.0,64.8568000033265,2,0.0,0.0,False
1,9001,IT,performance,3,1,exhaustive,0.25,0.35,17022.72052032946,9260.870229591645,41.62400000495836,2,0.0001926159797097628,0.06459020917250771,False
1,9001,IT,performance,3,1,exact,1.0,1.0,17026.0,8699.0,117.3479999997653,2,0.0,0.0,False
1,9001,IT,performance,3,1,fixed50,0.5,0.5,17142.576002319027,9000.910579398582,63.288800010923296,2,0.006846940110362204,0.03470635468428346,False
1,9001,DE,performance,3,1,fixed75,0.75,0.75,19968.882158455133,11992.273683048246,65.32080000033602,2,0.008122079889697764,0.02001137050678288,False
1,9001,DE,performance,3,1,nsga2,1.0,0.35,19808.0,12058.765652312793,32.29110001120716,2,0.0,0.025666892261018412,False
1,9001,DE,performance,3,1,adaptive,1.0,1.0,19808.0,11757.0,63.24200000381097,2,0.0,0.0,False
1,9001,DE,performance,3,1,fixed50,0.5,0.5,19785.281440417224,11838.675460114831,32.718299989937805,2,0.0011469385895989462,0.006946964371423949,False
1,9001,DE,performance,3,1,fixed10,0.1,0.1,19957.22459748626,12966.81564788459,13.465500000165775,2,0.007533551973256254,0.10290173070380117,False
1,9001,DE,performance,3,1,exact,1.0,1.0,19808.0,11757.0,88.62880000378937,2,0.0,0.0,False
1,9001,DE,performance,3,1,fixed25,0.25,0.25,20061.777977564696,12762.502540381174,34.61990000505466,2,0.012811893051529478,0.08552373397815549,False
1,9001,DE,performance,3,1,exhaustive,1.0,0.35,19808.0,12058.765652312793,51.00269999820739,2,0.0,0.025666892261018412,False
1,9001,NL,performance,3,1,nsga2,0.35,0.35,14922.107037727397,6446.612845334113,32.45980000065174,2,0.0036651507159379546,0.023388449426736336,False
1,9001,NL,performance,3,1,fixed10,0.1,0.1,14746.226861847063,5947.186124217745,16.066899988800287,2,0.015408502246974525,0.09904770122439863,False
1,9001,NL,performance,3,1,exact,1.0,1.0,14977.0,6601.0,68.13600000168663,2,0.0,0.0,False
1,9001,NL,performance,3,1,exhaustive,0.35,0.35,14922.107037727397,6446.612845334113,43.02740001003258,2,0.0036651507159379546,0.023388449426736336,False
1,9001,NL,performance,3,1,fixed75,0.75,0.75,14876.057681635735,6451.236442012638,66.6073000029428,2,0.006739822285121506,0.022688010602539346,False
1,9001,NL,performance,3,1,adaptive,1.0,1.0,14977.0,6601.0,69.86909999977797,2,0.0,0.0,False
1,9001,NL,performance,3,1,fixed25,0.25,0.25,14815.405104021767,6582.425648191551,20.467499998630956,2,0.010789537021982551,0.002813869384706732,False
1,9001,NL,performance,3,1,fixed50,0.5,0.5,14887.974163759854,6498.881262034678,19.3310000031488,2,0.005944170143563164,0.01547019208685381,False
1,9001,FR,performance,3,1,fixed10,0.1,0.1,30349.329068369017,25056.177605310826,11.562700005015358,2,0.01384095768728971,0.07151198379490009,False
1,9001,FR,performance,3,1,nsga2,1.0,0.35,29935.0,26424.56788125531,94.69100000569597,2,0.0,0.02080456973040433,False
1,9001,FR,performance,3,1,exact,1.0,1.0,29935.0,26986.0,137.6581999938935,2,0.0,0.0,False
1,9001,FR,performance,3,1,fixed50,0.5,0.5,29935.991048979104,26930.788403191673,121.904400002677,2,3.310669714727418e-05,0.002045934810951129,False
1,9001,FR,performance,3,1,fixed25,0.25,0.25,30042.68246869515,27070.02430380975,41.16379999322817,2,0.003597209577255765,0.003113625724811034,False
1,9001,FR,performance,3,1,fixed75,0.75,0.75,29905.353148419093,26793.21273675271,112.93800000566989,2,0.0009903741967899286,0.007143973291606387,False
1,9001,FR,performance,3,1,adaptive,1.0,1.0,29935.0,26986.0,115.36369999521412,2,0.0,0.0,False
1,9001,FR,performance,3,1,exhaustive,0.25,0.35,30042.68246869515,26424.56788125531,55.62090000603348,2,0.003597209577255765,0.02080456973040433,False
1,9001,NL,performance,3,2,fixed50,0.5,0.5,14887.974163759854,6498.881262034678,40.311700009624474,2,0.005944170143563164,0.01547019208685381,False
1,9001,NL,performance,3,2,exhaustive,0.35,0.35,14922.107037727397,6446.612845334113,32.7499999984866,2,0.0036651507159379546,0.023388449426736336,False
1,9001,NL,performance,3,2,fixed10,0.1,0.1,14746.226861847063,5947.186124217745,15.35600000352133,2,0.015408502246974525,0.09904770122439863,False
1,9001,NL,performance,3,2,fixed25,0.25,0.25,14815.405104021767,6582.425648191551,19.215099993743934,2,0.010789537021982551,0.002813869384706732,False
1,9001,NL,performance,3,2,fixed75,0.75,0.75,14876.057681635735,6451.236442012638,52.47070000041276,2,0.006739822285121506,0.022688010602539346,False
1,9001,NL,performance,3,2,adaptive,0.35,0.35,14922.107037727397,6446.612845334113,34.60109999286942,2,0.0036651507159379546,0.023388449426736336,False
1,9001,NL,performance,3,2,exact,1.0,1.0,14977.0,6601.0,63.5179000091739,2,0.0,0.0,False
1,9001,NL,performance,3,2,nsga2,0.35,0.35,14922.107037727397,6446.612845334113,28.99779999279417,2,0.0036651507159379546,0.023388449426736336,False
1,9001,DE,performance,3,2,adaptive,1.0,0.35,19808.0,12058.765652312793,36.022300002514385,2,0.0,0.025666892261018412,False
1,9001,DE,performance,3,2,fixed75,0.75,0.75,19968.882158455133,11992.273683048246,68.60230000165757,2,0.008122079889697764,0.02001137050678288,False
1,9001,DE,performance,3,2,nsga2,1.0,0.35,19808.0,12058.765652312793,36.14199999719858,2,0.0,0.025666892261018412,False
1,9001,DE,performance,3,2,fixed25,0.25,0.25,20061.777977564696,12762.502540381174,29.113900003721938,2,0.012811893051529478,0.08552373397815549,False
1,9001,DE,performance,3,2,exact,1.0,1.0,19808.0,11757.0,77.57280000078026,2,0.0,0.0,False
1,9001,DE,performance,3,2,fixed50,0.5,0.5,19785.281440417224,11838.675460114831,50.18170000403188,2,0.0011469385895989462,0.006946964371423949,False
1,9001,DE,performance,3,2,fixed10,0.1,0.1,19957.22459748626,12966.81564788459,22.04609999898821,2,0.007533551973256254,0.10290173070380117,False
1,9001,DE,performance,3,2,exhaustive,1.0,0.35,19808.0,12058.765652312793,39.56290001224261,2,0.0,0.025666892261018412,False
1,9001,IT,performance,3,2,nsga2,0.25,0.35,17022.72052032946,9260.870229591645,30.09369999927003,2,0.0001926159797097628,0.06459020917250771,False
1,9001,IT,performance,3,2,fixed10,0.1,0.1,17097.652226303755,9554.495740546541,14.329400000860915,2,0.004208400464216787,0.09834414766600082,False
1,9001,IT,performance,3,2,exact,1.0,1.0,17026.0,8699.0,63.97230000584386,2,0.0,0.0,False
1,9001,IT,performance,3,2,exhaustive,0.25,0.35,17022.72052032946,9260.870229591645,17.038100006175227,2,0.0001926159797097628,0.06459020917250771,False
1,9001,IT,performance,3,2,fixed75,0.75,0.75,17058.696743129763,8740.041450317452,43.57809999783058,2,0.0019204007476661276,0.004717950375612423,False
1,9001,IT,performance,3,2,adaptive,0.25,0.35,17022.72052032946,9260.870229591645,20.158699990133755,2,0.0001926159797097628,0.06459020917250771,False
1,9001,IT,performance,3,2,fixed25,0.25,0.25,17022.72052032946,9350.585089484819,15.129400009755045,2,0.0001926159797097628,0.07490344746348075,False
1,9001,IT,performance,3,2,fixed50,0.5,0.5,17142.576002319027,9000.910579398582,38.724900005036034,2,0.006846940110362204,0.03470635468428346,False
1,9001,ES,performance,3,2,fixed10,0.1,0.1,17705.43590101502,11406.897975958625,15.822699991986156,2,0.030051720115316188,0.1425178261176508,False
1,9001,ES,performance,3,2,nsga2,0.25,0.35,17970.426595809397,10013.52046026517,34.716399997705594,2,0.015534863821113371,0.002956776869508232,False
1,9001,ES,performance,3,2,exact,1.0,1.0,18254.0,9984.0,79.17879999149591,2,0.0,0.0,False
1,9001,ES,performance,3,2,fixed50,0.5,0.5,18082.82699089295,9884.214859170823,57.09890001162421,2,0.009377287668842415,0.009994505291383932,False
1,9001,ES,performance,3,2,fixed25,0.25,0.25,17970.426595809397,10525.443457010451,21.002900000894442,2,0.015534863821113371,0.05423111548582245,False
1,9001,ES,performance,3,2,fixed75,0.75,0.75,18166.00630363131,9824.118861227716,63.95690000499599,2,0.004820515852344072,0.016013735854595704,False
1,9001,ES,performance,3,2,adaptive,0.25,0.35,17970.426595809397,10013.52046026517,21.44090000365395,2,0.015534863821113371,0.002956776869508232,False
1,9001,ES,performance,3,2,exhaustive,0.25,0.35,17970.426595809397,10013.52046026517,29.48369999649003,2,0.015534863821113371,0.002956776869508232,False
1,9001,FR,performance,3,2,fixed25,0.25,0.25,30042.68246869515,27070.02430380975,20.527700005914085,2,0.003597209577255765,0.003113625724811034,False
1,9001,FR,performance,3,2,nsga2,1.0,0.35,29935.0,26424.56788125531,39.68190000159666,2,0.0,0.02080456973040433,False
1,9001,FR,performance,3,2,fixed75,0.75,0.75,29905.353148419093,26793.21273675271,120.96380000002682,2,0.0009903741967899286,0.007143973291606387,False
1,9001,FR,performance,3,2,fixed10,0.1,0.1,30349.329068369017,25056.177605310826,10.745700012193993,2,0.01384095768728971,0.07151198379490009,False
1,9001,FR,performance,3,2,adaptive,0.25,0.35,30042.68246869515,26424.56788125531,45.51730000821408,2,0.003597209577255765,0.02080456973040433,False
1,9001,FR,performance,3,2,exhaustive,0.25,0.35,30042.68246869515,26424.56788125531,50.28719999245368,2,0.003597209577255765,0.02080456973040433,False
1,9001,FR,performance,3,2,exact,1.0,1.0,29935.0,26986.0,95.32110000145622,2,0.0,0.0,False
1,9001,FR,performance,3,2,fixed50,0.5,0.5,29935.991048979104,26930.788403191673,75.33409999450669,2,3.310669714727418e-05,0.002045934810951129,False
1,9001,FR,exact,4,0,fixed10,0.1,0.1,30349.329068369017,25056.177605310826,37.08090000145603,2,0.01384095768728971,0.07151198379490009,True
1,9001,FR,exact,4,0,fixed50,0.5,0.5,29935.991048979104,26930.788403191673,84.2726999981096,2,3.310669714727418e-05,0.002045934810951129,True
1,9001,FR,exact,4,0,adaptive,1.0,1.0,29935.0,26986.0,173.43510000500828,2,0.0,0.0,False
1,9001,FR,exact,4,0,exact,1.0,1.0,29935.0,26986.0,130.65710000228137,2,0.0,0.0,False
1,9001,FR,exact,4,0,fixed75,0.75,0.75,29905.353148419093,26793.21273675271,116.20540000149049,2,0.0009903741967899286,0.007143973291606387,True
1,9001,FR,exact,4,0,exhaustive,1.0,1.0,29935.0,26986.0,145.7102999993367,2,0.0,0.0,False
1,9001,FR,exact,4,0,fixed25,0.25,0.25,30042.68246869515,27070.02430380975,46.68810000293888,2,0.003597209577255765,0.003113625724811034,True
1,9001,FR,exact,4,0,nsga2,1.0,1.0,29935.0,26986.0,104.29250000743195,2,0.0,0.0,False
1,9001,DE,exact,4,0,fixed75,0.75,0.75,19968.882158455133,11992.273683048246,56.85629999788944,2,0.008122079889697764,0.02001137050678288,True
1,9001,DE,exact,4,0,fixed25,0.25,0.25,20061.777977564696,12762.502540381174,34.49249999539461,2,0.012811893051529478,0.08552373397815549,True
1,9001,DE,exact,4,0,exact,1.0,1.0,19808.0,11757.0,104.08610000740737,2,0.0,0.0,False
1,9001,DE,exact,4,0,exhaustive,1.0,1.0,19808.0,11757.0,118.16939999698661,2,0.0,0.0,False
1,9001,DE,exact,4,0,fixed10,0.1,0.1,19957.22459748626,12966.81564788459,18.7104999931762,2,0.007533551973256254,0.10290173070380117,True
1,9001,DE,exact,4,0,adaptive,1.0,1.0,19808.0,11757.0,119.48199999460485,2,0.0,0.0,False
1,9001,DE,exact,4,0,fixed50,0.5,0.5,19785.281440417224,11838.675460114831,85.57319999090396,2,0.0011469385895989462,0.006946964371423949,True
1,9001,DE,exact,4,0,nsga2,1.0,1.0,19808.0,11757.0,55.37619999086019,2,0.0,0.0,False
1,9001,ES,exact,4,0,adaptive,1.0,1.0,18254.0,9984.0,59.36909999581985,2,0.0,0.0,False
1,9001,ES,exact,4,0,fixed10,0.1,0.1,17705.43590101502,11406.897975958625,25.60940000694245,2,0.030051720115316188,0.1425178261176508,True
1,9001,ES,exact,4,0,fixed75,0.75,0.75,18166.00630363131,9824.118861227716,96.5652000013506,2,0.004820515852344072,0.016013735854595704,True
1,9001,ES,exact,4,0,exact,1.0,1.0,18254.0,9984.0,92.51090000907425,2,0.0,0.0,False
1,9001,ES,exact,4,0,nsga2,1.0,1.0,18254.0,9984.0,116.6590999928303,2,0.0,0.0,False
1,9001,ES,exact,4,0,fixed25,0.25,0.25,17970.426595809397,10525.443457010451,30.88710000156425,2,0.015534863821113371,0.05423111548582245,True
1,9001,ES,exact,4,0,exhaustive,1.0,1.0,18254.0,9984.0,78.19250000466127,2,0.0,0.0,False
1,9001,ES,exact,4,0,fixed50,0.5,0.5,18082.82699089295,9884.214859170823,102.24360000574961,2,0.009377287668842415,0.009994505291383932,True
1,9001,NL,exact,4,0,exhaustive,1.0,1.0,14977.0,6601.0,108.43809999641962,2,0.0,0.0,False
1,9001,NL,exact,4,0,fixed10,0.1,0.1,14746.226861847063,5947.186124217745,19.53960000537336,2,0.015408502246974525,0.09904770122439863,True
1,9001,NL,exact,4,0,exact,1.0,1.0,14977.0,6601.0,83.35559999977704,2,0.0,0.0,False
1,9001,NL,exact,4,0,fixed75,0.75,0.75,14876.057681635735,6451.236442012638,51.26239999663085,2,0.006739822285121506,0.022688010602539346,True
1,9001,NL,exact,4,0,nsga2,1.0,1.0,14977.0,6601.0,70.92800000100397,2,0.0,0.0,False
1,9001,NL,exact,4,0,fixed50,0.5,0.5,14887.974163759854,6498.881262034678,50.89729999599513,2,0.005944170143563164,0.01547019208685381,True
1,9001,NL,exact,4,0,fixed25,0.25,0.25,14815.405104021767,6582.425648191551,38.337300007697195,2,0.010789537021982551,0.002813869384706732,True
1,9001,NL,exact,4,0,adaptive,1.0,1.0,14977.0,6601.0,87.11449999827892,2,0.0,0.0,False
1,9001,IT,exact,4,0,fixed75,0.75,0.75,17058.696743129763,8740.041450317452,76.50780001131352,2,0.0019204007476661276,0.004717950375612423,True
1,9001,IT,exact,4,0,exact,1.0,1.0,17026.0,8699.0,91.59429999999702,2,0.0,0.0,False
1,9001,IT,exact,4,0,fixed25,0.25,0.25,17022.72052032946,9350.585089484819,41.70889999659266,2,0.0001926159797097628,0.07490344746348075,True
1,9001,IT,exact,4,0,fixed50,0.5,0.5,17142.576002319027,9000.910579398582,57.25529999472201,2,0.006846940110362204,0.03470635468428346,True
1,9001,IT,exact,4,0,nsga2,1.0,1.0,17026.0,8699.0,94.61190000001807,2,0.0,0.0,False
1,9001,IT,exact,4,0,fixed10,0.1,0.1,17097.652226303755,9554.495740546541,20.403800008352846,2,0.004208400464216787,0.09834414766600082,True
1,9001,IT,exact,4,0,exhaustive,1.0,1.0,17026.0,8699.0,66.14199999603443,2,0.0,0.0,False
1,9001,IT,exact,4,0,adaptive,1.0,1.0,17026.0,8699.0,78.04180000675842,2,0.0,0.0,False
1,9001,IT,exact,4,1,exhaustive,1.0,1.0,17026.0,8699.0,57.00069999147672,2,0.0,0.0,False
1,9001,IT,exact,4,1,fixed10,0.1,0.1,17097.652226303755,9554.495740546541,17.95789999596309,2,0.004208400464216787,0.09834414766600082,True
1,9001,IT,exact,4,1,exact,1.0,1.0,17026.0,8699.0,110.07309998967685,2,0.0,0.0,False
1,9001,IT,exact,4,1,fixed75,0.75,0.75,17058.696743129763,8740.041450317452,76.01489999797195,2,0.0019204007476661276,0.004717950375612423,True
1,9001,IT,exact,4,1,nsga2,1.0,1.0,17026.0,8699.0,89.95490000233985,2,0.0,0.0,False
1,9001,IT,exact,4,1,fixed50,0.5,0.5,17142.576002319027,9000.910579398582,64.11110000044573,2,0.006846940110362204,0.03470635468428346,True
1,9001,IT,exact,4,1,fixed25,0.25,0.25,17022.72052032946,9350.585089484819,38.402999998652376,2,0.0001926159797097628,0.07490344746348075,True
1,9001,IT,exact,4,1,adaptive,1.0,1.0,17026.0,8699.0,66.69820001116022,2,0.0,0.0,False
1,9001,DE,exact,4,1,adaptive,1.0,1.0,19808.0,11757.0,66.40180000977125,2,0.0,0.0,False
1,9001,DE,exact,4,1,fixed10,0.1,0.1,19957.22459748626,12966.81564788459,14.888799996697344,2,0.007533551973256254,0.10290173070380117,True
1,9001,DE,exact,4,1,fixed75,0.75,0.75,19968.882158455133,11992.273683048246,53.91310001141392,2,0.008122079889697764,0.02001137050678288,True
1,9001,DE,exact,4,1,exact,1.0,1.0,19808.0,11757.0,98.62109999812674,2,0.0,0.0,False
1,9001,DE,exact,4,1,nsga2,1.0,1.0,19808.0,11757.0,83.7111000000732,2,0.0,0.0,False
1,9001,DE,exact,4,1,fixed25,0.25,0.25,20061.777977564696,12762.502540381174,32.20539999892935,2,0.012811893051529478,0.08552373397815549,True
1,9001,DE,exact,4,1,exhaustive,1.0,1.0,19808.0,11757.0,84.9579000059748,2,0.0,0.0,False
1,9001,DE,exact,4,1,fixed50,0.5,0.5,19785.281440417224,11838.675460114831,45.36720000032801,2,0.0011469385895989462,0.006946964371423949,True
1,9001,NL,exact,4,1,fixed75,0.75,0.75,14876.057681635735,6451.236442012638,55.60690000129398,2,0.006739822285121506,0.022688010602539346,True
1,9001,NL,exact,4,1,exact,1.0,1.0,14977.0,6601.0,67.6895000069635,2,0.0,0.0,False
1,9001,NL,exact,4,1,exhaustive,1.0,1.0,14977.0,6601.0,52.89710000215564,2,0.0,0.0,False
1,9001,NL,exact,4,1,fixed50,0.5,0.5,14887.974163759854,6498.881262034678,31.959299987647682,2,0.005944170143563164,0.01547019208685381,True
1,9001,NL,exact,4,1,fixed25,0.25,0.25,14815.405104021767,6582.425648191551,18.978299995069392,2,0.010789537021982551,0.002813869384706732,True
1,9001,NL,exact,4,1,fixed10,0.1,0.1,14746.226861847063,5947.186124217745,11.50680000137072,2,0.015408502246974525,0.09904770122439863,True
1,9001,NL,exact,4,1,adaptive,1.0,1.0,14977.0,6601.0,49.66920000151731,2,0.0,0.0,False
1,9001,NL,exact,4,1,nsga2,1.0,1.0,14977.0,6601.0,47.77019999164622,2,0.0,0.0,False
1,9001,FR,exact,4,1,fixed75,0.75,0.75,29905.353148419093,26793.21273675271,92.73530000064056,2,0.0009903741967899286,0.007143973291606387,True
1,9001,FR,exact,4,1,exact,1.0,1.0,29935.0,26986.0,109.58070000924636,2,0.0,0.0,False
1,9001,FR,exact,4,1,fixed25,0.25,0.25,30042.68246869515,27070.02430380975,35.83090000029188,2,0.003597209577255765,0.003113625724811034,True
1,9001,FR,exact,4,1,fixed50,0.5,0.5,29935.991048979104,26930.788403191673,75.11969999177381,2,3.310669714727418e-05,0.002045934810951129,True
1,9001,FR,exact,4,1,nsga2,1.0,1.0,29935.0,26986.0,99.70749999047257,2,0.0,0.0,False
1,9001,FR,exact,4,1,fixed10,0.1,0.1,30349.329068369017,25056.177605310826,19.739600000320934,2,0.01384095768728971,0.07151198379490009,True
1,9001,FR,exact,4,1,exhaustive,1.0,1.0,29935.0,26986.0,105.09949999686796,2,0.0,0.0,False
1,9001,FR,exact,4,1,adaptive,1.0,1.0,29935.0,26986.0,98.30030000011902,2,0.0,0.0,False
1,9001,ES,exact,4,1,fixed10,0.1,0.1,17705.43590101502,11406.897975958625,36.01840000192169,2,0.030051720115316188,0.1425178261176508,True
1,9001,ES,exact,4,1,fixed50,0.5,0.5,18082.82699089295,9884.214859170823,73.27069999882951,2,0.009377287668842415,0.009994505291383932,True
1,9001,ES,exact,4,1,adaptive,1.0,1.0,18254.0,9984.0,94.853200003854,2,0.0,0.0,False
1,9001,ES,exact,4,1,exact,1.0,1.0,18254.0,9984.0,65.4967000009492,2,0.0,0.0,False
1,9001,ES,exact,4,1,fixed75,0.75,0.75,18166.00630363131,9824.118861227716,71.06420000491198,2,0.004820515852344072,0.016013735854595704,True
1,9001,ES,exact,4,1,exhaustive,1.0,1.0,18254.0,9984.0,69.40020000911318,2,0.0,0.0,False
1,9001,ES,exact,4,1,fixed25,0.25,0.25,17970.426595809397,10525.443457010451,26.541100000031292,2,0.015534863821113371,0.05423111548582245,True
1,9001,ES,exact,4,1,nsga2,1.0,1.0,18254.0,9984.0,69.95879999885801,2,0.0,0.0,False
1,9001,ES,exact,4,2,fixed75,0.75,0.75,18166.00630363131,9824.118861227716,62.842200000886805,2,0.004820515852344072,0.016013735854595704,True
1,9001,ES,exact,4,2,exact,1.0,1.0,18254.0,9984.0,61.45979999564588,2,0.0,0.0,False
1,9001,ES,exact,4,2,fixed25,0.25,0.25,17970.426595809397,10525.443457010451,23.978999990504235,2,0.015534863821113371,0.05423111548582245,True
1,9001,ES,exact,4,2,fixed50,0.5,0.5,18082.82699089295,9884.214859170823,37.10299999511335,2,0.009377287668842415,0.009994505291383932,True
1,9001,ES,exact,4,2,nsga2,1.0,1.0,18254.0,9984.0,61.30739999935031,2,0.0,0.0,False
1,9001,ES,exact,4,2,fixed10,0.1,0.1,17705.43590101502,11406.897975958625,14.368899996043183,2,0.030051720115316188,0.1425178261176508,True
1,9001,ES,exact,4,2,exhaustive,1.0,1.0,18254.0,9984.0,62.479400003212504,2,0.0,0.0,False
1,9001,ES,exact,4,2,adaptive,1.0,1.0,18254.0,9984.0,57.889999996405095,2,0.0,0.0,False
1,9001,DE,exact,4,2,fixed10,0.1,0.1,19957.22459748626,12966.81564788459,13.576099998317659,2,0.007533551973256254,0.10290173070380117,True
1,9001,DE,exact,4,2,fixed50,0.5,0.5,19785.281440417224,11838.675460114831,39.780299994163215,2,0.0011469385895989462,0.006946964371423949,True
1,9001,DE,exact,4,2,adaptive,1.0,1.0,19808.0,11757.0,72.60949999908917,2,0.0,0.0,False
1,9001,DE,exact,4,2,exact,1.0,1.0,19808.0,11757.0,62.607400002889335,2,0.0,0.0,False
1,9001,DE,exact,4,2,fixed75,0.75,0.75,19968.882158455133,11992.273683048246,46.24379999586381,2,0.008122079889697764,0.02001137050678288,True
1,9001,DE,exact,4,2,exhaustive,1.0,1.0,19808.0,11757.0,50.353200000245124,2,0.0,0.0,False
1,9001,DE,exact,4,2,fixed25,0.25,0.25,20061.777977564696,12762.502540381174,25.631199998315424,2,0.012811893051529478,0.08552373397815549,True
1,9001,DE,exact,4,2,nsga2,1.0,1.0,19808.0,11757.0,70.17750000522938,2,0.0,0.0,False
1,9001,NL,exact,4,2,fixed25,0.25,0.25,14815.405104021767,6582.425648191551,20.797700010007247,2,0.010789537021982551,0.002813869384706732,True
1,9001,NL,exact,4,2,nsga2,1.0,1.0,14977.0,6601.0,40.52519999095239,2,0.0,0.0,False
1,9001,NL,exact,4,2,fixed10,0.1,0.1,14746.226861847063,5947.186124217745,10.714500007452443,2,0.015408502246974525,0.09904770122439863,True
1,9001,NL,exact,4,2,fixed75,0.75,0.75,14876.057681635735,6451.236442012638,26.545400003669783,2,0.006739822285121506,0.022688010602539346,True
1,9001,NL,exact,4,2,exhaustive,1.0,1.0,14977.0,6601.0,63.752799993380904,2,0.0,0.0,False
1,9001,NL,exact,4,2,fixed50,0.5,0.5,14887.974163759854,6498.881262034678,40.212899999460205,2,0.005944170143563164,0.01547019208685381,True
1,9001,NL,exact,4,2,adaptive,1.0,1.0,14977.0,6601.0,42.84009999537375,2,0.0,0.0,False
1,9001,NL,exact,4,2,exact,1.0,1.0,14977.0,6601.0,49.41570000664797,2,0.0,0.0,False
1,9001,FR,exact,4,2,exhaustive,1.0,1.0,29935.0,26986.0,111.94329999852926,2,0.0,0.0,False
1,9001,FR,exact,4,2,fixed10,0.1,0.1,30349.329068369017,25056.177605310826,17.09310000296682,2,0.01384095768728971,0.07151198379490009,True
1,9001,FR,exact,4,2,exact,1.0,1.0,29935.0,26986.0,105.62969998863991,2,0.0,0.0,False
1,9001,FR,exact,4,2,fixed75,0.75,0.75,29905.353148419093,26793.21273675271,86.57539999694563,2,0.0009903741967899286,0.007143973291606387,True
1,9001,FR,exact,4,2,nsga2,1.0,1.0,29935.0,26986.0,98.71409999323077,2,0.0,0.0,False
1,9001,FR,exact,4,2,fixed50,0.5,0.5,29935.991048979104,26930.788403191673,75.76320000225678,2,3.310669714727418e-05,0.002045934810951129,True
1,9001,FR,exact,4,2,fixed25,0.25,0.25,30042.68246869515,27070.02430380975,36.43599999486469,2,0.003597209577255765,0.003113625724811034,True
1,9001,FR,exact,4,2,adaptive,1.0,1.0,29935.0,26986.0,127.1714000031352,2,0.0,0.0,False
1,9001,IT,exact,4,2,fixed75,0.75,0.75,17058.696743129763,8740.041450317452,58.702700000139885,2,0.0019204007476661276,0.004717950375612423,True
1,9001,IT,exact,4,2,exact,1.0,1.0,17026.0,8699.0,66.77950000448618,2,0.0,0.0,False
1,9001,IT,exact,4,2,exhaustive,1.0,1.0,17026.0,8699.0,57.8150000073947,2,0.0,0.0,False
1,9001,IT,exact,4,2,fixed50,0.5,0.5,17142.576002319027,9000.910579398582,35.006499994779006,2,0.006846940110362204,0.03470635468428346,True
1,9001,IT,exact,4,2,fixed25,0.25,0.25,17022.72052032946,9350.585089484819,19.833600003039464,2,0.0001926159797097628,0.07490344746348075,True
1,9001,IT,exact,4,2,fixed10,0.1,0.1,17097.652226303755,9554.495740546541,14.83530001132749,2,0.004208400464216787,0.09834414766600082,True
1,9001,IT,exact,4,2,adaptive,1.0,1.0,17026.0,8699.0,48.752199989394285,2,0.0,0.0,False
1,9001,IT,exact,4,2,nsga2,1.0,1.0,17026.0,8699.0,49.18760000145994,2,0.0,0.0,False
2,9002,ES,performance,0,0,fixed50,0.5,0.5,18224.86490618816,9888.211711115493,31.316699998569675,2,0.00159609366779014,0.009594179575771933,False
2,9002,ES,performance,0,0,nsga2,0.25,0.35,18014.412953743067,9907.167710278693,26.831499999389052,2,0.013125180577239662,0.007695541839073263,False
2,9002,ES,performance,0,0,exhaustive,0.25,0.35,18014.412953743067,9907.167710278693,38.2207000075141,2,0.013125180577239662,0.007695541839073263,False
2,9002,ES,performance,0,0,fixed10,0.1,0.1,17655.61756702229,8384.557486602067,20.138699997914955,2,0.03278089366592029,0.16020057225540194,True
2,9002,ES,performance,0,0,fixed25,0.25,0.25,18014.412953743067,9978.249148847828,26.118800000404008,2,0.013125180577239662,0.000576006725978755,False
2,9002,ES,performance,0,0,fixed75,0.75,0.75,18264.61148711761,10067.193501644586,50.86049999226816,2,0.0005813239354448626,0.008332682456388815,False
2,9002,ES,performance,0,0,adaptive,0.25,0.35,18014.412953743067,9907.167710278693,40.42240000853781,4,0.013125180577239662,0.007695541839073263,False
2,9002,ES,performance,0,0,exact,1.0,1.0,18254.0,9984.0,47.524699999485165,2,0.0,0.0,False
2,9002,DE,performance,0,0,nsga2,1.0,0.35,19808.0,11821.51721003527,28.29119999660179,2,0.0,0.0054875572029659085,False
2,9002,DE,performance,0,0,exact,1.0,1.0,19808.0,11757.0,51.850100004230626,2,0.0,0.0,False
2,9002,DE,performance,0,0,adaptive,1.0,0.35,19808.0,11821.51721003527,44.03970000566915,4,0.0,0.0054875572029659085,False
2,9002,DE,performance,0,0,fixed50,0.5,0.5,20047.351396806975,11678.801382328,38.22810000565369,2,0.012083572132823841,0.006651239063706744,False
2,9002,DE,performance,0,0,fixed10,0.1,0.1,20126.60693306153,12089.361957426236,14.0765999967698,2,0.01608476035246003,0.028269282761438776,False
2,9002,DE,performance,0,0,fixed25,0.25,0.25,19949.812702824453,11024.355914452843,23.465699996449985,2,0.007159365045660974,0.06231556396590605,False
2,9002,DE,performance,0,0,exhaustive,1.0,0.35,19808.0,11821.51721003527,26.93330000329297,2,0.0,0.0054875572029659085,False
2,9002,DE,performance,0,0,fixed75,0.75,0.75,19939.567103905156,11830.8153452531,50.95049999363255,2,0.0066421195428693364,0.006278416709458241,False
2,9002,IT,performance,0,0,fixed10,0.1,0.1,16798.742222347395,7702.093505134457,16.75260000047274,2,0.013347690452989839,0.11460012586108095,False
2,9002,IT,performance,0,0,nsga2,0.25,0.35,17054.710598826678,8598.210787368213,26.43160001025535,2,0.0016862797384398916,0.011586298727645413,False
2,9002,IT,performance,0,0,fixed75,0.75,0.75,17096.00681255701,8779.075334180015,43.669400009093806,2,0.004111759224539561,0.009205119459709792,False
2,9002,IT,performance,0,0,adaptive,0.25,0.35,17054.710598826678,8598.210787368213,40.12230000807904,4,0.0016862797384398916,0.011586298727645413,False
2,9002,IT,performance,0,0,fixed25,0.25,0.25,17054.710598826678,8561.98152772104,21.86459999938961,2,0.0016862797384398916,0.015751060153921137,False
2,9002,IT,performance,0,0,exact,1.0,1.0,17026.0,8699.0,53.48049999156501,2,0.0,0.0,False
2,9002,IT,performance,0,0,fixed50,0.5,0.5,16962.527940677213,8561.256865484796,29.407200010609813,2,0.0037279489793719408,0.01583436423901639,False
2,9002,IT,performance,0,0,exhaustive,0.25,0.35,17054.710598826678,8598.210787368213,23.83390000613872,2,0.0016862797384398916,0.011586298727645413,False
2,9002,NL,performance,0,0,exhaustive,0.35,0.35,14787.776635357506,6250.269306897541,24.856699994415976,2,0.012634263513553705,0.05313296365739413,False
2,9002,NL,performance,0,0,nsga2,0.35,0.35,14787.776635357506,6250.269306897541,21.131199988303706,2,0.012634263513553705,0.05313296365739413,False
2,9002,NL,performance,0,0,fixed75,0.75,0.75,15005.310422151559,6586.0807680833095,40.269299992360175,2,0.001890259875245955,0.002260147237795861,False
2,9002,NL,performance,0,0,exact,1.0,1.0,14977.0,6601.0,45.189500000560656,2,0.0,0.0,False
2,9002,NL,performance,0,0,adaptive,0.35,0.35,14787.776635357506,6250.269306897541,34.61309999693185,4,0.012634263513553705,0.05313296365739413,False
2,9002,NL,performance,0,0,fixed25,0.25,0.25,14795.411304961008,6518.049847231242,19.94169999670703,2,0.012124503908592658,0.012566300979966371,False
2,9002,NL,performance,0,0,fixed50,0.5,0.5,14929.985378142945,6642.767932042826,29.861800008802675,2,0.003139121443350158,0.0063275158374225164,False
2,9002,NL,performance,0,0,fixed10,0.1,0.1,14666.5175274587,6922.1346691714725,15.382600002340041,2,0.020730618451044937,0.04864939693553591,False
2,9002,FR,performance,0,0,exhaustive,0.25,0.35,29838.74571827542,26907.24574657855,36.40559999621473,2,0.0032154428503284194,0.0029183374127863234,False
2,9002,FR,performance,0,0,fixed75,0.75,0.75,30017.28335670084,27249.199470965374,75.91429998865351,2,0.002748734147347197,0.009753185761705092,False
2,9002,FR,performance,0,0,fixed10,0.1,0.1,29641.9087256723,26128.62100475993,20.860900011030026,2,0.009790922810345761,0.031771251583786755,False
2,9002,FR,performance,0,0,fixed25,0.25,0.25,29838.74571827542,26860.80295068875,70.34770000609569,2,0.0032154428503284194,0.004639333332514987,False
2,9002,FR,performance,0,0,exact,1.0,1.0,29935.0,26986.0,96.95239999564365,2,0.0,0.0,False
2,9002,FR,performance,0,0,nsga2,1.0,0.35,29935.0,26907.24574657855,44.736900003044866,2,0.0,0.0029183374127863234,False
2,9002,FR,performance,0,0,fixed50,0.5,0.5,30008.010273635828,26710.96154623478,64.78869999409653,2,0.002438960201631121,0.01019189408453349,False
2,9002,FR,performance,0,0,adaptive,0.25,0.35,29838.74571827542,26907.24574657855,84.8965000041062,4,0.0032154428503284194,0.0029183374127863234,False
2,9002,FR,performance,0,1,fixed10,0.1,0.1,29641.9087256723,26128.62100475993,19.104199993307702,2,0.009790922810345761,0.031771251583786755,False
2,9002,FR,performance,0,1,nsga2,1.0,0.35,29935.0,26907.24574657855,55.42950000381097,2,0.0,0.0029183374127863234,False
2,9002,FR,performance,0,1,fixed75,0.75,0.75,30017.28335670084,27249.199470965374,74.47769999271259,2,0.002748734147347197,0.009753185761705092,False
2,9002,FR,performance,0,1,adaptive,0.25,0.35,29838.74571827542,26907.24574657855,44.91820000112057,2,0.0032154428503284194,0.0029183374127863234,False
2,9002,FR,performance,0,1,fixed25,0.25,0.25,29838.74571827542,26860.80295068875,34.24700000323355,2,0.0032154428503284194,0.004639333332514987,False
2,9002,FR,performance,0,1,exact,1.0,1.0,29935.0,26986.0,105.15079999458976,2,0.0,0.0,False
2,9002,FR,performance,0,1,fixed50,0.5,0.5,30008.010273635828,26710.96154623478,78.55569999082945,2,0.002438960201631121,0.01019189408453349,False
2,9002,FR,performance,0,1,exhaustive,0.25,0.35,29838.74571827542,26907.24574657855,70.28080000600312,2,0.0032154428503284194,0.0029183374127863234,False
2,9002,ES,performance,0,1,exhaustive,0.25,0.35,18014.412953743067,9907.167710278693,25.89399999123998,2,0.013125180577239662,0.007695541839073263,False
2,9002,ES,performance,0,1,fixed75,0.75,0.75,18264.61148711761,10067.193501644586,45.6448999902932,2,0.0005813239354448626,0.008332682456388815,False
2,9002,ES,performance,0,1,fixed10,0.1,0.1,17655.61756702229,8384.557486602067,18.946399999549612,2,0.03278089366592029,0.16020057225540194,True
2,9002,ES,performance,0,1,fixed25,0.25,0.25,18014.412953743067,9978.249148847828,22.90999999968335,2,0.013125180577239662,0.000576006725978755,False
2,9002,ES,performance,0,1,exact,1.0,1.0,18254.0,9984.0,54.71509999188129,2,0.0,0.0,False
2,9002,ES,performance,0,1,nsga2,0.25,0.35,18014.412953743067,9907.167710278693,24.415200008661486,2,0.013125180577239662,0.007695541839073263,False
2,9002,ES,performance,0,1,fixed50,0.5,0.5,18224.86490618816,9888.211711115493,35.6508999975631,2,0.00159609366779014,0.009594179575771933,False
2,9002,ES,performance,0,1,adaptive,0.25,0.35,18014.412953743067,9907.167710278693,33.45899999840185,2,0.013125180577239662,0.007695541839073263,False
2,9002,IT,performance,0,1,exhaustive,0.25,0.35,17054.710598826678,8598.210787368213,22.89059999748133,2,0.0016862797384398916,0.011586298727645413,False
2,9002,IT,performance,0,1,nsga2,0.25,0.35,17054.710598826678,8598.210787368213,28.056900002411567,2,0.0016862797384398916,0.011586298727645413,False
2,9002,IT,performance,0,1,fixed75,0.75,0.75,17096.00681255701,8779.075334180015,38.966100008110516,2,0.004111759224539561,0.009205119459709792,False
2,9002,IT,performance,0,1,exact,1.0,1.0,17026.0,8699.0,47.12100001052022,2,0.0,0.0,False
2,9002,IT,performance,0,1,adaptive,0.25,0.35,17054.710598826678,8598.210787368213,22.487700000056066,2,0.0016862797384398916,0.011586298727645413,False
2,9002,IT,performance,0,1,fixed25,0.25,0.25,17054.710598826678,8561.98152772104,18.914999993285164,2,0.0016862797384398916,0.015751060153921137,False
2,9002,IT,performance,0,1,fixed50,0.5,0.5,16962.527940677213,8561.256865484796,32.286200002999976,2,0.0037279489793719408,0.01583436423901639,False
2,9002,IT,performance,0,1,fixed10,0.1,0.1,16798.742222347395,7702.093505134457,14.645300005213358,2,0.013347690452989839,0.11460012586108095,False
2,9002,DE,performance,0,1,fixed50,0.5,0.5,20047.351396806975,11678.801382328,34.48740000021644,2,0.012083572132823841,0.006651239063706744,False
2,9002,DE,performance,0,1,nsga2,1.0,0.35,19808.0,11821.51721003527,27.489100000821054,2,0.0,0.0054875572029659085,False
2,9002,DE,performance,0,1,exhaustive,1.0,0.35,19808.0,11821.51721003527,28.495699996710755,2,0.0,0.0054875572029659085,False
2,9002,DE,performance,0,1,fixed10,0.1,0.1,20126.60693306153,12089.361957426236,16.42629998968914,2,0.01608476035246003,0.028269282761438776,False
2,9002,DE,performance,0,1,fixed25,0.25,0.25,19949.812702824453,11024.355914452843,22.802399995271116,2,0.007159365045660974,0.06231556396590605,False
2,9002,DE,performance,0,1,fixed75,0.75,0.75,19939.567103905156,11830.8153452531,56.716699997195974,2,0.0066421195428693364,0.006278416709458241,False
2,9002,DE,performance,0,1,adaptive,1.0,0.35,19808.0,11821.51721003527,35.34020000370219,2,0.0,0.0054875572029659085,False
2,9002,DE,performance,0,1,exact,1.0,1.0,19808.0,11757.0,54.65379999077413,2,0.0,0.0,False
2,9002,NL,performance,0,1,adaptive,0.35,0.35,14787.776635357506,6250.269306897541,26.90130000701174,2,0.012634263513553705,0.05313296365739413,False
2,9002,NL,performance,0,1,fixed50,0.5,0.5,14929.985378142945,6642.767932042826,39.38159999961499,2,0.003139121443350158,0.0063275158374225164,False
2,9002,NL,performance,0,1,fixed25,0.25,0.25,14795.411304961008,6518.049847231242,17.57930000894703,2,0.012124503908592658,0.012566300979966371,False
2,9002,NL,performance,0,1,fixed75,0.75,0.75,15005.310422151559,6586.0807680833095,38.749300001654774,2,0.001890259875245955,0.002260147237795861,False
2,9002,NL,performance,0,1,fixed10,0.1,0.1,14666.5175274587,6922.1346691714725,20.439899992197752,2,0.020730618451044937,0.04864939693553591,False
2,9002,NL,performance,0,1,exact,1.0,1.0,14977.0,6601.0,45.36790000565816,2,0.0,0.0,False
2,9002,NL,performance,0,1,nsga2,0.35,0.35,14787.776635357506,6250.269306897541,21.89910000015516,2,0.012634263513553705,0.05313296365739413,False
2,9002,NL,performance,0,1,exhaustive,0.35,0.35,14787.776635357506,6250.269306897541,22.863599995616823,2,0.012634263513553705,0.05313296365739413,False
2,9002,FR,performance,0,2,exhaustive,0.25,0.35,29838.74571827542,26907.24574657855,40.14620000089053,2,0.0032154428503284194,0.0029183374127863234,False
2,9002,FR,performance,0,2,nsga2,1.0,0.35,29935.0,26907.24574657855,42.14679999859072,2,0.0,0.0029183374127863234,False
2,9002,FR,performance,0,2,fixed75,0.75,0.75,30017.28335670084,27249.199470965374,88.0281000136165,2,0.002748734147347197,0.009753185761705092,False
2,9002,FR,performance,0,2,exact,1.0,1.0,29935.0,26986.0,96.3082999951439,2,0.0,0.0,False
2,9002,FR,performance,0,2,adaptive,0.25,0.35,29838.74571827542,26907.24574657855,38.02469999936875,2,0.0032154428503284194,0.0029183374127863234,False
2,9002,FR,performance,0,2,fixed25,0.25,0.25,29838.74571827542,26860.80295068875,32.37630000512581,2,0.0032154428503284194,0.004639333332514987,False
2,9002,FR,performance,0,2,fixed50,0.5,0.5,30008.010273635828,26710.96154623478,62.76009998691734,2,0.002438960201631121,0.01019189408453349,False
2,9002,FR,performance,0,2,fixed10,0.1,0.1,29641.9087256723,26128.62100475993,19.018499995581806,2,0.009790922810345761,0.031771251583786755,False
2,9002,DE,performance,0,2,exhaustive,1.0,0.35,19808.0,11821.51721003527,38.92559999076184,2,0.0,0.0054875572029659085,False
2,9002,DE,performance,0,2,fixed75,0.75,0.75,19939.567103905156,11830.8153452531,55.77699998684693,2,0.0066421195428693364,0.006278416709458241,False
2,9002,DE,performance,0,2,fixed10,0.1,0.1,20126.60693306153,12089.361957426236,23.3894999983022,2,0.01608476035246003,0.028269282761438776,False
2,9002,DE,performance,0,2,fixed25,0.25,0.25,19949.812702824453,11024.355914452843,45.31210000277497,2,0.007159365045660974,0.06231556396590605,False
2,9002,DE,performance,0,2,exact,1.0,1.0,19808.0,11757.0,61.78920000093058,2,0.0,0.0,False
2,9002,DE,performance,0,2,nsga2,1.0,0.35,19808.0,11821.51721003527,31.590400001732633,2,0.0,0.0054875572029659085,False
2,9002,DE,performance,0,2,fixed50,0.5,0.5,20047.351396806975,11678.801382328,48.52950001077261,2,0.012083572132823841,0.006651239063706744,False
2,9002,DE,performance,0,2,adaptive,1.0,0.35,19808.0,11821.51721003527,32.31749999395106,2,0.0,0.0054875572029659085,False
2,9002,ES,performance,0,2,fixed10,0.1,0.1,17655.61756702229,8384.557486602067,14.872800005832687,2,0.03278089366592029,0.16020057225540194,True
2,9002,ES,performance,0,2,nsga2,0.25,0.35,18014.412953743067,9907.167710278693,31.825099998968653,2,0.013125180577239662,0.007695541839073263,False
2,9002,ES,performance,0,2,fixed75,0.75,0.75,18264.61148711761,10067.193501644586,52.14299999352079,2,0.0005813239354448626,0.008332682456388815,False
2,9002,ES,performance,0,2,adaptive,0.25,0.35,18014.412953743067,9907.167710278693,30.119200004264712,2,0.013125180577239662,0.007695541839073263,False
2,9002,ES,performance,0,2,fixed25,0.25,0.25,18014.412953743067,9978.249148847828,23.447299987310544,2,0.013125180577239662,0.000576006725978755,False
2,9002,ES,performance,0,2,exact,1.0,1.0,18254.0,9984.0,48.47020001034252,2,0.0,0.0,False
2,9002,ES,performance,0,2,fixed50,0.5,0.5,18224.86490618816,9888.211711115493,35.17049999209121,2,0.00159609366779014,0.009594179575771933,False
2,9002,ES,performance,0,2,exhaustive,0.25,0.35,18014.412953743067,9907.167710278693,23.422300000675023,2,0.013125180577239662,0.007695541839073263,False
2,9002,NL,performance,0,2,fixed10,0.1,0.1,14666.5175274587,6922.1346691714725,10.820499999681488,2,0.020730618451044937,0.04864939693553591,False
2,9002,NL,performance,0,2,exact,1.0,1.0,14977.0,6601.0,44.412600007490255,2,0.0,0.0,False
2,9002,NL,performance,0,2,exhaustive,0.35,0.35,14787.776635357506,6250.269306897541,23.493399989092723,2,0.012634263513553705,0.05313296365739413,False
2,9002,NL,performance,0,2,fixed75,0.75,0.75,15005.310422151559,6586.0807680833095,40.50709999864921,2,0.001890259875245955,0.002260147237795861,False
2,9002,NL,performance,0,2,fixed25,0.25,0.25,14795.411304961008,6518.049847231242,19.431599997915328,2,0.012124503908592658,0.012566300979966371,False
2,9002,NL,performance,0,2,nsga2,0.35,0.35,14787.776635357506,6250.269306897541,22.80550000432413,2,0.012634263513553705,0.05313296365739413,False
2,9002,NL,performance,0,2,fixed50,0.5,0.5,14929.985378142945,6642.767932042826,30.7563999958802,2,0.003139121443350158,0.0063275158374225164,False
2,9002,NL,performance,0,2,adaptive,0.35,0.35,14787.776635357506,6250.269306897541,26.7013999982737,2,0.012634263513553705,0.05313296365739413,False
2,9002,IT,performance,0,2,adaptive,0.25,0.35,17054.710598826678,8598.210787368213,24.728100004722364,2,0.0016862797384398916,0.011586298727645413,False
2,9002,IT,performance,0,2,fixed50,0.5,0.5,16962.527940677213,8561.256865484796,27.95920000062324,2,0.0037279489793719408,0.01583436423901639,False
2,9002,IT,performance,0,2,fixed25,0.25,0.25,17054.710598826678,8561.98152772104,25.015400009579025,2,0.0016862797384398916,0.015751060153921137,False
2,9002,IT,performance,0,2,fixed75,0.75,0.75,17096.00681255701,8779.075334180015,43.494099998497404,2,0.004111759224539561,0.009205119459709792,False
2,9002,IT,performance,0,2,fixed10,0.1,0.1,16798.742222347395,7702.093505134457,15.12939999520313,2,0.013347690452989839,0.11460012586108095,False
2,9002,IT,performance,0,2,exact,1.0,1.0,17026.0,8699.0,55.041500003426336,2,0.0,0.0,False
2,9002,IT,performance,0,2,nsga2,0.25,0.35,17054.710598826678,8598.210787368213,24.067799997283146,2,0.0016862797384398916,0.011586298727645413,False
2,9002,IT,performance,0,2,exhaustive,0.25,0.35,17054.710598826678,8598.210787368213,25.50820000760723,2,0.0016862797384398916,0.011586298727645413,False
2,9002,IT,balanced,1,0,fixed10,0.1,0.1,16798.742222347395,7702.093505134457,12.3100000055274,2,0.013347690452989839,0.11460012586108095,True
2,9002,IT,balanced,1,0,nsga2,1.0,0.75,17026.0,8779.075334180015,36.48270000121556,2,0.0,0.009205119459709792,False
2,9002,IT,balanced,1,0,adaptive,1.0,0.75,17026.0,8779.075334180015,46.755200004554354,2,0.0,0.009205119459709792,False
2,9002,IT,balanced,1,0,exhaustive,1.0,0.75,17026.0,8779.075334180015,44.93950000323821,2,0.0,0.009205119459709792,False
2,9002,IT,balanced,1,0,fixed75,0.75,0.75,17096.00681255701,8779.075334180015,42.331700009526685,2,0.004111759224539561,0.009205119459709792,False
2,9002,IT,balanced,1,0,exact,1.0,1.0,17026.0,8699.0,44.72250000981148,2,0.0,0.0,False
2,9002,IT,balanced,1,0,fixed25,0.25,0.25,17054.710598826678,8561.98152772104,20.63559999805875,2,0.0016862797384398916,0.015751060153921137,False
2,9002,IT,balanced,1,0,fixed50,0.5,0.5,16962.527940677213,8561.256865484796,33.448599991970696,2,0.0037279489793719408,0.01583436423901639,False
2,9002,NL,balanced,1,0,fixed25,0.25,0.25,14795.411304961008,6518.049847231242,21.81669999845326,2,0.012124503908592658,0.012566300979966371,False
2,9002,NL,balanced,1,0,nsga2,1.0,0.75,14977.0,6586.0807680833095,36.52470000088215,2,0.0,0.002260147237795861,False
2,9002,NL,balanced,1,0,fixed10,0.1,0.1,14666.5175274587,6922.1346691714725,15.06949999020435,2,0.020730618451044937,0.04864939693553591,True
2,9002,NL,balanced,1,0,adaptive,1.0,0.75,14977.0,6586.0807680833095,43.879299992113374,2,0.0,0.002260147237795861,False
2,9002,NL,balanced,1,0,exhaustive,1.0,0.75,14977.0,6586.0807680833095,35.26580000470858,2,0.0,0.002260147237795861,False
2,9002,NL,balanced,1,0,fixed75,0.75,0.75,15005.310422151559,6586.0807680833095,42.23869999987073,2,0.001890259875245955,0.002260147237795861,False
2,9002,NL,balanced,1,0,exact,1.0,1.0,14977.0,6601.0,57.185600002412684,2,0.0,0.0,False
2,9002,NL,balanced,1,0,fixed50,0.5,0.5,14929.985378142945,6642.767932042826,29.80050000769552,2,0.003139121443350158,0.0063275158374225164,False
2,9002,DE,balanced,1,0,fixed25,0.25,0.25,19949.812702824453,11024.355914452843,22.27139999740757,2,0.007159365045660974,0.06231556396590605,True
2,9002,DE,balanced,1,0,fixed50,0.5,0.5,20047.351396806975,11678.801382328,45.85599999700207,2,0.012083572132823841,0.006651239063706744,False
2,9002,DE,balanced,1,0,exact,1.0,1.0,19808.0,11757.0,53.02930000470951,2,0.0,0.0,False
2,9002,DE,balanced,1,0,exhaustive,1.0,0.75,19808.0,11830.8153452531,55.58060000475962,2,0.0,0.006278416709458241,False
2,9002,DE,balanced,1,0,adaptive,1.0,0.75,19808.0,11830.8153452531,60.486000002129,2,0.0,0.006278416709458241,False
2,9002,DE,balanced,1,0,nsga2,1.0,0.75,19808.0,11830.8153452531,49.701700001605786,2,0.0,0.006278416709458241,False
2,9002,DE,balanced,1,0,fixed10,0.1,0.1,20126.60693306153,12089.361957426236,13.701000003493391,2,0.01608476035246003,0.028269282761438776,False
2,9002,DE,balanced,1,0,fixed75,0.75,0.75,19939.567103905156,11830.8153452531,50.84389999683481,2,0.0066421195428693364,0.006278416709458241,False
2,9002,ES,balanced,1,0,fixed75,0.75,0.75,18264.61148711761,10067.193501644586,68.18550000025425,2,0.0005813239354448626,0.008332682456388815,False
2,9002,ES,balanced,1,0,nsga2,1.0,0.75,18254.0,10067.193501644586,49.49640000995714,2,0.0,0.008332682456388815,False
2,9002,ES,balanced,1,0,adaptive,1.0,0.75,18254.0,10067.193501644586,51.72389998915605,2,0.0,0.008332682456388815,False
2,9002,ES,balanced,1,0,fixed25,0.25,0.25,18014.412953743067,9978.249148847828,21.996199997374788,2,0.013125180577239662,0.000576006725978755,False
2,9002,ES,balanced,1,0,exhaustive,1.0,0.75,18254.0,10067.193501644586,46.981700012111105,2,0.0,0.008332682456388815,False
2,9002,ES,balanced,1,0,fixed10,0.1,0.1,17655.61756702229,8384.557486602067,13.865599990822375,2,0.03278089366592029,0.16020057225540194,True
2,9002,ES,balanced,1,0,fixed50,0.5,0.5,18224.86490618816,9888.211711115493,41.80160000396427,2,0.00159609366779014,0.009594179575771933,False
2,9002,ES,balanced,1,0,exact,1.0,1.0,18254.0,9984.0,51.442099997075275,2,0.0,0.0,False
2,9002,FR,balanced,1,0,nsga2,1.0,0.75,29935.0,27249.199470965374,77.46559999941383,2,0.0,0.009753185761705092,False
2,9002,FR,balanced,1,0,fixed50,0.5,0.5,30008.010273635828,26710.96154623478,88.29889999469742,2,0.002438960201631121,0.01019189408453349,False
2,9002,FR,balanced,1,0,fixed25,0.25,0.25,29838.74571827542,26860.80295068875,51.11570000008214,2,0.0032154428503284194,0.004639333332514987,False
2,9002,FR,balanced,1,0,adaptive,1.0,0.75,29935.0,27249.199470965374,103.65980000642594,2,0.0,0.009753185761705092,False
2,9002,FR,balanced,1,0,fixed75,0.75,0.75,30017.28335670084,27249.199470965374,90.1327999890782,2,0.002748734147347197,0.009753185761705092,False
2,9002,FR,balanced,1,0,exact,1.0,1.0,29935.0,26986.0,91.54389999457635,2,0.0,0.0,False
2,9002,FR,balanced,1,0,exhaustive,1.0,0.75,29935.0,27249.199470965374,110.33219999808352,2,0.0,0.009753185761705092,False
2,9002,FR,balanced,1,0,fixed10,0.1,0.1,29641.9087256723,26128.62100475993,33.51239999756217,2,0.009790922810345761,0.031771251583786755,False
2,9002,ES,balanced,1,1,nsga2,1.0,0.75,18254.0,10067.193501644586,78.72620000853203,2,0.0,0.008332682456388815,False
2,9002,ES,balanced,1,1,fixed50,0.5,0.5,18224.86490618816,9888.211711115493,44.56729999219533,2,0.00159609366779014,0.009594179575771933,False
2,9002,ES,balanced,1,1,fixed25,0.25,0.25,18014.412953743067,9978.249148847828,29.65579999727197,2,0.013125180577239662,0.000576006725978755,False
2,9002,ES,balanced,1,1,adaptive,1.0,0.75,18254.0,10067.193501644586,56.675999992876314,2,0.0,0.008332682456388815,False
2,9002,ES,balanced,1,1,fixed75,0.75,0.75,18264.61148711761,10067.193501644586,50.34390000218991,2,0.0005813239354448626,0.008332682456388815,False
2,9002,ES,balanced,1,1,exact,1.0,1.0,18254.0,9984.0,46.55060000368394,2,0.0,0.0,False
2,9002,ES,balanced,1,1,exhaustive,1.0,0.75,18254.0,10067.193501644586,65.07900000724476,2,0.0,0.008332682456388815,False
2,9002,ES,balanced,1,1,fixed10,0.1,0.1,17655.61756702229,8384.557486602067,14.098500003456138,2,0.03278089366592029,0.16020057225540194,True
2,9002,FR,balanced,1,1,fixed10,0.1,0.1,29641.9087256723,26128.62100475993,23.333199991611764,2,0.009790922810345761,0.031771251583786755,False
2,9002,FR,balanced,1,1,nsga2,1.0,0.75,29935.0,27249.199470965374,100.8981000049971,2,0.0,0.009753185761705092,False
2,9002,FR,balanced,1,1,adaptive,1.0,0.75,29935.0,27249.199470965374,151.16730000590906,2,0.0,0.009753185761705092,False
2,9002,FR,balanced,1,1,exhaustive,1.0,0.75,29935.0,27249.199470965374,119.64170000283048,2,0.0,0.009753185761705092,False
2,9002,FR,balanced,1,1,fixed75,0.75,0.75,30017.28335670084,27249.199470965374,105.189199995948,2,0.002748734147347197,0.009753185761705092,False
2,9002,FR,balanced,1,1,exact,1.0,1.0,29935.0,26986.0,93.48860000318382,2,0.0,0.0,False
2,9002,FR,balanced,1,1,fixed25,0.25,0.25,29838.74571827542,26860.80295068875,35.16049998870585,2,0.0032154428503284194,0.004639333332514987,False
2,9002,FR,balanced,1,1,fixed50,0.5,0.5,30008.010273635828,26710.96154623478,65.47910001245327,2,0.002438960201631121,0.01019189408453349,False
2,9002,NL,balanced,1,1,nsga2,1.0,0.75,14977.0,6586.0807680833095,44.787400009226985,2,0.0,0.002260147237795861,False
2,9002,NL,balanced,1,1,fixed75,0.75,0.75,15005.310422151559,6586.0807680833095,49.522700006491505,2,0.001890259875245955,0.002260147237795861,False
2,9002,NL,balanced,1,1,fixed25,0.25,0.25,14795.411304961008,6518.049847231242,24.101000002701767,2,0.012124503908592658,0.012566300979966371,False
2,9002,NL,balanced,1,1,exhaustive,1.0,0.75,14977.0,6586.0807680833095,33.61359999689739,2,0.0,0.002260147237795861,False
2,9002,NL,balanced,1,1,adaptive,1.0,0.75,14977.0,6586.0807680833095,35.68479999375995,2,0.0,0.002260147237795861,False
2,9002,NL,balanced,1,1,fixed50,0.5,0.5,14929.985378142945,6642.767932042826,38.50640000018757,2,0.003139121443350158,0.0063275158374225164,False
2,9002,NL,balanced,1,1,exact,1.0,1.0,14977.0,6601.0,42.64590000093449,2,0.0,0.0,False
2,9002,NL,balanced,1,1,fixed10,0.1,0.1,14666.5175274587,6922.1346691714725,15.050899994093925,2,0.020730618451044937,0.04864939693553591,True
2,9002,IT,balanced,1,1,fixed25,0.25,0.25,17054.710598826678,8561.98152772104,23.557799999252893,2,0.0016862797384398916,0.015751060153921137,False
2,9002,IT,balanced,1,1,nsga2,1.0,0.75,17026.0,8779.075334180015,41.64539999328554,2,0.0,0.009205119459709792,False
2,9002,IT,balanced,1,1,fixed10,0.1,0.1,16798.742222347395,7702.093505134457,18.971500001498498,2,0.013347690452989839,0.11460012586108095,True
2,9002,IT,balanced,1,1,adaptive,1.0,0.75,17026.0,8779.075334180015,45.218600003863685,2,0.0,0.009205119459709792,False
2,9002,IT,balanced,1,1,exhaustive,1.0,0.75,17026.0,8779.075334180015,42.15709998970851,2,0.0,0.009205119459709792,False
2,9002,IT,balanced,1,1,fixed75,0.75,0.75,17096.00681255701,8779.075334180015,47.58500000752974,2,0.004111759224539561,0.009205119459709792,False
2,9002,IT,balanced,1,1,exact,1.0,1.0,17026.0,8699.0,48.94069999863859,2,0.0,0.0,False
2,9002,IT,balanced,1,1,fixed50,0.5,0.5,16962.527940677213,8561.256865484796,35.86160000122618,2,0.0037279489793719408,0.01583436423901639,False
2,9002,DE,balanced,1,1,fixed75,0.75,0.75,19939.567103905156,11830.8153452531,68.65400000242516,2,0.0066421195428693364,0.006278416709458241,False
2,9002,DE,balanced,1,1,nsga2,1.0,0.75,19808.0,11830.8153452531,82.23699999507517,2,0.0,0.006278416709458241,False
2,9002,DE,balanced,1,1,adaptive,1.0,0.75,19808.0,11830.8153452531,85.96889999171253,2,0.0,0.006278416709458241,False
2,9002,DE,balanced,1,1,fixed25,0.25,0.25,19949.812702824453,11024.355914452843,49.69420000270475,2,0.007159365045660974,0.06231556396590605,True
2,9002,DE,balanced,1,1,exhaustive,1.0,0.75,19808.0,11830.8153452531,84.24209999793675,2,0.0,0.006278416709458241,False
2,9002,DE,balanced,1,1,fixed10,0.1,0.1,20126.60693306153,12089.361957426236,26.663399999961257,2,0.01608476035246003,0.028269282761438776,False
2,9002,DE,balanced,1,1,fixed50,0.5,0.5,20047.351396806975,11678.801382328,49.897999997483566,2,0.012083572132823841,0.006651239063706744,False
2,9002,DE,balanced,1,1,exact,1.0,1.0,19808.0,11757.0,102.72289998829365,2,0.0,0.0,False
2,9002,ES,balanced,1,2,fixed10,0.1,0.1,17655.61756702229,8384.557486602067,24.195400008466095,2,0.03278089366592029,0.16020057225540194,True
2,9002,ES,balanced,1,2,nsga2,1.0,0.75,18254.0,10067.193501644586,97.93980000540614,2,0.0,0.008332682456388815,False
2,9002,ES,balanced,1,2,adaptive,1.0,0.75,18254.0,10067.193501644586,77.92280000285245,2,0.0,0.008332682456388815,False
2,9002,ES,balanced,1,2,exhaustive,1.0,0.75,18254.0,10067.193501644586,49.68179999559652,2,0.0,0.008332682456388815,False
2,9002,ES,balanced,1,2,fixed75,0.75,0.75,18264.61148711761,10067.193501644586,57.398300006752834,2,0.0005813239354448626,0.008332682456388815,False
2,9002,ES,balanced,1,2,exact,1.0,1.0,18254.0,9984.0,82.96600000176113,2,0.0,0.0,False
2,9002,ES,balanced,1,2,fixed25,0.25,0.25,18014.412953743067,9978.249148847828,44.064300003810786,2,0.013125180577239662,0.000576006725978755,False
2,9002,ES,balanced,1,2,fixed50,0.5,0.5,18224.86490618816,9888.211711115493,72.7881999919191,2,0.00159609366779014,0.009594179575771933,False
2,9002,IT,balanced,1,2,nsga2,1.0,0.75,17026.0,8779.075334180015,44.52049999963492,2,0.0,0.009205119459709792,False
2,9002,IT,balanced,1,2,fixed75,0.75,0.75,17096.00681255701,8779.075334180015,42.44770000514109,2,0.004111759224539561,0.009205119459709792,False
2,9002,IT,balanced,1,2,fixed25,0.25,0.25,17054.710598826678,8561.98152772104,22.06629999272991,2,0.0016862797384398916,0.015751060153921137,False
2,9002,IT,balanced,1,2,exhaustive,1.0,0.75,17026.0,8779.075334180015,52.95440000190865,2,0.0,0.009205119459709792,False
2,9002,IT,balanced,1,2,adaptive,1.0,0.75,17026.0,8779.075334180015,43.6965999979293,2,0.0,0.009205119459709792,False
2,9002,IT,balanced,1,2,fixed50,0.5,0.5,16962.527940677213,8561.256865484796,30.42500000447035,2,0.0037279489793719408,0.01583436423901639,False
2,9002,IT,balanced,1,2,exact,1.0,1.0,17026.0,8699.0,53.812500002095476,2,0.0,0.0,False
2,9002,IT,balanced,1,2,fixed10,0.1,0.1,16798.742222347395,7702.093505134457,19.16329999221489,2,0.013347690452989839,0.11460012586108095,True
2,9002,FR,balanced,1,2,fixed25,0.25,0.25,29838.74571827542,26860.80295068875,41.309499996714294,2,0.0032154428503284194,0.004639333332514987,False
2,9002,FR,balanced,1,2,nsga2,1.0,0.75,29935.0,27249.199470965374,105.31210000044666,2,0.0,0.009753185761705092,False
2,9002,FR,balanced,1,2,fixed10,0.1,0.1,29641.9087256723,26128.62100475993,24.556699994718656,2,0.009790922810345761,0.031771251583786755,False
2,9002,FR,balanced,1,2,adaptive,1.0,0.75,29935.0,27249.199470965374,105.72429999592714,2,0.0,0.009753185761705092,False
2,9002,FR,balanced,1,2,exhaustive,1.0,0.75,29935.0,27249.199470965374,95.8325999963563,2,0.0,0.009753185761705092,False
2,9002,FR,balanced,1,2,fixed75,0.75,0.75,30017.28335670084,27249.199470965374,76.35329999902751,2,0.002748734147347197,0.009753185761705092,False
2,9002,FR,balanced,1,2,exact,1.0,1.0,29935.0,26986.0,102.76819999853615,2,0.0,0.0,False
2,9002,FR,balanced,1,2,fixed50,0.5,0.5,30008.010273635828,26710.96154623478,99.10049999598414,2,0.002438960201631121,0.01019189408453349,False
2,9002,DE,balanced,1,2,nsga2,1.0,0.75,19808.0,11830.8153452531,86.47480000217911,2,0.0,0.006278416709458241,False
2,9002,DE,balanced,1,2,fixed50,0.5,0.5,20047.351396806975,11678.801382328,49.43949999869801,2,0.012083572132823841,0.006651239063706744,False
2,9002,DE,balanced,1,2,fixed25,0.25,0.25,19949.812702824453,11024.355914452843,34.21179999713786,2,0.007159365045660974,0.06231556396590605,True
2,9002,DE,balanced,1,2,adaptive,1.0,0.75,19808.0,11830.8153452531,62.609700005850755,2,0.0,0.006278416709458241,False
2,9002,DE,balanced,1,2,fixed75,0.75,0.75,19939.567103905156,11830.8153452531,49.50049999752082,2,0.0066421195428693364,0.006278416709458241,False
2,9002,DE,balanced,1,2,exact,1.0,1.0,19808.0,11757.0,55.8411999954842,2,0.0,0.0,False
2,9002,DE,balanced,1,2,exhaustive,1.0,0.75,19808.0,11830.8153452531,45.93849999946542,2,0.0,0.006278416709458241,False
2,9002,DE,balanced,1,2,fixed10,0.1,0.1,20126.60693306153,12089.361957426236,24.645800003781915,2,0.01608476035246003,0.028269282761438776,False
2,9002,NL,balanced,1,2,fixed75,0.75,0.75,15005.310422151559,6586.0807680833095,47.546000001602806,2,0.001890259875245955,0.002260147237795861,False
2,9002,NL,balanced,1,2,exact,1.0,1.0,14977.0,6601.0,43.87429999769665,2,0.0,0.0,False
2,9002,NL,balanced,1,2,fixed25,0.25,0.25,14795.411304961008,6518.049847231242,31.881399991107173,2,0.012124503908592658,0.012566300979966371,False
2,9002,NL,balanced,1,2,nsga2,1.0,0.75,14977.0,6586.0807680833095,42.26460000791121,2,0.0,0.002260147237795861,False
2,9002,NL,balanced,1,2,exhaustive,1.0,0.75,14977.0,6586.0807680833095,42.0148999983212,2,0.0,0.002260147237795861,False
2,9002,NL,balanced,1,2,fixed50,0.5,0.5,14929.985378142945,6642.767932042826,48.330499994335696,2,0.003139121443350158,0.0063275158374225164,False
2,9002,NL,balanced,1,2,fixed10,0.1,0.1,14666.5175274587,6922.1346691714725,17.968499989365228,2,0.020730618451044937,0.04864939693553591,True
2,9002,NL,balanced,1,2,adaptive,1.0,0.75,14977.0,6586.0807680833095,42.068599999765866,2,0.0,0.002260147237795861,False
2,9002,NL,quality,2,0,exact,1.0,1.0,14977.0,6601.0,50.64499999571126,2,0.0,0.0,False
2,9002,NL,quality,2,0,nsga2,1.0,1.0,14977.0,6601.0,78.3850000007078,2,0.0,0.0,False
2,9002,NL,quality,2,0,fixed10,0.1,0.1,14666.5175274587,6922.1346691714725,20.090999998501502,2,0.020730618451044937,0.04864939693553591,True
2,9002,NL,quality,2,0,exhaustive,1.0,1.0,14977.0,6601.0,52.90009999589529,2,0.0,0.0,False
2,9002,NL,quality,2,0,fixed25,0.25,0.25,14795.411304961008,6518.049847231242,21.52829999977257,2,0.012124503908592658,0.012566300979966371,True
2,9002,NL,quality,2,0,fixed50,0.5,0.5,14929.985378142945,6642.767932042826,26.901100005488843,2,0.003139121443350158,0.0063275158374225164,False
2,9002,NL,quality,2,0,fixed75,0.75,0.75,15005.310422151559,6586.0807680833095,37.19099999580067,2,0.001890259875245955,0.002260147237795861,False
2,9002,NL,quality,2,0,adaptive,1.0,1.0,14977.0,6601.0,39.13019999163225,2,0.0,0.0,False
2,9002,FR,quality,2,0,adaptive,1.0,1.0,29935.0,26986.0,84.31700000073761,2,0.0,0.0,False
2,9002,FR,quality,2,0,fixed25,0.25,0.25,29838.74571827542,26860.80295068875,38.540900000953116,2,0.0032154428503284194,0.004639333332514987,False
2,9002,FR,quality,2,0,fixed10,0.1,0.1,29641.9087256723,26128.62100475993,15.992699991329573,2,0.009790922810345761,0.031771251583786755,True
2,9002,FR,quality,2,0,exhaustive,1.0,1.0,29935.0,26986.0,129.03730000834912,2,0.0,0.0,False
2,9002,FR,quality,2,0,fixed75,0.75,0.75,30017.28335670084,27249.199470965374,71.71599999128375,2,0.002748734147347197,0.009753185761705092,False
2,9002,FR,quality,2,0,fixed50,0.5,0.5,30008.010273635828,26710.96154623478,49.25280000315979,2,0.002438960201631121,0.01019189408453349,False
2,9002,FR,quality,2,0,nsga2,1.0,1.0,29935.0,26986.0,90.66769998753443,2,0.0,0.0,False
2,9002,FR,quality,2,0,exact,1.0,1.0,29935.0,26986.0,87.80930000648368,2,0.0,0.0,False
2,9002,DE,quality,2,0,fixed10,0.1,0.1,20126.60693306153,12089.361957426236,12.43580000300426,2,0.01608476035246003,0.028269282761438776,True
2,9002,DE,quality,2,0,nsga2,1.0,1.0,19808.0,11757.0,48.28519999864511,2,0.0,0.0,False
2,9002,DE,quality,2,0,fixed75,0.75,0.75,19939.567103905156,11830.8153452531,47.06569999689236,2,0.0066421195428693364,0.006278416709458241,False
2,9002,DE,quality,2,0,fixed25,0.25,0.25,19949.812702824453,11024.355914452843,16.978500003460795,2,0.007159365045660974,0.06231556396590605,True
2,9002,DE,quality,2,0,exhaustive,1.0,1.0,19808.0,11757.0,56.97679999866523,2,0.0,0.0,False
2,9002,DE,quality,2,0,exact,1.0,1.0,19808.0,11757.0,77.30129999981727,2,0.0,0.0,False
2,9002,DE,quality,2,0,adaptive,1.0,1.0,19808.0,11757.0,67.60359999316279,2,0.0,0.0,False
2,9002,DE,quality,2,0,fixed50,0.5,0.5,20047.351396806975,11678.801382328,35.54729999450501,2,0.012083572132823841,0.006651239063706744,True
2,9002,IT,quality,2,0,fixed75,0.75,0.75,17096.00681255701,8779.075334180015,71.69749999593478,2,0.004111759224539561,0.009205119459709792,False
2,9002,IT,quality,2,0,exhaustive,1.0,1.0,17026.0,8699.0,45.35300000861753,2,0.0,0.0,False
2,9002,IT,quality,2,0,adaptive,1.0,1.0,17026.0,8699.0,44.92190000019036,2,0.0,0.0,False
2,9002,IT,quality,2,0,exact,1.0,1.0,17026.0,8699.0,42.584299997542985,2,0.0,0.0,False
2,9002,IT,quality,2,0,fixed50,0.5,0.5,16962.527940677213,8561.256865484796,34.23580000526272,2,0.0037279489793719408,0.01583436423901639,False
2,9002,IT,quality,2,0,fixed25,0.25,0.25,17054.710598826678,8561.98152772104,23.720099998172373,2,0.0016862797384398916,0.015751060153921137,False
2,9002,IT,quality,2,0,fixed10,0.1,0.1,16798.742222347395,7702.093505134457,16.533400004846044,2,0.013347690452989839,0.11460012586108095,True
2,9002,IT,quality,2,0,nsga2,1.0,1.0,17026.0,8699.0,53.857099992455915,2,0.0,0.0,False
2,9002,ES,quality,2,0,adaptive,1.0,1.0,18254.0,9984.0,46.85919999610633,2,0.0,0.0,False
2,9002,ES,quality,2,0,fixed10,0.1,0.1,17655.61756702229,8384.557486602067,16.274699999485165,2,0.03278089366592029,0.16020057225540194,True
2,9002,ES,quality,2,0,exact,1.0,1.0,18254.0,9984.0,61.688200003118254,2,0.0,0.0,False
2,9002,ES,quality,2,0,nsga2,1.0,1.0,18254.0,9984.0,55.201600000145845,2,0.0,0.0,False
2,9002,ES,quality,2,0,exhaustive,1.0,1.0,18254.0,9984.0,52.37199999100994,2,0.0,0.0,False
2,9002,ES,quality,2,0,fixed50,0.5,0.5,18224.86490618816,9888.211711115493,43.89919999812264,2,0.00159609366779014,0.009594179575771933,False
2,9002,ES,quality,2,0,fixed75,0.75,0.75,18264.61148711761,10067.193501644586,45.259000005899,2,0.0005813239354448626,0.008332682456388815,False
2,9002,ES,quality,2,0,fixed25,0.25,0.25,18014.412953743067,9978.249148847828,46.70580000674818,2,0.013125180577239662,0.000576006725978755,True
2,9002,DE,quality,2,1,adaptive,1.0,1.0,19808.0,11757.0,62.147500007995404,2,0.0,0.0,False
2,9002,DE,quality,2,1,fixed10,0.1,0.1,20126.60693306153,12089.361957426236,15.604000000166707,2,0.01608476035246003,0.028269282761438776,True
2,9002,DE,quality,2,1,exact,1.0,1.0,19808.0,11757.0,58.30390000483021,2,0.0,0.0,False
2,9002,DE,quality,2,1,nsga2,1.0,1.0,19808.0,11757.0,69.3466999946395,2,0.0,0.0,False
2,9002,DE,quality,2,1,exhaustive,1.0,1.0,19808.0,11757.0,66.52209999447223,2,0.0,0.0,False
2,9002,DE,quality,2,1,fixed50,0.5,0.5,20047.351396806975,11678.801382328,41.08809999888763,2,0.012083572132823841,0.006651239063706744,True
2,9002,DE,quality,2,1,fixed75,0.75,0.75,19939.567103905156,11830.8153452531,53.44640000839718,2,0.0066421195428693364,0.006278416709458241,False
2,9002,DE,quality,2,1,fixed25,0.25,0.25,19949.812702824453,11024.355914452843,29.39699999114964,2,0.007159365045660974,0.06231556396590605,True
2,9002,FR,quality,2,1,fixed75,0.75,0.75,30017.28335670084,27249.199470965374,89.91789999708999,2,0.002748734147347197,0.009753185761705092,False
2,9002,FR,quality,2,1,exhaustive,1.0,1.0,29935.0,26986.0,87.23060000920668,2,0.0,0.0,False
2,9002,FR,quality,2,1,adaptive,1.0,1.0,29935.0,26986.0,91.236200009007,2,0.0,0.0,False
2,9002,FR,quality,2,1,exact,1.0,1.0,29935.0,26986.0,91.25490000587888,2,0.0,0.0,False
2,9002,FR,quality,2,1,fixed50,0.5,0.5,30008.010273635828,26710.96154623478,58.54610000096727,2,0.002438960201631121,0.01019189408453349,False
2,9002,FR,quality,2,1,fixed25,0.25,0.25,29838.74571827542,26860.80295068875,36.2812999956077,2,0.0032154428503284194,0.004639333332514987,False
2,9002,FR,quality,2,1,fixed10,0.1,0.1,29641.9087256723,26128.62100475993,32.2881000029156,2,0.009790922810345761,0.031771251583786755,True
2,9002,FR,quality,2,1,nsga2,1.0,1.0,29935.0,26986.0,111.23980001138989,2,0.0,0.0,False
2,9002,NL,quality,2,1,fixed25,0.25,0.25,14795.411304961008,6518.049847231242,34.32779999275226,2,0.012124503908592658,0.012566300979966371,True
2,9002,NL,quality,2,1,fixed50,0.5,0.5,14929.985378142945,6642.767932042826,36.431200001970865,2,0.003139121443350158,0.0063275158374225164,False
2,9002,NL,quality,2,1,fixed75,0.75,0.75,15005.310422151559,6586.0807680833095,60.76749999192543,2,0.001890259875245955,0.002260147237795861,False
2,9002,NL,quality,2,1,fixed10,0.1,0.1,14666.5175274587,6922.1346691714725,26.44299999519717,2,0.020730618451044937,0.04864939693553591,True
2,9002,NL,quality,2,1,nsga2,1.0,1.0,14977.0,6601.0,50.23199999413919,2,0.0,0.0,False
2,9002,NL,quality,2,1,adaptive,1.0,1.0,14977.0,6601.0,43.12090000894386,2,0.0,0.0,False
2,9002,NL,quality,2,1,exact,1.0,1.0,14977.0,6601.0,51.36339999444317,2,0.0,0.0,False
2,9002,NL,quality,2,1,exhaustive,1.0,1.0,14977.0,6601.0,43.66320000553969,2,0.0,0.0,False
2,9002,IT,quality,2,1,exact,1.0,1.0,17026.0,8699.0,47.132200008491054,2,0.0,0.0,False
2,9002,IT,quality,2,1,nsga2,1.0,1.0,17026.0,8699.0,49.29870000341907,2,0.0,0.0,False
2,9002,IT,quality,2,1,fixed10,0.1,0.1,16798.742222347395,7702.093505134457,19.424600002821535,2,0.013347690452989839,0.11460012586108095,True
2,9002,IT,quality,2,1,exhaustive,1.0,1.0,17026.0,8699.0,85.0339000025997,2,0.0,0.0,False
2,9002,IT,quality,2,1,fixed25,0.25,0.25,17054.710598826678,8561.98152772104,22.903800010681152,2,0.0016862797384398916,0.015751060153921137,False
2,9002,IT,quality,2,1,fixed50,0.5,0.5,16962.527940677213,8561.256865484796,33.704400004353374,2,0.0037279489793719408,0.01583436423901639,False
2,9002,IT,quality,2,1,fixed75,0.75,0.75,17096.00681255701,8779.075334180015,39.41810000105761,2,0.004111759224539561,0.009205119459709792,False
2,9002,IT,quality,2,1,adaptive,1.0,1.0,17026.0,8699.0,46.440300007816404,2,0.0,0.0,False
2,9002,ES,quality,2,1,adaptive,1.0,1.0,18254.0,9984.0,51.79840000346303,2,0.0,0.0,False
2,9002,ES,quality,2,1,fixed25,0.25,0.25,18014.412953743067,9978.249148847828,26.7184999975143,2,0.013125180577239662,0.000576006725978755,True
2,9002,ES,quality,2,1,fixed10,0.1,0.1,17655.61756702229,8384.557486602067,17.05239999864716,2,0.03278089366592029,0.16020057225540194,True
2,9002,ES,quality,2,1,exhaustive,1.0,1.0,18254.0,9984.0,53.77070000395179,2,0.0,0.0,False
2,9002,ES,quality,2,1,fixed75,0.75,0.75,18264.61148711761,10067.193501644586,45.066799997584894,2,0.0005813239354448626,0.008332682456388815,False
2,9002,ES,quality,2,1,fixed50,0.5,0.5,18224.86490618816,9888.211711115493,49.90009999892209,2,0.00159609366779014,0.009594179575771933,False
2,9002,ES,quality,2,1,nsga2,1.0,1.0,18254.0,9984.0,64.53820000751875,2,0.0,0.0,False
2,9002,ES,quality,2,1,exact,1.0,1.0,18254.0,9984.0,53.14630000793841,2,0.0,0.0,False
2,9002,NL,quality,2,2,exhaustive,1.0,1.0,14977.0,6601.0,38.186199992196634,2,0.0,0.0,False
2,9002,NL,quality,2,2,exact,1.0,1.0,14977.0,6601.0,65.2985000051558,2,0.0,0.0,False
2,9002,NL,quality,2,2,fixed50,0.5,0.5,14929.985378142945,6642.767932042826,55.053300005965866,2,0.003139121443350158,0.0063275158374225164,False
2,9002,NL,quality,2,2,fixed25,0.25,0.25,14795.411304961008,6518.049847231242,37.164399996981956,2,0.012124503908592658,0.012566300979966371,True
2,9002,NL,quality,2,2,adaptive,1.0,1.0,14977.0,6601.0,42.0394000102533,2,0.0,0.0,False
2,9002,NL,quality,2,2,fixed10,0.1,0.1,14666.5175274587,6922.1346691714725,13.076899995212443,2,0.020730618451044937,0.04864939693553591,True
2,9002,NL,quality,2,2,fixed75,0.75,0.75,15005.310422151559,6586.0807680833095,41.250700000091456,2,0.001890259875245955,0.002260147237795861,False
2,9002,NL,quality,2,2,nsga2,1.0,1.0,14977.0,6601.0,58.170799995423295,2,0.0,0.0,False
2,9002,ES,quality,2,2,fixed75,0.75,0.75,18264.61148711761,10067.193501644586,64.24950000655372,2,0.0005813239354448626,0.008332682456388815,False
2,9002,ES,quality,2,2,exhaustive,1.0,1.0,18254.0,9984.0,47.4197000003187,2,0.0,0.0,False
2,9002,ES,quality,2,2,adaptive,1.0,1.0,18254.0,9984.0,50.53710000356659,2,0.0,0.0,False
2,9002,ES,quality,2,2,exact,1.0,1.0,18254.0,9984.0,47.89479999453761,2,0.0,0.0,False
2,9002,ES,quality,2,2,fixed50,0.5,0.5,18224.86490618816,9888.211711115493,34.29280000273138,2,0.00159609366779014,0.009594179575771933,False
2,9002,ES,quality,2,2,fixed25,0.25,0.25,18014.412953743067,9978.249148847828,30.18790000351146,2,0.013125180577239662,0.000576006725978755,True
2,9002,ES,quality,2,2,fixed10,0.1,0.1,17655.61756702229,8384.557486602067,16.876900001079775,2,0.03278089366592029,0.16020057225540194,True
2,9002,ES,quality,2,2,nsga2,1.0,1.0,18254.0,9984.0,59.25750000460539,2,0.0,0.0,False
2,9002,FR,quality,2,2,exact,1.0,1.0,29935.0,26986.0,97.13550000742543,2,0.0,0.0,False
2,9002,FR,quality,2,2,nsga2,1.0,1.0,29935.0,26986.0,110.34280000603758,2,0.0,0.0,False
2,9002,FR,quality,2,2,fixed10,0.1,0.1,29641.9087256723,26128.62100475993,25.224999990314245,2,0.009790922810345761,0.031771251583786755,True
2,9002,FR,quality,2,2,exhaustive,1.0,1.0,29935.0,26986.0,119.27640000067186,2,0.0,0.0,False
2,9002,FR,quality,2,2,fixed25,0.25,0.25,29838.74571827542,26860.80295068875,39.00190000422299,2,0.0032154428503284194,0.004639333332514987,False
2,9002,FR,quality,2,2,fixed50,0.5,0.5,30008.010273635828,26710.96154623478,76.49199999286793,2,0.002438960201631121,0.01019189408453349,False
2,9002,FR,quality,2,2,fixed75,0.75,0.75,30017.28335670084,27249.199470965374,103.42090000631288,2,0.002748734147347197,0.009753185761705092,False
2,9002,FR,quality,2,2,adaptive,1.0,1.0,29935.0,26986.0,96.16859999368899,2,0.0,0.0,False
2,9002,IT,quality,2,2,fixed25,0.25,0.25,17054.710598826678,8561.98152772104,24.388199992245063,2,0.0016862797384398916,0.015751060153921137,False
2,9002,IT,quality,2,2,fixed50,0.5,0.5,16962.527940677213,8561.256865484796,30.73719999520108,2,0.0037279489793719408,0.01583436423901639,False
2,9002,IT,quality,2,2,fixed75,0.75,0.75,17096.00681255701,8779.075334180015,45.80809999606572,2,0.004111759224539561,0.009205119459709792,False
2,9002,IT,quality,2,2,fixed10,0.1,0.1,16798.742222347395,7702.093505134457,12.576400011312217,2,0.013347690452989839,0.11460012586108095,True
2,9002,IT,quality,2,2,nsga2,1.0,1.0,17026.0,8699.0,45.90099999040831,2,0.0,0.0,False
2,9002,IT,quality,2,2,adaptive,1.0,1.0,17026.0,8699.0,46.06570000760257,2,0.0,0.0,False
2,9002,IT,quality,2,2,exact,1.0,1.0,17026.0,8699.0,50.59439998876769,2,0.0,0.0,False
2,9002,IT,quality,2,2,exhaustive,1.0,1.0,17026.0,8699.0,45.526200003223494,2,0.0,0.0,False
2,9002,DE,quality,2,2,adaptive,1.0,1.0,19808.0,11757.0,69.26129999919794,2,0.0,0.0,False
2,9002,DE,quality,2,2,fixed25,0.25,0.25,19949.812702824453,11024.355914452843,36.04469999845605,2,0.007159365045660974,0.06231556396590605,True
2,9002,DE,quality,2,2,fixed10,0.1,0.1,20126.60693306153,12089.361957426236,13.37299999431707,2,0.01608476035246003,0.028269282761438776,True
2,9002,DE,quality,2,2,exhaustive,1.0,1.0,19808.0,11757.0,50.583899996127,2,0.0,0.0,False
2,9002,DE,quality,2,2,fixed75,0.75,0.75,19939.567103905156,11830.8153452531,54.140100008226,2,0.0066421195428693364,0.006278416709458241,False
2,9002,DE,quality,2,2,fixed50,0.5,0.5,20047.351396806975,11678.801382328,34.67050001199823,2,0.012083572132823841,0.006651239063706744,True
2,9002,DE,quality,2,2,nsga2,1.0,1.0,19808.0,11757.0,57.36060001072474,2,0.0,0.0,False
2,9002,DE,quality,2,2,exact,1.0,1.0,19808.0,11757.0,57.72140000772197,2,0.0,0.0,False
2,9002,ES,performance,3,0,adaptive,1.0,1.0,18254.0,9984.0,54.58389999694191,2,0.0,0.0,False
2,9002,ES,performance,3,0,fixed75,0.75,0.75,18264.61148711761,10067.193501644586,52.85360000561923,2,0.0005813239354448626,0.008332682456388815,False
2,9002,ES,performance,3,0,nsga2,0.25,0.35,18014.412953743067,9907.167710278693,38.65780000342056,2,0.013125180577239662,0.007695541839073263,False
2,9002,ES,performance,3,0,fixed25,0.25,0.25,18014.412953743067,9978.249148847828,22.878600007970817,2,0.013125180577239662,0.000576006725978755,False
2,9002,ES,performance,3,0,exact,1.0,1.0,18254.0,9984.0,53.59169999428559,2,0.0,0.0,False
2,9002,ES,performance,3,0,fixed50,0.5,0.5,18224.86490618816,9888.211711115493,41.36859999562148,2,0.00159609366779014,0.009594179575771933,False
2,9002,ES,performance,3,0,fixed10,0.1,0.1,17655.61756702229,8384.557486602067,16.31669999915175,2,0.03278089366592029,0.16020057225540194,True
2,9002,ES,performance,3,0,exhaustive,0.25,0.35,18014.412953743067,9907.167710278693,25.822399999015033,2,0.013125180577239662,0.007695541839073263,False
2,9002,IT,performance,3,0,fixed25,0.25,0.25,17054.710598826678,8561.98152772104,30.98830000089947,2,0.0016862797384398916,0.015751060153921137,False
2,9002,IT,performance,3,0,nsga2,0.25,0.35,17054.710598826678,8598.210787368213,40.56520000449382,2,0.0016862797384398916,0.011586298727645413,False
2,9002,IT,performance,3,0,fixed75,0.75,0.75,17096.00681255701,8779.075334180015,43.9706000033766,2,0.004111759224539561,0.009205119459709792,False
2,9002,IT,performance,3,0,fixed10,0.1,0.1,16798.742222347395,7702.093505134457,26.14819999143947,2,0.013347690452989839,0.11460012586108095,False
2,9002,IT,performance,3,0,adaptive,1.0,1.0,17026.0,8699.0,75.21969999652356,2,0.0,0.0,False
2,9002,IT,performance,3,0,exhaustive,0.25,0.35,17054.710598826678,8598.210787368213,39.076499990187585,2,0.0016862797384398916,0.011586298727645413,False
2,9002,IT,performance,3,0,exact,1.0,1.0,17026.0,8699.0,51.86769999272656,2,0.0,0.0,False
2,9002,IT,performance,3,0,fixed50,0.5,0.5,16962.527940677213,8561.256865484796,44.418599994969554,2,0.0037279489793719408,0.01583436423901639,False
2,9002,DE,performance,3,0,fixed75,0.75,0.75,19939.567103905156,11830.8153452531,78.29959999071434,2,0.0066421195428693364,0.006278416709458241,False
2,9002,DE,performance,3,0,nsga2,1.0,0.35,19808.0,11821.51721003527,30.377200004295446,2,0.0,0.0054875572029659085,False
2,9002,DE,performance,3,0,adaptive,1.0,1.0,19808.0,11757.0,66.45689999277238,2,0.0,0.0,False
2,9002,DE,performance,3,0,fixed50,0.5,0.5,20047.351396806975,11678.801382328,63.10559999838006,2,0.012083572132823841,0.006651239063706744,False
2,9002,DE,performance,3,0,fixed10,0.1,0.1,20126.60693306153,12089.361957426236,21.305900008883327,2,0.01608476035246003,0.028269282761438776,False
2,9002,DE,performance,3,0,exact,1.0,1.0,19808.0,11757.0,60.528700007125735,2,0.0,0.0,False
2,9002,DE,performance,3,0,fixed25,0.25,0.25,19949.812702824453,11024.355914452843,34.07770000922028,2,0.007159365045660974,0.06231556396590605,False
2,9002,DE,performance,3,0,exhaustive,1.0,0.35,19808.0,11821.51721003527,46.03230000066105,2,0.0,0.0054875572029659085,False
2,9002,NL,performance,3,0,nsga2,0.35,0.35,14787.776635357506,6250.269306897541,38.65909999876749,2,0.012634263513553705,0.05313296365739413,False
2,9002,NL,performance,3,0,fixed10,0.1,0.1,14666.5175274587,6922.1346691714725,12.605800002347678,2,0.020730618451044937,0.04864939693553591,False
2,9002,NL,performance,3,0,exact,1.0,1.0,14977.0,6601.0,48.34219999611378,2,0.0,0.0,False
2,9002,NL,performance,3,0,exhaustive,0.35,0.35,14787.776635357506,6250.269306897541,23.6358999973163,2,0.012634263513553705,0.05313296365739413,False
2,9002,NL,performance,3,0,fixed75,0.75,0.75,15005.310422151559,6586.0807680833095,40.04530000383966,2,0.001890259875245955,0.002260147237795861,False
2,9002,NL,performance,3,0,adaptive,1.0,1.0,14977.0,6601.0,64.02679999882821,2,0.0,0.0,False
2,9002,NL,performance,3,0,fixed25,0.25,0.25,14795.411304961008,6518.049847231242,26.219199993647635,2,0.012124503908592658,0.012566300979966371,False
2,9002,NL,performance,3,0,fixed50,0.5,0.5,14929.985378142945,6642.767932042826,34.43580000021029,2,0.003139121443350158,0.0063275158374225164,False
2,9002,FR,performance,3,0,fixed10,0.1,0.1,29641.9087256723,26128.62100475993,35.9147999988636,2,0.009790922810345761,0.031771251583786755,False
2,9002,FR,performance,3,0,nsga2,1.0,0.35,29935.0,26907.24574657855,58.805600012419745,2,0.0,0.0029183374127863234,False
2,9002,FR,performance,3,0,exact,1.0,1.0,29935.0,26986.0,98.82410000136588,2,0.0,0.0,False
2,9002,FR,performance,3,0,fixed50,0.5,0.5,30008.010273635828,26710.96154623478,83.19400000618771,2,0.002438960201631121,0.01019189408453349,False
2,9002,FR,performance,3,0,fixed25,0.25,0.25,29838.74571827542,26860.80295068875,34.15059999679215,2,0.0032154428503284194,0.004639333332514987,False
2,9002,FR,performance,3,0,fixed75,0.75,0.75,30017.28335670084,27249.199470965374,85.74840000073891,2,0.002748734147347197,0.009753185761705092,False
2,9002,FR,performance,3,0,adaptive,1.0,1.0,29935.0,26986.0,94.6886000019731,2,0.0,0.0,False
2,9002,FR,performance,3,0,exhaustive,0.25,0.35,29838.74571827542,26907.24574657855,71.87149999663234,2,0.0032154428503284194,0.0029183374127863234,False
2,9002,NL,performance,3,1,fixed50,0.5,0.5,14929.985378142945,6642.767932042826,40.04549999081064,2,0.003139121443350158,0.0063275158374225164,False
2,9002,NL,performance,3,1,exhaustive,0.35,0.35,14787.776635357506,6250.269306897541,26.868600005400367,2,0.012634263513553705,0.05313296365739413,False
2,9002,NL,performance,3,1,fixed10,0.1,0.1,14666.5175274587,6922.1346691714725,21.376600008807145,2,0.020730618451044937,0.04864939693553591,False
2,9002,NL,performance,3,1,fixed25,0.25,0.25,14795.411304961008,6518.049847231242,36.21279999788385,2,0.012124503908592658,0.012566300979966371,False
2,9002,NL,performance,3,1,fixed75,0.75,0.75,15005.310422151559,6586.0807680833095,63.90490000194404,2,0.001890259875245955,0.002260147237795861,False
2,9002,NL,performance,3,1,adaptive,1.0,1.0,14977.0,6601.0,67.19909999810625,2,0.0,0.0,False
2,9002,NL,performance,3,1,exact,1.0,1.0,14977.0,6601.0,57.81149999529589,2,0.0,0.0,False
2,9002,NL,performance,3,1,nsga2,0.35,0.35,14787.776635357506,6250.269306897541,33.384900001692586,2,0.012634263513553705,0.05313296365739413,False
2,9002,DE,performance,3,1,adaptive,1.0,1.0,19808.0,11757.0,83.27060000738129,2,0.0,0.0,False
2,9002,DE,performance,3,1,fixed75,0.75,0.75,19939.567103905156,11830.8153452531,49.79400000593159,2,0.0066421195428693364,0.006278416709458241,False
2,9002,DE,performance,3,1,nsga2,1.0,0.35,19808.0,11821.51721003527,30.224300004192628,2,0.0,0.0054875572029659085,False
2,9002,DE,performance,3,1,fixed25,0.25,0.25,19949.812702824453,11024.355914452843,33.839800002169795,2,0.007159365045660974,0.06231556396590605,False
2,9002,DE,performance,3,1,exact,1.0,1.0,19808.0,11757.0,58.430999997654,2,0.0,0.0,False
2,9002,DE,performance,3,1,fixed50,0.5,0.5,20047.351396806975,11678.801382328,35.82550000282936,2,0.012083572132823841,0.006651239063706744,False
2,9002,DE,performance,3,1,fixed10,0.1,0.1,20126.60693306153,12089.361957426236,19.463400007225573,2,0.01608476035246003,0.028269282761438776,False
2,9002,DE,performance,3,1,exhaustive,1.0,0.35,19808.0,11821.51721003527,43.89390000142157,2,0.0,0.0054875572029659085,False
2,9002,IT,performance,3,1,nsga2,0.25,0.35,17054.710598826678,8598.210787368213,37.76950000610668,2,0.0016862797384398916,0.011586298727645413,False
2,9002,IT,performance,3,1,fixed10,0.1,0.1,16798.742222347395,7702.093505134457,12.355099999695085,2,0.013347690452989839,0.11460012586108095,False
2,9002,IT,performance,3,1,exact,1.0,1.0,17026.0,8699.0,53.445999990799464,2,0.0,0.0,False
2,9002,IT,performance,3,1,exhaustive,0.25,0.35,17054.710598826678,8598.210787368213,39.08220000448637,2,0.0016862797384398916,0.011586298727645413,False
2,9002,IT,performance,3,1,fixed75,0.75,0.75,17096.00681255701,8779.075334180015,44.703699997626245,2,0.004111759224539561,0.009205119459709792,False
2,9002,IT,performance,3,1,adaptive,1.0,1.0,17026.0,8699.0,44.03400000592228,2,0.0,0.0,False
2,9002,IT,performance,3,1,fixed25,0.25,0.25,17054.710598826678,8561.98152772104,24.014299997361377,2,0.0016862797384398916,0.015751060153921137,False
2,9002,IT,performance,3,1,fixed50,0.5,0.5,16962.527940677213,8561.256865484796,49.44510001223534,2,0.0037279489793719408,0.01583436423901639,False
2,9002,ES,performance,3,1,fixed10,0.1,0.1,17655.61756702229,8384.557486602067,13.055399991571903,2,0.03278089366592029,0.16020057225540194,True
2,9002,ES,performance,3,1,nsga2,0.25,0.35,18014.412953743067,9907.167710278693,45.837700003175996,2,0.013125180577239662,0.007695541839073263,False
2,9002,ES,performance,3,1,exact,1.0,1.0,18254.0,9984.0,73.26249999459833,2,0.0,0.0,False
2,9002,ES,performance,3,1,fixed50,0.5,0.5,18224.86490618816,9888.211711115493,32.315300006303005,2,0.00159609366779014,0.009594179575771933,False
2,9002,ES,performance,3,1,fixed25,0.25,0.25,18014.412953743067,9978.249148847828,25.977599987527356,2,0.013125180577239662,0.000576006725978755,False
2,9002,ES,performance,3,1,fixed75,0.75,0.75,18264.61148711761,10067.193501644586,48.27040000236593,2,0.0005813239354448626,0.008332682456388815,False
2,9002,ES,performance,3,1,adaptive,1.0,1.0,18254.0,9984.0,52.84350000147242,2,0.0,0.0,False
2,9002,ES,performance,3,1,exhaustive,0.25,0.35,18014.412953743067,9907.167710278693,24.78259999770671,2,0.013125180577239662,0.007695541839073263,False
2,9002,FR,performance,3,1,fixed25,0.25,0.25,29838.74571827542,26860.80295068875,39.63869999279268,2,0.0032154428503284194,0.004639333332514987,False
2,9002,FR,performance,3,1,nsga2,1.0,0.35,29935.0,26907.24574657855,50.38960000092629,2,0.0,0.0029183374127863234,False
2,9002,FR,performance,3,1,fixed75,0.75,0.75,30017.28335670084,27249.199470965374,112.68389999167994,2,0.002748734147347197,0.009753185761705092,False
2,9002,FR,performance,3,1,fixed10,0.1,0.1,29641.9087256723,26128.62100475993,24.355600005947053,2,0.009790922810345761,0.031771251583786755,False
2,9002,FR,performance,3,1,adaptive,1.0,1.0,29935.0,26986.0,100.99690000060946,2,0.0,0.0,False
2,9002,FR,performance,3,1,exhaustive,0.25,0.35,29838.74571827542,26907.24574657855,80.75490000192076,2,0.0032154428503284194,0.0029183374127863234,False
2,9002,FR,performance,3,1,exact,1.0,1.0,29935.0,26986.0,89.73490000062156,2,0.0,0.0,False
2,9002,FR,performance,3,1,fixed50,0.5,0.5,30008.010273635828,26710.96154623478,91.87689999816939,2,0.002438960201631121,0.01019189408453349,False
2,9002,IT,performance,3,2,fixed50,0.5,0.5,16962.527940677213,8561.256865484796,51.10029999923427,2,0.0037279489793719408,0.01583436423901639,False
2,9002,IT,performance,3,2,exhaustive,0.25,0.35,17054.710598826678,8598.210787368213,42.11340000620112,2,0.0016862797384398916,0.011586298727645413,False
2,9002,IT,performance,3,2,fixed10,0.1,0.1,16798.742222347395,7702.093505134457,16.525500002899207,2,0.013347690452989839,0.11460012586108095,False
2,9002,IT,performance,3,2,fixed25,0.25,0.25,17054.710598826678,8561.98152772104,23.651399998925626,2,0.0016862797384398916,0.015751060153921137,False
2,9002,IT,performance,3,2,fixed75,0.75,0.75,17096.00681255701,8779.075334180015,40.80440000689123,2,0.004111759224539561,0.009205119459709792,False
2,9002,IT,performance,3,2,adaptive,0.25,0.35,17054.710598826678,8598.210787368213,26.49340000061784,2,0.0016862797384398916,0.011586298727645413,False
2,9002,IT,performance,3,2,exact,1.0,1.0,17026.0,8699.0,49.491500001749955,2,0.0,0.0,False
2,9002,IT,performance,3,2,nsga2,0.25,0.35,17054.710598826678,8598.210787368213,37.46289999980945,2,0.0016862797384398916,0.011586298727645413,False
2,9002,DE,performance,3,2,fixed10,0.1,0.1,20126.60693306153,12089.361957426236,16.19110000319779,2,0.01608476035246003,0.028269282761438776,False
2,9002,DE,performance,3,2,nsga2,1.0,0.35,19808.0,11821.51721003527,39.435800004866906,2,0.0,0.0054875572029659085,False
2,9002,DE,performance,3,2,exact,1.0,1.0,19808.0,11757.0,68.93379999382887,2,0.0,0.0,False
2,9002,DE,performance,3,2,fixed50,0.5,0.5,20047.351396806975,11678.801382328,40.866299998015165,2,0.012083572132823841,0.006651239063706744,False
2,9002,DE,performance,3,2,fixed25,0.25,0.25,19949.812702824453,11024.355914452843,25.09019999706652,2,0.007159365045660974,0.06231556396590605,False
2,9002,DE,performance,3,2,fixed75,0.75,0.75,19939.567103905156,11830.8153452531,75.24619999458082,2,0.0066421195428693364,0.006278416709458241,False
2,9002,DE,performance,3,2,adaptive,1.0,0.35,19808.0,11821.51721003527,44.454699993366376,2,0.0,0.0054875572029659085,False
2,9002,DE,performance,3,2,exhaustive,1.0,0.35,19808.0,11821.51721003527,37.825499995960854,2,0.0,0.0054875572029659085,False
2,9002,ES,performance,3,2,fixed25,0.25,0.25,18014.412953743067,9978.249148847828,20.084200004930608,2,0.013125180577239662,0.000576006725978755,False
2,9002,ES,performance,3,2,nsga2,0.25,0.35,18014.412953743067,9907.167710278693,28.171799989650026,2,0.013125180577239662,0.007695541839073263,False
2,9002,ES,performance,3,2,fixed75,0.75,0.75,18264.61148711761,10067.193501644586,39.17129999899771,2,0.0005813239354448626,0.008332682456388815,False
2,9002,ES,performance,3,2,fixed10,0.1,0.1,17655.61756702229,8384.557486602067,18.393699996522628,2,0.03278089366592029,0.16020057225540194,True
2,9002,ES,performance,3,2,adaptive,0.25,0.35,18014.412953743067,9907.167710278693,36.75110000767745,2,0.013125180577239662,0.007695541839073263,False
2,9002,ES,performance,3,2,exhaustive,0.25,0.35,18014.412953743067,9907.167710278693,28.90919998753816,2,0.013125180577239662,0.007695541839073263,False
2,9002,ES,performance,3,2,exact,1.0,1.0,18254.0,9984.0,50.22160000225995,2,0.0,0.0,False
2,9002,ES,performance,3,2,fixed50,0.5,0.5,18224.86490618816,9888.211711115493,33.1925000064075,2,0.00159609366779014,0.009594179575771933,False
2,9002,NL,performance,3,2,fixed25,0.25,0.25,14795.411304961008,6518.049847231242,17.86220000940375,2,0.012124503908592658,0.012566300979966371,False
2,9002,NL,performance,3,2,fixed75,0.75,0.75,15005.310422151559,6586.0807680833095,37.93400000722613,2,0.001890259875245955,0.002260147237795861,False
2,9002,NL,performance,3,2,exact,1.0,1.0,14977.0,6601.0,39.308499995968305,2,0.0,0.0,False
2,9002,NL,performance,3,2,adaptive,0.35,0.35,14787.776635357506,6250.269306897541,27.8754999890225,2,0.012634263513553705,0.05313296365739413,False
2,9002,NL,performance,3,2,nsga2,0.35,0.35,14787.776635357506,6250.269306897541,34.89939999417402,2,0.012634263513553705,0.05313296365739413,False
2,9002,NL,performance,3,2,exhaustive,0.35,0.35,14787.776635357506,6250.269306897541,35.33719999541063,2,0.012634263513553705,0.05313296365739413,False
2,9002,NL,performance,3,2,fixed50,0.5,0.5,14929.985378142945,6642.767932042826,30.431599996518344,2,0.003139121443350158,0.0063275158374225164,False
2,9002,NL,performance,3,2,fixed10,0.1,0.1,14666.5175274587,6922.1346691714725,15.713300002971664,2,0.020730618451044937,0.04864939693553591,False
2,9002,FR,performance,3,2,nsga2,1.0,0.35,29935.0,26907.24574657855,38.76339999260381,2,0.0,0.0029183374127863234,False
2,9002,FR,performance,3,2,fixed10,0.1,0.1,29641.9087256723,26128.62100475993,19.688700005644932,2,0.009790922810345761,0.031771251583786755,False
2,9002,FR,performance,3,2,exact,1.0,1.0,29935.0,26986.0,89.61429999908432,2,0.0,0.0,False
2,9002,FR,performance,3,2,exhaustive,0.25,0.35,29838.74571827542,26907.24574657855,43.64569998870138,2,0.0032154428503284194,0.0029183374127863234,False
2,9002,FR,performance,3,2,fixed75,0.75,0.75,30017.28335670084,27249.199470965374,89.82899998954963,2,0.002748734147347197,0.009753185761705092,False
2,9002,FR,performance,3,2,adaptive,0.25,0.35,29838.74571827542,26907.24574657855,72.3744999995688,2,0.0032154428503284194,0.0029183374127863234,False
2,9002,FR,performance,3,2,fixed25,0.25,0.25,29838.74571827542,26860.80295068875,65.63340000866447,2,0.0032154428503284194,0.004639333332514987,False
2,9002,FR,performance,3,2,fixed50,0.5,0.5,30008.010273635828,26710.96154623478,69.05200000619516,2,0.002438960201631121,0.01019189408453349,False
2,9002,IT,exact,4,0,exhaustive,1.0,1.0,17026.0,8699.0,80.90079999237787,2,0.0,0.0,False
2,9002,IT,exact,4,0,fixed10,0.1,0.1,16798.742222347395,7702.093505134457,19.54459999979008,2,0.013347690452989839,0.11460012586108095,True
2,9002,IT,exact,4,0,exact,1.0,1.0,17026.0,8699.0,69.27279999945313,2,0.0,0.0,False
2,9002,IT,exact,4,0,fixed75,0.75,0.75,17096.00681255701,8779.075334180015,47.11970000062138,2,0.004111759224539561,0.009205119459709792,True
2,9002,IT,exact,4,0,nsga2,1.0,1.0,17026.0,8699.0,48.10810000344645,2,0.0,0.0,False
2,9002,IT,exact,4,0,fixed50,0.5,0.5,16962.527940677213,8561.256865484796,37.051799998153,2,0.0037279489793719408,0.01583436423901639,True
2,9002,IT,exact,4,0,fixed25,0.25,0.25,17054.710598826678,8561.98152772104,20.307400001911446,2,0.0016862797384398916,0.015751060153921137,True
2,9002,IT,exact,4,0,adaptive,1.0,1.0,17026.0,8699.0,51.01209999702405,2,0.0,0.0,False
2,9002,DE,exact,4,0,adaptive,1.0,1.0,19808.0,11757.0,54.40370000724215,2,0.0,0.0,False
2,9002,DE,exact,4,0,fixed10,0.1,0.1,20126.60693306153,12089.361957426236,36.133400004473515,2,0.01608476035246003,0.028269282761438776,True
2,9002,DE,exact,4,0,fixed75,0.75,0.75,19939.567103905156,11830.8153452531,48.62450000655372,2,0.0066421195428693364,0.006278416709458241,True
2,9002,DE,exact,4,0,exact,1.0,1.0,19808.0,11757.0,56.002400000579655,2,0.0,0.0,False
2,9002,DE,exact,4,0,nsga2,1.0,1.0,19808.0,11757.0,65.16949999786448,2,0.0,0.0,False
2,9002,DE,exact,4,0,fixed25,0.25,0.25,19949.812702824453,11024.355914452843,27.95069999410771,2,0.007159365045660974,0.06231556396590605,True
2,9002,DE,exact,4,0,exhaustive,1.0,1.0,19808.0,11757.0,66.80410000262782,2,0.0,0.0,False
2,9002,DE,exact,4,0,fixed50,0.5,0.5,20047.351396806975,11678.801382328,64.44100000953767,2,0.012083572132823841,0.006651239063706744,True
2,9002,NL,exact,4,0,fixed75,0.75,0.75,15005.310422151559,6586.0807680833095,41.55799999716692,2,0.001890259875245955,0.002260147237795861,True
2,9002,NL,exact,4,0,exact,1.0,1.0,14977.0,6601.0,44.4611000129953,2,0.0,0.0,False
2,9002,NL,exact,4,0,exhaustive,1.0,1.0,14977.0,6601.0,60.26709999423474,2,0.0,0.0,False
2,9002,NL,exact,4,0,fixed50,0.5,0.5,14929.985378142945,6642.767932042826,37.530499990680255,2,0.003139121443350158,0.0063275158374225164,True
2,9002,NL,exact,4,0,fixed25,0.25,0.25,14795.411304961008,6518.049847231242,21.67310001095757,2,0.012124503908592658,0.012566300979966371,True
2,9002,NL,exact,4,0,fixed10,0.1,0.1,14666.5175274587,6922.1346691714725,13.319100005901419,2,0.020730618451044937,0.04864939693553591,True
2,9002,NL,exact,4,0,adaptive,1.0,1.0,14977.0,6601.0,38.238799999817275,2,0.0,0.0,False
2,9002,NL,exact,4,0,nsga2,1.0,1.0,14977.0,6601.0,50.2383999992162,2,0.0,0.0,False
2,9002,FR,exact,4,0,fixed75,0.75,0.75,30017.28335670084,27249.199470965374,84.68509999511298,2,0.002748734147347197,0.009753185761705092,True
2,9002,FR,exact,4,0,exact,1.0,1.0,29935.0,26986.0,99.39079999458045,2,0.0,0.0,False
2,9002,FR,exact,4,0,fixed25,0.25,0.25,29838.74571827542,26860.80295068875,35.11080000316724,2,0.0032154428503284194,0.004639333332514987,True
2,9002,FR,exact,4,0,fixed50,0.5,0.5,30008.010273635828,26710.96154623478,57.65400000382215,2,0.002438960201631121,0.01019189408453349,True
2,9002,FR,exact,4,0,nsga2,1.0,1.0,29935.0,26986.0,90.28839999518823,2,0.0,0.0,False
2,9002,FR,exact,4,0,fixed10,0.1,0.1,29641.9087256723,26128.62100475993,22.620799994911067,2,0.009790922810345761,0.031771251583786755,True
2,9002,FR,exact,4,0,exhaustive,1.0,1.0,29935.0,26986.0,81.7807000130415,2,0.0,0.0,False
2,9002,FR,exact,4,0,adaptive,1.0,1.0,29935.0,26986.0,82.30180000828113,2,0.0,0.0,False
2,9002,ES,exact,4,0,fixed10,0.1,0.1,17655.61756702229,8384.557486602067,14.95680000516586,2,0.03278089366592029,0.16020057225540194,True
2,9002,ES,exact,4,0,fixed50,0.5,0.5,18224.86490618816,9888.211711115493,49.4295999960741,2,0.00159609366779014,0.009594179575771933,True
2,9002,ES,exact,4,0,adaptive,1.0,1.0,18254.0,9984.0,74.4332000031136,2,0.0,0.0,False
2,9002,ES,exact,4,0,exact,1.0,1.0,18254.0,9984.0,49.382800003513694,2,0.0,0.0,False
2,9002,ES,exact,4,0,fixed75,0.75,0.75,18264.61148711761,10067.193501644586,42.96530000283383,2,0.0005813239354448626,0.008332682456388815,True
2,9002,ES,exact,4,0,exhaustive,1.0,1.0,18254.0,9984.0,58.44999999681022,2,0.0,0.0,False
2,9002,ES,exact,4,0,fixed25,0.25,0.25,18014.412953743067,9978.249148847828,25.52379999542609,2,0.013125180577239662,0.000576006725978755,True
2,9002,ES,exact,4,0,nsga2,1.0,1.0,18254.0,9984.0,59.30149999039713,2,0.0,0.0,False
2,9002,ES,exact,4,1,fixed75,0.75,0.75,18264.61148711761,10067.193501644586,54.01920000440441,2,0.0005813239354448626,0.008332682456388815,True
2,9002,ES,exact,4,1,exact,1.0,1.0,18254.0,9984.0,48.97629999322817,2,0.0,0.0,False
2,9002,ES,exact,4,1,fixed25,0.25,0.25,18014.412953743067,9978.249148847828,16.175400000065565,2,0.013125180577239662,0.000576006725978755,True
2,9002,ES,exact,4,1,fixed50,0.5,0.5,18224.86490618816,9888.211711115493,29.1886000049999,2,0.00159609366779014,0.009594179575771933,True
2,9002,ES,exact,4,1,nsga2,1.0,1.0,18254.0,9984.0,50.64240000501741,2,0.0,0.0,False
2,9002,ES,exact,4,1,fixed10,0.1,0.1,17655.61756702229,8384.557486602067,16.606200006208383,2,0.03278089366592029,0.16020057225540194,True
2,9002,ES,exact,4,1,exhaustive,1.0,1.0,18254.0,9984.0,46.20979999890551,2,0.0,0.0,False
2,9002,ES,exact,4,1,adaptive,1.0,1.0,18254.0,9984.0,45.50860000017565,2,0.0,0.0,False
2,9002,DE,exact,4,1,fixed10,0.1,0.1,20126.60693306153,12089.361957426236,12.789500004146248,2,0.01608476035246003,0.028269282761438776,True
2,9002,DE,exact,4,1,fixed50,0.5,0.5,20047.351396806975,11678.801382328,32.287199996062554,2,0.012083572132823841,0.006651239063706744,True
2,9002,DE,exact,4,1,adaptive,1.0,1.0,19808.0,11757.0,59.09110000357032,2,0.0,0.0,False
2,9002,DE,exact,4,1,exact,1.0,1.0,19808.0,11757.0,62.08489999698941,2,0.0,0.0,False
2,9002,DE,exact,4,1,fixed75,0.75,0.75,19939.567103905156,11830.8153452531,49.83139999967534,2,0.0066421195428693364,0.006278416709458241,True
2,9002,DE,exact,4,1,exhaustive,1.0,1.0,19808.0,11757.0,52.40790000243578,2,0.0,0.0,False
2,9002,DE,exact,4,1,fixed25,0.25,0.25,19949.812702824453,11024.355914452843,19.28110000153538,2,0.007159365045660974,0.06231556396590605,True
2,9002,DE,exact,4,1,nsga2,1.0,1.0,19808.0,11757.0,48.18430000159424,2,0.0,0.0,False
2,9002,NL,exact,4,1,fixed25,0.25,0.25,14795.411304961008,6518.049847231242,9.877500007860363,2,0.012124503908592658,0.012566300979966371,True
2,9002,NL,exact,4,1,nsga2,1.0,1.0,14977.0,6601.0,47.35759999311995,2,0.0,0.0,False
2,9002,NL,exact,4,1,fixed10,0.1,0.1,14666.5175274587,6922.1346691714725,19.03219999803696,2,0.020730618451044937,0.04864939693553591,True
2,9002,NL,exact,4,1,fixed75,0.75,0.75,15005.310422151559,6586.0807680833095,54.03059998934623,2,0.001890259875245955,0.002260147237795861,True
2,9002,NL,exact,4,1,exhaustive,1.0,1.0,14977.0,6601.0,38.42599999916274,2,0.0,0.0,False
2,9002,NL,exact,4,1,fixed50,0.5,0.5,14929.985378142945,6642.767932042826,28.86690000013914,2,0.003139121443350158,0.0063275158374225164,True
2,9002,NL,exact,4,1,adaptive,1.0,1.0,14977.0,6601.0,37.22179999749642,2,0.0,0.0,False
2,9002,NL,exact,4,1,exact,1.0,1.0,14977.0,6601.0,36.9805000082124,2,0.0,0.0,False
2,9002,FR,exact,4,1,exhaustive,1.0,1.0,29935.0,26986.0,80.98270000482444,2,0.0,0.0,False
2,9002,FR,exact,4,1,fixed10,0.1,0.1,29641.9087256723,26128.62100475993,24.212899996200576,2,0.009790922810345761,0.031771251583786755,True
2,9002,FR,exact,4,1,exact,1.0,1.0,29935.0,26986.0,92.00330000021495,2,0.0,0.0,False
2,9002,FR,exact,4,1,fixed75,0.75,0.75,30017.28335670084,27249.199470965374,84.63350000965875,2,0.002748734147347197,0.009753185761705092,True
2,9002,FR,exact,4,1,nsga2,1.0,1.0,29935.0,26986.0,94.62910000002012,2,0.0,0.0,False
2,9002,FR,exact,4,1,fixed50,0.5,0.5,30008.010273635828,26710.96154623478,63.04399999498855,2,0.002438960201631121,0.01019189408453349,True
2,9002,FR,exact,4,1,fixed25,0.25,0.25,29838.74571827542,26860.80295068875,39.862399993580766,2,0.0032154428503284194,0.004639333332514987,True
2,9002,FR,exact,4,1,adaptive,1.0,1.0,29935.0,26986.0,99.71439999935683,2,0.0,0.0,False
2,9002,IT,exact,4,1,fixed75,0.75,0.75,17096.00681255701,8779.075334180015,42.770400003064424,2,0.004111759224539561,0.009205119459709792,True
2,9002,IT,exact,4,1,exact,1.0,1.0,17026.0,8699.0,54.31259999750182,2,0.0,0.0,False
2,9002,IT,exact,4,1,exhaustive,1.0,1.0,17026.0,8699.0,82.351800010656,2,0.0,0.0,False
2,9002,IT,exact,4,1,fixed50,0.5,0.5,16962.527940677213,8561.256865484796,33.007000005454756,2,0.0037279489793719408,0.01583436423901639,True
2,9002,IT,exact,4,1,fixed25,0.25,0.25,17054.710598826678,8561.98152772104,19.181900002877228,2,0.0016862797384398916,0.015751060153921137,True
2,9002,IT,exact,4,1,fixed10,0.1,0.1,16798.742222347395,7702.093505134457,13.66769999731332,2,0.013347690452989839,0.11460012586108095,True
2,9002,IT,exact,4,1,adaptive,1.0,1.0,17026.0,8699.0,42.60990000329912,2,0.0,0.0,False
2,9002,IT,exact,4,1,nsga2,1.0,1.0,17026.0,8699.0,45.833399999537505,2,0.0,0.0,False
2,9002,NL,exact,4,2,fixed10,0.1,0.1,14666.5175274587,6922.1346691714725,17.264499998418614,2,0.020730618451044937,0.04864939693553591,True
2,9002,NL,exact,4,2,exhaustive,1.0,1.0,14977.0,6601.0,42.11570000916254,2,0.0,0.0,False
2,9002,NL,exact,4,2,nsga2,1.0,1.0,14977.0,6601.0,39.87149999011308,2,0.0,0.0,False
2,9002,NL,exact,4,2,adaptive,1.0,1.0,14977.0,6601.0,38.04880000825506,2,0.0,0.0,False
2,9002,NL,exact,4,2,fixed75,0.75,0.75,15005.310422151559,6586.0807680833095,38.24400001030881,2,0.001890259875245955,0.002260147237795861,True
2,9002,NL,exact,4,2,exact,1.0,1.0,14977.0,6601.0,40.79430000274442,2,0.0,0.0,False
2,9002,NL,exact,4,2,fixed25,0.25,0.25,14795.411304961008,6518.049847231242,24.734299993724562,2,0.012124503908592658,0.012566300979966371,True
2,9002,NL,exact,4,2,fixed50,0.5,0.5,14929.985378142945,6642.767932042826,34.26309999485966,2,0.003139121443350158,0.0063275158374225164,True
2,9002,DE,exact,4,2,fixed75,0.75,0.75,19939.567103905156,11830.8153452531,57.59850000322331,2,0.0066421195428693364,0.006278416709458241,True
2,9002,DE,exact,4,2,exact,1.0,1.0,19808.0,11757.0,57.55640000279527,2,0.0,0.0,False
2,9002,DE,exact,4,2,fixed25,0.25,0.25,19949.812702824453,11024.355914452843,29.796600007102825,2,0.007159365045660974,0.06231556396590605,True
2,9002,DE,exact,4,2,fixed50,0.5,0.5,20047.351396806975,11678.801382328,34.63680000277236,2,0.012083572132823841,0.006651239063706744,True
2,9002,DE,exact,4,2,nsga2,1.0,1.0,19808.0,11757.0,55.987600004300475,2,0.0,0.0,False
2,9002,DE,exact,4,2,fixed10,0.1,0.1,20126.60693306153,12089.361957426236,13.898499993956648,2,0.01608476035246003,0.028269282761438776,True
2,9002,DE,exact,4,2,exhaustive,1.0,1.0,19808.0,11757.0,54.60079999465961,2,0.0,0.0,False
2,9002,DE,exact,4,2,adaptive,1.0,1.0,19808.0,11757.0,53.18050000641961,2,0.0,0.0,False
2,9002,FR,exact,4,2,fixed75,0.75,0.75,30017.28335670084,27249.199470965374,72.40140000067186,2,0.002748734147347197,0.009753185761705092,True
2,9002,FR,exact,4,2,exact,1.0,1.0,29935.0,26986.0,123.65359999239445,2,0.0,0.0,False
2,9002,FR,exact,4,2,exhaustive,1.0,1.0,29935.0,26986.0,104.50639999180567,2,0.0,0.0,False
2,9002,FR,exact,4,2,fixed50,0.5,0.5,30008.010273635828,26710.96154623478,53.539999993517995,2,0.002438960201631121,0.01019189408453349,True
2,9002,FR,exact,4,2,fixed25,0.25,0.25,29838.74571827542,26860.80295068875,37.14260000560898,2,0.0032154428503284194,0.004639333332514987,True
2,9002,FR,exact,4,2,fixed10,0.1,0.1,29641.9087256723,26128.62100475993,19.72669998940546,2,0.009790922810345761,0.031771251583786755,True
2,9002,FR,exact,4,2,adaptive,1.0,1.0,29935.0,26986.0,120.40559999877587,2,0.0,0.0,False
2,9002,FR,exact,4,2,nsga2,1.0,1.0,29935.0,26986.0,118.74849999730941,2,0.0,0.0,False
2,9002,ES,exact,4,2,exhaustive,1.0,1.0,18254.0,9984.0,52.788900007726625,2,0.0,0.0,False
2,9002,ES,exact,4,2,fixed10,0.1,0.1,17655.61756702229,8384.557486602067,12.99279999511782,2,0.03278089366592029,0.16020057225540194,True
2,9002,ES,exact,4,2,exact,1.0,1.0,18254.0,9984.0,59.341300002415664,2,0.0,0.0,False
2,9002,ES,exact,4,2,fixed75,0.75,0.75,18264.61148711761,10067.193501644586,63.42550000408664,2,0.0005813239354448626,0.008332682456388815,True
2,9002,ES,exact,4,2,nsga2,1.0,1.0,18254.0,9984.0,62.588699991465546,2,0.0,0.0,False
2,9002,ES,exact,4,2,fixed50,0.5,0.5,18224.86490618816,9888.211711115493,36.29720000026282,2,0.00159609366779014,0.009594179575771933,True
2,9002,ES,exact,4,2,fixed25,0.25,0.25,18014.412953743067,9978.249148847828,19.107500003883615,2,0.013125180577239662,0.000576006725978755,True
2,9002,ES,exact,4,2,adaptive,1.0,1.0,18254.0,9984.0,72.70379998954013,2,0.0,0.0,False
2,9002,IT,exact,4,2,fixed25,0.25,0.25,17054.710598826678,8561.98152772104,30.57089999492746,2,0.0016862797384398916,0.015751060153921137,True
2,9002,IT,exact,4,2,nsga2,1.0,1.0,17026.0,8699.0,78.47540000511799,2,0.0,0.0,False
2,9002,IT,exact,4,2,fixed10,0.1,0.1,16798.742222347395,7702.093505134457,15.193100000033155,2,0.013347690452989839,0.11460012586108095,True
2,9002,IT,exact,4,2,fixed75,0.75,0.75,17096.00681255701,8779.075334180015,56.60670000361279,2,0.004111759224539561,0.009205119459709792,True
2,9002,IT,exact,4,2,exhaustive,1.0,1.0,17026.0,8699.0,56.76780000794679,2,0.0,0.0,False
2,9002,IT,exact,4,2,fixed50,0.5,0.5,16962.527940677213,8561.256865484796,34.227199997985736,2,0.0037279489793719408,0.01583436423901639,True
2,9002,IT,exact,4,2,adaptive,1.0,1.0,17026.0,8699.0,54.807399996207096,2,0.0,0.0,False
2,9002,IT,exact,4,2,exact,1.0,1.0,17026.0,8699.0,80.04590000200551,2,0.0,0.0,False
3,9003,FR,performance,0,0,fixed10,0.1,0.1,29920.89139603157,27493.548967695147,27.164899991475977,2,0.00047130796620780167,0.01880786213944814,False
3,9003,FR,performance,0,0,nsga2,1.0,0.35,29935.0,25950.07099670026,49.309200010611676,2,0.0,0.038387645568062755,False
3,9003,FR,performance,0,0,fixed75,0.75,0.75,29632.19014011246,26221.898618400657,84.83400000841357,2,0.010115579084267258,0.02831473288369313,False
3,9003,FR,performance,0,0,adaptive,0.25,0.35,29854.740757524025,25950.07099670026,48.54459999478422,4,0.0026811171697335907,0.038387645568062755,False
3,9003,FR,performance,0,0,fixed25,0.25,0.25,29854.740757524025,27134.400104770062,28.842100000474602,2,0.0026811171697335907,0.005499151588603801,False
3,9003,FR,performance,0,0,exact,1.0,1.0,29935.0,26986.0,89.82310000283178,2,0.0,0.0,False
3,9003,FR,performance,0,0,fixed50,0.5,0.5,29507.876769075232,25991.52819619404,72.14740000199527,2,0.014268355801729346,0.03685139716171193,False
3,9003,FR,performance,0,0,exhaustive,0.25,0.35,29854.740757524025,25950.07099670026,46.540099996491335,2,0.0026811171697335907,0.038387645568062755,False
3,9003,ES,performance,0,0,exhaustive,0.25,0.35,18134.375748107614,9612.652402623837,46.565900003770366,2,0.006553317184857368,0.03719427057052918,False
3,9003,ES,performance,0,0,fixed75,0.75,0.75,18239.293940006264,10003.319873505847,88.11290000448935,2,0.000805634928987391,0.0019350834841593322,False
3,9003,ES,performance,0,0,fixed10,0.1,0.1,17874.81823659029,7312.114087152965,21.908100010477938,2,0.02077253004326228,0.267616778129711,True
3,9003,ES,performance,0,0,fixed25,0.25,0.25,18134.375748107614,9591.994343085977,43.30639999534469,2,0.006553317184857368,0.039263387110779584,False
3,9003,ES,performance,0,0,exact,1.0,1.0,18254.0,9984.0,55.39450001379009,2,0.0,0.0,False
3,9003,ES,performance,0,0,nsga2,0.25,0.35,18134.375748107614,9612.652402623837,35.98049998981878,2,0.006553317184857368,0.03719427057052918,False
3,9003,ES,performance,0,0,fixed50,0.5,0.5,18232.86704226113,10008.117269455617,52.127199989627115,2,0.0011577165409702795,0.002415591892589857,False
3,9003,ES,performance,0,0,adaptive,0.25,0.35,18134.375748107614,9612.652402623837,44.921399996383116,4,0.006553317184857368,0.03719427057052918,False
3,9003,IT,performance,0,0,exhaustive,0.25,0.35,17322.627506240835,8426.410191236215,32.333799987100065,2,0.017422031377941672,0.03133576373879586,False
3,9003,IT,performance,0,0,nsga2,0.25,0.35,17322.627506240835,8426.410191236215,27.87200000602752,2,0.017422031377941672,0.03133576373879586,False
3,9003,IT,performance,0,0,fixed75,0.75,0.75,17163.964439013787,8732.944380524259,42.06750000594184,2,0.00810316216455934,0.0039021014512310645,False
3,9003,IT,performance,0,0,exact,1.0,1.0,17026.0,8699.0,48.442699990118854,2,0.0,0.0,False
3,9003,IT,performance,0,0,adaptive,0.25,0.35,17322.627506240835,8426.410191236215,39.40209999564104,4,0.017422031377941672,0.03133576373879586,False
3,9003,IT,performance,0,0,fixed25,0.25,0.25,17322.627506240835,8883.860532522582,24.941700001363643,2,0.017422031377941672,0.021250779689916278,False
3,9003,IT,performance,0,0,fixed50,0.5,0.5,17152.57867241024,8605.222236876176,34.158500013290904,2,0.007434433948680839,0.0107802923466863,False
3,9003,IT,performance,0,0,fixed10,0.1,0.1,16858.524223138666,8677.042050088185,14.702200001920573,2,0.0098364722695486,0.002524192425774845,False
3,9003,DE,performance,0,0,fixed50,0.5,0.5,19759.27449818007,11506.936748707158,35.163699998520315,2,0.0024598900353356456,0.021269307756472088,False
3,9003,DE,performance,0,0,nsga2,1.0,0.35,19808.0,11633.354652366888,44.79410000203643,2,0.0,0.010516743015489638,False
3,9003,DE,performance,0,0,exhaustive,1.0,0.35,19808.0,11633.354652366888,33.958899992285296,2,0.0,0.010516743015489638,False
3,9003,DE,performance,0,0,fixed10,0.1,0.1,19319.54992237936,10431.949431004896,16.935899999225512,2,0.024659232513158345,0.11270311890746824,False
3,9003,DE,performance,0,0,fixed25,0.25,0.25,19541.939201984987,11780.771575736468,26.179599997703917,2,0.013431986975717515,0.00202190828752808,False
3,9003,DE,performance,0,0,fixed75,0.75,0.75,19798.32184107343,11683.55114704434,51.09929999161977,2,0.0004885984918502715,0.006247244446343471,False
3,9003,DE,performance,0,0,adaptive,1.0,0.35,19808.0,11633.354652366888,40.3923000121722,4,0.0,0.010516743015489638,False
3,9003,DE,performance,0,0,exact,1.0,1.0,19808.0,11757.0,50.259899988304824,2,0.0,0.0,False
3,9003,NL,performance,0,0,adaptive,0.35,0.35,15245.071622148616,6798.395018366305,38.659400001051836,4,0.01789888643577595,0.029903805236525468,False
3,9003,NL,performance,0,0,fixed50,0.5,0.5,15086.027031565853,6702.720711212887,31.236499999067746,2,0.007279630871726826,0.015409894139204239,False
3,9003,NL,performance,0,0,fixed25,0.25,0.25,15291.25752166781,6727.271200352246,19.95280000846833,2,0.020982674879335687,0.01912910170462742,False
3,9003,NL,performance,0,0,fixed75,0.75,0.75,15015.970441987914,6561.241023807133,35.72899999562651,2,0.0026020192286782705,0.006023174699722256,False
3,9003,NL,performance,0,0,fixed10,0.1,0.1,15672.847874111776,8384.557486602067,14.831300009973347,2,0.04646109862534393,0.2701950441754381,True
3,9003,NL,performance,0,0,exact,1.0,1.0,14977.0,6601.0,40.696800002478994,2,0.0,0.0,False
3,9003,NL,performance,0,0,nsga2,0.35,0.35,15245.071622148616,6798.395018366305,25.469899992458522,2,0.01789888643577595,0.029903805236525468,False
3,9003,NL,performance,0,0,exhaustive,0.35,0.35,15245.071622148616,6798.395018366305,22.835499999928288,2,0.01789888643577595,0.029903805236525468,False
3,9003,FR,performance,0,1,exhaustive,0.25,0.35,29854.740757524025,25950.07099670026,40.66759999841452,2,0.0026811171697335907,0.038387645568062755,False
3,9003,FR,performance,0,1,nsga2,1.0,0.35,29935.0,25950.07099670026,44.75679999450222,2,0.0,0.038387645568062755,False
3,9003,FR,performance,0,1,fixed75,0.75,0.75,29632.19014011246,26221.898618400657,81.44140000513289,2,0.010115579084267258,0.02831473288369313,False
3,9003,FR,performance,0,1,exact,1.0,1.0,29935.0,26986.0,86.7306999862194,2,0.0,0.0,False
3,9003,FR,performance,0,1,adaptive,0.25,0.35,29854.740757524025,25950.07099670026,39.74989999551326,2,0.0026811171697335907,0.038387645568062755,False
3,9003,FR,performance,0,1,fixed25,0.25,0.25,29854.740757524025,27134.400104770062,36.868900002446026,2,0.0026811171697335907,0.005499151588603801,False
3,9003,FR,performance,0,1,fixed50,0.5,0.5,29507.876769075232,25991.52819619404,53.311900002881885,2,0.014268355801729346,0.03685139716171193,False
3,9003,FR,performance,0,1,fixed10,0.1,0.1,29920.89139603157,27493.548967695147,15.975000002072193,2,0.00047130796620780167,0.01880786213944814,False
3,9003,DE,performance,0,1,exhaustive,1.0,0.35,19808.0,11633.354652366888,26.865199994063005,2,0.0,0.010516743015489638,False
3,9003,DE,performance,0,1,fixed75,0.75,0.75,19798.32184107343,11683.55114704434,71.37559998955112,2,0.0004885984918502715,0.006247244446343471,False
3,9003,DE,performance,0,1,fixed10,0.1,0.1,19319.54992237936,10431.949431004896,23.62350000475999,2,0.024659232513158345,0.11270311890746824,False
3,9003,DE,performance,0,1,fixed25,0.25,0.25,19541.939201984987,11780.771575736468,28.265100001590326,2,0.013431986975717515,0.00202190828752808,False
3,9003,DE,performance,0,1,exact,1.0,1.0,19808.0,11757.0,65.63529999402817,2,0.0,0.0,False
3,9003,DE,performance,0,1,nsga2,1.0,0.35,19808.0,11633.354652366888,26.660500006983057,2,0.0,0.010516743015489638,False
3,9003,DE,performance,0,1,fixed50,0.5,0.5,19759.27449818007,11506.936748707158,36.078599994652905,2,0.0024598900353356456,0.021269307756472088,False
3,9003,DE,performance,0,1,adaptive,1.0,0.35,19808.0,11633.354652366888,29.656500002602115,2,0.0,0.010516743015489638,False
3,9003,ES,performance,0,1,fixed10,0.1,0.1,17874.81823659029,7312.114087152965,11.229299998376518,2,0.02077253004326228,0.267616778129711,True
3,9003,ES,performance,0,1,nsga2,0.25,0.35,18134.375748107614,9612.652402623837,22.4675999925239,2,0.006553317184857368,0.03719427057052918,False
3,9003,ES,performance,0,1,fixed75,0.75,0.75,18239.293940006264,10003.319873505847,42.5416999933077,2,0.000805634928987391,0.0019350834841593322,False
3,9003,ES,performance,0,1,adaptive,0.25,0.35,18134.375748107614,9612.652402623837,31.132500007515773,2,0.006553317184857368,0.03719427057052918,False
3,9003,ES,performance,0,1,fixed25,0.25,0.25,18134.375748107614,9591.994343085977,22.882599994773045,2,0.006553317184857368,0.039263387110779584,False
3,9003,ES,performance,0,1,exact,1.0,1.0,18254.0,9984.0,95.83989999373443,2,0.0,0.0,False
3,9003,ES,performance,0,1,fixed50,0.5,0.5,18232.86704226113,10008.117269455617,52.44630000379402,2,0.0011577165409702795,0.002415591892589857,False
3,9003,ES,performance,0,1,exhaustive,0.25,0.35,18134.375748107614,9612.652402623837,25.358799990499392,2,0.006553317184857368,0.03719427057052918,False
3,9003,NL,performance,0,1,fixed10,0.1,0.1,15672.847874111776,8384.557486602067,25.785899997572415,2,0.04646109862534393,0.2701950441754381,True
3,9003,NL,performance,0,1,exact,1.0,1.0,14977.0,6601.0,36.56330000376329,2,0.0,0.0,False
3,9003,NL,performance,0,1,exhaustive,0.35,0.35,15245.071622148616,6798.395018366305,25.957100006053224,2,0.01789888643577595,0.029903805236525468,False
3,9003,NL,performance,0,1,fixed75,0.75,0.75,15015.970441987914,6561.241023807133,37.83380000095349,2,0.0026020192286782705,0.006023174699722256,False
3,9003,NL,performance,0,1,fixed25,0.25,0.25,15291.25752166781,6727.271200352246,18.013699998846278,2,0.020982674879335687,0.01912910170462742,False
3,9003,NL,performance,0,1,nsga2,0.35,0.35,15245.071622148616,6798.395018366305,24.406999989878386,2,0.01789888643577595,0.029903805236525468,False
3,9003,NL,performance,0,1,fixed50,0.5,0.5,15086.027031565853,6702.720711212887,33.898299996508285,2,0.007279630871726826,0.015409894139204239,False
3,9003,NL,performance,0,1,adaptive,0.35,0.35,15245.071622148616,6798.395018366305,23.710499997832812,2,0.01789888643577595,0.029903805236525468,False
3,9003,IT,performance,0,1,adaptive,0.25,0.35,17322.627506240835,8426.410191236215,26.74789998854976,2,0.017422031377941672,0.03133576373879586,False
3,9003,IT,performance,0,1,fixed50,0.5,0.5,17152.57867241024,8605.222236876176,38.19429999566637,2,0.007434433948680839,0.0107802923466863,False
3,9003,IT,performance,0,1,fixed25,0.25,0.25,17322.627506240835,8883.860532522582,27.29729999555275,2,0.017422031377941672,0.021250779689916278,False
3,9003,IT,performance,0,1,fixed75,0.75,0.75,17163.964439013787,8732.944380524259,73.79419999779202,2,0.00810316216455934,0.0039021014512310645,False
3,9003,IT,performance,0,1,fixed10,0.1,0.1,16858.524223138666,8677.042050088185,15.180900008999743,2,0.0098364722695486,0.002524192425774845,False
3,9003,IT,performance,0,1,exact,1.0,1.0,17026.0,8699.0,102.1247000026051,2,0.0,0.0,False
3,9003,IT,performance,0,1,nsga2,0.25,0.35,17322.627506240835,8426.410191236215,36.37610000441782,2,0.017422031377941672,0.03133576373879586,False
3,9003,IT,performance,0,1,exhaustive,0.25,0.35,17322.627506240835,8426.410191236215,36.14460000244435,2,0.017422031377941672,0.03133576373879586,False
3,9003,NL,performance,0,2,exact,1.0,1.0,14977.0,6601.0,44.703200008370914,2,0.0,0.0,False
3,9003,NL,performance,0,2,fixed25,0.25,0.25,15291.25752166781,6727.271200352246,20.03559999866411,2,0.020982674879335687,0.01912910170462742,False
3,9003,NL,performance,0,2,adaptive,0.35,0.35,15245.071622148616,6798.395018366305,37.86549999495037,2,0.01789888643577595,0.029903805236525468,False
3,9003,NL,performance,0,2,exhaustive,0.35,0.35,15245.071622148616,6798.395018366305,41.48369999893475,2,0.01789888643577595,0.029903805236525468,False
3,9003,NL,performance,0,2,fixed50,0.5,0.5,15086.027031565853,6702.720711212887,58.43720000120811,2,0.007279630871726826,0.015409894139204239,False
3,9003,NL,performance,0,2,fixed10,0.1,0.1,15672.847874111776,8384.557486602067,26.632699999026954,2,0.04646109862534393,0.2701950441754381,True
3,9003,NL,performance,0,2,nsga2,0.35,0.35,15245.071622148616,6798.395018366305,38.461799995275214,2,0.01789888643577595,0.029903805236525468,False
3,9003,NL,performance,0,2,fixed75,0.75,0.75,15015.970441987914,6561.241023807133,53.24899998959154,2,0.0026020192286782705,0.006023174699722256,False
3,9003,ES,performance,0,2,exhaustive,0.25,0.35,18134.375748107614,9612.652402623837,44.17660000035539,2,0.006553317184857368,0.03719427057052918,False
3,9003,ES,performance,0,2,nsga2,0.25,0.35,18134.375748107614,9612.652402623837,50.11749999539461,2,0.006553317184857368,0.03719427057052918,False
3,9003,ES,performance,0,2,fixed75,0.75,0.75,18239.293940006264,10003.319873505847,93.63489999668673,2,0.000805634928987391,0.0019350834841593322,False
3,9003,ES,performance,0,2,exact,1.0,1.0,18254.0,9984.0,61.28530000569299,2,0.0,0.0,False
3,9003,ES,performance,0,2,adaptive,0.25,0.35,18134.375748107614,9612.652402623837,28.852600007667206,2,0.006553317184857368,0.03719427057052918,False
3,9003,ES,performance,0,2,fixed25,0.25,0.25,18134.375748107614,9591.994343085977,22.28790000663139,2,0.006553317184857368,0.039263387110779584,False
3,9003,ES,performance,0,2,fixed50,0.5,0.5,18232.86704226113,10008.117269455617,41.432300000451505,2,0.0011577165409702795,0.002415591892589857,False
3,9003,ES,performance,0,2,fixed10,0.1,0.1,17874.81823659029,7312.114087152965,18.530799992731772,2,0.02077253004326228,0.267616778129711,True
3,9003,DE,performance,0,2,fixed10,0.1,0.1,19319.54992237936,10431.949431004896,25.47239999694284,2,0.024659232513158345,0.11270311890746824,False
3,9003,DE,performance,0,2,nsga2,1.0,0.35,19808.0,11633.354652366888,59.38829999649897,2,0.0,0.010516743015489638,False
3,9003,DE,performance,0,2,fixed75,0.75,0.75,19798.32184107343,11683.55114704434,95.78629999305122,2,0.0004885984918502715,0.006247244446343471,False
3,9003,DE,performance,0,2,adaptive,1.0,0.35,19808.0,11633.354652366888,66.51550000242423,2,0.0,0.010516743015489638,False
3,9003,DE,performance,0,2,fixed25,0.25,0.25,19541.939201984987,11780.771575736468,46.68090000632219,2,0.013431986975717515,0.00202190828752808,False
3,9003,DE,performance,0,2,exact,1.0,1.0,19808.0,11757.0,62.027399995713495,2,0.0,0.0,False
3,9003,DE,performance,0,2,fixed50,0.5,0.5,19759.27449818007,11506.936748707158,44.21310000179801,2,0.0024598900353356456,0.021269307756472088,False
3,9003,DE,performance,0,2,exhaustive,1.0,0.35,19808.0,11633.354652366888,29.429600006551482,2,0.0,0.010516743015489638,False
3,9003,IT,performance,0,2,fixed10,0.1,0.1,16858.524223138666,8677.042050088185,12.669800009462051,2,0.0098364722695486,0.002524192425774845,False
3,9003,IT,performance,0,2,exact,1.0,1.0,17026.0,8699.0,69.6485000080429,2,0.0,0.0,False
3,9003,IT,performance,0,2,exhaustive,0.25,0.35,17322.627506240835,8426.410191236215,41.00070000276901,2,0.017422031377941672,0.03133576373879586,False
3,9003,IT,performance,0,2,fixed75,0.75,0.75,17163.964439013787,8732.944380524259,79.0804999996908,2,0.00810316216455934,0.0039021014512310645,False
3,9003,IT,performance,0,2,fixed25,0.25,0.25,17322.627506240835,8883.860532522582,37.52709999389481,2,0.017422031377941672,0.021250779689916278,False
3,9003,IT,performance,0,2,nsga2,0.25,0.35,17322.627506240835,8426.410191236215,32.53189999668393,2,0.017422031377941672,0.03133576373879586,False
3,9003,IT,performance,0,2,fixed50,0.5,0.5,17152.57867241024,8605.222236876176,52.94999999750871,2,0.007434433948680839,0.0107802923466863,False
3,9003,IT,performance,0,2,adaptive,0.25,0.35,17322.627506240835,8426.410191236215,30.32750000420492,2,0.017422031377941672,0.03133576373879586,False
3,9003,FR,performance,0,2,adaptive,0.25,0.35,29854.740757524025,25950.07099670026,54.75999999907799,2,0.0026811171697335907,0.038387645568062755,False
3,9003,FR,performance,0,2,fixed50,0.5,0.5,29507.876769075232,25991.52819619404,55.877299993881024,2,0.014268355801729346,0.03685139716171193,False
3,9003,FR,performance,0,2,fixed25,0.25,0.25,29854.740757524025,27134.400104770062,37.24250000959728,2,0.0026811171697335907,0.005499151588603801,False
3,9003,FR,performance,0,2,fixed75,0.75,0.75,29632.19014011246,26221.898618400657,127.81619999441318,2,0.010115579084267258,0.02831473288369313,False
3,9003,FR,performance,0,2,fixed10,0.1,0.1,29920.89139603157,27493.548967695147,18.183100008172914,2,0.00047130796620780167,0.01880786213944814,False
3,9003,FR,performance,0,2,exact,1.0,1.0,29935.0,26986.0,104.90930000378285,2,0.0,0.0,False
3,9003,FR,performance,0,2,nsga2,1.0,0.35,29935.0,25950.07099670026,45.5422999948496,2,0.0,0.038387645568062755,False
3,9003,FR,performance,0,2,exhaustive,0.25,0.35,29854.740757524025,25950.07099670026,51.73540000396315,2,0.0026811171697335907,0.038387645568062755,False
3,9003,ES,balanced,1,0,nsga2,1.0,0.75,18254.0,10003.319873505847,73.74890000210144,2,0.0,0.0019350834841593322,False
3,9003,ES,balanced,1,0,fixed50,0.5,0.5,18232.86704226113,10008.117269455617,47.478599997702986,2,0.0011577165409702795,0.002415591892589857,False
3,9003,ES,balanced,1,0,fixed25,0.25,0.25,18134.375748107614,9591.994343085977,35.50750001159031,2,0.006553317184857368,0.039263387110779584,False
3,9003,ES,balanced,1,0,adaptive,1.0,0.75,18254.0,10003.319873505847,72.23869999870658,2,0.0,0.0019350834841593322,False
3,9003,ES,balanced,1,0,fixed75,0.75,0.75,18239.293940006264,10003.319873505847,54.31210000824649,2,0.000805634928987391,0.0019350834841593322,False
3,9003,ES,balanced,1,0,exact,1.0,1.0,18254.0,9984.0,87.39989998866804,2,0.0,0.0,False
3,9003,ES,balanced,1,0,exhaustive,1.0,0.75,18254.0,10003.319873505847,64.27590000384953,2,0.0,0.0019350834841593322,False
3,9003,ES,balanced,1,0,fixed10,0.1,0.1,17874.81823659029,7312.114087152965,16.76210000005085,2,0.02077253004326228,0.267616778129711,True
3,9003,FR,balanced,1,0,fixed10,0.1,0.1,29920.89139603157,27493.548967695147,29.91870000550989,2,0.00047130796620780167,0.01880786213944814,False
3,9003,FR,balanced,1,0,nsga2,1.0,0.75,29935.0,26221.898618400657,108.96650000358932,2,0.0,0.02831473288369313,False
3,9003,FR,balanced,1,0,adaptive,1.0,0.75,29935.0,26221.898618400657,123.29229999158997,2,0.0,0.02831473288369313,False
3,9003,FR,balanced,1,0,exhaustive,1.0,0.75,29935.0,26221.898618400657,87.10360000259243,2,0.0,0.02831473288369313,False
3,9003,FR,balanced,1,0,fixed75,0.75,0.75,29632.19014011246,26221.898618400657,80.59830000274815,2,0.010115579084267258,0.02831473288369313,False
3,9003,FR,balanced,1,0,exact,1.0,1.0,29935.0,26986.0,98.97530000307597,2,0.0,0.0,False
3,9003,FR,balanced,1,0,fixed25,0.25,0.25,29854.740757524025,27134.400104770062,35.480699996696785,2,0.0026811171697335907,0.005499151588603801,False
3,9003,FR,balanced,1,0,fixed50,0.5,0.5,29507.876769075232,25991.52819619404,76.08300000720192,2,0.014268355801729346,0.03685139716171193,False
3,9003,NL,balanced,1,0,nsga2,1.0,0.75,14977.0,6561.241023807133,36.53959999792278,2,0.0,0.006023174699722256,False
3,9003,NL,balanced,1,0,fixed75,0.75,0.75,15015.970441987914,6561.241023807133,46.15120000380557,2,0.0026020192286782705,0.006023174699722256,False
3,9003,NL,balanced,1,0,fixed25,0.25,0.25,15291.25752166781,6727.271200352246,26.674399996409193,2,0.020982674879335687,0.01912910170462742,True
3,9003,NL,balanced,1,0,exhaustive,1.0,0.75,14977.0,6561.241023807133,39.41579999809619,2,0.0,0.006023174699722256,False
3,9003,NL,balanced,1,0,adaptive,1.0,0.75,14977.0,6561.241023807133,58.11180001182947,2,0.0,0.006023174699722256,False
3,9003,NL,balanced,1,0,fixed50,0.5,0.5,15086.027031565853,6702.720711212887,56.47280000266619,2,0.007279630871726826,0.015409894139204239,False
3,9003,NL,balanced,1,0,exact,1.0,1.0,14977.0,6601.0,62.07889999495819,2,0.0,0.0,False
3,9003,NL,balanced,1,0,fixed10,0.1,0.1,15672.847874111776,8384.557486602067,16.120199987199157,2,0.04646109862534393,0.2701950441754381,True
3,9003,IT,balanced,1,0,fixed25,0.25,0.25,17322.627506240835,8883.860532522582,23.59759999671951,2,0.017422031377941672,0.021250779689916278,False
3,9003,IT,balanced,1,0,nsga2,1.0,0.75,17026.0,8732.944380524259,50.995499987038784,2,0.0,0.0039021014512310645,False
3,9003,IT,balanced,1,0,fixed10,0.1,0.1,16858.524223138666,8677.042050088185,17.544700007420033,2,0.0098364722695486,0.002524192425774845,False
3,9003,IT,balanced,1,0,adaptive,1.0,0.75,17026.0,8732.944380524259,45.52639999019448,2,0.0,0.0039021014512310645,False
3,9003,IT,balanced,1,0,exhaustive,1.0,0.75,17026.0,8732.944380524259,49.10799999197479,2,0.0,0.0039021014512310645,False
3,9003,IT,balanced,1,0,fixed75,0.75,0.75,17163.964439013787,8732.944380524259,71.90000000991859,2,0.00810316216455934,0.0039021014512310645,False
3,9003,IT,balanced,1,0,exact,1.0,1.0,17026.0,8699.0,52.67590000585187,2,0.0,0.0,False
3,9003,IT,balanced,1,0,fixed50,0.5,0.5,17152.57867241024,8605.222236876176,32.62589999940246,2,0.007434433948680839,0.0107802923466863,False
3,9003,DE,balanced,1,0,fixed75,0.75,0.75,19798.32184107343,11683.55114704434,79.895699993358,2,0.0004885984918502715,0.006247244446343471,False
3,9003,DE,balanced,1,0,nsga2,1.0,0.75,19808.0,11683.55114704434,79.72239999799058,2,0.0,0.006247244446343471,False
3,9003,DE,balanced,1,0,adaptive,1.0,0.75,19808.0,11683.55114704434,80.9095000004163,2,0.0,0.006247244446343471,False
3,9003,DE,balanced,1,0,fixed25,0.25,0.25,19541.939201984987,11780.771575736468,34.38909999385942,2,0.013431986975717515,0.00202190828752808,False
3,9003,DE,balanced,1,0,exhaustive,1.0,0.75,19808.0,11683.55114704434,67.15230000554584,2,0.0,0.006247244446343471,False
3,9003,DE,balanced,1,0,fixed10,0.1,0.1,19319.54992237936,10431.949431004896,16.62439999927301,2,0.024659232513158345,0.11270311890746824,True
3,9003,DE,balanced,1,0,fixed50,0.5,0.5,19759.27449818007,11506.936748707158,51.97819999011699,2,0.0024598900353356456,0.021269307756472088,False
3,9003,DE,balanced,1,0,exact,1.0,1.0,19808.0,11757.0,78.04029999533668,2,0.0,0.0,False
3,9003,ES,balanced,1,1,fixed10,0.1,0.1,17874.81823659029,7312.114087152965,16.141400003107265,2,0.02077253004326228,0.267616778129711,True
3,9003,ES,balanced,1,1,nsga2,1.0,0.75,18254.0,10003.319873505847,62.63849999231752,2,0.0,0.0019350834841593322,False
3,9003,ES,balanced,1,1,adaptive,1.0,0.75,18254.0,10003.319873505847,59.30320000334177,2,0.0,0.0019350834841593322,False
3,9003,ES,balanced,1,1,exhaustive,1.0,0.75,18254.0,10003.319873505847,46.92510000313632,2,0.0,0.0019350834841593322,False
3,9003,ES,balanced,1,1,fixed75,0.75,0.75,18239.293940006264,10003.319873505847,58.22059999627527,2,0.000805634928987391,0.0019350834841593322,False
3,9003,ES,balanced,1,1,exact,1.0,1.0,18254.0,9984.0,73.27280000026803,2,0.0,0.0,False
3,9003,ES,balanced,1,1,fixed25,0.25,0.25,18134.375748107614,9591.994343085977,24.800600003800355,2,0.006553317184857368,0.039263387110779584,False
3,9003,ES,balanced,1,1,fixed50,0.5,0.5,18232.86704226113,10008.117269455617,39.29739999875892,2,0.0011577165409702795,0.002415591892589857,False
3,9003,IT,balanced,1,1,nsga2,1.0,0.75,17026.0,8732.944380524259,48.89299999922514,2,0.0,0.0039021014512310645,False
3,9003,IT,balanced,1,1,fixed75,0.75,0.75,17163.964439013787,8732.944380524259,64.73569999798201,2,0.00810316216455934,0.0039021014512310645,False
3,9003,IT,balanced,1,1,fixed25,0.25,0.25,17322.627506240835,8883.860532522582,24.247299996204674,2,0.017422031377941672,0.021250779689916278,False
3,9003,IT,balanced,1,1,exhaustive,1.0,0.75,17026.0,8732.944380524259,63.19919999805279,2,0.0,0.0039021014512310645,False
3,9003,IT,balanced,1,1,adaptive,1.0,0.75,17026.0,8732.944380524259,45.833399999537505,2,0.0,0.0039021014512310645,False
3,9003,IT,balanced,1,1,fixed50,0.5,0.5,17152.57867241024,8605.222236876176,50.204800005303696,2,0.007434433948680839,0.0107802923466863,False
3,9003,IT,balanced,1,1,exact,1.0,1.0,17026.0,8699.0,87.12110000487883,2,0.0,0.0,False
3,9003,IT,balanced,1,1,fixed10,0.1,0.1,16858.524223138666,8677.042050088185,19.106299994746223,2,0.0098364722695486,0.002524192425774845,False
3,9003,FR,balanced,1,1,fixed25,0.25,0.25,29854.740757524025,27134.400104770062,41.09199999948032,2,0.0026811171697335907,0.005499151588603801,False
3,9003,FR,balanced,1,1,nsga2,1.0,0.75,29935.0,26221.898618400657,96.87619999749586,2,0.0,0.02831473288369313,False
3,9003,FR,balanced,1,1,fixed10,0.1,0.1,29920.89139603157,27493.548967695147,24.133400002028793,2,0.00047130796620780167,0.01880786213944814,False
3,9003,FR,balanced,1,1,adaptive,1.0,0.75,29935.0,26221.898618400657,82.56840000103693,2,0.0,0.02831473288369313,False
3,9003,FR,balanced,1,1,exhaustive,1.0,0.75,29935.0,26221.898618400657,76.02310000220314,2,0.0,0.02831473288369313,False
3,9003,FR,balanced,1,1,fixed75,0.75,0.75,29632.19014011246,26221.898618400657,71.6719999909401,2,0.010115579084267258,0.02831473288369313,False
3,9003,FR,balanced,1,1,exact,1.0,1.0,29935.0,26986.0,84.75709999038372,2,0.0,0.0,False
3,9003,FR,balanced,1,1,fixed50,0.5,0.5,29507.876769075232,25991.52819619404,50.9438000008231,2,0.014268355801729346,0.03685139716171193,False
3,9003,DE,balanced,1,1,nsga2,1.0,0.75,19808.0,11683.55114704434,51.93570000119507,2,0.0,0.006247244446343471,False
3,9003,DE,balanced,1,1,fixed50,0.5,0.5,19759.27449818007,11506.936748707158,35.42149999702815,2,0.0024598900353356456,0.021269307756472088,False
3,9003,DE,balanced,1,1,fixed25,0.25,0.25,19541.939201984987,11780.771575736468,20.8682999946177,2,0.013431986975717515,0.00202190828752808,False
3,9003,DE,balanced,1,1,adaptive,1.0,0.75,19808.0,11683.55114704434,48.1222000089474,2,0.0,0.006247244446343471,False
3,9003,DE,balanced,1,1,fixed75,0.75,0.75,19798.32184107343,11683.55114704434,47.255200013751164,2,0.0004885984918502715,0.006247244446343471,False
3,9003,DE,balanced,1,1,exact,1.0,1.0,19808.0,11757.0,56.04539999330882,2,0.0,0.0,False
3,9003,DE,balanced,1,1,exhaustive,1.0,0.75,19808.0,11683.55114704434,47.87209999631159,2,0.0,0.006247244446343471,False
3,9003,DE,balanced,1,1,fixed10,0.1,0.1,19319.54992237936,10431.949431004896,13.000400009332225,2,0.024659232513158345,0.11270311890746824,True
3,9003,NL,balanced,1,1,fixed75,0.75,0.75,15015.970441987914,6561.241023807133,33.84659999574069,2,0.0026020192286782705,0.006023174699722256,False
3,9003,NL,balanced,1,1,exact,1.0,1.0,14977.0,6601.0,60.098200003267266,2,0.0,0.0,False
3,9003,NL,balanced,1,1,fixed25,0.25,0.25,15291.25752166781,6727.271200352246,17.589099996257573,2,0.020982674879335687,0.01912910170462742,True
3,9003,NL,balanced,1,1,nsga2,1.0,0.75,14977.0,6561.241023807133,41.10450000735,2,0.0,0.006023174699722256,False
3,9003,NL,balanced,1,1,exhaustive,1.0,0.75,14977.0,6561.241023807133,35.65260001050774,2,0.0,0.006023174699722256,False
3,9003,NL,balanced,1,1,fixed50,0.5,0.5,15086.027031565853,6702.720711212887,32.16699999757111,2,0.007279630871726826,0.015409894139204239,False
3,9003,NL,balanced,1,1,fixed10,0.1,0.1,15672.847874111776,8384.557486602067,11.08399999793619,2,0.04646109862534393,0.2701950441754381,True
3,9003,NL,balanced,1,1,adaptive,1.0,0.75,14977.0,6561.241023807133,64.95169999834616,2,0.0,0.006023174699722256,False
3,9003,NL,balanced,1,2,nsga2,1.0,0.75,14977.0,6561.241023807133,34.44620000664145,2,0.0,0.006023174699722256,False
3,9003,NL,balanced,1,2,exact,1.0,1.0,14977.0,6601.0,38.93999999854714,2,0.0,0.0,False
3,9003,NL,balanced,1,2,fixed75,0.75,0.75,15015.970441987914,6561.241023807133,43.35610000998713,2,0.0026020192286782705,0.006023174699722256,False
3,9003,NL,balanced,1,2,adaptive,1.0,0.75,14977.0,6561.241023807133,43.043600002420135,2,0.0,0.006023174699722256,False
3,9003,NL,balanced,1,2,fixed10,0.1,0.1,15672.847874111776,8384.557486602067,11.881799990078434,2,0.04646109862534393,0.2701950441754381,True
3,9003,NL,balanced,1,2,exhaustive,1.0,0.75,14977.0,6561.241023807133,36.19800000160467,2,0.0,0.006023174699722256,False
3,9003,NL,balanced,1,2,fixed25,0.25,0.25,15291.25752166781,6727.271200352246,20.283100006054156,2,0.020982674879335687,0.01912910170462742,True
3,9003,NL,balanced,1,2,fixed50,0.5,0.5,15086.027031565853,6702.720711212887,30.75090001220815,2,0.007279630871726826,0.015409894139204239,False
3,9003,IT,balanced,1,2,fixed75,0.75,0.75,17163.964439013787,8732.944380524259,40.94809999514837,2,0.00810316216455934,0.0039021014512310645,False
3,9003,IT,balanced,1,2,exact,1.0,1.0,17026.0,8699.0,45.13669999141712,2,0.0,0.0,False
3,9003,IT,balanced,1,2,fixed25,0.25,0.25,17322.627506240835,8883.860532522582,19.574699996155687,2,0.017422031377941672,0.021250779689916278,False
3,9003,IT,balanced,1,2,nsga2,1.0,0.75,17026.0,8732.944380524259,40.84750000038184,2,0.0,0.0039021014512310645,False
3,9003,IT,balanced,1,2,exhaustive,1.0,0.75,17026.0,8732.944380524259,43.37800000212155,2,0.0,0.0039021014512310645,False
3,9003,IT,balanced,1,2,fixed50,0.5,0.5,17152.57867241024,8605.222236876176,32.652399997459725,2,0.007434433948680839,0.0107802923466863,False
3,9003,IT,balanced,1,2,fixed10,0.1,0.1,16858.524223138666,8677.042050088185,14.940299995942041,2,0.0098364722695486,0.002524192425774845,False
3,9003,IT,balanced,1,2,adaptive,1.0,0.75,17026.0,8732.944380524259,46.348999996553175,2,0.0,0.0039021014512310645,False
3,9003,DE,balanced,1,2,fixed10,0.1,0.1,19319.54992237936,10431.949431004896,13.205399998696521,2,0.024659232513158345,0.11270311890746824,True
3,9003,DE,balanced,1,2,nsga2,1.0,0.75,19808.0,11683.55114704434,49.119499992229976,2,0.0,0.006247244446343471,False
3,9003,DE,balanced,1,2,adaptive,1.0,0.75,19808.0,11683.55114704434,48.6388999997871,2,0.0,0.006247244446343471,False
3,9003,DE,balanced,1,2,exhaustive,1.0,0.75,19808.0,11683.55114704434,45.26300000725314,2,0.0,0.006247244446343471,False
3,9003,DE,balanced,1,2,fixed75,0.75,0.75,19798.32184107343,11683.55114704434,57.4268999916967,2,0.0004885984918502715,0.006247244446343471,False
3,9003,DE,balanced,1,2,exact,1.0,1.0,19808.0,11757.0,51.57750000944361,2,0.0,0.0,False
3,9003,DE,balanced,1,2,fixed25,0.25,0.25,19541.939201984987,11780.771575736468,19.933100003981963,2,0.013431986975717515,0.00202190828752808,False
3,9003,DE,balanced,1,2,fixed50,0.5,0.5,19759.27449818007,11506.936748707158,32.96229999978095,2,0.0024598900353356456,0.021269307756472088,False
3,9003,FR,balanced,1,2,nsga2,1.0,0.75,29935.0,26221.898618400657,71.89539998944383,2,0.0,0.02831473288369313,False
3,9003,FR,balanced,1,2,fixed75,0.75,0.75,29632.19014011246,26221.898618400657,75.9193999983836,2,0.010115579084267258,0.02831473288369313,False
3,9003,FR,balanced,1,2,fixed25,0.25,0.25,29854.740757524025,27134.400104770062,28.74510000401642,2,0.0026811171697335907,0.005499151588603801,False
3,9003,FR,balanced,1,2,exhaustive,1.0,0.75,29935.0,26221.898618400657,66.26949999190401,2,0.0,0.02831473288369313,False
3,9003,FR,balanced,1,2,adaptive,1.0,0.75,29935.0,26221.898618400657,69.94940000004135,2,0.0,0.02831473288369313,False
3,9003,FR,balanced,1,2,fixed50,0.5,0.5,29507.876769075232,25991.52819619404,55.69670000113547,2,0.014268355801729346,0.03685139716171193,False
3,9003,FR,balanced,1,2,exact,1.0,1.0,29935.0,26986.0,79.2793000000529,2,0.0,0.0,False
3,9003,FR,balanced,1,2,fixed10,0.1,0.1,29920.89139603157,27493.548967695147,15.822599991224706,2,0.00047130796620780167,0.01880786213944814,False
3,9003,ES,balanced,1,2,fixed25,0.25,0.25,18134.375748107614,9591.994343085977,18.040800001472235,2,0.006553317184857368,0.039263387110779584,False
3,9003,ES,balanced,1,2,nsga2,1.0,0.75,18254.0,10003.319873505847,54.640599992126226,2,0.0,0.0019350834841593322,False
3,9003,ES,balanced,1,2,fixed10,0.1,0.1,17874.81823659029,7312.114087152965,16.779500001575798,2,0.02077253004326228,0.267616778129711,True
3,9003,ES,balanced,1,2,adaptive,1.0,0.75,18254.0,10003.319873505847,44.0249999955995,2,0.0,0.0019350834841593322,False
3,9003,ES,balanced,1,2,exhaustive,1.0,0.75,18254.0,10003.319873505847,41.216900004656054,2,0.0,0.0019350834841593322,False
3,9003,ES,balanced,1,2,fixed75,0.75,0.75,18239.293940006264,10003.319873505847,48.56929999368731,2,0.000805634928987391,0.0019350834841593322,False
3,9003,ES,balanced,1,2,exact,1.0,1.0,18254.0,9984.0,52.52959999779705,2,0.0,0.0,False
3,9003,ES,balanced,1,2,fixed50,0.5,0.5,18232.86704226113,10008.117269455617,39.455899997847155,2,0.0011577165409702795,0.002415591892589857,False
3,9003,DE,quality,2,0,adaptive,1.0,1.0,19808.0,11757.0,49.663999991025776,2,0.0,0.0,False
3,9003,DE,quality,2,0,fixed10,0.1,0.1,19319.54992237936,10431.949431004896,12.594400002853945,2,0.024659232513158345,0.11270311890746824,True
3,9003,DE,quality,2,0,exact,1.0,1.0,19808.0,11757.0,56.1565999960294,2,0.0,0.0,False
3,9003,DE,quality,2,0,nsga2,1.0,1.0,19808.0,11757.0,52.907300007063895,2,0.0,0.0,False
3,9003,DE,quality,2,0,exhaustive,1.0,1.0,19808.0,11757.0,51.61949999455828,2,0.0,0.0,False
3,9003,DE,quality,2,0,fixed50,0.5,0.5,19759.27449818007,11506.936748707158,33.109199997852556,2,0.0024598900353356456,0.021269307756472088,True
3,9003,DE,quality,2,0,fixed75,0.75,0.75,19798.32184107343,11683.55114704434,45.211000004201196,2,0.0004885984918502715,0.006247244446343471,False
3,9003,DE,quality,2,0,fixed25,0.25,0.25,19541.939201984987,11780.771575736468,25.678800011519343,2,0.013431986975717515,0.00202190828752808,True
3,9003,FR,quality,2,0,fixed75,0.75,0.75,29632.19014011246,26221.898618400657,81.65290000033565,2,0.010115579084267258,0.02831473288369313,True
3,9003,FR,quality,2,0,exhaustive,1.0,1.0,29935.0,26986.0,118.26529999962077,2,0.0,0.0,False
3,9003,FR,quality,2,0,adaptive,1.0,1.0,29935.0,26986.0,79.15220000722911,2,0.0,0.0,False
3,9003,FR,quality,2,0,exact,1.0,1.0,29935.0,26986.0,80.80669998889789,2,0.0,0.0,False
3,9003,FR,quality,2,0,fixed50,0.5,0.5,29507.876769075232,25991.52819619404,52.3168999934569,2,0.014268355801729346,0.03685139716171193,True
3,9003,FR,quality,2,0,fixed25,0.25,0.25,29854.740757524025,27134.400104770062,29.676499994820915,2,0.0026811171697335907,0.005499151588603801,False
3,9003,FR,quality,2,0,fixed10,0.1,0.1,29920.89139603157,27493.548967695147,16.98269999178592,2,0.00047130796620780167,0.01880786213944814,False
3,9003,FR,quality,2,0,nsga2,1.0,1.0,29935.0,26986.0,84.7384999942733,2,0.0,0.0,False
3,9003,NL,quality,2,0,fixed25,0.25,0.25,15291.25752166781,6727.271200352246,18.235899988212623,2,0.020982674879335687,0.01912910170462742,True
3,9003,NL,quality,2,0,fixed50,0.5,0.5,15086.027031565853,6702.720711212887,43.771200012997724,2,0.007279630871726826,0.015409894139204239,False
3,9003,NL,quality,2,0,fixed75,0.75,0.75,15015.970441987914,6561.241023807133,37.09779999917373,2,0.0026020192286782705,0.006023174699722256,False
3,9003,NL,quality,2,0,fixed10,0.1,0.1,15672.847874111776,8384.557486602067,12.158300000010058,2,0.04646109862534393,0.2701950441754381,True
3,9003,NL,quality,2,0,nsga2,1.0,1.0,14977.0,6601.0,38.28320000320673,2,0.0,0.0,False
3,9003,NL,quality,2,0,adaptive,1.0,1.0,14977.0,6601.0,37.04349999316037,2,0.0,0.0,False
3,9003,NL,quality,2,0,exact,1.0,1.0,14977.0,6601.0,44.3851000018185,2,0.0,0.0,False
3,9003,NL,quality,2,0,exhaustive,1.0,1.0,14977.0,6601.0,38.52980000374373,2,0.0,0.0,False
3,9003,IT,quality,2,0,exact,1.0,1.0,17026.0,8699.0,62.934799992945045,2,0.0,0.0,False
3,9003,IT,quality,2,0,nsga2,1.0,1.0,17026.0,8699.0,47.03020000306424,2,0.0,0.0,False
3,9003,IT,quality,2,0,fixed10,0.1,0.1,16858.524223138666,8677.042050088185,11.611499998252839,2,0.0098364722695486,0.002524192425774845,False
3,9003,IT,quality,2,0,exhaustive,1.0,1.0,17026.0,8699.0,72.96789999236353,2,0.0,0.0,False
3,9003,IT,quality,2,0,fixed25,0.25,0.25,17322.627506240835,8883.860532522582,24.38780000375118,2,0.017422031377941672,0.021250779689916278,True
3,9003,IT,quality,2,0,fixed50,0.5,0.5,17152.57867241024,8605.222236876176,37.3152999964077,2,0.007434433948680839,0.0107802923466863,False
3,9003,IT,quality,2,0,fixed75,0.75,0.75,17163.964439013787,8732.944380524259,47.71560001245234,2,0.00810316216455934,0.0039021014512310645,False
3,9003,IT,quality,2,0,adaptive,1.0,1.0,17026.0,8699.0,45.286799999303184,2,0.0,0.0,False
3,9003,ES,quality,2,0,adaptive,1.0,1.0,18254.0,9984.0,52.54889999923762,2,0.0,0.0,False
3,9003,ES,quality,2,0,fixed25,0.25,0.25,18134.375748107614,9591.994343085977,23.195600006147288,2,0.006553317184857368,0.039263387110779584,True
3,9003,ES,quality,2,0,fixed10,0.1,0.1,17874.81823659029,7312.114087152965,13.170899997930974,2,0.02077253004326228,0.267616778129711,True
3,9003,ES,quality,2,0,exhaustive,1.0,1.0,18254.0,9984.0,49.255099991569296,2,0.0,0.0,False
3,9003,ES,quality,2,0,fixed75,0.75,0.75,18239.293940006264,10003.319873505847,50.47089999425225,2,0.000805634928987391,0.0019350834841593322,False
3,9003,ES,quality,2,0,fixed50,0.5,0.5,18232.86704226113,10008.117269455617,42.51790000125766,2,0.0011577165409702795,0.002415591892589857,False
3,9003,ES,quality,2,0,nsga2,1.0,1.0,18254.0,9984.0,67.30249999964144,2,0.0,0.0,False
3,9003,ES,quality,2,0,exact,1.0,1.0,18254.0,9984.0,51.82690000219736,2,0.0,0.0,False
3,9003,NL,quality,2,1,exhaustive,1.0,1.0,14977.0,6601.0,63.40719999570865,2,0.0,0.0,False
3,9003,NL,quality,2,1,exact,1.0,1.0,14977.0,6601.0,83.35109999461565,2,0.0,0.0,False
3,9003,NL,quality,2,1,fixed50,0.5,0.5,15086.027031565853,6702.720711212887,32.6401999918744,2,0.007279630871726826,0.015409894139204239,False
3,9003,NL,quality,2,1,fixed25,0.25,0.25,15291.25752166781,6727.271200352246,20.360599999548867,2,0.020982674879335687,0.01912910170462742,True
3,9003,NL,quality,2,1,adaptive,1.0,1.0,14977.0,6601.0,56.78939999779686,2,0.0,0.0,False
3,9003,NL,quality,2,1,fixed10,0.1,0.1,15672.847874111776,8384.557486602067,13.508999996702187,2,0.04646109862534393,0.2701950441754381,True
3,9003,NL,quality,2,1,fixed75,0.75,0.75,15015.970441987914,6561.241023807133,77.83759999438189,2,0.0026020192286782705,0.006023174699722256,False
3,9003,NL,quality,2,1,nsga2,1.0,1.0,14977.0,6601.0,58.225800006766804,2,0.0,0.0,False
3,9003,ES,quality,2,1,fixed75,0.75,0.75,18239.293940006264,10003.319873505847,48.64500000257976,2,0.000805634928987391,0.0019350834841593322,False
3,9003,ES,quality,2,1,exhaustive,1.0,1.0,18254.0,9984.0,59.03629999374971,2,0.0,0.0,False
3,9003,ES,quality,2,1,adaptive,1.0,1.0,18254.0,9984.0,66.41870000748895,2,0.0,0.0,False
3,9003,ES,quality,2,1,exact,1.0,1.0,18254.0,9984.0,87.7937000041129,2,0.0,0.0,False
3,9003,ES,quality,2,1,fixed50,0.5,0.5,18232.86704226113,10008.117269455617,58.62840000190772,2,0.0011577165409702795,0.002415591892589857,False
3,9003,ES,quality,2,1,fixed25,0.25,0.25,18134.375748107614,9591.994343085977,28.557600002386607,2,0.006553317184857368,0.039263387110779584,True
3,9003,ES,quality,2,1,fixed10,0.1,0.1,17874.81823659029,7312.114087152965,18.835199996829033,2,0.02077253004326228,0.267616778129711,True
3,9003,ES,quality,2,1,nsga2,1.0,1.0,18254.0,9984.0,59.96299999242183,2,0.0,0.0,False
3,9003,FR,quality,2,1,exact,1.0,1.0,29935.0,26986.0,94.21669998846482,2,0.0,0.0,False
3,9003,FR,quality,2,1,nsga2,1.0,1.0,29935.0,26986.0,114.99360000016168,2,0.0,0.0,False
3,9003,FR,quality,2,1,fixed10,0.1,0.1,29920.89139603157,27493.548967695147,28.38089999568183,2,0.00047130796620780167,0.01880786213944814,False
3,9003,FR,quality,2,1,exhaustive,1.0,1.0,29935.0,26986.0,111.2691000016639,2,0.0,0.0,False
3,9003,FR,quality,2,1,fixed25,0.25,0.25,29854.740757524025,27134.400104770062,32.62939999694936,2,0.0026811171697335907,0.005499151588603801,False
3,9003,FR,quality,2,1,fixed50,0.5,0.5,29507.876769075232,25991.52819619404,55.78369999420829,2,0.014268355801729346,0.03685139716171193,True
3,9003,FR,quality,2,1,fixed75,0.75,0.75,29632.19014011246,26221.898618400657,85.409699997399,2,0.010115579084267258,0.02831473288369313,True
3,9003,FR,quality,2,1,adaptive,1.0,1.0,29935.0,26986.0,86.87480000662617,2,0.0,0.0,False
3,9003,IT,quality,2,1,fixed25,0.25,0.25,17322.627506240835,8883.860532522582,21.012400000472553,2,0.017422031377941672,0.021250779689916278,True
3,9003,IT,quality,2,1,fixed50,0.5,0.5,17152.57867241024,8605.222236876176,31.07830000226386,2,0.007434433948680839,0.0107802923466863,False
3,9003,IT,quality,2,1,fixed75,0.75,0.75,17163.964439013787,8732.944380524259,43.82449999684468,2,0.00810316216455934,0.0039021014512310645,False
3,9003,IT,quality,2,1,fixed10,0.1,0.1,16858.524223138666,8677.042050088185,12.909800003399141,2,0.0098364722695486,0.002524192425774845,False
3,9003,IT,quality,2,1,nsga2,1.0,1.0,17026.0,8699.0,44.946099995286204,2,0.0,0.0,False
3,9003,IT,quality,2,1,adaptive,1.0,1.0,17026.0,8699.0,42.4061000085203,2,0.0,0.0,False
3,9003,IT,quality,2,1,exact,1.0,1.0,17026.0,8699.0,47.01769999519456,2,0.0,0.0,False
3,9003,IT,quality,2,1,exhaustive,1.0,1.0,17026.0,8699.0,44.03069999534637,2,0.0,0.0,False
3,9003,DE,quality,2,1,adaptive,1.0,1.0,19808.0,11757.0,50.90620000555646,2,0.0,0.0,False
3,9003,DE,quality,2,1,fixed25,0.25,0.25,19541.939201984987,11780.771575736468,29.2704000021331,2,0.013431986975717515,0.00202190828752808,True
3,9003,DE,quality,2,1,fixed10,0.1,0.1,19319.54992237936,10431.949431004896,13.407199992798269,2,0.024659232513158345,0.11270311890746824,True
3,9003,DE,quality,2,1,exhaustive,1.0,1.0,19808.0,11757.0,56.29959999350831,2,0.0,0.0,False
3,9003,DE,quality,2,1,fixed75,0.75,0.75,19798.32184107343,11683.55114704434,63.05740000971127,2,0.0004885984918502715,0.006247244446343471,False
3,9003,DE,quality,2,1,fixed50,0.5,0.5,19759.27449818007,11506.936748707158,57.42510000709444,2,0.0024598900353356456,0.021269307756472088,True
3,9003,DE,quality,2,1,nsga2,1.0,1.0,19808.0,11757.0,57.73090000730008,2,0.0,0.0,False
3,9003,DE,quality,2,1,exact,1.0,1.0,19808.0,11757.0,70.95059999846853,2,0.0,0.0,False
3,9003,DE,quality,2,2,fixed75,0.75,0.75,19798.32184107343,11683.55114704434,59.280500005115755,2,0.0004885984918502715,0.006247244446343471,False
3,9003,DE,quality,2,2,exhaustive,1.0,1.0,19808.0,11757.0,55.30700000235811,2,0.0,0.0,False
3,9003,DE,quality,2,2,adaptive,1.0,1.0,19808.0,11757.0,59.748799991211854,2,0.0,0.0,False
3,9003,DE,quality,2,2,exact,1.0,1.0,19808.0,11757.0,66.657799994573,2,0.0,0.0,False
3,9003,DE,quality,2,2,fixed50,0.5,0.5,19759.27449818007,11506.936748707158,50.060299996403046,2,0.0024598900353356456,0.021269307756472088,True
3,9003,DE,quality,2,2,fixed25,0.25,0.25,19541.939201984987,11780.771575736468,25.747000006958842,2,0.013431986975717515,0.00202190828752808,True
3,9003,DE,quality,2,2,fixed10,0.1,0.1,19319.54992237936,10431.949431004896,17.268700001295656,2,0.024659232513158345,0.11270311890746824,True
3,9003,DE,quality,2,2,nsga2,1.0,1.0,19808.0,11757.0,52.090199998929165,2,0.0,0.0,False
3,9003,FR,quality,2,2,fixed25,0.25,0.25,29854.740757524025,27134.400104770062,30.40230000624433,2,0.0026811171697335907,0.005499151588603801,False
3,9003,FR,quality,2,2,fixed50,0.5,0.5,29507.876769075232,25991.52819619404,43.47000000416301,2,0.014268355801729346,0.03685139716171193,True
3,9003,FR,quality,2,2,fixed75,0.75,0.75,29632.19014011246,26221.898618400657,61.975700009497814,2,0.010115579084267258,0.02831473288369313,True
3,9003,FR,quality,2,2,fixed10,0.1,0.1,29920.89139603157,27493.548967695147,13.846700006979518,2,0.00047130796620780167,0.01880786213944814,False
3,9003,FR,quality,2,2,nsga2,1.0,1.0,29935.0,26986.0,84.52049999323208,2,0.0,0.0,False
3,9003,FR,quality,2,2,adaptive,1.0,1.0,29935.0,26986.0,65.82589999015909,2,0.0,0.0,False
3,9003,FR,quality,2,2,exact,1.0,1.0,29935.0,26986.0,107.37050000170711,2,0.0,0.0,False
3,9003,FR,quality,2,2,exhaustive,1.0,1.0,29935.0,26986.0,89.60619999561459,2,0.0,0.0,False
3,9003,NL,quality,2,2,fixed25,0.25,0.25,15291.25752166781,6727.271200352246,18.486200002371334,2,0.020982674879335687,0.01912910170462742,True
3,9003,NL,quality,2,2,fixed50,0.5,0.5,15086.027031565853,6702.720711212887,31.30360000068322,2,0.007279630871726826,0.015409894139204239,False
3,9003,NL,quality,2,2,nsga2,1.0,1.0,14977.0,6601.0,44.09680000389926,2,0.0,0.0,False
3,9003,NL,quality,2,2,exhaustive,1.0,1.0,14977.0,6601.0,51.87619999924209,2,0.0,0.0,False
3,9003,NL,quality,2,2,fixed75,0.75,0.75,15015.970441987914,6561.241023807133,63.460199991823174,2,0.0026020192286782705,0.006023174699722256,False
3,9003,NL,quality,2,2,exact,1.0,1.0,14977.0,6601.0,80.05290001165122,2,0.0,0.0,False
3,9003,NL,quality,2,2,adaptive,1.0,1.0,14977.0,6601.0,42.24990001239348,2,0.0,0.0,False
3,9003,NL,quality,2,2,fixed10,0.1,0.1,15672.847874111776,8384.557486602067,17.7689999982249,2,0.04646109862534393,0.2701950441754381,True
3,9003,ES,quality,2,2,exact,1.0,1.0,18254.0,9984.0,60.8945000130916,2,0.0,0.0,False
3,9003,ES,quality,2,2,nsga2,1.0,1.0,18254.0,9984.0,56.61639999016188,2,0.0,0.0,False
3,9003,ES,quality,2,2,fixed10,0.1,0.1,17874.81823659029,7312.114087152965,15.950100001646206,2,0.02077253004326228,0.267616778129711,True
3,9003,ES,quality,2,2,exhaustive,1.0,1.0,18254.0,9984.0,60.4209000011906,2,0.0,0.0,False
3,9003,ES,quality,2,2,fixed25,0.25,0.25,18134.375748107614,9591.994343085977,20.114500002819113,2,0.006553317184857368,0.039263387110779584,True
3,9003,ES,quality,2,2,fixed50,0.5,0.5,18232.86704226113,10008.117269455617,34.11059999780264,2,0.0011577165409702795,0.002415591892589857,False
3,9003,ES,quality,2,2,fixed75,0.75,0.75,18239.293940006264,10003.319873505847,52.82189999707043,2,0.000805634928987391,0.0019350834841593322,False
3,9003,ES,quality,2,2,adaptive,1.0,1.0,18254.0,9984.0,49.37920000520535,2,0.0,0.0,False
3,9003,IT,quality,2,2,exhaustive,1.0,1.0,17026.0,8699.0,42.699700003140606,2,0.0,0.0,False
3,9003,IT,quality,2,2,exact,1.0,1.0,17026.0,8699.0,47.34380000445526,2,0.0,0.0,False
3,9003,IT,quality,2,2,fixed50,0.5,0.5,17152.57867241024,8605.222236876176,35.89149999606889,2,0.007434433948680839,0.0107802923466863,False
3,9003,IT,quality,2,2,fixed25,0.25,0.25,17322.627506240835,8883.860532522582,20.307200000388548,2,0.017422031377941672,0.021250779689916278,True
3,9003,IT,quality,2,2,adaptive,1.0,1.0,17026.0,8699.0,55.49689999315888,2,0.0,0.0,False
3,9003,IT,quality,2,2,fixed10,0.1,0.1,16858.524223138666,8677.042050088185,15.592399999150075,2,0.0098364722695486,0.002524192425774845,False
3,9003,IT,quality,2,2,fixed75,0.75,0.75,17163.964439013787,8732.944380524259,46.296300002723,2,0.00810316216455934,0.0039021014512310645,False
3,9003,IT,quality,2,2,nsga2,1.0,1.0,17026.0,8699.0,47.37689999456052,2,0.0,0.0,False
3,9003,NL,performance,3,0,fixed50,0.5,0.5,15086.027031565853,6702.720711212887,37.90540000773035,2,0.007279630871726826,0.015409894139204239,False
3,9003,NL,performance,3,0,exhaustive,0.35,0.35,15245.071622148616,6798.395018366305,27.963899992755614,2,0.01789888643577595,0.029903805236525468,False
3,9003,NL,performance,3,0,fixed10,0.1,0.1,15672.847874111776,8384.557486602067,12.178600009065121,2,0.04646109862534393,0.2701950441754381,True
3,9003,NL,performance,3,0,fixed25,0.25,0.25,15291.25752166781,6727.271200352246,19.422400000621565,2,0.020982674879335687,0.01912910170462742,False
3,9003,NL,performance,3,0,fixed75,0.75,0.75,15015.970441987914,6561.241023807133,39.409300006809644,2,0.0026020192286782705,0.006023174699722256,False
3,9003,NL,performance,3,0,adaptive,1.0,1.0,14977.0,6601.0,35.88569999556057,2,0.0,0.0,False
3,9003,NL,performance,3,0,exact,1.0,1.0,14977.0,6601.0,49.83920000086073,2,0.0,0.0,False
3,9003,NL,performance,3,0,nsga2,0.35,0.35,15245.071622148616,6798.395018366305,25.340199994388968,2,0.01789888643577595,0.029903805236525468,False
3,9003,DE,performance,3,0,adaptive,1.0,1.0,19808.0,11757.0,49.38460000266787,2,0.0,0.0,False
3,9003,DE,performance,3,0,fixed75,0.75,0.75,19798.32184107343,11683.55114704434,52.177000005031005,2,0.0004885984918502715,0.006247244446343471,False
3,9003,DE,performance,3,0,nsga2,1.0,0.35,19808.0,11633.354652366888,25.666600005934015,2,0.0,0.010516743015489638,False
3,9003,DE,performance,3,0,fixed25,0.25,0.25,19541.939201984987,11780.771575736468,22.536200005561113,2,0.013431986975717515,0.00202190828752808,False
3,9003,DE,performance,3,0,exact,1.0,1.0,19808.0,11757.0,49.63559999305289,2,0.0,0.0,False
3,9003,DE,performance,3,0,fixed50,0.5,0.5,19759.27449818007,11506.936748707158,33.116999999037944,2,0.0024598900353356456,0.021269307756472088,False
3,9003,DE,performance,3,0,fixed10,0.1,0.1,19319.54992237936,10431.949431004896,14.580599992768839,2,0.024659232513158345,0.11270311890746824,False
3,9003,DE,performance,3,0,exhaustive,1.0,0.35,19808.0,11633.354652366888,24.98820000619162,2,0.0,0.010516743015489638,False
3,9003,IT,performance,3,0,nsga2,0.25,0.35,17322.627506240835,8426.410191236215,23.862499991082586,2,0.017422031377941672,0.03133576373879586,False
3,9003,IT,performance,3,0,fixed10,0.1,0.1,16858.524223138666,8677.042050088185,13.205299997935072,2,0.0098364722695486,0.002524192425774845,False
3,9003,IT,performance,3,0,exact,1.0,1.0,17026.0,8699.0,40.70610000053421,2,0.0,0.0,False
3,9003,IT,performance,3,0,exhaustive,0.25,0.35,17322.627506240835,8426.410191236215,22.897499991813675,2,0.017422031377941672,0.03133576373879586,False
3,9003,IT,performance,3,0,fixed75,0.75,0.75,17163.964439013787,8732.944380524259,41.570200002752244,2,0.00810316216455934,0.0039021014512310645,False
3,9003,IT,performance,3,0,adaptive,1.0,1.0,17026.0,8699.0,44.5017000020016,2,0.0,0.0,False
3,9003,IT,performance,3,0,fixed25,0.25,0.25,17322.627506240835,8883.860532522582,20.0287999905413,2,0.017422031377941672,0.021250779689916278,False
3,9003,IT,performance,3,0,fixed50,0.5,0.5,17152.57867241024,8605.222236876176,34.10540000186302,2,0.007434433948680839,0.0107802923466863,False
3,9003,ES,performance,3,0,fixed10,0.1,0.1,17874.81823659029,7312.114087152965,15.827800001716241,2,0.02077253004326228,0.267616778129711,True
3,9003,ES,performance,3,0,nsga2,0.25,0.35,18134.375748107614,9612.652402623837,24.785300003713928,2,0.006553317184857368,0.03719427057052918,False
3,9003,ES,performance,3,0,exact,1.0,1.0,18254.0,9984.0,46.812900007353164,2,0.0,0.0,False
3,9003,ES,performance,3,0,fixed50,0.5,0.5,18232.86704226113,10008.117269455617,38.932800001930445,2,0.0011577165409702795,0.002415591892589857,False
3,9003,ES,performance,3,0,fixed25,0.25,0.25,18134.375748107614,9591.994343085977,23.725999999442138,2,0.006553317184857368,0.039263387110779584,False
3,9003,ES,performance,3,0,fixed75,0.75,0.75,18239.293940006264,10003.319873505847,54.994800011627376,2,0.000805634928987391,0.0019350834841593322,False
3,9003,ES,performance,3,0,adaptive,1.0,1.0,18254.0,9984.0,51.30829999689013,2,0.0,0.0,False
3,9003,ES,performance,3,0,exhaustive,0.25,0.35,18134.375748107614,9612.652402623837,25.785200006794184,2,0.006553317184857368,0.03719427057052918,False
3,9003,FR,performance,3,0,fixed25,0.25,0.25,29854.740757524025,27134.400104770062,32.21309999935329,2,0.0026811171697335907,0.005499151588603801,False
3,9003,FR,performance,3,0,nsga2,1.0,0.35,29935.0,25950.07099670026,43.29800000414252,2,0.0,0.038387645568062755,False
3,9003,FR,performance,3,0,fixed75,0.75,0.75,29632.19014011246,26221.898618400657,82.8077000041958,2,0.010115579084267258,0.02831473288369313,False
3,9003,FR,performance,3,0,fixed10,0.1,0.1,29920.89139603157,27493.548967695147,18.403300011414103,2,0.00047130796620780167,0.01880786213944814,False
3,9003,FR,performance,3,0,adaptive,1.0,1.0,29935.0,26986.0,81.4332000009017,2,0.0,0.0,False
3,9003,FR,performance,3,0,exhaustive,0.25,0.35,29854.740757524025,25950.07099670026,49.910200003068894,2,0.0026811171697335907,0.038387645568062755,False
3,9003,FR,performance,3,0,exact,1.0,1.0,29935.0,26986.0,88.91089999815449,2,0.0,0.0,False
3,9003,FR,performance,3,0,fixed50,0.5,0.5,29507.876769075232,25991.52819619404,75.67800000833813,2,0.014268355801729346,0.03685139716171193,False
3,9003,IT,performance,3,1,fixed50,0.5,0.5,17152.57867241024,8605.222236876176,61.95319999824278,2,0.007434433948680839,0.0107802923466863,False
3,9003,IT,performance,3,1,exhaustive,0.25,0.35,17322.627506240835,8426.410191236215,45.64769999706186,2,0.017422031377941672,0.03133576373879586,False
3,9003,IT,performance,3,1,fixed10,0.1,0.1,16858.524223138666,8677.042050088185,19.9923000036506,2,0.0098364722695486,0.002524192425774845,False
3,9003,IT,performance,3,1,fixed25,0.25,0.25,17322.627506240835,8883.860532522582,22.110499994596466,2,0.017422031377941672,0.021250779689916278,False
3,9003,IT,performance,3,1,fixed75,0.75,0.75,17163.964439013787,8732.944380524259,41.66409999015741,2,0.00810316216455934,0.0039021014512310645,False
3,9003,IT,performance,3,1,adaptive,1.0,1.0,17026.0,8699.0,49.09780000161845,2,0.0,0.0,False
3,9003,IT,performance,3,1,exact,1.0,1.0,17026.0,8699.0,66.95659999968484,2,0.0,0.0,False
3,9003,IT,performance,3,1,nsga2,0.25,0.35,17322.627506240835,8426.410191236215,47.48069999914151,2,0.017422031377941672,0.03133576373879586,False
3,9003,DE,performance,3,1,fixed10,0.1,0.1,19319.54992237936,10431.949431004896,29.43010001035873,2,0.024659232513158345,0.11270311890746824,False
3,9003,DE,performance,3,1,nsga2,1.0,0.35,19808.0,11633.354652366888,34.52820000529755,2,0.0,0.010516743015489638,False
3,9003,DE,performance,3,1,exact,1.0,1.0,19808.0,11757.0,55.16049999278039,2,0.0,0.0,False
3,9003,DE,performance,3,1,fixed50,0.5,0.5,19759.27449818007,11506.936748707158,43.41800000111107,2,0.0024598900353356456,0.021269307756472088,False
3,9003,DE,performance,3,1,fixed25,0.25,0.25,19541.939201984987,11780.771575736468,23.16729999438394,2,0.013431986975717515,0.00202190828752808,False
3,9003,DE,performance,3,1,fixed75,0.75,0.75,19798.32184107343,11683.55114704434,71.60859998839442,2,0.0004885984918502715,0.006247244446343471,False
3,9003,DE,performance,3,1,adaptive,1.0,1.0,19808.0,11757.0,65.16660000488628,2,0.0,0.0,False
3,9003,DE,performance,3,1,exhaustive,1.0,0.35,19808.0,11633.354652366888,30.769599994528107,2,0.0,0.010516743015489638,False
3,9003,ES,performance,3,1,fixed25,0.25,0.25,18134.375748107614,9591.994343085977,32.77360000356566,2,0.006553317184857368,0.039263387110779584,False
3,9003,ES,performance,3,1,nsga2,0.25,0.35,18134.375748107614,9612.652402623837,30.259099992690608,2,0.006553317184857368,0.03719427057052918,False
3,9003,ES,performance,3,1,fixed75,0.75,0.75,18239.293940006264,10003.319873505847,49.977400005445816,2,0.000805634928987391,0.0019350834841593322,False
3,9003,ES,performance,3,1,fixed10,0.1,0.1,17874.81823659029,7312.114087152965,16.662099995301105,2,0.02077253004326228,0.267616778129711,True
3,9003,ES,performance,3,1,adaptive,1.0,1.0,18254.0,9984.0,84.73010000307113,2,0.0,0.0,False
3,9003,ES,performance,3,1,exhaustive,0.25,0.35,18134.375748107614,9612.652402623837,41.027800005394965,2,0.006553317184857368,0.03719427057052918,False
3,9003,ES,performance,3,1,exact,1.0,1.0,18254.0,9984.0,96.11660000518896,2,0.0,0.0,False
3,9003,ES,performance,3,1,fixed50,0.5,0.5,18232.86704226113,10008.117269455617,41.313800000352785,2,0.0011577165409702795,0.002415591892589857,False
3,9003,NL,performance,3,1,fixed25,0.25,0.25,15291.25752166781,6727.271200352246,24.138399996445514,2,0.020982674879335687,0.01912910170462742,False
3,9003,NL,performance,3,1,fixed75,0.75,0.75,15015.970441987914,6561.241023807133,53.7997999927029,2,0.0026020192286782705,0.006023174699722256,False
3,9003,NL,performance,3,1,exact,1.0,1.0,14977.0,6601.0,84.98440000403207,2,0.0,0.0,False
3,9003,NL,performance,3,1,adaptive,1.0,1.0,14977.0,6601.0,63.14449998899363,2,0.0,0.0,False
3,9003,NL,performance,3,1,nsga2,0.35,0.35,15245.071622148616,6798.395018366305,25.795800000196323,2,0.01789888643577595,0.029903805236525468,False
3,9003,NL,performance,3,1,exhaustive,0.35,0.35,15245.071622148616,6798.395018366305,22.579600001336075,2,0.01789888643577595,0.029903805236525468,False
3,9003,NL,performance,3,1,fixed50,0.5,0.5,15086.027031565853,6702.720711212887,34.00780000083614,2,0.007279630871726826,0.015409894139204239,False
3,9003,NL,performance,3,1,fixed10,0.1,0.1,15672.847874111776,8384.557486602067,15.709999992395751,2,0.04646109862534393,0.2701950441754381,True
3,9003,FR,performance,3,1,nsga2,1.0,0.35,29935.0,25950.07099670026,55.39520000456832,2,0.0,0.038387645568062755,False
3,9003,FR,performance,3,1,fixed10,0.1,0.1,29920.89139603157,27493.548967695147,25.145499996142462,2,0.00047130796620780167,0.01880786213944814,False
3,9003,FR,performance,3,1,exact,1.0,1.0,29935.0,26986.0,93.62250000413042,2,0.0,0.0,False
3,9003,FR,performance,3,1,exhaustive,0.25,0.35,29854.740757524025,25950.07099670026,37.09290000551846,2,0.0026811171697335907,0.038387645568062755,False
3,9003,FR,performance,3,1,fixed75,0.75,0.75,29632.19014011246,26221.898618400657,100.91530000499915,2,0.010115579084267258,0.02831473288369313,False
3,9003,FR,performance,3,1,adaptive,1.0,1.0,29935.0,26986.0,93.88709999620914,2,0.0,0.0,False
3,9003,FR,performance,3,1,fixed25,0.25,0.25,29854.740757524025,27134.400104770062,31.901700000162236,2,0.0026811171697335907,0.005499151588603801,False
3,9003,FR,performance,3,1,fixed50,0.5,0.5,29507.876769075232,25991.52819619404,60.39099999179598,2,0.014268355801729346,0.03685139716171193,False
3,9003,IT,performance,3,2,fixed25,0.25,0.25,17322.627506240835,8883.860532522582,20.638300004065968,2,0.017422031377941672,0.021250779689916278,False
3,9003,IT,performance,3,2,fixed75,0.75,0.75,17163.964439013787,8732.944380524259,42.17650000646245,2,0.00810316216455934,0.0039021014512310645,False
3,9003,IT,performance,3,2,exact,1.0,1.0,17026.0,8699.0,47.367699997266755,2,0.0,0.0,False
3,9003,IT,performance,3,2,adaptive,0.25,0.35,17322.627506240835,8426.410191236215,25.17390000866726,2,0.017422031377941672,0.03133576373879586,False
3,9003,IT,performance,3,2,nsga2,0.25,0.35,17322.627506240835,8426.410191236215,28.428499994333833,2,0.017422031377941672,0.03133576373879586,False
3,9003,IT,performance,3,2,exhaustive,0.25,0.35,17322.627506240835,8426.410191236215,26.077199989231303,2,0.017422031377941672,0.03133576373879586,False
3,9003,IT,performance,3,2,fixed50,0.5,0.5,17152.57867241024,8605.222236876176,31.091400000150315,2,0.007434433948680839,0.0107802923466863,False
3,9003,IT,performance,3,2,fixed10,0.1,0.1,16858.524223138666,8677.042050088185,16.649199998937547,2,0.0098364722695486,0.002524192425774845,False
3,9003,NL,performance,3,2,exhaustive,0.35,0.35,15245.071622148616,6798.395018366305,24.40730000671465,2,0.01789888643577595,0.029903805236525468,False
3,9003,NL,performance,3,2,fixed25,0.25,0.25,15291.25752166781,6727.271200352246,20.047900005010888,2,0.020982674879335687,0.01912910170462742,False
3,9003,NL,performance,3,2,nsga2,0.35,0.35,15245.071622148616,6798.395018366305,22.035400004824623,2,0.01789888643577595,0.029903805236525468,False
3,9003,NL,performance,3,2,adaptive,0.35,0.35,15245.071622148616,6798.395018366305,21.62030000181403,2,0.01789888643577595,0.029903805236525468,False
3,9003,NL,performance,3,2,fixed10,0.1,0.1,15672.847874111776,8384.557486602067,12.369999996735714,2,0.04646109862534393,0.2701950441754381,True
3,9003,NL,performance,3,2,exact,1.0,1.0,14977.0,6601.0,40.13360000681132,2,0.0,0.0,False
3,9003,NL,performance,3,2,fixed50,0.5,0.5,15086.027031565853,6702.720711212887,30.863699998008087,2,0.007279630871726826,0.015409894139204239,False
3,9003,NL,performance,3,2,fixed75,0.75,0.75,15015.970441987914,6561.241023807133,70.25309999880847,2,0.0026020192286782705,0.006023174699722256,False
3,9003,FR,performance,3,2,fixed50,0.5,0.5,29507.876769075232,25991.52819619404,69.07380001212005,2,0.014268355801729346,0.03685139716171193,False
3,9003,FR,performance,3,2,exhaustive,0.25,0.35,29854.740757524025,25950.07099670026,42.066599999088794,2,0.0026811171697335907,0.038387645568062755,False
3,9003,FR,performance,3,2,fixed10,0.1,0.1,29920.89139603157,27493.548967695147,17.855999991297722,2,0.00047130796620780167,0.01880786213944814,False
3,9003,FR,performance,3,2,fixed25,0.25,0.25,29854.740757524025,27134.400104770062,39.76680000778288,2,0.0026811171697335907,0.005499151588603801,False
3,9003,FR,performance,3,2,fixed75,0.75,0.75,29632.19014011246,26221.898618400657,97.41330001270398,2,0.010115579084267258,0.02831473288369313,False
3,9003,FR,performance,3,2,adaptive,0.25,0.35,29854.740757524025,25950.07099670026,47.340799996163696,2,0.0026811171697335907,0.038387645568062755,False
3,9003,FR,performance,3,2,exact,1.0,1.0,29935.0,26986.0,98.18919999815989,2,0.0,0.0,False
3,9003,FR,performance,3,2,nsga2,1.0,0.35,29935.0,25950.07099670026,47.51030000625178,2,0.0,0.038387645568062755,False
3,9003,DE,performance,3,2,fixed25,0.25,0.25,19541.939201984987,11780.771575736468,43.205900001339614,2,0.013431986975717515,0.00202190828752808,False
3,9003,DE,performance,3,2,nsga2,1.0,0.35,19808.0,11633.354652366888,27.98600000096485,2,0.0,0.010516743015489638,False
3,9003,DE,performance,3,2,fixed75,0.75,0.75,19798.32184107343,11683.55114704434,53.74839999421965,2,0.0004885984918502715,0.006247244446343471,False
3,9003,DE,performance,3,2,fixed10,0.1,0.1,19319.54992237936,10431.949431004896,14.068100004806183,2,0.024659232513158345,0.11270311890746824,False
3,9003,DE,performance,3,2,adaptive,1.0,0.35,19808.0,11633.354652366888,27.759500007960014,2,0.0,0.010516743015489638,False
3,9003,DE,performance,3,2,exhaustive,1.0,0.35,19808.0,11633.354652366888,27.39399998972658,2,0.0,0.010516743015489638,False
3,9003,DE,performance,3,2,exact,1.0,1.0,19808.0,11757.0,49.87500001152512,2,0.0,0.0,False
3,9003,DE,performance,3,2,fixed50,0.5,0.5,19759.27449818007,11506.936748707158,33.63130000070669,2,0.0024598900353356456,0.021269307756472088,False
3,9003,ES,performance,3,2,nsga2,0.25,0.35,18134.375748107614,9612.652402623837,30.65950000018347,2,0.006553317184857368,0.03719427057052918,False
3,9003,ES,performance,3,2,fixed10,0.1,0.1,17874.81823659029,7312.114087152965,11.566100001800805,2,0.02077253004326228,0.267616778129711,True
3,9003,ES,performance,3,2,exact,1.0,1.0,18254.0,9984.0,48.316599990357645,2,0.0,0.0,False
3,9003,ES,performance,3,2,exhaustive,0.25,0.35,18134.375748107614,9612.652402623837,26.199799991445616,2,0.006553317184857368,0.03719427057052918,False
3,9003,ES,performance,3,2,fixed75,0.75,0.75,18239.293940006264,10003.319873505847,59.01689999154769,2,0.000805634928987391,0.0019350834841593322,False
3,9003,ES,performance,3,2,adaptive,0.25,0.35,18134.375748107614,9612.652402623837,26.51480000349693,2,0.006553317184857368,0.03719427057052918,False
3,9003,ES,performance,3,2,fixed25,0.25,0.25,18134.375748107614,9591.994343085977,31.059200002346188,2,0.006553317184857368,0.039263387110779584,False
3,9003,ES,performance,3,2,fixed50,0.5,0.5,18232.86704226113,10008.117269455617,46.75010000937618,2,0.0011577165409702795,0.002415591892589857,False
3,9003,ES,exact,4,0,fixed75,0.75,0.75,18239.293940006264,10003.319873505847,51.548899995395914,2,0.000805634928987391,0.0019350834841593322,True
3,9003,ES,exact,4,0,exact,1.0,1.0,18254.0,9984.0,52.62629999197088,2,0.0,0.0,False
3,9003,ES,exact,4,0,fixed25,0.25,0.25,18134.375748107614,9591.994343085977,29.591300000902265,2,0.006553317184857368,0.039263387110779584,True
3,9003,ES,exact,4,0,fixed50,0.5,0.5,18232.86704226113,10008.117269455617,58.61779999395367,2,0.0011577165409702795,0.002415591892589857,True
3,9003,ES,exact,4,0,nsga2,1.0,1.0,18254.0,9984.0,76.59270000294782,2,0.0,0.0,False
3,9003,ES,exact,4,0,fixed10,0.1,0.1,17874.81823659029,7312.114087152965,31.552600004943088,2,0.02077253004326228,0.267616778129711,True
3,9003,ES,exact,4,0,exhaustive,1.0,1.0,18254.0,9984.0,74.42609999270644,2,0.0,0.0,False
3,9003,ES,exact,4,0,adaptive,1.0,1.0,18254.0,9984.0,80.755400005728,2,0.0,0.0,False
3,9003,DE,exact,4,0,fixed10,0.1,0.1,19319.54992237936,10431.949431004896,27.36989999539219,2,0.024659232513158345,0.11270311890746824,True
3,9003,DE,exact,4,0,fixed50,0.5,0.5,19759.27449818007,11506.936748707158,33.83800000301562,2,0.0024598900353356456,0.021269307756472088,True
3,9003,DE,exact,4,0,adaptive,1.0,1.0,19808.0,11757.0,48.604499999783,2,0.0,0.0,False
3,9003,DE,exact,4,0,exact,1.0,1.0,19808.0,11757.0,60.484900008304976,2,0.0,0.0,False
3,9003,DE,exact,4,0,fixed75,0.75,0.75,19798.32184107343,11683.55114704434,57.570100005250424,2,0.0004885984918502715,0.006247244446343471,True
3,9003,DE,exact,4,0,exhaustive,1.0,1.0,19808.0,11757.0,50.84989999886602,2,0.0,0.0,False
3,9003,DE,exact,4,0,fixed25,0.25,0.25,19541.939201984987,11780.771575736468,20.320600000559352,2,0.013431986975717515,0.00202190828752808,True
3,9003,DE,exact,4,0,nsga2,1.0,1.0,19808.0,11757.0,68.64900000800844,2,0.0,0.0,False
3,9003,NL,exact,4,0,fixed25,0.25,0.25,15291.25752166781,6727.271200352246,17.97650000662543,2,0.020982674879335687,0.01912910170462742,True
3,9003,NL,exact,4,0,nsga2,1.0,1.0,14977.0,6601.0,52.796200005104765,2,0.0,0.0,False
3,9003,NL,exact,4,0,fixed10,0.1,0.1,15672.847874111776,8384.557486602067,22.796999997808598,2,0.04646109862534393,0.2701950441754381,True
3,9003,NL,exact,4,0,fixed75,0.75,0.75,15015.970441987914,6561.241023807133,71.88660000974778,2,0.0026020192286782705,0.006023174699722256,True
3,9003,NL,exact,4,0,exhaustive,1.0,1.0,14977.0,6601.0,49.68560000997968,2,0.0,0.0,False
3,9003,NL,exact,4,0,fixed50,0.5,0.5,15086.027031565853,6702.720711212887,27.741099998820573,2,0.007279630871726826,0.015409894139204239,True
3,9003,NL,exact,4,0,adaptive,1.0,1.0,14977.0,6601.0,42.36069999751635,2,0.0,0.0,False
3,9003,NL,exact,4,0,exact,1.0,1.0,14977.0,6601.0,40.8095000020694,2,0.0,0.0,False
3,9003,FR,exact,4,0,exhaustive,1.0,1.0,29935.0,26986.0,90.57289999327622,2,0.0,0.0,False
3,9003,FR,exact,4,0,fixed10,0.1,0.1,29920.89139603157,27493.548967695147,27.155599993420765,2,0.00047130796620780167,0.01880786213944814,True
3,9003,FR,exact,4,0,exact,1.0,1.0,29935.0,26986.0,85.31490000314079,2,0.0,0.0,False
3,9003,FR,exact,4,0,fixed75,0.75,0.75,29632.19014011246,26221.898618400657,113.99270000401884,2,0.010115579084267258,0.02831473288369313,True
3,9003,FR,exact,4,0,nsga2,1.0,1.0,29935.0,26986.0,127.60920000437181,2,0.0,0.0,False
3,9003,FR,exact,4,0,fixed50,0.5,0.5,29507.876769075232,25991.52819619404,71.65130000794306,2,0.014268355801729346,0.03685139716171193,True
3,9003,FR,exact,4,0,fixed25,0.25,0.25,29854.740757524025,27134.400104770062,48.81779999413993,2,0.0026811171697335907,0.005499151588603801,True
3,9003,FR,exact,4,0,adaptive,1.0,1.0,29935.0,26986.0,142.98849999613594,2,0.0,0.0,False
3,9003,IT,exact,4,0,fixed75,0.75,0.75,17163.964439013787,8732.944380524259,59.22599999757949,2,0.00810316216455934,0.0039021014512310645,True
3,9003,IT,exact,4,0,exact,1.0,1.0,17026.0,8699.0,46.25379999924917,2,0.0,0.0,False
3,9003,IT,exact,4,0,exhaustive,1.0,1.0,17026.0,8699.0,43.931000007432885,2,0.0,0.0,False
3,9003,IT,exact,4,0,fixed50,0.5,0.5,17152.57867241024,8605.222236876176,59.01879999146331,2,0.007434433948680839,0.0107802923466863,True
3,9003,IT,exact,4,0,fixed25,0.25,0.25,17322.627506240835,8883.860532522582,34.20009999535978,2,0.017422031377941672,0.021250779689916278,True
3,9003,IT,exact,4,0,fixed10,0.1,0.1,16858.524223138666,8677.042050088185,20.79260000027716,2,0.0098364722695486,0.002524192425774845,True
3,9003,IT,exact,4,0,adaptive,1.0,1.0,17026.0,8699.0,53.217100008623675,2,0.0,0.0,False
3,9003,IT,exact,4,0,nsga2,1.0,1.0,17026.0,8699.0,64.55670000286773,2,0.0,0.0,False
3,9003,NL,exact,4,1,fixed10,0.1,0.1,15672.847874111776,8384.557486602067,20.129099997575395,2,0.04646109862534393,0.2701950441754381,True
3,9003,NL,exact,4,1,exhaustive,1.0,1.0,14977.0,6601.0,84.35809999355115,2,0.0,0.0,False
3,9003,NL,exact,4,1,nsga2,1.0,1.0,14977.0,6601.0,75.1927999954205,2,0.0,0.0,False
3,9003,NL,exact,4,1,adaptive,1.0,1.0,14977.0,6601.0,60.814500000560656,2,0.0,0.0,False
3,9003,NL,exact,4,1,fixed75,0.75,0.75,15015.970441987914,6561.241023807133,47.948499995982274,2,0.0026020192286782705,0.006023174699722256,True
3,9003,NL,exact,4,1,exact,1.0,1.0,14977.0,6601.0,43.49440000078175,2,0.0,0.0,False
3,9003,NL,exact,4,1,fixed25,0.25,0.25,15291.25752166781,6727.271200352246,22.440799992182292,2,0.020982674879335687,0.01912910170462742,True
3,9003,NL,exact,4,1,fixed50,0.5,0.5,15086.027031565853,6702.720711212887,34.53350000199862,2,0.007279630871726826,0.015409894139204239,True
3,9003,DE,exact,4,1,fixed75,0.75,0.75,19798.32184107343,11683.55114704434,73.05259999702685,2,0.0004885984918502715,0.006247244446343471,True
3,9003,DE,exact,4,1,exact,1.0,1.0,19808.0,11757.0,61.6297999949893,2,0.0,0.0,False
3,9003,DE,exact,4,1,fixed25,0.25,0.25,19541.939201984987,11780.771575736468,35.33929999684915,2,0.013431986975717515,0.00202190828752808,True
3,9003,DE,exact,4,1,fixed50,0.5,0.5,19759.27449818007,11506.936748707158,53.69590000191238,2,0.0024598900353356456,0.021269307756472088,True
3,9003,DE,exact,4,1,nsga2,1.0,1.0,19808.0,11757.0,60.77910000749398,2,0.0,0.0,False
3,9003,DE,exact,4,1,fixed10,0.1,0.1,19319.54992237936,10431.949431004896,11.737100008758716,2,0.024659232513158345,0.11270311890746824,True
3,9003,DE,exact,4,1,exhaustive,1.0,1.0,19808.0,11757.0,100.20770000119228,2,0.0,0.0,False
3,9003,DE,exact,4,1,adaptive,1.0,1.0,19808.0,11757.0,97.4075999984052,2,0.0,0.0,False
3,9003,FR,exact,4,1,fixed75,0.75,0.75,29632.19014011246,26221.898618400657,74.5520999917062,2,0.010115579084267258,0.02831473288369313,True
3,9003,FR,exact,4,1,exact,1.0,1.0,29935.0,26986.0,165.62790000170935,2,0.0,0.0,False
3,9003,FR,exact,4,1,exhaustive,1.0,1.0,29935.0,26986.0,102.21569999703206,2,0.0,0.0,False
3,9003,FR,exact,4,1,fixed50,0.5,0.5,29507.876769075232,25991.52819619404,63.149900001008064,2,0.014268355801729346,0.03685139716171193,True
3,9003,FR,exact,4,1,fixed25,0.25,0.25,29854.740757524025,27134.400104770062,32.37450000597164,2,0.0026811171697335907,0.005499151588603801,True
3,9003,FR,exact,4,1,fixed10,0.1,0.1,29920.89139603157,27493.548967695147,25.365299996337853,2,0.00047130796620780167,0.01880786213944814,True
3,9003,FR,exact,4,1,adaptive,1.0,1.0,29935.0,26986.0,114.92319998797029,2,0.0,0.0,False
3,9003,FR,exact,4,1,nsga2,1.0,1.0,29935.0,26986.0,90.49309999682009,2,0.0,0.0,False
3,9003,ES,exact,4,1,exhaustive,1.0,1.0,18254.0,9984.0,54.30519999936223,2,0.0,0.0,False
3,9003,ES,exact,4,1,fixed10,0.1,0.1,17874.81823659029,7312.114087152965,28.198300002259202,2,0.02077253004326228,0.267616778129711,True
3,9003,ES,exact,4,1,exact,1.0,1.0,18254.0,9984.0,83.77610000025015,2,0.0,0.0,False
3,9003,ES,exact,4,1,fixed75,0.75,0.75,18239.293940006264,10003.319873505847,99.27540000353474,2,0.000805634928987391,0.0019350834841593322,True
3,9003,ES,exact,4,1,nsga2,1.0,1.0,18254.0,9984.0,96.61120000237133,2,0.0,0.0,False
3,9003,ES,exact,4,1,fixed50,0.5,0.5,18232.86704226113,10008.117269455617,33.00680000393186,2,0.0011577165409702795,0.002415591892589857,True
3,9003,ES,exact,4,1,fixed25,0.25,0.25,18134.375748107614,9591.994343085977,20.548000000417233,2,0.006553317184857368,0.039263387110779584,True
3,9003,ES,exact,4,1,adaptive,1.0,1.0,18254.0,9984.0,50.34830000658985,2,0.0,0.0,False
3,9003,IT,exact,4,1,fixed25,0.25,0.25,17322.627506240835,8883.860532522582,25.167800005874597,2,0.017422031377941672,0.021250779689916278,True
3,9003,IT,exact,4,1,nsga2,1.0,1.0,17026.0,8699.0,61.44220000714995,2,0.0,0.0,False
3,9003,IT,exact,4,1,fixed10,0.1,0.1,16858.524223138666,8677.042050088185,15.293400007067248,2,0.0098364722695486,0.002524192425774845,True
3,9003,IT,exact,4,1,fixed75,0.75,0.75,17163.964439013787,8732.944380524259,50.05800000799354,2,0.00810316216455934,0.0039021014512310645,True
3,9003,IT,exact,4,1,exhaustive,1.0,1.0,17026.0,8699.0,56.58639999455772,2,0.0,0.0,False
3,9003,IT,exact,4,1,fixed50,0.5,0.5,17152.57867241024,8605.222236876176,42.86630000569858,2,0.007434433948680839,0.0107802923466863,True
3,9003,IT,exact,4,1,adaptive,1.0,1.0,17026.0,8699.0,66.20780000230297,2,0.0,0.0,False
3,9003,IT,exact,4,1,exact,1.0,1.0,17026.0,8699.0,53.30260000482667,2,0.0,0.0,False
3,9003,DE,exact,4,2,exhaustive,1.0,1.0,19808.0,11757.0,53.33750000863802,2,0.0,0.0,False
3,9003,DE,exact,4,2,fixed10,0.1,0.1,19319.54992237936,10431.949431004896,13.523100002203137,2,0.024659232513158345,0.11270311890746824,True
3,9003,DE,exact,4,2,exact,1.0,1.0,19808.0,11757.0,49.44989999057725,2,0.0,0.0,False
3,9003,DE,exact,4,2,fixed75,0.75,0.75,19798.32184107343,11683.55114704434,48.949300005915575,2,0.0004885984918502715,0.006247244446343471,True
3,9003,DE,exact,4,2,nsga2,1.0,1.0,19808.0,11757.0,59.10169999697246,2,0.0,0.0,False
3,9003,DE,exact,4,2,fixed50,0.5,0.5,19759.27449818007,11506.936748707158,36.11600000294857,2,0.0024598900353356456,0.021269307756472088,True
3,9003,DE,exact,4,2,fixed25,0.25,0.25,19541.939201984987,11780.771575736468,22.2211999935098,2,0.013431986975717515,0.00202190828752808,True
3,9003,DE,exact,4,2,adaptive,1.0,1.0,19808.0,11757.0,51.89470000914298,2,0.0,0.0,False
3,9003,NL,exact,4,2,adaptive,1.0,1.0,14977.0,6601.0,44.5122000091942,2,0.0,0.0,False
3,9003,NL,exact,4,2,exhaustive,1.0,1.0,14977.0,6601.0,39.30449999461416,2,0.0,0.0,False
3,9003,NL,exact,4,2,fixed50,0.5,0.5,15086.027031565853,6702.720711212887,28.59990000433754,2,0.007279630871726826,0.015409894139204239,True
3,9003,NL,exact,4,2,nsga2,1.0,1.0,14977.0,6601.0,37.78649999003392,2,0.0,0.0,False
3,9003,NL,exact,4,2,exact,1.0,1.0,14977.0,6601.0,42.2128999925917,2,0.0,0.0,False
3,9003,NL,exact,4,2,fixed25,0.25,0.25,15291.25752166781,6727.271200352246,19.14399999077432,2,0.020982674879335687,0.01912910170462742,True
3,9003,NL,exact,4,2,fixed75,0.75,0.75,15015.970441987914,6561.241023807133,35.969100004876964,2,0.0026020192286782705,0.006023174699722256,True
3,9003,NL,exact,4,2,fixed10,0.1,0.1,15672.847874111776,8384.557486602067,13.382200006162748,2,0.04646109862534393,0.2701950441754381,True
3,9003,ES,exact,4,2,fixed75,0.75,0.75,18239.293940006264,10003.319873505847,42.225800003507175,2,0.000805634928987391,0.0019350834841593322,True
3,9003,ES,exact,4,2,exact,1.0,1.0,18254.0,9984.0,46.17739999957848,2,0.0,0.0,False
3,9003,ES,exact,4,2,exhaustive,1.0,1.0,18254.0,9984.0,46.27990000881255,2,0.0,0.0,False
3,9003,ES,exact,4,2,fixed50,0.5,0.5,18232.86704226113,10008.117269455617,33.311500010313466,2,0.0011577165409702795,0.002415591892589857,True
3,9003,ES,exact,4,2,fixed25,0.25,0.25,18134.375748107614,9591.994343085977,21.171200001845136,2,0.006553317184857368,0.039263387110779584,True
3,9003,ES,exact,4,2,fixed10,0.1,0.1,17874.81823659029,7312.114087152965,14.900199996191077,2,0.02077253004326228,0.267616778129711,True
3,9003,ES,exact,4,2,adaptive,1.0,1.0,18254.0,9984.0,48.200399993220344,2,0.0,0.0,False
3,9003,ES,exact,4,2,nsga2,1.0,1.0,18254.0,9984.0,50.05479999817908,2,0.0,0.0,False
3,9003,FR,exact,4,2,fixed25,0.25,0.25,29854.740757524025,27134.400104770062,38.75259999767877,2,0.0026811171697335907,0.005499151588603801,True
3,9003,FR,exact,4,2,nsga2,1.0,1.0,29935.0,26986.0,93.84380000119563,2,0.0,0.0,False
3,9003,FR,exact,4,2,fixed10,0.1,0.1,29920.89139603157,27493.548967695147,19.434600006206892,2,0.00047130796620780167,0.01880786213944814,True
3,9003,FR,exact,4,2,fixed75,0.75,0.75,29632.19014011246,26221.898618400657,77.15040000039153,2,0.010115579084267258,0.02831473288369313,True
3,9003,FR,exact,4,2,exhaustive,1.0,1.0,29935.0,26986.0,88.05720000236761,2,0.0,0.0,False
3,9003,FR,exact,4,2,fixed50,0.5,0.5,29507.876769075232,25991.52819619404,67.41289999627043,2,0.014268355801729346,0.03685139716171193,True
3,9003,FR,exact,4,2,adaptive,1.0,1.0,29935.0,26986.0,114.39350000000559,2,0.0,0.0,False
3,9003,FR,exact,4,2,exact,1.0,1.0,29935.0,26986.0,69.70340000407305,2,0.0,0.0,False
3,9003,IT,exact,4,2,fixed10,0.1,0.1,16858.524223138666,8677.042050088185,7.011100009549409,2,0.0098364722695486,0.002524192425774845,True
3,9003,IT,exact,4,2,exhaustive,1.0,1.0,17026.0,8699.0,35.78180000477005,2,0.0,0.0,False
3,9003,IT,exact,4,2,nsga2,1.0,1.0,17026.0,8699.0,103.88900000543799,2,0.0,0.0,False
3,9003,IT,exact,4,2,adaptive,1.0,1.0,17026.0,8699.0,60.959200010984205,2,0.0,0.0,False
3,9003,IT,exact,4,2,fixed75,0.75,0.75,17163.964439013787,8732.944380524259,41.91719999653287,2,0.00810316216455934,0.0039021014512310645,True
3,9003,IT,exact,4,2,exact,1.0,1.0,17026.0,8699.0,68.6347000009846,2,0.0,0.0,False
3,9003,IT,exact,4,2,fixed25,0.25,0.25,17322.627506240835,8883.860532522582,31.96770000795368,2,0.017422031377941672,0.021250779689916278,True
3,9003,IT,exact,4,2,fixed50,0.5,0.5,17152.57867241024,8605.222236876176,52.60640000051353,2,0.007434433948680839,0.0107802923466863,True
4,9004,FR,performance,0,0,exhaustive,0.25,0.35,30390.574572352343,27242.66595807436,59.206399993854575,2,0.015218793130193527,0.0095110782655585,False
4,9004,FR,performance,0,0,nsga2,1.0,0.35,29935.0,27242.66595807436,41.87380000075791,2,0.0,0.0095110782655585,False
4,9004,FR,performance,0,0,fixed75,0.75,0.75,29882.700606266837,26849.989295098254,79.95249998930376,2,0.0017470985045319196,0.005040046872517086,False
4,9004,FR,performance,0,0,exact,1.0,1.0,29935.0,26986.0,176.19520000880584,2,0.0,0.0,False
4,9004,FR,performance,0,0,adaptive,0.25,0.35,30390.574572352343,27242.66595807436,96.34319999895524,4,0.015218793130193527,0.0095110782655585,False
4,9004,FR,performance,0,0,fixed25,0.25,0.25,30390.574572352343,27440.185159331526,71.16370000585448,2,0.015218793130193527,0.016830399441618838,False
4,9004,FR,performance,0,0,fixed50,0.5,0.5,29957.99692317977,27006.728590140418,130.67699999373872,2,0.0007682286012951231,0.0007681238471954906,False
4,9004,FR,performance,0,0,fixed10,0.1,0.1,29263.28938732758,23593.754787880232,23.025100002996624,2,0.02243897152739005,0.12570389135550905,False
4,9004,DE,performance,0,0,exhaustive,1.0,0.35,19808.0,12287.83311382213,34.02520000236109,2,0.0,0.04515038817913832,False
4,9004,DE,performance,0,0,fixed75,0.75,0.75,19858.284452652933,11750.973310079677,49.430700004450046,2,0.002538593126662631,0.0005126043991089058,False
4,9004,DE,performance,0,0,fixed10,0.1,0.1,19708.132927522627,10334.454576509524,17.75360001192894,2,0.0050417544667494376,0.12099561312328617,False
4,9004,DE,performance,0,0,fixed25,0.25,0.25,19769.86851127763,11442.798620694848,29.416899997158907,2,0.0019250549637707343,0.026724621868261626,False
4,9004,DE,performance,0,0,exact,1.0,1.0,19808.0,11757.0,125.45700000191573,2,0.0,0.0,False
4,9004,DE,performance,0,0,nsga2,1.0,0.35,19808.0,12287.83311382213,42.60299999441486,2,0.0,0.04515038817913832,False
4,9004,DE,performance,0,0,fixed50,0.5,0.5,19901.31241347528,11602.861195379255,38.97690000303555,2,0.004710844783687386,0.013110385695393795,False
4,9004,DE,performance,0,0,adaptive,1.0,0.35,19808.0,12287.83311382213,83.05159999872558,4,0.0,0.04515038817913832,False
4,9004,ES,performance,0,0,fixed10,0.1,0.1,18333.146909323375,9164.516322565049,24.295199997141026,2,0.004335866622295137,0.0820796952559046,False
4,9004,ES,performance,0,0,nsga2,0.25,0.35,18230.345983599254,10201.683017933552,27.545299992198125,2,0.0012958264709513315,0.021803186892383017,False
4,9004,ES,performance,0,0,fixed75,0.75,0.75,18211.311387935828,9820.57032633112,47.603800005163066,2,0.0023385894633599236,0.016369158019719485,False
4,9004,ES,performance,0,0,adaptive,0.25,0.35,18230.345983599254,10201.683017933552,49.32629999530036,4,0.0012958264709513315,0.021803186892383017,False
4,9004,ES,performance,0,0,fixed25,0.25,0.25,18230.345983599254,10187.47050196883,19.856900005834177,2,0.0012958264709513315,0.020379657649121585,False
4,9004,ES,performance,0,0,exact,1.0,1.0,18254.0,9984.0,66.10009999712929,2,0.0,0.0,False
4,9004,ES,performance,0,0,fixed50,0.5,0.5,18412.915103902946,9948.164490285555,55.378599994583055,2,0.008705768812476483,0.003589293841591038,False
4,9004,ES,performance,0,0,exhaustive,0.25,0.35,18230.345983599254,10201.683017933552,32.860599996638484,2,0.0012958264709513315,0.021803186892383017,False
4,9004,NL,performance,0,0,fixed10,0.1,0.1,15184.628200983056,6239.670687703863,17.941099999006838,2,0.013863136875412676,0.054738571776418235,False
4,9004,NL,performance,0,0,exact,1.0,1.0,14977.0,6601.0,49.99410000164062,2,0.0,0.0,False
4,9004,NL,performance,0,0,exhaustive,0.35,0.35,15056.437440097285,6528.422653016018,21.933700001682155,2,0.0053039620816775525,0.01099490183062905,False
4,9004,NL,performance,0,0,fixed75,0.75,0.75,15021.300451906094,6637.534524083961,61.267299999599345,2,0.0029578989053945493,0.0055346953619088935,False
4,9004,NL,performance,0,0,fixed25,0.25,0.25,15115.312089933139,6872.1167525129395,34.49319998617284,2,0.00923496627716758,0.04107207279396144,False
4,9004,NL,performance,0,0,nsga2,0.35,0.35,15056.437440097285,6528.422653016018,27.508599989232607,2,0.0053039620816775525,0.01099490183062905,False
4,9004,NL,performance,0,0,fixed50,0.5,0.5,14951.991252343612,6343.004036192518,32.504400005564094,2,0.001669810219428967,0.03908437567148651,False
4,9004,NL,performance,0,0,adaptive,0.35,0.35,15056.437440097285,6528.422653016018,36.030799994478,4,0.0053039620816775525,0.01099490183062905,False
4,9004,IT,performance,0,0,adaptive,0.25,0.35,17302.633707180077,9211.7843449825,36.78159999253694,4,0.01624772155409827,0.058947504883607255,False
4,9004,IT,performance,0,0,fixed50,0.5,0.5,17164.581876519693,9108.825581904694,31.7747000080999,2,0.008139426554663029,0.04711180387454805,False
4,9004,IT,performance,0,0,fixed25,0.25,0.25,17302.633707180077,9028.706084683277,20.00229999248404,2,0.01624772155409827,0.037901607619643334,False
4,9004,IT,performance,0,0,fixed75,0.75,0.75,17130.65187702517,8954.727811561546,43.660499999532476,2,0.006146592095922203,0.029397380338147643,False
4,9004,IT,performance,0,0,fixed10,0.1,0.1,17655.61756702229,9262.011177060422,18.793600000208244,2,0.03697977017633566,0.06472136763540887,False
4,9004,IT,performance,0,0,exact,1.0,1.0,17026.0,8699.0,58.42539999866858,2,0.0,0.0,False
4,9004,IT,performance,0,0,nsga2,0.25,0.35,17302.633707180077,9211.7843449825,30.530499992892146,2,0.01624772155409827,0.058947504883607255,False
4,9004,IT,performance,0,0,exhaustive,0.25,0.35,17302.633707180077,9211.7843449825,27.658999999403022,2,0.01624772155409827,0.058947504883607255,False
4,9004,NL,performance,0,1,exact,1.0,1.0,14977.0,6601.0,41.9436000083806,2,0.0,0.0,False
4,9004,NL,performance,0,1,fixed25,0.25,0.25,15115.312089933139,6872.1167525129395,16.518799995537847,2,0.00923496627716758,0.04107207279396144,False
4,9004,NL,performance,0,1,adaptive,0.35,0.35,15056.437440097285,6528.422653016018,28.530900002806447,2,0.0053039620816775525,0.01099490183062905,False
4,9004,NL,performance,0,1,exhaustive,0.35,0.35,15056.437440097285,6528.422653016018,42.39940000115894,2,0.0053039620816775525,0.01099490183062905,False
4,9004,NL,performance,0,1,fixed50,0.5,0.5,14951.991252343612,6343.004036192518,32.21369998937007,2,0.001669810219428967,0.03908437567148651,False
4,9004,NL,performance,0,1,fixed10,0.1,0.1,15184.628200983056,6239.670687703863,31.684300003689714,2,0.013863136875412676,0.054738571776418235,False
4,9004,NL,performance,0,1,nsga2,0.35,0.35,15056.437440097285,6528.422653016018,30.312899994896725,2,0.0053039620816775525,0.01099490183062905,False
4,9004,NL,performance,0,1,fixed75,0.75,0.75,15021.300451906094,6637.534524083961,52.7738000091631,2,0.0029578989053945493,0.0055346953619088935,False
4,9004,ES,performance,0,1,exhaustive,0.25,0.35,18230.345983599254,10201.683017933552,39.859399999841116,2,0.0012958264709513315,0.021803186892383017,False
4,9004,ES,performance,0,1,nsga2,0.25,0.35,18230.345983599254,10201.683017933552,41.71029999270104,2,0.0012958264709513315,0.021803186892383017,False
4,9004,ES,performance,0,1,fixed75,0.75,0.75,18211.311387935828,9820.57032633112,48.825400008354336,2,0.0023385894633599236,0.016369158019719485,False
4,9004,ES,performance,0,1,exact,1.0,1.0,18254.0,9984.0,66.13809999544173,2,0.0,0.0,False
4,9004,ES,performance,0,1,adaptive,0.25,0.35,18230.345983599254,10201.683017933552,23.583999995025806,2,0.0012958264709513315,0.021803186892383017,False
4,9004,ES,performance,0,1,fixed25,0.25,0.25,18230.345983599254,10187.47050196883,20.671699996455573,2,0.0012958264709513315,0.020379657649121585,False
4,9004,ES,performance,0,1,fixed50,0.5,0.5,18412.915103902946,9948.164490285555,50.575300003401935,2,0.008705768812476483,0.003589293841591038,False
4,9004,ES,performance,0,1,fixed10,0.1,0.1,18333.146909323375,9164.516322565049,22.794099990278482,2,0.004335866622295137,0.0820796952559046,False
4,9004,DE,performance,0,1,fixed10,0.1,0.1,19708.132927522627,10334.454576509524,13.782099995296448,2,0.0050417544667494376,0.12099561312328617,False
4,9004,DE,performance,0,1,nsga2,1.0,0.35,19808.0,12287.83311382213,29.33209999173414,2,0.0,0.04515038817913832,False
4,9004,DE,performance,0,1,fixed75,0.75,0.75,19858.284452652933,11750.973310079677,66.01989999762736,2,0.002538593126662631,0.0005126043991089058,False
4,9004,DE,performance,0,1,adaptive,1.0,0.35,19808.0,12287.83311382213,39.33149999647867,2,0.0,0.04515038817913832,False
4,9004,DE,performance,0,1,fixed25,0.25,0.25,19769.86851127763,11442.798620694848,34.29750000941567,2,0.0019250549637707343,0.026724621868261626,False
4,9004,DE,performance,0,1,exact,1.0,1.0,19808.0,11757.0,65.21770000108518,2,0.0,0.0,False
4,9004,DE,performance,0,1,fixed50,0.5,0.5,19901.31241347528,11602.861195379255,58.628599988878705,2,0.004710844783687386,0.013110385695393795,False
4,9004,DE,performance,0,1,exhaustive,1.0,0.35,19808.0,12287.83311382213,33.38530000473838,2,0.0,0.04515038817913832,False
4,9004,IT,performance,0,1,fixed10,0.1,0.1,17655.61756702229,9262.011177060422,22.489700000733137,2,0.03697977017633566,0.06472136763540887,False
4,9004,IT,performance,0,1,exact,1.0,1.0,17026.0,8699.0,102.10730000108015,2,0.0,0.0,False
4,9004,IT,performance,0,1,exhaustive,0.25,0.35,17302.633707180077,9211.7843449825,46.49390000849962,2,0.01624772155409827,0.058947504883607255,False
4,9004,IT,performance,0,1,fixed75,0.75,0.75,17130.65187702517,8954.727811561546,73.46929999766871,2,0.006146592095922203,0.029397380338147643,False
4,9004,IT,performance,0,1,fixed25,0.25,0.25,17302.633707180077,9028.706084683277,35.560799995437264,2,0.01624772155409827,0.037901607619643334,False
4,9004,IT,performance,0,1,nsga2,0.25,0.35,17302.633707180077,9211.7843449825,23.32839999871794,2,0.01624772155409827,0.058947504883607255,False
4,9004,IT,performance,0,1,fixed50,0.5,0.5,17164.581876519693,9108.825581904694,48.168599998462014,2,0.008139426554663029,0.04711180387454805,False
4,9004,IT,performance,0,1,adaptive,0.25,0.35,17302.633707180077,9211.7843449825,35.579799994593486,2,0.01624772155409827,0.058947504883607255,False
4,9004,FR,performance,0,1,adaptive,0.25,0.35,30390.574572352343,27242.66595807436,93.36420000181533,2,0.015218793130193527,0.0095110782655585,False
4,9004,FR,performance,0,1,fixed50,0.5,0.5,29957.99692317977,27006.728590140418,92.25119999609888,2,0.0007682286012951231,0.0007681238471954906,False
4,9004,FR,performance,0,1,fixed25,0.25,0.25,30390.574572352343,27440.185159331526,49.078899988671765,2,0.015218793130193527,0.016830399441618838,False
4,9004,FR,performance,0,1,fixed75,0.75,0.75,29882.700606266837,26849.989295098254,166.88170000270475,2,0.0017470985045319196,0.005040046872517086,False
4,9004,FR,performance,0,1,fixed10,0.1,0.1,29263.28938732758,23593.754787880232,16.767300010542385,2,0.02243897152739005,0.12570389135550905,False
4,9004,FR,performance,0,1,exact,1.0,1.0,29935.0,26986.0,93.01489999052137,2,0.0,0.0,False
4,9004,FR,performance,0,1,nsga2,1.0,0.35,29935.0,27242.66595807436,42.21929999766871,2,0.0,0.0095110782655585,False
4,9004,FR,performance,0,1,exhaustive,0.25,0.35,30390.574572352343,27242.66595807436,57.0268000010401,2,0.015218793130193527,0.0095110782655585,False
4,9004,FR,performance,0,2,fixed10,0.1,0.1,29263.28938732758,23593.754787880232,17.922300001373515,2,0.02243897152739005,0.12570389135550905,False
4,9004,FR,performance,0,2,exact,1.0,1.0,29935.0,26986.0,88.78779999213293,2,0.0,0.0,False
4,9004,FR,performance,0,2,exhaustive,0.25,0.35,30390.574572352343,27242.66595807436,61.20250000094529,2,0.015218793130193527,0.0095110782655585,False
4,9004,FR,performance,0,2,fixed75,0.75,0.75,29882.700606266837,26849.989295098254,98.45240000868216,2,0.0017470985045319196,0.005040046872517086,False
4,9004,FR,performance,0,2,fixed25,0.25,0.25,30390.574572352343,27440.185159331526,33.646399999270216,2,0.015218793130193527,0.016830399441618838,False
4,9004,FR,performance,0,2,nsga2,1.0,0.35,29935.0,27242.66595807436,51.55630000808742,2,0.0,0.0095110782655585,False
4,9004,FR,performance,0,2,fixed50,0.5,0.5,29957.99692317977,27006.728590140418,60.71580000570975,2,0.0007682286012951231,0.0007681238471954906,False
4,9004,FR,performance,0,2,adaptive,0.25,0.35,30390.574572352343,27242.66595807436,50.0849000090966,2,0.015218793130193527,0.0095110782655585,False
4,9004,NL,performance,0,2,fixed75,0.75,0.75,15021.300451906094,6637.534524083961,54.70560000685509,2,0.0029578989053945493,0.0055346953619088935,False
4,9004,NL,performance,0,2,exact,1.0,1.0,14977.0,6601.0,43.21180000260938,2,0.0,0.0,False
4,9004,NL,performance,0,2,fixed25,0.25,0.25,15115.312089933139,6872.1167525129395,23.219399998197332,2,0.00923496627716758,0.04107207279396144,False
4,9004,NL,performance,0,2,fixed50,0.5,0.5,14951.991252343612,6343.004036192518,50.500600002123974,2,0.001669810219428967,0.03908437567148651,False
4,9004,NL,performance,0,2,nsga2,0.35,0.35,15056.437440097285,6528.422653016018,40.326999995158985,2,0.0053039620816775525,0.01099490183062905,False
4,9004,NL,performance,0,2,exhaustive,0.35,0.35,15056.437440097285,6528.422653016018,44.24249999283347,2,0.0053039620816775525,0.01099490183062905,False
4,9004,NL,performance,0,2,adaptive,0.35,0.35,15056.437440097285,6528.422653016018,30.5413000023691,2,0.0053039620816775525,0.01099490183062905,False
4,9004,NL,performance,0,2,fixed10,0.1,0.1,15184.628200983056,6239.670687703863,11.705199998687021,2,0.013863136875412676,0.054738571776418235,False
4,9004,ES,performance,0,2,adaptive,0.25,0.35,18230.345983599254,10201.683017933552,43.8121999904979,2,0.0012958264709513315,0.021803186892383017,False
4,9004,ES,performance,0,2,fixed50,0.5,0.5,18412.915103902946,9948.164490285555,46.755799994571134,2,0.008705768812476483,0.003589293841591038,False
4,9004,ES,performance,0,2,fixed25,0.25,0.25,18230.345983599254,10187.47050196883,25.024000002304092,2,0.0012958264709513315,0.020379657649121585,False
4,9004,ES,performance,0,2,fixed75,0.75,0.75,18211.311387935828,9820.57032633112,62.65659999917261,2,0.0023385894633599236,0.016369158019719485,False
4,9004,ES,performance,0,2,fixed10,0.1,0.1,18333.146909323375,9164.516322565049,19.61789999040775,2,0.004335866622295137,0.0820796952559046,False
4,9004,ES,performance,0,2,exact,1.0,1.0,18254.0,9984.0,69.25369999953546,2,0.0,0.0,False
4,9004,ES,performance,0,2,nsga2,0.25,0.35,18230.345983599254,10201.683017933552,32.19030000036582,2,0.0012958264709513315,0.021803186892383017,False
4,9004,ES,performance,0,2,exhaustive,0.25,0.35,18230.345983599254,10201.683017933552,69.5203999930527,2,0.0012958264709513315,0.021803186892383017,False
4,9004,IT,performance,0,2,exact,1.0,1.0,17026.0,8699.0,60.0957999995444,2,0.0,0.0,False
4,9004,IT,performance,0,2,fixed25,0.25,0.25,17302.633707180077,9028.706084683277,36.21669999847654,2,0.01624772155409827,0.037901607619643334,False
4,9004,IT,performance,0,2,adaptive,0.25,0.35,17302.633707180077,9211.7843449825,67.03000000561588,2,0.01624772155409827,0.058947504883607255,False
4,9004,IT,performance,0,2,exhaustive,0.25,0.35,17302.633707180077,9211.7843449825,41.08070000074804,2,0.01624772155409827,0.058947504883607255,False
4,9004,IT,performance,0,2,fixed50,0.5,0.5,17164.581876519693,9108.825581904694,32.43069999734871,2,0.008139426554663029,0.04711180387454805,False
4,9004,IT,performance,0,2,fixed10,0.1,0.1,17655.61756702229,9262.011177060422,12.909199998830445,2,0.03697977017633566,0.06472136763540887,False
4,9004,IT,performance,0,2,nsga2,0.25,0.35,17302.633707180077,9211.7843449825,25.638599996455014,2,0.01624772155409827,0.058947504883607255,False
4,9004,IT,performance,0,2,fixed75,0.75,0.75,17130.65187702517,8954.727811561546,43.68949998752214,2,0.006146592095922203,0.029397380338147643,False
4,9004,DE,performance,0,2,exhaustive,1.0,0.35,19808.0,12287.83311382213,50.82580000453163,2,0.0,0.04515038817913832,False
4,9004,DE,performance,0,2,nsga2,1.0,0.35,19808.0,12287.83311382213,58.74680000124499,2,0.0,0.04515038817913832,False
4,9004,DE,performance,0,2,fixed75,0.75,0.75,19858.284452652933,11750.973310079677,131.4079000003403,2,0.002538593126662631,0.0005126043991089058,False
4,9004,DE,performance,0,2,exact,1.0,1.0,19808.0,11757.0,87.98710000701249,2,0.0,0.0,False
4,9004,DE,performance,0,2,adaptive,1.0,0.35,19808.0,12287.83311382213,38.75550000520889,2,0.0,0.04515038817913832,False
4,9004,DE,performance,0,2,fixed25,0.25,0.25,19769.86851127763,11442.798620694848,23.84350000647828,2,0.0019250549637707343,0.026724621868261626,False
4,9004,DE,performance,0,2,fixed50,0.5,0.5,19901.31241347528,11602.861195379255,35.511900001438335,2,0.004710844783687386,0.013110385695393795,False
4,9004,DE,performance,0,2,fixed10,0.1,0.1,19708.132927522627,10334.454576509524,38.664799998514354,2,0.0050417544667494376,0.12099561312328617,False
4,9004,ES,balanced,1,0,fixed10,0.1,0.1,18333.146909323375,9164.516322565049,24.7903999988921,2,0.004335866622295137,0.0820796952559046,True
4,9004,ES,balanced,1,0,nsga2,1.0,0.75,18254.0,9820.57032633112,69.33359999675304,2,0.0,0.016369158019719485,False
4,9004,ES,balanced,1,0,adaptive,1.0,0.75,18254.0,9820.57032633112,87.24269999947865,2,0.0,0.016369158019719485,False
4,9004,ES,balanced,1,0,exhaustive,1.0,0.75,18254.0,9820.57032633112,65.17040000471752,2,0.0,0.016369158019719485,False
4,9004,ES,balanced,1,0,fixed75,0.75,0.75,18211.311387935828,9820.57032633112,61.531100000138395,2,0.0023385894633599236,0.016369158019719485,False
4,9004,ES,balanced,1,0,exact,1.0,1.0,18254.0,9984.0,63.074899997445755,2,0.0,0.0,False
4,9004,ES,balanced,1,0,fixed25,0.25,0.25,18230.345983599254,10187.47050196883,19.726700003957376,2,0.0012958264709513315,0.020379657649121585,False
4,9004,ES,balanced,1,0,fixed50,0.5,0.5,18412.915103902946,9948.164490285555,38.66639999614563,2,0.008705768812476483,0.003589293841591038,False
4,9004,IT,balanced,1,0,nsga2,1.0,0.75,17026.0,8954.727811561546,47.13409999385476,2,0.0,0.029397380338147643,False
4,9004,IT,balanced,1,0,fixed75,0.75,0.75,17130.65187702517,8954.727811561546,43.60930000257213,2,0.006146592095922203,0.029397380338147643,False
4,9004,IT,balanced,1,0,fixed25,0.25,0.25,17302.633707180077,9028.706084683277,29.84769998874981,2,0.01624772155409827,0.037901607619643334,False
4,9004,IT,balanced,1,0,exhaustive,1.0,0.75,17026.0,8954.727811561546,45.344500002101995,2,0.0,0.029397380338147643,False
4,9004,IT,balanced,1,0,adaptive,1.0,0.75,17026.0,8954.727811561546,39.82439999526832,2,0.0,0.029397380338147643,False
4,9004,IT,balanced,1,0,fixed50,0.5,0.5,17164.581876519693,9108.825581904694,35.83360000629909,2,0.008139426554663029,0.04711180387454805,False
4,9004,IT,balanced,1,0,exact,1.0,1.0,17026.0,8699.0,52.00110000441782,2,0.0,0.0,False
4,9004,IT,balanced,1,0,fixed10,0.1,0.1,17655.61756702229,9262.011177060422,19.746100006159395,2,0.03697977017633566,0.06472136763540887,True
4,9004,FR,balanced,1,0,fixed25,0.25,0.25,30390.574572352343,27440.185159331526,69.73459999426268,2,0.015218793130193527,0.016830399441618838,False
4,9004,FR,balanced,1,0,nsga2,1.0,0.75,29935.0,26849.989295098254,121.866500005126,2,0.0,0.005040046872517086,False
4,9004,FR,balanced,1,0,fixed10,0.1,0.1,29263.28938732758,23593.754787880232,21.251300000585616,2,0.02243897152739005,0.12570389135550905,True
4,9004,FR,balanced,1,0,adaptive,1.0,0.75,29935.0,26849.989295098254,87.92920000269078,2,0.0,0.005040046872517086,False
4,9004,FR,balanced,1,0,exhaustive,1.0,0.75,29935.0,26849.989295098254,90.96020000288263,2,0.0,0.005040046872517086,False
4,9004,FR,balanced,1,0,fixed75,0.75,0.75,29882.700606266837,26849.989295098254,104.11469999235123,2,0.0017470985045319196,0.005040046872517086,False
4,9004,FR,balanced,1,0,exact,1.0,1.0,29935.0,26986.0,165.56219999620225,2,0.0,0.0,False
4,9004,FR,balanced,1,0,fixed50,0.5,0.5,29957.99692317977,27006.728590140418,74.63740000093821,2,0.0007682286012951231,0.0007681238471954906,False
4,9004,DE,balanced,1,0,nsga2,1.0,0.75,19808.0,11750.973310079677,54.06819999916479,2,0.0,0.0005126043991089058,False
4,9004,DE,balanced,1,0,fixed50,0.5,0.5,19901.31241347528,11602.861195379255,51.458500005537644,2,0.004710844783687386,0.013110385695393795,False
4,9004,DE,balanced,1,0,fixed25,0.25,0.25,19769.86851127763,11442.798620694848,23.372700001345947,2,0.0019250549637707343,0.026724621868261626,False
4,9004,DE,balanced,1,0,adaptive,1.0,0.75,19808.0,11750.973310079677,77.01069999893662,2,0.0,0.0005126043991089058,False
4,9004,DE,balanced,1,0,fixed75,0.75,0.75,19858.284452652933,11750.973310079677,69.97160000901204,2,0.002538593126662631,0.0005126043991089058,False
4,9004,DE,balanced,1,0,exact,1.0,1.0,19808.0,11757.0,62.58650000381749,2,0.0,0.0,False
4,9004,DE,balanced,1,0,exhaustive,1.0,0.75,19808.0,11750.973310079677,56.865999998990446,2,0.0,0.0005126043991089058,False
4,9004,DE,balanced,1,0,fixed10,0.1,0.1,19708.132927522627,10334.454576509524,18.581900003482588,2,0.0050417544667494376,0.12099561312328617,True
4,9004,NL,balanced,1,0,fixed75,0.75,0.75,15021.300451906094,6637.534524083961,69.2123999906471,2,0.0029578989053945493,0.0055346953619088935,False
4,9004,NL,balanced,1,0,exact,1.0,1.0,14977.0,6601.0,90.818800003035,2,0.0,0.0,False
4,9004,NL,balanced,1,0,fixed25,0.25,0.25,15115.312089933139,6872.1167525129395,21.28899999661371,2,0.00923496627716758,0.04107207279396144,False
4,9004,NL,balanced,1,0,nsga2,1.0,0.75,14977.0,6637.534524083961,47.137200002907775,2,0.0,0.0055346953619088935,False
4,9004,NL,balanced,1,0,exhaustive,1.0,0.75,14977.0,6637.534524083961,41.40519999782555,2,0.0,0.0055346953619088935,False
4,9004,NL,balanced,1,0,fixed50,0.5,0.5,14951.991252343612,6343.004036192518,30.796200007898733,2,0.001669810219428967,0.03908437567148651,False
4,9004,NL,balanced,1,0,fixed10,0.1,0.1,15184.628200983056,6239.670687703863,13.11070000519976,2,0.013863136875412676,0.054738571776418235,True
4,9004,NL,balanced,1,0,adaptive,1.0,0.75,14977.0,6637.534524083961,35.69900000002235,2,0.0,0.0055346953619088935,False
4,9004,NL,balanced,1,1,nsga2,1.0,0.75,14977.0,6637.534524083961,35.52200000558514,2,0.0,0.0055346953619088935,False
4,9004,NL,balanced,1,1,exact,1.0,1.0,14977.0,6601.0,40.5317999975523,2,0.0,0.0,False
4,9004,NL,balanced,1,1,fixed75,0.75,0.75,15021.300451906094,6637.534524083961,45.70430000603665,2,0.0029578989053945493,0.0055346953619088935,False
4,9004,NL,balanced,1,1,adaptive,1.0,0.75,14977.0,6637.534524083961,44.05070000211708,2,0.0,0.0055346953619088935,False
4,9004,NL,balanced,1,1,fixed10,0.1,0.1,15184.628200983056,6239.670687703863,17.551900004036725,2,0.013863136875412676,0.054738571776418235,True
4,9004,NL,balanced,1,1,exhaustive,1.0,0.75,14977.0,6637.534524083961,47.82140000315849,2,0.0,0.0055346953619088935,False
4,9004,NL,balanced,1,1,fixed25,0.25,0.25,15115.312089933139,6872.1167525129395,17.281199994613416,2,0.00923496627716758,0.04107207279396144,False
4,9004,NL,balanced,1,1,fixed50,0.5,0.5,14951.991252343612,6343.004036192518,30.21120000630617,2,0.001669810219428967,0.03908437567148651,False
4,9004,IT,balanced,1,1,fixed75,0.75,0.75,17130.65187702517,8954.727811561546,65.96410000929609,2,0.006146592095922203,0.029397380338147643,False
4,9004,IT,balanced,1,1,exact,1.0,1.0,17026.0,8699.0,51.32299999240786,2,0.0,0.0,False
4,9004,IT,balanced,1,1,fixed25,0.25,0.25,17302.633707180077,9028.706084683277,24.06269998755306,2,0.01624772155409827,0.037901607619643334,False
4,9004,IT,balanced,1,1,nsga2,1.0,0.75,17026.0,8954.727811561546,50.42829999001697,2,0.0,0.029397380338147643,False
4,9004,IT,balanced,1,1,exhaustive,1.0,0.75,17026.0,8954.727811561546,57.267600001068786,2,0.0,0.029397380338147643,False
4,9004,IT,balanced,1,1,fixed50,0.5,0.5,17164.581876519693,9108.825581904694,39.33500000857748,2,0.008139426554663029,0.04711180387454805,False
4,9004,IT,balanced,1,1,fixed10,0.1,0.1,17655.61756702229,9262.011177060422,15.923900005873293,2,0.03697977017633566,0.06472136763540887,True
4,9004,IT,balanced,1,1,adaptive,1.0,0.75,17026.0,8954.727811561546,47.70779999671504,2,0.0,0.029397380338147643,False
4,9004,DE,balanced,1,1,fixed10,0.1,0.1,19708.132927522627,10334.454576509524,16.823700003442355,2,0.0050417544667494376,0.12099561312328617,True
4,9004,DE,balanced,1,1,nsga2,1.0,0.75,19808.0,11750.973310079677,61.71599999652244,2,0.0,0.0005126043991089058,False
4,9004,DE,balanced,1,1,adaptive,1.0,0.75,19808.0,11750.973310079677,62.62310000602156,2,0.0,0.0005126043991089058,False
4,9004,DE,balanced,1,1,exhaustive,1.0,0.75,19808.0,11750.973310079677,57.427899999311194,2,0.0,0.0005126043991089058,False
4,9004,DE,balanced,1,1,fixed75,0.75,0.75,19858.284452652933,11750.973310079677,68.90240000211634,2,0.002538593126662631,0.0005126043991089058,False
4,9004,DE,balanced,1,1,exact,1.0,1.0,19808.0,11757.0,130.91400000848807,2,0.0,0.0,False
4,9004,DE,balanced,1,1,fixed25,0.25,0.25,19769.86851127763,11442.798620694848,44.23119999410119,2,0.0019250549637707343,0.026724621868261626,False
4,9004,DE,balanced,1,1,fixed50,0.5,0.5,19901.31241347528,11602.861195379255,83.18710001185536,2,0.004710844783687386,0.013110385695393795,False
4,9004,FR,balanced,1,1,nsga2,1.0,0.75,29935.0,26849.989295098254,93.52920000674203,2,0.0,0.005040046872517086,False
4,9004,FR,balanced,1,1,fixed75,0.75,0.75,29882.700606266837,26849.989295098254,75.35610000195447,2,0.0017470985045319196,0.005040046872517086,False
4,9004,FR,balanced,1,1,fixed25,0.25,0.25,30390.574572352343,27440.185159331526,45.95979998703115,2,0.015218793130193527,0.016830399441618838,False
4,9004,FR,balanced,1,1,exhaustive,1.0,0.75,29935.0,26849.989295098254,117.46899998979643,2,0.0,0.005040046872517086,False
4,9004,FR,balanced,1,1,adaptive,1.0,0.75,29935.0,26849.989295098254,80.45919999131002,2,0.0,0.005040046872517086,False
4,9004,FR,balanced,1,1,fixed50,0.5,0.5,29957.99692317977,27006.728590140418,60.6876999954693,2,0.0007682286012951231,0.0007681238471954906,False
4,9004,FR,balanced,1,1,exact,1.0,1.0,29935.0,26986.0,152.38149999640882,2,0.0,0.0,False
4,9004,FR,balanced,1,1,fixed10,0.1,0.1,29263.28938732758,23593.754787880232,20.97949999733828,2,0.02243897152739005,0.12570389135550905,True
4,9004,ES,balanced,1,1,fixed25,0.25,0.25,18230.345983599254,10187.47050196883,22.24459999706596,2,0.0012958264709513315,0.020379657649121585,False
4,9004,ES,balanced,1,1,nsga2,1.0,0.75,18254.0,9820.57032633112,44.98990000865888,2,0.0,0.016369158019719485,False
4,9004,ES,balanced,1,1,fixed10,0.1,0.1,18333.146909323375,9164.516322565049,14.045300005818717,2,0.004335866622295137,0.0820796952559046,True
4,9004,ES,balanced,1,1,adaptive,1.0,0.75,18254.0,9820.57032633112,52.49639999237843,2,0.0,0.016369158019719485,False
4,9004,ES,balanced,1,1,exhaustive,1.0,0.75,18254.0,9820.57032633112,69.10100000095554,2,0.0,0.016369158019719485,False
4,9004,ES,balanced,1,1,fixed75,0.75,0.75,18211.311387935828,9820.57032633112,47.24349999742117,2,0.0023385894633599236,0.016369158019719485,False
4,9004,ES,balanced,1,1,exact,1.0,1.0,18254.0,9984.0,58.417499996721745,2,0.0,0.0,False
4,9004,ES,balanced,1,1,fixed50,0.5,0.5,18412.915103902946,9948.164490285555,34.692700006417,2,0.008705768812476483,0.003589293841591038,False
4,9004,FR,balanced,1,2,fixed75,0.75,0.75,29882.700606266837,26849.989295098254,79.11520000197925,2,0.0017470985045319196,0.005040046872517086,False
4,9004,FR,balanced,1,2,exact,1.0,1.0,29935.0,26986.0,115.02749999635853,2,0.0,0.0,False
4,9004,FR,balanced,1,2,fixed25,0.25,0.25,30390.574572352343,27440.185159331526,81.78539999062195,2,0.015218793130193527,0.016830399441618838,False
4,9004,FR,balanced,1,2,nsga2,1.0,0.75,29935.0,26849.989295098254,111.74249999749009,2,0.0,0.005040046872517086,False
4,9004,FR,balanced,1,2,exhaustive,1.0,0.75,29935.0,26849.989295098254,110.05540000041947,2,0.0,0.005040046872517086,False
4,9004,FR,balanced,1,2,fixed50,0.5,0.5,29957.99692317977,27006.728590140418,71.33999999496154,2,0.0007682286012951231,0.0007681238471954906,False
4,9004,FR,balanced,1,2,fixed10,0.1,0.1,29263.28938732758,23593.754787880232,23.19349999015685,2,0.02243897152739005,0.12570389135550905,True
4,9004,FR,balanced,1,2,adaptive,1.0,0.75,29935.0,26849.989295098254,109.25979999592528,2,0.0,0.005040046872517086,False
4,9004,IT,balanced,1,2,nsga2,1.0,0.75,17026.0,8954.727811561546,64.04519999341574,2,0.0,0.029397380338147643,False
4,9004,IT,balanced,1,2,exact,1.0,1.0,17026.0,8699.0,83.51530000800267,2,0.0,0.0,False
4,9004,IT,balanced,1,2,fixed75,0.75,0.75,17130.65187702517,8954.727811561546,75.12660000065807,2,0.006146592095922203,0.029397380338147643,False
4,9004,IT,balanced,1,2,adaptive,1.0,0.75,17026.0,8954.727811561546,60.919099996681325,2,0.0,0.029397380338147643,False
4,9004,IT,balanced,1,2,fixed10,0.1,0.1,17655.61756702229,9262.011177060422,17.251600002055056,2,0.03697977017633566,0.06472136763540887,True
4,9004,IT,balanced,1,2,exhaustive,1.0,0.75,17026.0,8954.727811561546,50.88320000504609,2,0.0,0.029397380338147643,False
4,9004,IT,balanced,1,2,fixed25,0.25,0.25,17302.633707180077,9028.706084683277,39.32429999986198,2,0.01624772155409827,0.037901607619643334,False
4,9004,IT,balanced,1,2,fixed50,0.5,0.5,17164.581876519693,9108.825581904694,51.579699997091666,2,0.008139426554663029,0.04711180387454805,False
4,9004,DE,balanced,1,2,fixed25,0.25,0.25,19769.86851127763,11442.798620694848,24.086999997962266,2,0.0019250549637707343,0.026724621868261626,False
4,9004,DE,balanced,1,2,nsga2,1.0,0.75,19808.0,11750.973310079677,46.56930000055581,2,0.0,0.0005126043991089058,False
4,9004,DE,balanced,1,2,fixed10,0.1,0.1,19708.132927522627,10334.454576509524,18.069700003252365,2,0.0050417544667494376,0.12099561312328617,True
4,9004,DE,balanced,1,2,adaptive,1.0,0.75,19808.0,11750.973310079677,55.17530000361148,2,0.0,0.0005126043991089058,False
4,9004,DE,balanced,1,2,exhaustive,1.0,0.75,19808.0,11750.973310079677,79.92960000410676,2,0.0,0.0005126043991089058,False
4,9004,DE,balanced,1,2,fixed75,0.75,0.75,19858.284452652933,11750.973310079677,48.059000007924624,2,0.002538593126662631,0.0005126043991089058,False
4,9004,DE,balanced,1,2,exact,1.0,1.0,19808.0,11757.0,60.548000008566305,2,0.0,0.0,False
4,9004,DE,balanced,1,2,fixed50,0.5,0.5,19901.31241347528,11602.861195379255,39.67710000870284,2,0.004710844783687386,0.013110385695393795,False
4,9004,ES,balanced,1,2,nsga2,1.0,0.75,18254.0,9820.57032633112,61.79839999822434,2,0.0,0.016369158019719485,False
4,9004,ES,balanced,1,2,fixed75,0.75,0.75,18211.311387935828,9820.57032633112,49.34139999386389,2,0.0023385894633599236,0.016369158019719485,False
4,9004,ES,balanced,1,2,fixed25,0.25,0.25,18230.345983599254,10187.47050196883,28.793299992685206,2,0.0012958264709513315,0.020379657649121585,False
4,9004,ES,balanced,1,2,exhaustive,1.0,0.75,18254.0,9820.57032633112,59.41480000910815,2,0.0,0.016369158019719485,False
4,9004,ES,balanced,1,2,adaptive,1.0,0.75,18254.0,9820.57032633112,45.926099992357194,2,0.0,0.016369158019719485,False
4,9004,ES,balanced,1,2,fixed50,0.5,0.5,18412.915103902946,9948.164490285555,31.443800005945377,2,0.008705768812476483,0.003589293841591038,False
4,9004,ES,balanced,1,2,exact,1.0,1.0,18254.0,9984.0,47.14559999410994,2,0.0,0.0,False
4,9004,ES,balanced,1,2,fixed10,0.1,0.1,18333.146909323375,9164.516322565049,12.971900010597892,2,0.004335866622295137,0.0820796952559046,True
4,9004,NL,balanced,1,2,fixed50,0.5,0.5,14951.991252343612,6343.004036192518,37.3781000089366,2,0.001669810219428967,0.03908437567148651,False
4,9004,NL,balanced,1,2,exhaustive,1.0,0.75,14977.0,6637.534524083961,51.33899999782443,2,0.0,0.0055346953619088935,False
4,9004,NL,balanced,1,2,fixed75,0.75,0.75,15021.300451906094,6637.534524083961,71.46120000106748,2,0.0029578989053945493,0.0055346953619088935,False
4,9004,NL,balanced,1,2,fixed25,0.25,0.25,15115.312089933139,6872.1167525129395,19.238000008044764,2,0.00923496627716758,0.04107207279396144,False
4,9004,NL,balanced,1,2,nsga2,1.0,0.75,14977.0,6637.534524083961,33.81470000022091,2,0.0,0.0055346953619088935,False
4,9004,NL,balanced,1,2,fixed10,0.1,0.1,15184.628200983056,6239.670687703863,15.211600009934045,2,0.013863136875412676,0.054738571776418235,True
4,9004,NL,balanced,1,2,adaptive,1.0,0.75,14977.0,6637.534524083961,48.18949999753386,2,0.0,0.0055346953619088935,False
4,9004,NL,balanced,1,2,exact,1.0,1.0,14977.0,6601.0,48.25419999542646,2,0.0,0.0,False
4,9004,NL,quality,2,0,exhaustive,1.0,1.0,14977.0,6601.0,51.74110000371002,2,0.0,0.0,False
4,9004,NL,quality,2,0,exact,1.0,1.0,14977.0,6601.0,46.64109999430366,2,0.0,0.0,False
4,9004,NL,quality,2,0,fixed50,0.5,0.5,14951.991252343612,6343.004036192518,29.74460000405088,2,0.001669810219428967,0.03908437567148651,True
4,9004,NL,quality,2,0,fixed25,0.25,0.25,15115.312089933139,6872.1167525129395,39.818699995521456,2,0.00923496627716758,0.04107207279396144,True
4,9004,NL,quality,2,0,adaptive,1.0,1.0,14977.0,6601.0,88.11479998985305,2,0.0,0.0,False
4,9004,NL,quality,2,0,fixed10,0.1,0.1,15184.628200983056,6239.670687703863,20.274199996492825,2,0.013863136875412676,0.054738571776418235,True
4,9004,NL,quality,2,0,fixed75,0.75,0.75,15021.300451906094,6637.534524083961,53.78299999574665,2,0.0029578989053945493,0.0055346953619088935,False
4,9004,NL,quality,2,0,nsga2,1.0,1.0,14977.0,6601.0,91.49340000294615,2,0.0,0.0,False
4,9004,ES,quality,2,0,fixed75,0.75,0.75,18211.311387935828,9820.57032633112,105.97550000238698,2,0.0023385894633599236,0.016369158019719485,False
4,9004,ES,quality,2,0,exhaustive,1.0,1.0,18254.0,9984.0,72.01050000730902,2,0.0,0.0,False
4,9004,ES,quality,2,0,adaptive,1.0,1.0,18254.0,9984.0,49.6934999973746,2,0.0,0.0,False
4,9004,ES,quality,2,0,exact,1.0,1.0,18254.0,9984.0,82.15579998795874,2,0.0,0.0,False
4,9004,ES,quality,2,0,fixed50,0.5,0.5,18412.915103902946,9948.164490285555,35.206600005039945,2,0.008705768812476483,0.003589293841591038,False
4,9004,ES,quality,2,0,fixed25,0.25,0.25,18230.345983599254,10187.47050196883,20.729299998492934,2,0.0012958264709513315,0.020379657649121585,True
4,9004,ES,quality,2,0,fixed10,0.1,0.1,18333.146909323375,9164.516322565049,18.99849998881109,2,0.004335866622295137,0.0820796952559046,True
4,9004,ES,quality,2,0,nsga2,1.0,1.0,18254.0,9984.0,63.76269999600481,2,0.0,0.0,False
4,9004,FR,quality,2,0,exact,1.0,1.0,29935.0,26986.0,94.63259999756701,2,0.0,0.0,False
4,9004,FR,quality,2,0,nsga2,1.0,1.0,29935.0,26986.0,108.87979999824893,2,0.0,0.0,False
4,9004,FR,quality,2,0,fixed10,0.1,0.1,29263.28938732758,23593.754787880232,21.14560001064092,2,0.02243897152739005,0.12570389135550905,True
4,9004,FR,quality,2,0,exhaustive,1.0,1.0,29935.0,26986.0,101.73479998775292,2,0.0,0.0,False
4,9004,FR,quality,2,0,fixed25,0.25,0.25,30390.574572352343,27440.185159331526,48.341900008381344,2,0.015218793130193527,0.016830399441618838,True
4,9004,FR,quality,2,0,fixed50,0.5,0.5,29957.99692317977,27006.728590140418,97.19030000269413,2,0.0007682286012951231,0.0007681238471954906,False
4,9004,FR,quality,2,0,fixed75,0.75,0.75,29882.700606266837,26849.989295098254,104.5079000032274,2,0.0017470985045319196,0.005040046872517086,False
4,9004,FR,quality,2,0,adaptive,1.0,1.0,29935.0,26986.0,113.26530000951607,2,0.0,0.0,False
4,9004,IT,quality,2,0,fixed25,0.25,0.25,17302.633707180077,9028.706084683277,30.146599994623102,2,0.01624772155409827,0.037901607619643334,True
4,9004,IT,quality,2,0,fixed50,0.5,0.5,17164.581876519693,9108.825581904694,66.21079999604262,2,0.008139426554663029,0.04711180387454805,True
4,9004,IT,quality,2,0,fixed75,0.75,0.75,17130.65187702517,8954.727811561546,40.54780000296887,2,0.006146592095922203,0.029397380338147643,True
4,9004,IT,quality,2,0,fixed10,0.1,0.1,17655.61756702229,9262.011177060422,11.850800001411699,2,0.03697977017633566,0.06472136763540887,True
4,9004,IT,quality,2,0,nsga2,1.0,1.0,17026.0,8699.0,43.99010000634007,2,0.0,0.0,False
4,9004,IT,quality,2,0,adaptive,1.0,1.0,17026.0,8699.0,43.98560000117868,2,0.0,0.0,False
4,9004,IT,quality,2,0,exact,1.0,1.0,17026.0,8699.0,42.84599999664351,2,0.0,0.0,False
4,9004,IT,quality,2,0,exhaustive,1.0,1.0,17026.0,8699.0,45.42579999542795,2,0.0,0.0,False
4,9004,DE,quality,2,0,adaptive,1.0,1.0,19808.0,11757.0,51.79409999982454,2,0.0,0.0,False
4,9004,DE,quality,2,0,fixed25,0.25,0.25,19769.86851127763,11442.798620694848,19.383500010007992,2,0.0019250549637707343,0.026724621868261626,True
4,9004,DE,quality,2,0,fixed10,0.1,0.1,19708.132927522627,10334.454576509524,13.860899998690002,2,0.0050417544667494376,0.12099561312328617,True
4,9004,DE,quality,2,0,exhaustive,1.0,1.0,19808.0,11757.0,52.02380000264384,2,0.0,0.0,False
4,9004,DE,quality,2,0,fixed75,0.75,0.75,19858.284452652933,11750.973310079677,46.488899999530986,2,0.002538593126662631,0.0005126043991089058,False
4,9004,DE,quality,2,0,fixed50,0.5,0.5,19901.31241347528,11602.861195379255,34.249599993927404,2,0.004710844783687386,0.013110385695393795,False
4,9004,DE,quality,2,0,nsga2,1.0,1.0,19808.0,11757.0,55.81710000114981,2,0.0,0.0,False
4,9004,DE,quality,2,0,exact,1.0,1.0,19808.0,11757.0,71.87559999874793,2,0.0,0.0,False
4,9004,DE,quality,2,1,fixed75,0.75,0.75,19858.284452652933,11750.973310079677,52.43880000489298,2,0.002538593126662631,0.0005126043991089058,False
4,9004,DE,quality,2,1,exhaustive,1.0,1.0,19808.0,11757.0,107.24140000820626,2,0.0,0.0,False
4,9004,DE,quality,2,1,adaptive,1.0,1.0,19808.0,11757.0,97.66990000207443,2,0.0,0.0,False
4,9004,DE,quality,2,1,exact,1.0,1.0,19808.0,11757.0,64.70980000449345,2,0.0,0.0,False
4,9004,DE,quality,2,1,fixed50,0.5,0.5,19901.31241347528,11602.861195379255,35.19530000630766,2,0.004710844783687386,0.013110385695393795,False
4,9004,DE,quality,2,1,fixed25,0.25,0.25,19769.86851127763,11442.798620694848,27.597600012086332,2,0.0019250549637707343,0.026724621868261626,True
4,9004,DE,quality,2,1,fixed10,0.1,0.1,19708.132927522627,10334.454576509524,17.766300006769598,2,0.0050417544667494376,0.12099561312328617,True
4,9004,DE,quality,2,1,nsga2,1.0,1.0,19808.0,11757.0,73.10589999542572,2,0.0,0.0,False
4,9004,FR,quality,2,1,fixed25,0.25,0.25,30390.574572352343,27440.185159331526,39.755200006766245,2,0.015218793130193527,0.016830399441618838,True
4,9004,FR,quality,2,1,fixed50,0.5,0.5,29957.99692317977,27006.728590140418,56.542499994975515,2,0.0007682286012951231,0.0007681238471954906,False
4,9004,FR,quality,2,1,fixed75,0.75,0.75,29882.700606266837,26849.989295098254,98.11640001134947,2,0.0017470985045319196,0.005040046872517086,False
4,9004,FR,quality,2,1,fixed10,0.1,0.1,29263.28938732758,23593.754787880232,23.31920000142418,2,0.02243897152739005,0.12570389135550905,True
4,9004,FR,quality,2,1,nsga2,1.0,1.0,29935.0,26986.0,130.6250000052387,2,0.0,0.0,False
4,9004,FR,quality,2,1,adaptive,1.0,1.0,29935.0,26986.0,158.88030000496656,2,0.0,0.0,False
4,9004,FR,quality,2,1,exact,1.0,1.0,29935.0,26986.0,162.877099995967,2,0.0,0.0,False
4,9004,FR,quality,2,1,exhaustive,1.0,1.0,29935.0,26986.0,90.9516999963671,2,0.0,0.0,False
4,9004,NL,quality,2,1,fixed25,0.25,0.25,15115.312089933139,6872.1167525129395,18.82830000249669,2,0.00923496627716758,0.04107207279396144,True
4,9004,NL,quality,2,1,fixed50,0.5,0.5,14951.991252343612,6343.004036192518,42.55949999787845,2,0.001669810219428967,0.03908437567148651,True
4,9004,NL,quality,2,1,nsga2,1.0,1.0,14977.0,6601.0,66.74270000075921,2,0.0,0.0,False
4,9004,NL,quality,2,1,exhaustive,1.0,1.0,14977.0,6601.0,59.121099999174476,2,0.0,0.0,False
4,9004,NL,quality,2,1,fixed75,0.75,0.75,15021.300451906094,6637.534524083961,42.832400009501725,2,0.0029578989053945493,0.0055346953619088935,False
4,9004,NL,quality,2,1,exact,1.0,1.0,14977.0,6601.0,47.26920000393875,2,0.0,0.0,False
4,9004,NL,quality,2,1,adaptive,1.0,1.0,14977.0,6601.0,54.91299999994226,2,0.0,0.0,False
4,9004,NL,quality,2,1,fixed10,0.1,0.1,15184.628200983056,6239.670687703863,12.439199999789707,2,0.013863136875412676,0.054738571776418235,True
4,9004,ES,quality,2,1,exact,1.0,1.0,18254.0,9984.0,57.35489999642596,2,0.0,0.0,False
4,9004,ES,quality,2,1,nsga2,1.0,1.0,18254.0,9984.0,72.96829999540932,2,0.0,0.0,False
4,9004,ES,quality,2,1,fixed10,0.1,0.1,18333.146909323375,9164.516322565049,17.669299995759502,2,0.004335866622295137,0.0820796952559046,True
4,9004,ES,quality,2,1,exhaustive,1.0,1.0,18254.0,9984.0,66.51509999937844,2,0.0,0.0,False
4,9004,ES,quality,2,1,fixed25,0.25,0.25,18230.345983599254,10187.47050196883,24.176699997042306,2,0.0012958264709513315,0.020379657649121585,True
4,9004,ES,quality,2,1,fixed50,0.5,0.5,18412.915103902946,9948.164490285555,40.044099994702265,2,0.008705768812476483,0.003589293841591038,False
4,9004,ES,quality,2,1,fixed75,0.75,0.75,18211.311387935828,9820.57032633112,52.52219999965746,2,0.0023385894633599236,0.016369158019719485,False
4,9004,ES,quality,2,1,adaptive,1.0,1.0,18254.0,9984.0,65.21989998873323,2,0.0,0.0,False
4,9004,IT,quality,2,1,exhaustive,1.0,1.0,17026.0,8699.0,66.22960000822786,2,0.0,0.0,False
4,9004,IT,quality,2,1,exact,1.0,1.0,17026.0,8699.0,55.31009999685921,2,0.0,0.0,False
4,9004,IT,quality,2,1,fixed50,0.5,0.5,17164.581876519693,9108.825581904694,31.897599998046644,2,0.008139426554663029,0.04711180387454805,True
4,9004,IT,quality,2,1,fixed25,0.25,0.25,17302.633707180077,9028.706084683277,15.813699996215291,2,0.01624772155409827,0.037901607619643334,True
4,9004,IT,quality,2,1,adaptive,1.0,1.0,17026.0,8699.0,29.881399997975677,2,0.0,0.0,False
4,9004,IT,quality,2,1,fixed10,0.1,0.1,17655.61756702229,9262.011177060422,12.533600005554035,2,0.03697977017633566,0.06472136763540887,True
4,9004,IT,quality,2,1,fixed75,0.75,0.75,17130.65187702517,8954.727811561546,42.84829999960493,2,0.006146592095922203,0.029397380338147643,True
4,9004,IT,quality,2,1,nsga2,1.0,1.0,17026.0,8699.0,46.32340000534896,2,0.0,0.0,False
4,9004,DE,quality,2,2,exact,1.0,1.0,19808.0,11757.0,62.96650000149384,2,0.0,0.0,False
4,9004,DE,quality,2,2,nsga2,1.0,1.0,19808.0,11757.0,63.98300000000745,2,0.0,0.0,False
4,9004,DE,quality,2,2,fixed10,0.1,0.1,19708.132927522627,10334.454576509524,13.940799995907582,2,0.0050417544667494376,0.12099561312328617,True
4,9004,DE,quality,2,2,exhaustive,1.0,1.0,19808.0,11757.0,56.479600010789,2,0.0,0.0,False
4,9004,DE,quality,2,2,fixed25,0.25,0.25,19769.86851127763,11442.798620694848,31.373399993753992,2,0.0019250549637707343,0.026724621868261626,True
4,9004,DE,quality,2,2,fixed50,0.5,0.5,19901.31241347528,11602.861195379255,41.7680999962613,2,0.004710844783687386,0.013110385695393795,False
4,9004,DE,quality,2,2,fixed75,0.75,0.75,19858.284452652933,11750.973310079677,55.22120000387076,2,0.002538593126662631,0.0005126043991089058,False
4,9004,DE,quality,2,2,adaptive,1.0,1.0,19808.0,11757.0,57.27429999387823,2,0.0,0.0,False
4,9004,ES,quality,2,2,fixed25,0.25,0.25,18230.345983599254,10187.47050196883,21.150499989744276,2,0.0012958264709513315,0.020379657649121585,True
4,9004,ES,quality,2,2,fixed50,0.5,0.5,18412.915103902946,9948.164490285555,33.39119999145623,2,0.008705768812476483,0.003589293841591038,False
4,9004,ES,quality,2,2,fixed75,0.75,0.75,18211.311387935828,9820.57032633112,44.87899999367073,2,0.0023385894633599236,0.016369158019719485,False
4,9004,ES,quality,2,2,fixed10,0.1,0.1,18333.146909323375,9164.516322565049,12.287100005778484,2,0.004335866622295137,0.0820796952559046,True
4,9004,ES,quality,2,2,nsga2,1.0,1.0,18254.0,9984.0,49.74890001176391,2,0.0,0.0,False
4,9004,ES,quality,2,2,adaptive,1.0,1.0,18254.0,9984.0,52.7455999981612,2,0.0,0.0,False
4,9004,ES,quality,2,2,exact,1.0,1.0,18254.0,9984.0,51.30259999714326,2,0.0,0.0,False
4,9004,ES,quality,2,2,exhaustive,1.0,1.0,18254.0,9984.0,55.779300004360266,2,0.0,0.0,False
4,9004,FR,quality,2,2,exhaustive,1.0,1.0,29935.0,26986.0,91.40540000225883,2,0.0,0.0,False
4,9004,FR,quality,2,2,exact,1.0,1.0,29935.0,26986.0,86.84969999012537,2,0.0,0.0,False
4,9004,FR,quality,2,2,fixed50,0.5,0.5,29957.99692317977,27006.728590140418,54.49880000378471,2,0.0007682286012951231,0.0007681238471954906,False
4,9004,FR,quality,2,2,fixed25,0.25,0.25,30390.574572352343,27440.185159331526,31.615599989891052,2,0.015218793130193527,0.016830399441618838,True
4,9004,FR,quality,2,2,adaptive,1.0,1.0,29935.0,26986.0,81.32360001036432,2,0.0,0.0,False
4,9004,FR,quality,2,2,fixed10,0.1,0.1,29263.28938732758,23593.754787880232,18.37340000201948,2,0.02243897152739005,0.12570389135550905,True
4,9004,FR,quality,2,2,fixed75,0.75,0.75,29882.700606266837,26849.989295098254,75.91640000464395,2,0.0017470985045319196,0.005040046872517086,False
4,9004,FR,quality,2,2,nsga2,1.0,1.0,29935.0,26986.0,96.95099999953527,2,0.0,0.0,False
4,9004,IT,quality,2,2,fixed25,0.25,0.25,17302.633707180077,9028.706084683277,23.361100000329316,2,0.01624772155409827,0.037901607619643334,True
4,9004,IT,quality,2,2,fixed50,0.5,0.5,17164.581876519693,9108.825581904694,35.07639998861123,2,0.008139426554663029,0.04711180387454805,True
4,9004,IT,quality,2,2,nsga2,1.0,1.0,17026.0,8699.0,47.31759999413043,2,0.0,0.0,False
4,9004,IT,quality,2,2,exhaustive,1.0,1.0,17026.0,8699.0,50.66540000552777,2,0.0,0.0,False
4,9004,IT,quality,2,2,fixed75,0.75,0.75,17130.65187702517,8954.727811561546,54.1601000004448,2,0.006146592095922203,0.029397380338147643,True
4,9004,IT,quality,2,2,exact,1.0,1.0,17026.0,8699.0,54.37240000173915,2,0.0,0.0,False
4,9004,IT,quality,2,2,adaptive,1.0,1.0,17026.0,8699.0,55.462600008468144,2,0.0,0.0,False
4,9004,IT,quality,2,2,fixed10,0.1,0.1,17655.61756702229,9262.011177060422,14.082900001085363,2,0.03697977017633566,0.06472136763540887,True
4,9004,NL,quality,2,2,exhaustive,1.0,1.0,14977.0,6601.0,52.0671999984188,2,0.0,0.0,False
4,9004,NL,quality,2,2,fixed25,0.25,0.25,15115.312089933139,6872.1167525129395,34.06919998815283,2,0.00923496627716758,0.04107207279396144,True
4,9004,NL,quality,2,2,fixed50,0.5,0.5,14951.991252343612,6343.004036192518,33.002900003339164,2,0.001669810219428967,0.03908437567148651,True
4,9004,NL,quality,2,2,exact,1.0,1.0,14977.0,6601.0,45.7408999936888,2,0.0,0.0,False
4,9004,NL,quality,2,2,nsga2,1.0,1.0,14977.0,6601.0,43.51610000594519,2,0.0,0.0,False
4,9004,NL,quality,2,2,fixed10,0.1,0.1,15184.628200983056,6239.670687703863,11.438100002123974,2,0.013863136875412676,0.054738571776418235,True
4,9004,NL,quality,2,2,adaptive,1.0,1.0,14977.0,6601.0,47.95390000799671,2,0.0,0.0,False
4,9004,NL,quality,2,2,fixed75,0.75,0.75,15021.300451906094,6637.534524083961,45.16040001180954,2,0.0029578989053945493,0.0055346953619088935,False
4,9004,IT,performance,3,0,fixed50,0.5,0.5,17164.581876519693,9108.825581904694,37.25029999623075,2,0.008139426554663029,0.04711180387454805,False
4,9004,IT,performance,3,0,exhaustive,0.25,0.35,17302.633707180077,9211.7843449825,26.121900009457022,2,0.01624772155409827,0.058947504883607255,False
4,9004,IT,performance,3,0,fixed10,0.1,0.1,17655.61756702229,9262.011177060422,13.095599992084317,2,0.03697977017633566,0.06472136763540887,False
4,9004,IT,performance,3,0,fixed25,0.25,0.25,17302.633707180077,9028.706084683277,20.84110000578221,2,0.01624772155409827,0.037901607619643334,False
4,9004,IT,performance,3,0,fixed75,0.75,0.75,17130.65187702517,8954.727811561546,41.08920000726357,2,0.006146592095922203,0.029397380338147643,False
4,9004,IT,performance,3,0,adaptive,1.0,1.0,17026.0,8699.0,48.75170000013895,2,0.0,0.0,False
4,9004,IT,performance,3,0,exact,1.0,1.0,17026.0,8699.0,48.15000000235159,2,0.0,0.0,False
4,9004,IT,performance,3,0,nsga2,0.25,0.35,17302.633707180077,9211.7843449825,37.45849999540951,2,0.01624772155409827,0.058947504883607255,False
4,9004,DE,performance,3,0,fixed10,0.1,0.1,19708.132927522627,10334.454576509524,18.118799998774193,2,0.0050417544667494376,0.12099561312328617,False
4,9004,DE,performance,3,0,nsga2,1.0,0.35,19808.0,12287.83311382213,31.44130000146106,2,0.0,0.04515038817913832,False
4,9004,DE,performance,3,0,exact,1.0,1.0,19808.0,11757.0,56.887900005676784,2,0.0,0.0,False
4,9004,DE,performance,3,0,fixed50,0.5,0.5,19901.31241347528,11602.861195379255,33.69850000308361,2,0.004710844783687386,0.013110385695393795,False
4,9004,DE,performance,3,0,fixed25,0.25,0.25,19769.86851127763,11442.798620694848,20.977799998945557,2,0.0019250549637707343,0.026724621868261626,False
4,9004,DE,performance,3,0,fixed75,0.75,0.75,19858.284452652933,11750.973310079677,48.02149999886751,2,0.002538593126662631,0.0005126043991089058,False
4,9004,DE,performance,3,0,adaptive,1.0,1.0,19808.0,11757.0,64.06499999866355,2,0.0,0.0,False
4,9004,DE,performance,3,0,exhaustive,1.0,0.35,19808.0,12287.83311382213,29.007199991610833,2,0.0,0.04515038817913832,False
4,9004,ES,performance,3,0,fixed25,0.25,0.25,18230.345983599254,10187.47050196883,19.859699998050928,2,0.0012958264709513315,0.020379657649121585,False
4,9004,ES,performance,3,0,nsga2,0.25,0.35,18230.345983599254,10201.683017933552,27.01869999873452,2,0.0012958264709513315,0.021803186892383017,False
4,9004,ES,performance,3,0,fixed75,0.75,0.75,18211.311387935828,9820.57032633112,53.32849999831524,2,0.0023385894633599236,0.016369158019719485,False
4,9004,ES,performance,3,0,fixed10,0.1,0.1,18333.146909323375,9164.516322565049,15.786200005095452,2,0.004335866622295137,0.0820796952559046,False
4,9004,ES,performance,3,0,adaptive,1.0,1.0,18254.0,9984.0,65.52259999443777,2,0.0,0.0,False
4,9004,ES,performance,3,0,exhaustive,0.25,0.35,18230.345983599254,10201.683017933552,47.15070000384003,2,0.0012958264709513315,0.021803186892383017,False
4,9004,ES,performance,3,0,exact,1.0,1.0,18254.0,9984.0,106.73590000078548,2,0.0,0.0,False
4,9004,ES,performance,3,0,fixed50,0.5,0.5,18412.915103902946,9948.164490285555,55.23499999253545,2,0.008705768812476483,0.003589293841591038,False
4,9004,NL,performance,3,0,fixed25,0.25,0.25,15115.312089933139,6872.1167525129395,19.950100002461113,2,0.00923496627716758,0.04107207279396144,False
4,9004,NL,performance,3,0,fixed75,0.75,0.75,15021.300451906094,6637.534524083961,43.53830000036396,2,0.0029578989053945493,0.0055346953619088935,False
4,9004,NL,performance,3,0,exact,1.0,1.0,14977.0,6601.0,56.909000006271526,2,0.0,0.0,False
4,9004,NL,performance,3,0,adaptive,1.0,1.0,14977.0,6601.0,62.810400006128475,2,0.0,0.0,False
4,9004,NL,performance,3,0,nsga2,0.35,0.35,15056.437440097285,6528.422653016018,27.179500000784174,2,0.0053039620816775525,0.01099490183062905,False
4,9004,NL,performance,3,0,exhaustive,0.35,0.35,15056.437440097285,6528.422653016018,26.11109999998007,2,0.0053039620816775525,0.01099490183062905,False
4,9004,NL,performance,3,0,fixed50,0.5,0.5,14951.991252343612,6343.004036192518,35.55190000042785,2,0.001669810219428967,0.03908437567148651,False
4,9004,NL,performance,3,0,fixed10,0.1,0.1,15184.628200983056,6239.670687703863,12.85230000212323,2,0.013863136875412676,0.054738571776418235,False
4,9004,FR,performance,3,0,nsga2,1.0,0.35,29935.0,27242.66595807436,40.368699992541224,2,0.0,0.0095110782655585,False
4,9004,FR,performance,3,0,fixed10,0.1,0.1,29263.28938732758,23593.754787880232,17.710000000079162,2,0.02243897152739005,0.12570389135550905,False
4,9004,FR,performance,3,0,exact,1.0,1.0,29935.0,26986.0,86.95050000096671,2,0.0,0.0,False
4,9004,FR,performance,3,0,exhaustive,0.25,0.35,30390.574572352343,27242.66595807436,49.9742999963928,2,0.015218793130193527,0.0095110782655585,False
4,9004,FR,performance,3,0,fixed75,0.75,0.75,29882.700606266837,26849.989295098254,88.45700000529177,2,0.0017470985045319196,0.005040046872517086,False
4,9004,FR,performance,3,0,adaptive,1.0,1.0,29935.0,26986.0,85.78269999998156,2,0.0,0.0,False
4,9004,FR,performance,3,0,fixed25,0.25,0.25,30390.574572352343,27440.185159331526,37.9423999984283,2,0.015218793130193527,0.016830399441618838,False
4,9004,FR,performance,3,0,fixed50,0.5,0.5,29957.99692317977,27006.728590140418,54.075800013379194,2,0.0007682286012951231,0.0007681238471954906,False
4,9004,IT,performance,3,1,fixed25,0.25,0.25,17302.633707180077,9028.706084683277,20.532700000330806,2,0.01624772155409827,0.037901607619643334,False
4,9004,IT,performance,3,1,fixed75,0.75,0.75,17130.65187702517,8954.727811561546,41.34160000830889,2,0.006146592095922203,0.029397380338147643,False
4,9004,IT,performance,3,1,exact,1.0,1.0,17026.0,8699.0,54.86219999147579,2,0.0,0.0,False
4,9004,IT,performance,3,1,adaptive,1.0,1.0,17026.0,8699.0,46.201599994674325,2,0.0,0.0,False
4,9004,IT,performance,3,1,nsga2,0.25,0.35,17302.633707180077,9211.7843449825,20.858199990470894,2,0.01624772155409827,0.058947504883607255,False
4,9004,IT,performance,3,1,exhaustive,0.25,0.35,17302.633707180077,9211.7843449825,24.270000008982606,2,0.01624772155409827,0.058947504883607255,False
4,9004,IT,performance,3,1,fixed50,0.5,0.5,17164.581876519693,9108.825581904694,50.25119999481831,2,0.008139426554663029,0.04711180387454805,False
4,9004,IT,performance,3,1,fixed10,0.1,0.1,17655.61756702229,9262.011177060422,19.251499994425103,2,0.03697977017633566,0.06472136763540887,False
4,9004,NL,performance,3,1,exhaustive,0.35,0.35,15056.437440097285,6528.422653016018,33.93149998737499,2,0.0053039620816775525,0.01099490183062905,False
4,9004,NL,performance,3,1,fixed25,0.25,0.25,15115.312089933139,6872.1167525129395,29.475300005287863,2,0.00923496627716758,0.04107207279396144,False
4,9004,NL,performance,3,1,nsga2,0.35,0.35,15056.437440097285,6528.422653016018,24.193399993237108,2,0.0053039620816775525,0.01099490183062905,False
4,9004,NL,performance,3,1,adaptive,1.0,1.0,14977.0,6601.0,41.98150000593159,2,0.0,0.0,False
4,9004,NL,performance,3,1,fixed10,0.1,0.1,15184.628200983056,6239.670687703863,14.671400000224821,2,0.013863136875412676,0.054738571776418235,False
4,9004,NL,performance,3,1,exact,1.0,1.0,14977.0,6601.0,49.934399998164736,2,0.0,0.0,False
4,9004,NL,performance,3,1,fixed50,0.5,0.5,14951.991252343612,6343.004036192518,40.57549999561161,2,0.001669810219428967,0.03908437567148651,False
4,9004,NL,performance,3,1,fixed75,0.75,0.75,15021.300451906094,6637.534524083961,38.86820000479929,2,0.0029578989053945493,0.0055346953619088935,False
4,9004,FR,performance,3,1,fixed50,0.5,0.5,29957.99692317977,27006.728590140418,54.434999998193234,2,0.0007682286012951231,0.0007681238471954906,False
4,9004,FR,performance,3,1,exhaustive,0.25,0.35,30390.574572352343,27242.66595807436,42.32029999548104,2,0.015218793130193527,0.0095110782655585,False
4,9004,FR,performance,3,1,fixed10,0.1,0.1,29263.28938732758,23593.754787880232,16.424800007371232,2,0.02243897152739005,0.12570389135550905,False
4,9004,FR,performance,3,1,fixed25,0.25,0.25,30390.574572352343,27440.185159331526,37.340100010624155,2,0.015218793130193527,0.016830399441618838,False
4,9004,FR,performance,3,1,fixed75,0.75,0.75,29882.700606266837,26849.989295098254,126.69740000274032,2,0.0017470985045319196,0.005040046872517086,False
4,9004,FR,performance,3,1,adaptive,1.0,1.0,29935.0,26986.0,115.02240000118036,2,0.0,0.0,False
4,9004,FR,performance,3,1,exact,1.0,1.0,29935.0,26986.0,115.03489999449812,2,0.0,0.0,False
4,9004,FR,performance,3,1,nsga2,1.0,0.35,29935.0,27242.66595807436,48.514499998418614,2,0.0,0.0095110782655585,False
4,9004,DE,performance,3,1,fixed25,0.25,0.25,19769.86851127763,11442.798620694848,20.961699992767535,2,0.0019250549637707343,0.026724621868261626,False
4,9004,DE,performance,3,1,nsga2,1.0,0.35,19808.0,12287.83311382213,28.335199996945448,2,0.0,0.04515038817913832,False
4,9004,DE,performance,3,1,fixed75,0.75,0.75,19858.284452652933,11750.973310079677,63.382299995282665,2,0.002538593126662631,0.0005126043991089058,False
4,9004,DE,performance,3,1,fixed10,0.1,0.1,19708.132927522627,10334.454576509524,30.794099991908297,2,0.0050417544667494376,0.12099561312328617,False
4,9004,DE,performance,3,1,adaptive,1.0,1.0,19808.0,11757.0,70.98269999551121,2,0.0,0.0,False
4,9004,DE,performance,3,1,exhaustive,1.0,0.35,19808.0,12287.83311382213,44.24509999807924,2,0.0,0.04515038817913832,False
4,9004,DE,performance,3,1,exact,1.0,1.0,19808.0,11757.0,77.43659999687225,2,0.0,0.0,False
4,9004,DE,performance,3,1,fixed50,0.5,0.5,19901.31241347528,11602.861195379255,33.81269999954384,2,0.004710844783687386,0.013110385695393795,False
4,9004,ES,performance,3,1,nsga2,0.25,0.35,18230.345983599254,10201.683017933552,43.57190000882838,2,0.0012958264709513315,0.021803186892383017,False
4,9004,ES,performance,3,1,fixed10,0.1,0.1,18333.146909323375,9164.516322565049,31.36169999197591,2,0.004335866622295137,0.0820796952559046,False
4,9004,ES,performance,3,1,exact,1.0,1.0,18254.0,9984.0,56.072999999742024,2,0.0,0.0,False
4,9004,ES,performance,3,1,exhaustive,0.25,0.35,18230.345983599254,10201.683017933552,22.552900001755916,2,0.0012958264709513315,0.021803186892383017,False
4,9004,ES,performance,3,1,fixed75,0.75,0.75,18211.311387935828,9820.57032633112,59.283599999616854,2,0.0023385894633599236,0.016369158019719485,False
4,9004,ES,performance,3,1,adaptive,1.0,1.0,18254.0,9984.0,80.1181999995606,2,0.0,0.0,False
4,9004,ES,performance,3,1,fixed25,0.25,0.25,18230.345983599254,10187.47050196883,25.764799996977672,2,0.0012958264709513315,0.020379657649121585,False
4,9004,ES,performance,3,1,fixed50,0.5,0.5,18412.915103902946,9948.164490285555,30.195600003935397,2,0.008705768812476483,0.003589293841591038,False
4,9004,DE,performance,3,2,nsga2,1.0,0.35,19808.0,12287.83311382213,42.477399998460896,2,0.0,0.04515038817913832,False
4,9004,DE,performance,3,2,fixed10,0.1,0.1,19708.132927522627,10334.454576509524,12.622299997019581,2,0.0050417544667494376,0.12099561312328617,False
4,9004,DE,performance,3,2,exact,1.0,1.0,19808.0,11757.0,56.43979999877047,2,0.0,0.0,False
4,9004,DE,performance,3,2,exhaustive,1.0,0.35,19808.0,12287.83311382213,49.69149999669753,2,0.0,0.04515038817913832,False
4,9004,DE,performance,3,2,fixed75,0.75,0.75,19858.284452652933,11750.973310079677,51.5851000091061,2,0.002538593126662631,0.0005126043991089058,False
4,9004,DE,performance,3,2,adaptive,1.0,0.35,19808.0,12287.83311382213,26.887100000749342,2,0.0,0.04515038817913832,False
4,9004,DE,performance,3,2,fixed25,0.25,0.25,19769.86851127763,11442.798620694848,21.0330999980215,2,0.0019250549637707343,0.026724621868261626,False
4,9004,DE,performance,3,2,fixed50,0.5,0.5,19901.31241347528,11602.861195379255,36.40189999714494,2,0.004710844783687386,0.013110385695393795,False
4,9004,IT,performance,3,2,exhaustive,0.25,0.35,17302.633707180077,9211.7843449825,35.27659999963362,2,0.01624772155409827,0.058947504883607255,False
4,9004,IT,performance,3,2,fixed25,0.25,0.25,17302.633707180077,9028.706084683277,29.657399994903244,2,0.01624772155409827,0.037901607619643334,False
4,9004,IT,performance,3,2,nsga2,0.25,0.35,17302.633707180077,9211.7843449825,25.282999995397404,2,0.01624772155409827,0.058947504883607255,False
4,9004,IT,performance,3,2,adaptive,0.25,0.35,17302.633707180077,9211.7843449825,28.440099995350465,2,0.01624772155409827,0.058947504883607255,False
4,9004,IT,performance,3,2,fixed10,0.1,0.1,17655.61756702229,9262.011177060422,14.986800000770018,2,0.03697977017633566,0.06472136763540887,False
4,9004,IT,performance,3,2,exact,1.0,1.0,17026.0,8699.0,48.388499999418855,2,0.0,0.0,False
4,9004,IT,performance,3,2,fixed50,0.5,0.5,17164.581876519693,9108.825581904694,33.4255000052508,2,0.008139426554663029,0.04711180387454805,False
4,9004,IT,performance,3,2,fixed75,0.75,0.75,17130.65187702517,8954.727811561546,48.134399999980815,2,0.006146592095922203,0.029397380338147643,False
4,9004,NL,performance,3,2,fixed25,0.25,0.25,15115.312089933139,6872.1167525129395,24.767199996858835,2,0.00923496627716758,0.04107207279396144,False
4,9004,NL,performance,3,2,fixed75,0.75,0.75,15021.300451906094,6637.534524083961,37.449900002684444,2,0.0029578989053945493,0.0055346953619088935,False
4,9004,NL,performance,3,2,exhaustive,0.35,0.35,15056.437440097285,6528.422653016018,24.714099999982864,2,0.0053039620816775525,0.01099490183062905,False
4,9004,NL,performance,3,2,adaptive,0.35,0.35,15056.437440097285,6528.422653016018,26.03530000487808,2,0.0053039620816775525,0.01099490183062905,False
4,9004,NL,performance,3,2,fixed50,0.5,0.5,14951.991252343612,6343.004036192518,31.370899989269674,2,0.001669810219428967,0.03908437567148651,False
4,9004,NL,performance,3,2,exact,1.0,1.0,14977.0,6601.0,43.89530001208186,2,0.0,0.0,False
4,9004,NL,performance,3,2,nsga2,0.35,0.35,15056.437440097285,6528.422653016018,30.289299989817664,2,0.0053039620816775525,0.01099490183062905,False
4,9004,NL,performance,3,2,fixed10,0.1,0.1,15184.628200983056,6239.670687703863,14.595200002077036,2,0.013863136875412676,0.054738571776418235,False
4,9004,FR,performance,3,2,fixed25,0.25,0.25,30390.574572352343,27440.185159331526,32.7670999977272,2,0.015218793130193527,0.016830399441618838,False
4,9004,FR,performance,3,2,fixed75,0.75,0.75,29882.700606266837,26849.989295098254,81.16499999596272,2,0.0017470985045319196,0.005040046872517086,False
4,9004,FR,performance,3,2,exact,1.0,1.0,29935.0,26986.0,86.83410000230651,2,0.0,0.0,False
4,9004,FR,performance,3,2,adaptive,0.25,0.35,30390.574572352343,27242.66595807436,37.88180000265129,2,0.015218793130193527,0.0095110782655585,False
4,9004,FR,performance,3,2,nsga2,1.0,0.35,29935.0,27242.66595807436,42.63929999433458,2,0.0,0.0095110782655585,False
4,9004,FR,performance,3,2,exhaustive,0.25,0.35,30390.574572352343,27242.66595807436,39.15229999984149,2,0.015218793130193527,0.0095110782655585,False
4,9004,FR,performance,3,2,fixed50,0.5,0.5,29957.99692317977,27006.728590140418,56.865999998990446,2,0.0007682286012951231,0.0007681238471954906,False
4,9004,FR,performance,3,2,fixed10,0.1,0.1,29263.28938732758,23593.754787880232,21.213200001511723,2,0.02243897152739005,0.12570389135550905,False
4,9004,ES,performance,3,2,fixed50,0.5,0.5,18412.915103902946,9948.164490285555,39.93269999045879,2,0.008705768812476483,0.003589293841591038,False
4,9004,ES,performance,3,2,exhaustive,0.25,0.35,18230.345983599254,10201.683017933552,29.472200010786764,2,0.0012958264709513315,0.021803186892383017,False
4,9004,ES,performance,3,2,fixed10,0.1,0.1,18333.146909323375,9164.516322565049,20.117599997320212,2,0.004335866622295137,0.0820796952559046,False
4,9004,ES,performance,3,2,fixed25,0.25,0.25,18230.345983599254,10187.47050196883,33.45360000093933,2,0.0012958264709513315,0.020379657649121585,False
4,9004,ES,performance,3,2,fixed75,0.75,0.75,18211.311387935828,9820.57032633112,69.19099998776801,2,0.0023385894633599236,0.016369158019719485,False
4,9004,ES,performance,3,2,adaptive,0.25,0.35,18230.345983599254,10201.683017933552,24.371299994527362,2,0.0012958264709513315,0.021803186892383017,False
4,9004,ES,performance,3,2,exact,1.0,1.0,18254.0,9984.0,111.00419999274891,2,0.0,0.0,False
4,9004,ES,performance,3,2,nsga2,0.25,0.35,18230.345983599254,10201.683017933552,43.731099998694845,2,0.0012958264709513315,0.021803186892383017,False
4,9004,NL,exact,4,0,fixed10,0.1,0.1,15184.628200983056,6239.670687703863,24.102199997287244,2,0.013863136875412676,0.054738571776418235,True
4,9004,NL,exact,4,0,exhaustive,1.0,1.0,14977.0,6601.0,59.039899992058054,2,0.0,0.0,False
4,9004,NL,exact,4,0,nsga2,1.0,1.0,14977.0,6601.0,40.07560000172816,2,0.0,0.0,False
4,9004,NL,exact,4,0,adaptive,1.0,1.0,14977.0,6601.0,76.2137999990955,2,0.0,0.0,False
4,9004,NL,exact,4,0,fixed75,0.75,0.75,15021.300451906094,6637.534524083961,57.76920000789687,2,0.0029578989053945493,0.0055346953619088935,True
4,9004,NL,exact,4,0,exact,1.0,1.0,14977.0,6601.0,59.84239999088459,2,0.0,0.0,False
4,9004,NL,exact,4,0,fixed25,0.25,0.25,15115.312089933139,6872.1167525129395,24.451200006296858,2,0.00923496627716758,0.04107207279396144,True
4,9004,NL,exact,4,0,fixed50,0.5,0.5,14951.991252343612,6343.004036192518,31.902000002446584,2,0.001669810219428967,0.03908437567148651,True
4,9004,DE,exact,4,0,fixed75,0.75,0.75,19858.284452652933,11750.973310079677,48.361000008299015,2,0.002538593126662631,0.0005126043991089058,True
4,9004,DE,exact,4,0,exact,1.0,1.0,19808.0,11757.0,59.59180000354536,2,0.0,0.0,False
4,9004,DE,exact,4,0,fixed25,0.25,0.25,19769.86851127763,11442.798620694848,22.5298000004841,2,0.0019250549637707343,0.026724621868261626,True
4,9004,DE,exact,4,0,fixed50,0.5,0.5,19901.31241347528,11602.861195379255,32.71489999315236,2,0.004710844783687386,0.013110385695393795,True
4,9004,DE,exact,4,0,nsga2,1.0,1.0,19808.0,11757.0,55.437900009565055,2,0.0,0.0,False
4,9004,DE,exact,4,0,fixed10,0.1,0.1,19708.132927522627,10334.454576509524,14.231399996788241,2,0.0050417544667494376,0.12099561312328617,True
4,9004,DE,exact,4,0,exhaustive,1.0,1.0,19808.0,11757.0,61.65429999236949,2,0.0,0.0,False
4,9004,DE,exact,4,0,adaptive,1.0,1.0,19808.0,11757.0,61.7603999999119,2,0.0,0.0,False
4,9004,FR,exact,4,0,fixed75,0.75,0.75,29882.700606266837,26849.989295098254,147.79809999163263,2,0.0017470985045319196,0.005040046872517086,True
4,9004,FR,exact,4,0,exact,1.0,1.0,29935.0,26986.0,138.91029999649618,2,0.0,0.0,False
4,9004,FR,exact,4,0,exhaustive,1.0,1.0,29935.0,26986.0,102.09129999566358,2,0.0,0.0,False
4,9004,FR,exact,4,0,fixed50,0.5,0.5,29957.99692317977,27006.728590140418,91.51600000041071,2,0.0007682286012951231,0.0007681238471954906,True
4,9004,FR,exact,4,0,fixed25,0.25,0.25,30390.574572352343,27440.185159331526,32.541099993977696,2,0.015218793130193527,0.016830399441618838,True
4,9004,FR,exact,4,0,fixed10,0.1,0.1,29263.28938732758,23593.754787880232,17.846200003987178,2,0.02243897152739005,0.12570389135550905,True
4,9004,FR,exact,4,0,adaptive,1.0,1.0,29935.0,26986.0,90.93679999932647,2,0.0,0.0,False
4,9004,FR,exact,4,0,nsga2,1.0,1.0,29935.0,26986.0,96.5044000040507,2,0.0,0.0,False
4,9004,ES,exact,4,0,exhaustive,1.0,1.0,18254.0,9984.0,48.51030001009349,2,0.0,0.0,False
4,9004,ES,exact,4,0,fixed10,0.1,0.1,18333.146909323375,9164.516322565049,13.388000006671064,2,0.004335866622295137,0.0820796952559046,True
4,9004,ES,exact,4,0,exact,1.0,1.0,18254.0,9984.0,59.345600006054156,2,0.0,0.0,False
4,9004,ES,exact,4,0,fixed75,0.75,0.75,18211.311387935828,9820.57032633112,73.32679998944513,2,0.0023385894633599236,0.016369158019719485,True
4,9004,ES,exact,4,0,nsga2,1.0,1.0,18254.0,9984.0,80.11720000649802,2,0.0,0.0,False
4,9004,ES,exact,4,0,fixed50,0.5,0.5,18412.915103902946,9948.164490285555,66.91330000467133,2,0.008705768812476483,0.003589293841591038,True
4,9004,ES,exact,4,0,fixed25,0.25,0.25,18230.345983599254,10187.47050196883,53.33260000043083,2,0.0012958264709513315,0.020379657649121585,True
4,9004,ES,exact,4,0,adaptive,1.0,1.0,18254.0,9984.0,82.00710000528488,2,0.0,0.0,False
4,9004,IT,exact,4,0,fixed25,0.25,0.25,17302.633707180077,9028.706084683277,27.40510000148788,2,0.01624772155409827,0.037901607619643334,True
4,9004,IT,exact,4,0,nsga2,1.0,1.0,17026.0,8699.0,59.755299997050315,2,0.0,0.0,False
4,9004,IT,exact,4,0,fixed10,0.1,0.1,17655.61756702229,9262.011177060422,14.25760000711307,2,0.03697977017633566,0.06472136763540887,True
4,9004,IT,exact,4,0,fixed75,0.75,0.75,17130.65187702517,8954.727811561546,45.01670000900049,2,0.006146592095922203,0.029397380338147643,True
4,9004,IT,exact,4,0,exhaustive,1.0,1.0,17026.0,8699.0,51.71719999634661,2,0.0,0.0,False
4,9004,IT,exact,4,0,fixed50,0.5,0.5,17164.581876519693,9108.825581904694,34.24170000653248,2,0.008139426554663029,0.04711180387454805,True
4,9004,IT,exact,4,0,adaptive,1.0,1.0,17026.0,8699.0,55.06579999928363,2,0.0,0.0,False
4,9004,IT,exact,4,0,exact,1.0,1.0,17026.0,8699.0,49.51729999447707,2,0.0,0.0,False
4,9004,DE,exact,4,1,exhaustive,1.0,1.0,19808.0,11757.0,50.35040000802837,2,0.0,0.0,False
4,9004,DE,exact,4,1,fixed10,0.1,0.1,19708.132927522627,10334.454576509524,16.228399996180087,2,0.0050417544667494376,0.12099561312328617,True
4,9004,DE,exact,4,1,exact,1.0,1.0,19808.0,11757.0,75.75669999641832,2,0.0,0.0,False
4,9004,DE,exact,4,1,fixed75,0.75,0.75,19858.284452652933,11750.973310079677,51.85640000854619,2,0.002538593126662631,0.0005126043991089058,True
4,9004,DE,exact,4,1,nsga2,1.0,1.0,19808.0,11757.0,73.27680000162218,2,0.0,0.0,False
4,9004,DE,exact,4,1,fixed50,0.5,0.5,19901.31241347528,11602.861195379255,32.399600007920526,2,0.004710844783687386,0.013110385695393795,True
4,9004,DE,exact,4,1,fixed25,0.25,0.25,19769.86851127763,11442.798620694848,22.489900002256036,2,0.0019250549637707343,0.026724621868261626,True
4,9004,DE,exact,4,1,adaptive,1.0,1.0,19808.0,11757.0,58.630799991078675,2,0.0,0.0,False
4,9004,NL,exact,4,1,adaptive,1.0,1.0,14977.0,6601.0,54.06189999484923,2,0.0,0.0,False
4,9004,NL,exact,4,1,exhaustive,1.0,1.0,14977.0,6601.0,62.78700000257231,2,0.0,0.0,False
4,9004,NL,exact,4,1,fixed50,0.5,0.5,14951.991252343612,6343.004036192518,43.17429999355227,2,0.001669810219428967,0.03908437567148651,True
4,9004,NL,exact,4,1,nsga2,1.0,1.0,14977.0,6601.0,48.766399995656684,2,0.0,0.0,False
4,9004,NL,exact,4,1,exact,1.0,1.0,14977.0,6601.0,49.25329999241512,2,0.0,0.0,False
4,9004,NL,exact,4,1,fixed25,0.25,0.25,15115.312089933139,6872.1167525129395,26.712799997767434,2,0.00923496627716758,0.04107207279396144,True
4,9004,NL,exact,4,1,fixed75,0.75,0.75,15021.300451906094,6637.534524083961,37.69050000119023,2,0.0029578989053945493,0.0055346953619088935,True
4,9004,NL,exact,4,1,fixed10,0.1,0.1,15184.628200983056,6239.670687703863,15.432000000146218,2,0.013863136875412676,0.054738571776418235,True
4,9004,ES,exact,4,1,fixed75,0.75,0.75,18211.311387935828,9820.57032633112,73.04820000717882,2,0.0023385894633599236,0.016369158019719485,True
4,9004,ES,exact,4,1,exact,1.0,1.0,18254.0,9984.0,67.46609999390785,2,0.0,0.0,False
4,9004,ES,exact,4,1,exhaustive,1.0,1.0,18254.0,9984.0,56.84360000304878,2,0.0,0.0,False
4,9004,ES,exact,4,1,fixed50,0.5,0.5,18412.915103902946,9948.164490285555,41.729400007170625,2,0.008705768812476483,0.003589293841591038,True
4,9004,ES,exact,4,1,fixed25,0.25,0.25,18230.345983599254,10187.47050196883,20.087600001716055,2,0.0012958264709513315,0.020379657649121585,True
4,9004,ES,exact,4,1,fixed10,0.1,0.1,18333.146909323375,9164.516322565049,13.40630000049714,2,0.004335866622295137,0.0820796952559046,True
4,9004,ES,exact,4,1,adaptive,1.0,1.0,18254.0,9984.0,58.298000003560446,2,0.0,0.0,False
4,9004,ES,exact,4,1,nsga2,1.0,1.0,18254.0,9984.0,72.88880000123754,2,0.0,0.0,False
4,9004,FR,exact,4,1,fixed25,0.25,0.25,30390.574572352343,27440.185159331526,41.40400000324007,2,0.015218793130193527,0.016830399441618838,True
4,9004,FR,exact,4,1,nsga2,1.0,1.0,29935.0,26986.0,86.90030001162086,2,0.0,0.0,False
4,9004,FR,exact,4,1,fixed10,0.1,0.1,29263.28938732758,23593.754787880232,18.667500000447035,2,0.02243897152739005,0.12570389135550905,True
4,9004,FR,exact,4,1,fixed75,0.75,0.75,29882.700606266837,26849.989295098254,98.8597999967169,2,0.0017470985045319196,0.005040046872517086,True
4,9004,FR,exact,4,1,exhaustive,1.0,1.0,29935.0,26986.0,81.83760000974871,2,0.0,0.0,False
4,9004,FR,exact,4,1,fixed50,0.5,0.5,29957.99692317977,27006.728590140418,72.00810000358615,2,0.0007682286012951231,0.0007681238471954906,True
4,9004,FR,exact,4,1,adaptive,1.0,1.0,29935.0,26986.0,100.53110000444576,2,0.0,0.0,False
4,9004,FR,exact,4,1,exact,1.0,1.0,29935.0,26986.0,90.85349999077152,2,0.0,0.0,False
4,9004,IT,exact,4,1,fixed10,0.1,0.1,17655.61756702229,9262.011177060422,18.941899994388223,2,0.03697977017633566,0.06472136763540887,True
4,9004,IT,exact,4,1,exhaustive,1.0,1.0,17026.0,8699.0,84.27069999743253,2,0.0,0.0,False
4,9004,IT,exact,4,1,nsga2,1.0,1.0,17026.0,8699.0,58.89120000938419,2,0.0,0.0,False
4,9004,IT,exact,4,1,adaptive,1.0,1.0,17026.0,8699.0,75.13939999626018,2,0.0,0.0,False
4,9004,IT,exact,4,1,fixed75,0.75,0.75,17130.65187702517,8954.727811561546,55.501800001366064,2,0.006146592095922203,0.029397380338147643,True
4,9004,IT,exact,4,1,exact,1.0,1.0,17026.0,8699.0,87.06859999801964,2,0.0,0.0,False
4,9004,IT,exact,4,1,fixed25,0.25,0.25,17302.633707180077,9028.706084683277,22.19909999985248,2,0.01624772155409827,0.037901607619643334,True
4,9004,IT,exact,4,1,fixed50,0.5,0.5,17164.581876519693,9108.825581904694,32.15040000213776,2,0.008139426554663029,0.04711180387454805,True
4,9004,DE,exact,4,2,fixed75,0.75,0.75,19858.284452652933,11750.973310079677,54.194299998926,2,0.002538593126662631,0.0005126043991089058,True
4,9004,DE,exact,4,2,exact,1.0,1.0,19808.0,11757.0,52.953500009607524,2,0.0,0.0,False
4,9004,DE,exact,4,2,exhaustive,1.0,1.0,19808.0,11757.0,61.91740000213031,2,0.0,0.0,False
4,9004,DE,exact,4,2,fixed50,0.5,0.5,19901.31241347528,11602.861195379255,37.98960000858642,2,0.004710844783687386,0.013110385695393795,True
4,9004,DE,exact,4,2,fixed25,0.25,0.25,19769.86851127763,11442.798620694848,25.76660001068376,2,0.0019250549637707343,0.026724621868261626,True
4,9004,DE,exact,4,2,fixed10,0.1,0.1,19708.132927522627,10334.454576509524,17.522499998449348,2,0.0050417544667494376,0.12099561312328617,True
4,9004,DE,exact,4,2,adaptive,1.0,1.0,19808.0,11757.0,58.49929999385495,2,0.0,0.0,False
4,9004,DE,exact,4,2,nsga2,1.0,1.0,19808.0,11757.0,60.47480000415817,2,0.0,0.0,False
4,9004,FR,exact,4,2,fixed10,0.1,0.1,29263.28938732758,23593.754787880232,19.09210000303574,2,0.02243897152739005,0.12570389135550905,True
4,9004,FR,exact,4,2,exhaustive,1.0,1.0,29935.0,26986.0,97.44100000534672,2,0.0,0.0,False
4,9004,FR,exact,4,2,nsga2,1.0,1.0,29935.0,26986.0,147.14050000475254,2,0.0,0.0,False
4,9004,FR,exact,4,2,adaptive,1.0,1.0,29935.0,26986.0,132.46120000258088,2,0.0,0.0,False
4,9004,FR,exact,4,2,fixed75,0.75,0.75,29882.700606266837,26849.989295098254,100.93390000110958,2,0.0017470985045319196,0.005040046872517086,True
4,9004,FR,exact,4,2,exact,1.0,1.0,29935.0,26986.0,120.82599999848753,2,0.0,0.0,False
4,9004,FR,exact,4,2,fixed25,0.25,0.25,30390.574572352343,27440.185159331526,43.47480001160875,2,0.015218793130193527,0.016830399441618838,True
4,9004,FR,exact,4,2,fixed50,0.5,0.5,29957.99692317977,27006.728590140418,57.84249999851454,2,0.0007682286012951231,0.0007681238471954906,True
4,9004,NL,exact,4,2,fixed25,0.25,0.25,15115.312089933139,6872.1167525129395,18.810599998687394,2,0.00923496627716758,0.04107207279396144,True
4,9004,NL,exact,4,2,exact,1.0,1.0,14977.0,6601.0,47.36349999438971,2,0.0,0.0,False
4,9004,NL,exact,4,2,nsga2,1.0,1.0,14977.0,6601.0,48.06299999472685,2,0.0,0.0,False
4,9004,NL,exact,4,2,exhaustive,1.0,1.0,14977.0,6601.0,46.87339998781681,2,0.0,0.0,False
4,9004,NL,exact,4,2,fixed50,0.5,0.5,14951.991252343612,6343.004036192518,30.47610000066925,2,0.001669810219428967,0.03908437567148651,True
4,9004,NL,exact,4,2,fixed75,0.75,0.75,15021.300451906094,6637.534524083961,42.852999991737306,2,0.0029578989053945493,0.0055346953619088935,True
4,9004,NL,exact,4,2,adaptive,1.0,1.0,14977.0,6601.0,60.13389999861829,2,0.0,0.0,False
4,9004,NL,exact,4,2,fixed10,0.1,0.1,15184.628200983056,6239.670687703863,14.021599999978207,2,0.013863136875412676,0.054738571776418235,True
4,9004,ES,exact,4,2,fixed25,0.25,0.25,18230.345983599254,10187.47050196883,23.09659999446012,2,0.0012958264709513315,0.020379657649121585,True
4,9004,ES,exact,4,2,nsga2,1.0,1.0,18254.0,9984.0,61.877699990873225,2,0.0,0.0,False
4,9004,ES,exact,4,2,fixed10,0.1,0.1,18333.146909323375,9164.516322565049,11.108200007583946,2,0.004335866622295137,0.0820796952559046,True
4,9004,ES,exact,4,2,fixed75,0.75,0.75,18211.311387935828,9820.57032633112,44.1181000060169,2,0.0023385894633599236,0.016369158019719485,True
4,9004,ES,exact,4,2,exhaustive,1.0,1.0,18254.0,9984.0,56.767499991110526,2,0.0,0.0,False
4,9004,ES,exact,4,2,fixed50,0.5,0.5,18412.915103902946,9948.164490285555,43.84149999532383,2,0.008705768812476483,0.003589293841591038,True
4,9004,ES,exact,4,2,adaptive,1.0,1.0,18254.0,9984.0,64.05139999696985,2,0.0,0.0,False
4,9004,ES,exact,4,2,exact,1.0,1.0,18254.0,9984.0,55.67820000578649,2,0.0,0.0,False
4,9004,IT,exact,4,2,adaptive,1.0,1.0,17026.0,8699.0,65.41949999518692,2,0.0,0.0,False
4,9004,IT,exact,4,2,exhaustive,1.0,1.0,17026.0,8699.0,72.82529999793041,2,0.0,0.0,False
4,9004,IT,exact,4,2,fixed50,0.5,0.5,17164.581876519693,9108.825581904694,39.335199995548464,2,0.008139426554663029,0.04711180387454805,True
4,9004,IT,exact,4,2,nsga2,1.0,1.0,17026.0,8699.0,54.68120001023635,2,0.0,0.0,False
4,9004,IT,exact,4,2,exact,1.0,1.0,17026.0,8699.0,44.44789999979548,2,0.0,0.0,False
4,9004,IT,exact,4,2,fixed25,0.25,0.25,17302.633707180077,9028.706084683277,16.470200003823265,2,0.01624772155409827,0.037901607619643334,True
4,9004,IT,exact,4,2,fixed75,0.75,0.75,17130.65187702517,8954.727811561546,31.29610000178218,2,0.006146592095922203,0.029397380338147643,True
4,9004,IT,exact,4,2,fixed10,0.1,0.1,17655.61756702229,9262.011177060422,7.6400999969337136,2,0.03697977017633566,0.06472136763540887,True
