epoch,mode,request,country,kind,budget,online_ms,error,within_budget,estimate,fidelity,bound,query_ms,attempts,fallback,raw_count
0,no_history,0,DE,node,0.2,4.216800007270649,0.05766954168780641,True,9286.666666666668,0.15,0.05250324710510051,4.1643000149633735,1,False,1393
0,no_history,0,DE,edge,0.2,18.20610000868328,0.08383336190639465,True,5344.0,0.25,0.12849959801213437,18.15279998118058,1,False,334
0,no_history,1,DE,node,0.2,4.6150000125635415,0.05766954168780641,True,9286.666666666668,0.15,0.05250324710510051,4.567199997836724,1,False,1393
0,no_history,1,DE,edge,0.2,15.462399984244257,0.08383336190639465,True,5344.0,0.25,0.12849959801213437,15.418700000736862,1,False,334
0,no_history,2,FR,node,0.2,5.921799980569631,0.004969137865721902,True,15033.333333333334,0.15,0.04126562703398206,5.861600016942248,1,False,2255
0,no_history,2,FR,edge,0.2,28.798399987863377,0.033661006851355375,True,12976.0,0.25,0.0824640338911303,28.72959998785518,1,False,811
0,no_history,3,FR,node,0.2,3.507999994326383,0.004969137865721902,True,15033.333333333334,0.15,0.04126562703398206,3.4434999979566783,1,False,2255
0,no_history,3,FR,edge,0.2,17.4088999920059,0.033661006851355375,True,12976.0,0.25,0.0824640338911303,17.370699992170557,1,False,811
0,no_history,4,DE,node,0.2,6.78429999970831,0.05766954168780641,True,9286.666666666668,0.15,0.05250324710510051,6.71459999284707,1,False,1393
0,no_history,4,DE,edge,0.2,17.24720001220703,0.08383336190639465,True,5344.0,0.25,0.12849959801213437,17.181100003654137,1,False,334
0,no_history,5,DE,node,0.2,6.746800005203113,0.05766954168780641,True,9286.666666666668,0.15,0.05250324710510051,6.677199999103323,1,False,1393
0,no_history,5,DE,edge,0.2,17.909899994265288,0.08383336190639465,True,5344.0,0.25,0.12849959801213437,17.854500008979812,1,False,334
0,no_history,6,DE,node,0.2,5.398700013756752,0.05766954168780641,True,9286.666666666668,0.15,0.05250324710510051,5.317900009686127,1,False,1393
0,no_history,6,DE,edge,0.2,17.23699999274686,0.08383336190639465,True,5344.0,0.25,0.12849959801213437,17.19399998546578,1,False,334
0,no_history,7,FR,node,0.2,4.288800002541393,0.004969137865721902,True,15033.333333333334,0.15,0.04126562703398206,4.251200007274747,1,False,2255
0,no_history,7,FR,edge,0.2,26.539499987848103,0.033661006851355375,True,12976.0,0.25,0.0824640338911303,26.507700007641688,1,False,811
0,no_history,8,FR,node,0.2,2.9171000060159713,0.004969137865721902,True,15033.333333333334,0.15,0.04126562703398206,2.8862999752163887,1,False,2255
0,no_history,8,FR,edge,0.2,24.98710001236759,0.033661006851355375,True,12976.0,0.25,0.0824640338911303,24.956499983090907,1,False,811
0,no_history,9,FR,node,0.2,3.6168000078760087,0.004969137865721902,True,15033.333333333334,0.15,0.04126562703398206,3.570200002286583,1,False,2255
0,no_history,9,FR,edge,0.2,25.78159997938201,0.033661006851355375,True,12976.0,0.25,0.0824640338911303,25.734499999089167,1,False,811
0,no_history,10,DE,node,0.05,8.157399977790192,0.03561643835616438,True,9504.0,0.25,0.035839294335944245,8.107699977699667,2,False,2376
0,no_history,10,DE,edge,0.05,39.354899985482916,0.007028973084176239,True,5792.0,0.75,0.040024806305021955,39.3179000238888,1,False,3258
0,no_history,11,FR,node,0.05,4.0274999919347465,0.004969137865721902,True,15033.333333333334,0.15,0.04126562703398206,3.991300007328391,1,False,2255
0,no_history,11,FR,edge,0.05,52.898499998264015,0.012478072352960586,True,13260.444444444445,0.75,0.026452363090902497,52.85310000181198,1,False,7459
0,no_history,12,FR,node,0.05,3.4906999790109694,0.004969137865721902,True,15033.333333333334,0.15,0.04126562703398206,3.455400001257658,1,False,2255
0,no_history,12,FR,edge,0.05,57.77759998454712,0.012478072352960586,True,13260.444444444445,0.75,0.026452363090902497,57.731400011107326,1,False,7459
0,no_history,13,FR,node,0.05,4.925000015646219,0.004969137865721902,True,15033.333333333334,0.15,0.04126562703398206,4.859300010139123,1,False,2255
0,no_history,13,FR,edge,0.05,75.94429998425767,0.012478072352960586,True,13260.444444444445,0.75,0.026452363090902497,75.8851999999024,1,False,7459
0,no_history,14,DE,node,0.05,5.2109000098425895,0.03561643835616438,True,9504.0,0.25,0.035839294335944245,5.155399994691834,2,False,2376
0,no_history,14,DE,edge,0.05,43.227999994996935,0.007028973084176239,True,5792.0,0.75,0.040024806305021955,42.911099997581914,1,False,3258
0,no_history,15,FR,node,0.05,4.891499993391335,0.004969137865721902,True,15033.333333333334,0.15,0.04126562703398206,4.830399993807077,1,False,2255
0,no_history,15,FR,edge,0.05,57.938999991165474,0.012478072352960586,True,13260.444444444445,0.75,0.026452363090902497,57.89840000215918,1,False,7459
0,no_history,16,FR,node,0.05,2.7218000032007694,0.004969137865721902,True,15033.333333333334,0.15,0.04126562703398206,2.688100008526817,1,False,2255
0,no_history,16,FR,edge,0.05,37.84900001483038,0.012478072352960586,True,13260.444444444445,0.75,0.026452363090902497,37.812900001881644,1,False,7459
0,no_history,17,FR,node,0.05,3.2922000100370497,0.004969137865721902,True,15033.333333333334,0.15,0.04126562703398206,3.247499989811331,1,False,2255
0,no_history,17,FR,edge,0.05,38.07119998964481,0.012478072352960586,True,13260.444444444445,0.75,0.026452363090902497,38.032100012060255,1,False,7459
0,no_history,18,FR,node,0.05,4.793200001586229,0.004969137865721902,True,15033.333333333334,0.15,0.04126562703398206,4.725000006146729,1,False,2255
0,no_history,18,FR,edge,0.05,45.18020001705736,0.012478072352960586,True,13260.444444444445,0.75,0.026452363090902497,45.140699978219345,1,False,7459
0,no_history,19,FR,node,0.05,4.456399998161942,0.004969137865721902,True,15033.333333333334,0.15,0.04126562703398206,4.402699996717274,1,False,2255
0,no_history,19,FR,edge,0.05,40.4463000013493,0.012478072352960586,True,13260.444444444445,0.75,0.026452363090902497,40.3814000019338,1,False,7459
0,no_history,20,DE,node,0.1,4.341699997894466,0.05766954168780641,True,9286.666666666668,0.15,0.05250324710510051,4.299899999750778,1,False,1393
0,no_history,20,DE,edge,0.1,30.305199994472787,0.01251500085719184,True,5760.0,0.5,0.06547700139077099,30.259399965871125,2,False,1440
0,no_history,21,DE,node,0.1,3.0870999908074737,0.05766954168780641,True,9286.666666666668,0.15,0.05250324710510051,3.041099989786744,1,False,1393
0,no_history,21,DE,edge,0.1,35.35720001673326,0.01251500085719184,True,5760.0,0.5,0.06547700139077099,35.31399997882545,2,False,1440
0,no_history,22,FR,node,0.1,3.481899999314919,0.004969137865721902,True,15033.333333333334,0.15,0.04126562703398206,3.4494000137783587,1,False,2255
0,no_history,22,FR,edge,0.1,19.888000009814277,0.012116017094952256,True,13265.306122448981,0.35,0.07795155739755799,19.84920000541024,1,False,1625
0,no_history,23,DE,node,0.1,2.290199976414442,0.05766954168780641,True,9286.666666666668,0.15,0.05250324710510051,2.2382999886758626,1,False,1393
0,no_history,23,DE,edge,0.1,28.796899976441637,0.01251500085719184,True,5760.0,0.5,0.06547700139077099,28.76400001696311,2,False,1440
0,no_history,24,DE,node,0.1,1.6879999893717468,0.05766954168780641,True,9286.666666666668,0.15,0.05250324710510051,1.6633000050205737,1,False,1393
0,no_history,24,DE,edge,0.1,28.81590000470169,0.01251500085719184,True,5760.0,0.5,0.06547700139077099,28.785600035917014,2,False,1440
0,no_history,25,FR,node,0.1,2.210700011346489,0.004969137865721902,True,15033.333333333334,0.15,0.04126562703398206,2.188700018450618,1,False,2255
0,no_history,25,FR,edge,0.1,22.256099997321144,0.012116017094952256,True,13265.306122448981,0.35,0.07795155739755799,22.226600005524233,1,False,1625
0,no_history,26,DE,node,0.1,2.7054999954998493,0.05766954168780641,True,9286.666666666668,0.15,0.05250324710510051,2.680599980521947,1,False,1393
0,no_history,26,DE,edge,0.1,28.270899987546727,0.01251500085719184,True,5760.0,0.5,0.06547700139077099,28.226399997947738,2,False,1440
0,no_history,27,FR,node,0.1,2.319599996553734,0.004969137865721902,True,15033.333333333334,0.15,0.04126562703398206,2.29199999012053,1,False,2255
0,no_history,27,FR,edge,0.1,18.458700011251494,0.012116017094952256,True,13265.306122448981,0.35,0.07795155739755799,18.42979999491945,1,False,1625
0,no_history,28,DE,node,0.1,2.3111999907996505,0.05766954168780641,True,9286.666666666668,0.15,0.05250324710510051,2.285099995788187,1,False,1393
0,no_history,28,DE,edge,0.1,22.721399989677593,0.01251500085719184,True,5760.0,0.5,0.06547700139077099,22.677800036035478,2,False,1440
0,no_history,29,FR,node,0.1,1.4257000002544373,0.004969137865721902,True,15033.333333333334,0.15,0.04126562703398206,1.3977999915368855,1,False,2255
0,no_history,29,FR,edge,0.1,15.0353999924846,0.012116017094952256,True,13265.306122448981,0.35,0.07795155739755799,15.01010000356473,1,False,1625
0,no_history,30,FR,node,0.2,1.5225000097416341,0.004969137865721902,True,15033.333333333334,0.15,0.04126562703398206,1.485200016759336,1,False,2255
0,no_history,30,FR,edge,0.2,8.379100007005036,0.033661006851355375,True,12976.0,0.25,0.0824640338911303,8.35640000877902,1,False,811
0,no_history,31,FR,node,0.2,1.3778999855276197,0.004969137865721902,True,15033.333333333334,0.15,0.04126562703398206,1.3540000072680414,1,False,2255
0,no_history,31,FR,edge,0.2,11.555200006114319,0.033661006851355375,True,12976.0,0.25,0.0824640338911303,11.532000004081056,1,False,811
0,no_history,32,FR,node,0.2,1.5389999898616225,0.004969137865721902,True,15033.333333333334,0.15,0.04126562703398206,1.5076000127010047,1,False,2255
0,no_history,32,FR,edge,0.2,7.688500016229227,0.033661006851355375,True,12976.0,0.25,0.0824640338911303,7.667600002605468,1,False,811
0,no_history,33,FR,node,0.2,1.3784000184386969,0.004969137865721902,True,15033.333333333334,0.15,0.04126562703398206,1.3549999857787043,1,False,2255
0,no_history,33,FR,edge,0.2,11.731099977623671,0.033661006851355375,True,12976.0,0.25,0.0824640338911303,11.699199996655807,1,False,811
0,no_history,34,DE,node,0.2,1.8235000025015324,0.05766954168780641,True,9286.666666666668,0.15,0.05250324710510051,1.7945999861694872,1,False,1393
0,no_history,34,DE,edge,0.2,6.583900016266853,0.08383336190639465,True,5344.0,0.25,0.12849959801213437,6.559400004334748,1,False,334
0,no_history,35,FR,node,0.2,1.3660000113304704,0.004969137865721902,True,15033.333333333334,0.15,0.04126562703398206,1.344699994660914,1,False,2255
0,no_history,35,FR,edge,0.2,18.684999988181517,0.033661006851355375,True,12976.0,0.25,0.0824640338911303,18.661200010683388,1,False,811
0,no_history,36,FR,node,0.2,5.943199998000637,0.004969137865721902,True,15033.333333333334,0.15,0.04126562703398206,5.909500003326684,1,False,2255
0,no_history,36,FR,edge,0.2,25.157099997159094,0.033661006851355375,True,12976.0,0.25,0.0824640338911303,25.120300007984042,1,False,811
0,no_history,37,DE,node,0.2,3.992700017988682,0.05766954168780641,True,9286.666666666668,0.15,0.05250324710510051,3.950699989218265,1,False,1393
0,no_history,37,DE,edge,0.2,13.373699999647215,0.08383336190639465,True,5344.0,0.25,0.12849959801213437,13.330099987797439,1,False,334
0,no_history,38,FR,node,0.2,3.3665999944787472,0.004969137865721902,True,15033.333333333334,0.15,0.04126562703398206,3.3266999816987664,1,False,2255
0,no_history,38,FR,edge,0.2,17.11819999036379,0.033661006851355375,True,12976.0,0.25,0.0824640338911303,17.084799997974187,1,False,811
0,no_history,39,FR,node,0.2,3.38400001055561,0.004969137865721902,True,15033.333333333334,0.15,0.04126562703398206,3.3502000151202083,1,False,2255
0,no_history,39,FR,edge,0.2,21.90980000887066,0.033661006851355375,True,12976.0,0.25,0.0824640338911303,21.872599987545982,1,False,811
0,no_history,40,FR,node,0.05,2.9132999770808965,0.004969137865721902,True,15033.333333333334,0.15,0.04126562703398206,2.8782000008504838,1,False,2255
0,no_history,40,FR,edge,0.05,54.2937999998685,0.012478072352960586,True,13260.444444444445,0.75,0.026452363090902497,54.25490002380684,1,False,7459
0,no_history,41,DE,node,0.05,8.654700010083616,0.03561643835616438,True,9504.0,0.25,0.035839294335944245,8.589899953221902,2,False,2376
0,no_history,41,DE,edge,0.05,30.241500004194677,0.007028973084176239,True,5792.0,0.75,0.040024806305021955,30.19940000376664,1,False,3258
0,no_history,42,FR,node,0.05,5.096399981994182,0.004969137865721902,True,15033.333333333334,0.15,0.04126562703398206,5.054999986896291,1,False,2255
0,no_history,42,FR,edge,0.05,46.64079999201931,0.012478072352960586,True,13260.444444444445,0.75,0.026452363090902497,46.59539999556728,1,False,7459
0,no_history,43,FR,node,0.05,3.1353999802377075,0.004969137865721902,True,15033.333333333334,0.15,0.04126562703398206,3.1003000040072948,1,False,2255
0,no_history,43,FR,edge,0.05,50.308800011407584,0.012478072352960586,True,13260.444444444445,0.75,0.026452363090902497,50.27659999905154,1,False,7459
0,no_history,44,DE,node,0.05,4.223500000080094,0.03561643835616438,True,9504.0,0.25,0.035839294335944245,4.178699979092926,2,False,2376
0,no_history,44,DE,edge,0.05,25.49820000422187,0.007028973084176239,True,5792.0,0.75,0.040024806305021955,25.459299999056384,1,False,3258
0,no_history,45,FR,node,0.05,2.241400012280792,0.004969137865721902,True,15033.333333333334,0.15,0.04126562703398206,2.217800007201731,1,False,2255
0,no_history,45,FR,edge,0.05,54.8152000119444,0.012478072352960586,True,13260.444444444445,0.75,0.026452363090902497,54.78869998478331,1,False,7459
0,no_history,46,FR,node,0.05,2.869600022677332,0.004969137865721902,True,15033.333333333334,0.15,0.04126562703398206,2.8267000161577016,1,False,2255
0,no_history,46,FR,edge,0.05,47.105600009672344,0.012478072352960586,True,13260.444444444445,0.75,0.026452363090902497,47.07829997641966,1,False,7459
0,no_history,47,DE,node,0.05,5.869100015843287,0.03561643835616438,True,9504.0,0.25,0.035839294335944245,5.839799996465445,2,False,2376
0,no_history,47,DE,edge,0.05,27.93569999630563,0.007028973084176239,True,5792.0,0.75,0.040024806305021955,27.89709999342449,1,False,3258
0,no_history,48,FR,node,0.05,3.3610000100452453,0.004969137865721902,True,15033.333333333334,0.15,0.04126562703398206,3.3193999843206257,1,False,2255
0,no_history,48,FR,edge,0.05,48.656600003596395,0.012478072352960586,True,13260.444444444445,0.75,0.026452363090902497,48.6189000075683,1,False,7459
0,no_history,49,DE,node,0.05,6.504499993752688,0.03561643835616438,True,9504.0,0.25,0.035839294335944245,6.462000019382685,2,False,2376
0,no_history,49,DE,edge,0.05,26.93989998078905,0.007028973084176239,True,5792.0,0.75,0.040024806305021955,26.90759999677539,1,False,3258
0,no_history,50,DE,node,0.2,3.0661999771837145,0.05766954168780641,True,9286.666666666668,0.15,0.05250324710510051,3.0325000116135925,1,False,1393
0,no_history,50,DE,edge,0.2,8.65120001253672,0.08383336190639465,True,5344.0,0.25,0.12849959801213437,8.61119999899529,1,False,334
0,no_history,51,FR,node,0.2,3.2053000177256763,0.004969137865721902,True,15033.333333333334,0.15,0.04126562703398206,3.153900004690513,1,False,2255
0,no_history,51,FR,edge,0.2,11.688600003253669,0.033661006851355375,True,12976.0,0.25,0.0824640338911303,11.65440000477247,1,False,811
0,no_history,52,DE,node,0.2,2.4172000121325254,0.05766954168780641,True,9286.666666666668,0.15,0.05250324710510051,2.3868000134825706,1,False,1393
0,no_history,52,DE,edge,0.2,10.37709999945946,0.08383336190639465,True,5344.0,0.25,0.12849959801213437,10.339000000385568,1,False,334
0,no_history,53,FR,node,0.2,2.409400010947138,0.004969137865721902,True,15033.333333333334,0.15,0.04126562703398206,2.374300005612895,1,False,2255
0,no_history,53,FR,edge,0.2,11.126000026706606,0.033661006851355375,True,12976.0,0.25,0.0824640338911303,11.095199995907024,1,False,811
0,no_history,54,DE,node,0.2,2.8261000115890056,0.05766954168780641,True,9286.666666666668,0.15,0.05250324710510051,2.7910999779123813,1,False,1393
0,no_history,54,DE,edge,0.2,7.609599997522309,0.08383336190639465,True,5344.0,0.25,0.12849959801213437,7.583400001749396,1,False,334
0,no_history,55,DE,node,0.2,1.997700019273907,0.05766954168780641,True,9286.666666666668,0.15,0.05250324710510051,1.9653000053949654,1,False,1393
0,no_history,55,DE,edge,0.2,7.984600000781938,0.08383336190639465,True,5344.0,0.25,0.12849959801213437,7.953599997563288,1,False,334
0,no_history,56,DE,node,0.2,2.9372999852057546,0.05766954168780641,True,9286.666666666668,0.15,0.05250324710510051,2.904399996623397,1,False,1393
0,no_history,56,DE,edge,0.2,9.54139998066239,0.08383336190639465,True,5344.0,0.25,0.12849959801213437,9.504999994533136,1,False,334
0,no_history,57,DE,node,0.2,4.400800011353567,0.05766954168780641,True,9286.666666666668,0.15,0.05250324710510051,4.353299998911098,1,False,1393
0,no_history,57,DE,edge,0.2,11.618299991823733,0.08383336190639465,True,5344.0,0.25,0.12849959801213437,11.585699976421893,1,False,334
0,no_history,58,DE,node,0.2,3.7566999963019043,0.05766954168780641,True,9286.666666666668,0.15,0.05250324710510051,3.7118000036571175,1,False,1393
0,no_history,58,DE,edge,0.2,14.92269997834228,0.08383336190639465,True,5344.0,0.25,0.12849959801213437,14.877500012516975,1,False,334
0,no_history,59,FR,node,0.2,2.7987999783363193,0.004969137865721902,True,15033.333333333334,0.15,0.04126562703398206,2.765000012004748,1,False,2255
0,no_history,59,FR,edge,0.2,12.914799997815862,0.033661006851355375,True,12976.0,0.25,0.0824640338911303,12.875599990366027,1,False,811
0,exact,0,DE,node,0.2,7.354900008067489,0.0,True,9855,1,0.0,7.3466999747324735,1,False,9855
0,exact,0,DE,edge,0.2,27.28229999775067,0.0,True,5833,1,0.0,27.275900007225573,1,False,5833
0,exact,1,DE,node,0.2,3.727900009835139,0.0,True,9855,1,0.0,3.723700006958097,1,False,9855
0,exact,1,DE,edge,0.2,39.192199998069555,0.0,True,5833,1,0.0,39.18279998470098,1,False,5833
0,exact,2,FR,node,0.2,6.486900005256757,0.0,True,14959,1,0.0,6.480300013208762,1,False,14959
0,exact,2,FR,edge,0.2,78.14719999441877,0.0,True,13428,1,0.0,78.13969999551773,1,False,13428
0,exact,3,FR,node,0.2,8.120300015434623,0.0,True,14959,1,0.0,8.112699986668304,1,False,14959
0,exact,3,FR,edge,0.2,79.33649999904446,0.0,True,13428,1,0.0,79.32440002332442,1,False,13428
0,exact,4,DE,node,0.2,5.476200021803379,0.0,True,9855,1,0.0,5.469399999128655,1,False,9855
0,exact,4,DE,edge,0.2,29.59510000073351,0.0,True,5833,1,0.0,29.58930001477711,1,False,5833
0,exact,5,DE,node,0.2,5.438499996671453,0.0,True,9855,1,0.0,5.433499987702817,1,False,9855
0,exact,5,DE,edge,0.2,35.80890002194792,0.0,True,5833,1,0.0,35.80139999394305,1,False,5833
0,exact,6,DE,node,0.2,5.4373000166378915,0.0,True,9855,1,0.0,5.430699995486066,1,False,9855
0,exact,6,DE,edge,0.2,37.95299999183044,0.0,True,5833,1,0.0,37.94820001348853,1,False,5833
0,exact,7,FR,node,0.2,5.769899988081306,0.0,True,14959,1,0.0,5.763799999840558,1,False,14959
0,exact,7,FR,edge,0.2,46.866800024872646,0.0,True,13428,1,0.0,46.85969999991357,1,False,13428
0,exact,8,FR,node,0.2,4.772000014781952,0.0,True,14959,1,0.0,4.766800004290417,1,False,14959
0,exact,8,FR,edge,0.2,41.851799993310124,0.0,True,13428,1,0.0,41.845800005830824,1,False,13428
0,exact,9,FR,node,0.2,5.3770999948028475,0.0,True,14959,1,0.0,5.368300015106797,1,False,14959
0,exact,9,FR,edge,0.2,57.48629997833632,0.0,True,13428,1,0.0,57.48200000380166,1,False,13428
0,exact,10,DE,node,0.05,6.104100000811741,0.0,True,9855,1,0.0,6.095799995819107,1,False,9855
0,exact,10,DE,edge,0.05,39.18110000086017,0.0,True,5833,1,0.0,39.17549998732284,1,False,5833
0,exact,11,FR,node,0.05,4.757099988637492,0.0,True,14959,1,0.0,4.739800002425909,1,False,14959
0,exact,11,FR,edge,0.05,42.174700007308275,0.0,True,13428,1,0.0,42.17100000823848,1,False,13428
0,exact,12,FR,node,0.05,4.336299985880032,0.0,True,14959,1,0.0,4.3323999852873385,1,False,14959
0,exact,12,FR,edge,0.05,54.89159998251125,0.0,True,13428,1,0.0,54.8858999973163,1,False,13428
0,exact,13,FR,node,0.05,6.655799981672317,0.0,True,14959,1,0.0,6.6510000033304095,1,False,14959
0,exact,13,FR,edge,0.05,55.83669999032281,0.0,True,13428,1,0.0,55.83170001045801,1,False,13428
0,exact,14,DE,node,0.05,3.181800013408065,0.0,True,9855,1,0.0,3.1777000112924725,1,False,9855
0,exact,14,DE,edge,0.05,27.327400021022186,0.0,True,5833,1,0.0,27.321400004439056,1,False,5833
0,exact,15,FR,node,0.05,4.507200006628409,0.0,True,14959,1,0.0,4.502399999182671,1,False,14959
0,exact,15,FR,edge,0.05,51.20980000356212,0.0,True,13428,1,0.0,51.20310001075268,1,False,13428
0,exact,16,FR,node,0.05,8.534399996278808,0.0,True,14959,1,0.0,8.526399993570521,1,False,14959
0,exact,16,FR,edge,0.05,67.63679999858141,0.0,True,13428,1,0.0,67.62990000424907,1,False,13428
0,exact,17,FR,node,0.05,6.564499984961003,0.0,True,14959,1,0.0,6.55610000831075,1,False,14959
0,exact,17,FR,edge,0.05,60.333300003549084,0.0,True,13428,1,0.0,60.32930000219494,1,False,13428
0,exact,18,FR,node,0.05,4.762299999129027,0.0,True,14959,1,0.0,4.757799993967637,1,False,14959
0,exact,18,FR,edge,0.05,39.58859998965636,0.0,True,13428,1,0.0,39.580400014529005,1,False,13428
0,exact,19,FR,node,0.05,4.2452999914530665,0.0,True,14959,1,0.0,4.239599977154285,1,False,14959
0,exact,19,FR,edge,0.05,63.37270000949502,0.0,True,13428,1,0.0,63.36240001837723,1,False,13428
0,exact,20,DE,node,0.1,9.401899995282292,0.0,True,9855,1,0.0,9.391600004164502,1,False,9855
0,exact,20,DE,edge,0.1,67.15260000783019,0.0,True,5833,1,0.0,67.14200001442805,1,False,5833
0,exact,21,DE,node,0.1,6.7476999829523265,0.0,True,9855,1,0.0,6.738600000971928,1,False,9855
0,exact,21,DE,edge,0.1,42.58229999686591,0.0,True,5833,1,0.0,42.57249998045154,1,False,5833
0,exact,22,FR,node,0.1,9.441100002732128,0.0,True,14959,1,0.0,9.429500001715496,1,False,14959
0,exact,22,FR,edge,0.1,63.60379999387078,0.0,True,13428,1,0.0,63.594200008083135,1,False,13428
0,exact,23,DE,node,0.1,8.544600015738979,0.0,True,9855,1,0.0,8.534599997801706,1,False,9855
0,exact,23,DE,edge,0.1,46.61879999912344,0.0,True,5833,1,0.0,46.608900011051446,1,False,5833
0,exact,24,DE,node,0.1,8.032499987166375,0.0,True,9855,1,0.0,8.023200003663078,1,False,9855
0,exact,24,DE,edge,0.1,45.19149998668581,0.0,True,5833,1,0.0,45.18190000089817,1,False,5833
0,exact,25,FR,node,0.1,7.736200001090765,0.0,True,14959,1,0.0,7.72799999685958,1,False,14959
0,exact,25,FR,edge,0.1,81.32820000173524,0.0,True,13428,1,0.0,81.3188000174705,1,False,13428
0,exact,26,DE,node,0.1,5.636299989419058,0.0,True,9855,1,0.0,5.627900012768805,1,False,9855
0,exact,26,DE,edge,0.1,52.56750000989996,0.0,True,5833,1,0.0,52.56010001176037,1,False,5833
0,exact,27,FR,node,0.1,5.15300000552088,0.0,True,14959,1,0.0,5.147499992744997,1,False,14959
0,exact,27,FR,edge,0.1,51.75949999829754,0.0,True,13428,1,0.0,51.75370001234114,1,False,13428
0,exact,28,DE,node,0.1,3.8343000051099807,0.0,True,9855,1,0.0,3.8295999984256923,1,False,9855
0,exact,28,DE,edge,0.1,33.040600013919175,0.0,True,5833,1,0.0,33.03570000571199,1,False,5833
0,exact,29,FR,node,0.1,3.826700005447492,0.0,True,14959,1,0.0,3.823000006377697,1,False,14959
0,exact,29,FR,edge,0.1,53.0309000168927,0.0,True,13428,1,0.0,53.02710001706146,1,False,13428
0,exact,30,FR,node,0.2,4.507400008151308,0.0,True,14959,1,0.0,4.503200005274266,1,False,14959
0,exact,30,FR,edge,0.2,42.16620000079274,0.0,True,13428,1,0.0,42.16089998953976,1,False,13428
0,exact,31,FR,node,0.2,5.4945000156294554,0.0,True,14959,1,0.0,5.489700008183718,1,False,14959
0,exact,31,FR,edge,0.2,43.33049998967908,0.0,True,13428,1,0.0,43.32480000448413,1,False,13428
0,exact,32,FR,node,0.2,3.560600016498938,0.0,True,14959,1,0.0,3.554499999154359,1,False,14959
0,exact,32,FR,edge,0.2,64.62180000380613,0.0,True,13428,1,0.0,64.61550001404248,1,False,13428
0,exact,33,FR,node,0.2,7.472699973732233,0.0,True,14959,1,0.0,7.467999996151775,1,False,14959
0,exact,33,FR,edge,0.2,60.63459999859333,0.0,True,13428,1,0.0,60.63019999419339,1,False,13428
0,exact,34,DE,node,0.2,6.700600002659485,0.0,True,9855,1,0.0,6.689700006972998,1,False,9855
0,exact,34,DE,edge,0.2,45.461000001523644,0.0,True,5833,1,0.0,45.45689999940805,1,False,5833
0,exact,35,FR,node,0.2,4.4963999825995415,0.0,True,14959,1,0.0,4.492400010349229,1,False,14959
0,exact,35,FR,edge,0.2,53.864399989834055,0.0,True,13428,1,0.0,53.859999985434115,1,False,13428
0,exact,36,FR,node,0.2,4.799299989826977,0.0,True,14959,1,0.0,4.795300017576665,1,False,14959
0,exact,36,FR,edge,0.2,45.63899998902343,0.0,True,13428,1,0.0,45.63449998386204,1,False,13428
0,exact,37,DE,node,0.2,4.0145000093616545,0.0,True,9855,1,0.0,4.0092999988701195,1,False,9855
0,exact,37,DE,edge,0.2,28.615399991394952,0.0,True,5833,1,0.0,28.609400003915653,1,False,5833
0,exact,38,FR,node,0.2,4.1686999902594835,0.0,True,14959,1,0.0,4.163900011917576,1,False,14959
0,exact,38,FR,edge,0.2,44.81719998875633,0.0,True,13428,1,0.0,44.810299994423985,1,False,13428
0,exact,39,FR,node,0.2,7.572400005301461,0.0,True,14959,1,0.0,7.564200001070276,1,False,14959
0,exact,39,FR,edge,0.2,52.400500018848106,0.0,True,13428,1,0.0,52.38949999329634,1,False,13428
0,exact,40,FR,node,0.05,8.007700002053753,0.0,True,14959,1,0.0,8.000400004675612,1,False,14959
0,exact,40,FR,edge,0.05,62.708299985388294,0.0,True,13428,1,0.0,62.70020001102239,1,False,13428
0,exact,41,DE,node,0.05,4.195199988316745,0.0,True,9855,1,0.0,4.190100007690489,1,False,9855
0,exact,41,DE,edge,0.05,27.40379999158904,0.0,True,5833,1,0.0,27.397400001063943,1,False,5833
0,exact,42,FR,node,0.05,7.572800008347258,0.0,True,14959,1,0.0,7.567399996332824,1,False,14959
0,exact,42,FR,edge,0.05,60.45719998655841,0.0,True,13428,1,0.0,60.450400022091344,1,False,13428
0,exact,43,FR,node,0.05,6.755699985660613,0.0,True,14959,1,0.0,6.750700005795807,1,False,14959
0,exact,43,FR,edge,0.05,48.96590000134893,0.0,True,13428,1,0.0,48.96210000151768,1,False,13428
0,exact,44,DE,node,0.05,5.322999990312383,0.0,True,9855,1,0.0,5.317300005117431,1,False,9855
0,exact,44,DE,edge,0.05,45.31149999820627,0.0,True,5833,1,0.0,45.30490000615828,1,False,5833
0,exact,45,FR,node,0.05,9.066899976460263,0.0,True,14959,1,0.0,9.06000001123175,1,False,14959
0,exact,45,FR,edge,0.05,59.7383999847807,0.0,True,13428,1,0.0,59.733000001870096,1,False,13428
0,exact,46,FR,node,0.05,7.309799984795973,0.0,True,14959,1,0.0,7.302000012714416,1,False,14959
0,exact,46,FR,edge,0.05,77.5036999839358,0.0,True,13428,1,0.0,77.49920000787824,1,False,13428
0,exact,47,DE,node,0.05,6.353300006594509,0.0,True,9855,1,0.0,6.3489000021945685,1,False,9855
0,exact,47,DE,edge,0.05,30.803500005276874,0.0,True,5833,1,0.0,30.798699997831136,1,False,5833
0,exact,48,FR,node,0.05,5.464100016979501,0.0,True,14959,1,0.0,5.459799984237179,1,False,14959
0,exact,48,FR,edge,0.05,44.997199991485104,0.0,True,13428,1,0.0,44.992700015427545,1,False,13428
0,exact,49,DE,node,0.05,4.058299993630499,0.0,True,9855,1,0.0,4.054300021380186,1,False,9855
0,exact,49,DE,edge,0.05,25.392899988219142,0.0,True,5833,1,0.0,25.386900000739843,1,False,5833
0,exact,50,DE,node,0.2,5.261999991489574,0.0,True,9855,1,0.0,5.257500015432015,1,False,9855
0,exact,50,DE,edge,0.2,27.627799980109558,0.0,True,5833,1,0.0,27.620700013358146,1,False,5833
0,exact,51,FR,node,0.2,6.664800021098927,0.0,True,14959,1,0.0,6.6580999991856515,1,False,14959
0,exact,51,FR,edge,0.2,59.29069998092018,0.0,True,13428,1,0.0,59.28010001662187,1,False,13428
0,exact,52,DE,node,0.2,3.848400025162846,0.0,True,9855,1,0.0,3.843000013148412,1,False,9855
0,exact,52,DE,edge,0.2,29.775100003462285,0.0,True,5833,1,0.0,29.765100014628842,1,False,5833
0,exact,53,FR,node,0.2,4.531699989456683,0.0,True,14959,1,0.0,4.527200013399124,1,False,14959
0,exact,53,FR,edge,0.2,45.70720001356676,0.0,True,13428,1,0.0,45.70029999013059,1,False,13428
0,exact,54,DE,node,0.2,5.2097000007051975,0.0,True,9855,1,0.0,5.201699997996911,1,False,9855
0,exact,54,DE,edge,0.2,23.662299994612113,0.0,True,5833,1,0.0,23.655700002564117,1,False,5833
0,exact,55,DE,node,0.2,5.502900021383539,0.0,True,9855,1,0.0,5.495799996424466,1,False,9855
0,exact,55,DE,edge,0.2,33.239099982893094,0.0,True,5833,1,0.0,33.233099995413795,1,False,5833
0,exact,56,DE,node,0.2,4.188999999314547,0.0,True,9855,1,0.0,4.185099998721853,1,False,9855
0,exact,56,DE,edge,0.2,28.075800015358254,0.0,True,5833,1,0.0,28.071000007912517,1,False,5833
0,exact,57,DE,node,0.2,3.950699989218265,0.0,True,9855,1,0.0,3.9461000123992562,1,False,9855
0,exact,57,DE,edge,0.2,32.16309999697842,0.0,True,5833,1,0.0,32.15829998953268,1,False,5833
0,exact,58,DE,node,0.2,4.00319998152554,0.0,True,9855,1,0.0,3.9972999948076904,1,False,9855
0,exact,58,DE,edge,0.2,27.048799995100126,0.0,True,5833,1,0.0,27.043299982324243,1,False,5833
0,exact,59,FR,node,0.2,4.712299996754155,0.0,True,14959,1,0.0,4.705500003183261,1,False,14959
0,exact,59,FR,edge,0.2,39.646999997785315,0.0,True,13428,1,0.0,39.64020000421442,1,False,13428
0,joint_no_history,0,DE,node,0.2,2.377500000875443,0.05766954168780641,True,9286.666666666668,0.15,0.1434529774278362,2.3444999824278057,1,False,1393
0,joint_no_history,0,DE,edge,0.2,17.275199992582202,0.04554312724575497,True,5567.346938775511,0.35,0.1979212642015235,17.238800006452948,2,False,682
0,joint_no_history,1,DE,node,0.2,2.892199991038069,0.05766954168780641,True,9286.666666666668,0.15,0.1434529774278362,2.8509999974630773,1,False,1393
0,joint_no_history,1,DE,edge,0.2,17.94379999046214,0.04554312724575497,True,5567.346938775511,0.35,0.1979212642015235,17.888600035803393,2,False,682
0,joint_no_history,2,FR,node,0.2,4.446800012374297,0.004969137865721902,True,15033.333333333334,0.15,0.11274878012023486,4.414700000779703,1,False,2255
0,joint_no_history,2,FR,edge,0.2,15.377000003354624,0.033661006851355375,True,12976.0,0.25,0.15232439694376332,15.344300016295165,1,False,811
0,joint_no_history,3,FR,node,0.2,2.481199975591153,0.004969137865721902,True,15033.333333333334,0.15,0.11274878012023486,2.4462000001221895,1,False,2255
0,joint_no_history,3,FR,edge,0.2,15.104699996300042,0.033661006851355375,True,12976.0,0.25,0.15232439694376332,15.069599990965798,1,False,811
0,joint_no_history,4,DE,node,0.2,2.571599994553253,0.05766954168780641,True,9286.666666666668,0.15,0.1434529774278362,2.5451999972574413,1,False,1393
0,joint_no_history,4,DE,edge,0.2,20.02830000128597,0.04554312724575497,True,5567.346938775511,0.35,0.1979212642015235,19.992099987575784,2,False,682
0,joint_no_history,5,DE,node,0.2,2.8052999987266958,0.05766954168780641,True,9286.666666666668,0.15,0.1434529774278362,2.769600017927587,1,False,1393
0,joint_no_history,5,DE,edge,0.2,20.476699981372803,0.04554312724575497,True,5567.346938775511,0.35,0.1979212642015235,20.43900001444854,2,False,682
0,joint_no_history,6,DE,node,0.2,2.8522000066004694,0.05766954168780641,True,9286.666666666668,0.15,0.1434529774278362,2.8073000139556825,1,False,1393
0,joint_no_history,6,DE,edge,0.2,22.643700009211898,0.04554312724575497,True,5567.346938775511,0.35,0.1979212642015235,22.596300026634708,2,False,682
0,joint_no_history,7,FR,node,0.2,2.9276999994181097,0.004969137865721902,True,15033.333333333334,0.15,0.11274878012023486,2.899100014474243,1,False,2255
0,joint_no_history,7,FR,edge,0.2,17.637500015553087,0.033661006851355375,True,12976.0,0.25,0.15232439694376332,17.6045999978669,1,False,811
0,joint_no_history,8,FR,node,0.2,3.170899988617748,0.004969137865721902,True,15033.333333333334,0.15,0.11274878012023486,3.136999992420897,1,False,2255
0,joint_no_history,8,FR,edge,0.2,14.053499995497987,0.033661006851355375,True,12976.0,0.25,0.15232439694376332,14.029800018761307,1,False,811
0,joint_no_history,9,FR,node,0.2,3.818400000454858,0.004969137865721902,True,15033.333333333334,0.15,0.11274878012023486,3.792600007727742,1,False,2255
0,joint_no_history,9,FR,edge,0.2,12.10180000634864,0.033661006851355375,True,12976.0,0.25,0.15232439694376332,12.072700017597526,1,False,811
0,joint_no_history,10,DE,node,0.05,3.613200009567663,0.010857432775240995,True,9748.0,0.5,0.0359538030611842,3.585200000088662,2,False,4874
0,joint_no_history,10,DE,edge,0.05,28.31909997621551,0.0,True,5833.0,1.0,0.0,28.287499997531995,1,True,5833
0,joint_no_history,11,FR,node,0.05,3.0595000134781003,0.0010791401258678308,True,14942.857142857143,0.35,0.04364884546113596,3.036300011444837,1,False,5230
0,joint_no_history,11,FR,edge,0.05,55.20790000446141,0.0,True,13428.0,1.0,0.0,55.15999998897314,1,True,13428
0,joint_no_history,12,FR,node,0.05,4.552500002318993,0.0010791401258678308,True,14942.857142857143,0.35,0.04364884546113596,4.505099990637973,1,False,5230
0,joint_no_history,12,FR,edge,0.05,46.74140000133775,0.0,True,13428.0,1.0,0.0,46.707000001333654,1,True,13428
0,joint_no_history,13,FR,node,0.05,2.74100000387989,0.0010791401258678308,True,14942.857142857143,0.35,0.04364884546113596,2.7086999907623976,1,False,5230
0,joint_no_history,13,FR,edge,0.05,42.365600005723536,0.0,True,13428.0,1.0,0.0,42.331399978138506,1,True,13428
0,joint_no_history,14,DE,node,0.05,5.012800014810637,0.010857432775240995,True,9748.0,0.5,0.0359538030611842,4.973599978256971,2,False,4874
0,joint_no_history,14,DE,edge,0.05,28.884500003186986,0.0,True,5833.0,1.0,0.0,28.852099989308044,1,True,5833
0,joint_no_history,15,FR,node,0.05,3.0983000178821385,0.0010791401258678308,True,14942.857142857143,0.35,0.04364884546113596,3.0626000079791993,1,False,5230
0,joint_no_history,15,FR,edge,0.05,38.09410001849756,0.0,True,13428.0,1.0,0.0,38.06360001908615,1,True,13428
0,joint_no_history,16,FR,node,0.05,3.114199993433431,0.0010791401258678308,True,14942.857142857143,0.35,0.04364884546113596,3.088099998421967,1,False,5230
0,joint_no_history,16,FR,edge,0.05,41.23889998300001,0.0,True,13428.0,1.0,0.0,41.215999983251095,1,True,13428
0,joint_no_history,17,FR,node,0.05,3.3113000099547207,0.0010791401258678308,True,14942.857142857143,0.35,0.04364884546113596,3.2792000274639577,1,False,5230
0,joint_no_history,17,FR,edge,0.05,44.60839999956079,0.0,True,13428.0,1.0,0.0,44.58099999465048,1,True,13428
0,joint_no_history,18,FR,node,0.05,3.3764999825507402,0.0010791401258678308,True,14942.857142857143,0.35,0.04364884546113596,3.3481999998912215,1,False,5230
0,joint_no_history,18,FR,edge,0.05,49.048000015318394,0.0,True,13428.0,1.0,0.0,48.99959999602288,1,True,13428
0,joint_no_history,19,FR,node,0.05,3.192700009094551,0.0010791401258678308,True,14942.857142857143,0.35,0.04364884546113596,3.163499990478158,1,False,5230
0,joint_no_history,19,FR,edge,0.05,50.492300011683255,0.0,True,13428.0,1.0,0.0,50.45170002267696,1,True,13428
0,joint_no_history,20,DE,node,0.1,2.3563999857287854,0.03561643835616438,True,9504.0,0.25,0.08507823392527684,2.3304999922402203,1,False,2376
0,joint_no_history,20,DE,edge,0.1,23.236600012751296,0.007028973084176239,True,5792.0,0.75,0.0647359019114679,23.20199998212047,1,False,3258
0,joint_no_history,21,DE,node,0.1,2.7965999906882644,0.03561643835616438,True,9504.0,0.25,0.08507823392527684,2.7402000268921256,1,False,2376
0,joint_no_history,21,DE,edge,0.1,23.414300027070567,0.007028973084176239,True,5792.0,0.75,0.0647359019114679,23.384600004646927,1,False,3258
0,joint_no_history,22,FR,node,0.1,2.875700010918081,0.0034093188047329367,True,14908.0,0.25,0.06793005839279567,2.8418000147212297,1,False,3727
0,joint_no_history,22,FR,edge,0.1,35.00760000315495,0.012478072352960586,True,13260.444444444445,0.75,0.04278390679343123,34.92089998326264,1,False,7459
0,joint_no_history,23,DE,node,0.1,4.686500004027039,0.03561643835616438,True,9504.0,0.25,0.08507823392527684,4.657700017560273,1,False,2376
0,joint_no_history,23,DE,edge,0.1,41.18240001844242,0.007028973084176239,True,5792.0,0.75,0.0647359019114679,40.98879999946803,1,False,3258
0,joint_no_history,24,DE,node,0.1,3.5322000039741397,0.03561643835616438,True,9504.0,0.25,0.08507823392527684,3.4940000041387975,1,False,2376
0,joint_no_history,24,DE,edge,0.1,29.53580001485534,0.007028973084176239,True,5792.0,0.75,0.0647359019114679,29.49739998439327,1,False,3258
0,joint_no_history,25,FR,node,0.1,3.5797000164166093,0.0034093188047329367,True,14908.0,0.25,0.06793005839279567,3.552300011506304,1,False,3727
0,joint_no_history,25,FR,edge,0.1,34.542900015367195,0.012478072352960586,True,13260.444444444445,0.75,0.04278390679343123,34.496999986004084,1,False,7459
0,joint_no_history,26,DE,node,0.1,4.137000010814518,0.03561643835616438,True,9504.0,0.25,0.08507823392527684,4.100500023923814,1,False,2376
0,joint_no_history,26,DE,edge,0.1,18.799500016029924,0.007028973084176239,True,5792.0,0.75,0.0647359019114679,18.762699997751042,1,False,3258
0,joint_no_history,27,FR,node,0.1,4.436999995959923,0.0034093188047329367,True,14908.0,0.25,0.06793005839279567,4.389699985040352,1,False,3727
0,joint_no_history,27,FR,edge,0.1,45.71090001263656,0.012478072352960586,True,13260.444444444445,0.75,0.04278390679343123,45.662399992579594,1,False,7459
0,joint_no_history,28,DE,node,0.1,4.499300004681572,0.03561643835616438,True,9504.0,0.25,0.08507823392527684,4.4602999987546355,1,False,2376
0,joint_no_history,28,DE,edge,0.1,24.784000008367002,0.007028973084176239,True,5792.0,0.75,0.0647359019114679,24.75030001369305,1,False,3258
0,joint_no_history,29,FR,node,0.1,3.171799995470792,0.0034093188047329367,True,14908.0,0.25,0.06793005839279567,3.1416999991051853,1,False,3727
0,joint_no_history,29,FR,edge,0.1,46.772200003033504,0.012478072352960586,True,13260.444444444445,0.75,0.04278390679343123,46.74019999220036,1,False,7459
0,joint_no_history,30,FR,node,0.2,3.2501999812666327,0.004969137865721902,True,15033.333333333334,0.15,0.11274878012023486,3.2254999969154596,1,False,2255
0,joint_no_history,30,FR,edge,0.2,16.714700002921745,0.033661006851355375,True,12976.0,0.25,0.15232439694376332,16.673200007062405,1,False,811
0,joint_no_history,31,FR,node,0.2,2.9924999980721623,0.004969137865721902,True,15033.333333333334,0.15,0.11274878012023486,2.962999977171421,1,False,2255
0,joint_no_history,31,FR,edge,0.2,11.091899999883026,0.033661006851355375,True,12976.0,0.25,0.15232439694376332,11.064799997257069,1,False,811
0,joint_no_history,32,FR,node,0.2,2.124299993738532,0.004969137865721902,True,15033.333333333334,0.15,0.11274878012023486,2.097799995681271,1,False,2255
0,joint_no_history,32,FR,edge,0.2,14.145200024358928,0.033661006851355375,True,12976.0,0.25,0.15232439694376332,14.116499980445951,1,False,811
0,joint_no_history,33,FR,node,0.2,2.91129999095574,0.004969137865721902,True,15033.333333333334,0.15,0.11274878012023486,2.8359999996609986,1,False,2255
0,joint_no_history,33,FR,edge,0.2,16.570499981753528,0.033661006851355375,True,12976.0,0.25,0.15232439694376332,16.535500006284565,1,False,811
0,joint_no_history,34,DE,node,0.2,3.0741000082343817,0.05766954168780641,True,9286.666666666668,0.15,0.1434529774278362,3.044300014153123,1,False,1393
0,joint_no_history,34,DE,edge,0.2,18.09500000672415,0.04554312724575497,True,5567.346938775511,0.35,0.1979212642015235,17.798099986976013,2,False,682
0,joint_no_history,35,FR,node,0.2,2.933999989181757,0.004969137865721902,True,15033.333333333334,0.15,0.11274878012023486,2.90250001125969,1,False,2255
0,joint_no_history,35,FR,edge,0.2,12.037400010740384,0.033661006851355375,True,12976.0,0.25,0.15232439694376332,12.007100012851879,1,False,811
0,joint_no_history,36,FR,node,0.2,2.748800005065277,0.004969137865721902,True,15033.333333333334,0.15,0.11274878012023486,2.7184000064153224,1,False,2255
0,joint_no_history,36,FR,edge,0.2,16.225800005486235,0.033661006851355375,True,12976.0,0.25,0.15232439694376332,16.195000003790483,1,False,811
0,joint_no_history,37,DE,node,0.2,2.074799995170906,0.05766954168780641,True,9286.666666666668,0.15,0.1434529774278362,2.0515999931376427,1,False,1393
0,joint_no_history,37,DE,edge,0.2,20.753599994350225,0.04554312724575497,True,5567.346938775511,0.35,0.1979212642015235,20.7096999802161,2,False,682
0,joint_no_history,38,FR,node,0.2,2.073700015898794,0.004969137865721902,True,15033.333333333334,0.15,0.11274878012023486,2.0488000009208918,1,False,2255
0,joint_no_history,38,FR,edge,0.2,18.833300011465326,0.033661006851355375,True,12976.0,0.25,0.15232439694376332,18.805700005032122,1,False,811
0,joint_no_history,39,FR,node,0.2,2.334000018890947,0.004969137865721902,True,15033.333333333334,0.15,0.11274878012023486,2.307299990206957,1,False,2255
0,joint_no_history,39,FR,edge,0.2,11.754800012568012,0.033661006851355375,True,12976.0,0.25,0.15232439694376332,11.735300009604543,1,False,811
0,joint_no_history,40,FR,node,0.05,6.614799989620224,0.0010791401258678308,True,14942.857142857143,0.35,0.04364884546113596,6.581399997230619,1,False,5230
0,joint_no_history,40,FR,edge,0.05,46.549799997592345,0.0,True,13428.0,1.0,0.0,46.512900007655844,1,True,13428
0,joint_no_history,41,DE,node,0.05,6.2175999919418246,0.010857432775240995,True,9748.0,0.5,0.0359538030611842,6.172699970193207,2,False,4874
0,joint_no_history,41,DE,edge,0.05,27.789999992819503,0.0,True,5833.0,1.0,0.0,27.75189999374561,1,True,5833
0,joint_no_history,42,FR,node,0.05,3.4167999983765185,0.0010791401258678308,True,14942.857142857143,0.35,0.04364884546113596,3.3725000103004277,1,False,5230
0,joint_no_history,42,FR,edge,0.05,77.28879997739568,0.0,True,13428.0,1.0,0.0,77.2409999917727,1,True,13428
0,joint_no_history,43,FR,node,0.05,8.258099987870082,0.0010791401258678308,True,14942.857142857143,0.35,0.04364884546113596,8.204899990232661,1,False,5230
0,joint_no_history,43,FR,edge,0.05,79.86489997711033,0.0,True,13428.0,1.0,0.0,79.8095999925863,1,True,13428
0,joint_no_history,44,DE,node,0.05,9.004699997603893,0.010857432775240995,True,9748.0,0.5,0.0359538030611842,8.91469998168759,2,False,4874
0,joint_no_history,44,DE,edge,0.05,24.467999988701195,0.0,True,5833.0,1.0,0.0,24.433800019323826,1,True,5833
0,joint_no_history,45,FR,node,0.05,2.8392999956849962,0.0010791401258678308,True,14942.857142857143,0.35,0.04364884546113596,2.806800010148436,1,False,5230
0,joint_no_history,45,FR,edge,0.05,38.77839999040589,0.0,True,13428.0,1.0,0.0,38.732799992430955,1,True,13428
0,joint_no_history,46,FR,node,0.05,2.9758000164292753,0.0010791401258678308,True,14942.857142857143,0.35,0.04364884546113596,2.929999987827614,1,False,5230
0,joint_no_history,46,FR,edge,0.05,58.31550000584684,0.0,True,13428.0,1.0,0.0,58.28500000643544,1,True,13428
0,joint_no_history,47,DE,node,0.05,6.032099976437166,0.010857432775240995,True,9748.0,0.5,0.0359538030611842,5.989400000544265,2,False,4874
0,joint_no_history,47,DE,edge,0.05,27.46889999252744,0.0,True,5833.0,1.0,0.0,27.438199991593137,1,True,5833
0,joint_no_history,48,FR,node,0.05,3.652399987913668,0.0010791401258678308,True,14942.857142857143,0.35,0.04364884546113596,3.612000000430271,1,False,5230
0,joint_no_history,48,FR,edge,0.05,64.99070001882501,0.0,True,13428.0,1.0,0.0,64.95239998912439,1,True,13428
0,joint_no_history,49,DE,node,0.05,10.750099987490103,0.010857432775240995,True,9748.0,0.5,0.0359538030611842,10.699600010411814,2,False,4874
0,joint_no_history,49,DE,edge,0.05,30.868500005453825,0.0,True,5833.0,1.0,0.0,30.839999992167577,1,True,5833
0,joint_no_history,50,DE,node,0.2,2.500200003851205,0.05766954168780641,True,9286.666666666668,0.15,0.1434529774278362,2.469700004439801,1,False,1393
0,joint_no_history,50,DE,edge,0.2,25.516499998047948,0.04554312724575497,True,5567.346938775511,0.35,0.1979212642015235,25.46730000176467,2,False,682
0,joint_no_history,51,FR,node,0.2,2.7620000182650983,0.004969137865721902,True,15033.333333333334,0.15,0.11274878012023486,2.731599990511313,1,False,2255
0,joint_no_history,51,FR,edge,0.2,18.85930000571534,0.033661006851355375,True,12976.0,0.25,0.15232439694376332,18.82980001391843,1,False,811
0,joint_no_history,52,DE,node,0.2,2.9273999971337616,0.05766954168780641,True,9286.666666666668,0.15,0.1434529774278362,2.896099991630763,1,False,1393
0,joint_no_history,52,DE,edge,0.2,26.271100010490045,0.04554312724575497,True,5567.346938775511,0.35,0.1979212642015235,26.227800000924617,2,False,682
0,joint_no_history,53,FR,node,0.2,2.7532000094652176,0.004969137865721902,True,15033.333333333334,0.15,0.11274878012023486,2.718900010222569,1,False,2255
0,joint_no_history,53,FR,edge,0.2,11.86610001605004,0.033661006851355375,True,12976.0,0.25,0.15232439694376332,11.828699993202463,1,False,811
0,joint_no_history,54,DE,node,0.2,4.329399991547689,0.05766954168780641,True,9286.666666666668,0.15,0.1434529774278362,4.292900004656985,1,False,1393
0,joint_no_history,54,DE,edge,0.2,17.608199996175244,0.04554312724575497,True,5567.346938775511,0.35,0.1979212642015235,17.567800037795678,2,False,682
0,joint_no_history,55,DE,node,0.2,3.4472999977879226,0.05766954168780641,True,9286.666666666668,0.15,0.1434529774278362,3.415000013774261,1,False,1393
0,joint_no_history,55,DE,edge,0.2,20.144799986155704,0.04554312724575497,True,5567.346938775511,0.35,0.1979212642015235,20.103200018638745,2,False,682
0,joint_no_history,56,DE,node,0.2,3.566100000170991,0.05766954168780641,True,9286.666666666668,0.15,0.1434529774278362,3.5356000007595867,1,False,1393
0,joint_no_history,56,DE,edge,0.2,17.373799986671656,0.04554312724575497,True,5567.346938775511,0.35,0.1979212642015235,17.329699971014634,2,False,682
0,joint_no_history,57,DE,node,0.2,2.5763000012375414,0.05766954168780641,True,9286.666666666668,0.15,0.1434529774278362,2.5348000053782016,1,False,1393
0,joint_no_history,57,DE,edge,0.2,18.802800012053922,0.04554312724575497,True,5567.346938775511,0.35,0.1979212642015235,18.758100020932034,2,False,682
0,joint_no_history,58,DE,node,0.2,2.2356000263243914,0.05766954168780641,True,9286.666666666668,0.15,0.1434529774278362,2.201499999500811,1,False,1393
0,joint_no_history,58,DE,edge,0.2,17.113500012783334,0.04554312724575497,True,5567.346938775511,0.35,0.1979212642015235,17.076199990697205,2,False,682
0,joint_no_history,59,FR,node,0.2,1.6028000100050122,0.004969137865721902,True,15033.333333333334,0.15,0.11274878012023486,1.5774999919813126,1,False,2255
0,joint_no_history,59,FR,edge,0.2,11.95200000074692,0.033661006851355375,True,12976.0,0.25,0.15232439694376332,11.927299987291917,1,False,811
1,no_history,0,FR,node,0.2,8.35630000801757,0.0008244757893797794,True,14946.666666666668,0.15,0.041385091297166346,8.30129999667406,1,False,2242
1,no_history,0,FR,edge,0.2,30.576999997720122,0.04617217753946976,True,14048.0,0.25,0.07925519603281514,30.51390001201071,1,False,878
1,no_history,1,DE,node,0.2,5.466400005389005,0.012683916793505834,True,9980.0,0.15,0.050646661327447426,5.401299975346774,1,False,1497
1,no_history,1,DE,edge,0.2,22.438400017563254,0.014915138007886165,True,5920.0,0.25,0.1220883264028001,22.36909998464398,1,False,370
1,no_history,2,FR,node,0.2,5.223399988608435,0.0008244757893797794,True,14946.666666666668,0.15,0.041385091297166346,5.160100001376122,1,False,2242
1,no_history,2,FR,edge,0.2,27.730700006941333,0.04617217753946976,True,14048.0,0.25,0.07925519603281514,27.676800003973767,1,False,878
1,no_history,3,DE,node,0.2,3.8041000079829246,0.012683916793505834,True,9980.0,0.15,0.050646661327447426,3.7566999963019043,1,False,1497
1,no_history,3,DE,edge,0.2,15.876699995715171,0.014915138007886165,True,5920.0,0.25,0.1220883264028001,15.840800013393164,1,False,370
1,no_history,4,FR,node,0.2,3.886399994371459,0.0008244757893797794,True,14946.666666666668,0.15,0.041385091297166346,3.834100003587082,1,False,2242
1,no_history,4,FR,edge,0.2,27.312199992593378,0.04617217753946976,True,14048.0,0.25,0.07925519603281514,27.25850002025254,1,False,878
1,no_history,5,FR,node,0.2,5.422799993539229,0.0008244757893797794,True,14946.666666666668,0.15,0.041385091297166346,5.365199991501868,1,False,2242
1,no_history,5,FR,edge,0.2,25.06149999680929,0.04617217753946976,True,14048.0,0.25,0.07925519603281514,24.99180001905188,1,False,878
1,no_history,6,FR,node,0.2,4.089800000656396,0.0008244757893797794,True,14946.666666666668,0.15,0.041385091297166346,4.055600002175197,1,False,2242
1,no_history,6,FR,edge,0.2,16.23989999643527,0.04617217753946976,True,14048.0,0.25,0.07925519603281514,16.190099995583296,1,False,878
1,no_history,7,DE,node,0.2,3.505800006678328,0.012683916793505834,True,9980.0,0.15,0.050646661327447426,3.474199998890981,1,False,1497
1,no_history,7,DE,edge,0.2,16.159000020707026,0.014915138007886165,True,5920.0,0.25,0.1220883264028001,16.120200016302988,1,False,370
1,no_history,8,FR,node,0.2,3.244300023652613,0.0008244757893797794,True,14946.666666666668,0.15,0.041385091297166346,3.1833999964874238,1,False,2242
1,no_history,8,FR,edge,0.2,16.990400006761774,0.04617217753946976,True,14048.0,0.25,0.07925519603281514,16.95830002427101,1,False,878
1,no_history,9,FR,node,0.2,3.4474999993108213,0.0008244757893797794,True,14946.666666666668,0.15,0.041385091297166346,3.411499987123534,1,False,2242
1,no_history,9,FR,edge,0.2,25.969199981773272,0.04617217753946976,True,14048.0,0.25,0.07925519603281514,25.91650001704693,1,False,878
1,no_history,10,DE,node,0.05,5.3047999972477555,0.005377980720446474,True,9908.0,0.25,0.03510101418178036,5.234900017967448,2,False,2477
1,no_history,10,DE,edge,0.05,35.516200005076826,0.007333752404899258,True,5790.222222222223,0.75,0.04003095026181692,35.48140000202693,1,False,3257
1,no_history,11,DE,node,0.05,6.5503000223543495,0.005377980720446474,True,9908.0,0.25,0.03510101418178036,6.510599981993437,2,False,2477
1,no_history,11,DE,edge,0.05,19.28160001989454,0.007333752404899258,True,5790.222222222223,0.75,0.04003095026181692,19.255699997302145,1,False,3257
1,no_history,12,DE,node,0.05,5.965600023046136,0.005377980720446474,True,9908.0,0.25,0.03510101418178036,5.924099998082966,2,False,2477
1,no_history,12,DE,edge,0.05,33.27489999355748,0.007333752404899258,True,5790.222222222223,0.75,0.04003095026181692,33.24829999473877,1,False,3257
1,no_history,13,FR,node,0.05,3.7111999990884215,0.0008244757893797794,True,14946.666666666668,0.15,0.041385091297166346,3.6810000019613653,1,False,2242
1,no_history,13,FR,edge,0.05,56.48129998007789,0.012875252374805532,True,13255.111111111111,0.75,0.02645768424891875,56.440999993355945,1,False,7456
1,no_history,14,FR,node,0.05,3.848899999866262,0.0008244757893797794,True,14946.666666666668,0.15,0.041385091297166346,3.8212999934330583,1,False,2242
1,no_history,14,FR,edge,0.05,52.12570002186112,0.012875252374805532,True,13255.111111111111,0.75,0.02645768424891875,52.10090000764467,1,False,7456
1,no_history,15,FR,node,0.05,1.8093000107910484,0.0008244757893797794,True,14946.666666666668,0.15,0.041385091297166346,1.7841999942902476,1,False,2242
1,no_history,15,FR,edge,0.05,63.71049999142997,0.012875252374805532,True,13255.111111111111,0.75,0.02645768424891875,63.681600004201755,1,False,7456
1,no_history,16,FR,node,0.05,4.218499991111457,0.0008244757893797794,True,14946.666666666668,0.15,0.041385091297166346,4.188399994745851,1,False,2242
1,no_history,16,FR,edge,0.05,64.99879999319091,0.012875252374805532,True,13255.111111111111,0.75,0.02645768424891875,64.96809999225661,1,False,7456
1,no_history,17,DE,node,0.05,3.3127000206150115,0.005377980720446474,True,9908.0,0.25,0.03510101418178036,3.278299991507083,2,False,2477
1,no_history,17,DE,edge,0.05,27.804100012872368,0.007333752404899258,True,5790.222222222223,0.75,0.04003095026181692,27.775299997301772,1,False,3257
1,no_history,18,DE,node,0.05,6.47760002175346,0.005377980720446474,True,9908.0,0.25,0.03510101418178036,6.443699996452779,2,False,2477
1,no_history,18,DE,edge,0.05,26.333500019973144,0.007333752404899258,True,5790.222222222223,0.75,0.04003095026181692,26.30870000575669,1,False,3257
1,no_history,19,DE,node,0.05,3.229299996746704,0.005377980720446474,True,9908.0,0.25,0.03510101418178036,3.1969999545253813,2,False,2477
1,no_history,19,DE,edge,0.05,16.888399986783043,0.007333752404899258,True,5790.222222222223,0.75,0.04003095026181692,16.864500008523464,1,False,3257
1,no_history,20,FR,node,0.1,4.465399979380891,0.0008244757893797794,True,14946.666666666668,0.15,0.041385091297166346,4.437700001290068,1,False,2242
1,no_history,20,FR,edge,0.1,12.181199999758974,0.00421294523171191,True,13371.428571428572,0.35,0.07764160961977784,12.155500007793307,1,False,1638
1,no_history,21,DE,node,0.1,1.3959000061731786,0.012683916793505834,True,9980.0,0.15,0.050646661327447426,1.3733000087086111,1,False,1497
1,no_history,21,DE,edge,0.1,32.9939000075683,0.021772672724155666,True,5960.0,0.5,0.06436901951902704,32.945499988272786,2,False,1490
1,no_history,22,FR,node,0.1,1.6679000109434128,0.0008244757893797794,True,14946.666666666668,0.15,0.041385091297166346,1.641200011363253,1,False,2242
1,no_history,22,FR,edge,0.1,13.410999992629513,0.00421294523171191,True,13371.428571428572,0.35,0.07764160961977784,13.389600004302338,1,False,1638
1,no_history,23,DE,node,0.1,1.6612000181339681,0.012683916793505834,True,9980.0,0.15,0.050646661327447426,1.640600006794557,1,False,1497
1,no_history,23,DE,edge,0.1,20.553400012431666,0.021772672724155666,True,5960.0,0.5,0.06436901951902704,20.522600010735914,2,False,1490
1,no_history,24,DE,node,0.1,2.4333999899681658,0.012683916793505834,True,9980.0,0.15,0.050646661327447426,2.397700009169057,1,False,1497
1,no_history,24,DE,edge,0.1,37.13469998911023,0.021772672724155666,True,5960.0,0.5,0.06436901951902704,37.07520000170916,2,False,1490
1,no_history,25,FR,node,0.1,4.492900014156476,0.0008244757893797794,True,14946.666666666668,0.15,0.041385091297166346,4.446200007805601,1,False,2242
1,no_history,25,FR,edge,0.1,47.88939998252317,0.00421294523171191,True,13371.428571428572,0.35,0.07764160961977784,47.856800025328994,1,False,1638
1,no_history,26,FR,node,0.1,2.296299993759021,0.0008244757893797794,True,14946.666666666668,0.15,0.041385091297166346,2.2625999990850687,1,False,2242
1,no_history,26,FR,edge,0.1,19.34239998809062,0.00421294523171191,True,13371.428571428572,0.35,0.07764160961977784,19.315100013045594,1,False,1638
1,no_history,27,DE,node,0.1,2.788499987218529,0.012683916793505834,True,9980.0,0.15,0.050646661327447426,2.759499999228865,1,False,1497
1,no_history,27,DE,edge,0.1,30.786899995291606,0.021772672724155666,True,5960.0,0.5,0.06436901951902704,30.75089998310432,2,False,1490
1,no_history,28,FR,node,0.1,4.22400000388734,0.0008244757893797794,True,14946.666666666668,0.15,0.041385091297166346,4.190500010736287,1,False,2242
1,no_history,28,FR,edge,0.1,28.336200019111857,0.00421294523171191,True,13371.428571428572,0.35,0.07764160961977784,28.302299993811175,1,False,1638
1,no_history,29,FR,node,0.1,1.5170000260695815,0.0008244757893797794,True,14946.666666666668,0.15,0.041385091297166346,1.4915000065229833,1,False,2242
1,no_history,29,FR,edge,0.1,24.285899999085814,0.00421294523171191,True,13371.428571428572,0.35,0.07764160961977784,24.262299994006753,1,False,1638
1,no_history,30,FR,node,0.2,2.7931999939028174,0.0008244757893797794,True,14946.666666666668,0.15,0.041385091297166346,2.762099989922717,1,False,2242
1,no_history,30,FR,edge,0.2,9.56820001010783,0.04617217753946976,True,14048.0,0.25,0.07925519603281514,9.546200017211959,1,False,878
1,no_history,31,DE,node,0.2,1.3124000106472522,0.012683916793505834,True,9980.0,0.15,0.050646661327447426,1.2898999848403037,1,False,1497
1,no_history,31,DE,edge,0.2,5.705999996280298,0.014915138007886165,True,5920.0,0.25,0.1220883264028001,5.6822999904397875,1,False,370
1,no_history,32,FR,node,0.2,1.7608999914955348,0.0008244757893797794,True,14946.666666666668,0.15,0.041385091297166346,1.7306999943684787,1,False,2242
1,no_history,32,FR,edge,0.2,9.12959998822771,0.04617217753946976,True,14048.0,0.25,0.07925519603281514,9.104800003115088,1,False,878
1,no_history,33,DE,node,0.2,2.501600014511496,0.012683916793505834,True,9980.0,0.15,0.050646661327447426,2.475899993441999,1,False,1497
1,no_history,33,DE,edge,0.2,6.94280001334846,0.014915138007886165,True,5920.0,0.25,0.1220883264028001,6.921899999724701,1,False,370
1,no_history,34,FR,node,0.2,1.5651999856345356,0.0008244757893797794,True,14946.666666666668,0.15,0.041385091297166346,1.5273000171873719,1,False,2242
1,no_history,34,FR,edge,0.2,7.790400006342679,0.04617217753946976,True,14048.0,0.25,0.07925519603281514,7.770900003379211,1,False,878
1,no_history,35,FR,node,0.2,1.50830001803115,0.0008244757893797794,True,14946.666666666668,0.15,0.041385091297166346,1.4848999853711575,1,False,2242
1,no_history,35,FR,edge,0.2,8.921900007408112,0.04617217753946976,True,14048.0,0.25,0.07925519603281514,8.897899999283254,1,False,878
1,no_history,36,DE,node,0.2,1.7782000068109483,0.012683916793505834,True,9980.0,0.15,0.050646661327447426,1.7507000011391938,1,False,1497
1,no_history,36,DE,edge,0.2,9.970400016754866,0.014915138007886165,True,5920.0,0.25,0.1220883264028001,9.945400001015514,1,False,370
1,no_history,37,FR,node,0.2,1.872599998023361,0.0008244757893797794,True,14946.666666666668,0.15,0.041385091297166346,1.8453999946359545,1,False,2242
1,no_history,37,FR,edge,0.2,18.507700006011873,0.04617217753946976,True,14048.0,0.25,0.07925519603281514,18.482699990272522,1,False,878
1,no_history,38,DE,node,0.2,1.426200004061684,0.012683916793505834,True,9980.0,0.15,0.050646661327447426,1.3982999953441322,1,False,1497
1,no_history,38,DE,edge,0.2,6.038899999111891,0.014915138007886165,True,5920.0,0.25,0.1220883264028001,6.01230000029318,1,False,370
1,no_history,39,FR,node,0.2,4.179000010481104,0.0008244757893797794,True,14946.666666666668,0.15,0.041385091297166346,4.153499990934506,1,False,2242
1,no_history,39,FR,edge,0.2,18.92890001181513,0.04617217753946976,True,14048.0,0.25,0.07925519603281514,18.899599992437288,1,False,878
1,no_history,40,DE,node,0.05,5.97679999191314,0.005377980720446474,True,9908.0,0.25,0.03510101418178036,5.938100017374381,2,False,2477
1,no_history,40,DE,edge,0.05,30.961400014348328,0.007333752404899258,True,5790.222222222223,0.75,0.04003095026181692,30.935599992517382,1,False,3257
1,no_history,41,DE,node,0.05,6.6359999764245,0.005377980720446474,True,9908.0,0.25,0.03510101418178036,6.607600022107363,2,False,2477
1,no_history,41,DE,edge,0.05,42.15949997887947,0.007333752404899258,True,5790.222222222223,0.75,0.04003095026181692,42.12599998572841,1,False,3257
1,no_history,42,FR,node,0.05,3.6413000198081136,0.0008244757893797794,True,14946.666666666668,0.15,0.041385091297166346,3.588899999158457,1,False,2242
1,no_history,42,FR,edge,0.05,68.39499998022802,0.012875252374805532,True,13255.111111111111,0.75,0.02645768424891875,68.33730000653304,1,False,7456
1,no_history,43,DE,node,0.05,6.865000003017485,0.005377980720446474,True,9908.0,0.25,0.03510101418178036,6.787299993447959,2,False,2477
1,no_history,43,DE,edge,0.05,36.596500023733824,0.007333752404899258,True,5790.222222222223,0.75,0.04003095026181692,36.54070000629872,1,False,3257
1,no_history,44,DE,node,0.05,10.155500000109896,0.005377980720446474,True,9908.0,0.25,0.03510101418178036,10.075199970742688,2,False,2477
1,no_history,44,DE,edge,0.05,40.984799998113886,0.007333752404899258,True,5790.222222222223,0.75,0.04003095026181692,40.934499993454665,1,False,3257
1,no_history,45,DE,node,0.05,8.39030000497587,0.005377980720446474,True,9908.0,0.25,0.03510101418178036,8.323299989569932,2,False,2477
1,no_history,45,DE,edge,0.05,38.84940000716597,0.007333752404899258,True,5790.222222222223,0.75,0.04003095026181692,38.81389999878593,1,False,3257
1,no_history,46,FR,node,0.05,4.616799997165799,0.0008244757893797794,True,14946.666666666668,0.15,0.041385091297166346,4.562599991913885,1,False,2242
1,no_history,46,FR,edge,0.05,61.931900010677055,0.012875252374805532,True,13255.111111111111,0.75,0.02645768424891875,61.87669999781065,1,False,7456
1,no_history,47,FR,node,0.05,4.6910000091884285,0.0008244757893797794,True,14946.666666666668,0.15,0.041385091297166346,4.639499995391816,1,False,2242
1,no_history,47,FR,edge,0.05,61.7461999936495,0.012875252374805532,True,13255.111111111111,0.75,0.02645768424891875,61.71900001936592,1,False,7456
1,no_history,48,DE,node,0.05,5.961600021691993,0.005377980720446474,True,9908.0,0.25,0.03510101418178036,5.924599972786382,2,False,2477
1,no_history,48,DE,edge,0.05,38.9324999996461,0.007333752404899258,True,5790.222222222223,0.75,0.04003095026181692,38.88779997942038,1,False,3257
1,no_history,49,FR,node,0.05,2.497000008588657,0.0008244757893797794,True,14946.666666666668,0.15,0.041385091297166346,2.4605999933555722,1,False,2242
1,no_history,49,FR,edge,0.05,57.92620001011528,0.012875252374805532,True,13255.111111111111,0.75,0.02645768424891875,57.89039999945089,1,False,7456
1,no_history,50,DE,node,0.2,2.889399998821318,0.012683916793505834,True,9980.0,0.15,0.050646661327447426,2.861300017684698,1,False,1497
1,no_history,50,DE,edge,0.2,6.292800011578947,0.014915138007886165,True,5920.0,0.25,0.1220883264028001,6.264700001338497,1,False,370
1,no_history,51,DE,node,0.2,1.7441000090911984,0.012683916793505834,True,9980.0,0.15,0.050646661327447426,1.719699997920543,1,False,1497
1,no_history,51,DE,edge,0.2,6.374399992637336,0.014915138007886165,True,5920.0,0.25,0.1220883264028001,6.345000001601875,1,False,370
1,no_history,52,DE,node,0.2,2.650500013260171,0.012683916793505834,True,9980.0,0.15,0.050646661327447426,2.6240999868605286,1,False,1497
1,no_history,52,DE,edge,0.2,5.7554999948479235,0.014915138007886165,True,5920.0,0.25,0.1220883264028001,5.729800002882257,1,False,370
1,no_history,53,DE,node,0.2,2.081100014038384,0.012683916793505834,True,9980.0,0.15,0.050646661327447426,2.057500008959323,1,False,1497
1,no_history,53,DE,edge,0.2,6.258499983232468,0.014915138007886165,True,5920.0,0.25,0.1220883264028001,6.233299995074049,1,False,370
1,no_history,54,FR,node,0.2,1.7059000092558563,0.0008244757893797794,True,14946.666666666668,0.15,0.041385091297166346,1.6762999875936657,1,False,2242
1,no_history,54,FR,edge,0.2,14.988899987656623,0.04617217753946976,True,14048.0,0.25,0.07925519603281514,14.961700013373047,1,False,878
1,no_history,55,DE,node,0.2,1.7154999950435013,0.012683916793505834,True,9980.0,0.15,0.050646661327447426,1.6826000064611435,1,False,1497
1,no_history,55,DE,edge,0.2,6.18870000471361,0.014915138007886165,True,5920.0,0.25,0.1220883264028001,6.164199992781505,1,False,370
1,no_history,56,FR,node,0.2,1.4128999901004136,0.0008244757893797794,True,14946.666666666668,0.15,0.041385091297166346,1.3889000110793859,1,False,2242
1,no_history,56,FR,edge,0.2,9.764499991433695,0.04617217753946976,True,14048.0,0.25,0.07925519603281514,9.73699998576194,1,False,878
1,no_history,57,DE,node,0.2,2.204200020059943,0.012683916793505834,True,9980.0,0.15,0.050646661327447426,2.177799993660301,1,False,1497
1,no_history,57,DE,edge,0.2,5.948800011537969,0.014915138007886165,True,5920.0,0.25,0.1220883264028001,5.921499978285283,1,False,370
1,no_history,58,DE,node,0.2,3.0036999960429966,0.012683916793505834,True,9980.0,0.15,0.050646661327447426,2.9820000054314733,1,False,1497
1,no_history,58,DE,edge,0.2,11.266700021224096,0.014915138007886165,True,5920.0,0.25,0.1220883264028001,11.245200003031641,1,False,370
1,no_history,59,DE,node,0.2,1.1675999849103391,0.012683916793505834,True,9980.0,0.15,0.050646661327447426,1.1445999843999743,1,False,1497
1,no_history,59,DE,edge,0.2,13.259900006232783,0.014915138007886165,True,5920.0,0.25,0.1220883264028001,13.23949999641627,1,False,370
1,exact,0,FR,node,0.2,5.241599981673062,0.0,True,14959,1,0.0,5.237100005615503,1,False,14959
1,exact,0,FR,edge,0.2,53.821400011656806,0.0,True,13428,1,0.0,53.816900006495416,1,False,13428
1,exact,1,DE,node,0.2,4.0099000034388155,0.0,True,9855,1,0.0,4.00469999294728,1,False,9855
1,exact,1,DE,edge,0.2,34.5361000217963,0.0,True,5833,1,0.0,34.53199999057688,1,False,5833
1,exact,2,FR,node,0.2,5.4231000249274075,0.0,True,14959,1,0.0,5.419299995992333,1,False,14959
1,exact,2,FR,edge,0.2,54.67839998891577,0.0,True,13428,1,0.0,54.67439998756163,1,False,13428
1,exact,3,DE,node,0.2,5.973699997412041,0.0,True,9855,1,0.0,5.9695999952964485,1,False,9855
1,exact,3,DE,edge,0.2,36.09749997849576,0.0,True,5833,1,0.0,36.093400005484,1,False,5833
1,exact,4,FR,node,0.2,2.58990001748316,0.0,True,14959,1,0.0,2.5853999832179397,1,False,14959
1,exact,4,FR,edge,0.2,36.00150000420399,0.0,True,13428,1,0.0,35.996300022816285,1,False,13428
1,exact,5,FR,node,0.2,3.963900002418086,0.0,True,14959,1,0.0,3.957700013415888,1,False,14959
1,exact,5,FR,edge,0.2,58.08970000362024,0.0,True,13428,1,0.0,58.08519999845885,1,False,13428
1,exact,6,FR,node,0.2,2.7547999925445765,0.0,True,14959,1,0.0,2.750099985860288,1,False,14959
1,exact,6,FR,edge,0.2,55.322300002444535,0.0,True,13428,1,0.0,55.31540000811219,1,False,13428
1,exact,7,DE,node,0.2,8.097400015685707,0.0,True,9855,1,0.0,8.08959998539649,1,False,9855
1,exact,7,DE,edge,0.2,45.20650001359172,0.0,True,5833,1,0.0,45.1967999979388,1,False,5833
1,exact,8,FR,node,0.2,6.374399992637336,0.0,True,14959,1,0.0,6.364500004565343,1,False,14959
1,exact,8,FR,edge,0.2,58.91409999458119,0.0,True,13428,1,0.0,58.907700004056096,1,False,13428
1,exact,9,FR,node,0.2,4.331899981480092,0.0,True,14959,1,0.0,4.3268000008538365,1,False,14959
1,exact,9,FR,edge,0.2,52.36679999507032,0.0,True,13428,1,0.0,52.3601999739185,1,False,13428
1,exact,10,DE,node,0.05,11.14309998229146,0.0,True,9855,1,0.0,11.136499990243465,1,False,9855
1,exact,10,DE,edge,0.05,41.42539997701533,0.0,True,5833,1,0.0,41.42080000019632,1,False,5833
1,exact,11,DE,node,0.05,3.5084999981336296,0.0,True,9855,1,0.0,3.504899999825284,1,False,9855
1,exact,11,DE,edge,0.05,18.09649998904206,0.0,True,5833,1,0.0,18.092300015268847,1,False,5833
1,exact,12,DE,node,0.05,2.154699992388487,0.0,True,9855,1,0.0,2.144800004316494,1,False,9855
1,exact,12,DE,edge,0.05,30.008999980054796,0.0,True,5833,1,0.0,30.00530001008883,1,False,5833
1,exact,13,FR,node,0.05,2.65650000073947,0.0,True,14959,1,0.0,2.6522999978624284,1,False,14959
1,exact,13,FR,edge,0.05,69.75279998732731,0.0,True,13428,1,0.0,69.74869998521172,1,False,13428
1,exact,14,FR,node,0.05,7.044099998893216,0.0,True,14959,1,0.0,7.040099997539073,1,False,14959
1,exact,14,FR,edge,0.05,49.83709999942221,0.0,True,13428,1,0.0,49.832799995783716,1,False,13428
1,exact,15,FR,node,0.05,2.870600001187995,0.0,True,14959,1,0.0,2.862900000764057,1,False,14959
1,exact,15,FR,edge,0.05,49.04439998790622,0.0,True,13428,1,0.0,49.04000001261011,1,False,13428
1,exact,16,FR,node,0.05,3.2663000165484846,0.0,True,14959,1,0.0,3.261699981521815,1,False,14959
1,exact,16,FR,edge,0.05,58.55720001272857,0.0,True,13428,1,0.0,58.55290000909008,1,False,13428
1,exact,17,DE,node,0.05,5.512500007171184,0.0,True,9855,1,0.0,5.508500005817041,1,False,9855
1,exact,17,DE,edge,0.05,47.17700000037439,0.0,True,5833,1,0.0,47.1733000013046,1,False,5833
1,exact,18,DE,node,0.05,6.192199973156676,0.0,True,9855,1,0.0,6.186800019349903,1,False,9855
1,exact,18,DE,edge,0.05,30.30199999921024,0.0,True,5833,1,0.0,30.295500007923692,1,False,5833
1,exact,19,DE,node,0.05,7.180599990533665,0.0,True,9855,1,0.0,7.17239998630248,1,False,9855
1,exact,19,DE,edge,0.05,38.248199998633936,0.0,True,5833,1,0.0,38.2374000037089,1,False,5833
1,exact,20,FR,node,0.1,4.872699995758012,0.0,True,14959,1,0.0,4.867900017416105,1,False,14959
1,exact,20,FR,edge,0.1,60.22090002079494,0.0,True,13428,1,0.0,60.21580001106486,1,False,13428
1,exact,21,DE,node,0.1,5.896300019230694,0.0,True,9855,1,0.0,5.892399989534169,1,False,9855
1,exact,21,DE,edge,0.1,32.56300001521595,0.0,True,5833,1,0.0,32.559000013861805,1,False,5833
1,exact,22,FR,node,0.1,4.866700008278713,0.0,True,14959,1,0.0,4.862100002355874,1,False,14959
1,exact,22,FR,edge,0.1,51.5198000066448,0.0,True,13428,1,0.0,51.51540000224486,1,False,13428
1,exact,23,DE,node,0.1,4.402000020490959,0.0,True,9855,1,0.0,4.3978999892715365,1,False,9855
1,exact,23,DE,edge,0.1,35.849500010954216,0.0,True,5833,1,0.0,35.84549998049624,1,False,5833
1,exact,24,DE,node,0.1,4.2314000020269305,0.0,True,9855,1,0.0,4.227500001434237,1,False,9855
1,exact,24,DE,edge,0.1,30.785799986915663,0.0,True,5833,1,0.0,30.781400011619553,1,False,5833
1,exact,25,FR,node,0.1,7.6040000130888075,0.0,True,14959,1,0.0,7.599000004120171,1,False,14959
1,exact,25,FR,edge,0.1,57.48429999221116,0.0,True,13428,1,0.0,57.479599985526875,1,False,13428
1,exact,26,FR,node,0.1,5.926999991061166,0.0,True,14959,1,0.0,5.922399985138327,1,False,14959
1,exact,26,FR,edge,0.1,62.19490000512451,0.0,True,13428,1,0.0,62.18920001992956,1,False,13428
1,exact,27,DE,node,0.1,4.282200010493398,0.0,True,9855,1,0.0,4.277500003809109,1,False,9855
1,exact,27,DE,edge,0.1,29.747000022325665,0.0,True,5833,1,0.0,29.74160001031123,1,False,5833
1,exact,28,FR,node,0.1,5.5161000054795295,0.0,True,14959,1,0.0,5.511700001079589,1,False,14959
1,exact,28,FR,edge,0.1,47.881800011964515,0.0,True,13428,1,0.0,47.87790001137182,1,False,13428
1,exact,29,FR,node,0.1,5.486899986863136,0.0,True,14959,1,0.0,5.480299994815141,1,False,14959
1,exact,29,FR,edge,0.1,42.54840000066906,0.0,True,13428,1,0.0,42.54250001395121,1,False,13428
1,exact,30,FR,node,0.2,4.38850000500679,0.0,True,14959,1,0.0,4.383400024380535,1,False,14959
1,exact,30,FR,edge,0.2,42.10009999223985,0.0,True,13428,1,0.0,42.09519998403266,1,False,13428
1,exact,31,DE,node,0.2,3.7065999931655824,0.0,True,9855,1,0.0,3.7013999826740474,1,False,9855
1,exact,31,DE,edge,0.2,33.605099975829944,0.0,True,5833,1,0.0,33.600399998249486,1,False,5833
1,exact,32,FR,node,0.2,4.798000009031966,0.0,True,14959,1,0.0,4.7935999755281955,1,False,14959
1,exact,32,FR,edge,0.2,52.021399984369054,0.0,True,13428,1,0.0,52.015400025993586,1,False,13428
1,exact,33,DE,node,0.2,4.093800002010539,0.0,True,9855,1,0.0,4.090000002179295,1,False,9855
1,exact,33,DE,edge,0.2,34.50470001553185,0.0,True,5833,1,0.0,34.50029998202808,1,False,5833
1,exact,34,FR,node,0.2,2.490399987436831,0.0,True,14959,1,0.0,2.486000012140721,1,False,14959
1,exact,34,FR,edge,0.2,36.16710001369938,0.0,True,13428,1,0.0,36.16260000853799,1,False,13428
1,exact,35,FR,node,0.2,2.760400006081909,0.0,True,14959,1,0.0,2.7560000016819686,1,False,14959
1,exact,35,FR,edge,0.2,51.46620000596158,0.0,True,13428,1,0.0,51.461499999277294,1,False,13428
1,exact,36,DE,node,0.2,5.730000004405156,0.0,True,9855,1,0.0,5.725199996959418,1,False,9855
1,exact,36,DE,edge,0.2,19.17959999991581,0.0,True,5833,1,0.0,19.175699999323115,1,False,5833
1,exact,37,FR,node,0.2,2.6144000003114343,0.0,True,14959,1,0.0,2.6100999966729432,1,False,14959
1,exact,37,FR,edge,0.2,27.76369999628514,0.0,True,13428,1,0.0,27.758800017181784,1,False,13428
1,exact,38,DE,node,0.2,2.5649000017438084,0.0,True,9855,1,0.0,2.560799999628216,1,False,9855
1,exact,38,DE,edge,0.2,28.828099981183186,0.0,True,5833,1,0.0,28.823899978306144,1,False,5833
1,exact,39,FR,node,0.2,2.7409000031184405,0.0,True,14959,1,0.0,2.736800001002848,1,False,14959
1,exact,39,FR,edge,0.2,26.35460000601597,0.0,True,13428,1,0.0,26.349899999331683,1,False,13428
1,exact,40,DE,node,0.05,2.144900005077943,0.0,True,9855,1,0.0,2.1409000037238,1,False,9855
1,exact,40,DE,edge,0.05,21.122200007084757,0.0,True,5833,1,0.0,21.116899995831773,1,False,5833
1,exact,41,DE,node,0.05,2.165700017940253,0.0,True,9855,1,0.0,2.161799988243729,1,False,9855
1,exact,41,DE,edge,0.05,20.157999999355525,0.0,True,5833,1,0.0,20.14509998844005,1,False,5833
1,exact,42,FR,node,0.05,5.092200008220971,0.0,True,14959,1,0.0,5.08790000458248,1,False,14959
1,exact,42,FR,edge,0.05,52.458300022408366,0.0,True,13428,1,0.0,52.4505999928806,1,False,13428
1,exact,43,DE,node,0.05,5.511900002602488,0.0,True,9855,1,0.0,5.5012000084389,1,False,9855
1,exact,43,DE,edge,0.05,37.64930000761524,0.0,True,5833,1,0.0,37.6420000102371,1,False,5833
1,exact,44,DE,node,0.05,4.00469999294728,0.0,True,9855,1,0.0,3.9960999856702983,1,False,9855
1,exact,44,DE,edge,0.05,40.126899984898046,0.0,True,5833,1,0.0,40.11639999225736,1,False,5833
1,exact,45,DE,node,0.05,5.527999979676679,0.0,True,9855,1,0.0,5.522399995243177,1,False,9855
1,exact,45,DE,edge,0.05,24.052799999481067,0.0,True,5833,1,0.0,24.045699974521995,1,False,5833
1,exact,46,FR,node,0.05,5.624799989163876,0.0,True,14959,1,0.0,5.620100011583418,1,False,14959
1,exact,46,FR,edge,0.05,59.32530001155101,0.0,True,13428,1,0.0,59.318500017980114,1,False,13428
1,exact,47,FR,node,0.05,5.761600012192503,0.0,True,14959,1,0.0,5.753700010245666,1,False,14959
1,exact,47,FR,edge,0.05,47.49919997993857,0.0,True,13428,1,0.0,47.49120000633411,1,False,13428
1,exact,48,DE,node,0.05,5.946599994786084,0.0,True,9855,1,0.0,5.938599992077798,1,False,9855
1,exact,48,DE,edge,0.05,37.082399998325855,0.0,True,5833,1,0.0,37.073600018629804,1,False,5833
1,exact,49,FR,node,0.05,5.347400001483038,0.0,True,14959,1,0.0,5.342100019333884,1,False,14959
1,exact,49,FR,edge,0.05,78.32820000476204,0.0,True,13428,1,0.0,78.32349999807775,1,False,13428
1,exact,50,DE,node,0.2,7.503500004531816,0.0,True,9855,1,0.0,7.49540000106208,1,False,9855
1,exact,50,DE,edge,0.2,50.99230000632815,0.0,True,5833,1,0.0,50.98529998213053,1,False,5833
1,exact,51,DE,node,0.2,8.823900017887354,0.0,True,9855,1,0.0,8.816800022032112,1,False,9855
1,exact,51,DE,edge,0.2,43.4804999968037,0.0,True,5833,1,0.0,43.4751000138931,1,False,5833
1,exact,52,DE,node,0.2,5.516800010809675,0.0,True,9855,1,0.0,5.512000003363937,1,False,9855
1,exact,52,DE,edge,0.2,28.862700011814013,0.0,True,5833,1,0.0,28.85880001122132,1,False,5833
1,exact,53,DE,node,0.2,1.8589000101201236,0.0,True,9855,1,0.0,1.8550999811850488,1,False,9855
1,exact,53,DE,edge,0.2,20.847099978709593,0.0,True,5833,1,0.0,20.84310000645928,1,False,5833
1,exact,54,FR,node,0.2,4.6199999924283475,0.0,True,14959,1,0.0,4.616099991835654,1,False,14959
1,exact,54,FR,edge,0.2,35.53769999416545,0.0,True,13428,1,0.0,35.53339999052696,1,False,13428
1,exact,55,DE,node,0.2,2.134000009391457,0.0,True,9855,1,0.0,2.130199980456382,1,False,9855
1,exact,55,DE,edge,0.2,26.311499997973442,0.0,True,5833,1,0.0,26.30279998993501,1,False,5833
1,exact,56,FR,node,0.2,7.0112000103108585,0.0,True,14959,1,0.0,7.002399972407147,1,False,14959
1,exact,56,FR,edge,0.2,33.46149998833425,0.0,True,13428,1,0.0,33.45590000390075,1,False,13428
1,exact,57,DE,node,0.2,2.710999979171902,0.0,True,9855,1,0.0,2.7073000092059374,1,False,9855
1,exact,57,DE,edge,0.2,42.70879999967292,0.0,True,5833,1,0.0,42.70229997928254,1,False,5833
1,exact,58,DE,node,0.2,4.023000015877187,0.0,True,9855,1,0.0,4.015699989395216,1,False,9855
1,exact,58,DE,edge,0.2,55.79909999505617,0.0,True,5833,1,0.0,55.786099983379245,1,False,5833
1,exact,59,DE,node,0.2,8.487200015224516,0.0,True,9855,1,0.0,8.478100004140288,1,False,9855
1,exact,59,DE,edge,0.2,48.7892999954056,0.0,True,5833,1,0.0,48.778099997434765,1,False,5833
1,joint_no_history,0,FR,node,0.2,6.603199988603592,0.0008244757893797794,True,14946.666666666668,0.15,0.1130751885843762,6.43760000821203,1,False,2242
1,joint_no_history,0,FR,edge,0.2,23.000799992587417,0.04617217753946976,True,14048.0,0.25,0.14639715486507152,22.964000003412366,1,False,878
1,joint_no_history,1,DE,node,0.2,3.24030002229847,0.012683916793505834,True,9980.0,0.15,0.138380286264157,3.195599972968921,1,False,1497
1,joint_no_history,1,DE,edge,0.2,29.225599981145933,0.053821151296109246,True,6146.938775510205,0.35,0.1883593380489658,29.16669999831356,2,False,753
1,joint_no_history,2,FR,node,0.2,2.203399984864518,0.0008244757893797794,True,14946.666666666668,0.15,0.1130751885843762,2.162999997381121,1,False,2242
1,joint_no_history,2,FR,edge,0.2,18.977400002768263,0.04617217753946976,True,14048.0,0.25,0.14639715486507152,18.916700006229803,1,False,878
1,joint_no_history,3,DE,node,0.2,3.302999975858256,0.012683916793505834,True,9980.0,0.15,0.138380286264157,3.250899986596778,1,False,1497
1,joint_no_history,3,DE,edge,0.2,36.87579999677837,0.053821151296109246,True,6146.938775510205,0.35,0.1883593380489658,36.809899989748374,2,False,753
1,joint_no_history,4,FR,node,0.2,5.13080001110211,0.0008244757893797794,True,14946.666666666668,0.15,0.1130751885843762,5.076900008134544,1,False,2242
1,joint_no_history,4,FR,edge,0.2,24.903799989260733,0.04617217753946976,True,14048.0,0.25,0.14639715486507152,24.674199987202883,1,False,878
1,joint_no_history,5,FR,node,0.2,6.717699987348169,0.0008244757893797794,True,14946.666666666668,0.15,0.1130751885843762,6.690800015348941,1,False,2242
1,joint_no_history,5,FR,edge,0.2,21.578500018222257,0.04617217753946976,True,14048.0,0.25,0.14639715486507152,21.52330000535585,1,False,878
1,joint_no_history,6,FR,node,0.2,2.1422999852802604,0.0008244757893797794,True,14946.666666666668,0.15,0.1130751885843762,2.1103000035509467,1,False,2242
1,joint_no_history,6,FR,edge,0.2,10.087500006193295,0.04617217753946976,True,14048.0,0.25,0.14639715486507152,10.056800005258992,1,False,878
1,joint_no_history,7,DE,node,0.2,2.4809000024106354,0.012683916793505834,True,9980.0,0.15,0.138380286264157,2.4397000088356435,1,False,1497
1,joint_no_history,7,DE,edge,0.2,19.78959998814389,0.053821151296109246,True,6146.938775510205,0.35,0.1883593380489658,19.73500000895001,2,False,753
1,joint_no_history,8,FR,node,0.2,2.504500007489696,0.0008244757893797794,True,14946.666666666668,0.15,0.1130751885843762,2.4606999941170216,1,False,2242
1,joint_no_history,8,FR,edge,0.2,10.79510001000017,0.04617217753946976,True,14048.0,0.25,0.14639715486507152,10.767400002805516,1,False,878
1,joint_no_history,9,FR,node,0.2,5.620799987809733,0.0008244757893797794,True,14946.666666666668,0.15,0.1130751885843762,5.585699982475489,1,False,2242
1,joint_no_history,9,FR,edge,0.2,24.908100022003055,0.04617217753946976,True,14048.0,0.25,0.14639715486507152,24.85970000270754,1,False,878
1,joint_no_history,10,DE,node,0.05,9.944799996446818,0.007407407407407408,True,9928.0,0.5,0.0356263812589353,9.875499963527545,2,False,4964
1,joint_no_history,10,DE,edge,0.05,39.83299998799339,0.0,True,5833.0,1.0,0.0,39.7880999953486,1,True,5833
1,joint_no_history,11,DE,node,0.05,3.0833999917376786,0.007407407407407408,True,9928.0,0.5,0.0356263812589353,3.0513000092469156,2,False,4964
1,joint_no_history,11,DE,edge,0.05,20.896200003335252,0.0,True,5833.0,1.0,0.0,20.874000008916482,1,True,5833
1,joint_no_history,12,DE,node,0.05,3.148099989630282,0.007407407407407408,True,9928.0,0.5,0.0356263812589353,3.114100021775812,2,False,4964
1,joint_no_history,12,DE,edge,0.05,27.705199987394735,0.0,True,5833.0,1.0,0.0,27.67789998324588,1,True,5833
1,joint_no_history,13,FR,node,0.05,2.2629000013694167,0.00025784764069410504,True,14962.857142857143,0.35,0.04361966424224669,2.2284000006038696,1,False,5237
1,joint_no_history,13,FR,edge,0.05,58.31559997750446,0.0,True,13428.0,1.0,0.0,58.28910000855103,1,True,13428
1,joint_no_history,14,FR,node,0.05,5.185300018638372,0.00025784764069410504,True,14962.857142857143,0.35,0.04361966424224669,5.1441999967209995,1,False,5237
1,joint_no_history,14,FR,edge,0.05,67.03070001094602,0.0,True,13428.0,1.0,0.0,66.98299999698065,1,True,13428
1,joint_no_history,15,FR,node,0.05,6.1898000130895525,0.00025784764069410504,True,14962.857142857143,0.35,0.04361966424224669,6.133100017905235,1,False,5237
1,joint_no_history,15,FR,edge,0.05,72.31529999990016,0.0,True,13428.0,1.0,0.0,72.27100001182407,1,True,13428
1,joint_no_history,16,FR,node,0.05,3.3976999984588474,0.00025784764069410504,True,14962.857142857143,0.35,0.04361966424224669,3.352100000483915,1,False,5237
1,joint_no_history,16,FR,edge,0.05,78.37560001644306,0.0,True,13428.0,1.0,0.0,78.3182000159286,1,True,13428
1,joint_no_history,17,DE,node,0.05,11.700400005793199,0.007407407407407408,True,9928.0,0.5,0.0356263812589353,11.605999985476956,2,False,4964
1,joint_no_history,17,DE,edge,0.05,47.81779999029823,0.0,True,5833.0,1.0,0.0,47.76800001855008,1,True,5833
1,joint_no_history,18,DE,node,0.05,8.116999990306795,0.007407407407407408,True,9928.0,0.5,0.0356263812589353,8.067899994784966,2,False,4964
1,joint_no_history,18,DE,edge,0.05,40.27579998364672,0.0,True,5833.0,1.0,0.0,40.16449998016469,1,True,5833
1,joint_no_history,19,DE,node,0.05,11.657099996227771,0.007407407407407408,True,9928.0,0.5,0.0356263812589353,11.611900001298636,2,False,4964
1,joint_no_history,19,DE,edge,0.05,38.052799995057285,0.0,True,5833.0,1.0,0.0,37.98240001196973,1,True,5833
1,joint_no_history,20,FR,node,0.1,4.48480001068674,0.004077812688013905,True,15020.0,0.25,0.06767631662624116,4.3901000171899796,1,False,3755
1,joint_no_history,20,FR,edge,0.1,64.24209999386221,0.012875252374805532,True,13255.111111111111,0.75,0.04279251320518424,64.18740001390688,1,False,7456
1,joint_no_history,21,DE,node,0.1,4.236400010995567,0.005377980720446474,True,9908.0,0.25,0.08332564440524969,4.207199992379174,1,False,2477
1,joint_no_history,21,DE,edge,0.1,23.596500017447397,0.007333752404899258,True,5790.222222222223,0.75,0.06474583911344699,23.555200023110956,1,False,3257
1,joint_no_history,22,FR,node,0.1,3.6225999938324094,0.004077812688013905,True,15020.0,0.25,0.06767631662624116,3.572599991457537,1,False,3755
1,joint_no_history,22,FR,edge,0.1,64.5051000174135,0.012875252374805532,True,13255.111111111111,0.75,0.04279251320518424,64.45669999811798,1,False,7456
1,joint_no_history,23,DE,node,0.1,7.3173000128008425,0.005377980720446474,True,9908.0,0.25,0.08332564440524969,7.254800002556294,1,False,2477
1,joint_no_history,23,DE,edge,0.1,43.21489998255856,0.007333752404899258,True,5790.222222222223,0.75,0.06474583911344699,43.16030000336468,1,False,3257
1,joint_no_history,24,DE,node,0.1,6.32499999483116,0.005377980720446474,True,9908.0,0.25,0.08332564440524969,6.261100003030151,1,False,2477
1,joint_no_history,24,DE,edge,0.1,37.88910000002943,0.007333752404899258,True,5790.222222222223,0.75,0.06474583911344699,37.83289997954853,1,False,3257
1,joint_no_history,25,FR,node,0.1,3.7526999949477613,0.004077812688013905,True,15020.0,0.25,0.06767631662624116,3.6899999831803143,1,False,3755
1,joint_no_history,25,FR,edge,0.1,47.23960001138039,0.012875252374805532,True,13255.111111111111,0.75,0.04279251320518424,47.19519999343902,1,False,7456
1,joint_no_history,26,FR,node,0.1,5.936300003668293,0.004077812688013905,True,15020.0,0.25,0.06767631662624116,5.88939999579452,1,False,3755
1,joint_no_history,26,FR,edge,0.1,61.18410002090968,0.012875252374805532,True,13255.111111111111,0.75,0.04279251320518424,61.13390001701191,1,False,7456
1,joint_no_history,27,DE,node,0.1,5.311999993864447,0.005377980720446474,True,9908.0,0.25,0.08332564440524969,5.271100002573803,1,False,2477
1,joint_no_history,27,DE,edge,0.1,24.555800016969442,0.007333752404899258,True,5790.222222222223,0.75,0.06474583911344699,24.51920000021346,1,False,3257
1,joint_no_history,28,FR,node,0.1,4.514600004767999,0.004077812688013905,True,15020.0,0.25,0.06767631662624116,4.48179998784326,1,False,3755
1,joint_no_history,28,FR,edge,0.1,38.59290000400506,0.012875252374805532,True,13255.111111111111,0.75,0.04279251320518424,38.56149999774061,1,False,7456
1,joint_no_history,29,FR,node,0.1,4.9888000066857785,0.004077812688013905,True,15020.0,0.25,0.06767631662624116,4.947000008542091,1,False,3755
1,joint_no_history,29,FR,edge,0.1,55.721100012306124,0.012875252374805532,True,13255.111111111111,0.75,0.04279251320518424,55.677800002740696,1,False,7456
1,joint_no_history,30,FR,node,0.2,4.880899999989197,0.0008244757893797794,True,14946.666666666668,0.15,0.1130751885843762,4.826899996260181,1,False,2242
1,joint_no_history,30,FR,edge,0.2,25.700500002130866,0.04617217753946976,True,14048.0,0.25,0.14639715486507152,25.650600000517443,1,False,878
1,joint_no_history,31,DE,node,0.2,2.727200015215203,0.012683916793505834,True,9980.0,0.15,0.138380286264157,2.696799987461418,1,False,1497
1,joint_no_history,31,DE,edge,0.2,29.404400003841147,0.053821151296109246,True,6146.938775510205,0.35,0.1883593380489658,29.330899997148663,2,False,753
1,joint_no_history,32,FR,node,0.2,2.5138999917544425,0.0008244757893797794,True,14946.666666666668,0.15,0.1130751885843762,2.488599973730743,1,False,2242
1,joint_no_history,32,FR,edge,0.2,20.321299991337582,0.04617217753946976,True,14048.0,0.25,0.14639715486507152,20.297000010032207,1,False,878
1,joint_no_history,33,DE,node,0.2,4.067400004714727,0.012683916793505834,True,9980.0,0.15,0.138380286264157,4.0194999892264605,1,False,1497
1,joint_no_history,33,DE,edge,0.2,36.999399977503344,0.053821151296109246,True,6146.938775510205,0.35,0.1883593380489658,36.944599996786565,2,False,753
1,joint_no_history,34,FR,node,0.2,4.719799995655194,0.0008244757893797794,True,14946.666666666668,0.15,0.1130751885843762,4.674199997680262,1,False,2242
1,joint_no_history,34,FR,edge,0.2,27.939399995375425,0.04617217753946976,True,14048.0,0.25,0.14639715486507152,27.84220001194626,1,False,878
1,joint_no_history,35,FR,node,0.2,5.462000000989065,0.0008244757893797794,True,14946.666666666668,0.15,0.1130751885843762,5.402300012065098,1,False,2242
1,joint_no_history,35,FR,edge,0.2,28.899700002511963,0.04617217753946976,True,14048.0,0.25,0.14639715486507152,28.836900019086897,1,False,878
1,joint_no_history,36,DE,node,0.2,4.174600006081164,0.012683916793505834,True,9980.0,0.15,0.138380286264157,4.133900016313419,1,False,1497
1,joint_no_history,36,DE,edge,0.2,31.918499997118488,0.053821151296109246,True,6146.938775510205,0.35,0.1883593380489658,31.849399994825944,2,False,753
1,joint_no_history,37,FR,node,0.2,4.359699989436194,0.0008244757893797794,True,14946.666666666668,0.15,0.1130751885843762,4.317999992053956,1,False,2242
1,joint_no_history,37,FR,edge,0.2,15.554099984001368,0.04617217753946976,True,14048.0,0.25,0.14639715486507152,15.492800011998042,1,False,878
1,joint_no_history,38,DE,node,0.2,2.5461000041104853,0.012683916793505834,True,9980.0,0.15,0.138380286264157,2.518399996915832,1,False,1497
1,joint_no_history,38,DE,edge,0.2,21.09820002806373,0.053821151296109246,True,6146.938775510205,0.35,0.1883593380489658,21.04779999353923,2,False,753
1,joint_no_history,39,FR,node,0.2,3.0944999889470637,0.0008244757893797794,True,14946.666666666668,0.15,0.1130751885843762,3.0574999982491136,1,False,2242
1,joint_no_history,39,FR,edge,0.2,15.965000027790666,0.04617217753946976,True,14048.0,0.25,0.14639715486507152,15.940899989800528,1,False,878
1,joint_no_history,40,DE,node,0.05,6.27610000083223,0.007407407407407408,True,9928.0,0.5,0.0356263812589353,6.22859998838976,2,False,4964
1,joint_no_history,40,DE,edge,0.05,30.157400004100055,0.0,True,5833.0,1.0,0.0,30.098399991402403,1,True,5833
1,joint_no_history,41,DE,node,0.05,8.682599989697337,0.007407407407407408,True,9928.0,0.5,0.0356263812589353,8.60530001227744,2,False,4964
1,joint_no_history,41,DE,edge,0.05,31.693500000983477,0.0,True,5833.0,1.0,0.0,31.656599981943145,1,True,5833
1,joint_no_history,42,FR,node,0.05,4.068799986271188,0.00025784764069410504,True,14962.857142857143,0.35,0.04361966424224669,4.039100022055209,1,False,5237
1,joint_no_history,42,FR,edge,0.05,41.03789999498986,0.0,True,13428.0,1.0,0.0,40.968699991935864,1,True,13428
1,joint_no_history,43,DE,node,0.05,9.113000007346272,0.007407407407407408,True,9928.0,0.5,0.0356263812589353,9.053000016137958,2,False,4964
1,joint_no_history,43,DE,edge,0.05,27.841899980558082,0.0,True,5833.0,1.0,0.0,27.804500015918165,1,True,5833
1,joint_no_history,44,DE,node,0.05,6.102899991674349,0.007407407407407408,True,9928.0,0.5,0.0356263812589353,6.050099997082725,2,False,4964
1,joint_no_history,44,DE,edge,0.05,25.52369999466464,0.0,True,5833.0,1.0,0.0,25.47010002308525,1,True,5833
1,joint_no_history,45,DE,node,0.05,7.106299977749586,0.007407407407407408,True,9928.0,0.5,0.0356263812589353,7.039499992970377,2,False,4964
1,joint_no_history,45,DE,edge,0.05,24.426399992080405,0.0,True,5833.0,1.0,0.0,24.398000008659437,1,True,5833
1,joint_no_history,46,FR,node,0.05,5.170099990209565,0.00025784764069410504,True,14962.857142857143,0.35,0.04361966424224669,5.13970002066344,1,False,5237
1,joint_no_history,46,FR,edge,0.05,50.280299998121336,0.0,True,13428.0,1.0,0.0,50.23969998001121,1,True,13428
1,joint_no_history,47,FR,node,0.05,5.401800008257851,0.00025784764069410504,True,14962.857142857143,0.35,0.04361966424224669,5.361100018490106,1,False,5237
1,joint_no_history,47,FR,edge,0.05,69.83369999215938,0.0,True,13428.0,1.0,0.0,69.78919997345656,1,True,13428
1,joint_no_history,48,DE,node,0.05,16.708999988622963,0.007407407407407408,True,9928.0,0.5,0.0356263812589353,16.643399954773486,2,False,4964
1,joint_no_history,48,DE,edge,0.05,39.170100004412234,0.0,True,5833.0,1.0,0.0,39.13070002454333,1,True,5833
1,joint_no_history,49,FR,node,0.05,3.4893999982159585,0.00025784764069410504,True,14962.857142857143,0.35,0.04361966424224669,3.450499993050471,1,False,5237
1,joint_no_history,49,FR,edge,0.05,37.06499998224899,0.0,True,13428.0,1.0,0.0,37.043799995444715,1,True,13428
1,joint_no_history,50,DE,node,0.2,4.8485999868717045,0.012683916793505834,True,9980.0,0.15,0.138380286264157,4.819900001166388,1,False,1497
1,joint_no_history,50,DE,edge,0.2,17.409800027962774,0.053821151296109246,True,6146.938775510205,0.35,0.1883593380489658,17.382599995471537,2,False,753
1,joint_no_history,51,DE,node,0.2,1.8650999991223216,0.012683916793505834,True,9980.0,0.15,0.138380286264157,1.8437000107951462,1,False,1497
1,joint_no_history,51,DE,edge,0.2,22.335899993777275,0.053821151296109246,True,6146.938775510205,0.35,0.1883593380489658,22.291800007224083,2,False,753
1,joint_no_history,52,DE,node,0.2,1.9217999943066388,0.012683916793505834,True,9980.0,0.15,0.138380286264157,1.878799987025559,1,False,1497
1,joint_no_history,52,DE,edge,0.2,20.996200008084998,0.053821151296109246,True,6146.938775510205,0.35,0.1883593380489658,20.952099992427975,2,False,753
1,joint_no_history,53,DE,node,0.2,2.6203999877907336,0.012683916793505834,True,9980.0,0.15,0.138380286264157,2.572800003690645,1,False,1497
1,joint_no_history,53,DE,edge,0.2,23.186400008853525,0.053821151296109246,True,6146.938775510205,0.35,0.1883593380489658,23.143300000810996,2,False,753
1,joint_no_history,54,FR,node,0.2,7.687000004807487,0.0008244757893797794,True,14946.666666666668,0.15,0.1130751885843762,7.626600010553375,1,False,2242
1,joint_no_history,54,FR,edge,0.2,26.85570000903681,0.04617217753946976,True,14048.0,0.25,0.14639715486507152,26.794500008691102,1,False,878
1,joint_no_history,55,DE,node,0.2,5.276599986245856,0.012683916793505834,True,9980.0,0.15,0.138380286264157,5.214399978285655,1,False,1497
1,joint_no_history,55,DE,edge,0.2,37.505800020881,0.053821151296109246,True,6146.938775510205,0.35,0.1883593380489658,37.43149997899309,2,False,753
1,joint_no_history,56,FR,node,0.2,4.420599987497553,0.0008244757893797794,True,14946.666666666668,0.15,0.1130751885843762,4.393700015498325,1,False,2242
1,joint_no_history,56,FR,edge,0.2,17.293000011704862,0.04617217753946976,True,14048.0,0.25,0.14639715486507152,17.241900000954047,1,False,878
1,joint_no_history,57,DE,node,0.2,5.146299983607605,0.012683916793505834,True,9980.0,0.15,0.138380286264157,5.106299999170005,1,False,1497
1,joint_no_history,57,DE,edge,0.2,20.70550000644289,0.053821151296109246,True,6146.938775510205,0.35,0.1883593380489658,20.657300017774105,2,False,753
1,joint_no_history,58,DE,node,0.2,3.388000011909753,0.012683916793505834,True,9980.0,0.15,0.138380286264157,3.3636000007390976,1,False,1497
1,joint_no_history,58,DE,edge,0.2,20.121200010180473,0.053821151296109246,True,6146.938775510205,0.35,0.1883593380489658,20.09060001000762,2,False,753
1,joint_no_history,59,DE,node,0.2,2.661799982888624,0.012683916793505834,True,9980.0,0.15,0.138380286264157,2.6379999762866646,1,False,1497
1,joint_no_history,59,DE,edge,0.2,23.305100010475144,0.053821151296109246,True,6146.938775510205,0.35,0.1883593380489658,23.268200020538643,2,False,753
2,joint_no_history,0,FR,node,0.2,3.882399993017316,0.007643113398845774,True,15073.333333333334,0.15,0.11259908041254285,3.827399981673807,1,False,2261
2,joint_no_history,0,FR,edge,0.2,17.401899996912107,0.0002978850163836759,True,13424.0,0.25,0.14976106303189565,17.35389998066239,1,False,839
2,joint_no_history,1,DE,node,0.2,4.229399986797944,0.04143412819211894,True,9446.666666666668,0.15,0.14223294412497017,4.177800001343712,1,False,1417
2,joint_no_history,1,DE,edge,0.2,23.802500014426187,0.06373658669708229,True,5461.224489795919,0.35,0.19983501376265853,23.754300025757402,2,False,669
2,joint_no_history,2,FR,node,0.2,6.089200003771111,0.007643113398845774,True,15073.333333333334,0.15,0.11259908041254285,6.037000013748184,1,False,2261
2,joint_no_history,2,FR,edge,0.2,27.174499991815537,0.0002978850163836759,True,13424.0,0.25,0.14976106303189565,27.115500008221716,1,False,839
2,joint_no_history,3,FR,node,0.2,3.5336000146344304,0.007643113398845774,True,15073.333333333334,0.15,0.11259908041254285,3.4712000051513314,1,False,2261
2,joint_no_history,3,FR,edge,0.2,19.07720000599511,0.0002978850163836759,True,13424.0,0.25,0.14976106303189565,19.028599985176697,1,False,839
2,joint_no_history,4,DE,node,0.2,3.409299999475479,0.04143412819211894,True,9446.666666666668,0.15,0.14223294412497017,3.350299986777827,1,False,1417
2,joint_no_history,4,DE,edge,0.2,31.372299999929965,0.06373658669708229,True,5461.224489795919,0.35,0.19983501376265853,31.29020001506433,2,False,669
2,joint_no_history,5,DE,node,0.2,4.514200001722202,0.04143412819211894,True,9446.666666666668,0.15,0.14223294412497017,4.471599997486919,1,False,1417
2,joint_no_history,5,DE,edge,0.2,35.07559999707155,0.06373658669708229,True,5461.224489795919,0.35,0.19983501376265853,34.99879999435507,2,False,669
2,joint_no_history,6,FR,node,0.2,5.757300008554012,0.007643113398845774,True,15073.333333333334,0.15,0.11259908041254285,5.682999995769933,1,False,2261
2,joint_no_history,6,FR,edge,0.2,27.131599985295907,0.0002978850163836759,True,13424.0,0.25,0.14976106303189565,27.06870000110939,1,False,839
2,joint_no_history,7,FR,node,0.2,4.8423999978695065,0.007643113398845774,True,15073.333333333334,0.15,0.11259908041254285,4.786200006492436,1,False,2261
2,joint_no_history,7,FR,edge,0.2,24.51889999792911,0.0002978850163836759,True,13424.0,0.25,0.14976106303189565,24.461699998937547,1,False,839
2,joint_no_history,8,DE,node,0.2,3.3913999795913696,0.04143412819211894,True,9446.666666666668,0.15,0.14223294412497017,3.354599990416318,1,False,1417
2,joint_no_history,8,DE,edge,0.2,39.604199992027134,0.06373658669708229,True,5461.224489795919,0.35,0.19983501376265853,39.537200005725026,2,False,669
2,joint_no_history,9,DE,node,0.2,5.974100000457838,0.04143412819211894,True,9446.666666666668,0.15,0.14223294412497017,5.8963999908883125,1,False,1417
2,joint_no_history,9,DE,edge,0.2,37.10859999409877,0.06373658669708229,True,5461.224489795919,0.35,0.19983501376265853,37.03470001346432,2,False,669
2,joint_no_history,10,FR,node,0.05,4.362500010756776,0.009234765501895762,True,15097.142857142859,0.35,0.04342523734434215,4.323999979533255,1,False,5284
2,joint_no_history,10,FR,edge,0.05,76.75300000119023,0.0,True,13428.0,1.0,0.0,76.69970000279136,1,True,13428
2,joint_no_history,11,DE,node,0.05,10.567699995590374,0.0039573820395738205,True,9894.0,0.5,0.03568754247350336,10.493000008864328,2,False,4947
2,joint_no_history,11,DE,edge,0.05,30.132200015941635,0.0,True,5833.0,1.0,0.0,30.084300000453368,1,True,5833
2,joint_no_history,12,DE,node,0.05,6.069499999284744,0.0039573820395738205,True,9894.0,0.5,0.03568754247350336,6.035099999280646,2,False,4947
2,joint_no_history,12,DE,edge,0.05,44.10630001802929,0.0,True,5833.0,1.0,0.0,44.07180001726374,1,True,5833
2,joint_no_history,13,DE,node,0.05,8.041499997489154,0.0039573820395738205,True,9894.0,0.5,0.03568754247350336,7.999499997822568,2,False,4947
2,joint_no_history,13,DE,edge,0.05,42.896300001302734,0.0,True,5833.0,1.0,0.0,42.86589997354895,1,True,5833
2,joint_no_history,14,DE,node,0.05,9.38139998470433,0.0039573820395738205,True,9894.0,0.5,0.03568754247350336,9.335099981399253,2,False,4947
2,joint_no_history,14,DE,edge,0.05,39.055800007190555,0.0,True,5833.0,1.0,0.0,39.01529998984188,1,True,5833
2,joint_no_history,15,FR,node,0.05,4.887199989752844,0.009234765501895762,True,15097.142857142859,0.35,0.04342523734434215,4.857500025536865,1,False,5284
2,joint_no_history,15,FR,edge,0.05,74.91160000790842,0.0,True,13428.0,1.0,0.0,74.85269999597222,1,True,13428
2,joint_no_history,16,FR,node,0.05,3.0932999798096716,0.009234765501895762,True,15097.142857142859,0.35,0.04342523734434215,3.048499987926334,1,False,5284
2,joint_no_history,16,FR,edge,0.05,62.521500018192455,0.0,True,13428.0,1.0,0.0,62.45680002029985,1,True,13428
2,joint_no_history,17,DE,node,0.05,7.203400018624961,0.0039573820395738205,True,9894.0,0.5,0.03568754247350336,7.127699995180592,2,False,4947
2,joint_no_history,17,DE,edge,0.05,46.11660001683049,0.0,True,5833.0,1.0,0.0,46.06490000151098,1,True,5833
2,joint_no_history,18,FR,node,0.05,8.847399993101135,0.009234765501895762,True,15097.142857142859,0.35,0.04342523734434215,8.782199991401285,1,False,5284
2,joint_no_history,18,FR,edge,0.05,74.07649999368005,0.0,True,13428.0,1.0,0.0,74.03109999722801,1,True,13428
2,joint_no_history,19,FR,node,0.05,3.873299981933087,0.009234765501895762,True,15097.142857142859,0.35,0.04342523734434215,3.83289999444969,1,False,5284
2,joint_no_history,19,FR,edge,0.05,54.01310001616366,0.0,True,13428.0,1.0,0.0,53.962299978593364,1,True,13428
2,joint_no_history,20,FR,node,0.1,6.204400007845834,0.009693161307574036,True,15104.0,0.25,0.06748786533565079,6.14270000369288,1,False,3776
2,joint_no_history,20,FR,edge,0.1,70.66159998066723,0.005593618640982374,True,13352.888888888889,0.75,0.04263554924124012,70.59940000181086,1,False,7511
2,joint_no_history,21,DE,node,0.1,6.552300008479506,0.024251648909183156,True,9616.0,0.25,0.0845813188385684,6.501099996967241,1,False,2404
2,joint_no_history,21,DE,edge,0.1,39.25179998623207,1.9048707545227707e-05,True,5832.888888888889,0.75,0.06450860165330724,39.19930002302863,1,False,3281
2,joint_no_history,22,DE,node,0.1,5.439100001240149,0.024251648909183156,True,9616.0,0.25,0.0845813188385684,5.3767999925184995,1,False,2404
2,joint_no_history,22,DE,edge,0.1,45.46470000059344,1.9048707545227707e-05,True,5832.888888888889,0.75,0.06450860165330724,45.39300000760704,1,False,3281
2,joint_no_history,23,DE,node,0.1,5.8065000048372895,0.024251648909183156,True,9616.0,0.25,0.0845813188385684,5.726600007619709,1,False,2404
2,joint_no_history,23,DE,edge,0.1,31.969600007869303,1.9048707545227707e-05,True,5832.888888888889,0.75,0.06450860165330724,31.910499994410202,1,False,3281
2,joint_no_history,24,FR,node,0.1,3.4460999886505306,0.009693161307574036,True,15104.0,0.25,0.06748786533565079,3.40620000497438,1,False,3776
2,joint_no_history,24,FR,edge,0.1,37.62570000253618,0.005593618640982374,True,13352.888888888889,0.75,0.04263554924124012,37.58989999187179,1,False,7511
2,joint_no_history,25,DE,node,0.1,2.8009999950882047,0.024251648909183156,True,9616.0,0.25,0.0845813188385684,2.749999985098839,1,False,2404
2,joint_no_history,25,DE,edge,0.1,23.208699974929914,1.9048707545227707e-05,True,5832.888888888889,0.75,0.06450860165330724,23.14400000614114,1,False,3281
2,joint_no_history,26,FR,node,0.1,4.572999983793125,0.009693161307574036,True,15104.0,0.25,0.06748786533565079,4.530899983365089,1,False,3776
2,joint_no_history,26,FR,edge,0.1,48.99690000456758,0.005593618640982374,True,13352.888888888889,0.75,0.04263554924124012,48.957299994071946,1,False,7511
2,joint_no_history,27,DE,node,0.1,3.7757999962195754,0.024251648909183156,True,9616.0,0.25,0.0845813188385684,3.720699984114617,1,False,2404
2,joint_no_history,27,DE,edge,0.1,35.385700000915676,1.9048707545227707e-05,True,5832.888888888889,0.75,0.06450860165330724,35.34199998830445,1,False,3281
2,joint_no_history,28,FR,node,0.1,6.254500010982156,0.009693161307574036,True,15104.0,0.25,0.06748786533565079,6.20800000615418,1,False,3776
2,joint_no_history,28,FR,edge,0.1,63.843200012343004,0.005593618640982374,True,13352.888888888889,0.75,0.04263554924124012,63.798699993640184,1,False,7511
2,joint_no_history,29,DE,node,0.1,3.7951999984215945,0.024251648909183156,True,9616.0,0.25,0.0845813188385684,3.766100009670481,1,False,2404
2,joint_no_history,29,DE,edge,0.1,32.68740000203252,1.9048707545227707e-05,True,5832.888888888889,0.75,0.06450860165330724,32.65849998570047,1,False,3281
2,joint_no_history,30,DE,node,0.2,4.8223000194411725,0.04143412819211894,True,9446.666666666668,0.15,0.14223294412497017,4.785500001162291,1,False,1417
2,joint_no_history,30,DE,edge,0.2,40.322799992281944,0.06373658669708229,True,5461.224489795919,0.35,0.19983501376265853,40.27459997450933,2,False,669
2,joint_no_history,31,DE,node,0.2,2.7725000109057873,0.04143412819211894,True,9446.666666666668,0.15,0.14223294412497017,2.7313999889884144,1,False,1417
2,joint_no_history,31,DE,edge,0.2,21.574200014583766,0.06373658669708229,True,5461.224489795919,0.35,0.19983501376265853,21.527199976844713,2,False,669
2,joint_no_history,32,DE,node,0.2,2.3398000048473477,0.04143412819211894,True,9446.666666666668,0.15,0.14223294412497017,2.3188999912235886,1,False,1417
2,joint_no_history,32,DE,edge,0.2,19.276800012448803,0.06373658669708229,True,5461.224489795919,0.35,0.19983501376265853,19.24910000525415,2,False,669
2,joint_no_history,33,DE,node,0.2,2.265799994347617,0.04143412819211894,True,9446.666666666668,0.15,0.14223294412497017,2.2400000016205013,1,False,1417
2,joint_no_history,33,DE,edge,0.2,17.335499986074865,0.06373658669708229,True,5461.224489795919,0.35,0.19983501376265853,17.304300010437146,2,False,669
2,joint_no_history,34,DE,node,0.2,2.153400011593476,0.04143412819211894,True,9446.666666666668,0.15,0.14223294412497017,2.1259000059217215,1,False,1417
2,joint_no_history,34,DE,edge,0.2,12.608800025191158,0.06373658669708229,True,5461.224489795919,0.35,0.19983501376265853,12.58319997577928,2,False,669
2,joint_no_history,35,DE,node,0.2,1.2386000016704202,0.04143412819211894,True,9446.666666666668,0.15,0.14223294412497017,1.219500001752749,1,False,1417
2,joint_no_history,35,DE,edge,0.2,17.566899972734973,0.06373658669708229,True,5461.224489795919,0.35,0.19983501376265853,17.536899977130815,2,False,669
2,joint_no_history,36,DE,node,0.2,1.5327000000979751,0.04143412819211894,True,9446.666666666668,0.15,0.14223294412497017,1.5029000060167164,1,False,1417
2,joint_no_history,36,DE,edge,0.2,11.425500008044764,0.06373658669708229,True,5461.224489795919,0.35,0.19983501376265853,11.396599962608889,2,False,669
2,joint_no_history,37,FR,node,0.2,1.8737000063993037,0.007643113398845774,True,15073.333333333334,0.15,0.11259908041254285,1.8416999955661595,1,False,2261
2,joint_no_history,37,FR,edge,0.2,19.39289999427274,0.0002978850163836759,True,13424.0,0.25,0.14976106303189565,19.37040002667345,1,False,839
2,joint_no_history,38,DE,node,0.2,2.811700018355623,0.04143412819211894,True,9446.666666666668,0.15,0.14223294412497017,2.2390999947674572,1,False,1417
2,joint_no_history,38,DE,edge,0.2,19.064300024183467,0.06373658669708229,True,5461.224489795919,0.35,0.19983501376265853,19.031000032555312,2,False,669
2,joint_no_history,39,FR,node,0.2,4.6424999891314656,0.007643113398845774,True,15073.333333333334,0.15,0.11259908041254285,4.614600009517744,1,False,2261
2,joint_no_history,39,FR,edge,0.2,12.102200009394437,0.0002978850163836759,True,13424.0,0.25,0.14976106303189565,12.060699984431267,1,False,839
2,joint_no_history,40,DE,node,0.05,3.4991000138688833,0.0039573820395738205,True,9894.0,0.5,0.03568754247350336,3.4599999780766666,2,False,4947
2,joint_no_history,40,DE,edge,0.05,19.30670000729151,0.0,True,5833.0,1.0,0.0,19.273600017186254,1,True,5833
2,joint_no_history,41,FR,node,0.05,2.5456000003032386,0.009234765501895762,True,15097.142857142859,0.35,0.04342523734434215,2.5231999752577394,1,False,5284
2,joint_no_history,41,FR,edge,0.05,30.14310001162812,0.0,True,13428.0,1.0,0.0,30.120200011879206,1,True,13428
2,joint_no_history,42,FR,node,0.05,2.5274000072386116,0.009234765501895762,True,15097.142857142859,0.35,0.04342523734434215,2.497900015441701,1,False,5284
2,joint_no_history,42,FR,edge,0.05,31.831500004045665,0.0,True,13428.0,1.0,0.0,31.804700003704056,1,True,13428
2,joint_no_history,43,DE,node,0.05,3.1869999947957695,0.0039573820395738205,True,9894.0,0.5,0.03568754247350336,3.15000003320165,2,False,4947
2,joint_no_history,43,DE,edge,0.05,19.75559999118559,0.0,True,5833.0,1.0,0.0,19.72599999862723,1,True,5833
2,joint_no_history,44,DE,node,0.05,3.507699992042035,0.0039573820395738205,True,9894.0,0.5,0.03568754247350336,3.4771999926306307,2,False,4947
2,joint_no_history,44,DE,edge,0.05,34.717800008365884,0.0,True,5833.0,1.0,0.0,34.69189998577349,1,True,5833
2,joint_no_history,45,DE,node,0.05,9.777500003110617,0.0039573820395738205,True,9894.0,0.5,0.03568754247350336,9.726600022986531,2,False,4947
2,joint_no_history,45,DE,edge,0.05,59.08190002082847,0.0,True,5833.0,1.0,0.0,59.03599999146536,1,True,5833
2,joint_no_history,46,DE,node,0.05,6.365500012179837,0.0039573820395738205,True,9894.0,0.5,0.03568754247350336,6.292199977906421,2,False,4947
2,joint_no_history,46,DE,edge,0.05,37.00059998664074,0.0,True,5833.0,1.0,0.0,36.946700012777,1,True,5833
2,joint_no_history,47,FR,node,0.05,2.5433000118937343,0.009234765501895762,True,15097.142857142859,0.35,0.04342523734434215,2.5059999898076057,1,False,5284
2,joint_no_history,47,FR,edge,0.05,33.08520000427961,0.0,True,13428.0,1.0,0.0,33.05499997804873,1,True,13428
2,joint_no_history,48,DE,node,0.05,5.020800017518923,0.0039573820395738205,True,9894.0,0.5,0.03568754247350336,4.956500022672117,2,False,4947
2,joint_no_history,48,DE,edge,0.05,18.633300001965836,0.0,True,5833.0,1.0,0.0,18.581099982839078,1,True,5833
2,joint_no_history,49,DE,node,0.05,2.5021999899763614,0.0039573820395738205,True,9894.0,0.5,0.03568754247350336,2.4541000020690262,2,False,4947
2,joint_no_history,49,DE,edge,0.05,28.478899999754503,0.0,True,5833.0,1.0,0.0,28.4512999933213,1,True,5833
2,joint_no_history,50,DE,node,0.2,1.566799997817725,0.04143412819211894,True,9446.666666666668,0.15,0.14223294412497017,1.5399999974761158,1,False,1417
2,joint_no_history,50,DE,edge,0.2,17.7259000192862,0.06373658669708229,True,5461.224489795919,0.35,0.19983501376265853,17.69469998544082,2,False,669
2,joint_no_history,51,DE,node,0.2,1.8060000147670507,0.04143412819211894,True,9446.666666666668,0.15,0.14223294412497017,1.7771999991964549,1,False,1417
2,joint_no_history,51,DE,edge,0.2,23.662299994612113,0.06373658669708229,True,5461.224489795919,0.35,0.19983501376265853,23.623700020834804,2,False,669
2,joint_no_history,52,DE,node,0.2,1.813899987610057,0.04143412819211894,True,9446.666666666668,0.15,0.14223294412497017,1.7779000045266002,1,False,1417
2,joint_no_history,52,DE,edge,0.2,20.002700010081753,0.06373658669708229,True,5461.224489795919,0.35,0.19983501376265853,19.967100030044094,2,False,669
2,joint_no_history,53,DE,node,0.2,1.6835000133141875,0.04143412819211894,True,9446.666666666668,0.15,0.14223294412497017,1.6533999878447503,1,False,1417
2,joint_no_history,53,DE,edge,0.2,10.490400018170476,0.06373658669708229,True,5461.224489795919,0.35,0.19983501376265853,10.461199999554083,2,False,669
2,joint_no_history,54,DE,node,0.2,1.2553000124171376,0.04143412819211894,True,9446.666666666668,0.15,0.14223294412497017,1.2349000026006252,1,False,1417
2,joint_no_history,54,DE,edge,0.2,12.006300006760284,0.06373658669708229,True,5461.224489795919,0.35,0.19983501376265853,11.979199975030497,2,False,669
2,joint_no_history,55,FR,node,0.2,1.4716000005137175,0.007643113398845774,True,15073.333333333334,0.15,0.11259908041254285,1.4459000085480511,1,False,2261
2,joint_no_history,55,FR,edge,0.2,9.450800018385053,0.0002978850163836759,True,13424.0,0.25,0.14976106303189565,9.433700004592538,1,False,839
2,joint_no_history,56,FR,node,0.2,1.130299991928041,0.007643113398845774,True,15073.333333333334,0.15,0.11259908041254285,1.1121999996248633,1,False,2261
2,joint_no_history,56,FR,edge,0.2,9.599900018656626,0.0002978850163836759,True,13424.0,0.25,0.14976106303189565,9.579800011124462,1,False,839
2,joint_no_history,57,FR,node,0.2,1.5915000112727284,0.007643113398845774,True,15073.333333333334,0.15,0.11259908041254285,1.5654999879188836,1,False,2261
2,joint_no_history,57,FR,edge,0.2,15.582899999571964,0.0002978850163836759,True,13424.0,0.25,0.14976106303189565,15.555099991615862,1,False,839
2,joint_no_history,58,FR,node,0.2,3.4881000174209476,0.007643113398845774,True,15073.333333333334,0.15,0.11259908041254285,3.4519000037107617,1,False,2261
2,joint_no_history,58,FR,edge,0.2,13.113499997416511,0.0002978850163836759,True,13424.0,0.25,0.14976106303189565,13.086199993267655,1,False,839
2,joint_no_history,59,DE,node,0.2,1.2248999846633524,0.04143412819211894,True,9446.666666666668,0.15,0.14223294412497017,1.2049999786540866,1,False,1417
2,joint_no_history,59,DE,edge,0.2,19.242599984863773,0.06373658669708229,True,5461.224489795919,0.35,0.19983501376265853,19.202700001187623,2,False,669
2,no_history,0,FR,node,0.2,2.424400008749217,0.007643113398845774,True,15073.333333333334,0.15,0.04121083750722951,2.3751999833621085,1,False,2261
2,no_history,0,FR,edge,0.2,13.142099982360378,0.0002978850163836759,True,13424.0,0.25,0.0810763188643603,13.116899994201958,1,False,839
2,no_history,1,DE,node,0.2,1.7222999886143953,0.04143412819211894,True,9446.666666666668,0.15,0.05205671953121973,1.6961999936029315,1,False,1417
2,no_history,1,DE,edge,0.2,5.356600013328716,0.11674952854448825,True,5152.0,0.25,0.13087209860481513,5.33529999665916,1,False,322
2,no_history,2,FR,node,0.2,3.1390000076498836,0.007643113398845774,True,15073.333333333334,0.15,0.04121083750722951,3.116600011708215,1,False,2261
2,no_history,2,FR,edge,0.2,8.064800000283867,0.0002978850163836759,True,13424.0,0.25,0.0810763188643603,8.041799999773502,1,False,839
2,no_history,3,FR,node,0.2,1.9845000060740858,0.007643113398845774,True,15073.333333333334,0.15,0.04121083750722951,1.9509000121615827,1,False,2261
2,no_history,3,FR,edge,0.2,8.755499991821125,0.0002978850163836759,True,13424.0,0.25,0.0810763188643603,8.72069998877123,1,False,839
2,no_history,4,DE,node,0.2,1.0908999829553068,0.04143412819211894,True,9446.666666666668,0.15,0.05205671953121973,1.0700999991968274,1,False,1417
2,no_history,4,DE,edge,0.2,6.029399984981865,0.11674952854448825,True,5152.0,0.25,0.13087209860481513,6.007699994370341,1,False,322
2,no_history,5,DE,node,0.2,2.254699997138232,0.04143412819211894,True,9446.666666666668,0.15,0.05205671953121973,2.213700005086139,1,False,1417
2,no_history,5,DE,edge,0.2,4.709799977717921,0.11674952854448825,True,5152.0,0.25,0.13087209860481513,4.6876000124029815,1,False,322
2,no_history,6,FR,node,0.2,1.2110999959986657,0.007643113398845774,True,15073.333333333334,0.15,0.04121083750722951,1.1744000075850636,1,False,2261
2,no_history,6,FR,edge,0.2,8.032199984882027,0.0002978850163836759,True,13424.0,0.25,0.0810763188643603,8.009799988940358,1,False,839
2,no_history,7,FR,node,0.2,1.4134999946691096,0.007643113398845774,True,15073.333333333334,0.15,0.04121083750722951,1.3925999810453504,1,False,2261
2,no_history,7,FR,edge,0.2,24.11030000075698,0.0002978850163836759,True,13424.0,0.25,0.0810763188643603,24.073600012343377,1,False,839
2,no_history,8,DE,node,0.2,2.4907999904826283,0.04143412819211894,True,9446.666666666668,0.15,0.05205671953121973,2.4462000001221895,1,False,1417
2,no_history,8,DE,edge,0.2,13.080499978968874,0.11674952854448825,True,5152.0,0.25,0.13087209860481513,13.04119999986142,1,False,322
2,no_history,9,DE,node,0.2,2.122900012182072,0.04143412819211894,True,9446.666666666668,0.15,0.05205671953121973,2.0859000214841217,1,False,1417
2,no_history,9,DE,edge,0.2,10.246400022879243,0.11674952854448825,True,5152.0,0.25,0.13087209860481513,10.213100002147257,1,False,322
2,no_history,10,FR,node,0.05,1.2882000009994954,0.007643113398845774,True,15073.333333333334,0.15,0.04121083750722951,1.2652000004891306,1,False,2261
2,no_history,10,FR,edge,0.05,27.38449999014847,0.005593618640982374,True,13352.888888888889,0.75,0.026360636829044635,27.36060001188889,1,False,7511
2,no_history,11,DE,node,0.05,2.410300017800182,0.024251648909183156,True,9616.0,0.25,0.03562996833996557,2.375999989453703,2,False,2404
2,no_history,11,DE,edge,0.05,13.901299971621484,1.9048707545227707e-05,True,5832.888888888889,0.75,0.0398842714775563,13.876399985747412,1,False,3281
2,no_history,12,DE,node,0.05,3.287400002591312,0.024251648909183156,True,9616.0,0.25,0.03562996833996557,3.261699981521815,2,False,2404
2,no_history,12,DE,edge,0.05,12.548900005640462,1.9048707545227707e-05,True,5832.888888888889,0.75,0.0398842714775563,12.523000012151897,1,False,3281
2,no_history,13,DE,node,0.05,2.066000015474856,0.024251648909183156,True,9616.0,0.25,0.03562996833996557,2.0377000037115067,2,False,2404
2,no_history,13,DE,edge,0.05,15.711699990788475,1.9048707545227707e-05,True,5832.888888888889,0.75,0.0398842714775563,15.687400009483099,1,False,3281
2,no_history,14,DE,node,0.05,1.9471000123303384,0.024251648909183156,True,9616.0,0.25,0.03562996833996557,1.9181999959982932,2,False,2404
2,no_history,14,DE,edge,0.05,13.268499984405935,1.9048707545227707e-05,True,5832.888888888889,0.75,0.0398842714775563,13.246499991510063,1,False,3281
2,no_history,15,FR,node,0.05,1.2220999924466014,0.007643113398845774,True,15073.333333333334,0.15,0.04121083750722951,1.1995999957434833,1,False,2261
2,no_history,15,FR,edge,0.05,24.431099998764694,0.005593618640982374,True,13352.888888888889,0.75,0.026360636829044635,24.392799998167902,1,False,7511
2,no_history,16,FR,node,0.05,1.3715999957639724,0.007643113398845774,True,15073.333333333334,0.15,0.04121083750722951,1.343199983239174,1,False,2261
2,no_history,16,FR,edge,0.05,48.30049999873154,0.005593618640982374,True,13352.888888888889,0.75,0.026360636829044635,48.271400009980425,1,False,7511
2,no_history,17,DE,node,0.05,2.7544999902602285,0.024251648909183156,True,9616.0,0.25,0.03562996833996557,2.724299964029342,2,False,2404
2,no_history,17,DE,edge,0.05,15.750399994431064,1.9048707545227707e-05,True,5832.888888888889,0.75,0.0398842714775563,15.727399993920699,1,False,3281
2,no_history,18,FR,node,0.05,1.6033999854698777,0.007643113398845774,True,15073.333333333334,0.15,0.04121083750722951,1.57940000644885,1,False,2261
2,no_history,18,FR,edge,0.05,20.52300001378171,0.005593618640982374,True,13352.888888888889,0.75,0.026360636829044635,20.498500001849607,1,False,7511
2,no_history,19,FR,node,0.05,1.896600006148219,0.007643113398845774,True,15073.333333333334,0.15,0.04121083750722951,1.864299993030727,1,False,2261
2,no_history,19,FR,edge,0.05,32.65310000278987,0.005593618640982374,True,13352.888888888889,0.75,0.026360636829044635,32.62589999940246,1,False,7511
2,no_history,20,FR,node,0.1,1.4578000118490309,0.007643113398845774,True,15073.333333333334,0.15,0.04121083750722951,1.432099990779534,1,False,2261
2,no_history,20,FR,edge,0.1,10.886600008234382,0.01697944593386939,True,13200.000000000002,0.35,0.0781441495561953,10.856100008822978,1,False,1617
2,no_history,21,DE,node,0.1,3.63729998935014,0.04143412819211894,True,9446.666666666668,0.15,0.05205671953121973,3.605200006859377,1,False,1417
2,no_history,21,DE,edge,0.1,23.39180000126362,0.006000342876735814,True,5868.0,0.5,0.06487165402226777,23.35919998586178,2,False,1467
2,no_history,22,DE,node,0.1,3.2275999838020653,0.04143412819211894,True,9446.666666666668,0.15,0.05205671953121973,3.182200016453862,1,False,1417
2,no_history,22,DE,edge,0.1,49.418400012655184,0.006000342876735814,True,5868.0,0.5,0.06487165402226777,49.35920002753846,2,False,1467
2,no_history,23,DE,node,0.1,5.008500011172146,0.04143412819211894,True,9446.666666666668,0.15,0.05205671953121973,4.955299984430894,1,False,1417
2,no_history,23,DE,edge,0.1,60.183399997185916,0.006000342876735814,True,5868.0,0.5,0.06487165402226777,60.124399984488264,2,False,1467
2,no_history,24,FR,node,0.1,4.623599990736693,0.007643113398845774,True,15073.333333333334,0.15,0.04121083750722951,4.574099992169067,1,False,2261
2,no_history,24,FR,edge,0.1,21.6223000024911,0.01697944593386939,True,13200.000000000002,0.35,0.0781441495561953,21.590299991657957,1,False,1617
2,no_history,25,DE,node,0.1,3.3866000012494624,0.04143412819211894,True,9446.666666666668,0.15,0.05205671953121973,3.350700018927455,1,False,1417
2,no_history,25,DE,edge,0.1,47.1100999857299,0.006000342876735814,True,5868.0,0.5,0.06487165402226777,47.04940001829527,2,False,1467
2,no_history,26,FR,node,0.1,3.3162999898195267,0.007643113398845774,True,15073.333333333334,0.15,0.04121083750722951,3.2805000082589686,1,False,2261
2,no_history,26,FR,edge,0.1,32.747299992479384,0.01697944593386939,True,13200.000000000002,0.35,0.0781441495561953,32.70459998748265,1,False,1617
2,no_history,27,DE,node,0.1,6.167499988805503,0.04143412819211894,True,9446.666666666668,0.15,0.05205671953121973,6.100400001741946,1,False,1417
2,no_history,27,DE,edge,0.1,55.17350000445731,0.006000342876735814,True,5868.0,0.5,0.06487165402226777,55.09919999167323,2,False,1467
2,no_history,28,FR,node,0.1,6.640900013735518,0.007643113398845774,True,15073.333333333334,0.15,0.04121083750722951,6.5740999998524785,1,False,2261
2,no_history,28,FR,edge,0.1,27.459300006739795,0.01697944593386939,True,13200.000000000002,0.35,0.0781441495561953,27.407900022808462,1,False,1617
2,no_history,29,DE,node,0.1,3.140099986921996,0.04143412819211894,True,9446.666666666668,0.15,0.05205671953121973,3.1072999991010875,1,False,1417
2,no_history,29,DE,edge,0.1,43.50450000492856,0.006000342876735814,True,5868.0,0.5,0.06487165402226777,43.46119999536313,2,False,1467
2,no_history,30,DE,node,0.2,3.8067999994382262,0.04143412819211894,True,9446.666666666668,0.15,0.05205671953121973,3.5857000038959086,1,False,1417
2,no_history,30,DE,edge,0.2,12.600199988810346,0.11674952854448825,True,5152.0,0.25,0.13087209860481513,12.572600011480972,1,False,322
2,no_history,31,DE,node,0.2,3.2282999891322106,0.04143412819211894,True,9446.666666666668,0.15,0.05205671953121973,3.202599997166544,1,False,1417
2,no_history,31,DE,edge,0.2,20.352099993033335,0.11674952854448825,True,5152.0,0.25,0.13087209860481513,20.319400005973876,1,False,322
2,no_history,32,DE,node,0.2,3.5822000063490123,0.04143412819211894,True,9446.666666666668,0.15,0.05205671953121973,3.541899990523234,1,False,1417
2,no_history,32,DE,edge,0.2,30.35210000234656,0.11674952854448825,True,5152.0,0.25,0.13087209860481513,30.31949998694472,1,False,322
2,no_history,33,DE,node,0.2,1.4915000065229833,0.04143412819211894,True,9446.666666666668,0.15,0.05205671953121973,1.4651999808847904,1,False,1417
2,no_history,33,DE,edge,0.2,11.767599993618205,0.11674952854448825,True,5152.0,0.25,0.13087209860481513,11.731800012057647,1,False,322
2,no_history,34,DE,node,0.2,2.039900020463392,0.04143412819211894,True,9446.666666666668,0.15,0.05205671953121973,1.997700019273907,1,False,1417
2,no_history,34,DE,edge,0.2,6.3445999985560775,0.11674952854448825,True,5152.0,0.25,0.13087209860481513,6.312399986200035,1,False,322
2,no_history,35,DE,node,0.2,4.925899993395433,0.04143412819211894,True,9446.666666666668,0.15,0.05205671953121973,4.886199982138351,1,False,1417
2,no_history,35,DE,edge,0.2,8.443900005659088,0.11674952854448825,True,5152.0,0.25,0.13087209860481513,8.407299988903105,1,False,322
2,no_history,36,DE,node,0.2,3.509699978167191,0.04143412819211894,True,9446.666666666668,0.15,0.05205671953121973,3.47290001809597,1,False,1417
2,no_history,36,DE,edge,0.2,16.656899999361485,0.11674952854448825,True,5152.0,0.25,0.13087209860481513,16.622600000118837,1,False,322
2,no_history,37,FR,node,0.2,3.2060000230558217,0.007643113398845774,True,15073.333333333334,0.15,0.04121083750722951,3.1777000112924725,1,False,2261
2,no_history,37,FR,edge,0.2,23.86259997729212,0.0002978850163836759,True,13424.0,0.25,0.0810763188643603,23.832200007745996,1,False,839
2,no_history,38,DE,node,0.2,4.038699989905581,0.04143412819211894,True,9446.666666666668,0.15,0.05205671953121973,4.000799992354587,1,False,1417
2,no_history,38,DE,edge,0.2,16.31559999077581,0.11674952854448825,True,5152.0,0.25,0.13087209860481513,16.27559997723438,1,False,322
2,no_history,39,FR,node,0.2,3.2654999813530594,0.007643113398845774,True,15073.333333333334,0.15,0.04121083750722951,3.2347999804187566,1,False,2261
2,no_history,39,FR,edge,0.2,15.377699979580939,0.0002978850163836759,True,13424.0,0.25,0.0810763188643603,15.343599981861189,1,False,839
2,no_history,40,DE,node,0.05,4.809200007002801,0.024251648909183156,True,9616.0,0.25,0.03562996833996557,4.759699979331344,2,False,2404
2,no_history,40,DE,edge,0.05,38.85969999828376,1.9048707545227707e-05,True,5832.888888888889,0.75,0.0398842714775563,38.806899974588305,1,False,3281
2,no_history,41,FR,node,0.05,5.0996999780181795,0.007643113398845774,True,15073.333333333334,0.15,0.04121083750722951,4.924200009554625,1,False,2261
2,no_history,41,FR,edge,0.05,63.090599986026064,0.005593618640982374,True,13352.888888888889,0.75,0.026360636829044635,63.04519998957403,1,False,7511
2,no_history,42,FR,node,0.05,3.7386000039987266,0.007643113398845774,True,15073.333333333334,0.15,0.04121083750722951,3.6988999927416444,1,False,2261
2,no_history,42,FR,edge,0.05,53.26820001937449,0.005593618640982374,True,13352.888888888889,0.75,0.026360636829044635,53.23079999652691,1,False,7511
2,no_history,43,DE,node,0.05,8.220300020184368,0.024251648909183156,True,9616.0,0.25,0.03562996833996557,8.163500024238601,2,False,2404
2,no_history,43,DE,edge,0.05,41.454399994108826,1.9048707545227707e-05,True,5832.888888888889,0.75,0.0398842714775563,41.40940000070259,1,False,3281
2,no_history,44,DE,node,0.05,9.266899985959753,0.024251648909183156,True,9616.0,0.25,0.03562996833996557,9.18600001023151,2,False,2404
2,no_history,44,DE,edge,0.05,40.368500020122156,1.9048707545227707e-05,True,5832.888888888889,0.75,0.0398842714775563,40.32780000125058,1,False,3281
2,no_history,45,DE,node,0.05,5.5145999940577894,0.024251648909183156,True,9616.0,0.25,0.03562996833996557,5.4539999982807785,2,False,2404
2,no_history,45,DE,edge,0.05,20.49520000582561,1.9048707545227707e-05,True,5832.888888888889,0.75,0.0398842714775563,20.46080000582151,1,False,3281
2,no_history,46,DE,node,0.05,5.39149998803623,0.024251648909183156,True,9616.0,0.25,0.03562996833996557,5.327800026861951,2,False,2404
2,no_history,46,DE,edge,0.05,22.754200006602332,1.9048707545227707e-05,True,5832.888888888889,0.75,0.0398842714775563,22.717000014381483,1,False,3281
2,no_history,47,FR,node,0.05,2.337100013392046,0.007643113398845774,True,15073.333333333334,0.15,0.04121083750722951,2.3053999757394195,1,False,2261
2,no_history,47,FR,edge,0.05,63.45410001813434,0.005593618640982374,True,13352.888888888889,0.75,0.026360636829044635,63.404400018043816,1,False,7511
2,no_history,48,DE,node,0.05,6.701399979647249,0.024251648909183156,True,9616.0,0.25,0.03562996833996557,6.6294000134803355,2,False,2404
2,no_history,48,DE,edge,0.05,27.087399997981265,1.9048707545227707e-05,True,5832.888888888889,0.75,0.0398842714775563,27.050499978940934,1,False,3281
2,no_history,49,DE,node,0.05,4.478099988773465,0.024251648909183156,True,9616.0,0.25,0.03562996833996557,4.451499989954755,2,False,2404
2,no_history,49,DE,edge,0.05,31.17020000354387,1.9048707545227707e-05,True,5832.888888888889,0.75,0.0398842714775563,31.128100003115833,1,False,3281
2,no_history,50,DE,node,0.2,3.6062999861314893,0.04143412819211894,True,9446.666666666668,0.15,0.05205671953121973,3.5712000099010766,1,False,1417
2,no_history,50,DE,edge,0.2,16.105800023069605,0.11674952854448825,True,5152.0,0.25,0.13087209860481513,16.047600016463548,1,False,322
2,no_history,51,DE,node,0.2,4.712800000561401,0.04143412819211894,True,9446.666666666668,0.15,0.05205671953121973,4.673499992350116,1,False,1417
2,no_history,51,DE,edge,0.2,12.394199991831556,0.11674952854448825,True,5152.0,0.25,0.13087209860481513,12.360100023215637,1,False,322
2,no_history,52,DE,node,0.2,3.0149999947752804,0.04143412819211894,True,9446.666666666668,0.15,0.05205671953121973,2.9792000132147223,1,False,1417
2,no_history,52,DE,edge,0.2,11.619900004006922,0.11674952854448825,True,5152.0,0.25,0.13087209860481513,11.584399995626882,1,False,322
2,no_history,53,DE,node,0.2,3.4024999768007547,0.04143412819211894,True,9446.666666666668,0.15,0.05205671953121973,3.3719999773893505,1,False,1417
2,no_history,53,DE,edge,0.2,8.68659999105148,0.11674952854448825,True,5152.0,0.25,0.13087209860481513,8.663399989018217,1,False,322
2,no_history,54,DE,node,0.2,2.476499998010695,0.04143412819211894,True,9446.666666666668,0.15,0.05205671953121973,2.454000001307577,1,False,1417
2,no_history,54,DE,edge,0.2,10.776199982501566,0.11674952854448825,True,5152.0,0.25,0.13087209860481513,10.714399977587163,1,False,322
2,no_history,55,FR,node,0.2,3.2762000046204776,0.007643113398845774,True,15073.333333333334,0.15,0.04121083750722951,3.227799985324964,1,False,2261
2,no_history,55,FR,edge,0.2,25.964600004954264,0.0002978850163836759,True,13424.0,0.25,0.0810763188643603,25.921199994627386,1,False,839
2,no_history,56,FR,node,0.2,2.1554999984800816,0.007643113398845774,True,15073.333333333334,0.15,0.04121083750722951,2.123600017512217,1,False,2261
2,no_history,56,FR,edge,0.2,11.022400023648515,0.0002978850163836759,True,13424.0,0.25,0.0810763188643603,10.997700010193512,1,False,839
2,no_history,57,FR,node,0.2,2.7833000058308244,0.007643113398845774,True,15073.333333333334,0.15,0.04121083750722951,2.755400026217103,1,False,2261
2,no_history,57,FR,edge,0.2,10.049300006357953,0.0002978850163836759,True,13424.0,0.25,0.0810763188643603,10.01110000652261,1,False,839
2,no_history,58,FR,node,0.2,1.7909000162035227,0.007643113398845774,True,15073.333333333334,0.15,0.04121083750722951,1.7674000118859112,1,False,2261
2,no_history,58,FR,edge,0.2,19.732699991436675,0.0002978850163836759,True,13424.0,0.25,0.0810763188643603,19.697600015206262,1,False,839
2,no_history,59,DE,node,0.2,1.4519999967887998,0.04143412819211894,True,9446.666666666668,0.15,0.05205671953121973,1.4293999993242323,1,False,1417
2,no_history,59,DE,edge,0.2,8.125299995299429,0.11674952854448825,True,5152.0,0.25,0.13087209860481513,8.101600018562749,1,False,322
2,exact,0,FR,node,0.2,2.9966000001877546,0.0,True,14959,1,0.0,2.993000001879409,1,False,14959
2,exact,0,FR,edge,0.2,32.11329999612644,0.0,True,13428,1,0.0,32.10919999401085,1,False,13428
2,exact,1,DE,node,0.2,3.010200016433373,0.0,True,9855,1,0.0,3.0063999874982983,1,False,9855
2,exact,1,DE,edge,0.2,36.14929999457672,0.0,True,5833,1,0.0,36.142900004051626,1,False,5833
2,exact,2,FR,node,0.2,3.884200006723404,0.0,True,14959,1,0.0,3.8776000146754086,1,False,14959
2,exact,2,FR,edge,0.2,77.498700004071,0.0,True,13428,1,0.0,77.49370002420619,1,False,13428
2,exact,3,FR,node,0.2,4.688300017733127,0.0,True,14959,1,0.0,4.681699996581301,1,False,14959
2,exact,3,FR,edge,0.2,73.35030002286658,0.0,True,13428,1,0.0,73.3440000039991,1,False,13428
2,exact,4,DE,node,0.2,5.724999995436519,0.0,True,9855,1,0.0,5.718500004149973,1,False,9855
2,exact,4,DE,edge,0.2,29.6675999998115,0.0,True,5833,1,0.0,29.659699997864664,1,False,5833
2,exact,5,DE,node,0.2,5.011300003388897,0.0,True,9855,1,0.0,5.005299986805767,1,False,9855
2,exact,5,DE,edge,0.2,25.997100019594654,0.0,True,5833,1,0.0,25.989599991589785,1,False,5833
2,exact,6,FR,node,0.2,4.969500005245209,0.0,True,14959,1,0.0,4.961699974955991,1,False,14959
2,exact,6,FR,edge,0.2,53.82940001436509,0.0,True,13428,1,0.0,53.82059997646138,1,False,13428
2,exact,7,FR,node,0.2,7.957800000440329,0.0,True,14959,1,0.0,7.947899983264506,1,False,14959
2,exact,7,FR,edge,0.2,88.24790001381189,0.0,True,13428,1,0.0,88.23949997895397,1,False,13428
2,exact,8,DE,node,0.2,7.677799992961809,0.0,True,9855,1,0.0,7.667400001082569,1,False,9855
2,exact,8,DE,edge,0.2,42.5956999824848,0.0,True,5833,1,0.0,42.58829998434521,1,False,5833
2,exact,9,DE,node,0.2,6.02709999657236,0.0,True,9855,1,0.0,6.019199994625524,1,False,9855
2,exact,9,DE,edge,0.2,44.84069999307394,0.0,True,5833,1,0.0,44.83220001566224,1,False,5833
2,exact,10,FR,node,0.05,7.789600000251085,0.0,True,14959,1,0.0,7.782800006680191,1,False,14959
2,exact,10,FR,edge,0.05,58.6464999942109,0.0,True,13428,1,0.0,58.63640000461601,1,False,13428
2,exact,11,DE,node,0.05,8.238799986429513,0.0,True,9855,1,0.0,8.230399980675429,1,False,9855
2,exact,11,DE,edge,0.05,50.881799979833886,0.0,True,5833,1,0.0,50.87209999328479,1,False,5833
2,exact,12,DE,node,0.05,8.894900005543604,0.0,True,9855,1,0.0,8.886499999789521,1,False,9855
2,exact,12,DE,edge,0.05,35.08480000891723,0.0,True,5833,1,0.0,35.079099994618446,1,False,5833
2,exact,13,DE,node,0.05,4.056799982208759,0.0,True,9855,1,0.0,4.041700012749061,1,False,9855
2,exact,13,DE,edge,0.05,31.308899982832372,0.0,True,5833,1,0.0,31.301200011512265,1,False,5833
2,exact,14,DE,node,0.05,6.667000008746982,0.0,True,9855,1,0.0,6.6584000014699996,1,False,9855
2,exact,14,DE,edge,0.05,30.403000011574477,0.0,True,5833,1,0.0,30.39520001038909,1,False,5833
2,exact,15,FR,node,0.05,7.1118000196293,0.0,True,14959,1,0.0,7.1069999830797315,1,False,14959
2,exact,15,FR,edge,0.05,54.58669998915866,0.0,True,13428,1,0.0,54.57899998873472,1,False,13428
2,exact,16,FR,node,0.05,10.241199983283877,0.0,True,14959,1,0.0,10.232300002826378,1,False,14959
2,exact,16,FR,edge,0.05,48.71549998642877,0.0,True,13428,1,0.0,48.70869999285787,1,False,13428
2,exact,17,DE,node,0.05,6.43760000821203,0.0,True,9855,1,0.0,6.4322999969590455,1,False,9855
2,exact,17,DE,edge,0.05,38.76600001240149,0.0,True,5833,1,0.0,38.7621000118088,1,False,5833
2,exact,18,FR,node,0.05,6.3615999824833125,0.0,True,14959,1,0.0,6.350399984512478,1,False,14959
2,exact,18,FR,edge,0.05,69.36200000927784,0.0,True,13428,1,0.0,69.35079998220317,1,False,13428
2,exact,19,FR,node,0.05,6.620200001634657,0.0,True,14959,1,0.0,6.61240000044927,1,False,14959
2,exact,19,FR,edge,0.05,74.03059999342076,0.0,True,13428,1,0.0,74.02579998597503,1,False,13428
2,exact,20,FR,node,0.1,7.677999994484708,0.0,True,14959,1,0.0,7.671100000152364,1,False,14959
2,exact,20,FR,edge,0.1,51.917700009653345,0.0,True,13428,1,0.0,51.910200010752305,1,False,13428
2,exact,21,DE,node,0.1,4.330399999162182,0.0,True,9855,1,0.0,4.325400019297376,1,False,9855
2,exact,21,DE,edge,0.1,37.581599986879155,0.0,True,5833,1,0.0,37.57349998340942,1,False,5833
2,exact,22,DE,node,0.1,6.45379998604767,0.0,True,9855,1,0.0,6.449200009228662,1,False,9855
2,exact,22,DE,edge,0.1,42.00040001887828,0.0,True,5833,1,0.0,41.9947000045795,1,False,5833
2,exact,23,DE,node,0.1,6.1956999998074025,0.0,True,9855,1,0.0,6.188400002429262,1,False,9855
2,exact,23,DE,edge,0.1,52.699799998663366,0.0,True,5833,1,0.0,52.69020001287572,1,False,5833
2,exact,24,FR,node,0.1,9.145299991359934,0.0,True,14959,1,0.0,9.135899977991357,1,False,14959
2,exact,24,FR,edge,0.1,82.75050000520423,0.0,True,13428,1,0.0,82.7424000017345,1,False,13428
2,exact,25,DE,node,0.1,6.720300007145852,0.0,True,9855,1,0.0,6.714899995131418,1,False,9855
2,exact,25,DE,edge,0.1,43.34770000423305,0.0,True,5833,1,0.0,43.34280002512969,1,False,5833
2,exact,26,FR,node,0.1,8.728800021344796,0.0,True,14959,1,0.0,8.721199992578477,1,False,14959
2,exact,26,FR,edge,0.1,66.11549999797717,0.0,True,13428,1,0.0,66.10999998520128,1,False,13428
2,exact,27,DE,node,0.1,5.038700008299202,0.0,True,9855,1,0.0,5.035300011513755,1,False,9855
2,exact,27,DE,edge,0.1,29.84420000575483,0.0,True,5833,1,0.0,29.83959999983199,1,False,5833
2,exact,28,FR,node,0.1,4.441400000359863,0.0,True,14959,1,0.0,4.436399991391227,1,False,14959
2,exact,28,FR,edge,0.1,49.462599999969825,0.0,True,13428,1,0.0,49.45399999269284,1,False,13428
2,exact,29,DE,node,0.1,5.734399979701266,0.0,True,9855,1,0.0,5.7268000091426075,1,False,9855
2,exact,29,DE,edge,0.1,29.91489999112673,0.0,True,5833,1,0.0,29.907099989941344,1,False,5833
2,exact,30,DE,node,0.2,4.063800006406382,0.0,True,9855,1,0.0,4.0580999921076,1,False,9855
2,exact,30,DE,edge,0.2,47.259600018151104,0.0,True,5833,1,0.0,47.25390000385232,1,False,5833
2,exact,31,DE,node,0.2,5.293499998515472,0.0,True,9855,1,0.0,5.2893999963998795,1,False,9855
2,exact,31,DE,edge,0.2,31.9078000029549,0.0,True,5833,1,0.0,31.903700000839308,1,False,5833
2,exact,32,DE,node,0.2,4.096899996511638,0.0,True,9855,1,0.0,4.0932999982032925,1,False,9855
2,exact,32,DE,edge,0.2,26.55019998201169,0.0,True,5833,1,0.0,26.545299973804504,1,False,5833
2,exact,33,DE,node,0.2,4.187999991700053,0.0,True,9855,1,0.0,4.180800024187192,1,False,9855
2,exact,33,DE,edge,0.2,37.6508999906946,0.0,True,5833,1,0.0,37.64579998096451,1,False,5833
2,exact,34,DE,node,0.2,7.9648000246379524,0.0,True,9855,1,0.0,7.959000009577721,1,False,9855
2,exact,34,DE,edge,0.2,30.773399979807436,0.0,True,5833,1,0.0,30.765000003157184,1,False,5833
2,exact,35,DE,node,0.2,5.431899975519627,0.0,True,9855,1,0.0,5.421100009698421,1,False,9855
2,exact,35,DE,edge,0.2,47.68740001600236,0.0,True,5833,1,0.0,47.68059999332763,1,False,5833
2,exact,36,DE,node,0.2,4.747800005134195,0.0,True,9855,1,0.0,4.740899981698021,1,False,9855
2,exact,36,DE,edge,0.2,40.91460001654923,0.0,True,5833,1,0.0,40.906299982452765,1,False,5833
2,exact,37,FR,node,0.2,6.838799978140742,0.0,True,14959,1,0.0,6.829799996921793,1,False,14959
2,exact,37,FR,edge,0.2,41.83049997664057,0.0,True,13428,1,0.0,41.821999999228865,1,False,13428
2,exact,38,DE,node,0.2,4.602500004693866,0.0,True,9855,1,0.0,4.596099985064939,1,False,9855
2,exact,38,DE,edge,0.2,37.21819998463616,0.0,True,5833,1,0.0,37.20779999275692,1,False,5833
2,exact,39,FR,node,0.2,4.862100002355874,0.0,True,14959,1,0.0,4.854800004977733,1,False,14959
2,exact,39,FR,edge,0.2,96.98450000723824,0.0,True,13428,1,0.0,96.98020000359975,1,False,13428
2,exact,40,DE,node,0.05,5.611500004306436,0.0,True,9855,1,0.0,5.601100012427196,1,False,9855
2,exact,40,DE,edge,0.05,48.51699998835102,0.0,True,5833,1,0.0,48.50970002007671,1,False,5833
2,exact,41,FR,node,0.05,7.680999988224357,0.0,True,14959,1,0.0,7.672800013097003,1,False,14959
2,exact,41,FR,edge,0.05,45.49680001218803,0.0,True,13428,1,0.0,45.4885000071954,1,False,13428
2,exact,42,FR,node,0.05,8.896100014680997,0.0,True,14959,1,0.0,8.622800000011921,1,False,14959
2,exact,42,FR,edge,0.05,69.0922999929171,0.0,True,13428,1,0.0,69.08330001169816,1,False,13428
2,exact,43,DE,node,0.05,3.3651999838184565,0.0,True,9855,1,0.0,3.361200011568144,1,False,9855
2,exact,43,DE,edge,0.05,35.5379999964498,0.0,True,5833,1,0.0,35.526599996956065,1,False,5833
2,exact,44,DE,node,0.05,9.22589999390766,0.0,True,9855,1,0.0,9.216599981300533,1,False,9855
2,exact,44,DE,edge,0.05,51.745599979767576,0.0,True,5833,1,0.0,51.73320000176318,1,False,5833
2,exact,45,DE,node,0.05,6.323000008706003,0.0,True,9855,1,0.0,6.315400009043515,1,False,9855
2,exact,45,DE,edge,0.05,27.817899972433224,0.0,True,5833,1,0.0,27.813199994852766,1,False,5833
2,exact,46,DE,node,0.05,3.7755999946966767,0.0,True,9855,1,0.0,3.770900017116219,1,False,9855
2,exact,46,DE,edge,0.05,23.041500011458993,0.0,True,5833,1,0.0,23.036500002490357,1,False,5833
2,exact,47,FR,node,0.05,4.349499999079853,0.0,True,14959,1,0.0,4.342800006270409,1,False,14959
2,exact,47,FR,edge,0.05,72.13610000326298,0.0,True,13428,1,0.0,72.12349999463186,1,False,13428
2,exact,48,DE,node,0.05,6.616200000280514,0.0,True,9855,1,0.0,6.609800009755418,1,False,9855
2,exact,48,DE,edge,0.05,42.755100002978,0.0,True,5833,1,0.0,42.74730000179261,1,False,5833
2,exact,49,DE,node,0.05,5.611699976725504,0.0,True,9855,1,0.0,5.600499978754669,1,False,9855
2,exact,49,DE,edge,0.05,45.46160000609234,0.0,True,5833,1,0.0,45.45519998646341,1,False,5833
2,exact,50,DE,node,0.2,4.712399997515604,0.0,True,9855,1,0.0,4.705299972556531,1,False,9855
2,exact,50,DE,edge,0.2,47.99060002551414,0.0,True,5833,1,0.0,47.98150001442991,1,False,5833
2,exact,51,DE,node,0.2,8.580800000345334,0.0,True,9855,1,0.0,8.571499987738207,1,False,9855
2,exact,51,DE,edge,0.2,46.42800000146963,0.0,True,5833,1,0.0,46.41770001035184,1,False,5833
2,exact,52,DE,node,0.2,9.443100017961115,0.0,True,9855,1,0.0,9.434600011445582,1,False,9855
2,exact,52,DE,edge,0.2,46.726300002774224,0.0,True,5833,1,0.0,46.7167999886442,1,False,5833
2,exact,53,DE,node,0.2,7.197500002803281,0.0,True,9855,1,0.0,7.187400013208389,1,False,9855
2,exact,53,DE,edge,0.2,28.40969999670051,0.0,True,5833,1,0.0,28.402900003129616,1,False,5833
2,exact,54,DE,node,0.2,6.078700011130422,0.0,True,9855,1,0.0,6.072099989978597,1,False,9855
2,exact,54,DE,edge,0.2,52.36020000302233,0.0,True,5833,1,0.0,52.3510999919381,1,False,5833
2,exact,55,FR,node,0.2,8.203000004868954,0.0,True,14959,1,0.0,8.196600014343858,1,False,14959
2,exact,55,FR,edge,0.2,57.801099988864735,0.0,True,13428,1,0.0,57.79469999833964,1,False,13428
2,exact,56,FR,node,0.2,4.485199984628707,0.0,True,14959,1,0.0,4.480300005525351,1,False,14959
2,exact,56,FR,edge,0.2,40.95470000174828,0.0,True,13428,1,0.0,40.94669999903999,1,False,13428
2,exact,57,FR,node,0.2,6.283900002017617,0.0,True,14959,1,0.0,6.274299987126142,1,False,14959
2,exact,57,FR,edge,0.2,76.33700000587851,0.0,True,13428,1,0.0,76.32359999115579,1,False,13428
2,exact,58,FR,node,0.2,7.548100023996085,0.0,True,14959,1,0.0,7.538799982285127,1,False,14959
2,exact,58,FR,edge,0.2,58.25230001937598,0.0,True,13428,1,0.0,58.24220000067726,1,False,13428
2,exact,59,DE,node,0.2,5.200699990382418,0.0,True,9855,1,0.0,5.192800017539412,1,False,9855
2,exact,59,DE,edge,0.2,60.051800013752654,0.0,True,5833,1,0.0,60.04189999657683,1,False,5833
3,no_history,0,FR,node,0.2,5.634000001009554,0.007955077211043519,True,14840.0,0.15,0.041533558469233046,5.571799993049353,1,False,2226
3,no_history,0,FR,edge,0.2,26.660600007744506,0.002085195114685731,True,13456.0,0.25,0.08097985682084655,26.598099997499958,1,False,841
3,no_history,1,FR,node,0.2,5.561199999647215,0.007955077211043519,True,14840.0,0.15,0.041533558469233046,5.501499981619418,1,False,2226
3,no_history,1,FR,edge,0.2,28.361599979689345,0.002085195114685731,True,13456.0,0.25,0.08097985682084655,28.29399998881854,1,False,841
3,no_history,2,FR,node,0.2,6.755099981091917,0.007955077211043519,True,14840.0,0.15,0.041533558469233046,6.692800001474097,1,False,2226
3,no_history,2,FR,edge,0.2,27.51929999794811,0.002085195114685731,True,13456.0,0.25,0.08097985682084655,27.450599998701364,1,False,841
3,no_history,3,FR,node,0.2,5.639600014546886,0.007955077211043519,True,14840.0,0.15,0.041533558469233046,5.583399994065985,1,False,2226
3,no_history,3,FR,edge,0.2,28.830900002503768,0.002085195114685731,True,13456.0,0.25,0.08097985682084655,28.770399978384376,1,False,841
3,no_history,4,DE,node,0.2,5.222600011620671,0.0025367833587011668,True,9880.0,0.15,0.050902325048608296,5.1691999833565205,1,False,1482
3,no_history,4,DE,edge,0.2,17.507599986856803,0.014915138007886165,True,5920.0,0.25,0.1220883264028001,17.349300003843382,1,False,370
3,no_history,5,DE,node,0.2,6.486900005256757,0.0025367833587011668,True,9880.0,0.15,0.050902325048608296,6.328299990855157,1,False,1482
3,no_history,5,DE,edge,0.2,18.410699995001778,0.014915138007886165,True,5920.0,0.25,0.1220883264028001,18.357699998887256,1,False,370
3,no_history,6,FR,node,0.2,6.989399989834055,0.007955077211043519,True,14840.0,0.15,0.041533558469233046,6.93840000894852,1,False,2226
3,no_history,6,FR,edge,0.2,23.912599979666993,0.002085195114685731,True,13456.0,0.25,0.08097985682084655,23.867500014603138,1,False,841
3,no_history,7,FR,node,0.2,4.324099980294704,0.007955077211043519,True,14840.0,0.15,0.041533558469233046,4.276100022252649,1,False,2226
3,no_history,7,FR,edge,0.2,24.303900019731373,0.002085195114685731,True,13456.0,0.25,0.08097985682084655,24.26430000923574,1,False,841
3,no_history,8,FR,node,0.2,6.162200006656349,0.007955077211043519,True,14840.0,0.15,0.041533558469233046,6.108800007496029,1,False,2226
3,no_history,8,FR,edge,0.2,28.453200007788837,0.002085195114685731,True,13456.0,0.25,0.08097985682084655,28.391500003635883,1,False,841
3,no_history,9,DE,node,0.2,4.349199996795505,0.0025367833587011668,True,9880.0,0.15,0.050902325048608296,4.2987000197172165,1,False,1482
3,no_history,9,DE,edge,0.2,10.055799997644499,0.014915138007886165,True,5920.0,0.25,0.1220883264028001,10.006099997553974,1,False,370
3,no_history,10,DE,node,0.05,8.595799998147413,0.0017250126839167936,True,9872.0,0.25,0.035164956978963824,8.450299996184185,2,False,2468
3,no_history,10,DE,edge,0.05,47.08119999850169,0.001238165990437618,True,5825.777777777777,0.75,0.03990860599566992,47.036100004334,1,False,3277
3,no_history,11,DE,node,0.05,13.045300001977012,0.0017250126839167936,True,9872.0,0.25,0.035164956978963824,12.972599972272292,2,False,2468
3,no_history,11,DE,edge,0.05,38.881100015714765,0.001238165990437618,True,5825.777777777777,0.75,0.03990860599566992,38.84029999608174,1,False,3277
3,no_history,12,FR,node,0.05,2.9269000224303454,0.007955077211043519,True,14840.0,0.15,0.041533558469233046,2.9020000074524432,1,False,2226
3,no_history,12,FR,edge,0.05,33.71139999944717,0.011749908979578297,True,13585.777777777777,0.75,0.02613372171441449,33.67420000722632,1,False,7642
3,no_history,13,DE,node,0.05,6.385600019712001,0.0017250126839167936,True,9872.0,0.25,0.035164956978963824,6.3498000090476125,2,False,2468
3,no_history,13,DE,edge,0.05,33.04389998083934,0.001238165990437618,True,5825.777777777777,0.75,0.03990860599566992,32.99489998607896,1,False,3277
3,no_history,14,FR,node,0.05,2.832899976056069,0.007955077211043519,True,14840.0,0.15,0.041533558469233046,2.7877000102307647,1,False,2226
3,no_history,14,FR,edge,0.05,44.88539998419583,0.011749908979578297,True,13585.777777777777,0.75,0.02613372171441449,44.84509999747388,1,False,7642
3,no_history,15,FR,node,0.05,2.8621999954339117,0.007955077211043519,True,14840.0,0.15,0.041533558469233046,2.816000021994114,1,False,2226
3,no_history,15,FR,edge,0.05,22.807000001193956,0.011749908979578297,True,13585.777777777777,0.75,0.02613372171441449,22.772900003474206,1,False,7642
3,no_history,16,DE,node,0.05,3.2030000002123415,0.0017250126839167936,True,9872.0,0.25,0.035164956978963824,3.1703999848105013,2,False,2468
3,no_history,16,DE,edge,0.05,27.300499990815297,0.001238165990437618,True,5825.777777777777,0.75,0.03990860599566992,27.275500004179776,1,False,3277
3,no_history,17,DE,node,0.05,3.3310999860987067,0.0017250126839167936,True,9872.0,0.25,0.035164956978963824,3.2931999885477126,2,False,2468
3,no_history,17,DE,edge,0.05,23.078600002918392,0.001238165990437618,True,5825.777777777777,0.75,0.03990860599566992,23.051800002576783,1,False,3277
3,no_history,18,FR,node,0.05,1.9285999878775328,0.007955077211043519,True,14840.0,0.15,0.041533558469233046,1.898499991511926,1,False,2226
3,no_history,18,FR,edge,0.05,24.17960000457242,0.011749908979578297,True,13585.777777777777,0.75,0.02613372171441449,24.150599987478927,1,False,7642
3,no_history,19,FR,node,0.05,2.1419000113382936,0.007955077211043519,True,14840.0,0.15,0.041533558469233046,2.1155999857001007,1,False,2226
3,no_history,19,FR,edge,0.05,41.31120000965893,0.011749908979578297,True,13585.777777777777,0.75,0.02613372171441449,41.273700015153736,1,False,7642
3,no_history,20,DE,node,0.1,2.529699995648116,0.0025367833587011668,True,9880.0,0.15,0.050902325048608296,2.4932000087574124,1,False,1482
3,no_history,20,DE,edge,0.1,51.026200002525,0.008400480027430138,True,5784.0,0.5,0.06534101577899645,50.9615000046324,2,False,1446
3,no_history,21,DE,node,0.1,3.4459000162314624,0.0025367833587011668,True,9880.0,0.15,0.050902325048608296,3.3888999896589667,1,False,1482
3,no_history,21,DE,edge,0.1,56.8683999881614,0.008400480027430138,True,5784.0,0.5,0.06534101577899645,56.78740004077554,2,False,1446
3,no_history,22,FR,node,0.1,4.729500011308119,0.007955077211043519,True,14840.0,0.15,0.041533558469233046,4.6780000266153365,1,False,2226
3,no_history,22,FR,edge,0.1,37.82670001965016,0.007860516860899763,True,13322.448979591838,0.35,0.07778420222772878,37.78259997488931,1,False,1632
3,no_history,23,DE,node,0.1,3.625100012868643,0.0025367833587011668,True,9880.0,0.15,0.050902325048608296,3.593200002796948,1,False,1482
3,no_history,23,DE,edge,0.1,41.27919999882579,0.008400480027430138,True,5784.0,0.5,0.06534101577899645,41.22990000178106,2,False,1446
3,no_history,24,DE,node,0.1,2.3985999869182706,0.0025367833587011668,True,9880.0,0.15,0.050902325048608296,2.3642000160180032,1,False,1482
3,no_history,24,DE,edge,0.1,28.462699992815033,0.008400480027430138,True,5784.0,0.5,0.06534101577899645,28.416299988748506,2,False,1446
3,no_history,25,DE,node,0.1,1.9693000067491084,0.0025367833587011668,True,9880.0,0.15,0.050902325048608296,1.9354000105522573,1,False,1482
3,no_history,25,DE,edge,0.1,52.56179999560118,0.008400480027430138,True,5784.0,0.5,0.06534101577899645,52.49199998797849,2,False,1446
3,no_history,26,FR,node,0.1,5.654900014633313,0.007955077211043519,True,14840.0,0.15,0.041533558469233046,5.574899987550452,1,False,2226
3,no_history,26,FR,edge,0.1,40.58840000652708,0.007860516860899763,True,13322.448979591838,0.35,0.07778420222772878,40.528699988499284,1,False,1632
3,no_history,27,DE,node,0.1,4.286900017177686,0.0025367833587011668,True,9880.0,0.15,0.050902325048608296,4.24330000532791,1,False,1482
3,no_history,27,DE,edge,0.1,51.480499998433515,0.008400480027430138,True,5784.0,0.5,0.06534101577899645,51.434799999697134,2,False,1446
3,no_history,28,FR,node,0.1,4.471899999771267,0.007955077211043519,True,14840.0,0.15,0.041533558469233046,4.437299998244271,1,False,2226
3,no_history,28,FR,edge,0.1,25.89099999750033,0.007860516860899763,True,13322.448979591838,0.35,0.07778420222772878,25.862000009510666,1,False,1632
3,no_history,29,FR,node,0.1,2.899799990700558,0.007955077211043519,True,14840.0,0.15,0.041533558469233046,2.8753999795299023,1,False,2226
3,no_history,29,FR,edge,0.1,24.094099993817508,0.007860516860899763,True,13322.448979591838,0.35,0.07778420222772878,24.07290000701323,1,False,1632
3,no_history,30,FR,node,0.2,2.642000006744638,0.007955077211043519,True,14840.0,0.15,0.041533558469233046,2.6172000216320157,1,False,2226
3,no_history,30,FR,edge,0.2,11.84839999768883,0.002085195114685731,True,13456.0,0.25,0.08097985682084655,11.827900016214699,1,False,841
3,no_history,31,DE,node,0.2,3.7566000246442854,0.0025367833587011668,True,9880.0,0.15,0.050902325048608296,3.507099987473339,1,False,1482
3,no_history,31,DE,edge,0.2,9.854300005827099,0.014915138007886165,True,5920.0,0.25,0.1220883264028001,9.768899995833635,1,False,370
3,no_history,32,DE,node,0.2,1.9625000131782144,0.0025367833587011668,True,9880.0,0.15,0.050902325048608296,1.9345000036992133,1,False,1482
3,no_history,32,DE,edge,0.2,12.701500003458932,0.014915138007886165,True,5920.0,0.25,0.1220883264028001,12.667000002693385,1,False,370
3,no_history,33,DE,node,0.2,1.9647999724838883,0.0025367833587011668,True,9880.0,0.15,0.050902325048608296,1.939900015713647,1,False,1482
3,no_history,33,DE,edge,0.2,7.580400008009747,0.014915138007886165,True,5920.0,0.25,0.1220883264028001,7.540799997514114,1,False,370
3,no_history,34,DE,node,0.2,2.530300000216812,0.0025367833587011668,True,9880.0,0.15,0.050902325048608296,2.4910000211093575,1,False,1482
3,no_history,34,DE,edge,0.2,18.88279998092912,0.014915138007886165,True,5920.0,0.25,0.1220883264028001,18.834399990737438,1,False,370
3,no_history,35,DE,node,0.2,2.5037000013981014,0.0025367833587011668,True,9880.0,0.15,0.050902325048608296,2.45649999123998,1,False,1482
3,no_history,35,DE,edge,0.2,10.10449999012053,0.014915138007886165,True,5920.0,0.25,0.1220883264028001,10.059399995952845,1,False,370
3,no_history,36,FR,node,0.2,1.5423000149894506,0.007955077211043519,True,14840.0,0.15,0.041533558469233046,1.5152999840211123,1,False,2226
3,no_history,36,FR,edge,0.2,11.850100010633469,0.002085195114685731,True,13456.0,0.25,0.08097985682084655,11.814099998446181,1,False,841
3,no_history,37,DE,node,0.2,3.40770001639612,0.0025367833587011668,True,9880.0,0.15,0.050902325048608296,3.357399982633069,1,False,1482
3,no_history,37,DE,edge,0.2,14.871999999741092,0.014915138007886165,True,5920.0,0.25,0.1220883264028001,14.823999983491376,1,False,370
3,no_history,38,DE,node,0.2,2.4921000003814697,0.0025367833587011668,True,9880.0,0.15,0.050902325048608296,2.45210001594387,1,False,1482
3,no_history,38,DE,edge,0.2,20.655900007113814,0.014915138007886165,True,5920.0,0.25,0.1220883264028001,20.601299998816103,1,False,370
3,no_history,39,DE,node,0.2,2.8904000064358115,0.0025367833587011668,True,9880.0,0.15,0.050902325048608296,2.8381000156514347,1,False,1482
3,no_history,39,DE,edge,0.2,22.380399983376265,0.014915138007886165,True,5920.0,0.25,0.1220883264028001,22.318299976177514,1,False,370
3,no_history,40,DE,node,0.05,9.09110001521185,0.0017250126839167936,True,9872.0,0.25,0.035164956978963824,9.03179997112602,2,False,2468
3,no_history,40,DE,edge,0.05,46.724800020456314,0.001238165990437618,True,5825.777777777777,0.75,0.03990860599566992,46.68250001850538,1,False,3277
3,no_history,41,FR,node,0.05,4.2181000171694905,0.007955077211043519,True,14840.0,0.15,0.041533558469233046,4.175899986876175,1,False,2226
3,no_history,41,FR,edge,0.05,41.322600009152666,0.011749908979578297,True,13585.777777777777,0.75,0.02613372171441449,41.28639999544248,1,False,7642
3,no_history,42,DE,node,0.05,4.3843000021297485,0.0017250126839167936,True,9872.0,0.25,0.035164956978963824,4.340500017860904,2,False,2468
3,no_history,42,DE,edge,0.05,21.93200000328943,0.001238165990437618,True,5825.777777777777,0.75,0.03990860599566992,21.855900005903095,1,False,3277
3,no_history,43,DE,node,0.05,4.178700008196756,0.0017250126839167936,True,9872.0,0.25,0.035164956978963824,4.129599983571097,2,False,2468
3,no_history,43,DE,edge,0.05,21.61639998666942,0.001238165990437618,True,5825.777777777777,0.75,0.03990860599566992,21.57219999935478,1,False,3277
3,no_history,44,FR,node,0.05,2.8839999868068844,0.007955077211043519,True,14840.0,0.15,0.041533558469233046,2.8427999932318926,1,False,2226
3,no_history,44,FR,edge,0.05,47.04270002548583,0.011749908979578297,True,13585.777777777777,0.75,0.02613372171441449,46.998700010590255,1,False,7642
3,no_history,45,DE,node,0.05,17.510599980596453,0.0017250126839167936,True,9872.0,0.25,0.035164956978963824,17.43079995503649,2,False,2468
3,no_history,45,DE,edge,0.05,37.49680001055822,0.001238165990437618,True,5825.777777777777,0.75,0.03990860599566992,37.4493999988772,1,False,3277
3,no_history,46,FR,node,0.05,5.906700011109933,0.007955077211043519,True,14840.0,0.15,0.041533558469233046,5.8166999951936305,1,False,2226
3,no_history,46,FR,edge,0.05,62.510999996447936,0.011749908979578297,True,13585.777777777777,0.75,0.02613372171441449,62.45719999424182,1,False,7642
3,no_history,47,DE,node,0.05,10.380299994722009,0.0017250126839167936,True,9872.0,0.25,0.035164956978963824,10.316600004443899,2,False,2468
3,no_history,47,DE,edge,0.05,39.411300007486716,0.001238165990437618,True,5825.777777777777,0.75,0.03990860599566992,39.338800008408725,1,False,3277
3,no_history,48,FR,node,0.05,4.957999975886196,0.007955077211043519,True,14840.0,0.15,0.041533558469233046,4.913800017675385,1,False,2226
3,no_history,48,FR,edge,0.05,66.17420000839047,0.011749908979578297,True,13585.777777777777,0.75,0.02613372171441449,66.11389998579398,1,False,7642
3,no_history,49,FR,node,0.05,2.3966000007931143,0.007955077211043519,True,14840.0,0.15,0.041533558469233046,2.3711000103503466,1,False,2226
3,no_history,49,FR,edge,0.05,53.333899995777756,0.011749908979578297,True,13585.777777777777,0.75,0.02613372171441449,53.28570000710897,1,False,7642
3,no_history,50,DE,node,0.2,4.109700006665662,0.0025367833587011668,True,9880.0,0.15,0.050902325048608296,4.055400000652298,1,False,1482
3,no_history,50,DE,edge,0.2,19.07290000235662,0.014915138007886165,True,5920.0,0.25,0.1220883264028001,19.01769998949021,1,False,370
3,no_history,51,DE,node,0.2,4.60630000452511,0.0025367833587011668,True,9880.0,0.15,0.050902325048608296,4.564899980323389,1,False,1482
3,no_history,51,DE,edge,0.2,16.275999980280176,0.014915138007886165,True,5920.0,0.25,0.1220883264028001,16.243699996266514,1,False,370
3,no_history,52,FR,node,0.2,4.335400008130819,0.007955077211043519,True,14840.0,0.15,0.041533558469233046,4.299499996704981,1,False,2226
3,no_history,52,FR,edge,0.2,22.573399997781962,0.002085195114685731,True,13456.0,0.25,0.08097985682084655,22.53390001715161,1,False,841
3,no_history,53,FR,node,0.2,2.953699993668124,0.007955077211043519,True,14840.0,0.15,0.041533558469233046,2.923499996541068,1,False,2226
3,no_history,53,FR,edge,0.2,12.393300014082342,0.002085195114685731,True,13456.0,0.25,0.08097985682084655,12.373199977446347,1,False,841
3,no_history,54,DE,node,0.2,2.532299986341968,0.0025367833587011668,True,9880.0,0.15,0.050902325048608296,2.506200020434335,1,False,1482
3,no_history,54,DE,edge,0.2,5.856300005689263,0.014915138007886165,True,5920.0,0.25,0.1220883264028001,5.8351999905426055,1,False,370
3,no_history,55,FR,node,0.2,1.582800003234297,0.007955077211043519,True,14840.0,0.15,0.041533558469233046,1.5598999743815511,1,False,2226
3,no_history,55,FR,edge,0.2,12.633200007257983,0.002085195114685731,True,13456.0,0.25,0.08097985682084655,12.468499975511804,1,False,841
3,no_history,56,FR,node,0.2,1.8631000129971653,0.007955077211043519,True,14840.0,0.15,0.041533558469233046,1.8210000125691295,1,False,2226
3,no_history,56,FR,edge,0.2,19.96160001726821,0.002085195114685731,True,13456.0,0.25,0.08097985682084655,19.931000017095357,1,False,841
3,no_history,57,FR,node,0.2,3.2457000052090734,0.007955077211043519,True,14840.0,0.15,0.041533558469233046,3.2008999842219055,1,False,2226
3,no_history,57,FR,edge,0.2,9.625100006815046,0.002085195114685731,True,13456.0,0.25,0.08097985682084655,9.59039997542277,1,False,841
3,no_history,58,FR,node,0.2,1.5237000188790262,0.007955077211043519,True,14840.0,0.15,0.041533558469233046,1.4939999964553863,1,False,2226
3,no_history,58,FR,edge,0.2,11.718699999619275,0.002085195114685731,True,13456.0,0.25,0.08097985682084655,11.688800004776567,1,False,841
3,no_history,59,DE,node,0.2,1.7924999992828816,0.0025367833587011668,True,9880.0,0.15,0.050902325048608296,1.7545000009704381,1,False,1482
3,no_history,59,DE,edge,0.2,6.786699988879263,0.014915138007886165,True,5920.0,0.25,0.1220883264028001,6.757800001651049,1,False,370
3,joint_no_history,0,FR,node,0.2,3.1891999824438244,0.007955077211043519,True,14840.0,0.15,0.11348084078795563,3.1504000071436167,1,False,2226
3,joint_no_history,0,FR,edge,0.2,15.919700002996251,0.002085195114685731,True,13456.0,0.25,0.14958288204907355,15.88880000053905,1,False,841
3,joint_no_history,1,FR,node,0.2,4.0086000226438046,0.007955077211043519,True,14840.0,0.15,0.11348084078795563,3.9763000095263124,1,False,2226
3,joint_no_history,1,FR,edge,0.2,15.141799987759441,0.002085195114685731,True,13456.0,0.25,0.14958288204907355,15.116400027181953,1,False,841
3,joint_no_history,2,FR,node,0.2,1.8401000124868006,0.007955077211043519,True,14840.0,0.15,0.11348084078795563,1.8108999938704073,1,False,2226
3,joint_no_history,2,FR,edge,0.2,24.335999973118305,0.002085195114685731,True,13456.0,0.25,0.14958288204907355,24.291400011861697,1,False,841
3,joint_no_history,3,FR,node,0.2,3.8714999973308295,0.007955077211043519,True,14840.0,0.15,0.11348084078795563,3.819199977442622,1,False,2226
3,joint_no_history,3,FR,edge,0.2,16.924700001254678,0.002085195114685731,True,13456.0,0.25,0.14958288204907355,16.864600009284914,1,False,841
3,joint_no_history,4,DE,node,0.2,4.58559999242425,0.0025367833587011668,True,9880.0,0.15,0.1390788282409492,4.539499990642071,1,False,1482
3,joint_no_history,4,DE,edge,0.2,40.58880000957288,0.06501712634307981,True,6212.2448979591845,0.35,0.18736666005481728,40.543499984778464,2,False,761
3,joint_no_history,5,DE,node,0.2,4.786200006492436,0.0025367833587011668,True,9880.0,0.15,0.1390788282409492,4.733000008855015,1,False,1482
3,joint_no_history,5,DE,edge,0.2,27.164299972355366,0.06501712634307981,True,6212.2448979591845,0.35,0.18736666005481728,27.097400015918538,2,False,761
3,joint_no_history,6,FR,node,0.2,4.471799999009818,0.007955077211043519,True,14840.0,0.15,0.11348084078795563,4.44190000416711,1,False,2226
3,joint_no_history,6,FR,edge,0.2,14.452500006882474,0.002085195114685731,True,13456.0,0.25,0.14958288204907355,14.402000000700355,1,False,841
3,joint_no_history,7,FR,node,0.2,2.3982000129763037,0.007955077211043519,True,14840.0,0.15,0.11348084078795563,2.36610000138171,1,False,2226
3,joint_no_history,7,FR,edge,0.2,13.53890000609681,0.002085195114685731,True,13456.0,0.25,0.14958288204907355,13.491699995938689,1,False,841
3,joint_no_history,8,FR,node,0.2,1.4482999977190048,0.007955077211043519,True,14840.0,0.15,0.11348084078795563,1.424999994924292,1,False,2226
3,joint_no_history,8,FR,edge,0.2,20.75589998275973,0.002085195114685731,True,13456.0,0.25,0.14958288204907355,20.720699976664037,1,False,841
3,joint_no_history,9,DE,node,0.2,1.7060999816749245,0.0025367833587011668,True,9880.0,0.15,0.1390788282409492,1.6712000069674104,1,False,1482
3,joint_no_history,9,DE,edge,0.2,22.40630000596866,0.06501712634307981,True,6212.2448979591845,0.35,0.18736666005481728,22.362299991073087,2,False,761
3,joint_no_history,10,DE,node,0.05,3.79590000375174,0.0039573820395738205,True,9894.0,0.5,0.03568754247350336,3.7588000122923404,2,False,4947
3,joint_no_history,10,DE,edge,0.05,26.860500016482547,0.0,True,5833.0,1.0,0.0,26.835199998458847,1,True,5833
3,joint_no_history,11,DE,node,0.05,5.256400007056072,0.0039573820395738205,True,9894.0,0.5,0.03568754247350336,5.222200008574873,2,False,4947
3,joint_no_history,11,DE,edge,0.05,44.553899992024526,0.0,True,5833.0,1.0,0.0,44.51909998897463,1,True,5833
3,joint_no_history,12,FR,node,0.05,5.127099982928485,0.007573080706311503,True,14845.714285714286,0.35,0.043791420607427904,5.082600022433326,1,False,5196
3,joint_no_history,12,FR,edge,0.05,76.25980000011623,0.0,True,13428.0,1.0,0.0,76.19970000814646,1,True,13428
3,joint_no_history,13,DE,node,0.05,10.90449999901466,0.0039573820395738205,True,9894.0,0.5,0.03568754247350336,10.83650003420189,2,False,4947
3,joint_no_history,13,DE,edge,0.05,52.59890001616441,0.0,True,5833.0,1.0,0.0,52.54319999949075,1,True,5833
3,joint_no_history,14,FR,node,0.05,6.029499985743314,0.007573080706311503,True,14845.714285714286,0.35,0.043791420607427904,5.963199975667521,1,False,5196
3,joint_no_history,14,FR,edge,0.05,71.30120001966134,0.0,True,13428.0,1.0,0.0,71.1569000268355,1,True,13428
3,joint_no_history,15,FR,node,0.05,4.290899989427999,0.007573080706311503,True,14845.714285714286,0.35,0.043791420607427904,4.259599983925,1,False,5196
3,joint_no_history,15,FR,edge,0.05,67.82299999031238,0.0,True,13428.0,1.0,0.0,67.76400000671856,1,True,13428
3,joint_no_history,16,DE,node,0.05,6.676800025161356,0.0039573820395738205,True,9894.0,0.5,0.03568754247350336,6.615600024815649,2,False,4947
3,joint_no_history,16,DE,edge,0.05,29.15040001971647,0.0,True,5833.0,1.0,0.0,29.10469999187626,1,True,5833
3,joint_no_history,17,DE,node,0.05,6.824600015534088,0.0039573820395738205,True,9894.0,0.5,0.03568754247350336,6.762999983038753,2,False,4947
3,joint_no_history,17,DE,edge,0.05,45.12379999505356,0.0,True,5833.0,1.0,0.0,45.071300002746284,1,True,5833
3,joint_no_history,18,FR,node,0.05,7.089199993060902,0.007573080706311503,True,14845.714285714286,0.35,0.043791420607427904,6.977199984248728,1,False,5196
3,joint_no_history,18,FR,edge,0.05,79.36329999938607,0.0,True,13428.0,1.0,0.0,79.30060001672246,1,True,13428
3,joint_no_history,19,FR,node,0.05,5.980300018563867,0.007573080706311503,True,14845.714285714286,0.35,0.043791420607427904,5.9290999779477715,1,False,5196
3,joint_no_history,19,FR,edge,0.05,63.193899986799806,0.0,True,13428.0,1.0,0.0,63.152900023851544,1,True,13428
3,joint_no_history,20,DE,node,0.1,2.8938000032212585,0.0017250126839167936,True,9872.0,0.25,0.08347743702163374,2.8694999928120524,1,False,2468
3,joint_no_history,20,DE,edge,0.1,24.527000001398847,0.001238165990437618,True,5825.777777777777,0.75,0.06454796016926509,24.50559998396784,1,False,3277
3,joint_no_history,21,DE,node,0.1,3.476900019450113,0.0017250126839167936,True,9872.0,0.25,0.08347743702163374,3.4018000005744398,1,False,2468
3,joint_no_history,21,DE,edge,0.1,26.396000001113862,0.001238165990437618,True,5825.777777777777,0.75,0.06454796016926509,26.347900013206527,1,False,3277
3,joint_no_history,22,FR,node,0.1,4.2507000034675,0.0055484992312320345,True,14876.0,0.25,0.06800308185746318,4.216300003463402,1,False,3719
3,joint_no_history,22,FR,edge,0.1,52.14799998793751,0.011749908979578297,True,13585.777777777777,0.75,0.042268537980998666,52.10649999207817,1,False,7642
3,joint_no_history,23,DE,node,0.1,3.883900004439056,0.0017250126839167936,True,9872.0,0.25,0.08347743702163374,3.8226999749895185,1,False,2468
3,joint_no_history,23,DE,edge,0.1,30.348000000230968,0.001238165990437618,True,5825.777777777777,0.75,0.06454796016926509,30.303000006824732,1,False,3277
3,joint_no_history,24,DE,node,0.1,4.782300005899742,0.0017250126839167936,True,9872.0,0.25,0.08347743702163374,4.7218999825417995,1,False,2468
3,joint_no_history,24,DE,edge,0.1,48.30279998714104,0.001238165990437618,True,5825.777777777777,0.75,0.06454796016926509,48.25120000168681,1,False,3277
3,joint_no_history,25,DE,node,0.1,5.524499982129782,0.0017250126839167936,True,9872.0,0.25,0.08347743702163374,5.45820000115782,1,False,2468
3,joint_no_history,25,DE,edge,0.1,39.205300010507926,0.001238165990437618,True,5825.777777777777,0.75,0.06454796016926509,39.14510001777671,1,False,3277
3,joint_no_history,26,FR,node,0.1,4.8226000217255205,0.0055484992312320345,True,14876.0,0.25,0.06800308185746318,4.761199990753084,1,False,3719
3,joint_no_history,26,FR,edge,0.1,67.60410001152195,0.011749908979578297,True,13585.777777777777,0.75,0.042268537980998666,67.573700012872,1,False,7642
3,joint_no_history,27,DE,node,0.1,2.37800000468269,0.0017250126839167936,True,9872.0,0.25,0.08347743702163374,2.3458000214304775,1,False,2468
3,joint_no_history,27,DE,edge,0.1,32.04710001591593,0.001238165990437618,True,5825.777777777777,0.75,0.06454796016926509,31.996200006688014,1,False,3277
3,joint_no_history,28,FR,node,0.1,4.322399996453896,0.0055484992312320345,True,14876.0,0.25,0.06800308185746318,4.264300019713119,1,False,3719
3,joint_no_history,28,FR,edge,0.1,73.38180000078864,0.011749908979578297,True,13585.777777777777,0.75,0.042268537980998666,73.33549999748357,1,False,7642
3,joint_no_history,29,FR,node,0.1,3.9105999749153852,0.0055484992312320345,True,14876.0,0.25,0.06800308185746318,3.8677999982610345,1,False,3719
3,joint_no_history,29,FR,edge,0.1,50.75359999318607,0.011749908979578297,True,13585.777777777777,0.75,0.042268537980998666,50.705500005278736,1,False,7642
3,joint_no_history,30,FR,node,0.2,2.527999982703477,0.007955077211043519,True,14840.0,0.15,0.11348084078795563,2.4873000220395625,1,False,2226
3,joint_no_history,30,FR,edge,0.2,13.133300002664328,0.002085195114685731,True,13456.0,0.25,0.14958288204907355,13.103700010105968,1,False,841
3,joint_no_history,31,DE,node,0.2,4.01220002095215,0.0025367833587011668,True,9880.0,0.15,0.1390788282409492,3.9748999988660216,1,False,1482
3,joint_no_history,31,DE,edge,0.2,18.11989999259822,0.06501712634307981,True,6212.2448979591845,0.35,0.18736666005481728,18.077499989885837,2,False,761
3,joint_no_history,32,DE,node,0.2,2.5640999956522137,0.0025367833587011668,True,9880.0,0.15,0.1390788282409492,2.527500008000061,1,False,1482
3,joint_no_history,32,DE,edge,0.2,39.79930002242327,0.06501712634307981,True,6212.2448979591845,0.35,0.18736666005481728,39.74430001107976,2,False,761
3,joint_no_history,33,DE,node,0.2,3.554300026735291,0.0025367833587011668,True,9880.0,0.15,0.1390788282409492,3.5149000177625567,1,False,1482
3,joint_no_history,33,DE,edge,0.2,19.36469998327084,0.06501712634307981,True,6212.2448979591845,0.35,0.18736666005481728,19.330100010847673,2,False,761
3,joint_no_history,34,DE,node,0.2,1.6380000161007047,0.0025367833587011668,True,9880.0,0.15,0.1390788282409492,1.6086999967228621,1,False,1482
3,joint_no_history,34,DE,edge,0.2,11.764299997594208,0.06501712634307981,True,6212.2448979591845,0.35,0.18736666005481728,11.733299994375557,2,False,761
3,joint_no_history,35,DE,node,0.2,1.6019000031519681,0.0025367833587011668,True,9880.0,0.15,0.1390788282409492,1.569899992318824,1,False,1482
3,joint_no_history,35,DE,edge,0.2,21.84609998948872,0.06501712634307981,True,6212.2448979591845,0.35,0.18736666005481728,21.799200010718778,2,False,761
3,joint_no_history,36,FR,node,0.2,2.6320000179111958,0.007955077211043519,True,14840.0,0.15,0.11348084078795563,2.587299997685477,1,False,2226
3,joint_no_history,36,FR,edge,0.2,16.913700004806742,0.002085195114685731,True,13456.0,0.25,0.14958288204907355,16.86519998474978,1,False,841
3,joint_no_history,37,DE,node,0.2,5.363100004615262,0.0025367833587011668,True,9880.0,0.15,0.1390788282409492,5.314200010616332,1,False,1482
3,joint_no_history,37,DE,edge,0.2,36.91760002402589,0.06501712634307981,True,6212.2448979591845,0.35,0.18736666005481728,36.85830000904389,2,False,761
3,joint_no_history,38,DE,node,0.2,4.580299981171265,0.0025367833587011668,True,9880.0,0.15,0.1390788282409492,4.526899982010946,1,False,1482
3,joint_no_history,38,DE,edge,0.2,28.633799985982478,0.06501712634307981,True,6212.2448979591845,0.35,0.18736666005481728,28.56239999528043,2,False,761
3,joint_no_history,39,DE,node,0.2,2.574300015112385,0.0025367833587011668,True,9880.0,0.15,0.1390788282409492,2.4640999909024686,1,False,1482
3,joint_no_history,39,DE,edge,0.2,31.726099987281486,0.06501712634307981,True,6212.2448979591845,0.35,0.18736666005481728,31.65910000097938,2,False,761
3,joint_no_history,40,DE,node,0.05,10.61259998823516,0.0039573820395738205,True,9894.0,0.5,0.03568754247350336,10.54020001902245,2,False,4947
3,joint_no_history,40,DE,edge,0.05,44.55749999033287,0.0,True,5833.0,1.0,0.0,44.500600022729486,1,True,5833
3,joint_no_history,41,FR,node,0.05,5.330700019840151,0.007573080706311503,True,14845.714285714286,0.35,0.043791420607427904,5.2893999963998795,1,False,5196
3,joint_no_history,41,FR,edge,0.05,31.619699992006645,0.0,True,13428.0,1.0,0.0,31.58920002169907,1,True,13428
3,joint_no_history,42,DE,node,0.05,3.966999996919185,0.0039573820395738205,True,9894.0,0.5,0.03568754247350336,3.917199996067211,2,False,4947
3,joint_no_history,42,DE,edge,0.05,25.398800004040822,0.0,True,5833.0,1.0,0.0,25.35619999980554,1,True,5833
3,joint_no_history,43,DE,node,0.05,5.4355000029318035,0.0039573820395738205,True,9894.0,0.5,0.03568754247350336,5.3807999938726425,2,False,4947
3,joint_no_history,43,DE,edge,0.05,47.31480000191368,0.0,True,5833.0,1.0,0.0,47.265400004107505,1,True,5833
3,joint_no_history,44,FR,node,0.05,7.595899980515242,0.007573080706311503,True,14845.714285714286,0.35,0.043791420607427904,7.536199991591275,1,False,5196
3,joint_no_history,44,FR,edge,0.05,68.50610001129098,0.0,True,13428.0,1.0,0.0,68.47099997685291,1,True,13428
3,joint_no_history,45,DE,node,0.05,7.214899989776313,0.0039573820395738205,True,9894.0,0.5,0.03568754247350336,7.159899978432804,2,False,4947
3,joint_no_history,45,DE,edge,0.05,51.932600006693974,0.0,True,5833.0,1.0,0.0,51.54929999844171,1,True,5833
3,joint_no_history,46,FR,node,0.05,4.2246000084560364,0.007573080706311503,True,14845.714285714286,0.35,0.043791420607427904,4.16479998966679,1,False,5196
3,joint_no_history,46,FR,edge,0.05,55.60289998538792,0.0,True,13428.0,1.0,0.0,55.53990000043996,1,True,13428
3,joint_no_history,47,DE,node,0.05,7.7467000228352845,0.0039573820395738205,True,9894.0,0.5,0.03568754247350336,7.69990001572296,2,False,4947
3,joint_no_history,47,DE,edge,0.05,41.202700027497485,0.0,True,5833.0,1.0,0.0,41.15140001522377,1,True,5833
3,joint_no_history,48,FR,node,0.05,5.357099988032132,0.007573080706311503,True,14845.714285714286,0.35,0.043791420607427904,5.329100007656962,1,False,5196
3,joint_no_history,48,FR,edge,0.05,44.07510001328774,0.0,True,13428.0,1.0,0.0,44.0367000119295,1,True,13428
3,joint_no_history,49,FR,node,0.05,5.402900016633794,0.007573080706311503,True,14845.714285714286,0.35,0.043791420607427904,5.361699993954971,1,False,5196
3,joint_no_history,49,FR,edge,0.05,50.66239999723621,0.0,True,13428.0,1.0,0.0,50.619699992239475,1,True,13428
3,joint_no_history,50,DE,node,0.2,3.743499983102083,0.0025367833587011668,True,9880.0,0.15,0.1390788282409492,3.680900001199916,1,False,1482
3,joint_no_history,50,DE,edge,0.2,38.94199998467229,0.06501712634307981,True,6212.2448979591845,0.35,0.18736666005481728,38.747800019336864,2,False,761
3,joint_no_history,51,DE,node,0.2,3.277899988461286,0.0025367833587011668,True,9880.0,0.15,0.1390788282409492,3.2242000161204487,1,False,1482
3,joint_no_history,51,DE,edge,0.2,38.452899985713884,0.06501712634307981,True,6212.2448979591845,0.35,0.18736666005481728,38.39110000990331,2,False,761
3,joint_no_history,52,FR,node,0.2,5.0002000061795115,0.007955077211043519,True,14840.0,0.15,0.11348084078795563,4.938300000503659,1,False,2226
3,joint_no_history,52,FR,edge,0.2,27.917300001718104,0.002085195114685731,True,13456.0,0.25,0.14958288204907355,27.83949999138713,1,False,841
3,joint_no_history,53,FR,node,0.2,3.412299993215129,0.007955077211043519,True,14840.0,0.15,0.11348084078795563,3.3728999842423946,1,False,2226
3,joint_no_history,53,FR,edge,0.2,18.04000002448447,0.002085195114685731,True,13456.0,0.25,0.14958288204907355,18.0071999784559,1,False,841
3,joint_no_history,54,DE,node,0.2,2.3425999970640987,0.0025367833587011668,True,9880.0,0.15,0.1390788282409492,2.3113999923225492,1,False,1482
3,joint_no_history,54,DE,edge,0.2,16.21609998983331,0.06501712634307981,True,6212.2448979591845,0.35,0.18736666005481728,16.176399978576228,2,False,761
3,joint_no_history,55,FR,node,0.2,1.664699986577034,0.007955077211043519,True,14840.0,0.15,0.11348084078795563,1.63720001000911,1,False,2226
3,joint_no_history,55,FR,edge,0.2,8.343099994817749,0.002085195114685731,True,13456.0,0.25,0.14958288204907355,8.32209998043254,1,False,841
3,joint_no_history,56,FR,node,0.2,1.3636999938171357,0.007955077211043519,True,14840.0,0.15,0.11348084078795563,1.33790000109002,1,False,2226
3,joint_no_history,56,FR,edge,0.2,11.849100003018975,0.002085195114685731,True,13456.0,0.25,0.14958288204907355,11.82620000327006,1,False,841
3,joint_no_history,57,FR,node,0.2,1.7195999971590936,0.007955077211043519,True,14840.0,0.15,0.11348084078795563,1.6934000013861805,1,False,2226
3,joint_no_history,57,FR,edge,0.2,11.188799981027842,0.002085195114685731,True,13456.0,0.25,0.14958288204907355,11.16550000733696,1,False,841
3,joint_no_history,58,FR,node,0.2,1.8481000151950866,0.007955077211043519,True,14840.0,0.15,0.11348084078795563,1.823400001740083,1,False,2226
3,joint_no_history,58,FR,edge,0.2,10.03950001904741,0.002085195114685731,True,13456.0,0.25,0.14958288204907355,10.014700004830956,1,False,841
3,joint_no_history,59,DE,node,0.2,1.6941000067163259,0.0025367833587011668,True,9880.0,0.15,0.1390788282409492,1.665599993430078,1,False,1482
3,joint_no_history,59,DE,edge,0.2,12.414700002409518,0.06501712634307981,True,6212.2448979591845,0.35,0.18736666005481728,12.382699991576374,2,False,761
3,exact,0,FR,node,0.2,3.8490000006277114,0.0,True,14959,1,0.0,3.8440999924205244,1,False,14959
3,exact,0,FR,edge,0.2,44.71929999999702,0.0,True,13428,1,0.0,44.711099995765835,1,False,13428
3,exact,1,FR,node,0.2,5.30119999893941,0.0,True,14959,1,0.0,5.2937000000383705,1,False,14959
3,exact,1,FR,edge,0.2,93.72460001031868,0.0,True,13428,1,0.0,93.7151999969501,1,False,13428
3,exact,2,FR,node,0.2,11.423499992815778,0.0,True,14959,1,0.0,11.414699984015897,1,False,14959
3,exact,2,FR,edge,0.2,84.57249999628402,0.0,True,13428,1,0.0,84.5621999760624,1,False,13428
3,exact,3,FR,node,0.2,12.219500000355765,0.0,True,14959,1,0.0,12.210599990794435,1,False,14959
3,exact,3,FR,edge,0.2,75.2572999917902,0.0,True,13428,1,0.0,75.24730000295676,1,False,13428
3,exact,4,DE,node,0.2,6.284599978243932,0.0,True,9855,1,0.0,6.277799984673038,1,False,9855
3,exact,4,DE,edge,0.2,36.59830000833608,0.0,True,5833,1,0.0,36.59129998413846,1,False,5833
3,exact,5,DE,node,0.2,5.640700022922829,0.0,True,9855,1,0.0,5.635599984088913,1,False,9855
3,exact,5,DE,edge,0.2,29.0069000038784,0.0,True,5833,1,0.0,29.002700001001358,1,False,5833
3,exact,6,FR,node,0.2,3.1070999975781888,0.0,True,14959,1,0.0,3.1024999916553497,1,False,14959
3,exact,6,FR,edge,0.2,80.87170001817867,0.0,True,13428,1,0.0,80.86310001090169,1,False,13428
3,exact,7,FR,node,0.2,11.023999977624044,0.0,True,14959,1,0.0,11.010599992005154,1,False,14959
3,exact,7,FR,edge,0.2,66.36080000316724,0.0,True,13428,1,0.0,66.34799999301322,1,False,13428
3,exact,8,FR,node,0.2,9.36520000686869,0.0,True,14959,1,0.0,9.357999981148168,1,False,14959
3,exact,8,FR,edge,0.2,57.39270002231933,0.0,True,13428,1,0.0,57.38729998120107,1,False,13428
3,exact,9,DE,node,0.2,4.439099982846528,0.0,True,9855,1,0.0,4.435400012880564,1,False,9855
3,exact,9,DE,edge,0.2,22.717299987562,0.0,True,5833,1,0.0,22.713599988492206,1,False,5833
3,exact,10,DE,node,0.05,4.971699992893264,0.0,True,9855,1,0.0,4.96640001074411,1,False,9855
3,exact,10,DE,edge,0.05,24.54860002035275,0.0,True,5833,1,0.0,24.53970001079142,1,False,5833
3,exact,11,DE,node,0.05,3.5386999952606857,0.0,True,9855,1,0.0,3.532900009304285,1,False,9855
3,exact,11,DE,edge,0.05,34.754599997540936,0.0,True,5833,1,0.0,34.74840000853874,1,False,5833
3,exact,12,FR,node,0.05,4.768400016473606,0.0,True,14959,1,0.0,4.761299991514534,1,False,14959
3,exact,12,FR,edge,0.05,50.724800006719306,0.0,True,13428,1,0.0,50.72020000079647,1,False,13428
3,exact,13,DE,node,0.05,3.313599998364225,0.0,True,9855,1,0.0,3.3082999871112406,1,False,9855
3,exact,13,DE,edge,0.05,26.887500018347055,0.0,True,5833,1,0.0,26.882800011662766,1,False,5833
3,exact,14,FR,node,0.05,5.004700011340901,0.0,True,14959,1,0.0,5.000599980121478,1,False,14959
3,exact,14,FR,edge,0.05,36.51450001052581,0.0,True,13428,1,0.0,36.510599980829284,1,False,13428
3,exact,15,FR,node,0.05,3.1778999837115407,0.0,True,14959,1,0.0,3.174400015268475,1,False,14959
3,exact,15,FR,edge,0.05,74.29669998236932,0.0,True,13428,1,0.0,74.2906000232324,1,False,13428
3,exact,16,DE,node,0.05,11.352400004398078,0.0,True,9855,1,0.0,11.343999998643994,1,False,9855
3,exact,16,DE,edge,0.05,46.73969998839311,0.0,True,5833,1,0.0,46.73400000319816,1,False,5833
3,exact,17,DE,node,0.05,7.803899992723018,0.0,True,9855,1,0.0,7.797199999913573,1,False,9855
3,exact,17,DE,edge,0.05,36.752100015291944,0.0,True,5833,1,0.0,36.74569999566302,1,False,5833
3,exact,18,FR,node,0.05,3.2922000100370497,0.0,True,14959,1,0.0,3.2848999835550785,1,False,14959
3,exact,18,FR,edge,0.05,52.211200003512204,0.0,True,13428,1,0.0,52.20460001146421,1,False,13428
3,exact,19,FR,node,0.05,5.11890000780113,0.0,True,14959,1,0.0,5.113599996548146,1,False,14959
3,exact,19,FR,edge,0.05,28.336199990008026,0.0,True,13428,1,0.0,28.327299980446696,1,False,13428
3,exact,20,DE,node,0.1,1.8626999808475375,0.0,True,9855,1,0.0,1.8592000124044716,1,False,9855
3,exact,20,DE,edge,0.1,27.8808000148274,0.0,True,5833,1,0.0,27.871500002220273,1,False,5833
3,exact,21,DE,node,0.1,16.895199980353937,0.0,True,9855,1,0.0,16.87230000970885,1,False,9855
3,exact,21,DE,edge,0.1,40.72940000332892,0.0,True,5833,1,0.0,40.71750000002794,1,False,5833
3,exact,22,FR,node,0.1,8.776199974818155,0.0,True,14959,1,0.0,8.765699982177466,1,False,14959
3,exact,22,FR,edge,0.1,82.64750000671484,0.0,True,13428,1,0.0,82.63669998268597,1,False,13428
3,exact,23,DE,node,0.1,7.135899999411777,0.0,True,9855,1,0.0,7.124600000679493,1,False,9855
3,exact,23,DE,edge,0.1,56.66390000260435,0.0,True,5833,1,0.0,56.65629997383803,1,False,5833
3,exact,24,DE,node,0.1,7.130599988158792,0.0,True,9855,1,0.0,7.121600006939843,1,False,9855
3,exact,24,DE,edge,0.1,46.72209999989718,0.0,True,5833,1,0.0,46.71239998424426,1,False,5833
3,exact,25,DE,node,0.1,6.567200005520135,0.0,True,9855,1,0.0,6.557899992913008,1,False,9855
3,exact,25,DE,edge,0.1,33.49729999899864,0.0,True,5833,1,0.0,33.484799991128966,1,False,5833
3,exact,26,FR,node,0.1,8.300899993628263,0.0,True,14959,1,0.0,8.292999991681427,1,False,14959
3,exact,26,FR,edge,0.1,82.52150000771508,0.0,True,13428,1,0.0,82.51300000119954,1,False,13428
3,exact,27,DE,node,0.1,8.492799999658018,0.0,True,9855,1,0.0,8.483300014631823,1,False,9855
3,exact,27,DE,edge,0.1,38.485400000354275,0.0,True,5833,1,0.0,38.478100002976134,1,False,5833
3,exact,28,FR,node,0.1,4.844400013098493,0.0,True,14959,1,0.0,4.839699977310374,1,False,14959
3,exact,28,FR,edge,0.1,66.54519998119213,0.0,True,13428,1,0.0,66.53579999692738,1,False,13428
3,exact,29,FR,node,0.1,8.248500002082437,0.0,True,14959,1,0.0,8.237200003350154,1,False,14959
3,exact,29,FR,edge,0.1,81.35650001349859,0.0,True,13428,1,0.0,81.33610000368208,1,False,13428
3,exact,30,FR,node,0.2,10.149900015676394,0.0,True,14959,1,0.0,10.142200015252456,1,False,14959
3,exact,30,FR,edge,0.2,78.45630001975223,0.0,True,13428,1,0.0,78.44610000029206,1,False,13428
3,exact,31,DE,node,0.2,7.093599997460842,0.0,True,9855,1,0.0,7.083300006343052,1,False,9855
3,exact,31,DE,edge,0.2,41.85680000227876,0.0,True,5833,1,0.0,41.845500003546476,1,False,5833
3,exact,32,DE,node,0.2,4.370999988168478,0.0,True,9855,1,0.0,4.362899984698743,1,False,9855
3,exact,32,DE,edge,0.2,53.50259999977425,0.0,True,5833,1,0.0,53.49349998869002,1,False,5833
3,exact,33,DE,node,0.2,7.875099981902167,0.0,True,9855,1,0.0,7.864899991545826,1,False,9855
3,exact,33,DE,edge,0.2,52.28679999709129,0.0,True,5833,1,0.0,52.279099996667355,1,False,5833
3,exact,34,DE,node,0.2,6.4147000084631145,0.0,True,9855,1,0.0,6.407099979696795,1,False,9855
3,exact,34,DE,edge,0.2,49.16830000001937,0.0,True,5833,1,0.0,49.15790000814013,1,False,5833
3,exact,35,DE,node,0.2,7.4668000161182135,0.0,True,9855,1,0.0,7.4583999812603,1,False,9855
3,exact,35,DE,edge,0.2,52.98249999759719,0.0,True,5833,1,0.0,52.973900019424036,1,False,5833
3,exact,36,FR,node,0.2,9.589499997673556,0.0,True,14959,1,0.0,9.57860000198707,1,False,14959
3,exact,36,FR,edge,0.2,54.58379999618046,0.0,True,13428,1,0.0,54.57240002579056,1,False,13428
3,exact,37,DE,node,0.2,8.88959999429062,0.0,True,9855,1,0.0,8.88219999615103,1,False,9855
3,exact,37,DE,edge,0.2,43.5676000197418,0.0,True,5833,1,0.0,43.558500008657575,1,False,5833
3,exact,38,DE,node,0.2,8.056699996814132,0.0,True,9855,1,0.0,8.046800008742139,1,False,9855
3,exact,38,DE,edge,0.2,53.43579998589121,0.0,True,5833,1,0.0,53.4254000231158,1,False,5833
3,exact,39,DE,node,0.2,5.952000006800517,0.0,True,9855,1,0.0,5.94130001263693,1,False,9855
3,exact,39,DE,edge,0.2,41.09529999550432,0.0,True,5833,1,0.0,41.08389999601059,1,False,5833
3,exact,40,DE,node,0.05,6.238100002519786,0.0,True,9855,1,0.0,6.231400009710342,1,False,9855
3,exact,40,DE,edge,0.05,35.748700000112876,0.0,True,5833,1,0.0,35.74099999968894,1,False,5833
3,exact,41,FR,node,0.05,8.950999996159226,0.0,True,14959,1,0.0,8.942599990405142,1,False,14959
3,exact,41,FR,edge,0.05,48.10020001605153,0.0,True,13428,1,0.0,48.09120000572875,1,False,13428
3,exact,42,DE,node,0.05,3.34840000141412,0.0,True,9855,1,0.0,3.342599986353889,1,False,9855
3,exact,42,DE,edge,0.05,26.793800003360957,0.0,True,5833,1,0.0,26.78449999075383,1,False,5833
3,exact,43,DE,node,0.05,4.381300008390099,0.0,True,9855,1,0.0,4.371899995021522,1,False,9855
3,exact,43,DE,edge,0.05,51.43819999648258,0.0,True,5833,1,0.0,51.428599981591105,1,False,5833
3,exact,44,FR,node,0.05,5.026800004998222,0.0,True,14959,1,0.0,5.020100012188777,1,False,14959
3,exact,44,FR,edge,0.05,41.04509999160655,0.0,True,13428,1,0.0,41.04019998339936,1,False,13428
3,exact,45,DE,node,0.05,2.2441000037360936,0.0,True,9855,1,0.0,2.2390999947674572,1,False,9855
3,exact,45,DE,edge,0.05,14.526899991324171,0.0,True,5833,1,0.0,14.523400022881106,1,False,5833
3,exact,46,FR,node,0.05,2.435399976093322,0.0,True,14959,1,0.0,2.4314000038430095,1,False,14959
3,exact,46,FR,edge,0.05,37.911999999778345,0.0,True,13428,1,0.0,37.89939999114722,1,False,13428
3,exact,47,DE,node,0.05,3.001000004587695,0.0,True,9855,1,0.0,2.9969999741297215,1,False,9855
3,exact,47,DE,edge,0.05,15.599600010318682,0.0,True,5833,1,0.0,15.596399985952303,1,False,5833
3,exact,48,FR,node,0.05,2.3344000219367445,0.0,True,14959,1,0.0,2.3314999998547137,1,False,14959
3,exact,48,FR,edge,0.05,76.59509999211878,0.0,True,13428,1,0.0,76.58679998712614,1,False,13428
3,exact,49,FR,node,0.05,7.33990001026541,0.0,True,14959,1,0.0,7.32950001838617,1,False,14959
3,exact,49,FR,edge,0.05,77.88340002298355,0.0,True,13428,1,0.0,77.87660000030883,1,False,13428
3,exact,50,DE,node,0.2,5.905199999688193,0.0,True,9855,1,0.0,5.895600013900548,1,False,9855
3,exact,50,DE,edge,0.2,52.07649999647401,0.0,True,5833,1,0.0,52.07080001127906,1,False,5833
3,exact,51,DE,node,0.2,5.430299992440268,0.0,True,9855,1,0.0,5.426300020189956,1,False,9855
3,exact,51,DE,edge,0.2,33.94499997375533,0.0,True,5833,1,0.0,33.93890001461841,1,False,5833
3,exact,52,FR,node,0.2,5.355200002668425,0.0,True,14959,1,0.0,5.344500008504838,1,False,14959
3,exact,52,FR,edge,0.2,75.82769999862649,0.0,True,13428,1,0.0,75.8205000020098,1,False,13428
3,exact,53,FR,node,0.2,8.196899987524375,0.0,True,14959,1,0.0,8.187500003259629,1,False,14959
3,exact,53,FR,edge,0.2,72.10799999302253,0.0,True,13428,1,0.0,72.10230000782758,1,False,13428
3,exact,54,DE,node,0.2,3.977799991844222,0.0,True,9855,1,0.0,3.9730999851599336,1,False,9855
3,exact,54,DE,edge,0.2,35.527999978512526,0.0,True,5833,1,0.0,35.521999991033226,1,False,5833
3,exact,55,FR,node,0.2,6.741200020769611,0.0,True,14959,1,0.0,6.735900009516627,1,False,14959
3,exact,55,FR,edge,0.2,42.13519999757409,0.0,True,13428,1,0.0,42.12929998175241,1,False,13428
3,exact,56,FR,node,0.2,4.513399995630607,0.0,True,14959,1,0.0,4.50849998742342,1,False,14959
3,exact,56,FR,edge,0.2,44.48080001748167,0.0,True,13428,1,0.0,44.475500006228685,1,False,13428
3,exact,57,FR,node,0.2,4.346900008386001,0.0,True,14959,1,0.0,4.342400003224611,1,False,14959
3,exact,57,FR,edge,0.2,40.091300004860386,0.0,True,13428,1,0.0,40.08210002211854,1,False,13428
3,exact,58,FR,node,0.2,4.792099993210286,0.0,True,14959,1,0.0,4.785199998877943,1,False,14959
3,exact,58,FR,edge,0.2,49.370699998689815,0.0,True,13428,1,0.0,49.363300000550225,1,False,13428
3,exact,59,DE,node,0.2,9.537899983115494,0.0,True,9855,1,0.0,9.52829999732785,1,False,9855
3,exact,59,DE,edge,0.2,31.70210000826046,0.0,True,5833,1,0.0,31.693500000983477,1,False,5833
4,exact,0,FR,node,0.2,4.6233999892137945,0.0,True,14959,1,0.0,4.6162999933585525,1,False,14959
4,exact,0,FR,edge,0.2,61.5385000128299,0.0,True,13428,1,0.0,61.52819999260828,1,False,13428
4,exact,1,FR,node,0.2,5.770699994172901,0.0,True,14959,1,0.0,5.762700020568445,1,False,14959
4,exact,1,FR,edge,0.2,41.115400003036484,0.0,True,13428,1,0.0,41.10509998281486,1,False,13428
4,exact,2,DE,node,0.2,6.5648000163491815,0.0,True,9855,1,0.0,6.559800007380545,1,False,9855
4,exact,2,DE,edge,0.2,35.74669998488389,0.0,True,5833,1,0.0,35.74069999740459,1,False,5833
4,exact,3,DE,node,0.2,5.701999994926155,0.0,True,9855,1,0.0,5.6961999798659235,1,False,9855
4,exact,3,DE,edge,0.2,30.171899998094887,0.0,True,5833,1,0.0,30.1669999898877,1,False,5833
4,exact,4,FR,node,0.2,4.408599983435124,0.0,True,14959,1,0.0,4.402999999001622,1,False,14959
4,exact,4,FR,edge,0.2,38.39899998274632,0.0,True,13428,1,0.0,38.3927000220865,1,False,13428
4,exact,5,DE,node,0.2,4.931800009217113,0.0,True,9855,1,0.0,4.927500005578622,1,False,9855
4,exact,5,DE,edge,0.2,22.100299975136295,0.0,True,5833,1,0.0,22.09240000229329,1,False,5833
4,exact,6,FR,node,0.2,6.354299985105172,0.0,True,14959,1,0.0,6.347799993818626,1,False,14959
4,exact,6,FR,edge,0.2,46.1150000046473,0.0,True,13428,1,0.0,46.11019999720156,1,False,13428
4,exact,7,FR,node,0.2,4.975799995008856,0.0,True,14959,1,0.0,4.9672000168357044,1,False,14959
4,exact,7,FR,edge,0.2,39.9872999987565,0.0,True,13428,1,0.0,39.95420000865124,1,False,13428
4,exact,8,FR,node,0.2,5.2180000056978315,0.0,True,14959,1,0.0,5.214200005866587,1,False,14959
4,exact,8,FR,edge,0.2,39.084100018953905,0.0,True,13428,1,0.0,39.073599997209385,1,False,13428
4,exact,9,DE,node,0.2,7.509899995056912,0.0,True,9855,1,0.0,7.50289999996312,1,False,9855
4,exact,9,DE,edge,0.2,24.482500011799857,0.0,True,5833,1,0.0,24.477999977534637,1,False,5833
4,exact,10,DE,node,0.05,4.235500004142523,0.0,True,9855,1,0.0,4.231200000504032,1,False,9855
4,exact,10,DE,edge,0.05,40.48080000211485,0.0,True,5833,1,0.0,40.47350000473671,1,False,5833
4,exact,11,FR,node,0.05,8.166999992681667,0.0,True,14959,1,0.0,8.157100004609674,1,False,14959
4,exact,11,FR,edge,0.05,48.75409998930991,0.0,True,13428,1,0.0,48.74520000885241,1,False,13428
4,exact,12,DE,node,0.05,4.602300003170967,0.0,True,9855,1,0.0,4.59450000198558,1,False,9855
4,exact,12,DE,edge,0.05,32.14960001059808,0.0,True,5833,1,0.0,32.1401999972295,1,False,5833
4,exact,13,DE,node,0.05,5.829600006109104,0.0,True,9855,1,0.0,5.811600014567375,1,False,9855
4,exact,13,DE,edge,0.05,39.26730001694523,0.0,True,5833,1,0.0,39.25979998894036,1,False,5833
4,exact,14,DE,node,0.05,4.513099993346259,0.0,True,9855,1,0.0,4.50559999444522,1,False,9855
4,exact,14,DE,edge,0.05,33.0054999794811,0.0,True,5833,1,0.0,33.000299998093396,1,False,5833
4,exact,15,DE,node,0.05,6.52210001135245,0.0,True,9855,1,0.0,6.5175999770872295,1,False,9855
4,exact,15,DE,edge,0.05,28.802100016037002,0.0,True,5833,1,0.0,28.79360000952147,1,False,5833
4,exact,16,FR,node,0.05,6.475700007285923,0.0,True,14959,1,0.0,6.470400025136769,1,False,14959
4,exact,16,FR,edge,0.05,45.15160000300966,0.0,True,13428,1,0.0,45.14329999801703,1,False,13428
4,exact,17,DE,node,0.05,5.580400000326335,0.0,True,9855,1,0.0,5.570699984673411,1,False,9855
4,exact,17,DE,edge,0.05,24.516700010281056,0.0,True,5833,1,0.0,24.50989998760633,1,False,5833
4,exact,18,DE,node,0.05,6.350500014377758,0.0,True,9855,1,0.0,6.344099994748831,1,False,9855
4,exact,18,DE,edge,0.05,34.79720000177622,0.0,True,5833,1,0.0,34.79239999433048,1,False,5833
4,exact,19,FR,node,0.05,5.553800001507625,0.0,True,14959,1,0.0,5.520900012925267,1,False,14959
4,exact,19,FR,edge,0.05,38.744799996493384,0.0,True,13428,1,0.0,38.737300026696175,1,False,13428
4,exact,20,DE,node,0.1,4.7685999888926744,0.0,True,9855,1,0.0,4.759700008435175,1,False,9855
4,exact,20,DE,edge,0.1,33.92379998695105,0.0,True,5833,1,0.0,33.9179000002332,1,False,5833
4,exact,21,DE,node,0.1,5.635200010146946,0.0,True,9855,1,0.0,5.627399979857728,1,False,9855
4,exact,21,DE,edge,0.1,34.94339997996576,0.0,True,5833,1,0.0,34.93470000103116,1,False,5833
4,exact,22,DE,node,0.1,7.28059999528341,0.0,True,9855,1,0.0,7.274100003996864,1,False,9855
4,exact,22,DE,edge,0.1,40.9147999889683,0.0,True,5833,1,0.0,40.9090000030119,1,False,5833
4,exact,23,FR,node,0.1,6.95770001038909,0.0,True,14959,1,0.0,6.951499992283061,1,False,14959
4,exact,23,FR,edge,0.1,61.13560000085272,0.0,True,13428,1,0.0,61.12980001489632,1,False,13428
4,exact,24,FR,node,0.1,5.857500014826655,0.0,True,14959,1,0.0,5.851699999766424,1,False,14959
4,exact,24,FR,edge,0.1,42.087300011189654,0.0,True,13428,1,0.0,42.07860000315122,1,False,13428
4,exact,25,FR,node,0.1,5.659899994498119,0.0,True,14959,1,0.0,5.654699984006584,1,False,14959
4,exact,25,FR,edge,0.1,46.75649999990128,0.0,True,13428,1,0.0,46.743999992031604,1,False,13428
4,exact,26,DE,node,0.1,6.907400005729869,0.0,True,9855,1,0.0,6.89980000606738,1,False,9855
4,exact,26,DE,edge,0.1,26.19199999026023,0.0,True,5833,1,0.0,26.185000024270266,1,False,5833
4,exact,27,DE,node,0.1,5.685100011760369,0.0,True,9855,1,0.0,5.67910002428107,1,False,9855
4,exact,27,DE,edge,0.1,22.208799986401573,0.0,True,5833,1,0.0,22.20469998428598,1,False,5833
4,exact,28,DE,node,0.1,5.91899998835288,0.0,True,9855,1,0.0,5.914700013818219,1,False,9855
4,exact,28,DE,edge,0.1,22.451700002420694,0.0,True,5833,1,0.0,22.44790000258945,1,False,5833
4,exact,29,FR,node,0.1,8.00370000069961,0.0,True,14959,1,0.0,7.998700020834804,1,False,14959
4,exact,29,FR,edge,0.1,38.59479998936877,0.0,True,13428,1,0.0,38.59079998801462,1,False,13428
4,exact,30,DE,node,0.2,3.160099993692711,0.0,True,9855,1,0.0,3.1558000191580504,1,False,9855
4,exact,30,DE,edge,0.2,28.425199998309836,0.0,True,5833,1,0.0,28.420499991625547,1,False,5833
4,exact,31,DE,node,0.2,3.6483000149019063,0.0,True,9855,1,0.0,3.6438999813981354,1,False,9855
4,exact,31,DE,edge,0.2,38.99040000396781,0.0,True,5833,1,0.0,38.98680000565946,1,False,5833
4,exact,32,DE,node,0.2,7.131799997296184,0.0,True,9855,1,0.0,7.126999989850447,1,False,9855
4,exact,32,DE,edge,0.2,26.160099980188534,0.0,True,5833,1,0.0,26.153700018767267,1,False,5833
4,exact,33,DE,node,0.2,5.280199984554201,0.0,True,9855,1,0.0,5.275699979392812,1,False,9855
4,exact,33,DE,edge,0.2,29.733400006080046,0.0,True,5833,1,0.0,29.728000023169443,1,False,5833
4,exact,34,DE,node,0.2,3.466499998467043,0.0,True,9855,1,0.0,3.46260002697818,1,False,9855
4,exact,34,DE,edge,0.2,35.58480000356212,0.0,True,5833,1,0.0,35.578599985456094,1,False,5833
4,exact,35,FR,node,0.2,7.198900013463572,0.0,True,14959,1,0.0,7.189500000094995,1,False,14959
4,exact,35,FR,edge,0.2,38.896000012755394,0.0,True,13428,1,0.0,38.89100000378676,1,False,13428
4,exact,36,DE,node,0.2,4.2471000051591545,0.0,True,9855,1,0.0,4.239599977154285,1,False,9855
4,exact,36,DE,edge,0.2,36.174200009554625,0.0,True,5833,1,0.0,36.16410001995973,1,False,5833
4,exact,37,DE,node,0.2,5.56789999245666,0.0,True,9855,1,0.0,5.560299992794171,1,False,9855
4,exact,37,DE,edge,0.2,30.16229998320341,0.0,True,5833,1,0.0,30.152699997415766,1,False,5833
4,exact,38,FR,node,0.2,8.07919999351725,0.0,True,14959,1,0.0,8.0733000067994,1,False,14959
4,exact,38,FR,edge,0.2,48.010800004703924,0.0,True,13428,1,0.0,48.003100004279986,1,False,13428
4,exact,39,FR,node,0.2,7.115300017176196,0.0,True,14959,1,0.0,7.110500009730458,1,False,14959
4,exact,39,FR,edge,0.2,44.795699999667704,0.0,True,13428,1,0.0,44.78650001692586,1,False,13428
4,exact,40,DE,node,0.05,6.6547000024002045,0.0,True,9855,1,0.0,6.647200003499165,1,False,9855
4,exact,40,DE,edge,0.05,43.84670002036728,0.0,True,5833,1,0.0,43.84199998457916,1,False,5833
4,exact,41,FR,node,0.05,5.57969999499619,0.0,True,14959,1,0.0,5.572800000663847,1,False,14959
4,exact,41,FR,edge,0.05,42.839800007641315,0.0,True,13428,1,0.0,42.832399980397895,1,False,13428
4,exact,42,FR,node,0.05,7.179499982157722,0.0,True,14959,1,0.0,7.173199992394075,1,False,14959
4,exact,42,FR,edge,0.05,62.78420001035556,0.0,True,13428,1,0.0,62.77990000671707,1,False,13428
4,exact,43,DE,node,0.05,4.672299983212724,0.0,True,9855,1,0.0,4.6660000225529075,1,False,9855
4,exact,43,DE,edge,0.05,47.77560001821257,0.0,True,5833,1,0.0,47.76549999951385,1,False,5833
4,exact,44,FR,node,0.05,7.780700019793585,0.0,True,14959,1,0.0,7.774700003210455,1,False,14959
4,exact,44,FR,edge,0.05,62.32669999008067,0.0,True,13428,1,0.0,62.32019999879412,1,False,13428
4,exact,45,DE,node,0.05,5.91009997879155,0.0,True,9855,1,0.0,5.901800002902746,1,False,9855
4,exact,45,DE,edge,0.05,37.99989999970421,0.0,True,5833,1,0.0,37.990400014678016,1,False,5833
4,exact,46,FR,node,0.05,8.802199998172,0.0,True,14959,1,0.0,8.796100009931251,1,False,14959
4,exact,46,FR,edge,0.05,43.90620000776835,0.0,True,13428,1,0.0,43.90140000032261,1,False,13428
4,exact,47,DE,node,0.05,4.054500022903085,0.0,True,9855,1,0.0,4.046499991090968,1,False,9855
4,exact,47,DE,edge,0.05,32.924999977694824,0.0,True,5833,1,0.0,32.91559999343008,1,False,5833
4,exact,48,DE,node,0.05,5.962900002487004,0.0,True,9855,1,0.0,5.957699991995469,1,False,9855
4,exact,48,DE,edge,0.05,41.21429999941029,0.0,True,5833,1,0.0,41.2069000012707,1,False,5833
4,exact,49,DE,node,0.05,7.411500002490357,0.0,True,9855,1,0.0,7.402999995974824,1,False,9855
4,exact,49,DE,edge,0.05,33.13170000910759,0.0,True,5833,1,0.0,33.12239999650046,1,False,5833
4,exact,50,DE,node,0.2,6.841499998699874,0.0,True,9855,1,0.0,6.836500018835068,1,False,9855
4,exact,50,DE,edge,0.2,33.045000018319115,0.0,True,5833,1,0.0,33.04090001620352,1,False,5833
4,exact,51,DE,node,0.2,5.573200003709644,0.0,True,9855,1,0.0,5.563299986533821,1,False,9855
4,exact,51,DE,edge,0.2,30.210400000214577,0.0,True,5833,1,0.0,30.200000008335337,1,False,5833
4,exact,52,DE,node,0.2,5.312400026014075,0.0,True,9855,1,0.0,5.302399978972971,1,False,9855
4,exact,52,DE,edge,0.2,34.79959999094717,0.0,True,5833,1,0.0,34.790100005920976,1,False,5833
4,exact,53,DE,node,0.2,5.569500004639849,0.0,True,9855,1,0.0,5.565499974181876,1,False,9855
4,exact,53,DE,edge,0.2,45.020699995802715,0.0,True,5833,1,0.0,45.016299991402775,1,False,5833
4,exact,54,DE,node,0.2,7.768899988150224,0.0,True,9855,1,0.0,7.75769999017939,1,False,9855
4,exact,54,DE,edge,0.2,42.32209999463521,0.0,True,5833,1,0.0,42.31439999421127,1,False,5833
4,exact,55,FR,node,0.2,7.426700001815334,0.0,True,14959,1,0.0,7.418199995299801,1,False,14959
4,exact,55,FR,edge,0.2,66.81419999222271,0.0,True,13428,1,0.0,66.8073000269942,1,False,13428
4,exact,56,DE,node,0.2,3.4863000037148595,0.0,True,9855,1,0.0,3.482700005406514,1,False,9855
4,exact,56,DE,edge,0.2,31.00250000716187,0.0,True,5833,1,0.0,30.993399996077642,1,False,5833
4,exact,57,FR,node,0.2,9.186300012515858,0.0,True,14959,1,0.0,9.171499987132847,1,False,14959
4,exact,57,FR,edge,0.2,80.90920001268387,0.0,True,13428,1,0.0,80.89740001014434,1,False,13428
4,exact,58,DE,node,0.2,4.935500008286908,0.0,True,9855,1,0.0,4.930200026137754,1,False,9855
4,exact,58,DE,edge,0.2,20.613200002117082,0.0,True,5833,1,0.0,20.607299986295402,1,False,5833
4,exact,59,FR,node,0.2,7.340100011788309,0.0,True,14959,1,0.0,7.335700007388368,1,False,14959
4,exact,59,FR,edge,0.2,76.33959999657236,0.0,True,13428,1,0.0,76.33049998548813,1,False,13428
4,joint_no_history,0,FR,node,0.2,8.177899988368154,0.0005125119771821565,True,14966.666666666668,0.15,0.11299961197667854,8.105999993858859,1,False,2245
4,joint_no_history,0,FR,edge,0.2,28.45450001768768,0.04319332737563301,True,12848.0,0.25,0.1530812930176161,28.400000010151416,1,False,803
4,joint_no_history,1,FR,node,0.2,5.943600001046434,0.0005125119771821565,True,14966.666666666668,0.15,0.11299961197667854,5.875700007891282,1,False,2245
4,joint_no_history,1,FR,edge,0.2,29.71080000861548,0.04319332737563301,True,12848.0,0.25,0.1530812930176161,29.647800023667514,1,False,803
4,joint_no_history,2,DE,node,0.2,7.825499982573092,0.01911043463554867,True,9666.666666666668,0.15,0.14060511622845565,7.377600006293505,1,False,1450
4,joint_no_history,2,DE,edge,0.2,42.84759997972287,0.00483876046561272,True,5861.224489795919,0.35,0.19289564447262664,42.783599987160414,2,False,718
4,joint_no_history,3,DE,node,0.2,3.347999998368323,0.01911043463554867,True,9666.666666666668,0.15,0.14060511622845565,3.3060999994631857,1,False,1450
4,joint_no_history,3,DE,edge,0.2,30.362899997271597,0.00483876046561272,True,5861.224489795919,0.35,0.19289564447262664,30.311800015624613,2,False,718
4,joint_no_history,4,FR,node,0.2,3.126900002826005,0.0005125119771821565,True,14966.666666666668,0.15,0.11299961197667854,3.0984999903012067,1,False,2245
4,joint_no_history,4,FR,edge,0.2,17.70209998358041,0.04319332737563301,True,12848.0,0.25,0.1530812930176161,17.67870000912808,1,False,803
4,joint_no_history,5,DE,node,0.2,4.028600000310689,0.01911043463554867,True,9666.666666666668,0.15,0.14060511622845565,3.9803999825380743,1,False,1450
4,joint_no_history,5,DE,edge,0.2,42.954000004101545,0.00483876046561272,True,5861.224489795919,0.35,0.19289564447262664,42.89939999580383,2,False,718
4,joint_no_history,6,FR,node,0.2,5.700999987311661,0.0005125119771821565,True,14966.666666666668,0.15,0.11299961197667854,5.636199988657609,1,False,2245
4,joint_no_history,6,FR,edge,0.2,25.418100005481392,0.04319332737563301,True,12848.0,0.25,0.1530812930176161,25.358700018841773,1,False,803
4,joint_no_history,7,FR,node,0.2,5.404800001997501,0.0005125119771821565,True,14966.666666666668,0.15,0.11299961197667854,5.246499989880249,1,False,2245
4,joint_no_history,7,FR,edge,0.2,29.020899994065985,0.04319332737563301,True,12848.0,0.25,0.1530812930176161,28.94899999955669,1,False,803
4,joint_no_history,8,FR,node,0.2,5.714400002034381,0.0005125119771821565,True,14966.666666666668,0.15,0.11299961197667854,5.650499981129542,1,False,2245
4,joint_no_history,8,FR,edge,0.2,27.45699998922646,0.04319332737563301,True,12848.0,0.25,0.1530812930176161,27.38620000309311,1,False,803
4,joint_no_history,9,DE,node,0.2,3.4262000117450953,0.01911043463554867,True,9666.666666666668,0.15,0.14060511622845565,3.3893999934662133,1,False,1450
4,joint_no_history,9,DE,edge,0.2,36.85840000980534,0.00483876046561272,True,5861.224489795919,0.35,0.19289564447262664,36.798100016312674,2,False,718
4,joint_no_history,10,DE,node,0.05,8.95779998973012,0.006798579401319127,True,9922.0,0.5,0.03563715156640932,8.84960000985302,2,False,4961
4,joint_no_history,10,DE,edge,0.05,44.72949999035336,0.0,True,5833.0,1.0,0.0,44.66909999609925,1,True,5833
4,joint_no_history,11,FR,node,0.05,5.268700013402849,0.0010218406501581378,True,14974.285714285716,0.35,0.043603015514830215,5.208799993852153,1,False,5241
4,joint_no_history,11,FR,edge,0.05,70.92790000024252,0.0,True,13428.0,1.0,0.0,70.8982000069227,1,True,13428
4,joint_no_history,12,DE,node,0.05,8.174900023732334,0.006798579401319127,True,9922.0,0.5,0.03563715156640932,8.11919997795485,2,False,4961
4,joint_no_history,12,DE,edge,0.05,36.52759999386035,0.0,True,5833.0,1.0,0.0,36.469099984969944,1,True,5833
4,joint_no_history,13,DE,node,0.05,12.273300002561882,0.006798579401319127,True,9922.0,0.5,0.03563715156640932,12.201500008814037,2,False,4961
4,joint_no_history,13,DE,edge,0.05,45.960299990838394,0.0,True,5833.0,1.0,0.0,45.903699996415526,1,True,5833
4,joint_no_history,14,DE,node,0.05,8.162899990566075,0.006798579401319127,True,9922.0,0.5,0.03563715156640932,8.108400012133643,2,False,4961
4,joint_no_history,14,DE,edge,0.05,43.140599998878315,0.0,True,5833.0,1.0,0.0,43.0861999921035,1,True,5833
4,joint_no_history,15,DE,node,0.05,7.02279998222366,0.006798579401319127,True,9922.0,0.5,0.03563715156640932,6.976399978157133,2,False,4961
4,joint_no_history,15,DE,edge,0.05,43.196899991016835,0.0,True,5833.0,1.0,0.0,43.1484000000637,1,True,5833
4,joint_no_history,16,FR,node,0.05,4.518000001553446,0.0010218406501581378,True,14974.285714285716,0.35,0.043603015514830215,4.491500003496185,1,False,5241
4,joint_no_history,16,FR,edge,0.05,61.12210001447238,0.0,True,13428.0,1.0,0.0,61.0791000071913,1,True,13428
4,joint_no_history,17,DE,node,0.05,6.036700011463836,0.006798579401319127,True,9922.0,0.5,0.03563715156640932,5.972300015855581,2,False,4961
4,joint_no_history,17,DE,edge,0.05,34.797799977241084,0.0,True,5833.0,1.0,0.0,34.748699981719255,1,True,5833
4,joint_no_history,18,DE,node,0.05,8.926000009523705,0.006798579401319127,True,9922.0,0.5,0.03563715156640932,8.871700003510341,2,False,4961
4,joint_no_history,18,DE,edge,0.05,33.52019999874756,0.0,True,5833.0,1.0,0.0,33.49299999536015,1,True,5833
4,joint_no_history,19,FR,node,0.05,4.4621000124607235,0.0010218406501581378,True,14974.285714285716,0.35,0.043603015514830215,4.407500004163012,1,False,5241
4,joint_no_history,19,FR,edge,0.05,81.86360000399873,0.0,True,13428.0,1.0,0.0,81.80799998808652,1,True,13428
4,joint_no_history,20,DE,node,0.1,5.058699985966086,0.004769152714358194,True,9808.0,0.25,0.08374935121736883,4.9968000093940645,1,False,2452
4,joint_no_history,20,DE,edge,0.1,39.409999997587875,0.02131550374307098,True,5957.333333333333,0.75,0.06383127643532432,39.3515000178013,1,False,3351
4,joint_no_history,21,DE,node,0.1,5.206799978623167,0.004769152714358194,True,9808.0,0.25,0.08374935121736883,5.15450001694262,1,False,2452
4,joint_no_history,21,DE,edge,0.1,66.297699988354,0.02131550374307098,True,5957.333333333333,0.75,0.06383127643532432,66.2636999913957,1,False,3351
4,joint_no_history,22,DE,node,0.1,2.4837999953888357,0.004769152714358194,True,9808.0,0.25,0.08374935121736883,2.4581000034231693,1,False,2452
4,joint_no_history,22,DE,edge,0.1,25.088399997912347,0.02131550374307098,True,5957.333333333333,0.75,0.06383127643532432,25.063800014322624,1,False,3351
4,joint_no_history,23,FR,node,0.1,1.9978999916929752,0.004211511464670099,True,14896.0,0.25,0.06795741461582262,1.9717999966815114,1,False,3724
4,joint_no_history,23,FR,edge,0.1,29.34740000637248,0.01519213583556747,True,13632.0,0.75,0.042196816857249866,29.323599999770522,1,False,7668
4,joint_no_history,24,FR,node,0.1,1.6534999886061996,0.004211511464670099,True,14896.0,0.25,0.06795741461582262,1.6192999901250005,1,False,3724
4,joint_no_history,24,FR,edge,0.1,29.155600001104176,0.01519213583556747,True,13632.0,0.75,0.042196816857249866,29.12970000761561,1,False,7668
4,joint_no_history,25,FR,node,0.1,1.7278000013902783,0.004211511464670099,True,14896.0,0.25,0.06795741461582262,1.6907000099308789,1,False,3724
4,joint_no_history,25,FR,edge,0.1,55.08660001214594,0.01519213583556747,True,13632.0,0.75,0.042196816857249866,55.05660001654178,1,False,7668
4,joint_no_history,26,DE,node,0.1,4.134899994824082,0.004769152714358194,True,9808.0,0.25,0.08374935121736883,4.075300006661564,1,False,2452
4,joint_no_history,26,DE,edge,0.1,42.570300021907315,0.02131550374307098,True,5957.333333333333,0.75,0.06383127643532432,42.48319999896921,1,False,3351
4,joint_no_history,27,DE,node,0.1,2.9913000180386007,0.004769152714358194,True,9808.0,0.25,0.08374935121736883,2.955100004328415,1,False,2452
4,joint_no_history,27,DE,edge,0.1,32.141300005605444,0.02131550374307098,True,5957.333333333333,0.75,0.06383127643532432,32.09950000746176,1,False,3351
4,joint_no_history,28,DE,node,0.1,3.330100007588044,0.004769152714358194,True,9808.0,0.25,0.08374935121736883,3.251700021792203,1,False,2452
4,joint_no_history,28,DE,edge,0.1,47.819400002481416,0.02131550374307098,True,5957.333333333333,0.75,0.06383127643532432,47.75789999985136,1,False,3351
4,joint_no_history,29,FR,node,0.1,5.788500013295561,0.004211511464670099,True,14896.0,0.25,0.06795741461582262,5.7406999985687435,1,False,3724
4,joint_no_history,29,FR,edge,0.1,57.95600000419654,0.01519213583556747,True,13632.0,0.75,0.042196816857249866,57.8984999738168,1,False,7668
4,joint_no_history,30,DE,node,0.2,5.1444999990053475,0.01911043463554867,True,9666.666666666668,0.15,0.14060511622845565,5.079499998828396,1,False,1450
4,joint_no_history,30,DE,edge,0.2,40.60050001135096,0.00483876046561272,True,5861.224489795919,0.35,0.19289564447262664,40.53830000339076,2,False,718
4,joint_no_history,31,DE,node,0.2,4.4726000051014125,0.01911043463554867,True,9666.666666666668,0.15,0.14060511622845565,4.413200018461794,1,False,1450
4,joint_no_history,31,DE,edge,0.2,40.25920000276528,0.00483876046561272,True,5861.224489795919,0.35,0.19289564447262664,40.1854999945499,2,False,718
4,joint_no_history,32,DE,node,0.2,4.704999999376014,0.01911043463554867,True,9666.666666666668,0.15,0.14060511622845565,4.650500020943582,1,False,1450
4,joint_no_history,32,DE,edge,0.2,40.77479999978095,0.00483876046561272,True,5861.224489795919,0.35,0.19289564447262664,40.7007000176236,2,False,718
4,joint_no_history,33,DE,node,0.2,6.776599999284372,0.01911043463554867,True,9666.666666666668,0.15,0.14060511622845565,6.714400020428002,1,False,1450
4,joint_no_history,33,DE,edge,0.2,35.68559998529963,0.00483876046561272,True,5861.224489795919,0.35,0.19289564447262664,35.609700018540025,2,False,718
4,joint_no_history,34,DE,node,0.2,3.5293999826535583,0.01911043463554867,True,9666.666666666668,0.15,0.14060511622845565,3.4824999747797847,1,False,1450
4,joint_no_history,34,DE,edge,0.2,34.218499989947304,0.00483876046561272,True,5861.224489795919,0.35,0.19289564447262664,34.14049997809343,2,False,718
4,joint_no_history,35,FR,node,0.2,4.168799991020933,0.0005125119771821565,True,14966.666666666668,0.15,0.11299961197667854,4.1006999963428825,1,False,2245
4,joint_no_history,35,FR,edge,0.2,21.822000009706244,0.04319332737563301,True,12848.0,0.25,0.1530812930176161,21.766899997601286,1,False,803
4,joint_no_history,36,DE,node,0.2,3.8881000073160976,0.01911043463554867,True,9666.666666666668,0.15,0.14060511622845565,3.847399988444522,1,False,1450
4,joint_no_history,36,DE,edge,0.2,33.311399980448186,0.00483876046561272,True,5861.224489795919,0.35,0.19289564447262664,33.252299996092916,2,False,718
4,joint_no_history,37,DE,node,0.2,5.96199999563396,0.01911043463554867,True,9666.666666666668,0.15,0.14060511622845565,5.893399997148663,1,False,1450
4,joint_no_history,37,DE,edge,0.2,39.054499997291714,0.00483876046561272,True,5861.224489795919,0.35,0.19289564447262664,38.97240001242608,2,False,718
4,joint_no_history,38,FR,node,0.2,5.00929998815991,0.0005125119771821565,True,14966.666666666668,0.15,0.11299961197667854,4.958799981977791,1,False,2245
4,joint_no_history,38,FR,edge,0.2,21.615800011204556,0.04319332737563301,True,12848.0,0.25,0.1530812930176161,21.57360001001507,1,False,803
4,joint_no_history,39,FR,node,0.2,2.9098000086378306,0.0005125119771821565,True,14966.666666666668,0.15,0.11299961197667854,2.875200007110834,1,False,2245
4,joint_no_history,39,FR,edge,0.2,20.20329999504611,0.04319332737563301,True,12848.0,0.25,0.1530812930176161,20.149099989794195,1,False,803
4,joint_no_history,40,DE,node,0.05,7.493300014175475,0.006798579401319127,True,9922.0,0.5,0.03563715156640932,7.437499996740371,2,False,4961
4,joint_no_history,40,DE,edge,0.05,48.44959999900311,0.0,True,5833.0,1.0,0.0,48.39380001067184,1,True,5833
4,joint_no_history,41,FR,node,0.05,7.144200004404411,0.0010218406501581378,True,14974.285714285716,0.35,0.043603015514830215,7.100400020135567,1,False,5241
4,joint_no_history,41,FR,edge,0.05,57.368399982806295,0.0,True,13428.0,1.0,0.0,57.31609999202192,1,True,13428
4,joint_no_history,42,FR,node,0.05,3.247300017392263,0.0010218406501581378,True,14974.285714285716,0.35,0.043603015514830215,3.208900016034022,1,False,5241
4,joint_no_history,42,FR,edge,0.05,69.3044999788981,0.0,True,13428.0,1.0,0.0,69.25579998642206,1,True,13428
4,joint_no_history,43,DE,node,0.05,9.102500014705583,0.006798579401319127,True,9922.0,0.5,0.03563715156640932,9.035499999299645,2,False,4961
4,joint_no_history,43,DE,edge,0.05,50.43649999424815,0.0,True,5833.0,1.0,0.0,50.37920002359897,1,True,5833
4,joint_no_history,44,FR,node,0.05,9.168399992631748,0.0010218406501581378,True,14974.285714285716,0.35,0.043603015514830215,9.111199993640184,1,False,5241
4,joint_no_history,44,FR,edge,0.05,43.823499989230186,0.0,True,13428.0,1.0,0.0,43.735999992350116,1,True,13428
4,joint_no_history,45,DE,node,0.05,4.502000025240704,0.006798579401319127,True,9922.0,0.5,0.03563715156640932,4.461799981072545,2,False,4961
4,joint_no_history,45,DE,edge,0.05,34.396200004266575,0.0,True,5833.0,1.0,0.0,34.35349999926984,1,True,5833
4,joint_no_history,46,FR,node,0.05,3.0215999868232757,0.0010218406501581378,True,14974.285714285716,0.35,0.043603015514830215,2.989000000525266,1,False,5241
4,joint_no_history,46,FR,edge,0.05,50.05119999987073,0.0,True,13428.0,1.0,0.0,49.98300000443123,1,True,13428
4,joint_no_history,47,DE,node,0.05,7.5969000172335654,0.006798579401319127,True,9922.0,0.5,0.03563715156640932,7.51920000766404,2,False,4961
4,joint_no_history,47,DE,edge,0.05,40.688600012799725,0.0,True,5833.0,1.0,0.0,40.60919999028556,1,True,5833
4,joint_no_history,48,DE,node,0.05,10.878400004003197,0.006798579401319127,True,9922.0,0.5,0.03563715156640932,10.78300000517629,2,False,4961
4,joint_no_history,48,DE,edge,0.05,47.7373999892734,0.0,True,5833.0,1.0,0.0,47.67470000660978,1,True,5833
4,joint_no_history,49,DE,node,0.05,10.238599992590025,0.006798579401319127,True,9922.0,0.5,0.03563715156640932,10.171600006287917,2,False,4961
4,joint_no_history,49,DE,edge,0.05,35.77029998996295,0.0,True,5833.0,1.0,0.0,35.69360001711175,1,True,5833
4,joint_no_history,50,DE,node,0.2,3.5829000116791576,0.01911043463554867,True,9666.666666666668,0.15,0.14060511622845565,3.544999985024333,1,False,1450
4,joint_no_history,50,DE,edge,0.2,21.099899982800707,0.00483876046561272,True,5861.224489795919,0.35,0.19289564447262664,21.052800031611696,2,False,718
4,joint_no_history,51,DE,node,0.2,4.74409997696057,0.01911043463554867,True,9666.666666666668,0.15,0.14060511622845565,4.709800006821752,1,False,1450
4,joint_no_history,51,DE,edge,0.2,24.306900013471022,0.00483876046561272,True,5861.224489795919,0.35,0.19289564447262664,24.26139998715371,2,False,718
4,joint_no_history,52,DE,node,0.2,6.7992999975103885,0.01911043463554867,True,9666.666666666668,0.15,0.14060511622845565,6.7380999971646816,1,False,1450
4,joint_no_history,52,DE,edge,0.2,39.99319998547435,0.00483876046561272,True,5861.224489795919,0.35,0.19289564447262664,39.935799984959885,2,False,718
4,joint_no_history,53,DE,node,0.2,5.1620999875012785,0.01911043463554867,True,9666.666666666668,0.15,0.14060511622845565,5.105499993078411,1,False,1450
4,joint_no_history,53,DE,edge,0.2,32.94629999436438,0.00483876046561272,True,5861.224489795919,0.35,0.19289564447262664,32.87500003352761,2,False,718
4,joint_no_history,54,DE,node,0.2,4.908900009468198,0.01911043463554867,True,9666.666666666668,0.15,0.14060511622845565,4.850900004385039,1,False,1450
4,joint_no_history,54,DE,edge,0.2,51.0853000159841,0.00483876046561272,True,5861.224489795919,0.35,0.19289564447262664,51.022899977397174,2,False,718
4,joint_no_history,55,FR,node,0.2,4.487099999096245,0.0005125119771821565,True,14966.666666666668,0.15,0.11299961197667854,4.442199977347627,1,False,2245
4,joint_no_history,55,FR,edge,0.2,26.124500000150874,0.04319332737563301,True,12848.0,0.25,0.1530812930176161,26.078399998368695,1,False,803
4,joint_no_history,56,DE,node,0.2,7.047200022498146,0.01911043463554867,True,9666.666666666668,0.15,0.14060511622845565,6.969600013690069,1,False,1450
4,joint_no_history,56,DE,edge,0.2,40.356900019105524,0.00483876046561272,True,5861.224489795919,0.35,0.19289564447262664,40.29989999253303,2,False,718
4,joint_no_history,57,FR,node,0.2,3.401900001335889,0.0005125119771821565,True,14966.666666666668,0.15,0.11299961197667854,3.354599990416318,1,False,2245
4,joint_no_history,57,FR,edge,0.2,16.986999980872497,0.04319332737563301,True,12848.0,0.25,0.1530812930176161,16.953299986198545,1,False,803
4,joint_no_history,58,DE,node,0.2,2.299099985975772,0.01911043463554867,True,9666.666666666668,0.15,0.14060511622845565,2.268500014906749,1,False,1450
4,joint_no_history,58,DE,edge,0.2,24.426599993603304,0.00483876046561272,True,5861.224489795919,0.35,0.19289564447262664,24.396499997237697,2,False,718
4,joint_no_history,59,FR,node,0.2,2.1630999981425703,0.0005125119771821565,True,14966.666666666668,0.15,0.11299961197667854,2.138400013791397,1,False,2245
4,joint_no_history,59,FR,edge,0.2,9.16680000955239,0.04319332737563301,True,12848.0,0.25,0.1530812930176161,9.128599980613217,1,False,803
4,no_history,0,FR,node,0.2,2.66100000590086,0.0005125119771821565,True,14966.666666666668,0.15,0.04135743054462943,2.6348000101279467,1,False,2245
4,no_history,0,FR,edge,0.2,14.729899994563311,0.04319332737563301,True,12848.0,0.25,0.08287379558878734,14.707700000144541,1,False,803
4,no_history,1,FR,node,0.2,4.588700016029179,0.0005125119771821565,True,14966.666666666668,0.15,0.04135743054462943,4.556300002150238,1,False,2245
4,no_history,1,FR,edge,0.2,8.904899994377047,0.04319332737563301,True,12848.0,0.25,0.08287379558878734,8.870199992088601,1,False,803
4,no_history,2,DE,node,0.2,1.4227999781724066,0.01911043463554867,True,9666.666666666668,0.15,0.051460940678610886,1.4023000258021057,1,False,1450
4,no_history,2,DE,edge,0.2,10.043600021163002,0.05640322304131665,True,5504.0,0.25,0.1266180967518343,10.023499984527007,1,False,344
4,no_history,3,DE,node,0.2,3.868699976010248,0.01911043463554867,True,9666.666666666668,0.15,0.051460940678610886,3.828899993095547,1,False,1450
4,no_history,3,DE,edge,0.2,5.012999987229705,0.05640322304131665,True,5504.0,0.25,0.1266180967518343,4.99300000956282,1,False,344
4,no_history,4,FR,node,0.2,2.723800018429756,0.0005125119771821565,True,14966.666666666668,0.15,0.04135743054462943,2.6845000102184713,1,False,2245
4,no_history,4,FR,edge,0.2,11.178199987625703,0.04319332737563301,True,12848.0,0.25,0.08287379558878734,11.156200023833662,1,False,803
4,no_history,5,DE,node,0.2,1.808900007745251,0.01911043463554867,True,9666.666666666668,0.15,0.051460940678610886,1.7832000157795846,1,False,1450
4,no_history,5,DE,edge,0.2,4.990400018868968,0.05640322304131665,True,5504.0,0.25,0.1266180967518343,4.968199995346367,1,False,344
4,no_history,6,FR,node,0.2,1.188099995488301,0.0005125119771821565,True,14966.666666666668,0.15,0.04135743054462943,1.1636000126600266,1,False,2245
4,no_history,6,FR,edge,0.2,8.906500006560236,0.04319332737563301,True,12848.0,0.25,0.08287379558878734,8.881600020686164,1,False,803
4,no_history,7,FR,node,0.2,2.45939998421818,0.0005125119771821565,True,14966.666666666668,0.15,0.04135743054462943,2.434900001389906,1,False,2245
4,no_history,7,FR,edge,0.2,14.092500001424924,0.04319332737563301,True,12848.0,0.25,0.08287379558878734,14.067100011743605,1,False,803
4,no_history,8,FR,node,0.2,3.574500005925074,0.0005125119771821565,True,14966.666666666668,0.15,0.04135743054462943,3.5497999924700707,1,False,2245
4,no_history,8,FR,edge,0.2,9.590200003003702,0.04319332737563301,True,12848.0,0.25,0.08287379558878734,9.55200000316836,1,False,803
4,no_history,9,DE,node,0.2,2.082399994833395,0.01911043463554867,True,9666.666666666668,0.15,0.051460940678610886,2.058900019619614,1,False,1450
4,no_history,9,DE,edge,0.2,9.6246000030078,0.05640322304131665,True,5504.0,0.25,0.1266180967518343,9.59629999124445,1,False,344
4,no_history,10,DE,node,0.05,3.3238999894820154,0.004769152714358194,True,9808.0,0.25,0.03527950111611212,3.2873000018298626,2,False,2452
4,no_history,10,DE,edge,0.05,32.24719999707304,0.02131550374307098,True,5957.333333333333,0.75,0.039465495962659664,32.21649999613874,1,False,3351
4,no_history,11,FR,node,0.05,2.280299988342449,0.0005125119771821565,True,14966.666666666668,0.15,0.04135743054462943,2.2424999915529042,1,False,2245
4,no_history,11,FR,edge,0.05,44.06270000617951,0.01519213583556747,True,13632.0,0.75,0.026089378096711444,44.02259999187663,1,False,7668
4,no_history,12,DE,node,0.05,9.539399994537234,0.004769152714358194,True,9808.0,0.25,0.03527950111611212,9.469900018302724,2,False,2452
4,no_history,12,DE,edge,0.05,28.515799989691004,0.02131550374307098,True,5957.333333333333,0.75,0.039465495962659664,28.473999991547316,1,False,3351
4,no_history,13,DE,node,0.05,2.913000003900379,0.004769152714358194,True,9808.0,0.25,0.03527950111611212,2.8788999770767987,2,False,2452
4,no_history,13,DE,edge,0.05,29.9593000090681,0.02131550374307098,True,5957.333333333333,0.75,0.039465495962659664,29.890099976910278,1,False,3351
4,no_history,14,DE,node,0.05,6.49679999332875,0.004769152714358194,True,9808.0,0.25,0.03527950111611212,6.415799987735227,2,False,2452
4,no_history,14,DE,edge,0.05,43.06930000893772,0.02131550374307098,True,5957.333333333333,0.75,0.039465495962659664,43.0128000152763,1,False,3351
4,no_history,15,DE,node,0.05,4.827500000828877,0.004769152714358194,True,9808.0,0.25,0.03527950111611212,4.7725999902468175,2,False,2452
4,no_history,15,DE,edge,0.05,40.21500001545064,0.02131550374307098,True,5957.333333333333,0.75,0.039465495962659664,40.16200001933612,1,False,3351
4,no_history,16,FR,node,0.05,6.196500005898997,0.0005125119771821565,True,14966.666666666668,0.15,0.04135743054462943,6.114999996498227,1,False,2245
4,no_history,16,FR,edge,0.05,69.54870000481606,0.01519213583556747,True,13632.0,0.75,0.026089378096711444,69.47780001792125,1,False,7668
4,no_history,17,DE,node,0.05,11.368899984518066,0.004769152714358194,True,9808.0,0.25,0.03527950111611212,11.284900014288723,2,False,2452
4,no_history,17,DE,edge,0.05,45.78730001230724,0.02131550374307098,True,5957.333333333333,0.75,0.039465495962659664,45.721600006800145,1,False,3351
4,no_history,18,DE,node,0.05,9.336000017356128,0.004769152714358194,True,9808.0,0.25,0.03527950111611212,9.266200009733438,2,False,2452
4,no_history,18,DE,edge,0.05,41.01280000759289,0.02131550374307098,True,5957.333333333333,0.75,0.039465495962659664,40.954000025521964,1,False,3351
4,no_history,19,FR,node,0.05,5.647199985105544,0.0005125119771821565,True,14966.666666666668,0.15,0.04135743054462943,5.5853000085335225,1,False,2245
4,no_history,19,FR,edge,0.05,75.12549997773021,0.01519213583556747,True,13632.0,0.75,0.026089378096711444,75.068599981023,1,False,7668
4,no_history,20,DE,node,0.1,3.227400011382997,0.01911043463554867,True,9666.666666666668,0.15,0.051460940678610886,3.1967000104486942,1,False,1450
4,no_history,20,DE,edge,0.1,29.591500002425164,0.00017143836790673754,True,5832.0,0.5,0.0650715671433832,29.531599982874468,2,False,1458
4,no_history,21,DE,node,0.1,4.425200022524223,0.01911043463554867,True,9666.666666666668,0.15,0.051460940678610886,4.380500002298504,1,False,1450
4,no_history,21,DE,edge,0.1,25.177800009259954,0.00017143836790673754,True,5832.0,0.5,0.0650715671433832,25.129200017545372,2,False,1458
4,no_history,22,DE,node,0.1,3.742100001545623,0.01911043463554867,True,9666.666666666668,0.15,0.051460940678610886,3.711700002895668,1,False,1450
4,no_history,22,DE,edge,0.1,43.36829998646863,0.00017143836790673754,True,5832.0,0.5,0.0650715671433832,43.31920002005063,2,False,1458
4,no_history,23,FR,node,0.1,5.414399987785146,0.0005125119771821565,True,14966.666666666668,0.15,0.04135743054462943,5.314199981512502,1,False,2245
4,no_history,23,FR,edge,0.1,33.21799999685027,0.024882517797109736,True,13093.87755102041,0.35,0.07846017944875262,33.178199984831735,1,False,1604
4,no_history,24,FR,node,0.1,5.173400015337393,0.0005125119771821565,True,14966.666666666668,0.15,0.04135743054462943,5.124999996041879,1,False,2245
4,no_history,24,FR,edge,0.1,24.61839999887161,0.024882517797109736,True,13093.87755102041,0.35,0.07846017944875262,24.570600013248622,1,False,1604
4,no_history,25,FR,node,0.1,3.4380000142846256,0.0005125119771821565,True,14966.666666666668,0.15,0.04135743054462943,3.407000011065975,1,False,2245
4,no_history,25,FR,edge,0.1,21.01189998211339,0.024882517797109736,True,13093.87755102041,0.35,0.07846017944875262,20.9737999830395,1,False,1604
4,no_history,26,DE,node,0.1,6.846000003861263,0.01911043463554867,True,9666.666666666668,0.15,0.051460940678610886,6.813699990743771,1,False,1450
4,no_history,26,DE,edge,0.1,23.79730000393465,0.00017143836790673754,True,5832.0,0.5,0.0650715671433832,23.763800010783598,2,False,1458
4,no_history,27,DE,node,0.1,2.512100007152185,0.01911043463554867,True,9666.666666666668,0.15,0.051460940678610886,2.472199994372204,1,False,1450
4,no_history,27,DE,edge,0.1,20.05199997802265,0.00017143836790673754,True,5832.0,0.5,0.0650715671433832,20.017000002553686,2,False,1458
4,no_history,28,DE,node,0.1,1.666199997998774,0.01911043463554867,True,9666.666666666668,0.15,0.051460940678610886,1.6357999993488193,1,False,1450
4,no_history,28,DE,edge,0.1,31.564900011289865,0.00017143836790673754,True,5832.0,0.5,0.0650715671433832,31.5254999732133,2,False,1458
4,no_history,29,FR,node,0.1,1.5177999739535153,0.0005125119771821565,True,14966.666666666668,0.15,0.04135743054462943,1.4956000086385757,1,False,2245
4,no_history,29,FR,edge,0.1,22.193299984792247,0.024882517797109736,True,13093.87755102041,0.35,0.07846017944875262,22.168600000441074,1,False,1604
4,no_history,30,DE,node,0.2,1.7521000117994845,0.01911043463554867,True,9666.666666666668,0.15,0.051460940678610886,1.724000001559034,1,False,1450
4,no_history,30,DE,edge,0.2,4.841299989493564,0.05640322304131665,True,5504.0,0.25,0.1266180967518343,4.80640001478605,1,False,344
4,no_history,31,DE,node,0.2,1.5857999969739467,0.01911043463554867,True,9666.666666666668,0.15,0.051460940678610886,1.56309999874793,1,False,1450
4,no_history,31,DE,edge,0.2,5.969199992250651,0.05640322304131665,True,5504.0,0.25,0.1266180967518343,5.935799999861047,1,False,344
4,no_history,32,DE,node,0.2,1.158399973064661,0.01911043463554867,True,9666.666666666668,0.15,0.051460940678610886,1.1354000016581267,1,False,1450
4,no_history,32,DE,edge,0.2,7.658199989236891,0.05640322304131665,True,5504.0,0.25,0.1266180967518343,7.6280999928712845,1,False,344
4,no_history,33,DE,node,0.2,2.938899997388944,0.01911043463554867,True,9666.666666666668,0.15,0.051460940678610886,2.898099977755919,1,False,1450
4,no_history,33,DE,edge,0.2,18.01780000096187,0.05640322304131665,True,5504.0,0.25,0.1266180967518343,17.9675999970641,1,False,344
4,no_history,34,DE,node,0.2,8.35759998881258,0.01911043463554867,True,9666.666666666668,0.15,0.051460940678610886,8.117399993352592,1,False,1450
4,no_history,34,DE,edge,0.2,17.466299992520362,0.05640322304131665,True,5504.0,0.25,0.1266180967518343,17.398699972545728,1,False,344
4,no_history,35,FR,node,0.2,6.180500000482425,0.0005125119771821565,True,14966.666666666668,0.15,0.04135743054462943,5.756600003223866,1,False,2245
4,no_history,35,FR,edge,0.2,28.55480002472177,0.04319332737563301,True,12848.0,0.25,0.08287379558878734,28.48969999467954,1,False,803
4,no_history,36,DE,node,0.2,5.28200002736412,0.01911043463554867,True,9666.666666666668,0.15,0.051460940678610886,5.217600002652034,1,False,1450
4,no_history,36,DE,edge,0.2,18.7525000073947,0.05640322304131665,True,5504.0,0.25,0.1266180967518343,18.695900012971833,1,False,344
4,no_history,37,DE,node,0.2,4.417399992235005,0.01911043463554867,True,9666.666666666668,0.15,0.051460940678610886,4.3713000195566565,1,False,1450
4,no_history,37,DE,edge,0.2,15.868599992245436,0.05640322304131665,True,5504.0,0.25,0.1266180967518343,15.82189998589456,1,False,344
4,no_history,38,FR,node,0.2,5.306499981088564,0.0005125119771821565,True,14966.666666666668,0.15,0.04135743054462943,5.2457999845501035,1,False,2245
4,no_history,38,FR,edge,0.2,29.49149999767542,0.04319332737563301,True,12848.0,0.25,0.08287379558878734,29.43219998269342,1,False,803
4,no_history,39,FR,node,0.2,8.396300021559,0.0005125119771821565,True,14966.666666666668,0.15,0.04135743054462943,8.327799994731322,1,False,2245
4,no_history,39,FR,edge,0.2,26.698000001488253,0.04319332737563301,True,12848.0,0.25,0.08287379558878734,26.64950001053512,1,False,803
4,no_history,40,DE,node,0.05,9.829199989326298,0.004769152714358194,True,9808.0,0.25,0.03527950111611212,9.756900020875037,2,False,2452
4,no_history,40,DE,edge,0.05,40.941799990832806,0.02131550374307098,True,5957.333333333333,0.75,0.039465495962659664,40.88299997965805,1,False,3351
4,no_history,41,FR,node,0.05,4.611599986674264,0.0005125119771821565,True,14966.666666666668,0.15,0.04135743054462943,4.5686999801546335,1,False,2245
4,no_history,41,FR,edge,0.05,46.9089999969583,0.01519213583556747,True,13632.0,0.75,0.026089378096711444,46.8747999984771,1,False,7668
4,no_history,42,FR,node,0.05,2.8494999860413373,0.0005125119771821565,True,14966.666666666668,0.15,0.04135743054462943,2.82100000185892,1,False,2245
4,no_history,42,FR,edge,0.05,66.29469999461435,0.01519213583556747,True,13632.0,0.75,0.026089378096711444,66.2292999913916,1,False,7668
4,no_history,43,DE,node,0.05,9.476799983531237,0.004769152714358194,True,9808.0,0.25,0.03527950111611212,9.405699995113537,2,False,2452
4,no_history,43,DE,edge,0.05,44.84919999958947,0.02131550374307098,True,5957.333333333333,0.75,0.039465495962659664,44.77000000770204,1,False,3351
4,no_history,44,FR,node,0.05,5.615900008706376,0.0005125119771821565,True,14966.666666666668,0.15,0.04135743054462943,5.551400012336671,1,False,2245
4,no_history,44,FR,edge,0.05,50.56750000221655,0.01519213583556747,True,13632.0,0.75,0.026089378096711444,50.332500017248094,1,False,7668
4,no_history,45,DE,node,0.05,9.159100009128451,0.004769152714358194,True,9808.0,0.25,0.03527950111611212,9.069699997780845,2,False,2452
4,no_history,45,DE,edge,0.05,40.033800003584474,0.02131550374307098,True,5957.333333333333,0.75,0.039465495962659664,39.99410002143122,1,False,3351
4,no_history,46,FR,node,0.05,4.435799986822531,0.0005125119771821565,True,14966.666666666668,0.15,0.04135743054462943,4.397600016091019,1,False,2245
4,no_history,46,FR,edge,0.05,38.467600010335445,0.01519213583556747,True,13632.0,0.75,0.026089378096711444,38.426100014476106,1,False,7668
4,no_history,47,DE,node,0.05,8.006399992154911,0.004769152714358194,True,9808.0,0.25,0.03527950111611212,7.9752999590709805,2,False,2452
4,no_history,47,DE,edge,0.05,24.61069999844767,0.02131550374307098,True,5957.333333333333,0.75,0.039465495962659664,24.586499988799915,1,False,3351
4,no_history,48,DE,node,0.05,2.936799981398508,0.004769152714358194,True,9808.0,0.25,0.03527950111611212,2.90839999797754,2,False,2452
4,no_history,48,DE,edge,0.05,23.912200005725026,0.02131550374307098,True,5957.333333333333,0.75,0.039465495962659664,23.887299990747124,1,False,3351
4,no_history,49,DE,node,0.05,5.218899983447045,0.004769152714358194,True,9808.0,0.25,0.03527950111611212,5.189499963307753,2,False,2452
4,no_history,49,DE,edge,0.05,28.884700004709885,0.02131550374307098,True,5957.333333333333,0.75,0.039465495962659664,28.86029999353923,1,False,3351
4,no_history,50,DE,node,0.2,3.2722000032663345,0.01911043463554867,True,9666.666666666668,0.15,0.051460940678610886,3.2313999836333096,1,False,1450
4,no_history,50,DE,edge,0.2,13.144500000635162,0.05640322304131665,True,5504.0,0.25,0.1266180967518343,13.102800003252923,1,False,344
4,no_history,51,DE,node,0.2,2.2357999987434596,0.01911043463554867,True,9666.666666666668,0.15,0.051460940678610886,2.1983000042382628,1,False,1450
4,no_history,51,DE,edge,0.2,13.234000012744218,0.05640322304131665,True,5504.0,0.25,0.1266180967518343,13.201399997342378,1,False,344
4,no_history,52,DE,node,0.2,5.441499990411103,0.01911043463554867,True,9666.666666666668,0.15,0.051460940678610886,5.399600020609796,1,False,1450
4,no_history,52,DE,edge,0.2,20.29179999954067,0.05640322304131665,True,5504.0,0.25,0.1266180967518343,20.245599996997043,1,False,344
4,no_history,53,DE,node,0.2,6.399400008376688,0.01911043463554867,True,9666.666666666668,0.15,0.051460940678610886,6.337099999655038,1,False,1450
4,no_history,53,DE,edge,0.2,16.495400021085516,0.05640322304131665,True,5504.0,0.25,0.1266180967518343,16.43270000931807,1,False,344
4,no_history,54,DE,node,0.2,3.0795999919064343,0.01911043463554867,True,9666.666666666668,0.15,0.051460940678610886,3.0280999781098217,1,False,1450
4,no_history,54,DE,edge,0.2,9.552100003929809,0.05640322304131665,True,5504.0,0.25,0.1266180967518343,9.496300015598536,1,False,344
4,no_history,55,FR,node,0.2,3.132499987259507,0.0005125119771821565,True,14966.666666666668,0.15,0.04135743054462943,3.087499993853271,1,False,2245
4,no_history,55,FR,edge,0.2,18.63849998335354,0.04319332737563301,True,12848.0,0.25,0.08287379558878734,18.57939999899827,1,False,803
4,no_history,56,DE,node,0.2,6.00500000291504,0.01911043463554867,True,9666.666666666668,0.15,0.051460940678610886,5.897800001548603,1,False,1450
4,no_history,56,DE,edge,0.2,13.040299993008375,0.05640322304131665,True,5504.0,0.25,0.1266180967518343,12.981300009414554,1,False,344
4,no_history,57,FR,node,0.2,5.0577000074554235,0.0005125119771821565,True,14966.666666666668,0.15,0.04135743054462943,5.0069999997504056,1,False,2245
4,no_history,57,FR,edge,0.2,16.517999989446253,0.04319332737563301,True,12848.0,0.25,0.08287379558878734,16.47259999299422,1,False,803
4,no_history,58,DE,node,0.2,5.4945000156294554,0.01911043463554867,True,9666.666666666668,0.15,0.051460940678610886,5.4355000029318035,1,False,1450
4,no_history,58,DE,edge,0.2,17.35419998294674,0.05640322304131665,True,5504.0,0.25,0.1266180967518343,17.3095999925863,1,False,344
4,no_history,59,FR,node,0.2,5.3397000010591,0.0005125119771821565,True,14966.666666666668,0.15,0.04135743054462943,5.270499998005107,1,False,2245
4,no_history,59,FR,edge,0.2,27.70460001192987,0.04319332737563301,True,12848.0,0.25,0.08287379558878734,27.65239999280311,1,False,803
5,joint_no_history,0,DE,node,0.2,4.9186999967787415,0.03737527481819707,True,9486.666666666668,0.15,0.14193276874121677,4.8285000084433705,1,False,1423
5,joint_no_history,0,DE,edge,0.2,42.04170001321472,0.0006402698229987593,True,5836.734693877552,0.35,0.1932998970525419,41.952499974286184,2,False,715
5,joint_no_history,1,FR,node,0.2,6.858500011730939,0.0275642311206185,True,14546.666666666668,0.15,0.11461929997651378,6.781599979149178,1,False,2182
5,joint_no_history,1,FR,edge,0.2,28.046199993696064,0.0420017873100983,True,12864.0,0.25,0.15298606358817138,27.91349997278303,1,False,804
5,joint_no_history,2,FR,node,0.2,4.61809997796081,0.0275642311206185,True,14546.666666666668,0.15,0.11461929997651378,4.568599979393184,1,False,2182
5,joint_no_history,2,FR,edge,0.2,28.07640001992695,0.0420017873100983,True,12864.0,0.25,0.15298606358817138,28.01549999276176,1,False,804
5,joint_no_history,3,FR,node,0.2,6.41969998832792,0.0275642311206185,True,14546.666666666668,0.15,0.11461929997651378,6.344099994748831,1,False,2182
5,joint_no_history,3,FR,edge,0.2,25.78870000434108,0.0420017873100983,True,12864.0,0.25,0.15298606358817138,25.739400007296354,1,False,804
5,joint_no_history,4,FR,node,0.2,4.483900003833696,0.0275642311206185,True,14546.666666666668,0.15,0.11461929997651378,4.425699997227639,1,False,2182
5,joint_no_history,4,FR,edge,0.2,27.26159998564981,0.0420017873100983,True,12864.0,0.25,0.15298606358817138,27.210000000195578,1,False,804
5,joint_no_history,5,DE,node,0.2,5.830400012200698,0.03737527481819707,True,9486.666666666668,0.15,0.14193276874121677,5.77969997539185,1,False,1423
5,joint_no_history,5,DE,edge,0.2,39.57629998330958,0.0006402698229987593,True,5836.734693877552,0.35,0.1932998970525419,39.51609999057837,2,False,715
5,joint_no_history,6,DE,node,0.2,4.142299992963672,0.03737527481819707,True,9486.666666666668,0.15,0.14193276874121677,4.100899997865781,1,False,1423
5,joint_no_history,6,DE,edge,0.2,41.09869999228977,0.0006402698229987593,True,5836.734693877552,0.35,0.1932998970525419,41.042600001674145,2,False,715
5,joint_no_history,7,DE,node,0.2,4.599299980327487,0.03737527481819707,True,9486.666666666668,0.15,0.14193276874121677,4.5405999990180135,1,False,1423
5,joint_no_history,7,DE,edge,0.2,43.705100018996745,0.0006402698229987593,True,5836.734693877552,0.35,0.1932998970525419,43.63450003438629,2,False,715
5,joint_no_history,8,DE,node,0.2,5.199399980483577,0.03737527481819707,True,9486.666666666668,0.15,0.14193276874121677,5.108099983772263,1,False,1423
5,joint_no_history,8,DE,edge,0.2,38.363899977412075,0.0006402698229987593,True,5836.734693877552,0.35,0.1932998970525419,38.309099996695295,2,False,715
5,joint_no_history,9,DE,node,0.2,4.464700003154576,0.03737527481819707,True,9486.666666666668,0.15,0.14193276874121677,4.437099996721372,1,False,1423
5,joint_no_history,9,DE,edge,0.2,39.04579998925328,0.0006402698229987593,True,5836.734693877552,0.35,0.1932998970525419,38.99919998366386,2,False,715
5,joint_no_history,10,FR,node,0.05,5.443799978820607,0.004077812688014026,True,15020.000000000002,0.35,0.043536610731557075,5.402999988291413,1,False,5257
5,joint_no_history,10,FR,edge,0.05,43.44660000060685,0.0,True,13428.0,1.0,0.0,43.41350001050159,1,True,13428
5,joint_no_history,11,DE,node,0.05,3.3180000027641654,0.00030441400304414006,True,9858.0,0.5,0.035752645979987896,3.2868000271264464,2,False,4929
5,joint_no_history,11,DE,edge,0.05,28.131600003689528,0.0,True,5833.0,1.0,0.0,28.10279998811893,1,True,5833
5,joint_no_history,12,DE,node,0.05,3.7765000015497208,0.00030441400304414006,True,9858.0,0.5,0.035752645979987896,3.740299987839535,2,False,4929
5,joint_no_history,12,DE,edge,0.05,33.61630000290461,0.0,True,5833.0,1.0,0.0,33.57439997489564,1,True,5833
5,joint_no_history,13,FR,node,0.05,4.9956000002566725,0.004077812688014026,True,15020.000000000002,0.35,0.043536610731557075,4.935400007525459,1,False,5257
5,joint_no_history,13,FR,edge,0.05,58.87170002097264,0.0,True,13428.0,1.0,0.0,58.8133999845013,1,True,13428
5,joint_no_history,14,FR,node,0.05,5.611900007352233,0.004077812688014026,True,15020.000000000002,0.35,0.043536610731557075,5.5605000234209,1,False,5257
5,joint_no_history,14,FR,edge,0.05,59.30860000080429,0.0,True,13428.0,1.0,0.0,59.26249999902211,1,True,13428
5,joint_no_history,15,FR,node,0.05,4.454899986740202,0.004077812688014026,True,15020.000000000002,0.35,0.043536610731557075,4.387099994346499,1,False,5257
5,joint_no_history,15,FR,edge,0.05,65.82479999633506,0.0,True,13428.0,1.0,0.0,65.78730000182986,1,True,13428
5,joint_no_history,16,DE,node,0.05,6.6325000079814345,0.00030441400304414006,True,9858.0,0.5,0.035752645979987896,6.581299967365339,2,False,4929
5,joint_no_history,16,DE,edge,0.05,37.06480000982992,0.0,True,5833.0,1.0,0.0,37.01309999451041,1,True,5833
5,joint_no_history,17,FR,node,0.05,6.885700015118346,0.004077812688014026,True,15020.000000000002,0.35,0.043536610731557075,6.829499994637445,1,False,5257
5,joint_no_history,17,FR,edge,0.05,69.08200000179932,0.0,True,13428.0,1.0,0.0,69.03610000154004,1,True,13428
5,joint_no_history,18,DE,node,0.05,7.982300012372434,0.00030441400304414006,True,9858.0,0.5,0.035752645979987896,7.934700028272346,2,False,4929
5,joint_no_history,18,DE,edge,0.05,30.662300006952137,0.0,True,5833.0,1.0,0.0,30.599999998230487,1,True,5833
5,joint_no_history,19,FR,node,0.05,4.2323000088799745,0.004077812688014026,True,15020.000000000002,0.35,0.043536610731557075,4.181800002697855,1,False,5257
5,joint_no_history,19,FR,edge,0.05,55.26389999431558,0.0,True,13428.0,1.0,0.0,55.23139997967519,1,True,13428
5,joint_no_history,20,FR,node,0.1,4.9165000091306865,0.007420282104418745,True,14848.0,0.25,0.06806717094243836,4.863499983912334,1,False,3712
5,joint_no_history,20,FR,edge,0.1,67.56880000466481,0.02399629298646281,True,13105.777777777777,0.75,0.04303562155298883,67.5072000012733,1,False,7372
5,joint_no_history,21,FR,node,0.1,7.072000007610768,0.007420282104418745,True,14848.0,0.25,0.06806717094243836,6.99019999592565,1,False,3712
5,joint_no_history,21,FR,edge,0.1,55.13200000859797,0.02399629298646281,True,13105.777777777777,0.75,0.04303562155298883,55.07229999057017,1,False,7372
5,joint_no_history,22,FR,node,0.1,4.5553999952971935,0.007420282104418745,True,14848.0,0.25,0.06806717094243836,4.489900020416826,1,False,3712
5,joint_no_history,22,FR,edge,0.1,57.55890000727959,0.02399629298646281,True,13105.777777777777,0.75,0.04303562155298883,57.52030000439845,1,False,7372
5,joint_no_history,23,DE,node,0.1,4.598700004862621,0.0045662100456621,True,9900.0,0.25,0.08335930453362937,4.553499980829656,1,False,2475
5,joint_no_history,23,DE,edge,0.1,39.620299998205155,0.026839628931177036,True,5676.444444444444,0.75,0.06539149760679788,39.58360000979155,1,False,3193
5,joint_no_history,24,DE,node,0.1,4.14259999524802,0.0045662100456621,True,9900.0,0.25,0.08335930453362937,4.112299997359514,1,False,2475
5,joint_no_history,24,DE,edge,0.1,21.747399994637817,0.026839628931177036,True,5676.444444444444,0.75,0.06539149760679788,21.718400006648153,1,False,3193
5,joint_no_history,25,FR,node,0.1,4.661400016630068,0.007420282104418745,True,14848.0,0.25,0.06806717094243836,4.636700003175065,1,False,3712
5,joint_no_history,25,FR,edge,0.1,64.53050000709482,0.02399629298646281,True,13105.777777777777,0.75,0.04303562155298883,64.49449999490753,1,False,7372
5,joint_no_history,26,FR,node,0.1,7.04510000650771,0.007420282104418745,True,14848.0,0.25,0.06806717094243836,6.986399996094406,1,False,3712
5,joint_no_history,26,FR,edge,0.1,52.949000004446134,0.02399629298646281,True,13105.777777777777,0.75,0.04303562155298883,52.90209999657236,1,False,7372
5,joint_no_history,27,DE,node,0.1,5.007100000511855,0.0045662100456621,True,9900.0,0.25,0.08335930453362937,4.976199998054653,1,False,2475
5,joint_no_history,27,DE,edge,0.1,20.835300005273893,0.026839628931177036,True,5676.444444444444,0.75,0.06539149760679788,20.78970000729896,1,False,3193
5,joint_no_history,28,FR,node,0.1,5.556999996770173,0.007420282104418745,True,14848.0,0.25,0.06806717094243836,5.526499997358769,1,False,3712
5,joint_no_history,28,FR,edge,0.1,21.47119998699054,0.02399629298646281,True,13105.777777777777,0.75,0.04303562155298883,21.43440002691932,1,False,7372
5,joint_no_history,29,FR,node,0.1,5.0718999991659075,0.007420282104418745,True,14848.0,0.25,0.06806717094243836,5.043499986641109,1,False,3712
5,joint_no_history,29,FR,edge,0.1,20.03900002455339,0.02399629298646281,True,13105.777777777777,0.75,0.04303562155298883,20.001099997898564,1,False,7372
5,joint_no_history,30,DE,node,0.2,4.078300000401214,0.03737527481819707,True,9486.666666666668,0.15,0.14193276874121677,4.051799973240122,1,False,1423
5,joint_no_history,30,DE,edge,0.2,29.590200021630153,0.0006402698229987593,True,5836.734693877552,0.35,0.1932998970525419,29.55339997424744,2,False,715
5,joint_no_history,31,DE,node,0.2,2.3658999998588115,0.03737527481819707,True,9486.666666666668,0.15,0.14193276874121677,2.2557999764103442,1,False,1423
5,joint_no_history,31,DE,edge,0.2,20.343000011052936,0.0006402698229987593,True,5836.734693877552,0.35,0.1932998970525419,20.30389997526072,2,False,715
5,joint_no_history,32,DE,node,0.2,2.3412999871652573,0.03737527481819707,True,9486.666666666668,0.15,0.14193276874121677,2.3050000017974526,1,False,1423
5,joint_no_history,32,DE,edge,0.2,15.135800000280142,0.0006402698229987593,True,5836.734693877552,0.35,0.1932998970525419,15.091400011442602,2,False,715
5,joint_no_history,33,FR,node,0.2,1.3818999868817627,0.0275642311206185,True,14546.666666666668,0.15,0.11461929997651378,1.358200010145083,1,False,2182
5,joint_no_history,33,FR,edge,0.2,9.441600006539375,0.0420017873100983,True,12864.0,0.25,0.15298606358817138,9.408599988091737,1,False,804
5,joint_no_history,34,FR,node,0.2,1.439199986634776,0.0275642311206185,True,14546.666666666668,0.15,0.11461929997651378,1.4161000144667923,1,False,2182
5,joint_no_history,34,FR,edge,0.2,14.514199981931597,0.0420017873100983,True,12864.0,0.25,0.15298606358817138,14.478700002655387,1,False,804
5,joint_no_history,35,FR,node,0.2,4.748700011987239,0.0275642311206185,True,14546.666666666668,0.15,0.11461929997651378,4.6916000137571245,1,False,2182
5,joint_no_history,35,FR,edge,0.2,22.28199999080971,0.0420017873100983,True,12864.0,0.25,0.15298606358817138,22.224699991056696,1,False,804
5,joint_no_history,36,DE,node,0.2,2.15419998858124,0.03737527481819707,True,9486.666666666668,0.15,0.14193276874121677,2.121199999237433,1,False,1423
5,joint_no_history,36,DE,edge,0.2,36.12350000184961,0.0006402698229987593,True,5836.734693877552,0.35,0.1932998970525419,36.066100001335144,2,False,715
5,joint_no_history,37,DE,node,0.2,7.448699994711205,0.03737527481819707,True,9486.666666666668,0.15,0.14193276874121677,7.380700000794604,1,False,1423
5,joint_no_history,37,DE,edge,0.2,35.70909998961724,0.0006402698229987593,True,5836.734693877552,0.35,0.1932998970525419,35.6311000068672,2,False,715
5,joint_no_history,38,DE,node,0.2,3.1538000039290637,0.03737527481819707,True,9486.666666666668,0.15,0.14193276874121677,3.0962000018917024,1,False,1423
5,joint_no_history,38,DE,edge,0.2,32.14090000255965,0.0006402698229987593,True,5836.734693877552,0.35,0.1932998970525419,32.052199996542186,2,False,715
5,joint_no_history,39,DE,node,0.2,2.4147999938577414,0.03737527481819707,True,9486.666666666668,0.15,0.14193276874121677,2.38540000282228,1,False,1423
5,joint_no_history,39,DE,edge,0.2,36.78530000615865,0.0006402698229987593,True,5836.734693877552,0.35,0.1932998970525419,36.72779997577891,2,False,715
5,joint_no_history,40,FR,node,0.05,2.6037000061478466,0.004077812688014026,True,15020.000000000002,0.35,0.043536610731557075,2.5741000135894865,1,False,5257
5,joint_no_history,40,FR,edge,0.05,80.74950001901016,0.0,True,13428.0,1.0,0.0,80.71449998533353,1,True,13428
5,joint_no_history,41,DE,node,0.05,9.481799992499873,0.00030441400304414006,True,9858.0,0.5,0.035752645979987896,9.415799984708428,2,False,4929
5,joint_no_history,41,DE,edge,0.05,52.24150000140071,0.0,True,5833.0,1.0,0.0,52.20579999149777,1,True,5833
5,joint_no_history,42,DE,node,0.05,8.079999999608845,0.00030441400304414006,True,9858.0,0.5,0.035752645979987896,8.01860002684407,2,False,4929
5,joint_no_history,42,DE,edge,0.05,40.79870000714436,0.0,True,5833.0,1.0,0.0,40.75740001280792,1,True,5833
5,joint_no_history,43,DE,node,0.05,5.724200018448755,0.00030441400304414006,True,9858.0,0.5,0.035752645979987896,5.692599981557578,2,False,4929
5,joint_no_history,43,DE,edge,0.05,28.51210001972504,0.0,True,5833.0,1.0,0.0,28.477100015152246,1,True,5833
5,joint_no_history,44,DE,node,0.05,7.394999993266538,0.00030441400304414006,True,9858.0,0.5,0.035752645979987896,7.342299999436364,2,False,4929
5,joint_no_history,44,DE,edge,0.05,44.16859999764711,0.0,True,5833.0,1.0,0.0,44.121400016592816,1,True,5833
5,joint_no_history,45,FR,node,0.05,4.023200017400086,0.004077812688014026,True,15020.000000000002,0.35,0.043536610731557075,3.9631999970879406,1,False,5257
5,joint_no_history,45,FR,edge,0.05,73.60319999861531,0.0,True,13428.0,1.0,0.0,73.53009999496862,1,True,13428
5,joint_no_history,46,FR,node,0.05,4.359500017017126,0.004077812688014026,True,15020.000000000002,0.35,0.043536610731557075,4.3215999903623015,1,False,5257
5,joint_no_history,46,FR,edge,0.05,44.490300002507865,0.0,True,13428.0,1.0,0.0,44.44659998989664,1,True,13428
5,joint_no_history,47,FR,node,0.05,4.762900003697723,0.004077812688014026,True,15020.000000000002,0.35,0.043536610731557075,4.726699989987537,1,False,5257
5,joint_no_history,47,FR,edge,0.05,80.24360000854358,0.0,True,13428.0,1.0,0.0,80.18570000422187,1,True,13428
5,joint_no_history,48,DE,node,0.05,8.047499984968454,0.00030441400304414006,True,9858.0,0.5,0.035752645979987896,7.989900012034923,2,False,4929
5,joint_no_history,48,DE,edge,0.05,29.470000008586794,0.0,True,5833.0,1.0,0.0,29.42020000773482,1,True,5833
5,joint_no_history,49,FR,node,0.05,3.6151999956928194,0.004077812688014026,True,15020.000000000002,0.35,0.043536610731557075,3.573499998310581,1,False,5257
5,joint_no_history,49,FR,edge,0.05,45.899199991254136,0.0,True,13428.0,1.0,0.0,45.865399995818734,1,True,13428
5,joint_no_history,50,DE,node,0.2,3.1042000045999885,0.03737527481819707,True,9486.666666666668,0.15,0.14193276874121677,3.0698000045958906,1,False,1423
5,joint_no_history,50,DE,edge,0.2,19.23000000533648,0.0006402698229987593,True,5836.734693877552,0.35,0.1932998970525419,19.187199999578297,2,False,715
5,joint_no_history,51,FR,node,0.2,3.2047000131569803,0.0275642311206185,True,14546.666666666668,0.15,0.11461929997651378,3.1362000154331326,1,False,2182
5,joint_no_history,51,FR,edge,0.2,13.752500002738088,0.0420017873100983,True,12864.0,0.25,0.15298606358817138,13.720299990382046,1,False,804
5,joint_no_history,52,DE,node,0.2,1.7590000061318278,0.03737527481819707,True,9486.666666666668,0.15,0.14193276874121677,1.7303000204265118,1,False,1423
5,joint_no_history,52,DE,edge,0.2,32.42529998533428,0.0006402698229987593,True,5836.734693877552,0.35,0.1932998970525419,32.37020000233315,2,False,715
5,joint_no_history,53,DE,node,0.2,3.5973000049125403,0.03737527481819707,True,9486.666666666668,0.15,0.14193276874121677,3.557599993655458,1,False,1423
5,joint_no_history,53,DE,edge,0.2,30.171899998094887,0.0006402698229987593,True,5836.734693877552,0.35,0.1932998970525419,30.138000001898035,2,False,715
5,joint_no_history,54,DE,node,0.2,2.8812999953515828,0.03737527481819707,True,9486.666666666668,0.15,0.14193276874121677,2.849699987564236,1,False,1423
5,joint_no_history,54,DE,edge,0.2,19.215199979953468,0.0006402698229987593,True,5836.734693877552,0.35,0.1932998970525419,19.176100002368912,2,False,715
5,joint_no_history,55,FR,node,0.2,2.9159999976400286,0.0275642311206185,True,14546.666666666668,0.15,0.11461929997651378,2.885900001274422,1,False,2182
5,joint_no_history,55,FR,edge,0.2,12.686699978075922,0.0420017873100983,True,12864.0,0.25,0.15298606358817138,12.663100002100691,1,False,804
5,joint_no_history,56,DE,node,0.2,4.046799993375316,0.03737527481819707,True,9486.666666666668,0.15,0.14193276874121677,4.0188000130001456,1,False,1423
5,joint_no_history,56,DE,edge,0.2,16.954700025962666,0.0006402698229987593,True,5836.734693877552,0.35,0.1932998970525419,16.90980000421405,2,False,715
5,joint_no_history,57,FR,node,0.2,1.83269998524338,0.0275642311206185,True,14546.666666666668,0.15,0.11461929997651378,1.8118000007234514,1,False,2182
5,joint_no_history,57,FR,edge,0.2,14.503199985483661,0.0420017873100983,True,12864.0,0.25,0.15298606358817138,14.467399974819273,1,False,804
5,joint_no_history,58,FR,node,0.2,2.679199998965487,0.0275642311206185,True,14546.666666666668,0.15,0.11461929997651378,2.6448999997228384,1,False,2182
5,joint_no_history,58,FR,edge,0.2,11.49730000179261,0.0420017873100983,True,12864.0,0.25,0.15298606358817138,11.462000024039298,1,False,804
5,joint_no_history,59,FR,node,0.2,2.707299980102107,0.0275642311206185,True,14546.666666666668,0.15,0.11461929997651378,2.6703000185079873,1,False,2182
5,joint_no_history,59,FR,edge,0.2,13.611799979116768,0.0420017873100983,True,12864.0,0.25,0.15298606358817138,13.576600002124906,1,False,804
5,exact,0,DE,node,0.2,4.366600012872368,0.0,True,9855,1,0.0,4.359799990197644,1,False,9855
5,exact,0,DE,edge,0.2,23.54289998766035,0.0,True,5833,1,0.0,23.534500011010095,1,False,5833
5,exact,1,FR,node,0.2,6.0221000167075545,0.0,True,14959,1,0.0,6.016300001647323,1,False,14959
5,exact,1,FR,edge,0.2,39.50390001409687,0.0,True,13428,1,0.0,39.49519997695461,1,False,13428
5,exact,2,FR,node,0.2,4.105300002265722,0.0,True,14959,1,0.0,4.100500023923814,1,False,14959
5,exact,2,FR,edge,0.2,39.76300000795163,0.0,True,13428,1,0.0,39.7573999944143,1,False,13428
5,exact,3,FR,node,0.2,6.932699994649738,0.0,True,14959,1,0.0,6.926000001840293,1,False,14959
5,exact,3,FR,edge,0.2,41.69099999126047,0.0,True,13428,1,0.0,41.68329999083653,1,False,13428
5,exact,4,FR,node,0.2,4.584800015436485,0.0,True,14959,1,0.0,4.576999985147268,1,False,14959
5,exact,4,FR,edge,0.2,44.41239999141544,0.0,True,13428,1,0.0,44.406000000890344,1,False,13428
5,exact,5,DE,node,0.2,5.225300003075972,0.0,True,9855,1,0.0,5.220399994868785,1,False,9855
5,exact,5,DE,edge,0.2,31.57739999005571,0.0,True,5833,1,0.0,31.572599982609972,1,False,5833
5,exact,6,DE,node,0.2,5.178899999009445,0.0,True,9855,1,0.0,5.173299985472113,1,False,9855
5,exact,6,DE,edge,0.2,31.00679998169653,0.0,True,5833,1,0.0,31.002300005638972,1,False,5833
5,exact,7,DE,node,0.2,4.774899978656322,0.0,True,9855,1,0.0,4.7710000071674585,1,False,9855
5,exact,7,DE,edge,0.2,33.18779999972321,0.0,True,5833,1,0.0,33.184300002176315,1,False,5833
5,exact,8,DE,node,0.2,5.487199989147484,0.0,True,9855,1,0.0,5.482900014612824,1,False,9855
5,exact,8,DE,edge,0.2,30.796200007898733,0.0,True,5833,1,0.0,30.79089999664575,1,False,5833
5,exact,9,DE,node,0.2,3.435000020544976,0.0,True,9855,1,0.0,3.4309999900870025,1,False,9855
5,exact,9,DE,edge,0.2,22.680099995341152,0.0,True,5833,1,0.0,22.67169998958707,1,False,5833
5,exact,10,FR,node,0.05,4.461700009414926,0.0,True,14959,1,0.0,4.456999973626807,1,False,14959
5,exact,10,FR,edge,0.05,37.02049999265,0.0,True,13428,1,0.0,37.01349999755621,1,False,13428
5,exact,11,DE,node,0.05,3.456999984337017,0.0,True,9855,1,0.0,3.453500015893951,1,False,9855
5,exact,11,DE,edge,0.05,27.83320000162348,0.0,True,5833,1,0.0,27.824799995869398,1,False,5833
5,exact,12,DE,node,0.05,4.846199997700751,0.0,True,9855,1,0.0,4.836700012674555,1,False,9855
5,exact,12,DE,edge,0.05,42.424899991601706,0.0,True,5833,1,0.0,42.42009998415597,1,False,5833
5,exact,13,FR,node,0.05,4.812400002265349,0.0,True,14959,1,0.0,4.803899995749816,1,False,14959
5,exact,13,FR,edge,0.05,80.74060000944883,0.0,True,13428,1,0.0,80.7347999943886,1,False,13428
5,exact,14,FR,node,0.05,5.933599983109161,0.0,True,14959,1,0.0,5.927999998675659,1,False,14959
5,exact,14,FR,edge,0.05,48.395699996035546,0.0,True,13428,1,0.0,48.386900016339496,1,False,13428
5,exact,15,FR,node,0.05,6.000699999276549,0.0,True,14959,1,0.0,5.995300016365945,1,False,14959
5,exact,15,FR,edge,0.05,71.38800001121126,0.0,True,13428,1,0.0,71.38459998532198,1,False,13428
5,exact,16,DE,node,0.05,4.9607000255491585,0.0,True,9855,1,0.0,4.951399983838201,1,False,9855
5,exact,16,DE,edge,0.05,48.535199981415644,0.0,True,5833,1,0.0,48.52820001542568,1,False,5833
5,exact,17,FR,node,0.05,5.810100003145635,0.0,True,14959,1,0.0,5.804100015666336,1,False,14959
5,exact,17,FR,edge,0.05,77.67560001229867,0.0,True,13428,1,0.0,77.66720000654459,1,False,13428
5,exact,18,DE,node,0.05,10.40100000682287,0.0,True,9855,1,0.0,10.391499992692843,1,False,9855
5,exact,18,DE,edge,0.05,47.619499993743375,0.0,True,5833,1,0.0,47.60890000034124,1,False,5833
5,exact,19,FR,node,0.05,6.581999972695485,0.0,True,14959,1,0.0,6.575600011274219,1,False,14959
5,exact,19,FR,edge,0.05,55.759499984560534,0.0,True,13428,1,0.0,55.750499974237755,1,False,13428
5,exact,20,FR,node,0.1,9.205799986375496,0.0,True,14959,1,0.0,9.196600003633648,1,False,14959
5,exact,20,FR,edge,0.1,57.934300013585016,0.0,True,13428,1,0.0,57.928499998524785,1,False,13428
5,exact,21,FR,node,0.1,4.855000006500632,0.0,True,14959,1,0.0,4.850600002100691,1,False,14959
5,exact,21,FR,edge,0.1,42.43179998593405,0.0,True,13428,1,0.0,42.426300002261996,1,False,13428
5,exact,22,FR,node,0.1,5.1691999833565205,0.0,True,14959,1,0.0,5.165400012629107,1,False,14959
5,exact,22,FR,edge,0.1,42.5935999955982,0.0,True,13428,1,0.0,42.589299991959706,1,False,13428
5,exact,23,DE,node,0.1,5.386300006648526,0.0,True,9855,1,0.0,5.3804999915882945,1,False,9855
5,exact,23,DE,edge,0.1,27.55929998238571,0.0,True,5833,1,0.0,27.55349999642931,1,False,5833
5,exact,24,DE,node,0.1,4.5239000173751265,0.0,True,9855,1,0.0,4.516799992416054,1,False,9855
5,exact,24,DE,edge,0.1,30.40570000302978,0.0,True,5833,1,0.0,30.400099989492446,1,False,5833
5,exact,25,FR,node,0.1,3.7631999875884503,0.0,True,14959,1,0.0,3.756899997824803,1,False,14959
5,exact,25,FR,edge,0.1,63.459400000283495,0.0,True,13428,1,0.0,63.45159999909811,1,False,13428
5,exact,26,FR,node,0.1,10.56689998949878,0.0,True,14959,1,0.0,10.558899986790493,1,False,14959
5,exact,26,FR,edge,0.1,71.66960000176914,0.0,True,13428,1,0.0,71.66060002055019,1,False,13428
5,exact,27,DE,node,0.1,8.147599990479648,0.0,True,9855,1,0.0,8.136199990985915,1,False,9855
5,exact,27,DE,edge,0.1,45.456499996362254,0.0,True,5833,1,0.0,45.445800002198666,1,False,5833
5,exact,28,FR,node,0.1,7.435200008330867,0.0,True,14959,1,0.0,7.427799981087446,1,False,14959
5,exact,28,FR,edge,0.1,67.5172999908682,0.0,True,13428,1,0.0,67.5100999942515,1,False,13428
5,exact,29,FR,node,0.1,6.739600008586422,0.0,True,14959,1,0.0,6.73389999428764,1,False,14959
5,exact,29,FR,edge,0.1,40.35889997612685,0.0,True,13428,1,0.0,40.35170000861399,1,False,13428
5,exact,30,DE,node,0.2,6.278399989241734,0.0,True,9855,1,0.0,6.271200021728873,1,False,9855
5,exact,30,DE,edge,0.2,23.275099985767156,0.0,True,5833,1,0.0,23.26990000437945,1,False,5833
5,exact,31,DE,node,0.2,2.277799998410046,0.0,True,9855,1,0.0,2.273799997055903,1,False,9855
5,exact,31,DE,edge,0.2,24.05069998349063,0.0,True,5833,1,0.0,24.046699982136488,1,False,5833
5,exact,32,DE,node,0.2,2.901100000599399,0.0,True,9855,1,0.0,2.895599987823516,1,False,9855
5,exact,32,DE,edge,0.2,29.557300003943965,0.0,True,5833,1,0.0,29.55219999421388,1,False,5833
5,exact,33,FR,node,0.2,4.751599975861609,0.0,True,14959,1,0.0,4.744500009110197,1,False,14959
5,exact,33,FR,edge,0.2,72.81119999242947,0.0,True,13428,1,0.0,72.80500000342727,1,False,13428
5,exact,34,FR,node,0.2,7.714199979091063,0.0,True,14959,1,0.0,7.706800010055304,1,False,14959
5,exact,34,FR,edge,0.2,38.790799997514114,0.0,True,13428,1,0.0,38.78079997957684,1,False,13428
5,exact,35,FR,node,0.2,9.080400021048263,0.0,True,14959,1,0.0,9.074000001419336,1,False,14959
5,exact,35,FR,edge,0.2,68.1664000148885,0.0,True,13428,1,0.0,68.16199998138472,1,False,13428
5,exact,36,DE,node,0.2,4.105700005311519,0.0,True,9855,1,0.0,4.098900011740625,1,False,9855
5,exact,36,DE,edge,0.2,26.185599999735132,0.0,True,5833,1,0.0,26.18139999685809,1,False,5833
5,exact,37,DE,node,0.2,2.826699987053871,0.0,True,9855,1,0.0,2.820499998051673,1,False,9855
5,exact,37,DE,edge,0.2,35.30049999244511,0.0,True,5833,1,0.0,35.29220001655631,1,False,5833
5,exact,38,DE,node,0.2,7.2647999913897365,0.0,True,9855,1,0.0,7.254100026329979,1,False,9855
5,exact,38,DE,edge,0.2,53.69519998203032,0.0,True,5833,1,0.0,53.68480001925491,1,False,5833
5,exact,39,DE,node,0.2,7.057500013615936,0.0,True,9855,1,0.0,7.050800020806491,1,False,9855
5,exact,39,DE,edge,0.2,40.46699998434633,0.0,True,5833,1,0.0,40.457499999320135,1,False,5833
5,exact,40,FR,node,0.05,5.98859999445267,0.0,True,14959,1,0.0,5.97830000333488,1,False,14959
5,exact,40,FR,edge,0.05,60.79800002044067,0.0,True,13428,1,0.0,60.79059999319725,1,False,13428
5,exact,41,DE,node,0.05,5.389199999626726,0.0,True,9855,1,0.0,5.3810999961569905,1,False,9855
5,exact,41,DE,edge,0.05,33.025499986251816,0.0,True,5833,1,0.0,33.015400025760755,1,False,5833
5,exact,42,DE,node,0.05,6.3427000131923705,0.0,True,9855,1,0.0,6.336400023428723,1,False,9855
5,exact,42,DE,edge,0.05,49.60139998001978,0.0,True,5833,1,0.0,49.597600009292364,1,False,5833
5,exact,43,DE,node,0.05,6.096599972806871,0.0,True,9855,1,0.0,6.091299990657717,1,False,9855
5,exact,43,DE,edge,0.05,38.356399978511035,0.0,True,5833,1,0.0,38.35260000778362,1,False,5833
5,exact,44,DE,node,0.05,3.5726000205613673,0.0,True,9855,1,0.0,3.5687999916262925,1,False,9855
5,exact,44,DE,edge,0.05,36.02689999388531,0.0,True,5833,1,0.0,36.02229998796247,1,False,5833
5,exact,45,FR,node,0.05,2.9304999916348606,0.0,True,14959,1,0.0,2.9255999834276736,1,False,14959
5,exact,45,FR,edge,0.05,54.72740001277998,0.0,True,13428,1,0.0,54.717899998649955,1,False,13428
5,exact,46,FR,node,0.05,11.582500010263175,0.0,True,14959,1,0.0,11.570399976335466,1,False,14959
5,exact,46,FR,edge,0.05,91.16159999393858,0.0,True,13428,1,0.0,91.1504999967292,1,False,13428
5,exact,47,FR,node,0.05,8.660699997562915,0.0,True,14959,1,0.0,8.651300013298169,1,False,14959
5,exact,47,FR,edge,0.05,82.2887999820523,0.0,True,13428,1,0.0,82.28040000540204,1,False,13428
5,exact,48,DE,node,0.05,7.528499991167337,0.0,True,9855,1,0.0,7.519900012994185,1,False,9855
5,exact,48,DE,edge,0.05,34.655399998882785,0.0,True,5833,1,0.0,34.64910000911914,1,False,5833
5,exact,49,FR,node,0.05,7.5382000068202615,0.0,True,14959,1,0.0,7.5345000077504665,1,False,14959
5,exact,49,FR,edge,0.05,74.42250000895001,0.0,True,13428,1,0.0,74.41850000759587,1,False,13428
5,exact,50,DE,node,0.2,4.709900007583201,0.0,True,9855,1,0.0,4.702099977293983,1,False,9855
5,exact,50,DE,edge,0.2,40.35470000235364,0.0,True,5833,1,0.0,40.34419998060912,1,False,5833
5,exact,51,FR,node,0.2,6.48350000847131,0.0,True,14959,1,0.0,6.473599991295487,1,False,14959
5,exact,51,FR,edge,0.2,72.38659998984076,0.0,True,13428,1,0.0,72.37719997647218,1,False,13428
5,exact,52,DE,node,0.2,6.775600020773709,0.0,True,9855,1,0.0,6.767199985915795,1,False,9855
5,exact,52,DE,edge,0.2,35.58970001176931,0.0,True,5833,1,0.0,35.57830001227558,1,False,5833
5,exact,53,DE,node,0.2,7.463799993274733,0.0,True,9855,1,0.0,7.457400002749637,1,False,9855
5,exact,53,DE,edge,0.2,42.970200011041015,0.0,True,5833,1,0.0,42.961400002241135,1,False,5833
5,exact,54,DE,node,0.2,6.068999995477498,0.0,True,9855,1,0.0,6.0609999927692115,1,False,9855
5,exact,54,DE,edge,0.2,41.69870002078824,0.0,True,5833,1,0.0,41.69109999202192,1,False,5833
5,exact,55,FR,node,0.2,6.935199984582141,0.0,True,14959,1,0.0,6.926600006408989,1,False,14959
5,exact,55,FR,edge,0.2,64.5481999963522,0.0,True,13428,1,0.0,64.538700011326,1,False,13428
5,exact,56,DE,node,0.2,5.318800016539171,0.0,True,9855,1,0.0,5.309200001647696,1,False,9855
5,exact,56,DE,edge,0.2,50.19670000183396,0.0,True,5833,1,0.0,50.19189999438822,1,False,5833
5,exact,57,FR,node,0.2,5.731200013542548,0.0,True,14959,1,0.0,5.722199974115938,1,False,14959
5,exact,57,FR,edge,0.2,70.56019999436103,0.0,True,13428,1,0.0,70.54919999791309,1,False,13428
5,exact,58,FR,node,0.2,8.885999995982274,0.0,True,14959,1,0.0,8.87779999175109,1,False,14959
5,exact,58,FR,edge,0.2,65.58910000603646,0.0,True,13428,1,0.0,65.57940001948737,1,False,13428
5,exact,59,FR,node,0.2,8.021600020583719,0.0,True,14959,1,0.0,8.013199985725805,1,False,14959
5,exact,59,FR,edge,0.2,74.31379999616183,0.0,True,13428,1,0.0,74.30659999954514,1,False,13428
5,no_history,0,DE,node,0.2,2.2114999883342534,0.03737527481819707,True,9486.666666666668,0.15,0.05194685647622666,2.173700020648539,1,False,1423
5,no_history,0,DE,edge,0.2,9.340399992652237,0.02623007028973084,True,5680.0,0.25,0.12464097165339731,9.302599995862693,1,False,355
5,no_history,1,FR,node,0.2,3.0063000158406794,0.0275642311206185,True,14546.666666666668,0.15,0.04195023022584409,2.945800020825118,1,False,2182
5,no_history,1,FR,edge,0.2,16.840600001160055,0.0420017873100983,True,12864.0,0.25,0.08282224112308961,16.80409998516552,1,False,804
5,no_history,2,FR,node,0.2,2.4716000189073384,0.0275642311206185,True,14546.666666666668,0.15,0.04195023022584409,2.4296999908983707,1,False,2182
5,no_history,2,FR,edge,0.2,19.599499995820224,0.0420017873100983,True,12864.0,0.25,0.08282224112308961,19.552000012481585,1,False,804
5,no_history,3,FR,node,0.2,5.707799980882555,0.0275642311206185,True,14546.666666666668,0.15,0.04195023022584409,5.656200024532154,1,False,2182
5,no_history,3,FR,edge,0.2,26.83059999253601,0.0420017873100983,True,12864.0,0.25,0.08282224112308961,26.791300013428554,1,False,804
5,no_history,4,FR,node,0.2,4.65970000368543,0.0275642311206185,True,14546.666666666668,0.15,0.04195023022584409,4.61369997356087,1,False,2182
5,no_history,4,FR,edge,0.2,20.021599979372695,0.0420017873100983,True,12864.0,0.25,0.08282224112308961,19.98959999764338,1,False,804
5,no_history,5,DE,node,0.2,1.4578999835066497,0.03737527481819707,True,9486.666666666668,0.15,0.05194685647622666,1.4322000206448138,1,False,1423
5,no_history,5,DE,edge,0.2,4.951399983838201,0.02623007028973084,True,5680.0,0.25,0.12464097165339731,4.933299991535023,1,False,355
5,no_history,6,DE,node,0.2,2.242099988507107,0.03737527481819707,True,9486.666666666668,0.15,0.05194685647622666,2.2243999992497265,1,False,1423
5,no_history,6,DE,edge,0.2,8.696699980646372,0.02623007028973084,True,5680.0,0.25,0.12464097165339731,8.675799996126443,1,False,355
5,no_history,7,DE,node,0.2,1.6934000013861805,0.03737527481819707,True,9486.666666666668,0.15,0.05194685647622666,1.66680000256747,1,False,1423
5,no_history,7,DE,edge,0.2,9.164599992800504,0.02623007028973084,True,5680.0,0.25,0.12464097165339731,9.128600009717047,1,False,355
5,no_history,8,DE,node,0.2,1.1306999949738383,0.03737527481819707,True,9486.666666666668,0.15,0.05194685647622666,1.1092000058852136,1,False,1423
5,no_history,8,DE,edge,0.2,7.386700017377734,0.02623007028973084,True,5680.0,0.25,0.12464097165339731,7.340000011026859,1,False,355
5,no_history,9,DE,node,0.2,2.0009000145364553,0.03737527481819707,True,9486.666666666668,0.15,0.05194685647622666,1.9662000122480094,1,False,1423
5,no_history,9,DE,edge,0.2,7.542499981354922,0.02623007028973084,True,5680.0,0.25,0.12464097165339731,7.515200006309897,1,False,355
5,no_history,10,FR,node,0.05,3.1293000211007893,0.0275642311206185,True,14546.666666666668,0.15,0.04195023022584409,3.0861999839544296,1,False,2182
5,no_history,10,FR,edge,0.05,66.24070001998916,0.02399629298646281,True,13105.777777777777,0.75,0.026607992875889296,66.1901000130456,1,False,7372
5,no_history,11,DE,node,0.05,9.388000005856156,0.0045662100456621,True,9900.0,0.25,0.03511519354579307,9.30740000330843,2,False,2475
5,no_history,11,DE,edge,0.05,51.54669997864403,0.026839628931177036,True,5676.444444444444,0.75,0.04043014692661203,51.50620001950301,1,False,3193
5,no_history,12,DE,node,0.05,7.7615000191144645,0.0045662100456621,True,9900.0,0.25,0.03511519354579307,7.699600013438612,2,False,2475
5,no_history,12,DE,edge,0.05,30.23360000224784,0.026839628931177036,True,5676.444444444444,0.75,0.04043014692661203,30.173799983458593,1,False,3193
5,no_history,13,FR,node,0.05,6.013899983372539,0.0275642311206185,True,14546.666666666668,0.15,0.04195023022584409,5.963099974906072,1,False,2182
5,no_history,13,FR,edge,0.05,46.69899999862537,0.02399629298646281,True,13105.777777777777,0.75,0.026607992875889296,46.6454999987036,1,False,7372
5,no_history,14,FR,node,0.05,4.229700018186122,0.0275642311206185,True,14546.666666666668,0.15,0.04195023022584409,4.195100016659126,1,False,2182
5,no_history,14,FR,edge,0.05,40.2790000080131,0.02399629298646281,True,13105.777777777777,0.75,0.026607992875889296,40.2472999994643,1,False,7372
5,no_history,15,FR,node,0.05,2.1664999949280173,0.0275642311206185,True,14546.666666666668,0.15,0.04195023022584409,2.1321999956853688,1,False,2182
5,no_history,15,FR,edge,0.05,33.824200014350936,0.02399629298646281,True,13105.777777777777,0.75,0.026607992875889296,33.78089997568168,1,False,7372
5,no_history,16,DE,node,0.05,3.2685999758541584,0.0045662100456621,True,9900.0,0.25,0.03511519354579307,3.240699996240437,2,False,2475
5,no_history,16,DE,edge,0.05,26.098799979081377,0.026839628931177036,True,5676.444444444444,0.75,0.04043014692661203,26.072900014696643,1,False,3193
5,no_history,17,FR,node,0.05,2.003600005991757,0.0275642311206185,True,14546.666666666668,0.15,0.04195023022584409,1.9764000026043504,1,False,2182
5,no_history,17,FR,edge,0.05,50.991600000998005,0.02399629298646281,True,13105.777777777777,0.75,0.026607992875889296,50.96600000979379,1,False,7372
5,no_history,18,DE,node,0.05,5.353299988200888,0.0045662100456621,True,9900.0,0.25,0.03511519354579307,5.313900008331984,2,False,2475
5,no_history,18,DE,edge,0.05,36.57049997127615,0.026839628931177036,True,5676.444444444444,0.75,0.04043014692661203,36.52140000485815,1,False,3193
5,no_history,19,FR,node,0.05,3.327499987790361,0.0275642311206185,True,14546.666666666668,0.15,0.04195023022584409,3.295499976957217,1,False,2182
5,no_history,19,FR,edge,0.05,61.37090001720935,0.02399629298646281,True,13105.777777777777,0.75,0.026607992875889296,61.33850000333041,1,False,7372
5,no_history,20,FR,node,0.1,4.5449000026565045,0.0275642311206185,True,14546.666666666668,0.15,0.04195023022584409,4.516499990131706,1,False,2182
5,no_history,20,FR,edge,0.1,33.22940002544783,0.02670630361170366,True,13069.387755102043,0.35,0.07853365551865385,33.206700027221814,1,False,1601
5,no_history,21,FR,node,0.1,2.208899997640401,0.0275642311206185,True,14546.666666666668,0.15,0.04195023022584409,2.183699980378151,1,False,2182
5,no_history,21,FR,edge,0.1,25.029899989021942,0.02670630361170366,True,13069.387755102043,0.35,0.07853365551865385,25.00940000754781,1,False,1601
5,no_history,22,FR,node,0.1,3.0818000086583197,0.0275642311206185,True,14546.666666666668,0.15,0.04195023022584409,3.058500005863607,1,False,2182
5,no_history,22,FR,edge,0.1,21.258500026306137,0.02670630361170366,True,13069.387755102043,0.35,0.07853365551865385,21.234999992884696,1,False,1601
5,no_history,23,DE,node,0.1,1.659100002143532,0.03737527481819707,True,9486.666666666668,0.15,0.05194685647622666,1.6317999979946762,1,False,1423
5,no_history,23,DE,edge,0.1,35.533899994334206,0.02074404251671524,True,5712.0,0.5,0.0657515392883205,35.482300008879974,2,False,1428
5,no_history,24,DE,node,0.1,5.414199986262247,0.03737527481819707,True,9486.666666666668,0.15,0.05194685647622666,5.362500000046566,1,False,1423
5,no_history,24,DE,edge,0.1,55.629300011787564,0.02074404251671524,True,5712.0,0.5,0.0657515392883205,55.56350000551902,2,False,1428
5,no_history,25,FR,node,0.1,2.3754999856464565,0.0275642311206185,True,14546.666666666668,0.15,0.04195023022584409,2.3096000077202916,1,False,2182
5,no_history,25,FR,edge,0.1,32.09029999561608,0.02670630361170366,True,13069.387755102043,0.35,0.07853365551865385,32.04710001591593,1,False,1601
5,no_history,26,FR,node,0.1,4.493100015679374,0.0275642311206185,True,14546.666666666668,0.15,0.04195023022584409,4.451499989954755,1,False,2182
5,no_history,26,FR,edge,0.1,37.833500013221055,0.02670630361170366,True,13069.387755102043,0.35,0.07853365551865385,37.79130001203157,1,False,1601
5,no_history,27,DE,node,0.1,3.8472999876830727,0.03737527481819707,True,9486.666666666668,0.15,0.05194685647622666,3.803600004175678,1,False,1423
5,no_history,27,DE,edge,0.1,50.680400017881766,0.02074404251671524,True,5712.0,0.5,0.0657515392883205,50.60529999900609,2,False,1428
5,no_history,28,FR,node,0.1,5.668500001775101,0.0275642311206185,True,14546.666666666668,0.15,0.04195023022584409,5.609200015896931,1,False,2182
5,no_history,28,FR,edge,0.1,38.522399991052225,0.02670630361170366,True,13069.387755102043,0.35,0.07853365551865385,38.47090000635944,1,False,1601
5,no_history,29,FR,node,0.1,4.706700012320653,0.0275642311206185,True,14546.666666666668,0.15,0.04195023022584409,4.660500009777024,1,False,2182
5,no_history,29,FR,edge,0.1,31.345800001872703,0.02670630361170366,True,13069.387755102043,0.35,0.07853365551865385,31.16849999059923,1,False,1601
5,no_history,30,DE,node,0.2,4.414199996972457,0.03737527481819707,True,9486.666666666668,0.15,0.05194685647622666,4.370000009657815,1,False,1423
5,no_history,30,DE,edge,0.2,16.365099989343435,0.02623007028973084,True,5680.0,0.25,0.12464097165339731,16.31860001361929,1,False,355
5,no_history,31,DE,node,0.2,2.5923999783117324,0.03737527481819707,True,9486.666666666668,0.15,0.05194685647622666,2.5501000054646283,1,False,1423
5,no_history,31,DE,edge,0.2,10.204299993347377,0.02623007028973084,True,5680.0,0.25,0.12464097165339731,10.158899996895343,1,False,355
5,no_history,32,DE,node,0.2,3.2352000125683844,0.03737527481819707,True,9486.666666666668,0.15,0.05194685647622666,3.1755000236444175,1,False,1423
5,no_history,32,DE,edge,0.2,12.64120000996627,0.02623007028973084,True,5680.0,0.25,0.12464097165339731,12.590199999976903,1,False,355
5,no_history,33,FR,node,0.2,2.1071000082883984,0.0275642311206185,True,14546.666666666668,0.15,0.04195023022584409,2.075799973681569,1,False,2182
5,no_history,33,FR,edge,0.2,10.214599984465167,0.0420017873100983,True,12864.0,0.25,0.08282224112308961,10.186500003328547,1,False,804
5,no_history,34,FR,node,0.2,1.8579000025056303,0.0275642311206185,True,14546.666666666668,0.15,0.04195023022584409,1.829899993026629,1,False,2182
5,no_history,34,FR,edge,0.2,13.427199999568984,0.0420017873100983,True,12864.0,0.25,0.08282224112308961,13.40100000379607,1,False,804
5,no_history,35,FR,node,0.2,1.916399982292205,0.0275642311206185,True,14546.666666666668,0.15,0.04195023022584409,1.883399992948398,1,False,2182
5,no_history,35,FR,edge,0.2,9.801100008189678,0.0420017873100983,True,12864.0,0.25,0.08282224112308961,9.681499999715015,1,False,804
5,no_history,36,DE,node,0.2,1.7456999921705574,0.03737527481819707,True,9486.666666666668,0.15,0.05194685647622666,1.7198999994434416,1,False,1423
5,no_history,36,DE,edge,0.2,5.33230000291951,0.02623007028973084,True,5680.0,0.25,0.12464097165339731,5.297900002915412,1,False,355
5,no_history,37,DE,node,0.2,1.1131000064779073,0.03737527481819707,True,9486.666666666668,0.15,0.05194685647622666,1.0884999937843531,1,False,1423
5,no_history,37,DE,edge,0.2,7.333199988352135,0.02623007028973084,True,5680.0,0.25,0.12464097165339731,7.30880000628531,1,False,355
5,no_history,38,DE,node,0.2,1.799300021957606,0.03737527481819707,True,9486.666666666668,0.15,0.05194685647622666,1.7743000062182546,1,False,1423
5,no_history,38,DE,edge,0.2,10.000999987823889,0.02623007028973084,True,5680.0,0.25,0.12464097165339731,9.981300012441352,1,False,355
5,no_history,39,DE,node,0.2,5.29820000519976,0.03737527481819707,True,9486.666666666668,0.15,0.05194685647622666,5.267600005026907,1,False,1423
5,no_history,39,DE,edge,0.2,16.663299989886582,0.02623007028973084,True,5680.0,0.25,0.12464097165339731,16.618000023299828,1,False,355
5,no_history,40,FR,node,0.05,6.954100012080744,0.0275642311206185,True,14546.666666666668,0.15,0.04195023022584409,6.912500015459955,1,False,2182
5,no_history,40,FR,edge,0.05,54.70959999365732,0.02399629298646281,True,13105.777777777777,0.75,0.026607992875889296,54.651400016155094,1,False,7372
5,no_history,41,DE,node,0.05,14.268400002038106,0.0045662100456621,True,9900.0,0.25,0.03511519354579307,14.192599977832288,2,False,2475
5,no_history,41,DE,edge,0.05,33.83410000242293,0.026839628931177036,True,5676.444444444444,0.75,0.04043014692661203,33.7913999974262,1,False,3193
5,no_history,42,DE,node,0.05,6.541600014315918,0.0045662100456621,True,9900.0,0.25,0.03511519354579307,6.501799973193556,2,False,2475
5,no_history,42,DE,edge,0.05,23.535900021670386,0.026839628931177036,True,5676.444444444444,0.75,0.04043014692661203,23.47600000211969,1,False,3193
5,no_history,43,DE,node,0.05,8.25249997433275,0.0045662100456621,True,9900.0,0.25,0.03511519354579307,8.18450000951998,2,False,2475
5,no_history,43,DE,edge,0.05,38.5320000059437,0.026839628931177036,True,5676.444444444444,0.75,0.04043014692661203,38.49249999620952,1,False,3193
5,no_history,44,DE,node,0.05,5.307500017806888,0.0045662100456621,True,9900.0,0.25,0.03511519354579307,5.260499980067834,2,False,2475
5,no_history,44,DE,edge,0.05,40.78560002380982,0.026839628931177036,True,5676.444444444444,0.75,0.04043014692661203,40.734700014581904,1,False,3193
5,no_history,45,FR,node,0.05,3.775699995458126,0.0275642311206185,True,14546.666666666668,0.15,0.04195023022584409,3.7382000009529293,1,False,2182
5,no_history,45,FR,edge,0.05,58.3489999989979,0.02399629298646281,True,13105.777777777777,0.75,0.026607992875889296,58.30309999873862,1,False,7372
5,no_history,46,FR,node,0.05,3.299100004369393,0.0275642311206185,True,14546.666666666668,0.15,0.04195023022584409,3.2531000033486634,1,False,2182
5,no_history,46,FR,edge,0.05,34.762099996441975,0.02399629298646281,True,13105.777777777777,0.75,0.026607992875889296,34.70640000887215,1,False,7372
5,no_history,47,FR,node,0.05,4.429799999343231,0.0275642311206185,True,14546.666666666668,0.15,0.04195023022584409,4.37370000872761,1,False,2182
5,no_history,47,FR,edge,0.05,24.46730001247488,0.02399629298646281,True,13105.777777777777,0.75,0.026607992875889296,24.439600005280226,1,False,7372
5,no_history,48,DE,node,0.05,5.118099972605705,0.0045662100456621,True,9900.0,0.25,0.03511519354579307,5.081600014818832,2,False,2475
5,no_history,48,DE,edge,0.05,26.103700016392395,0.026839628931177036,True,5676.444444444444,0.75,0.04043014692661203,26.06899998500012,1,False,3193
5,no_history,49,FR,node,0.05,1.602599979378283,0.0275642311206185,True,14546.666666666668,0.15,0.04195023022584409,1.5629999979864806,1,False,2182
5,no_history,49,FR,edge,0.05,32.64399999170564,0.02399629298646281,True,13105.777777777777,0.75,0.026607992875889296,32.61500000371598,1,False,7372
5,no_history,50,DE,node,0.2,2.1905000030528754,0.03737527481819707,True,9486.666666666668,0.15,0.05194685647622666,2.1561000030487776,1,False,1423
5,no_history,50,DE,edge,0.2,10.073800018290058,0.02623007028973084,True,5680.0,0.25,0.12464097165339731,10.047399991890416,1,False,355
5,no_history,51,FR,node,0.2,3.5279000003356487,0.0275642311206185,True,14546.666666666668,0.15,0.04195023022584409,3.4958999895025045,1,False,2182
5,no_history,51,FR,edge,0.2,16.679499996826053,0.0420017873100983,True,12864.0,0.25,0.08282224112308961,16.648400021949783,1,False,804
5,no_history,52,DE,node,0.2,2.0738000166602433,0.03737527481819707,True,9486.666666666668,0.15,0.05194685647622666,2.043500018771738,1,False,1423
5,no_history,52,DE,edge,0.2,7.546199980424717,0.02623007028973084,True,5680.0,0.25,0.12464097165339731,7.507699978305027,1,False,355
5,no_history,53,DE,node,0.2,1.8130000098608434,0.03737527481819707,True,9486.666666666668,0.15,0.05194685647622666,1.7865999834612012,1,False,1423
5,no_history,53,DE,edge,0.2,5.9012999990954995,0.02623007028973084,True,5680.0,0.25,0.12464097165339731,5.883899983018637,1,False,355
5,no_history,54,DE,node,0.2,1.0229999898001552,0.03737527481819707,True,9486.666666666668,0.15,0.05194685647622666,1.0044000227935612,1,False,1423
5,no_history,54,DE,edge,0.2,4.465400008484721,0.02623007028973084,True,5680.0,0.25,0.12464097165339731,4.445900005521253,1,False,355
5,no_history,55,FR,node,0.2,1.86390001908876,0.0275642311206185,True,14546.666666666668,0.15,0.04195023022584409,1.844200014602393,1,False,2182
5,no_history,55,FR,edge,0.2,9.69420000910759,0.0420017873100983,True,12864.0,0.25,0.08282224112308961,9.664900018833578,1,False,804
5,no_history,56,DE,node,0.2,1.370899990433827,0.03737527481819707,True,9486.666666666668,0.15,0.05194685647622666,1.343400013865903,1,False,1423
5,no_history,56,DE,edge,0.2,6.90869998652488,0.02623007028973084,True,5680.0,0.25,0.12464097165339731,6.880699977045879,1,False,355
5,no_history,57,FR,node,0.2,1.965500006917864,0.0275642311206185,True,14546.666666666668,0.15,0.04195023022584409,1.9356999837327749,1,False,2182
5,no_history,57,FR,edge,0.2,12.780099990777671,0.0420017873100983,True,12864.0,0.25,0.08282224112308961,12.745200016070157,1,False,804
5,no_history,58,FR,node,0.2,4.533100000116974,0.0275642311206185,True,14546.666666666668,0.15,0.04195023022584409,4.424899991136044,1,False,2182
5,no_history,58,FR,edge,0.2,25.414199975784868,0.0420017873100983,True,12864.0,0.25,0.08282224112308961,25.362499989569187,1,False,804
5,no_history,59,FR,node,0.2,4.709200002253056,0.0275642311206185,True,14546.666666666668,0.15,0.04195023022584409,4.651399998692796,1,False,2182
5,no_history,59,FR,edge,0.2,25.468400010140613,0.0420017873100983,True,12864.0,0.25,0.08282224112308961,25.40060001774691,1,False,804
